#-----------------------------------------------------------
# Vivado v2018.3 (64-bit)
# SW Build 2405991 on Thu Dec  6 23:36:41 MST 2018
# IP Build 2404404 on Fri Dec  7 01:43:56 MST 2018
# Start of session at: Mon Apr 20 10:34:34 2026
# Process ID: 18424
# Current directory: /scratch1/iot/gc2025/hw
# Command line: vivado -nojournal -log artybuild.log -notrace -mode tcl -source boards/nexys_video/tcl/run.tcl -tclargs 16
# Log file: /scratch1/iot/gc2025/hw/artybuild.log
# Journal file: 
#-----------------------------------------------------------
source boards/nexys_video/tcl/run.tcl -notrace

DEBUG: home_dir:          .
DEBUG: fpga_dir:          ./fpga_project
DEBUG: ip_project_dir:    ./fpga_project/manage_ip
DEBUG: core_project_dir:  ./fpga_project/c-class
Scanning sources...
Finished scanning sources
INFO: [IP_Flow 19-234] Refreshing IP repositories
INFO: [IP_Flow 19-1704] No user IP repositories specified
INFO: [IP_Flow 19-2313] Loaded Vivado IP repository '/home/vignesh/tools/hw_tools/Vivado/Vivado/2018.3/data/ip'.
INFO: [Vivado 12-4149] The synthesis checkpoint for IP '/scratch1/iot/gc2025/hw/fpga_project/c-class/c-class.srcs/sources_1/ip/clk_divider/clk_divider.xci' is already up-to-date
INFO: [Vivado 12-4149] The synthesis checkpoint for IP '/scratch1/iot/gc2025/hw/fpga_project/c-class/c-class.srcs/sources_1/ip/clk_converter/clk_converter.xci' is already up-to-date
INFO: [Vivado 12-4149] The synthesis checkpoint for IP '/scratch1/iot/gc2025/hw/fpga_project/c-class/c-class.srcs/sources_1/ip/proc_sys_reset_0/proc_sys_reset_0.xci' is already up-to-date
INFO: [Vivado 12-4149] The synthesis checkpoint for IP '/scratch1/iot/gc2025/hw/fpga_project/c-class/c-class.srcs/sources_1/ip/mig_ddr3/mig_ddr3.xci' is already up-to-date
[Mon Apr 20 10:34:48 2026] Launched core_synth_1...
Run output will be captured here: /scratch1/iot/gc2025/hw/fpga_project/c-class/c-class.runs/core_synth_1/runme.log
[Mon Apr 20 10:34:48 2026] Waiting for core_synth_1 to finish...

*** Running vivado
    with args -log fpga_top.vds -m64 -product Vivado -mode batch -messageDb vivado.pb -notrace -source fpga_top.tcl


****** Vivado v2018.3 (64-bit)
  **** SW Build 2405991 on Thu Dec  6 23:36:41 MST 2018
  **** IP Build 2404404 on Fri Dec  7 01:43:56 MST 2018
    ** Copyright 1986-2018 Xilinx, Inc. All Rights Reserved.

source fpga_top.tcl -notrace
Command: synth_design -top fpga_top -part xc7a200tsbg484-1 -verilog_define BSV_RESET_FIFO_HEAD -verilog_define BSV_RESET_FIFO_ARRAY -verilog_define BSV_ASYNC_RESET -verilog_define BUS_WIDTH32
Starting synth_design
Attempting to get a license for feature 'Synthesis' and/or device 'xc7a200t'
INFO: [Common 17-349] Got license for feature 'Synthesis' and/or device 'xc7a200t'
INFO: Launching helper process for spawning children vivado processes
INFO: Helper process launched with PID 18607 
---------------------------------------------------------------------------------
Starting RTL Elaboration : Time (s): cpu = 00:00:02 ; elapsed = 00:00:03 . Memory (MB): peak = 1500.953 ; gain = 113.898 ; free physical = 55394 ; free virtual = 59569
---------------------------------------------------------------------------------
INFO: [Synth 8-6157] synthesizing module 'fpga_top' [/scratch1/iot/gc2025/hw/fpga_top.v:30]
	Parameter AXI_ID_WIDTH bound to: 4 - type: integer 
	Parameter AXI_ADDR_WIDTH bound to: 30 - type: integer 
INFO: [Synth 8-6157] synthesizing module 'BSCANE2' [/home/vignesh/tools/hw_tools/Vivado/Vivado/2018.3/scripts/rt/data/unisim_comp.v:424]
	Parameter DISABLE_JTAG bound to: FALSE - type: string 
	Parameter JTAG_CHAIN bound to: 4 - type: integer 
INFO: [Synth 8-6155] done synthesizing module 'BSCANE2' (1#1) [/home/vignesh/tools/hw_tools/Vivado/Vivado/2018.3/scripts/rt/data/unisim_comp.v:424]
INFO: [Synth 8-6157] synthesizing module 'proc_sys_reset_0' [/scratch1/iot/gc2025/hw/fpga_project/c-class/c-class.runs/core_synth_1/.Xil/Vivado-18556-jarvis/realtime/proc_sys_reset_0_stub.v:6]
INFO: [Synth 8-6155] done synthesizing module 'proc_sys_reset_0' (2#1) [/scratch1/iot/gc2025/hw/fpga_project/c-class/c-class.runs/core_synth_1/.Xil/Vivado-18556-jarvis/realtime/proc_sys_reset_0_stub.v:6]
INFO: [Synth 8-6157] synthesizing module 'clk_divider' [/scratch1/iot/gc2025/hw/fpga_project/c-class/c-class.runs/core_synth_1/.Xil/Vivado-18556-jarvis/realtime/clk_divider_stub.v:5]
INFO: [Synth 8-6155] done synthesizing module 'clk_divider' (3#1) [/scratch1/iot/gc2025/hw/fpga_project/c-class/c-class.runs/core_synth_1/.Xil/Vivado-18556-jarvis/realtime/clk_divider_stub.v:5]
INFO: [Synth 8-6157] synthesizing module 'mig_ddr3' [/scratch1/iot/gc2025/hw/fpga_project/c-class/c-class.runs/core_synth_1/.Xil/Vivado-18556-jarvis/realtime/mig_ddr3_stub.v:5]
INFO: [Synth 8-6155] done synthesizing module 'mig_ddr3' (4#1) [/scratch1/iot/gc2025/hw/fpga_project/c-class/c-class.runs/core_synth_1/.Xil/Vivado-18556-jarvis/realtime/mig_ddr3_stub.v:5]
WARNING: [Synth 8-350] instance 'mig_ddr3' of module 'mig_ddr3' requires 66 connections, but only 65 given [/scratch1/iot/gc2025/hw/fpga_top.v:426]
INFO: [Synth 8-6157] synthesizing module 'clk_converter' [/scratch1/iot/gc2025/hw/fpga_project/c-class/c-class.runs/core_synth_1/.Xil/Vivado-18556-jarvis/realtime/clk_converter_stub.v:6]
INFO: [Synth 8-6155] done synthesizing module 'clk_converter' (5#1) [/scratch1/iot/gc2025/hw/fpga_project/c-class/c-class.runs/core_synth_1/.Xil/Vivado-18556-jarvis/realtime/clk_converter_stub.v:6]
INFO: [Synth 8-6157] synthesizing module 'cnn_axi_slave_wrapper' [/scratch1/iot/gc2025/hw/build/hw/verilog/cnn_axi_slave_wrapper.v:1]
	Parameter ADDR_WIDTH bound to: 32 - type: integer 
	Parameter DATA_WIDTH bound to: 32 - type: integer 
	Parameter MEM_DEPTH bound to: 16384 - type: integer 
INFO: [Synth 8-5534] Detected attribute (* ram_style = "block" *) [/scratch1/iot/gc2025/hw/build/hw/verilog/cnn_axi_slave_wrapper.v:73]
INFO: [Synth 8-5534] Detected attribute (* ram_style = "block" *) [/scratch1/iot/gc2025/hw/build/hw/verilog/cnn_axi_slave_wrapper.v:74]
INFO: [Synth 8-6157] synthesizing module 'cnn_accel' [/scratch1/iot/gc2025/hw/build/hw/verilog/cnn_accel.v:11]
	Parameter ap_ST_fsm_state1 bound to: 8'b00000001 
	Parameter ap_ST_fsm_state2 bound to: 8'b00000010 
	Parameter ap_ST_fsm_state3 bound to: 8'b00000100 
	Parameter ap_ST_fsm_state4 bound to: 8'b00001000 
	Parameter ap_ST_fsm_state5 bound to: 8'b00010000 
	Parameter ap_ST_fsm_state6 bound to: 8'b00100000 
	Parameter ap_ST_fsm_state7 bound to: 8'b01000000 
	Parameter ap_ST_fsm_state8 bound to: 8'b10000000 
	Parameter C_S_AXI_CONTROL_DATA_WIDTH bound to: 32 - type: integer 
	Parameter C_S_AXI_CONTROL_ADDR_WIDTH bound to: 5 - type: integer 
	Parameter C_S_AXI_DATA_WIDTH bound to: 32 - type: integer 
	Parameter C_S_AXI_CONTROL_WSTRB_WIDTH bound to: 4 - type: integer 
	Parameter C_S_AXI_WSTRB_WIDTH bound to: 4 - type: integer 
INFO: [Synth 8-5534] Detected attribute (* fsm_encoding = "none" *) [/scratch1/iot/gc2025/hw/build/hw/verilog/cnn_accel.v:82]
INFO: [Synth 8-6157] synthesizing module 'cnn_accel_tile_in_RAM_T2P_BRAM_1R1W' [/scratch1/iot/gc2025/hw/build/hw/verilog/cnn_accel_tile_in_RAM_T2P_BRAM_1R1W.v:7]
	Parameter DataWidth bound to: 8 - type: integer 
	Parameter AddressWidth bound to: 10 - type: integer 
	Parameter AddressRange bound to: 1024 - type: integer 
INFO: [Synth 8-5534] Detected attribute (* ram_style = "block" *) [/scratch1/iot/gc2025/hw/build/hw/verilog/cnn_accel_tile_in_RAM_T2P_BRAM_1R1W.v:28]
INFO: [Synth 8-6155] done synthesizing module 'cnn_accel_tile_in_RAM_T2P_BRAM_1R1W' (6#1) [/scratch1/iot/gc2025/hw/build/hw/verilog/cnn_accel_tile_in_RAM_T2P_BRAM_1R1W.v:7]
INFO: [Synth 8-6157] synthesizing module 'cnn_accel_cnn_accel_Pipeline_VITIS_LOOP_34_3_VITIS_LOOP_35_4' [/scratch1/iot/gc2025/hw/build/hw/verilog/cnn_accel_cnn_accel_Pipeline_VITIS_LOOP_34_3_VITIS_LOOP_35_4.v:9]
	Parameter ap_ST_fsm_pp0_stage0 bound to: 1'b1 
INFO: [Synth 8-5534] Detected attribute (* fsm_encoding = "none" *) [/scratch1/iot/gc2025/hw/build/hw/verilog/cnn_accel_cnn_accel_Pipeline_VITIS_LOOP_34_3_VITIS_LOOP_35_4.v:61]
INFO: [Synth 8-6157] synthesizing module 'cnn_accel_flow_control_loop_pipe_sequential_init' [/scratch1/iot/gc2025/hw/build/hw/verilog/cnn_accel_flow_control_loop_pipe_sequential_init.v:11]
INFO: [Synth 8-6155] done synthesizing module 'cnn_accel_flow_control_loop_pipe_sequential_init' (7#1) [/scratch1/iot/gc2025/hw/build/hw/verilog/cnn_accel_flow_control_loop_pipe_sequential_init.v:11]
INFO: [Synth 8-6155] done synthesizing module 'cnn_accel_cnn_accel_Pipeline_VITIS_LOOP_34_3_VITIS_LOOP_35_4' (8#1) [/scratch1/iot/gc2025/hw/build/hw/verilog/cnn_accel_cnn_accel_Pipeline_VITIS_LOOP_34_3_VITIS_LOOP_35_4.v:9]
INFO: [Synth 8-6157] synthesizing module 'cnn_accel_cnn_accel_Pipeline_VITIS_LOOP_52_5_VITIS_LOOP_53_6' [/scratch1/iot/gc2025/hw/build/hw/verilog/cnn_accel_cnn_accel_Pipeline_VITIS_LOOP_52_5_VITIS_LOOP_53_6.v:9]
	Parameter ap_ST_fsm_pp0_stage0 bound to: 1'b1 
INFO: [Synth 8-5534] Detected attribute (* fsm_encoding = "none" *) [/scratch1/iot/gc2025/hw/build/hw/verilog/cnn_accel_cnn_accel_Pipeline_VITIS_LOOP_52_5_VITIS_LOOP_53_6.v:55]
INFO: [Synth 8-6155] done synthesizing module 'cnn_accel_cnn_accel_Pipeline_VITIS_LOOP_52_5_VITIS_LOOP_53_6' (9#1) [/scratch1/iot/gc2025/hw/build/hw/verilog/cnn_accel_cnn_accel_Pipeline_VITIS_LOOP_52_5_VITIS_LOOP_53_6.v:9]
INFO: [Synth 8-6157] synthesizing module 'cnn_accel_cnn_accel_Pipeline_VITIS_LOOP_70_8_VITIS_LOOP_71_9' [/scratch1/iot/gc2025/hw/build/hw/verilog/cnn_accel_cnn_accel_Pipeline_VITIS_LOOP_70_8_VITIS_LOOP_71_9.v:9]
	Parameter ap_ST_fsm_pp0_stage0 bound to: 1'b1 
INFO: [Synth 8-5534] Detected attribute (* fsm_encoding = "none" *) [/scratch1/iot/gc2025/hw/build/hw/verilog/cnn_accel_cnn_accel_Pipeline_VITIS_LOOP_70_8_VITIS_LOOP_71_9.v:46]
INFO: [Synth 8-6155] done synthesizing module 'cnn_accel_cnn_accel_Pipeline_VITIS_LOOP_70_8_VITIS_LOOP_71_9' (10#1) [/scratch1/iot/gc2025/hw/build/hw/verilog/cnn_accel_cnn_accel_Pipeline_VITIS_LOOP_70_8_VITIS_LOOP_71_9.v:9]
INFO: [Synth 8-6157] synthesizing module 'cnn_accel_control_s_axi' [/scratch1/iot/gc2025/hw/build/hw/verilog/cnn_accel_control_s_axi.v:9]
	Parameter C_S_AXI_ADDR_WIDTH bound to: 5 - type: integer 
	Parameter C_S_AXI_DATA_WIDTH bound to: 32 - type: integer 
	Parameter ADDR_AP_CTRL bound to: 5'b00000 
	Parameter ADDR_GIE bound to: 5'b00100 
	Parameter ADDR_IER bound to: 5'b01000 
	Parameter ADDR_ISR bound to: 5'b01100 
	Parameter ADDR_SIZE_DATA_0 bound to: 5'b10000 
	Parameter ADDR_SIZE_CTRL bound to: 5'b10100 
	Parameter WRIDLE bound to: 2'b00 
	Parameter WRDATA bound to: 2'b01 
	Parameter WRRESP bound to: 2'b10 
	Parameter WRRESET bound to: 2'b11 
	Parameter RDIDLE bound to: 2'b00 
	Parameter RDDATA bound to: 2'b01 
	Parameter RDRESET bound to: 2'b10 
	Parameter ADDR_BITS bound to: 5 - type: integer 
INFO: [Synth 8-155] case statement is not full and has no default [/scratch1/iot/gc2025/hw/build/hw/verilog/cnn_accel_control_s_axi.v:204]
WARNING: [Synth 8-6014] Unused sequential element int_ap_done_reg was removed.  [/scratch1/iot/gc2025/hw/build/hw/verilog/cnn_accel_control_s_axi.v:265]
INFO: [Synth 8-6155] done synthesizing module 'cnn_accel_control_s_axi' (11#1) [/scratch1/iot/gc2025/hw/build/hw/verilog/cnn_accel_control_s_axi.v:9]
INFO: [Synth 8-6155] done synthesizing module 'cnn_accel' (12#1) [/scratch1/iot/gc2025/hw/build/hw/verilog/cnn_accel.v:11]
WARNING: [Synth 8-6014] Unused sequential element wlen_cnt_reg was removed.  [/scratch1/iot/gc2025/hw/build/hw/verilog/cnn_axi_slave_wrapper.v:102]
INFO: [Synth 8-4471] merging register 'S_AXI_WREADY_reg' into 'S_AXI_AWREADY_reg' [/scratch1/iot/gc2025/hw/build/hw/verilog/cnn_axi_slave_wrapper.v:180]
WARNING: [Synth 8-6014] Unused sequential element S_AXI_WREADY_reg was removed.  [/scratch1/iot/gc2025/hw/build/hw/verilog/cnn_axi_slave_wrapper.v:180]
INFO: [Synth 8-6155] done synthesizing module 'cnn_axi_slave_wrapper' (13#1) [/scratch1/iot/gc2025/hw/build/hw/verilog/cnn_axi_slave_wrapper.v:1]
INFO: [Synth 8-6157] synthesizing module 'mkDebugSoc' [/scratch1/iot/gc2025/hw/build/hw/verilog/mkDebugSoc.v:260]
INFO: [Synth 8-6157] synthesizing module 'mk_debug' [/scratch1/iot/gc2025/hw/build/hw/verilog/mk_debug.v:122]
INFO: [Synth 8-6157] synthesizing module 'ResetEither' [/scratch1/iot/gc2025/hw/build/hw/verilog/ResetEither.v:19]
INFO: [Synth 8-6155] done synthesizing module 'ResetEither' (14#1) [/scratch1/iot/gc2025/hw/build/hw/verilog/ResetEither.v:19]
INFO: [Synth 8-6157] synthesizing module 'MakeReset0' [/scratch1/iot/gc2025/hw/build/hw/verilog/MakeReset0.v:17]
	Parameter init bound to: 1'b1 
INFO: [Synth 8-6155] done synthesizing module 'MakeReset0' (15#1) [/scratch1/iot/gc2025/hw/build/hw/verilog/MakeReset0.v:17]
INFO: [Synth 8-6157] synthesizing module 'FIFO2' [/scratch1/iot/gc2025/hw/build/hw/verilog/FIFO2.v:28]
	Parameter width bound to: 52 - type: integer 
	Parameter guarded bound to: 1'b1 
INFO: [Synth 8-6155] done synthesizing module 'FIFO2' (16#1) [/scratch1/iot/gc2025/hw/build/hw/verilog/FIFO2.v:28]
INFO: [Synth 8-6157] synthesizing module 'FIFO2__parameterized0' [/scratch1/iot/gc2025/hw/build/hw/verilog/FIFO2.v:28]
	Parameter width bound to: 39 - type: integer 
	Parameter guarded bound to: 1'b1 
INFO: [Synth 8-6155] done synthesizing module 'FIFO2__parameterized0' (16#1) [/scratch1/iot/gc2025/hw/build/hw/verilog/FIFO2.v:28]
INFO: [Synth 8-6157] synthesizing module 'FIFO2__parameterized1' [/scratch1/iot/gc2025/hw/build/hw/verilog/FIFO2.v:28]
	Parameter width bound to: 41 - type: integer 
	Parameter guarded bound to: 1'b1 
INFO: [Synth 8-6155] done synthesizing module 'FIFO2__parameterized1' (16#1) [/scratch1/iot/gc2025/hw/build/hw/verilog/FIFO2.v:28]
INFO: [Synth 8-6157] synthesizing module 'FIFO2__parameterized2' [/scratch1/iot/gc2025/hw/build/hw/verilog/FIFO2.v:28]
	Parameter width bound to: 6 - type: integer 
	Parameter guarded bound to: 1'b1 
INFO: [Synth 8-6155] done synthesizing module 'FIFO2__parameterized2' (16#1) [/scratch1/iot/gc2025/hw/build/hw/verilog/FIFO2.v:28]
WARNING: [Synth 8-6014] Unused sequential element _unnamed__reg was removed.  [/scratch1/iot/gc2025/hw/build/hw/verilog/mk_debug.v:4445]
WARNING: [Synth 8-6014] Unused sequential element ackhavereset_reg was removed.  [/scratch1/iot/gc2025/hw/build/hw/verilog/mk_debug.v:4446]
WARNING: [Synth 8-6014] Unused sequential element ackunavail_reg was removed.  [/scratch1/iot/gc2025/hw/build/hw/verilog/mk_debug.v:4447]
WARNING: [Synth 8-6014] Unused sequential element clrresethaltreq_reg was removed.  [/scratch1/iot/gc2025/hw/build/hw/verilog/mk_debug.v:4451]
WARNING: [Synth 8-6014] Unused sequential element haltreq_reg was removed.  [/scratch1/iot/gc2025/hw/build/hw/verilog/mk_debug.v:4458]
WARNING: [Synth 8-6014] Unused sequential element resumereq_reg was removed.  [/scratch1/iot/gc2025/hw/build/hw/verilog/mk_debug.v:4467]
WARNING: [Synth 8-6014] Unused sequential element sbdata1_reg was removed.  [/scratch1/iot/gc2025/hw/build/hw/verilog/mk_debug.v:4479]
WARNING: [Synth 8-6014] Unused sequential element sbdata2_reg was removed.  [/scratch1/iot/gc2025/hw/build/hw/verilog/mk_debug.v:4480]
WARNING: [Synth 8-6014] Unused sequential element sbdata3_reg was removed.  [/scratch1/iot/gc2025/hw/build/hw/verilog/mk_debug.v:4481]
WARNING: [Synth 8-6014] Unused sequential element setresethaltreq_reg was removed.  [/scratch1/iot/gc2025/hw/build/hw/verilog/mk_debug.v:4485]
INFO: [Synth 8-6155] done synthesizing module 'mk_debug' (17#1) [/scratch1/iot/gc2025/hw/build/hw/verilog/mk_debug.v:122]
INFO: [Synth 8-6157] synthesizing module 'mkxilinxdtm' [/scratch1/iot/gc2025/hw/build/hw/verilog/mkxilinxdtm.v:43]
INFO: [Synth 8-6157] synthesizing module 'ClockInverter' [/scratch1/iot/gc2025/hw/build/hw/verilog/ClockInverter.v:7]
INFO: [Synth 8-6155] done synthesizing module 'ClockInverter' (18#1) [/scratch1/iot/gc2025/hw/build/hw/verilog/ClockInverter.v:7]
INFO: [Synth 8-6157] synthesizing module 'SyncReset0' [/scratch1/iot/gc2025/hw/build/hw/verilog/SyncReset0.v:17]
INFO: [Synth 8-6155] done synthesizing module 'SyncReset0' (19#1) [/scratch1/iot/gc2025/hw/build/hw/verilog/SyncReset0.v:17]
INFO: [Synth 8-6157] synthesizing module 'FIFO1' [/scratch1/iot/gc2025/hw/build/hw/verilog/FIFO1.v:28]
	Parameter width bound to: 40 - type: integer 
	Parameter guarded bound to: 1'b0 
INFO: [Synth 8-6155] done synthesizing module 'FIFO1' (20#1) [/scratch1/iot/gc2025/hw/build/hw/verilog/FIFO1.v:28]
INFO: [Synth 8-6157] synthesizing module 'FIFO1__parameterized0' [/scratch1/iot/gc2025/hw/build/hw/verilog/FIFO1.v:28]
	Parameter width bound to: 34 - type: integer 
	Parameter guarded bound to: 1'b0 
INFO: [Synth 8-6155] done synthesizing module 'FIFO1__parameterized0' (20#1) [/scratch1/iot/gc2025/hw/build/hw/verilog/FIFO1.v:28]
INFO: [Synth 8-3536] HDL ADVISOR - Pragma parallel_case detected. Simulation mismatch may occur [/scratch1/iot/gc2025/hw/build/hw/verilog/mkxilinxdtm.v:419]
INFO: [Synth 8-6155] done synthesizing module 'mkxilinxdtm' (21#1) [/scratch1/iot/gc2025/hw/build/hw/verilog/mkxilinxdtm.v:43]
INFO: [Synth 8-6157] synthesizing module 'mkSoc' [/scratch1/iot/gc2025/hw/build/hw/verilog/mkSoc.v:320]
INFO: [Synth 8-6157] synthesizing module 'BRAM2BELoad' [/scratch1/iot/gc2025/hw/build/hw/verilog/BRAM2BELoad.v:8]
	Parameter FILENAME bound to: boot.mem - type: string 
	Parameter PIPELINED bound to: 1'b0 
	Parameter ADDR_WIDTH bound to: 11 - type: integer 
	Parameter DATA_WIDTH bound to: 32 - type: integer 
	Parameter CHUNKSIZE bound to: 8 - type: integer 
	Parameter WE_WIDTH bound to: 4 - type: integer 
	Parameter MEMSIZE bound to: 12'b100000000000 
	Parameter BINARY bound to: 1'b0 
INFO: [Synth 8-5534] Detected attribute (* RAM_STYLE = "BLOCK" *) [/scratch1/iot/gc2025/hw/build/hw/verilog/BRAM2BELoad.v:46]
INFO: [Synth 8-3876] $readmem data file 'boot.mem' is read successfully [/scratch1/iot/gc2025/hw/build/hw/verilog/BRAM2BELoad.v:70]
WARNING: [Synth 8-6014] Unused sequential element DOA_R2_reg was removed.  [/scratch1/iot/gc2025/hw/build/hw/verilog/BRAM2BELoad.v:111]
WARNING: [Synth 8-6014] Unused sequential element DOB_R2_reg was removed.  [/scratch1/iot/gc2025/hw/build/hw/verilog/BRAM2BELoad.v:115]
INFO: [Synth 8-6155] done synthesizing module 'BRAM2BELoad' (22#1) [/scratch1/iot/gc2025/hw/build/hw/verilog/BRAM2BELoad.v:8]
INFO: [Synth 8-6157] synthesizing module 'FIFO2__parameterized3' [/scratch1/iot/gc2025/hw/build/hw/verilog/FIFO2.v:28]
	Parameter width bound to: 37 - type: integer 
	Parameter guarded bound to: 1'b1 
INFO: [Synth 8-6155] done synthesizing module 'FIFO2__parameterized3' (22#1) [/scratch1/iot/gc2025/hw/build/hw/verilog/FIFO2.v:28]
INFO: [Synth 8-6157] synthesizing module 'FIFO2__parameterized4' [/scratch1/iot/gc2025/hw/build/hw/verilog/FIFO2.v:28]
	Parameter width bound to: 34 - type: integer 
	Parameter guarded bound to: 1'b1 
INFO: [Synth 8-6155] done synthesizing module 'FIFO2__parameterized4' (22#1) [/scratch1/iot/gc2025/hw/build/hw/verilog/FIFO2.v:28]
INFO: [Synth 8-6157] synthesizing module 'FIFO2__parameterized5' [/scratch1/iot/gc2025/hw/build/hw/verilog/FIFO2.v:28]
	Parameter width bound to: 36 - type: integer 
	Parameter guarded bound to: 1'b1 
INFO: [Synth 8-6155] done synthesizing module 'FIFO2__parameterized5' (22#1) [/scratch1/iot/gc2025/hw/build/hw/verilog/FIFO2.v:28]
INFO: [Synth 8-6157] synthesizing module 'FIFO2__parameterized6' [/scratch1/iot/gc2025/hw/build/hw/verilog/FIFO2.v:28]
	Parameter width bound to: 2 - type: integer 
	Parameter guarded bound to: 1'b1 
INFO: [Synth 8-6155] done synthesizing module 'FIFO2__parameterized6' (22#1) [/scratch1/iot/gc2025/hw/build/hw/verilog/FIFO2.v:28]
INFO: [Synth 8-6157] synthesizing module 'mkccore_axi4' [/scratch1/iot/gc2025/hw/build/hw/verilog/mkccore_axi4.v:121]
	Parameter hartid bound to: 0 - type: integer 
INFO: [Synth 8-6157] synthesizing module 'mkdmem' [/scratch1/iot/gc2025/hw/build/hw/verilog/mkdmem.v:220]
	Parameter id bound to: 0 - type: integer 
INFO: [Synth 8-6157] synthesizing module 'mkdcache' [/scratch1/iot/gc2025/hw/build/hw/verilog/mkdcache.v:192]
	Parameter id bound to: 0 - type: integer 
INFO: [Synth 8-6157] synthesizing module 'FIFO2__parameterized7' [/scratch1/iot/gc2025/hw/build/hw/verilog/FIFO2.v:28]
	Parameter width bound to: 77 - type: integer 
	Parameter guarded bound to: 1'b1 
INFO: [Synth 8-6155] done synthesizing module 'FIFO2__parameterized7' (22#1) [/scratch1/iot/gc2025/hw/build/hw/verilog/FIFO2.v:28]
INFO: [Synth 8-6157] synthesizing module 'FIFO1__parameterized1' [/scratch1/iot/gc2025/hw/build/hw/verilog/FIFO1.v:28]
	Parameter width bound to: 68 - type: integer 
	Parameter guarded bound to: 1'b1 
INFO: [Synth 8-6155] done synthesizing module 'FIFO1__parameterized1' (22#1) [/scratch1/iot/gc2025/hw/build/hw/verilog/FIFO1.v:28]
INFO: [Synth 8-6157] synthesizing module 'FIFO1__parameterized2' [/scratch1/iot/gc2025/hw/build/hw/verilog/FIFO1.v:28]
	Parameter width bound to: 33 - type: integer 
	Parameter guarded bound to: 1'b1 
INFO: [Synth 8-6155] done synthesizing module 'FIFO1__parameterized2' (22#1) [/scratch1/iot/gc2025/hw/build/hw/verilog/FIFO1.v:28]
INFO: [Synth 8-6157] synthesizing module 'FIFO2__parameterized8' [/scratch1/iot/gc2025/hw/build/hw/verilog/FIFO2.v:28]
	Parameter width bound to: 43 - type: integer 
	Parameter guarded bound to: 1'b1 
INFO: [Synth 8-6155] done synthesizing module 'FIFO2__parameterized8' (22#1) [/scratch1/iot/gc2025/hw/build/hw/verilog/FIFO2.v:28]
INFO: [Synth 8-6157] synthesizing module 'FIFO1__parameterized3' [/scratch1/iot/gc2025/hw/build/hw/verilog/FIFO1.v:28]
	Parameter width bound to: 555 - type: integer 
	Parameter guarded bound to: 1'b1 
INFO: [Synth 8-6155] done synthesizing module 'FIFO1__parameterized3' (22#1) [/scratch1/iot/gc2025/hw/build/hw/verilog/FIFO1.v:28]
INFO: [Synth 8-6157] synthesizing module 'FIFO2__parameterized9' [/scratch1/iot/gc2025/hw/build/hw/verilog/FIFO2.v:28]
	Parameter width bound to: 8 - type: integer 
	Parameter guarded bound to: 1'b0 
INFO: [Synth 8-6155] done synthesizing module 'FIFO2__parameterized9' (22#1) [/scratch1/iot/gc2025/hw/build/hw/verilog/FIFO2.v:28]
INFO: [Synth 8-6157] synthesizing module 'mkdcache_data' [/scratch1/iot/gc2025/hw/build/hw/verilog/mkdcache_data.v:47]
	Parameter id bound to: 0 - type: integer 
INFO: [Synth 8-6157] synthesizing module 'bram_1rw' [/scratch1/iot/gc2025/hw/build/hw/verilog/bram_1rw.v:22]
	Parameter ADDR_WIDTH bound to: 6 - type: integer 
	Parameter DATA_WIDTH bound to: 32 - type: integer 
	Parameter MEMSIZE bound to: 64 - type: integer 
INFO: [Synth 8-5534] Detected attribute (* RAM_STYLE = "BLOCK" *) [/scratch1/iot/gc2025/hw/build/hw/verilog/bram_1rw.v:54]
INFO: [Synth 8-6155] done synthesizing module 'bram_1rw' (23#1) [/scratch1/iot/gc2025/hw/build/hw/verilog/bram_1rw.v:22]
WARNING: [Synth 8-350] instance 'v_data_0_ram_single_0' of module 'bram_1rw' requires 8 connections, but only 7 given [/scratch1/iot/gc2025/hw/build/hw/verilog/mkdcache_data.v:928]
WARNING: [Synth 8-350] instance 'v_data_0_ram_single_1' of module 'bram_1rw' requires 8 connections, but only 7 given [/scratch1/iot/gc2025/hw/build/hw/verilog/mkdcache_data.v:939]
WARNING: [Synth 8-350] instance 'v_data_0_ram_single_10' of module 'bram_1rw' requires 8 connections, but only 7 given [/scratch1/iot/gc2025/hw/build/hw/verilog/mkdcache_data.v:950]
WARNING: [Synth 8-350] instance 'v_data_0_ram_single_11' of module 'bram_1rw' requires 8 connections, but only 7 given [/scratch1/iot/gc2025/hw/build/hw/verilog/mkdcache_data.v:961]
WARNING: [Synth 8-350] instance 'v_data_0_ram_single_12' of module 'bram_1rw' requires 8 connections, but only 7 given [/scratch1/iot/gc2025/hw/build/hw/verilog/mkdcache_data.v:972]
WARNING: [Synth 8-350] instance 'v_data_0_ram_single_13' of module 'bram_1rw' requires 8 connections, but only 7 given [/scratch1/iot/gc2025/hw/build/hw/verilog/mkdcache_data.v:983]
WARNING: [Synth 8-350] instance 'v_data_0_ram_single_14' of module 'bram_1rw' requires 8 connections, but only 7 given [/scratch1/iot/gc2025/hw/build/hw/verilog/mkdcache_data.v:994]
WARNING: [Synth 8-350] instance 'v_data_0_ram_single_15' of module 'bram_1rw' requires 8 connections, but only 7 given [/scratch1/iot/gc2025/hw/build/hw/verilog/mkdcache_data.v:1005]
WARNING: [Synth 8-350] instance 'v_data_0_ram_single_2' of module 'bram_1rw' requires 8 connections, but only 7 given [/scratch1/iot/gc2025/hw/build/hw/verilog/mkdcache_data.v:1016]
WARNING: [Synth 8-350] instance 'v_data_0_ram_single_3' of module 'bram_1rw' requires 8 connections, but only 7 given [/scratch1/iot/gc2025/hw/build/hw/verilog/mkdcache_data.v:1027]
WARNING: [Synth 8-350] instance 'v_data_0_ram_single_4' of module 'bram_1rw' requires 8 connections, but only 7 given [/scratch1/iot/gc2025/hw/build/hw/verilog/mkdcache_data.v:1038]
WARNING: [Synth 8-350] instance 'v_data_0_ram_single_5' of module 'bram_1rw' requires 8 connections, but only 7 given [/scratch1/iot/gc2025/hw/build/hw/verilog/mkdcache_data.v:1049]
WARNING: [Synth 8-350] instance 'v_data_0_ram_single_6' of module 'bram_1rw' requires 8 connections, but only 7 given [/scratch1/iot/gc2025/hw/build/hw/verilog/mkdcache_data.v:1060]
WARNING: [Synth 8-350] instance 'v_data_0_ram_single_7' of module 'bram_1rw' requires 8 connections, but only 7 given [/scratch1/iot/gc2025/hw/build/hw/verilog/mkdcache_data.v:1071]
WARNING: [Synth 8-350] instance 'v_data_0_ram_single_8' of module 'bram_1rw' requires 8 connections, but only 7 given [/scratch1/iot/gc2025/hw/build/hw/verilog/mkdcache_data.v:1082]
WARNING: [Synth 8-350] instance 'v_data_0_ram_single_9' of module 'bram_1rw' requires 8 connections, but only 7 given [/scratch1/iot/gc2025/hw/build/hw/verilog/mkdcache_data.v:1093]
WARNING: [Synth 8-350] instance 'v_data_1_ram_single_0' of module 'bram_1rw' requires 8 connections, but only 7 given [/scratch1/iot/gc2025/hw/build/hw/verilog/mkdcache_data.v:1104]
WARNING: [Synth 8-350] instance 'v_data_1_ram_single_1' of module 'bram_1rw' requires 8 connections, but only 7 given [/scratch1/iot/gc2025/hw/build/hw/verilog/mkdcache_data.v:1115]
WARNING: [Synth 8-350] instance 'v_data_1_ram_single_10' of module 'bram_1rw' requires 8 connections, but only 7 given [/scratch1/iot/gc2025/hw/build/hw/verilog/mkdcache_data.v:1126]
WARNING: [Synth 8-350] instance 'v_data_1_ram_single_11' of module 'bram_1rw' requires 8 connections, but only 7 given [/scratch1/iot/gc2025/hw/build/hw/verilog/mkdcache_data.v:1137]
WARNING: [Synth 8-350] instance 'v_data_1_ram_single_12' of module 'bram_1rw' requires 8 connections, but only 7 given [/scratch1/iot/gc2025/hw/build/hw/verilog/mkdcache_data.v:1148]
WARNING: [Synth 8-350] instance 'v_data_1_ram_single_13' of module 'bram_1rw' requires 8 connections, but only 7 given [/scratch1/iot/gc2025/hw/build/hw/verilog/mkdcache_data.v:1159]
WARNING: [Synth 8-350] instance 'v_data_1_ram_single_14' of module 'bram_1rw' requires 8 connections, but only 7 given [/scratch1/iot/gc2025/hw/build/hw/verilog/mkdcache_data.v:1170]
WARNING: [Synth 8-350] instance 'v_data_1_ram_single_15' of module 'bram_1rw' requires 8 connections, but only 7 given [/scratch1/iot/gc2025/hw/build/hw/verilog/mkdcache_data.v:1181]
WARNING: [Synth 8-350] instance 'v_data_1_ram_single_2' of module 'bram_1rw' requires 8 connections, but only 7 given [/scratch1/iot/gc2025/hw/build/hw/verilog/mkdcache_data.v:1192]
WARNING: [Synth 8-350] instance 'v_data_1_ram_single_3' of module 'bram_1rw' requires 8 connections, but only 7 given [/scratch1/iot/gc2025/hw/build/hw/verilog/mkdcache_data.v:1203]
WARNING: [Synth 8-350] instance 'v_data_1_ram_single_4' of module 'bram_1rw' requires 8 connections, but only 7 given [/scratch1/iot/gc2025/hw/build/hw/verilog/mkdcache_data.v:1214]
WARNING: [Synth 8-350] instance 'v_data_1_ram_single_5' of module 'bram_1rw' requires 8 connections, but only 7 given [/scratch1/iot/gc2025/hw/build/hw/verilog/mkdcache_data.v:1225]
WARNING: [Synth 8-350] instance 'v_data_1_ram_single_6' of module 'bram_1rw' requires 8 connections, but only 7 given [/scratch1/iot/gc2025/hw/build/hw/verilog/mkdcache_data.v:1236]
WARNING: [Synth 8-350] instance 'v_data_1_ram_single_7' of module 'bram_1rw' requires 8 connections, but only 7 given [/scratch1/iot/gc2025/hw/build/hw/verilog/mkdcache_data.v:1247]
WARNING: [Synth 8-350] instance 'v_data_1_ram_single_8' of module 'bram_1rw' requires 8 connections, but only 7 given [/scratch1/iot/gc2025/hw/build/hw/verilog/mkdcache_data.v:1258]
WARNING: [Synth 8-350] instance 'v_data_1_ram_single_9' of module 'bram_1rw' requires 8 connections, but only 7 given [/scratch1/iot/gc2025/hw/build/hw/verilog/mkdcache_data.v:1269]
WARNING: [Synth 8-350] instance 'v_data_2_ram_single_0' of module 'bram_1rw' requires 8 connections, but only 7 given [/scratch1/iot/gc2025/hw/build/hw/verilog/mkdcache_data.v:1280]
WARNING: [Synth 8-350] instance 'v_data_2_ram_single_1' of module 'bram_1rw' requires 8 connections, but only 7 given [/scratch1/iot/gc2025/hw/build/hw/verilog/mkdcache_data.v:1291]
WARNING: [Synth 8-350] instance 'v_data_2_ram_single_10' of module 'bram_1rw' requires 8 connections, but only 7 given [/scratch1/iot/gc2025/hw/build/hw/verilog/mkdcache_data.v:1302]
WARNING: [Synth 8-350] instance 'v_data_2_ram_single_11' of module 'bram_1rw' requires 8 connections, but only 7 given [/scratch1/iot/gc2025/hw/build/hw/verilog/mkdcache_data.v:1313]
WARNING: [Synth 8-350] instance 'v_data_2_ram_single_12' of module 'bram_1rw' requires 8 connections, but only 7 given [/scratch1/iot/gc2025/hw/build/hw/verilog/mkdcache_data.v:1324]
WARNING: [Synth 8-350] instance 'v_data_2_ram_single_13' of module 'bram_1rw' requires 8 connections, but only 7 given [/scratch1/iot/gc2025/hw/build/hw/verilog/mkdcache_data.v:1335]
WARNING: [Synth 8-350] instance 'v_data_2_ram_single_14' of module 'bram_1rw' requires 8 connections, but only 7 given [/scratch1/iot/gc2025/hw/build/hw/verilog/mkdcache_data.v:1346]
WARNING: [Synth 8-350] instance 'v_data_2_ram_single_15' of module 'bram_1rw' requires 8 connections, but only 7 given [/scratch1/iot/gc2025/hw/build/hw/verilog/mkdcache_data.v:1357]
WARNING: [Synth 8-350] instance 'v_data_2_ram_single_2' of module 'bram_1rw' requires 8 connections, but only 7 given [/scratch1/iot/gc2025/hw/build/hw/verilog/mkdcache_data.v:1368]
WARNING: [Synth 8-350] instance 'v_data_2_ram_single_3' of module 'bram_1rw' requires 8 connections, but only 7 given [/scratch1/iot/gc2025/hw/build/hw/verilog/mkdcache_data.v:1379]
WARNING: [Synth 8-350] instance 'v_data_2_ram_single_4' of module 'bram_1rw' requires 8 connections, but only 7 given [/scratch1/iot/gc2025/hw/build/hw/verilog/mkdcache_data.v:1390]
WARNING: [Synth 8-350] instance 'v_data_2_ram_single_5' of module 'bram_1rw' requires 8 connections, but only 7 given [/scratch1/iot/gc2025/hw/build/hw/verilog/mkdcache_data.v:1401]
WARNING: [Synth 8-350] instance 'v_data_2_ram_single_6' of module 'bram_1rw' requires 8 connections, but only 7 given [/scratch1/iot/gc2025/hw/build/hw/verilog/mkdcache_data.v:1412]
WARNING: [Synth 8-350] instance 'v_data_2_ram_single_7' of module 'bram_1rw' requires 8 connections, but only 7 given [/scratch1/iot/gc2025/hw/build/hw/verilog/mkdcache_data.v:1423]
WARNING: [Synth 8-350] instance 'v_data_2_ram_single_8' of module 'bram_1rw' requires 8 connections, but only 7 given [/scratch1/iot/gc2025/hw/build/hw/verilog/mkdcache_data.v:1434]
WARNING: [Synth 8-350] instance 'v_data_2_ram_single_9' of module 'bram_1rw' requires 8 connections, but only 7 given [/scratch1/iot/gc2025/hw/build/hw/verilog/mkdcache_data.v:1445]
WARNING: [Synth 8-350] instance 'v_data_3_ram_single_0' of module 'bram_1rw' requires 8 connections, but only 7 given [/scratch1/iot/gc2025/hw/build/hw/verilog/mkdcache_data.v:1456]
WARNING: [Synth 8-350] instance 'v_data_3_ram_single_1' of module 'bram_1rw' requires 8 connections, but only 7 given [/scratch1/iot/gc2025/hw/build/hw/verilog/mkdcache_data.v:1467]
WARNING: [Synth 8-350] instance 'v_data_3_ram_single_10' of module 'bram_1rw' requires 8 connections, but only 7 given [/scratch1/iot/gc2025/hw/build/hw/verilog/mkdcache_data.v:1478]
WARNING: [Synth 8-350] instance 'v_data_3_ram_single_11' of module 'bram_1rw' requires 8 connections, but only 7 given [/scratch1/iot/gc2025/hw/build/hw/verilog/mkdcache_data.v:1489]
WARNING: [Synth 8-350] instance 'v_data_3_ram_single_12' of module 'bram_1rw' requires 8 connections, but only 7 given [/scratch1/iot/gc2025/hw/build/hw/verilog/mkdcache_data.v:1500]
WARNING: [Synth 8-350] instance 'v_data_3_ram_single_13' of module 'bram_1rw' requires 8 connections, but only 7 given [/scratch1/iot/gc2025/hw/build/hw/verilog/mkdcache_data.v:1511]
WARNING: [Synth 8-350] instance 'v_data_3_ram_single_14' of module 'bram_1rw' requires 8 connections, but only 7 given [/scratch1/iot/gc2025/hw/build/hw/verilog/mkdcache_data.v:1522]
WARNING: [Synth 8-350] instance 'v_data_3_ram_single_15' of module 'bram_1rw' requires 8 connections, but only 7 given [/scratch1/iot/gc2025/hw/build/hw/verilog/mkdcache_data.v:1533]
WARNING: [Synth 8-350] instance 'v_data_3_ram_single_2' of module 'bram_1rw' requires 8 connections, but only 7 given [/scratch1/iot/gc2025/hw/build/hw/verilog/mkdcache_data.v:1544]
WARNING: [Synth 8-350] instance 'v_data_3_ram_single_3' of module 'bram_1rw' requires 8 connections, but only 7 given [/scratch1/iot/gc2025/hw/build/hw/verilog/mkdcache_data.v:1555]
WARNING: [Synth 8-350] instance 'v_data_3_ram_single_4' of module 'bram_1rw' requires 8 connections, but only 7 given [/scratch1/iot/gc2025/hw/build/hw/verilog/mkdcache_data.v:1566]
WARNING: [Synth 8-350] instance 'v_data_3_ram_single_5' of module 'bram_1rw' requires 8 connections, but only 7 given [/scratch1/iot/gc2025/hw/build/hw/verilog/mkdcache_data.v:1577]
WARNING: [Synth 8-350] instance 'v_data_3_ram_single_6' of module 'bram_1rw' requires 8 connections, but only 7 given [/scratch1/iot/gc2025/hw/build/hw/verilog/mkdcache_data.v:1588]
WARNING: [Synth 8-350] instance 'v_data_3_ram_single_7' of module 'bram_1rw' requires 8 connections, but only 7 given [/scratch1/iot/gc2025/hw/build/hw/verilog/mkdcache_data.v:1599]
WARNING: [Synth 8-350] instance 'v_data_3_ram_single_8' of module 'bram_1rw' requires 8 connections, but only 7 given [/scratch1/iot/gc2025/hw/build/hw/verilog/mkdcache_data.v:1610]
WARNING: [Synth 8-350] instance 'v_data_3_ram_single_9' of module 'bram_1rw' requires 8 connections, but only 7 given [/scratch1/iot/gc2025/hw/build/hw/verilog/mkdcache_data.v:1621]
WARNING: [Synth 8-6014] Unused sequential element v_data_0_rg_output_0_reg was removed.  [/scratch1/iot/gc2025/hw/build/hw/verilog/mkdcache_data.v:3018]
WARNING: [Synth 8-6014] Unused sequential element v_data_0_rg_output_1_reg was removed.  [/scratch1/iot/gc2025/hw/build/hw/verilog/mkdcache_data.v:3019]
WARNING: [Synth 8-6014] Unused sequential element v_data_0_rg_output_10_reg was removed.  [/scratch1/iot/gc2025/hw/build/hw/verilog/mkdcache_data.v:3020]
WARNING: [Synth 8-6014] Unused sequential element v_data_0_rg_output_11_reg was removed.  [/scratch1/iot/gc2025/hw/build/hw/verilog/mkdcache_data.v:3021]
WARNING: [Synth 8-6014] Unused sequential element v_data_0_rg_output_12_reg was removed.  [/scratch1/iot/gc2025/hw/build/hw/verilog/mkdcache_data.v:3022]
WARNING: [Synth 8-6014] Unused sequential element v_data_0_rg_output_13_reg was removed.  [/scratch1/iot/gc2025/hw/build/hw/verilog/mkdcache_data.v:3023]
WARNING: [Synth 8-6014] Unused sequential element v_data_0_rg_output_14_reg was removed.  [/scratch1/iot/gc2025/hw/build/hw/verilog/mkdcache_data.v:3024]
WARNING: [Synth 8-6014] Unused sequential element v_data_0_rg_output_15_reg was removed.  [/scratch1/iot/gc2025/hw/build/hw/verilog/mkdcache_data.v:3025]
WARNING: [Synth 8-6014] Unused sequential element v_data_0_rg_output_2_reg was removed.  [/scratch1/iot/gc2025/hw/build/hw/verilog/mkdcache_data.v:3026]
WARNING: [Synth 8-6014] Unused sequential element v_data_0_rg_output_3_reg was removed.  [/scratch1/iot/gc2025/hw/build/hw/verilog/mkdcache_data.v:3027]
WARNING: [Synth 8-6014] Unused sequential element v_data_0_rg_output_4_reg was removed.  [/scratch1/iot/gc2025/hw/build/hw/verilog/mkdcache_data.v:3028]
WARNING: [Synth 8-6014] Unused sequential element v_data_0_rg_output_5_reg was removed.  [/scratch1/iot/gc2025/hw/build/hw/verilog/mkdcache_data.v:3029]
WARNING: [Synth 8-6014] Unused sequential element v_data_0_rg_output_6_reg was removed.  [/scratch1/iot/gc2025/hw/build/hw/verilog/mkdcache_data.v:3030]
WARNING: [Synth 8-6014] Unused sequential element v_data_0_rg_output_7_reg was removed.  [/scratch1/iot/gc2025/hw/build/hw/verilog/mkdcache_data.v:3031]
WARNING: [Synth 8-6014] Unused sequential element v_data_0_rg_output_8_reg was removed.  [/scratch1/iot/gc2025/hw/build/hw/verilog/mkdcache_data.v:3032]
WARNING: [Synth 8-6014] Unused sequential element v_data_0_rg_output_9_reg was removed.  [/scratch1/iot/gc2025/hw/build/hw/verilog/mkdcache_data.v:3033]
WARNING: [Synth 8-6014] Unused sequential element v_data_1_rg_output_0_reg was removed.  [/scratch1/iot/gc2025/hw/build/hw/verilog/mkdcache_data.v:3034]
WARNING: [Synth 8-6014] Unused sequential element v_data_1_rg_output_1_reg was removed.  [/scratch1/iot/gc2025/hw/build/hw/verilog/mkdcache_data.v:3035]
WARNING: [Synth 8-6014] Unused sequential element v_data_1_rg_output_10_reg was removed.  [/scratch1/iot/gc2025/hw/build/hw/verilog/mkdcache_data.v:3036]
WARNING: [Synth 8-6014] Unused sequential element v_data_1_rg_output_11_reg was removed.  [/scratch1/iot/gc2025/hw/build/hw/verilog/mkdcache_data.v:3037]
WARNING: [Synth 8-6014] Unused sequential element v_data_1_rg_output_12_reg was removed.  [/scratch1/iot/gc2025/hw/build/hw/verilog/mkdcache_data.v:3038]
WARNING: [Synth 8-6014] Unused sequential element v_data_1_rg_output_13_reg was removed.  [/scratch1/iot/gc2025/hw/build/hw/verilog/mkdcache_data.v:3039]
WARNING: [Synth 8-6014] Unused sequential element v_data_1_rg_output_14_reg was removed.  [/scratch1/iot/gc2025/hw/build/hw/verilog/mkdcache_data.v:3040]
WARNING: [Synth 8-6014] Unused sequential element v_data_1_rg_output_15_reg was removed.  [/scratch1/iot/gc2025/hw/build/hw/verilog/mkdcache_data.v:3041]
WARNING: [Synth 8-6014] Unused sequential element v_data_1_rg_output_2_reg was removed.  [/scratch1/iot/gc2025/hw/build/hw/verilog/mkdcache_data.v:3042]
WARNING: [Synth 8-6014] Unused sequential element v_data_1_rg_output_3_reg was removed.  [/scratch1/iot/gc2025/hw/build/hw/verilog/mkdcache_data.v:3043]
WARNING: [Synth 8-6014] Unused sequential element v_data_1_rg_output_4_reg was removed.  [/scratch1/iot/gc2025/hw/build/hw/verilog/mkdcache_data.v:3044]
WARNING: [Synth 8-6014] Unused sequential element v_data_1_rg_output_5_reg was removed.  [/scratch1/iot/gc2025/hw/build/hw/verilog/mkdcache_data.v:3045]
WARNING: [Synth 8-6014] Unused sequential element v_data_1_rg_output_6_reg was removed.  [/scratch1/iot/gc2025/hw/build/hw/verilog/mkdcache_data.v:3046]
WARNING: [Synth 8-6014] Unused sequential element v_data_1_rg_output_7_reg was removed.  [/scratch1/iot/gc2025/hw/build/hw/verilog/mkdcache_data.v:3047]
WARNING: [Synth 8-6014] Unused sequential element v_data_1_rg_output_8_reg was removed.  [/scratch1/iot/gc2025/hw/build/hw/verilog/mkdcache_data.v:3048]
WARNING: [Synth 8-6014] Unused sequential element v_data_1_rg_output_9_reg was removed.  [/scratch1/iot/gc2025/hw/build/hw/verilog/mkdcache_data.v:3049]
WARNING: [Synth 8-6014] Unused sequential element v_data_2_rg_output_0_reg was removed.  [/scratch1/iot/gc2025/hw/build/hw/verilog/mkdcache_data.v:3050]
WARNING: [Synth 8-6014] Unused sequential element v_data_2_rg_output_1_reg was removed.  [/scratch1/iot/gc2025/hw/build/hw/verilog/mkdcache_data.v:3051]
WARNING: [Synth 8-6014] Unused sequential element v_data_2_rg_output_10_reg was removed.  [/scratch1/iot/gc2025/hw/build/hw/verilog/mkdcache_data.v:3052]
WARNING: [Synth 8-6014] Unused sequential element v_data_2_rg_output_11_reg was removed.  [/scratch1/iot/gc2025/hw/build/hw/verilog/mkdcache_data.v:3053]
WARNING: [Synth 8-6014] Unused sequential element v_data_2_rg_output_12_reg was removed.  [/scratch1/iot/gc2025/hw/build/hw/verilog/mkdcache_data.v:3054]
WARNING: [Synth 8-6014] Unused sequential element v_data_2_rg_output_13_reg was removed.  [/scratch1/iot/gc2025/hw/build/hw/verilog/mkdcache_data.v:3055]
WARNING: [Synth 8-6014] Unused sequential element v_data_2_rg_output_14_reg was removed.  [/scratch1/iot/gc2025/hw/build/hw/verilog/mkdcache_data.v:3056]
WARNING: [Synth 8-6014] Unused sequential element v_data_2_rg_output_15_reg was removed.  [/scratch1/iot/gc2025/hw/build/hw/verilog/mkdcache_data.v:3057]
WARNING: [Synth 8-6014] Unused sequential element v_data_2_rg_output_2_reg was removed.  [/scratch1/iot/gc2025/hw/build/hw/verilog/mkdcache_data.v:3058]
WARNING: [Synth 8-6014] Unused sequential element v_data_2_rg_output_3_reg was removed.  [/scratch1/iot/gc2025/hw/build/hw/verilog/mkdcache_data.v:3059]
WARNING: [Synth 8-6014] Unused sequential element v_data_2_rg_output_4_reg was removed.  [/scratch1/iot/gc2025/hw/build/hw/verilog/mkdcache_data.v:3060]
WARNING: [Synth 8-6014] Unused sequential element v_data_2_rg_output_5_reg was removed.  [/scratch1/iot/gc2025/hw/build/hw/verilog/mkdcache_data.v:3061]
WARNING: [Synth 8-6014] Unused sequential element v_data_2_rg_output_6_reg was removed.  [/scratch1/iot/gc2025/hw/build/hw/verilog/mkdcache_data.v:3062]
WARNING: [Synth 8-6014] Unused sequential element v_data_2_rg_output_7_reg was removed.  [/scratch1/iot/gc2025/hw/build/hw/verilog/mkdcache_data.v:3063]
WARNING: [Synth 8-6014] Unused sequential element v_data_2_rg_output_8_reg was removed.  [/scratch1/iot/gc2025/hw/build/hw/verilog/mkdcache_data.v:3064]
WARNING: [Synth 8-6014] Unused sequential element v_data_2_rg_output_9_reg was removed.  [/scratch1/iot/gc2025/hw/build/hw/verilog/mkdcache_data.v:3065]
WARNING: [Synth 8-6014] Unused sequential element v_data_3_rg_output_0_reg was removed.  [/scratch1/iot/gc2025/hw/build/hw/verilog/mkdcache_data.v:3066]
WARNING: [Synth 8-6014] Unused sequential element v_data_3_rg_output_1_reg was removed.  [/scratch1/iot/gc2025/hw/build/hw/verilog/mkdcache_data.v:3067]
WARNING: [Synth 8-6014] Unused sequential element v_data_3_rg_output_10_reg was removed.  [/scratch1/iot/gc2025/hw/build/hw/verilog/mkdcache_data.v:3068]
WARNING: [Synth 8-6014] Unused sequential element v_data_3_rg_output_11_reg was removed.  [/scratch1/iot/gc2025/hw/build/hw/verilog/mkdcache_data.v:3069]
WARNING: [Synth 8-6014] Unused sequential element v_data_3_rg_output_12_reg was removed.  [/scratch1/iot/gc2025/hw/build/hw/verilog/mkdcache_data.v:3070]
WARNING: [Synth 8-6014] Unused sequential element v_data_3_rg_output_13_reg was removed.  [/scratch1/iot/gc2025/hw/build/hw/verilog/mkdcache_data.v:3071]
WARNING: [Synth 8-6014] Unused sequential element v_data_3_rg_output_14_reg was removed.  [/scratch1/iot/gc2025/hw/build/hw/verilog/mkdcache_data.v:3072]
WARNING: [Synth 8-6014] Unused sequential element v_data_3_rg_output_15_reg was removed.  [/scratch1/iot/gc2025/hw/build/hw/verilog/mkdcache_data.v:3073]
WARNING: [Synth 8-6014] Unused sequential element v_data_3_rg_output_2_reg was removed.  [/scratch1/iot/gc2025/hw/build/hw/verilog/mkdcache_data.v:3074]
WARNING: [Synth 8-6014] Unused sequential element v_data_3_rg_output_3_reg was removed.  [/scratch1/iot/gc2025/hw/build/hw/verilog/mkdcache_data.v:3075]
WARNING: [Synth 8-6014] Unused sequential element v_data_3_rg_output_4_reg was removed.  [/scratch1/iot/gc2025/hw/build/hw/verilog/mkdcache_data.v:3076]
WARNING: [Synth 8-6014] Unused sequential element v_data_3_rg_output_5_reg was removed.  [/scratch1/iot/gc2025/hw/build/hw/verilog/mkdcache_data.v:3077]
WARNING: [Synth 8-6014] Unused sequential element v_data_3_rg_output_6_reg was removed.  [/scratch1/iot/gc2025/hw/build/hw/verilog/mkdcache_data.v:3078]
WARNING: [Synth 8-6014] Unused sequential element v_data_3_rg_output_7_reg was removed.  [/scratch1/iot/gc2025/hw/build/hw/verilog/mkdcache_data.v:3079]
WARNING: [Synth 8-6014] Unused sequential element v_data_3_rg_output_8_reg was removed.  [/scratch1/iot/gc2025/hw/build/hw/verilog/mkdcache_data.v:3080]
WARNING: [Synth 8-6014] Unused sequential element v_data_3_rg_output_9_reg was removed.  [/scratch1/iot/gc2025/hw/build/hw/verilog/mkdcache_data.v:3081]
INFO: [Synth 8-6155] done synthesizing module 'mkdcache_data' (24#1) [/scratch1/iot/gc2025/hw/build/hw/verilog/mkdcache_data.v:47]
INFO: [Synth 8-6157] synthesizing module 'mkdcache_fb_v2' [/scratch1/iot/gc2025/hw/build/hw/verilog/mkdcache_fb_v2.v:63]
	Parameter id bound to: 0 - type: integer 
INFO: [Synth 8-6155] done synthesizing module 'mkdcache_fb_v2' (25#1) [/scratch1/iot/gc2025/hw/build/hw/verilog/mkdcache_fb_v2.v:63]
INFO: [Synth 8-6157] synthesizing module 'mkiobuffer' [/scratch1/iot/gc2025/hw/build/hw/verilog/mkiobuffer.v:44]
	Parameter id bound to: 0 - type: integer 
INFO: [Synth 8-6155] done synthesizing module 'mkiobuffer' (26#1) [/scratch1/iot/gc2025/hw/build/hw/verilog/mkiobuffer.v:44]
INFO: [Synth 8-6157] synthesizing module 'mkstorebuffer' [/scratch1/iot/gc2025/hw/build/hw/verilog/mkstorebuffer.v:64]
	Parameter id bound to: 0 - type: integer 
INFO: [Synth 8-6155] done synthesizing module 'mkstorebuffer' (27#1) [/scratch1/iot/gc2025/hw/build/hw/verilog/mkstorebuffer.v:64]
INFO: [Synth 8-6157] synthesizing module 'mkdcache_tag' [/scratch1/iot/gc2025/hw/build/hw/verilog/mkdcache_tag.v:43]
	Parameter id bound to: 0 - type: integer 
INFO: [Synth 8-6157] synthesizing module 'bram_1rw__parameterized0' [/scratch1/iot/gc2025/hw/build/hw/verilog/bram_1rw.v:22]
	Parameter ADDR_WIDTH bound to: 6 - type: integer 
	Parameter DATA_WIDTH bound to: 20 - type: integer 
	Parameter MEMSIZE bound to: 64 - type: integer 
INFO: [Synth 8-6155] done synthesizing module 'bram_1rw__parameterized0' (27#1) [/scratch1/iot/gc2025/hw/build/hw/verilog/bram_1rw.v:22]
WARNING: [Synth 8-350] instance 'v_tags_0_ram_single_0' of module 'bram_1rw' requires 8 connections, but only 7 given [/scratch1/iot/gc2025/hw/build/hw/verilog/mkdcache_tag.v:167]
WARNING: [Synth 8-350] instance 'v_tags_1_ram_single_0' of module 'bram_1rw' requires 8 connections, but only 7 given [/scratch1/iot/gc2025/hw/build/hw/verilog/mkdcache_tag.v:178]
WARNING: [Synth 8-350] instance 'v_tags_2_ram_single_0' of module 'bram_1rw' requires 8 connections, but only 7 given [/scratch1/iot/gc2025/hw/build/hw/verilog/mkdcache_tag.v:189]
WARNING: [Synth 8-350] instance 'v_tags_3_ram_single_0' of module 'bram_1rw' requires 8 connections, but only 7 given [/scratch1/iot/gc2025/hw/build/hw/verilog/mkdcache_tag.v:200]
WARNING: [Synth 8-6014] Unused sequential element v_tags_0_rg_output_0_reg was removed.  [/scratch1/iot/gc2025/hw/build/hw/verilog/mkdcache_tag.v:313]
WARNING: [Synth 8-6014] Unused sequential element v_tags_1_rg_output_0_reg was removed.  [/scratch1/iot/gc2025/hw/build/hw/verilog/mkdcache_tag.v:314]
WARNING: [Synth 8-6014] Unused sequential element v_tags_2_rg_output_0_reg was removed.  [/scratch1/iot/gc2025/hw/build/hw/verilog/mkdcache_tag.v:315]
WARNING: [Synth 8-6014] Unused sequential element v_tags_3_rg_output_0_reg was removed.  [/scratch1/iot/gc2025/hw/build/hw/verilog/mkdcache_tag.v:316]
INFO: [Synth 8-6155] done synthesizing module 'mkdcache_tag' (28#1) [/scratch1/iot/gc2025/hw/build/hw/verilog/mkdcache_tag.v:43]
INFO: [Synth 8-3536] HDL ADVISOR - Pragma parallel_case detected. Simulation mismatch may occur [/scratch1/iot/gc2025/hw/build/hw/verilog/mkdcache.v:6984]
INFO: [Synth 8-3536] HDL ADVISOR - Pragma parallel_case detected. Simulation mismatch may occur [/scratch1/iot/gc2025/hw/build/hw/verilog/mkdcache.v:7003]
INFO: [Synth 8-3536] HDL ADVISOR - Pragma parallel_case detected. Simulation mismatch may occur [/scratch1/iot/gc2025/hw/build/hw/verilog/mkdcache.v:7146]
INFO: [Synth 8-3536] HDL ADVISOR - Pragma parallel_case detected. Simulation mismatch may occur [/scratch1/iot/gc2025/hw/build/hw/verilog/mkdcache.v:7165]
INFO: [Synth 8-6157] synthesizing module 'module_fn_pmp_lookup' [/scratch1/iot/gc2025/hw/build/hw/verilog/module_fn_pmp_lookup.v:36]
INFO: [Synth 8-6155] done synthesizing module 'module_fn_pmp_lookup' (29#1) [/scratch1/iot/gc2025/hw/build/hw/verilog/module_fn_pmp_lookup.v:36]
WARNING: [Synth 8-6014] Unused sequential element rg_wEpoch_reg was removed.  [/scratch1/iot/gc2025/hw/build/hw/verilog/mkdcache.v:9403]
INFO: [Synth 8-6155] done synthesizing module 'mkdcache' (30#1) [/scratch1/iot/gc2025/hw/build/hw/verilog/mkdcache.v:192]
INFO: [Synth 8-6157] synthesizing module 'mkfa_dtlb' [/scratch1/iot/gc2025/hw/build/hw/verilog/mkfa_dtlb.v:74]
	Parameter hartid bound to: 0 - type: integer 
INFO: [Synth 8-6157] synthesizing module 'FIFO2__parameterized10' [/scratch1/iot/gc2025/hw/build/hw/verilog/FIFO2.v:28]
	Parameter width bound to: 113 - type: integer 
	Parameter guarded bound to: 1'b1 
INFO: [Synth 8-6155] done synthesizing module 'FIFO2__parameterized10' (30#1) [/scratch1/iot/gc2025/hw/build/hw/verilog/FIFO2.v:28]
INFO: [Synth 8-6155] done synthesizing module 'mkfa_dtlb' (31#1) [/scratch1/iot/gc2025/hw/build/hw/verilog/mkfa_dtlb.v:74]
INFO: [Synth 8-6155] done synthesizing module 'mkdmem' (32#1) [/scratch1/iot/gc2025/hw/build/hw/verilog/mkdmem.v:220]
INFO: [Synth 8-6157] synthesizing module 'mkimem' [/scratch1/iot/gc2025/hw/build/hw/verilog/mkimem.v:142]
	Parameter id bound to: 0 - type: integer 
INFO: [Synth 8-6157] synthesizing module 'mkicache' [/scratch1/iot/gc2025/hw/build/hw/verilog/mkicache.v:112]
	Parameter id bound to: 0 - type: integer 
INFO: [Synth 8-6157] synthesizing module 'FIFO2__parameterized11' [/scratch1/iot/gc2025/hw/build/hw/verilog/FIFO2.v:28]
	Parameter width bound to: 35 - type: integer 
	Parameter guarded bound to: 1'b1 
INFO: [Synth 8-6155] done synthesizing module 'FIFO2__parameterized11' (32#1) [/scratch1/iot/gc2025/hw/build/hw/verilog/FIFO2.v:28]
INFO: [Synth 8-6157] synthesizing module 'FIFO2__parameterized12' [/scratch1/iot/gc2025/hw/build/hw/verilog/FIFO2.v:28]
	Parameter width bound to: 6 - type: integer 
	Parameter guarded bound to: 1'b0 
INFO: [Synth 8-6155] done synthesizing module 'FIFO2__parameterized12' (32#1) [/scratch1/iot/gc2025/hw/build/hw/verilog/FIFO2.v:28]
INFO: [Synth 8-6157] synthesizing module 'FIFO2__parameterized13' [/scratch1/iot/gc2025/hw/build/hw/verilog/FIFO2.v:28]
	Parameter width bound to: 44 - type: integer 
	Parameter guarded bound to: 1'b1 
INFO: [Synth 8-6155] done synthesizing module 'FIFO2__parameterized13' (32#1) [/scratch1/iot/gc2025/hw/build/hw/verilog/FIFO2.v:28]
INFO: [Synth 8-6157] synthesizing module 'mkicache_data' [/scratch1/iot/gc2025/hw/build/hw/verilog/mkicache_data.v:41]
	Parameter id bound to: 0 - type: integer 
WARNING: [Synth 8-350] instance 'v_data_0_ram_single_0' of module 'bram_1rw' requires 8 connections, but only 7 given [/scratch1/iot/gc2025/hw/build/hw/verilog/mkicache_data.v:879]
WARNING: [Synth 8-350] instance 'v_data_0_ram_single_1' of module 'bram_1rw' requires 8 connections, but only 7 given [/scratch1/iot/gc2025/hw/build/hw/verilog/mkicache_data.v:890]
WARNING: [Synth 8-350] instance 'v_data_0_ram_single_10' of module 'bram_1rw' requires 8 connections, but only 7 given [/scratch1/iot/gc2025/hw/build/hw/verilog/mkicache_data.v:901]
WARNING: [Synth 8-350] instance 'v_data_0_ram_single_11' of module 'bram_1rw' requires 8 connections, but only 7 given [/scratch1/iot/gc2025/hw/build/hw/verilog/mkicache_data.v:912]
WARNING: [Synth 8-350] instance 'v_data_0_ram_single_12' of module 'bram_1rw' requires 8 connections, but only 7 given [/scratch1/iot/gc2025/hw/build/hw/verilog/mkicache_data.v:923]
WARNING: [Synth 8-350] instance 'v_data_0_ram_single_13' of module 'bram_1rw' requires 8 connections, but only 7 given [/scratch1/iot/gc2025/hw/build/hw/verilog/mkicache_data.v:934]
WARNING: [Synth 8-350] instance 'v_data_0_ram_single_14' of module 'bram_1rw' requires 8 connections, but only 7 given [/scratch1/iot/gc2025/hw/build/hw/verilog/mkicache_data.v:945]
WARNING: [Synth 8-350] instance 'v_data_0_ram_single_15' of module 'bram_1rw' requires 8 connections, but only 7 given [/scratch1/iot/gc2025/hw/build/hw/verilog/mkicache_data.v:956]
WARNING: [Synth 8-350] instance 'v_data_0_ram_single_2' of module 'bram_1rw' requires 8 connections, but only 7 given [/scratch1/iot/gc2025/hw/build/hw/verilog/mkicache_data.v:967]
WARNING: [Synth 8-350] instance 'v_data_0_ram_single_3' of module 'bram_1rw' requires 8 connections, but only 7 given [/scratch1/iot/gc2025/hw/build/hw/verilog/mkicache_data.v:978]
WARNING: [Synth 8-350] instance 'v_data_0_ram_single_4' of module 'bram_1rw' requires 8 connections, but only 7 given [/scratch1/iot/gc2025/hw/build/hw/verilog/mkicache_data.v:989]
WARNING: [Synth 8-350] instance 'v_data_0_ram_single_5' of module 'bram_1rw' requires 8 connections, but only 7 given [/scratch1/iot/gc2025/hw/build/hw/verilog/mkicache_data.v:1000]
WARNING: [Synth 8-350] instance 'v_data_0_ram_single_6' of module 'bram_1rw' requires 8 connections, but only 7 given [/scratch1/iot/gc2025/hw/build/hw/verilog/mkicache_data.v:1011]
WARNING: [Synth 8-350] instance 'v_data_0_ram_single_7' of module 'bram_1rw' requires 8 connections, but only 7 given [/scratch1/iot/gc2025/hw/build/hw/verilog/mkicache_data.v:1022]
WARNING: [Synth 8-350] instance 'v_data_0_ram_single_8' of module 'bram_1rw' requires 8 connections, but only 7 given [/scratch1/iot/gc2025/hw/build/hw/verilog/mkicache_data.v:1033]
WARNING: [Synth 8-350] instance 'v_data_0_ram_single_9' of module 'bram_1rw' requires 8 connections, but only 7 given [/scratch1/iot/gc2025/hw/build/hw/verilog/mkicache_data.v:1044]
WARNING: [Synth 8-350] instance 'v_data_1_ram_single_0' of module 'bram_1rw' requires 8 connections, but only 7 given [/scratch1/iot/gc2025/hw/build/hw/verilog/mkicache_data.v:1055]
WARNING: [Synth 8-350] instance 'v_data_1_ram_single_1' of module 'bram_1rw' requires 8 connections, but only 7 given [/scratch1/iot/gc2025/hw/build/hw/verilog/mkicache_data.v:1066]
WARNING: [Synth 8-350] instance 'v_data_1_ram_single_10' of module 'bram_1rw' requires 8 connections, but only 7 given [/scratch1/iot/gc2025/hw/build/hw/verilog/mkicache_data.v:1077]
WARNING: [Synth 8-350] instance 'v_data_1_ram_single_11' of module 'bram_1rw' requires 8 connections, but only 7 given [/scratch1/iot/gc2025/hw/build/hw/verilog/mkicache_data.v:1088]
WARNING: [Synth 8-350] instance 'v_data_1_ram_single_12' of module 'bram_1rw' requires 8 connections, but only 7 given [/scratch1/iot/gc2025/hw/build/hw/verilog/mkicache_data.v:1099]
WARNING: [Synth 8-350] instance 'v_data_1_ram_single_13' of module 'bram_1rw' requires 8 connections, but only 7 given [/scratch1/iot/gc2025/hw/build/hw/verilog/mkicache_data.v:1110]
WARNING: [Synth 8-350] instance 'v_data_1_ram_single_14' of module 'bram_1rw' requires 8 connections, but only 7 given [/scratch1/iot/gc2025/hw/build/hw/verilog/mkicache_data.v:1121]
WARNING: [Synth 8-350] instance 'v_data_1_ram_single_15' of module 'bram_1rw' requires 8 connections, but only 7 given [/scratch1/iot/gc2025/hw/build/hw/verilog/mkicache_data.v:1132]
WARNING: [Synth 8-350] instance 'v_data_1_ram_single_2' of module 'bram_1rw' requires 8 connections, but only 7 given [/scratch1/iot/gc2025/hw/build/hw/verilog/mkicache_data.v:1143]
WARNING: [Synth 8-350] instance 'v_data_1_ram_single_3' of module 'bram_1rw' requires 8 connections, but only 7 given [/scratch1/iot/gc2025/hw/build/hw/verilog/mkicache_data.v:1154]
WARNING: [Synth 8-350] instance 'v_data_1_ram_single_4' of module 'bram_1rw' requires 8 connections, but only 7 given [/scratch1/iot/gc2025/hw/build/hw/verilog/mkicache_data.v:1165]
WARNING: [Synth 8-350] instance 'v_data_1_ram_single_5' of module 'bram_1rw' requires 8 connections, but only 7 given [/scratch1/iot/gc2025/hw/build/hw/verilog/mkicache_data.v:1176]
WARNING: [Synth 8-350] instance 'v_data_1_ram_single_6' of module 'bram_1rw' requires 8 connections, but only 7 given [/scratch1/iot/gc2025/hw/build/hw/verilog/mkicache_data.v:1187]
WARNING: [Synth 8-350] instance 'v_data_1_ram_single_7' of module 'bram_1rw' requires 8 connections, but only 7 given [/scratch1/iot/gc2025/hw/build/hw/verilog/mkicache_data.v:1198]
WARNING: [Synth 8-350] instance 'v_data_1_ram_single_8' of module 'bram_1rw' requires 8 connections, but only 7 given [/scratch1/iot/gc2025/hw/build/hw/verilog/mkicache_data.v:1209]
INFO: [Common 17-14] Message 'Synth 8-350' appears 100 times and further instances of the messages will be disabled. Use the Tcl command set_msg_config to change the current settings.
WARNING: [Synth 8-6014] Unused sequential element v_data_0_rg_output_0_reg was removed.  [/scratch1/iot/gc2025/hw/build/hw/verilog/mkicache_data.v:2949]
WARNING: [Synth 8-6014] Unused sequential element v_data_0_rg_output_1_reg was removed.  [/scratch1/iot/gc2025/hw/build/hw/verilog/mkicache_data.v:2950]
WARNING: [Synth 8-6014] Unused sequential element v_data_0_rg_output_10_reg was removed.  [/scratch1/iot/gc2025/hw/build/hw/verilog/mkicache_data.v:2951]
WARNING: [Synth 8-6014] Unused sequential element v_data_0_rg_output_11_reg was removed.  [/scratch1/iot/gc2025/hw/build/hw/verilog/mkicache_data.v:2952]
WARNING: [Synth 8-6014] Unused sequential element v_data_0_rg_output_12_reg was removed.  [/scratch1/iot/gc2025/hw/build/hw/verilog/mkicache_data.v:2953]
WARNING: [Synth 8-6014] Unused sequential element v_data_0_rg_output_13_reg was removed.  [/scratch1/iot/gc2025/hw/build/hw/verilog/mkicache_data.v:2954]
WARNING: [Synth 8-6014] Unused sequential element v_data_0_rg_output_14_reg was removed.  [/scratch1/iot/gc2025/hw/build/hw/verilog/mkicache_data.v:2955]
WARNING: [Synth 8-6014] Unused sequential element v_data_0_rg_output_15_reg was removed.  [/scratch1/iot/gc2025/hw/build/hw/verilog/mkicache_data.v:2956]
WARNING: [Synth 8-6014] Unused sequential element v_data_0_rg_output_2_reg was removed.  [/scratch1/iot/gc2025/hw/build/hw/verilog/mkicache_data.v:2957]
WARNING: [Synth 8-6014] Unused sequential element v_data_0_rg_output_3_reg was removed.  [/scratch1/iot/gc2025/hw/build/hw/verilog/mkicache_data.v:2958]
WARNING: [Synth 8-6014] Unused sequential element v_data_0_rg_output_4_reg was removed.  [/scratch1/iot/gc2025/hw/build/hw/verilog/mkicache_data.v:2959]
WARNING: [Synth 8-6014] Unused sequential element v_data_0_rg_output_5_reg was removed.  [/scratch1/iot/gc2025/hw/build/hw/verilog/mkicache_data.v:2960]
WARNING: [Synth 8-6014] Unused sequential element v_data_0_rg_output_6_reg was removed.  [/scratch1/iot/gc2025/hw/build/hw/verilog/mkicache_data.v:2961]
WARNING: [Synth 8-6014] Unused sequential element v_data_0_rg_output_7_reg was removed.  [/scratch1/iot/gc2025/hw/build/hw/verilog/mkicache_data.v:2962]
WARNING: [Synth 8-6014] Unused sequential element v_data_0_rg_output_8_reg was removed.  [/scratch1/iot/gc2025/hw/build/hw/verilog/mkicache_data.v:2963]
WARNING: [Synth 8-6014] Unused sequential element v_data_0_rg_output_9_reg was removed.  [/scratch1/iot/gc2025/hw/build/hw/verilog/mkicache_data.v:2964]
INFO: [Common 17-14] Message 'Synth 8-6014' appears 100 times and further instances of the messages will be disabled. Use the Tcl command set_msg_config to change the current settings.
INFO: [Synth 8-6155] done synthesizing module 'mkicache_data' (33#1) [/scratch1/iot/gc2025/hw/build/hw/verilog/mkicache_data.v:41]
INFO: [Synth 8-6157] synthesizing module 'mkicache_fb_v2' [/scratch1/iot/gc2025/hw/build/hw/verilog/mkicache_fb_v2.v:56]
	Parameter id bound to: 0 - type: integer 
INFO: [Synth 8-6155] done synthesizing module 'mkicache_fb_v2' (34#1) [/scratch1/iot/gc2025/hw/build/hw/verilog/mkicache_fb_v2.v:56]
INFO: [Synth 8-6157] synthesizing module 'mkicache_tag' [/scratch1/iot/gc2025/hw/build/hw/verilog/mkicache_tag.v:41]
	Parameter id bound to: 0 - type: integer 
INFO: [Synth 8-6155] done synthesizing module 'mkicache_tag' (35#1) [/scratch1/iot/gc2025/hw/build/hw/verilog/mkicache_tag.v:41]
INFO: [Synth 8-3536] HDL ADVISOR - Pragma parallel_case detected. Simulation mismatch may occur [/scratch1/iot/gc2025/hw/build/hw/verilog/mkicache.v:2344]
INFO: [Synth 8-3536] HDL ADVISOR - Pragma parallel_case detected. Simulation mismatch may occur [/scratch1/iot/gc2025/hw/build/hw/verilog/mkicache.v:2358]
INFO: [Synth 8-3536] HDL ADVISOR - Pragma parallel_case detected. Simulation mismatch may occur [/scratch1/iot/gc2025/hw/build/hw/verilog/mkicache.v:2409]
INFO: [Synth 8-3536] HDL ADVISOR - Pragma parallel_case detected. Simulation mismatch may occur [/scratch1/iot/gc2025/hw/build/hw/verilog/mkicache.v:2423]
INFO: [Synth 8-6155] done synthesizing module 'mkicache' (36#1) [/scratch1/iot/gc2025/hw/build/hw/verilog/mkicache.v:112]
INFO: [Synth 8-6157] synthesizing module 'mkfa_itlb' [/scratch1/iot/gc2025/hw/build/hw/verilog/mkfa_itlb.v:57]
	Parameter hartid bound to: 0 - type: integer 
INFO: [Synth 8-6157] synthesizing module 'FIFO2__parameterized14' [/scratch1/iot/gc2025/hw/build/hw/verilog/FIFO2.v:28]
	Parameter width bound to: 40 - type: integer 
	Parameter guarded bound to: 1'b1 
INFO: [Synth 8-6155] done synthesizing module 'FIFO2__parameterized14' (36#1) [/scratch1/iot/gc2025/hw/build/hw/verilog/FIFO2.v:28]
INFO: [Synth 8-6155] done synthesizing module 'mkfa_itlb' (37#1) [/scratch1/iot/gc2025/hw/build/hw/verilog/mkfa_itlb.v:57]
INFO: [Synth 8-6155] done synthesizing module 'mkimem' (38#1) [/scratch1/iot/gc2025/hw/build/hw/verilog/mkimem.v:142]
INFO: [Synth 8-6157] synthesizing module 'FIFO1__parameterized4' [/scratch1/iot/gc2025/hw/build/hw/verilog/FIFO1.v:28]
	Parameter width bound to: 77 - type: integer 
	Parameter guarded bound to: 1'b1 
INFO: [Synth 8-6155] done synthesizing module 'FIFO1__parameterized4' (38#1) [/scratch1/iot/gc2025/hw/build/hw/verilog/FIFO1.v:28]
INFO: [Synth 8-6157] synthesizing module 'FIFO2__parameterized15' [/scratch1/iot/gc2025/hw/build/hw/verilog/FIFO2.v:28]
	Parameter width bound to: 81 - type: integer 
	Parameter guarded bound to: 1'b1 
INFO: [Synth 8-6155] done synthesizing module 'FIFO2__parameterized15' (38#1) [/scratch1/iot/gc2025/hw/build/hw/verilog/FIFO2.v:28]
INFO: [Synth 8-6157] synthesizing module 'FIFO2__parameterized16' [/scratch1/iot/gc2025/hw/build/hw/verilog/FIFO2.v:28]
	Parameter width bound to: 78 - type: integer 
	Parameter guarded bound to: 1'b1 
INFO: [Synth 8-6155] done synthesizing module 'FIFO2__parameterized16' (38#1) [/scratch1/iot/gc2025/hw/build/hw/verilog/FIFO2.v:28]
INFO: [Synth 8-6157] synthesizing module 'FIFO2__parameterized17' [/scratch1/iot/gc2025/hw/build/hw/verilog/FIFO2.v:28]
	Parameter width bound to: 107 - type: integer 
	Parameter guarded bound to: 1'b1 
INFO: [Synth 8-6155] done synthesizing module 'FIFO2__parameterized17' (38#1) [/scratch1/iot/gc2025/hw/build/hw/verilog/FIFO2.v:28]
INFO: [Synth 8-6157] synthesizing module 'mkriscv' [/scratch1/iot/gc2025/hw/build/hw/verilog/mkriscv.v:111]
	Parameter hartid bound to: 0 - type: integer 
INFO: [Synth 8-6157] synthesizing module 'SizedFIFO' [/scratch1/iot/gc2025/hw/build/hw/verilog/SizedFIFO.v:35]
	Parameter p1width bound to: 42 - type: integer 
	Parameter p2depth bound to: 8 - type: integer 
	Parameter p3cntr_width bound to: 3 - type: integer 
	Parameter guarded bound to: 1'b1 
	Parameter p2depth2 bound to: 6 - type: integer 
INFO: [Synth 8-155] case statement is not full and has no default [/scratch1/iot/gc2025/hw/build/hw/verilog/SizedFIFO.v:120]
INFO: [Synth 8-155] case statement is not full and has no default [/scratch1/iot/gc2025/hw/build/hw/verilog/SizedFIFO.v:177]
INFO: [Synth 8-6155] done synthesizing module 'SizedFIFO' (39#1) [/scratch1/iot/gc2025/hw/build/hw/verilog/SizedFIFO.v:35]
INFO: [Synth 8-6157] synthesizing module 'SizedFIFO__parameterized0' [/scratch1/iot/gc2025/hw/build/hw/verilog/SizedFIFO.v:35]
	Parameter p1width bound to: 44 - type: integer 
	Parameter p2depth bound to: 8 - type: integer 
	Parameter p3cntr_width bound to: 3 - type: integer 
	Parameter guarded bound to: 1'b1 
	Parameter p2depth2 bound to: 6 - type: integer 
INFO: [Synth 8-155] case statement is not full and has no default [/scratch1/iot/gc2025/hw/build/hw/verilog/SizedFIFO.v:120]
INFO: [Synth 8-155] case statement is not full and has no default [/scratch1/iot/gc2025/hw/build/hw/verilog/SizedFIFO.v:177]
INFO: [Synth 8-6155] done synthesizing module 'SizedFIFO__parameterized0' (39#1) [/scratch1/iot/gc2025/hw/build/hw/verilog/SizedFIFO.v:35]
INFO: [Synth 8-6157] synthesizing module 'SizedFIFO__parameterized1' [/scratch1/iot/gc2025/hw/build/hw/verilog/SizedFIFO.v:35]
	Parameter p1width bound to: 45 - type: integer 
	Parameter p2depth bound to: 8 - type: integer 
	Parameter p3cntr_width bound to: 3 - type: integer 
	Parameter guarded bound to: 1'b1 
	Parameter p2depth2 bound to: 6 - type: integer 
INFO: [Synth 8-155] case statement is not full and has no default [/scratch1/iot/gc2025/hw/build/hw/verilog/SizedFIFO.v:120]
INFO: [Synth 8-155] case statement is not full and has no default [/scratch1/iot/gc2025/hw/build/hw/verilog/SizedFIFO.v:177]
INFO: [Synth 8-6155] done synthesizing module 'SizedFIFO__parameterized1' (39#1) [/scratch1/iot/gc2025/hw/build/hw/verilog/SizedFIFO.v:35]
INFO: [Synth 8-6157] synthesizing module 'RevertReg' [/scratch1/iot/gc2025/hw/build/hw/verilog/RevertReg.v:7]
	Parameter width bound to: 1 - type: integer 
	Parameter init bound to: 1'b1 
INFO: [Synth 8-6155] done synthesizing module 'RevertReg' (40#1) [/scratch1/iot/gc2025/hw/build/hw/verilog/RevertReg.v:7]
INFO: [Synth 8-6157] synthesizing module 'SizedFIFO__parameterized2' [/scratch1/iot/gc2025/hw/build/hw/verilog/SizedFIFO.v:35]
	Parameter p1width bound to: 32 - type: integer 
	Parameter p2depth bound to: 8 - type: integer 
	Parameter p3cntr_width bound to: 3 - type: integer 
	Parameter guarded bound to: 1'b0 
	Parameter p2depth2 bound to: 6 - type: integer 
INFO: [Synth 8-155] case statement is not full and has no default [/scratch1/iot/gc2025/hw/build/hw/verilog/SizedFIFO.v:120]
INFO: [Synth 8-155] case statement is not full and has no default [/scratch1/iot/gc2025/hw/build/hw/verilog/SizedFIFO.v:177]
INFO: [Synth 8-6155] done synthesizing module 'SizedFIFO__parameterized2' (40#1) [/scratch1/iot/gc2025/hw/build/hw/verilog/SizedFIFO.v:35]
INFO: [Synth 8-6157] synthesizing module 'SizedFIFO__parameterized3' [/scratch1/iot/gc2025/hw/build/hw/verilog/SizedFIFO.v:35]
	Parameter p1width bound to: 3 - type: integer 
	Parameter p2depth bound to: 8 - type: integer 
	Parameter p3cntr_width bound to: 3 - type: integer 
	Parameter guarded bound to: 1'b1 
	Parameter p2depth2 bound to: 6 - type: integer 
INFO: [Synth 8-155] case statement is not full and has no default [/scratch1/iot/gc2025/hw/build/hw/verilog/SizedFIFO.v:120]
INFO: [Synth 8-155] case statement is not full and has no default [/scratch1/iot/gc2025/hw/build/hw/verilog/SizedFIFO.v:177]
INFO: [Synth 8-6155] done synthesizing module 'SizedFIFO__parameterized3' (40#1) [/scratch1/iot/gc2025/hw/build/hw/verilog/SizedFIFO.v:35]
INFO: [Synth 8-6157] synthesizing module 'FIFO2__parameterized18' [/scratch1/iot/gc2025/hw/build/hw/verilog/FIFO2.v:28]
	Parameter width bound to: 88 - type: integer 
	Parameter guarded bound to: 1'b1 
INFO: [Synth 8-6155] done synthesizing module 'FIFO2__parameterized18' (40#1) [/scratch1/iot/gc2025/hw/build/hw/verilog/FIFO2.v:28]
INFO: [Synth 8-6157] synthesizing module 'SizedFIFO__parameterized4' [/scratch1/iot/gc2025/hw/build/hw/verilog/SizedFIFO.v:35]
	Parameter p1width bound to: 49 - type: integer 
	Parameter p2depth bound to: 8 - type: integer 
	Parameter p3cntr_width bound to: 3 - type: integer 
	Parameter guarded bound to: 1'b1 
	Parameter p2depth2 bound to: 6 - type: integer 
INFO: [Synth 8-155] case statement is not full and has no default [/scratch1/iot/gc2025/hw/build/hw/verilog/SizedFIFO.v:120]
INFO: [Synth 8-155] case statement is not full and has no default [/scratch1/iot/gc2025/hw/build/hw/verilog/SizedFIFO.v:177]
INFO: [Synth 8-6155] done synthesizing module 'SizedFIFO__parameterized4' (40#1) [/scratch1/iot/gc2025/hw/build/hw/verilog/SizedFIFO.v:35]
INFO: [Synth 8-6157] synthesizing module 'SizedFIFO__parameterized5' [/scratch1/iot/gc2025/hw/build/hw/verilog/SizedFIFO.v:35]
	Parameter p1width bound to: 40 - type: integer 
	Parameter p2depth bound to: 8 - type: integer 
	Parameter p3cntr_width bound to: 3 - type: integer 
	Parameter guarded bound to: 1'b1 
	Parameter p2depth2 bound to: 6 - type: integer 
INFO: [Synth 8-155] case statement is not full and has no default [/scratch1/iot/gc2025/hw/build/hw/verilog/SizedFIFO.v:120]
INFO: [Synth 8-155] case statement is not full and has no default [/scratch1/iot/gc2025/hw/build/hw/verilog/SizedFIFO.v:177]
INFO: [Synth 8-6155] done synthesizing module 'SizedFIFO__parameterized5' (40#1) [/scratch1/iot/gc2025/hw/build/hw/verilog/SizedFIFO.v:35]
INFO: [Synth 8-6157] synthesizing module 'SizedFIFO__parameterized6' [/scratch1/iot/gc2025/hw/build/hw/verilog/SizedFIFO.v:35]
	Parameter p1width bound to: 37 - type: integer 
	Parameter p2depth bound to: 8 - type: integer 
	Parameter p3cntr_width bound to: 3 - type: integer 
	Parameter guarded bound to: 1'b1 
	Parameter p2depth2 bound to: 6 - type: integer 
INFO: [Synth 8-155] case statement is not full and has no default [/scratch1/iot/gc2025/hw/build/hw/verilog/SizedFIFO.v:120]
INFO: [Synth 8-155] case statement is not full and has no default [/scratch1/iot/gc2025/hw/build/hw/verilog/SizedFIFO.v:177]
INFO: [Synth 8-6155] done synthesizing module 'SizedFIFO__parameterized6' (40#1) [/scratch1/iot/gc2025/hw/build/hw/verilog/SizedFIFO.v:35]
INFO: [Synth 8-6157] synthesizing module 'mkmbox' [/scratch1/iot/gc2025/hw/build/hw/verilog/mkmbox.v:41]
	Parameter hartid bound to: 0 - type: integer 
INFO: [Synth 8-6157] synthesizing module 'mkrestoring_div' [/scratch1/iot/gc2025/hw/build/hw/verilog/mkrestoring_div.v:41]
	Parameter hartid bound to: 0 - type: integer 
INFO: [Synth 8-6155] done synthesizing module 'mkrestoring_div' (41#1) [/scratch1/iot/gc2025/hw/build/hw/verilog/mkrestoring_div.v:41]
INFO: [Synth 8-6157] synthesizing module 'FIFO2__parameterized19' [/scratch1/iot/gc2025/hw/build/hw/verilog/FIFO2.v:28]
	Parameter width bound to: 1 - type: integer 
	Parameter guarded bound to: 1'b0 
INFO: [Synth 8-6155] done synthesizing module 'FIFO2__parameterized19' (41#1) [/scratch1/iot/gc2025/hw/build/hw/verilog/FIFO2.v:28]
INFO: [Synth 8-6157] synthesizing module 'mkcombo_mul' [/scratch1/iot/gc2025/hw/build/hw/verilog/mkcombo_mul.v:42]
INFO: [Synth 8-6157] synthesizing module 'FIFOL1' [/scratch1/iot/gc2025/hw/build/hw/verilog/FIFOL1.v:30]
	Parameter width bound to: 1 - type: integer 
INFO: [Synth 8-6155] done synthesizing module 'FIFOL1' (42#1) [/scratch1/iot/gc2025/hw/build/hw/verilog/FIFOL1.v:30]
INFO: [Synth 8-6157] synthesizing module 'signedmul' [/scratch1/iot/gc2025/hw/build/hw/verilog/signedmul.v:31]
	Parameter AWIDTH bound to: 33 - type: integer 
	Parameter BWIDTH bound to: 33 - type: integer 
INFO: [Synth 8-6155] done synthesizing module 'signedmul' (43#1) [/scratch1/iot/gc2025/hw/build/hw/verilog/signedmul.v:31]
INFO: [Synth 8-6155] done synthesizing module 'mkcombo_mul' (44#1) [/scratch1/iot/gc2025/hw/build/hw/verilog/mkcombo_mul.v:42]
INFO: [Synth 8-6155] done synthesizing module 'mkmbox' (45#1) [/scratch1/iot/gc2025/hw/build/hw/verilog/mkmbox.v:41]
INFO: [Synth 8-6157] synthesizing module 'FIFO2__parameterized20' [/scratch1/iot/gc2025/hw/build/hw/verilog/FIFO2.v:28]
	Parameter width bound to: 45 - type: integer 
	Parameter guarded bound to: 1'b1 
INFO: [Synth 8-6155] done synthesizing module 'FIFO2__parameterized20' (45#1) [/scratch1/iot/gc2025/hw/build/hw/verilog/FIFO2.v:28]
INFO: [Synth 8-6157] synthesizing module 'FIFOL1__parameterized0' [/scratch1/iot/gc2025/hw/build/hw/verilog/FIFOL1.v:30]
	Parameter width bound to: 4 - type: integer 
INFO: [Synth 8-6155] done synthesizing module 'FIFOL1__parameterized0' (45#1) [/scratch1/iot/gc2025/hw/build/hw/verilog/FIFOL1.v:30]
INFO: [Synth 8-6157] synthesizing module 'FIFOL1__parameterized1' [/scratch1/iot/gc2025/hw/build/hw/verilog/FIFOL1.v:30]
	Parameter width bound to: 63 - type: integer 
INFO: [Synth 8-6155] done synthesizing module 'FIFOL1__parameterized1' (45#1) [/scratch1/iot/gc2025/hw/build/hw/verilog/FIFOL1.v:30]
INFO: [Synth 8-6157] synthesizing module 'FIFOL1__parameterized2' [/scratch1/iot/gc2025/hw/build/hw/verilog/FIFOL1.v:30]
	Parameter width bound to: 32 - type: integer 
INFO: [Synth 8-6155] done synthesizing module 'FIFOL1__parameterized2' (45#1) [/scratch1/iot/gc2025/hw/build/hw/verilog/FIFOL1.v:30]
INFO: [Synth 8-6157] synthesizing module 'FIFOL1__parameterized3' [/scratch1/iot/gc2025/hw/build/hw/verilog/FIFOL1.v:30]
	Parameter width bound to: 13 - type: integer 
INFO: [Synth 8-6155] done synthesizing module 'FIFOL1__parameterized3' (45#1) [/scratch1/iot/gc2025/hw/build/hw/verilog/FIFOL1.v:30]
INFO: [Synth 8-6157] synthesizing module 'mkstage0' [/scratch1/iot/gc2025/hw/build/hw/verilog/mkstage0.v:79]
	Parameter hartid bound to: 0 - type: integer 
INFO: [Synth 8-6157] synthesizing module 'mkbpu' [/scratch1/iot/gc2025/hw/build/hw/verilog/mkbpu.v:47]
	Parameter hartid bound to: 0 - type: integer 
INFO: [Synth 8-6157] synthesizing module 'RegFile' [/scratch1/iot/gc2025/hw/build/hw/verilog/RegFile.v:15]
	Parameter addr_width bound to: 3 - type: integer 
	Parameter data_width bound to: 32 - type: integer 
	Parameter lo bound to: 3'b000 
	Parameter hi bound to: 3'b111 
INFO: [Synth 8-5534] Detected attribute (* RAM_STYLE = "DISTRIBUTED" *) [/scratch1/iot/gc2025/hw/build/hw/verilog/RegFile.v:49]
INFO: [Synth 8-6155] done synthesizing module 'RegFile' (46#1) [/scratch1/iot/gc2025/hw/build/hw/verilog/RegFile.v:15]
INFO: [Synth 8-6157] synthesizing module 'RegFile__parameterized0' [/scratch1/iot/gc2025/hw/build/hw/verilog/RegFile.v:15]
	Parameter addr_width bound to: 8 - type: integer 
	Parameter data_width bound to: 2 - type: integer 
	Parameter lo bound to: 8'b00000000 
	Parameter hi bound to: 8'b11111111 
INFO: [Synth 8-6155] done synthesizing module 'RegFile__parameterized0' (46#1) [/scratch1/iot/gc2025/hw/build/hw/verilog/RegFile.v:15]
INFO: [Synth 8-6155] done synthesizing module 'mkbpu' (47#1) [/scratch1/iot/gc2025/hw/build/hw/verilog/mkbpu.v:47]
INFO: [Synth 8-6155] done synthesizing module 'mkstage0' (48#1) [/scratch1/iot/gc2025/hw/build/hw/verilog/mkstage0.v:79]
INFO: [Synth 8-6157] synthesizing module 'mkstage1' [/scratch1/iot/gc2025/hw/build/hw/verilog/mkstage1.v:72]
	Parameter hartid bound to: 0 - type: integer 
WARNING: [Synth 8-4446] all outputs are unconnected for this instance and logic may be removed [/scratch1/iot/gc2025/hw/build/hw/verilog/mkstage1.v:350]
INFO: [Synth 8-6157] synthesizing module 'FIFO2__parameterized21' [/scratch1/iot/gc2025/hw/build/hw/verilog/FIFO2.v:28]
	Parameter width bound to: 42 - type: integer 
	Parameter guarded bound to: 1'b0 
INFO: [Synth 8-6155] done synthesizing module 'FIFO2__parameterized21' (48#1) [/scratch1/iot/gc2025/hw/build/hw/verilog/FIFO2.v:28]
INFO: [Synth 8-6157] synthesizing module 'module_fn_decompress' [/scratch1/iot/gc2025/hw/build/hw/verilog/module_fn_decompress.v:30]
INFO: [Synth 8-6155] done synthesizing module 'module_fn_decompress' (49#1) [/scratch1/iot/gc2025/hw/build/hw/verilog/module_fn_decompress.v:30]
INFO: [Synth 8-6155] done synthesizing module 'mkstage1' (50#1) [/scratch1/iot/gc2025/hw/build/hw/verilog/mkstage1.v:72]
INFO: [Synth 8-6157] synthesizing module 'mkstage2' [/scratch1/iot/gc2025/hw/build/hw/verilog/mkstage2.v:155]
	Parameter hartid bound to: 0 - type: integer 
INFO: [Synth 8-6157] synthesizing module 'mkregisterfile' [/scratch1/iot/gc2025/hw/build/hw/verilog/mkregisterfile.v:40]
	Parameter hartid bound to: 0 - type: integer 
INFO: [Synth 8-6157] synthesizing module 'RegFile__parameterized1' [/scratch1/iot/gc2025/hw/build/hw/verilog/RegFile.v:15]
	Parameter addr_width bound to: 5 - type: integer 
	Parameter data_width bound to: 32 - type: integer 
	Parameter lo bound to: 5'b00000 
	Parameter hi bound to: 5'b11111 
INFO: [Synth 8-6155] done synthesizing module 'RegFile__parameterized1' (50#1) [/scratch1/iot/gc2025/hw/build/hw/verilog/RegFile.v:15]
INFO: [Synth 8-6155] done synthesizing module 'mkregisterfile' (51#1) [/scratch1/iot/gc2025/hw/build/hw/verilog/mkregisterfile.v:40]
INFO: [Synth 8-6157] synthesizing module 'module_fn_decode' [/scratch1/iot/gc2025/hw/build/hw/verilog/module_fn_decode.v:36]
INFO: [Synth 8-6157] synthesizing module 'module_fn_decode_immediate' [/scratch1/iot/gc2025/hw/build/hw/verilog/module_fn_decode_immediate.v:31]
INFO: [Common 17-14] Message 'Synth 8-6157' appears 100 times and further instances of the messages will be disabled. Use the Tcl command set_msg_config to change the current settings.
INFO: [Synth 8-6155] done synthesizing module 'module_fn_decode_immediate' (52#1) [/scratch1/iot/gc2025/hw/build/hw/verilog/module_fn_decode_immediate.v:31]
INFO: [Synth 8-6155] done synthesizing module 'module_fn_decode_fn' (53#1) [/scratch1/iot/gc2025/hw/build/hw/verilog/module_fn_decode_fn.v:31]
INFO: [Synth 8-6155] done synthesizing module 'module_fn_decode_rs1' (54#1) [/scratch1/iot/gc2025/hw/build/hw/verilog/module_fn_decode_rs1.v:30]
INFO: [Synth 8-6155] done synthesizing module 'module_fn_decode_rs2' (55#1) [/scratch1/iot/gc2025/hw/build/hw/verilog/module_fn_decode_rs2.v:31]
INFO: [Synth 8-6155] done synthesizing module 'module_fn_decode_rd' (56#1) [/scratch1/iot/gc2025/hw/build/hw/verilog/module_fn_decode_rd.v:30]
INFO: [Synth 8-6155] done synthesizing module 'module_fn_decode_trapcause' (57#1) [/scratch1/iot/gc2025/hw/build/hw/verilog/module_fn_decode_trapcause.v:34]
INFO: [Synth 8-6155] done synthesizing module 'module_fn_decode_mem_access' (58#1) [/scratch1/iot/gc2025/hw/build/hw/verilog/module_fn_decode_mem_access.v:30]
INFO: [Synth 8-6155] done synthesizing module 'module_hasCSRPermission' (59#1) [/scratch1/iot/gc2025/hw/build/hw/verilog/module_hasCSRPermission.v:34]
INFO: [Common 17-14] Message 'Synth 8-6155' appears 100 times and further instances of the messages will be disabled. Use the Tcl command set_msg_config to change the current settings.
	Parameter hartid bound to: 0 - type: integer 
INFO: [Synth 8-3536] HDL ADVISOR - Pragma parallel_case detected. Simulation mismatch may occur [/scratch1/iot/gc2025/hw/build/hw/verilog/mkstage3.v:1230]
INFO: [Synth 8-3536] HDL ADVISOR - Pragma parallel_case detected. Simulation mismatch may occur [/scratch1/iot/gc2025/hw/build/hw/verilog/mkstage3.v:1264]
INFO: [Synth 8-3536] HDL ADVISOR - Pragma parallel_case detected. Simulation mismatch may occur [/scratch1/iot/gc2025/hw/build/hw/verilog/mkstage3.v:1337]
	Parameter hartid bound to: 0 - type: integer 
	Parameter hartid bound to: 0 - type: integer 
INFO: [Synth 8-3536] HDL ADVISOR - Pragma parallel_case detected. Simulation mismatch may occur [/scratch1/iot/gc2025/hw/build/hw/verilog/mkstage4.v:710]
INFO: [Synth 8-3536] HDL ADVISOR - Pragma parallel_case detected. Simulation mismatch may occur [/scratch1/iot/gc2025/hw/build/hw/verilog/mkstage4.v:761]
	Parameter hartid bound to: 0 - type: integer 
INFO: [Synth 8-3536] HDL ADVISOR - Pragma parallel_case detected. Simulation mismatch may occur [/scratch1/iot/gc2025/hw/build/hw/verilog/mkstage5.v:1004]
	Parameter hartid bound to: 0 - type: integer 
	Parameter width bound to: 47 - type: integer 
	Parameter guarded bound to: 1'b1 
WARNING: [Synth 8-4446] all outputs are unconnected for this instance and logic may be removed [/scratch1/iot/gc2025/hw/build/hw/verilog/mk_csrbox.v:2077]
INFO: [Synth 8-3536] HDL ADVISOR - Pragma parallel_case detected. Simulation mismatch may occur [/scratch1/iot/gc2025/hw/build/hw/verilog/mk_csrbox.v:2688]
INFO: [Synth 8-3536] HDL ADVISOR - Pragma parallel_case detected. Simulation mismatch may occur [/scratch1/iot/gc2025/hw/build/hw/verilog/mk_csrbox.v:2712]
INFO: [Synth 8-3536] HDL ADVISOR - Pragma parallel_case detected. Simulation mismatch may occur [/scratch1/iot/gc2025/hw/build/hw/verilog/mk_csrbox.v:2736]
INFO: [Synth 8-3536] HDL ADVISOR - Pragma parallel_case detected. Simulation mismatch may occur [/scratch1/iot/gc2025/hw/build/hw/verilog/mk_csrbox.v:2777]
INFO: [Synth 8-3536] HDL ADVISOR - Pragma parallel_case detected. Simulation mismatch may occur [/scratch1/iot/gc2025/hw/build/hw/verilog/mk_csrbox.v:2801]
INFO: [Synth 8-3536] HDL ADVISOR - Pragma parallel_case detected. Simulation mismatch may occur [/scratch1/iot/gc2025/hw/build/hw/verilog/mk_csrbox.v:2827]
WARNING: [Synth 8-3936] Found unconnected internal register 'x__h13993_reg' and it is trimmed from '32' to '20' bits. [/scratch1/iot/gc2025/hw/build/hw/verilog/mk_csrbox.v:2203]
WARNING: [Synth 8-3936] Found unconnected internal register 'x__h13158_reg' and it is trimmed from '32' to '23' bits. [/scratch1/iot/gc2025/hw/build/hw/verilog/mk_csrbox.v:2749]
WARNING: [Synth 8-3936] Found unconnected internal register 'x__h6874_reg' and it is trimmed from '32' to '16' bits. [/scratch1/iot/gc2025/hw/build/hw/verilog/mk_csrbox.v:2176]
WARNING: [Synth 8-3936] Found unconnected internal register 'word__h15275_reg' and it is trimmed from '32' to '2' bits. [/scratch1/iot/gc2025/hw/build/hw/verilog/mk_csrbox.v:2603]
WARNING: [Synth 8-3936] Found unconnected internal register 'word__h14530_reg' and it is trimmed from '32' to '11' bits. [/scratch1/iot/gc2025/hw/build/hw/verilog/mk_csrbox.v:2595]
WARNING: [Synth 8-3936] Found unconnected internal register 'CASE_ma_core_req_req_BITS_2_TO_1_1_ma_core_req_ETC__q4_reg' and it is trimmed from '32' to '5' bits. [/scratch1/iot/gc2025/hw/build/hw/verilog/mk_csrbox.v:2991]
WARNING: [Synth 8-3936] Found unconnected internal register 'CASE_ma_core_req_req_BITS_2_TO_1_1_ma_core_req_ETC__q3_reg' and it is trimmed from '32' to '5' bits. [/scratch1/iot/gc2025/hw/build/hw/verilog/mk_csrbox.v:2449]
WARNING: [Synth 8-3936] Found unconnected internal register 'IF_ma_core_req_req_BITS_2_TO_1_18_EQ_1_19_THEN_ETC___d773_reg' and it is trimmed from '32' to '16' bits. [/scratch1/iot/gc2025/hw/build/hw/verilog/mk_csrbox.v:2511]
WARNING: [Synth 8-3936] Found unconnected internal register 'IF_ma_core_req_req_BITS_2_TO_1_18_EQ_1_19_THEN_ETC___d792_reg' and it is trimmed from '32' to '16' bits. [/scratch1/iot/gc2025/hw/build/hw/verilog/mk_csrbox.v:2460]
WARNING: [Synth 8-3936] Found unconnected internal register 'word__h19610_reg' and it is trimmed from '32' to '30' bits. [/scratch1/iot/gc2025/hw/build/hw/verilog/mk_csrbox.v:2905]
WARNING: [Synth 8-3936] Found unconnected internal register 'word__h19453_reg' and it is trimmed from '32' to '30' bits. [/scratch1/iot/gc2025/hw/build/hw/verilog/mk_csrbox.v:2899]
WARNING: [Synth 8-3936] Found unconnected internal register 'word__h19134_reg' and it is trimmed from '32' to '30' bits. [/scratch1/iot/gc2025/hw/build/hw/verilog/mk_csrbox.v:2887]
WARNING: [Synth 8-3936] Found unconnected internal register 'word__h19296_reg' and it is trimmed from '32' to '30' bits. [/scratch1/iot/gc2025/hw/build/hw/verilog/mk_csrbox.v:2893]
WARNING: [Synth 8-3936] Found unconnected internal register 'x__h20435_reg' and it is trimmed from '32' to '8' bits. [/scratch1/iot/gc2025/hw/build/hw/verilog/mk_csrbox.v:2996]
WARNING: [Synth 8-3936] Found unconnected internal register 'x__h20026_reg' and it is trimmed from '32' to '8' bits. [/scratch1/iot/gc2025/hw/build/hw/verilog/mk_csrbox.v:2467]
WARNING: [Synth 8-3936] Found unconnected internal register 'x__h15568_reg' and it is trimmed from '32' to '17' bits. [/scratch1/iot/gc2025/hw/build/hw/verilog/mk_csrbox.v:2526]
WARNING: [Synth 8-3936] Found unconnected internal register 'x__h16334_reg' and it is trimmed from '32' to '10' bits. [/scratch1/iot/gc2025/hw/build/hw/verilog/mk_csrbox.v:2549]
INFO: [Synth 8-3536] HDL ADVISOR - Pragma parallel_case detected. Simulation mismatch may occur [/scratch1/iot/gc2025/hw/build/hw/verilog/mkstage5.v:1410]
INFO: [Synth 8-3536] HDL ADVISOR - Pragma parallel_case detected. Simulation mismatch may occur [/scratch1/iot/gc2025/hw/build/hw/verilog/mkstage5.v:1476]
INFO: [Synth 8-3536] HDL ADVISOR - Pragma parallel_case detected. Simulation mismatch may occur [/scratch1/iot/gc2025/hw/build/hw/verilog/mkccore_axi4.v:2062]
INFO: [Synth 8-3536] HDL ADVISOR - Pragma parallel_case detected. Simulation mismatch may occur [/scratch1/iot/gc2025/hw/build/hw/verilog/mkccore_axi4.v:2090]
INFO: [Synth 8-3536] HDL ADVISOR - Pragma parallel_case detected. Simulation mismatch may occur [/scratch1/iot/gc2025/hw/build/hw/verilog/mkccore_axi4.v:2254]
INFO: [Synth 8-3536] HDL ADVISOR - Pragma parallel_case detected. Simulation mismatch may occur [/scratch1/iot/gc2025/hw/build/hw/verilog/mkccore_axi4.v:2310]
INFO: [Synth 8-3536] HDL ADVISOR - Pragma parallel_case detected. Simulation mismatch may occur [/scratch1/iot/gc2025/hw/build/hw/verilog/mkccore_axi4.v:2355]
WARNING: [Synth 8-4446] all outputs are unconnected for this instance and logic may be removed [/scratch1/iot/gc2025/hw/build/hw/verilog/mkSoc.v:6448]
	Parameter width bound to: 32 - type: integer 
	Parameter guarded bound to: 1'b1 
INFO: [Synth 8-3536] HDL ADVISOR - Pragma parallel_case detected. Simulation mismatch may occur [/scratch1/iot/gc2025/hw/build/hw/verilog/mkdma.v:4028]
INFO: [Synth 8-3536] HDL ADVISOR - Pragma parallel_case detected. Simulation mismatch may occur [/scratch1/iot/gc2025/hw/build/hw/verilog/mkdma.v:4098]
INFO: [Synth 8-3536] HDL ADVISOR - Pragma parallel_case detected. Simulation mismatch may occur [/scratch1/iot/gc2025/hw/build/hw/verilog/mkdma.v:4368]
INFO: [Synth 8-3536] HDL ADVISOR - Pragma parallel_case detected. Simulation mismatch may occur [/scratch1/iot/gc2025/hw/build/hw/verilog/mkdma.v:4504]
INFO: [Synth 8-3536] HDL ADVISOR - Pragma parallel_case detected. Simulation mismatch may occur [/scratch1/iot/gc2025/hw/build/hw/verilog/mkdma.v:4548]
INFO: [Synth 8-3536] HDL ADVISOR - Pragma parallel_case detected. Simulation mismatch may occur [/scratch1/iot/gc2025/hw/build/hw/verilog/mkdma.v:4663]
INFO: [Synth 8-3536] HDL ADVISOR - Pragma parallel_case detected. Simulation mismatch may occur [/scratch1/iot/gc2025/hw/build/hw/verilog/mkdma.v:4732]
INFO: [Synth 8-3536] HDL ADVISOR - Pragma parallel_case detected. Simulation mismatch may occur [/scratch1/iot/gc2025/hw/build/hw/verilog/mkdma.v:4800]
WARNING: [Synth 8-4446] all outputs are unconnected for this instance and logic may be removed [/scratch1/iot/gc2025/hw/build/hw/verilog/mkSoc.v:6576]
	Parameter guarded bound to: 1'b1 
WARNING: [Synth 8-4446] all outputs are unconnected for this instance and logic may be removed [/scratch1/iot/gc2025/hw/build/hw/verilog/mkSoc.v:6585]
WARNING: [Synth 8-4446] all outputs are unconnected for this instance and logic may be removed [/scratch1/iot/gc2025/hw/build/hw/verilog/mkSoc.v:6594]
WARNING: [Synth 8-4446] all outputs are unconnected for this instance and logic may be removed [/scratch1/iot/gc2025/hw/build/hw/verilog/mkSoc.v:6603]
	Parameter width bound to: 3 - type: integer 
	Parameter guarded bound to: 1'b1 
WARNING: [Synth 8-4446] all outputs are unconnected for this instance and logic may be removed [/scratch1/iot/gc2025/hw/build/hw/verilog/mkSoc.v:6733]
WARNING: [Synth 8-4446] all outputs are unconnected for this instance and logic may be removed [/scratch1/iot/gc2025/hw/build/hw/verilog/mkSoc.v:6742]
WARNING: [Synth 8-4446] all outputs are unconnected for this instance and logic may be removed [/scratch1/iot/gc2025/hw/build/hw/verilog/mkSoc.v:6751]
WARNING: [Synth 8-4446] all outputs are unconnected for this instance and logic may be removed [/scratch1/iot/gc2025/hw/build/hw/verilog/mkSoc.v:6760]
WARNING: [Synth 8-4446] all outputs are unconnected for this instance and logic may be removed [/scratch1/iot/gc2025/hw/build/hw/verilog/mkSoc.v:6890]
WARNING: [Synth 8-4446] all outputs are unconnected for this instance and logic may be removed [/scratch1/iot/gc2025/hw/build/hw/verilog/mkSoc.v:6899]
WARNING: [Synth 8-4446] all outputs are unconnected for this instance and logic may be removed [/scratch1/iot/gc2025/hw/build/hw/verilog/mkSoc.v:6908]
WARNING: [Synth 8-4446] all outputs are unconnected for this instance and logic may be removed [/scratch1/iot/gc2025/hw/build/hw/verilog/mkSoc.v:6917]
WARNING: [Synth 8-4446] all outputs are unconnected for this instance and logic may be removed [/scratch1/iot/gc2025/hw/build/hw/verilog/mkmixed_cluster.v:3186]
	Parameter width bound to: 1 - type: integer 
	Parameter guarded bound to: 1'b1 
	Parameter width bound to: 4 - type: integer 
	Parameter guarded bound to: 1'b1 
WARNING: [Synth 8-4446] all outputs are unconnected for this instance and logic may be removed [/scratch1/iot/gc2025/hw/build/hw/verilog/mkmixed_cluster.v:3338]
	Parameter RSTDELAY bound to: 1 - type: integer 
	Parameter initVal bound to: 1'b0 
	Parameter initGate bound to: 1'b1 
	Parameter width bound to: 16 - type: integer 
	Parameter init bound to: 16'b0000000000000000 
	Parameter init bound to: 32'sb00000000000000000000000000000000 
	Parameter delayreturn bound to: 1 - type: integer 
	Parameter dataWidth bound to: 37 - type: integer 
	Parameter depth bound to: 4 - type: integer 
	Parameter indxWidth bound to: 2 - type: integer 
	Parameter dataWidth bound to: 34 - type: integer 
	Parameter depth bound to: 4 - type: integer 
	Parameter indxWidth bound to: 2 - type: integer 
	Parameter dataWidth bound to: 36 - type: integer 
	Parameter depth bound to: 4 - type: integer 
	Parameter indxWidth bound to: 2 - type: integer 
	Parameter dataWidth bound to: 2 - type: integer 
	Parameter depth bound to: 4 - type: integer 
	Parameter indxWidth bound to: 2 - type: integer 
	Parameter init bound to: 1'b0 
INFO: [Synth 8-3536] HDL ADVISOR - Pragma parallel_case detected. Simulation mismatch may occur [/scratch1/iot/gc2025/hw/build/hw/verilog/mki2c.v:1439]
INFO: [Synth 8-3536] HDL ADVISOR - Pragma parallel_case detected. Simulation mismatch may occur [/scratch1/iot/gc2025/hw/build/hw/verilog/mki2c.v:1507]
INFO: [Synth 8-3536] HDL ADVISOR - Pragma parallel_case detected. Simulation mismatch may occur [/scratch1/iot/gc2025/hw/build/hw/verilog/mki2c.v:1963]
INFO: [Synth 8-3536] HDL ADVISOR - Pragma parallel_case detected. Simulation mismatch may occur [/scratch1/iot/gc2025/hw/build/hw/verilog/mki2c.v:1999]
INFO: [Synth 8-3536] HDL ADVISOR - Pragma parallel_case detected. Simulation mismatch may occur [/scratch1/iot/gc2025/hw/build/hw/verilog/mki2c.v:2078]
INFO: [Synth 8-3536] HDL ADVISOR - Pragma parallel_case detected. Simulation mismatch may occur [/scratch1/iot/gc2025/hw/build/hw/verilog/mkmixed_cluster.v:5667]
INFO: [Synth 8-3536] HDL ADVISOR - Pragma parallel_case detected. Simulation mismatch may occur [/scratch1/iot/gc2025/hw/build/hw/verilog/mkmixed_cluster.v:5838]
INFO: [Synth 8-3536] HDL ADVISOR - Pragma parallel_case detected. Simulation mismatch may occur [/scratch1/iot/gc2025/hw/build/hw/verilog/mkmixed_cluster.v:5941]
INFO: [Synth 8-3536] HDL ADVISOR - Pragma parallel_case detected. Simulation mismatch may occur [/scratch1/iot/gc2025/hw/build/hw/verilog/mkmixed_cluster.v:6068]
WARNING: [Synth 8-4446] all outputs are unconnected for this instance and logic may be removed [/scratch1/iot/gc2025/hw/build/hw/verilog/mkpwm_cluster.v:934]
WARNING: [Synth 8-4446] all outputs are unconnected for this instance and logic may be removed [/scratch1/iot/gc2025/hw/build/hw/verilog/mkpwm_cluster.v:976]
	Parameter width bound to: 32 - type: integer 
	Parameter init bound to: 32'b00000000000000000000000000000000 
	Parameter width bound to: 15 - type: integer 
	Parameter init bound to: 15'b000000000000000 
	Parameter width bound to: 1 - type: integer 
	Parameter init bound to: 1'b0 
WARNING: [Synth 8-4446] all outputs are unconnected for this instance and logic may be removed [/scratch1/iot/gc2025/hw/build/hw/verilog/mkSoc.v:7943]
WARNING: [Synth 8-4446] all outputs are unconnected for this instance and logic may be removed [/scratch1/iot/gc2025/hw/build/hw/verilog/mkSoc.v:8040]
WARNING: [Synth 8-4446] all outputs are unconnected for this instance and logic may be removed [/scratch1/iot/gc2025/hw/build/hw/verilog/mkspi_cluster.v:1216]
WARNING: [Synth 8-4446] all outputs are unconnected for this instance and logic may be removed [/scratch1/iot/gc2025/hw/build/hw/verilog/mkspi_cluster.v:1269]
INFO: [Synth 8-3536] HDL ADVISOR - Pragma parallel_case detected. Simulation mismatch may occur [/scratch1/iot/gc2025/hw/build/hw/verilog/mkspi_cluster.v:2071]
INFO: [Synth 8-3536] HDL ADVISOR - Pragma parallel_case detected. Simulation mismatch may occur [/scratch1/iot/gc2025/hw/build/hw/verilog/mkspi_cluster.v:2125]
INFO: [Synth 8-3536] HDL ADVISOR - Pragma parallel_case detected. Simulation mismatch may occur [/scratch1/iot/gc2025/hw/build/hw/verilog/mkspi_cluster.v:2165]
INFO: [Synth 8-3536] HDL ADVISOR - Pragma parallel_case detected. Simulation mismatch may occur [/scratch1/iot/gc2025/hw/build/hw/verilog/mkspi_cluster.v:2220]
WARNING: [Synth 8-4446] all outputs are unconnected for this instance and logic may be removed [/scratch1/iot/gc2025/hw/build/hw/verilog/mkuart_cluster.v:1127]
WARNING: [Synth 8-4446] all outputs are unconnected for this instance and logic may be removed [/scratch1/iot/gc2025/hw/build/hw/verilog/mkuart_cluster.v:1191]
	Parameter width bound to: 16 - type: integer 
	Parameter init bound to: 16'b0000000000000000 
	Parameter width bound to: 3 - type: integer 
	Parameter init bound to: 3'b000 
	Parameter p1width bound to: 32 - type: integer 
	Parameter p2depth bound to: 16 - type: integer 
	Parameter p3cntr_width bound to: 4 - type: integer 
	Parameter guarded bound to: 1'b1 
	Parameter p2depth2 bound to: 14 - type: integer 
INFO: [Synth 8-155] case statement is not full and has no default [/scratch1/iot/gc2025/hw/build/hw/verilog/SizedFIFO.v:120]
INFO: [Synth 8-155] case statement is not full and has no default [/scratch1/iot/gc2025/hw/build/hw/verilog/SizedFIFO.v:177]
INFO: [Synth 8-3536] HDL ADVISOR - Pragma parallel_case detected. Simulation mismatch may occur [/scratch1/iot/gc2025/hw/build/hw/verilog/mkuart.v:1487]
INFO: [Synth 8-3536] HDL ADVISOR - Pragma parallel_case detected. Simulation mismatch may occur [/scratch1/iot/gc2025/hw/build/hw/verilog/mkuart.v:1538]
INFO: [Synth 8-3536] HDL ADVISOR - Pragma parallel_case detected. Simulation mismatch may occur [/scratch1/iot/gc2025/hw/build/hw/verilog/mkuart.v:1586]
INFO: [Synth 8-3536] HDL ADVISOR - Pragma parallel_case detected. Simulation mismatch may occur [/scratch1/iot/gc2025/hw/build/hw/verilog/mkuart.v:1634]
INFO: [Synth 8-3536] HDL ADVISOR - Pragma parallel_case detected. Simulation mismatch may occur [/scratch1/iot/gc2025/hw/build/hw/verilog/mkuart_cluster.v:2138]
INFO: [Synth 8-3536] HDL ADVISOR - Pragma parallel_case detected. Simulation mismatch may occur [/scratch1/iot/gc2025/hw/build/hw/verilog/mkuart_cluster.v:2205]
INFO: [Synth 8-3536] HDL ADVISOR - Pragma parallel_case detected. Simulation mismatch may occur [/scratch1/iot/gc2025/hw/build/hw/verilog/mkuart_cluster.v:2252]
INFO: [Synth 8-3536] HDL ADVISOR - Pragma parallel_case detected. Simulation mismatch may occur [/scratch1/iot/gc2025/hw/build/hw/verilog/mkuart_cluster.v:2315]
INFO: [Synth 8-3536] HDL ADVISOR - Pragma parallel_case detected. Simulation mismatch may occur [/scratch1/iot/gc2025/hw/build/hw/verilog/mkSoc.v:12395]
INFO: [Synth 8-3536] HDL ADVISOR - Pragma parallel_case detected. Simulation mismatch may occur [/scratch1/iot/gc2025/hw/build/hw/verilog/mkSoc.v:12423]
INFO: [Synth 8-3536] HDL ADVISOR - Pragma parallel_case detected. Simulation mismatch may occur [/scratch1/iot/gc2025/hw/build/hw/verilog/mkSoc.v:12451]
INFO: [Synth 8-3536] HDL ADVISOR - Pragma parallel_case detected. Simulation mismatch may occur [/scratch1/iot/gc2025/hw/build/hw/verilog/mkSoc.v:12479]
INFO: [Synth 8-3536] HDL ADVISOR - Pragma parallel_case detected. Simulation mismatch may occur [/scratch1/iot/gc2025/hw/build/hw/verilog/mkSoc.v:12507]
INFO: [Synth 8-3536] HDL ADVISOR - Pragma parallel_case detected. Simulation mismatch may occur [/scratch1/iot/gc2025/hw/build/hw/verilog/mkSoc.v:12535]
INFO: [Synth 8-3536] HDL ADVISOR - Pragma parallel_case detected. Simulation mismatch may occur [/scratch1/iot/gc2025/hw/build/hw/verilog/mkSoc.v:12563]
INFO: [Synth 8-3536] HDL ADVISOR - Pragma parallel_case detected. Simulation mismatch may occur [/scratch1/iot/gc2025/hw/build/hw/verilog/mkSoc.v:12594]
INFO: [Synth 8-3536] HDL ADVISOR - Pragma parallel_case detected. Simulation mismatch may occur [/scratch1/iot/gc2025/hw/build/hw/verilog/mkSoc.v:12646]
INFO: [Synth 8-3536] HDL ADVISOR - Pragma parallel_case detected. Simulation mismatch may occur [/scratch1/iot/gc2025/hw/build/hw/verilog/mkSoc.v:12698]
INFO: [Synth 8-3536] HDL ADVISOR - Pragma parallel_case detected. Simulation mismatch may occur [/scratch1/iot/gc2025/hw/build/hw/verilog/mkSoc.v:12750]
INFO: [Synth 8-3536] HDL ADVISOR - Pragma parallel_case detected. Simulation mismatch may occur [/scratch1/iot/gc2025/hw/build/hw/verilog/mkSoc.v:12819]
INFO: [Synth 8-3536] HDL ADVISOR - Pragma parallel_case detected. Simulation mismatch may occur [/scratch1/iot/gc2025/hw/build/hw/verilog/mkSoc.v:12849]
INFO: [Synth 8-3536] HDL ADVISOR - Pragma parallel_case detected. Simulation mismatch may occur [/scratch1/iot/gc2025/hw/build/hw/verilog/mkSoc.v:12879]
INFO: [Synth 8-3536] HDL ADVISOR - Pragma parallel_case detected. Simulation mismatch may occur [/scratch1/iot/gc2025/hw/build/hw/verilog/mkSoc.v:12909]
INFO: [Synth 8-3536] HDL ADVISOR - Pragma parallel_case detected. Simulation mismatch may occur [/scratch1/iot/gc2025/hw/build/hw/verilog/mkSoc.v:12939]
INFO: [Synth 8-3536] HDL ADVISOR - Pragma parallel_case detected. Simulation mismatch may occur [/scratch1/iot/gc2025/hw/build/hw/verilog/mkSoc.v:12969]
INFO: [Synth 8-3536] HDL ADVISOR - Pragma parallel_case detected. Simulation mismatch may occur [/scratch1/iot/gc2025/hw/build/hw/verilog/mkSoc.v:12999]
INFO: [Synth 8-3536] HDL ADVISOR - Pragma parallel_case detected. Simulation mismatch may occur [/scratch1/iot/gc2025/hw/build/hw/verilog/mkSoc.v:13032]
INFO: [Synth 8-3536] HDL ADVISOR - Pragma parallel_case detected. Simulation mismatch may occur [/scratch1/iot/gc2025/hw/build/hw/verilog/mkSoc.v:13077]
INFO: [Synth 8-3536] HDL ADVISOR - Pragma parallel_case detected. Simulation mismatch may occur [/scratch1/iot/gc2025/hw/build/hw/verilog/mkSoc.v:13122]
INFO: [Synth 8-3536] HDL ADVISOR - Pragma parallel_case detected. Simulation mismatch may occur [/scratch1/iot/gc2025/hw/build/hw/verilog/mkSoc.v:13167]
INFO: [Synth 8-3536] HDL ADVISOR - Pragma parallel_case detected. Simulation mismatch may occur [/scratch1/iot/gc2025/hw/build/hw/verilog/mkSoc.v:13229]
INFO: [Synth 8-3536] HDL ADVISOR - Pragma parallel_case detected. Simulation mismatch may occur [/scratch1/iot/gc2025/hw/build/hw/verilog/mkSoc.v:13263]
INFO: [Synth 8-3536] HDL ADVISOR - Pragma parallel_case detected. Simulation mismatch may occur [/scratch1/iot/gc2025/hw/build/hw/verilog/mkSoc.v:13297]
INFO: [Synth 8-3536] HDL ADVISOR - Pragma parallel_case detected. Simulation mismatch may occur [/scratch1/iot/gc2025/hw/build/hw/verilog/mkSoc.v:13331]
INFO: [Synth 8-3536] HDL ADVISOR - Pragma parallel_case detected. Simulation mismatch may occur [/scratch1/iot/gc2025/hw/build/hw/verilog/mkSoc.v:13365]
INFO: [Synth 8-3536] HDL ADVISOR - Pragma parallel_case detected. Simulation mismatch may occur [/scratch1/iot/gc2025/hw/build/hw/verilog/mkSoc.v:13399]
INFO: [Synth 8-3536] HDL ADVISOR - Pragma parallel_case detected. Simulation mismatch may occur [/scratch1/iot/gc2025/hw/build/hw/verilog/mkSoc.v:13433]
INFO: [Synth 8-3536] HDL ADVISOR - Pragma parallel_case detected. Simulation mismatch may occur [/scratch1/iot/gc2025/hw/build/hw/verilog/mkSoc.v:13470]
INFO: [Synth 8-3536] HDL ADVISOR - Pragma parallel_case detected. Simulation mismatch may occur [/scratch1/iot/gc2025/hw/build/hw/verilog/mkSoc.v:13510]
INFO: [Synth 8-3536] HDL ADVISOR - Pragma parallel_case detected. Simulation mismatch may occur [/scratch1/iot/gc2025/hw/build/hw/verilog/mkSoc.v:13550]
INFO: [Synth 8-3536] HDL ADVISOR - Pragma parallel_case detected. Simulation mismatch may occur [/scratch1/iot/gc2025/hw/build/hw/verilog/mkSoc.v:13590]
INFO: [Synth 8-3536] HDL ADVISOR - Pragma parallel_case detected. Simulation mismatch may occur [/scratch1/iot/gc2025/hw/build/hw/verilog/mkSoc.v:13658]
INFO: [Synth 8-3536] HDL ADVISOR - Pragma parallel_case detected. Simulation mismatch may occur [/scratch1/iot/gc2025/hw/build/hw/verilog/mkSoc.v:13760]
INFO: [Synth 8-3536] HDL ADVISOR - Pragma parallel_case detected. Simulation mismatch may occur [/scratch1/iot/gc2025/hw/build/hw/verilog/mkSoc.v:13836]
INFO: [Synth 8-3536] HDL ADVISOR - Pragma parallel_case detected. Simulation mismatch may occur [/scratch1/iot/gc2025/hw/build/hw/verilog/mkSoc.v:13938]
INFO: [Synth 8-3536] HDL ADVISOR - Pragma parallel_case detected. Simulation mismatch may occur [/scratch1/iot/gc2025/hw/build/hw/verilog/mkSoc.v:14014]
INFO: [Synth 8-3536] HDL ADVISOR - Pragma parallel_case detected. Simulation mismatch may occur [/scratch1/iot/gc2025/hw/build/hw/verilog/mkSoc.v:14116]
INFO: [Synth 8-3536] HDL ADVISOR - Pragma parallel_case detected. Simulation mismatch may occur [/scratch1/iot/gc2025/hw/build/hw/verilog/mkSoc.v:14192]
INFO: [Synth 8-3536] HDL ADVISOR - Pragma parallel_case detected. Simulation mismatch may occur [/scratch1/iot/gc2025/hw/build/hw/verilog/mkSoc.v:14294]
INFO: [Synth 8-3536] HDL ADVISOR - Pragma parallel_case detected. Simulation mismatch may occur [/scratch1/iot/gc2025/hw/build/hw/verilog/mkSoc.v:14343]
INFO: [Synth 8-3536] HDL ADVISOR - Pragma parallel_case detected. Simulation mismatch may occur [/scratch1/iot/gc2025/hw/build/hw/verilog/mkSoc.v:14396]
INFO: [Common 17-14] Message 'Synth 8-3536' appears 100 times and further instances of the messages will be disabled. Use the Tcl command set_msg_config to change the current settings.
WARNING: [Synth 8-3936] Found unconnected internal register 'data__h62972_reg' and it is trimmed from '32' to '1' bits. [/scratch1/iot/gc2025/hw/build/hw/verilog/mkSoc.v:11865]
	Parameter dataWidth bound to: 41 - type: integer 
	Parameter dataWidth bound to: 34 - type: integer 
	Parameter DRIVE bound to: 12 - type: integer 
	Parameter IBUF_LOW_PWR bound to: TRUE - type: string 
	Parameter IOSTANDARD bound to: DEFAULT - type: string 
	Parameter SLEW bound to: SLOW - type: string 
WARNING: [Synth 8-3331] design mkpinmux has unconnected port CLK
WARNING: [Synth 8-3331] design mkpinmux has unconnected port RST_N
WARNING: [Synth 8-3331] design mkgpio has unconnected port EN_sb_gpio_to_plic_get
WARNING: [Synth 8-3331] design mkdma has unconnected port EN_interrupt_to_proc_get
WARNING: [Synth 8-3331] design mk_csrbox has unconnected port ma_events_events[31]
WARNING: [Synth 8-3331] design mk_csrbox has unconnected port ma_events_events[30]
WARNING: [Synth 8-3331] design mk_csrbox has unconnected port ma_events_events[29]
WARNING: [Synth 8-3331] design mk_csrbox has unconnected port ma_events_events[28]
WARNING: [Synth 8-3331] design mk_csrbox has unconnected port ma_events_events[27]
WARNING: [Synth 8-3331] design mk_csrbox has unconnected port ma_events_events[26]
WARNING: [Synth 8-3331] design mk_csrbox has unconnected port ma_events_events[25]
WARNING: [Synth 8-3331] design mk_csrbox has unconnected port ma_events_events[24]
WARNING: [Synth 8-3331] design mk_csrbox has unconnected port ma_events_events[23]
WARNING: [Synth 8-3331] design mk_csrbox has unconnected port ma_events_events[22]
WARNING: [Synth 8-3331] design mk_csrbox has unconnected port ma_events_events[21]
WARNING: [Synth 8-3331] design mk_csrbox has unconnected port ma_events_events[20]
WARNING: [Synth 8-3331] design mk_csrbox has unconnected port ma_events_events[19]
WARNING: [Synth 8-3331] design mk_csrbox has unconnected port ma_events_events[18]
WARNING: [Synth 8-3331] design mk_csrbox has unconnected port ma_events_events[17]
WARNING: [Synth 8-3331] design mk_csrbox has unconnected port ma_events_events[16]
WARNING: [Synth 8-3331] design mk_csrbox has unconnected port ma_events_events[15]
WARNING: [Synth 8-3331] design mk_csrbox has unconnected port ma_events_events[14]
WARNING: [Synth 8-3331] design mk_csrbox has unconnected port ma_events_events[13]
WARNING: [Synth 8-3331] design mk_csrbox has unconnected port ma_events_events[12]
WARNING: [Synth 8-3331] design mk_csrbox has unconnected port ma_events_events[11]
WARNING: [Synth 8-3331] design mk_csrbox has unconnected port ma_events_events[10]
WARNING: [Synth 8-3331] design mk_csrbox has unconnected port ma_events_events[9]
WARNING: [Synth 8-3331] design mk_csrbox has unconnected port ma_events_events[8]
WARNING: [Synth 8-3331] design mk_csrbox has unconnected port ma_events_events[7]
WARNING: [Synth 8-3331] design mk_csrbox has unconnected port ma_events_events[6]
WARNING: [Synth 8-3331] design mk_csrbox has unconnected port ma_events_events[5]
WARNING: [Synth 8-3331] design mk_csrbox has unconnected port ma_events_events[4]
WARNING: [Synth 8-3331] design mk_csrbox has unconnected port ma_events_events[3]
WARNING: [Synth 8-3331] design mk_csrbox has unconnected port ma_events_events[2]
WARNING: [Synth 8-3331] design mk_csrbox has unconnected port ma_events_events[1]
WARNING: [Synth 8-3331] design mk_csrbox has unconnected port ma_events_events[0]
WARNING: [Synth 8-3331] design mk_csrbox has unconnected port EN_ma_events
WARNING: [Synth 8-3331] design mk_csrbox has unconnected port mav_upd_on_ret_retype[7]
WARNING: [Synth 8-3331] design mk_csrbox has unconnected port mav_upd_on_ret_retype[6]
WARNING: [Synth 8-3331] design mkstage5 has unconnected port rx_rx_systemout_from_stage4_notEmpty_b
WARNING: [Synth 8-3331] design mkstage5 has unconnected port rx_rx_systemout_from_stage4_first_x[16]
WARNING: [Synth 8-3331] design mkstage5 has unconnected port rx_rx_systemout_from_stage4_first_x[15]
WARNING: [Synth 8-3331] design mkstage5 has unconnected port rx_rx_trapout_from_stage4_notEmpty_b
WARNING: [Synth 8-3331] design mkstage5 has unconnected port rx_rx_baseout_from_stage4_notEmpty_b
WARNING: [Synth 8-3331] design mkstage5 has unconnected port rx_rx_baseout_from_stage4_first_x[41]
WARNING: [Synth 8-3331] design mkstage5 has unconnected port rx_rx_baseout_from_stage4_first_x[40]
WARNING: [Synth 8-3331] design mkstage5 has unconnected port rx_rx_baseout_from_stage4_first_x[39]
WARNING: [Synth 8-3331] design mkstage5 has unconnected port rx_rx_baseout_from_stage4_first_x[38]
WARNING: [Synth 8-3331] design mkstage5 has unconnected port rx_rx_baseout_from_stage4_first_x[5]
WARNING: [Synth 8-3331] design mkstage5 has unconnected port rx_rx_baseout_from_stage4_first_x[4]
WARNING: [Synth 8-3331] design mkstage5 has unconnected port rx_rx_baseout_from_stage4_first_x[3]
WARNING: [Synth 8-3331] design mkstage5 has unconnected port rx_rx_baseout_from_stage4_first_x[2]
WARNING: [Synth 8-3331] design mkstage5 has unconnected port rx_rx_baseout_from_stage4_first_x[1]
WARNING: [Synth 8-3331] design mkstage5 has unconnected port rx_rx_baseout_from_stage4_first_x[0]
WARNING: [Synth 8-3331] design mkstage5 has unconnected port rx_rx_memio_from_stage4_notEmpty_b
WARNING: [Synth 8-3331] design mkstage5 has unconnected port rx_rx_fuid_from_stage4_notEmpty_b
WARNING: [Synth 8-3331] design mkstage5 has unconnected port cache_ma_io_response_r[37]
WARNING: [Synth 8-3331] design mkstage5 has unconnected port cache_ma_io_response_r[36]
WARNING: [Synth 8-3331] design mkstage5 has unconnected port cache_ma_io_response_r[35]
WARNING: [Synth 8-3331] design mkstage5 has unconnected port cache_ma_io_response_r[34]
WARNING: [Synth 8-3331] design mkstage5 has unconnected port cache_ma_io_response_r[33]
WARNING: [Synth 8-3331] design mkstage5 has unconnected port cache_ma_io_response_r[32]
WARNING: [Synth 8-3331] design mkstage5 has unconnected port cache_ma_io_response_r[31]
WARNING: [Synth 8-3331] design mkstage5 has unconnected port cache_ma_io_response_r[30]
WARNING: [Synth 8-3331] design mkstage5 has unconnected port cache_ma_io_response_r[29]
WARNING: [Synth 8-3331] design mkstage5 has unconnected port cache_ma_io_response_r[28]
WARNING: [Synth 8-3331] design mkstage5 has unconnected port cache_ma_io_response_r[27]
WARNING: [Synth 8-3331] design mkstage5 has unconnected port cache_ma_io_response_r[26]
WARNING: [Synth 8-3331] design mkstage5 has unconnected port cache_ma_io_response_r[25]
WARNING: [Synth 8-3331] design mkstage5 has unconnected port cache_ma_io_response_r[24]
WARNING: [Synth 8-3331] design mkstage5 has unconnected port cache_ma_io_response_r[23]
WARNING: [Synth 8-3331] design mkstage5 has unconnected port cache_ma_io_response_r[22]
WARNING: [Synth 8-3331] design mkstage5 has unconnected port cache_ma_io_response_r[21]
WARNING: [Synth 8-3331] design mkstage5 has unconnected port cache_ma_io_response_r[20]
WARNING: [Synth 8-3331] design mkstage5 has unconnected port cache_ma_io_response_r[19]
WARNING: [Synth 8-3331] design mkstage5 has unconnected port cache_ma_io_response_r[18]
WARNING: [Synth 8-3331] design mkstage5 has unconnected port cache_ma_io_response_r[17]
WARNING: [Synth 8-3331] design mkstage5 has unconnected port cache_ma_io_response_r[16]
WARNING: [Synth 8-3331] design mkstage5 has unconnected port cache_ma_io_response_r[15]
WARNING: [Synth 8-3331] design mkstage5 has unconnected port cache_ma_io_response_r[14]
WARNING: [Synth 8-3331] design mkstage5 has unconnected port cache_ma_io_response_r[13]
WARNING: [Synth 8-3331] design mkstage5 has unconnected port cache_ma_io_response_r[12]
WARNING: [Synth 8-3331] design mkstage5 has unconnected port cache_ma_io_response_r[11]
WARNING: [Synth 8-3331] design mkstage5 has unconnected port cache_ma_io_response_r[10]
WARNING: [Synth 8-3331] design mkstage5 has unconnected port cache_ma_io_response_r[9]
WARNING: [Synth 8-3331] design mkstage5 has unconnected port cache_ma_io_response_r[8]
WARNING: [Synth 8-3331] design mkstage5 has unconnected port cache_ma_io_response_r[7]
WARNING: [Synth 8-3331] design mkstage5 has unconnected port cache_ma_io_response_r[6]
WARNING: [Synth 8-3331] design mkstage5 has unconnected port cache_ma_io_response_r[5]
WARNING: [Synth 8-3331] design mkstage5 has unconnected port cache_ma_io_response_r[4]
WARNING: [Synth 8-3331] design mkstage5 has unconnected port cache_ma_io_response_r[3]
WARNING: [Synth 8-3331] design mkstage5 has unconnected port cache_ma_io_response_r[2]
WARNING: [Synth 8-3331] design mkstage5 has unconnected port cache_ma_io_response_r[1]
WARNING: [Synth 8-3331] design mkstage5 has unconnected port cache_ma_io_response_r[0]
WARNING: [Synth 8-3331] design mkstage4 has unconnected port rx_rx_baseout_from_stage3_notEmpty_b
WARNING: [Synth 8-3331] design mkstage4 has unconnected port rx_rx_trapout_from_stage3_notEmpty_b
WARNING: [Synth 8-3331] design mkstage4 has unconnected port rx_rx_systemout_from_stage3_notEmpty_b
WARNING: [Synth 8-3331] design mkstage4 has unconnected port rx_rx_memoryout_from_stage3_notEmpty_b
WARNING: [Synth 8-3331] design mkstage4 has unconnected port rx_rx_fuid_from_stage3_notEmpty_b
WARNING: [Synth 8-3331] design mkstage4 has unconnected port tx_tx_systemout_to_stage5_notFull_b
INFO: [Common 17-14] Message 'Synth 8-3331' appears 100 times and further instances of the messages will be disabled. Use the Tcl command set_msg_config to change the current settings.
---------------------------------------------------------------------------------
Finished RTL Elaboration : Time (s): cpu = 00:00:17 ; elapsed = 00:00:20 . Memory (MB): peak = 2080.266 ; gain = 693.211 ; free physical = 55000 ; free virtual = 59187
---------------------------------------------------------------------------------

Report Check Netlist: 
+------+------------------+-------+---------+-------+------------------+
|      |Item              |Errors |Warnings |Status |Description       |
+------+------------------+-------+---------+-------+------------------+
|1     |multi_driven_nets |      0|        0|Passed |Multi driven nets |
+------+------------------+-------+---------+-------+------------------+
WARNING: [Synth 8-3295] tying undriven pin core:cnn_accel_BID[3] to constant 0 [/scratch1/iot/gc2025/hw/fpga_top.v:659]
WARNING: [Synth 8-3295] tying undriven pin core:cnn_accel_BID[2] to constant 0 [/scratch1/iot/gc2025/hw/fpga_top.v:659]
WARNING: [Synth 8-3295] tying undriven pin core:cnn_accel_BID[1] to constant 0 [/scratch1/iot/gc2025/hw/fpga_top.v:659]
WARNING: [Synth 8-3295] tying undriven pin core:cnn_accel_BID[0] to constant 0 [/scratch1/iot/gc2025/hw/fpga_top.v:659]
WARNING: [Synth 8-3295] tying undriven pin core:cnn_accel_RID[3] to constant 0 [/scratch1/iot/gc2025/hw/fpga_top.v:659]
WARNING: [Synth 8-3295] tying undriven pin core:cnn_accel_RID[2] to constant 0 [/scratch1/iot/gc2025/hw/fpga_top.v:659]
WARNING: [Synth 8-3295] tying undriven pin core:cnn_accel_RID[1] to constant 0 [/scratch1/iot/gc2025/hw/fpga_top.v:659]
WARNING: [Synth 8-3295] tying undriven pin core:cnn_accel_RID[0] to constant 0 [/scratch1/iot/gc2025/hw/fpga_top.v:659]
---------------------------------------------------------------------------------
Start Handling Custom Attributes
---------------------------------------------------------------------------------
---------------------------------------------------------------------------------
Finished Handling Custom Attributes : Time (s): cpu = 00:00:21 ; elapsed = 00:00:25 . Memory (MB): peak = 2080.266 ; gain = 693.211 ; free physical = 55070 ; free virtual = 59257
---------------------------------------------------------------------------------
---------------------------------------------------------------------------------
Finished RTL Optimization Phase 1 : Time (s): cpu = 00:00:21 ; elapsed = 00:00:25 . Memory (MB): peak = 2080.266 ; gain = 693.211 ; free physical = 55070 ; free virtual = 59257
---------------------------------------------------------------------------------
INFO: [Netlist 29-17] Analyzing 40 Unisim elements for replacement
INFO: [Netlist 29-28] Unisim Transformation completed in 0 CPU seconds
INFO: [Device 21-403] Loading part xc7a200tsbg484-1
INFO: [Project 1-570] Preparing netlist for logic optimization

Processing XDC Constraints
Initializing timing engine
Parsing XDC File [/scratch1/iot/gc2025/hw/fpga_project/c-class/c-class.srcs/sources_1/ip/clk_converter/clk_converter/clk_converter_in_context.xdc] for cell 'clock_converter'
Finished Parsing XDC File [/scratch1/iot/gc2025/hw/fpga_project/c-class/c-class.srcs/sources_1/ip/clk_converter/clk_converter/clk_converter_in_context.xdc] for cell 'clock_converter'
Parsing XDC File [/scratch1/iot/gc2025/hw/fpga_project/c-class/c-class.srcs/sources_1/ip/mig_ddr3/mig_ddr3/mig_ddr3_in_context.xdc] for cell 'mig_ddr3'
Finished Parsing XDC File [/scratch1/iot/gc2025/hw/fpga_project/c-class/c-class.srcs/sources_1/ip/mig_ddr3/mig_ddr3/mig_ddr3_in_context.xdc] for cell 'mig_ddr3'
Parsing XDC File [/scratch1/iot/gc2025/hw/fpga_project/c-class/c-class.srcs/sources_1/ip/clk_divider/clk_divider/clk_divider_in_context.xdc] for cell 'clk_div'
Finished Parsing XDC File [/scratch1/iot/gc2025/hw/fpga_project/c-class/c-class.srcs/sources_1/ip/clk_divider/clk_divider/clk_divider_in_context.xdc] for cell 'clk_div'
Parsing XDC File [/scratch1/iot/gc2025/hw/fpga_project/c-class/c-class.srcs/sources_1/ip/proc_sys_reset_0/proc_sys_reset_0/proc_sys_reset_0_in_context.xdc] for cell 'proc_reset_inst'
Finished Parsing XDC File [/scratch1/iot/gc2025/hw/fpga_project/c-class/c-class.srcs/sources_1/ip/proc_sys_reset_0/proc_sys_reset_0/proc_sys_reset_0_in_context.xdc] for cell 'proc_reset_inst'
Parsing XDC File [/scratch1/iot/gc2025/hw/constraints.xdc]
WARNING: [Vivado 12-507] No nets matched 'sys_clk_IBUF'. [/scratch1/iot/gc2025/hw/constraints.xdc:6]
Finished Parsing XDC File [/scratch1/iot/gc2025/hw/constraints.xdc]
WARNING: [Project 1-498] One or more constraints failed evaluation while reading constraint file [/scratch1/iot/gc2025/hw/constraints.xdc] and the design contains unresolved black boxes. These constraints will be read post-synthesis (as long as their source constraint file is marked as used_in_implementation) and should be applied correctly then. You should review the constraints listed in the file [.Xil/fpga_top_propImpl.xdc] and check the run log file to verify that these constraints were correctly applied.
INFO: [Project 1-236] Implementation specific constraints were found while reading constraint file [/scratch1/iot/gc2025/hw/constraints.xdc]. These constraints will be ignored for synthesis but will be used in implementation. Impacted constraints are listed in the file [.Xil/fpga_top_propImpl.xdc].
Resolution: To avoid this warning, move constraints listed in [.Xil/fpga_top_propImpl.xdc] to another XDC file and exclude this new file from synthesis with the used_in_synthesis property (File Properties dialog in GUI) and re-run elaboration/synthesis.
Parsing XDC File [/scratch1/iot/gc2025/hw/jtag_constraints.xdc]
Finished Parsing XDC File [/scratch1/iot/gc2025/hw/jtag_constraints.xdc]
Parsing XDC File [/scratch1/iot/gc2025/hw/fpga_project/c-class/c-class.runs/core_synth_1/dont_touch.xdc]
Finished Parsing XDC File [/scratch1/iot/gc2025/hw/fpga_project/c-class/c-class.runs/core_synth_1/dont_touch.xdc]
Netlist sorting complete. Time (s): cpu = 00:00:00.01 ; elapsed = 00:00:00.01 . Memory (MB): peak = 2656.352 ; gain = 0.000 ; free physical = 54389 ; free virtual = 58577
Completed Processing XDC Constraints

Netlist sorting complete. Time (s): cpu = 00:00:00.02 ; elapsed = 00:00:00.02 . Memory (MB): peak = 2656.352 ; gain = 0.000 ; free physical = 54389 ; free virtual = 58577
INFO: [Project 1-111] Unisim Transformation Summary:
  A total of 40 instances were transformed.
  IOBUF => IOBUF (IBUF, OBUFT): 40 instances

Netlist sorting complete. Time (s): cpu = 00:00:00.02 ; elapsed = 00:00:00.02 . Memory (MB): peak = 2656.352 ; gain = 0.000 ; free physical = 54389 ; free virtual = 58577
Constraint Validation Runtime : Time (s): cpu = 00:00:00.11 ; elapsed = 00:00:00.10 . Memory (MB): peak = 2656.352 ; gain = 0.000 ; free physical = 54389 ; free virtual = 58577
WARNING: [Timing 38-316] Clock period '100.000' specified during out-of-context synthesis of instance 'clock_converter' at clock pin 'm_axi_aclk' is different from the actual clock period '10.000', this can lead to different synthesis results.
---------------------------------------------------------------------------------
Finished Constraint Validation : Time (s): cpu = 00:00:48 ; elapsed = 00:00:48 . Memory (MB): peak = 2656.352 ; gain = 1269.297 ; free physical = 54809 ; free virtual = 58998
---------------------------------------------------------------------------------
INFO: [Synth 8-5580] Multithreading enabled for synth_design using a maximum of 4 processes.
---------------------------------------------------------------------------------
INFO: [Synth 8-5545] ROM "y_avValue_snd_snd_fst__h210555" won't be mapped to RAM because address size (32) is larger than maximum supported(25)
INFO: [Synth 8-5544] ROM "ff_to_cache_rv_port2__read" won't be mapped to Block RAM because address size (1) smaller than threshold (5)
INFO: [Synth 8-5544] ROM "rg_prev2" won't be mapped to Block RAM because address size (2) smaller than threshold (5)
INFO: [Synth 8-5544] ROM "rg_prev3" won't be mapped to Block RAM because address size (2) smaller than threshold (5)
INFO: [Synth 8-5544] ROM "rg_prev2" won't be mapped to Block RAM because address size (2) smaller than threshold (5)
INFO: [Synth 8-5544] ROM "rg_prev3" won't be mapped to Block RAM because address size (2) smaller than threshold (5)
INFO: [Synth 8-5544] ROM "rg_prev2" won't be mapped to Block RAM because address size (2) smaller than threshold (5)
INFO: [Synth 8-5544] ROM "rg_prev3" won't be mapped to Block RAM because address size (2) smaller than threshold (5)
INFO: [Synth 8-5544] ROM "CASE_fn_decode_insttype_inst_BITS_6_TO_0_0b11__ETC__q51" won't be mapped to Block RAM because address size (2) smaller than threshold (5)
INFO: [Synth 8-5544] ROM "CASE_fn_decode_insttype_inst_BITS_14_TO_12_0b0_ETC__q3" won't be mapped to Block RAM because address size (3) smaller than threshold (5)
INFO: [Synth 8-5545] ROM "CASE_fn_decode_insttype_inst_0b1110011_6_0b100_ETC__q4" won't be mapped to RAM because address size (32) is larger than maximum supported(25)
INFO: [Synth 8-5818] HDL ADVISOR - The operator resource <adder> is shared. To prevent sharing consider applying a KEEP on the output of the operator [/scratch1/iot/gc2025/hw/build/hw/verilog/mkstage3.v:1810]
INFO: [Synth 8-5544] ROM "memory_cause__h9287" won't be mapped to Block RAM because address size (3) smaller than threshold (5)
INFO: [Synth 8-5544] ROM "MUX_tx_fuid_w_data_wset_1__VAL_31" won't be mapped to Block RAM because address size (3) smaller than threshold (5)
INFO: [Synth 8-5544] ROM "CASE_rx_rx_instrtype_from_stage2_first_x_3_1_4_ETC__q5" won't be mapped to Block RAM because address size (4) smaller than threshold (5)
INFO: [Synth 8-4471] merging register 'rg_virtual_reg' into 'grp2_rg_dcsr_nmip_reg' [/scratch1/iot/gc2025/hw/build/hw/verilog/mk_csrbox.v:2062]
INFO: [Synth 8-5546] ROM "rg_shift_amount_D_IN" won't be mapped to RAM because it is too sparse
INFO: [Synth 8-5587] ROM size for "lv_ccr_channel_number__h23300" is below threshold of ROM address width. It will be mapped to LUTs
INFO: [Synth 8-4471] merging register 'CLK_VAL_OUT_reg' into 'current_clk_reg' [/scratch1/iot/gc2025/hw/build/hw/verilog/MakeClock.v:72]
INFO: [Synth 8-5544] ROM "ff_wr_response_sD_IN" won't be mapped to Block RAM because address size (1) smaller than threshold (5)
INFO: [Synth 8-5544] ROM "ff_rd_response_sD_IN0" won't be mapped to Block RAM because address size (1) smaller than threshold (5)
INFO: [Common 17-14] Message 'Synth 8-5544' appears 100 times and further instances of the messages will be disabled. Use the Tcl command set_msg_config to change the current settings.
INFO: [Synth 8-4471] merging register 'i2c_user_lab_reg' into 'i2c_user_aas_reg' [/scratch1/iot/gc2025/hw/build/hw/verilog/mki2c.v:2306]
INFO: [Synth 8-4471] merging register 'i2c_user_sts_reg' into 'i2c_user_aas_reg' [/scratch1/iot/gc2025/hw/build/hw/verilog/mki2c.v:2310]
INFO: [Synth 8-5546] ROM "MUX_sspi_rg_active_write_1__VAL_4" won't be mapped to RAM because it is too sparse
INFO: [Synth 8-5818] HDL ADVISOR - The operator resource <adder> is shared. To prevent sharing consider applying a KEEP on the output of the operator [/scratch1/iot/gc2025/hw/build/hw/verilog/mkuart.v:1420]
INFO: [Synth 8-5818] HDL ADVISOR - The operator resource <adder> is shared. To prevent sharing consider applying a KEEP on the output of the operator [/scratch1/iot/gc2025/hw/build/hw/verilog/mkSoc.v:11846]
INFO: [Synth 8-5818] HDL ADVISOR - The operator resource <adder> is shared. To prevent sharing consider applying a KEEP on the output of the operator [/scratch1/iot/gc2025/hw/build/hw/verilog/mkSoc.v:11808]
INFO: [Synth 8-5546] ROM "CASE_boot_rg_read_packet_BITS_13_TO_6_3_2_7_3__ETC__q2" won't be mapped to RAM because it is too sparse
INFO: [Synth 8-5546] ROM "CASE_boot_rg_write_packet_BITS_16_TO_9_3_2_7_3_ETC__q1" won't be mapped to RAM because it is too sparse
INFO: [Synth 8-5546] ROM "CASE_bridge_6_rg_rd_request_BITS_13_TO_6_3_2_7_ETC__q3" won't be mapped to RAM because it is too sparse
INFO: [Synth 8-5546] ROM "CASE_bridge_6_rg_wr_request_BITS_16_TO_9_3_2_7_ETC__q4" won't be mapped to RAM because it is too sparse
---------------------------------------------------------------------------------------------------
                   State |                     New Encoding |                Previous Encoding 
---------------------------------------------------------------------------------------------------
                  iSTATE |                             0001 |                               11
*
                  WRIDLE |                             0010 |                               00
                  WRDATA |                             0100 |                               01
                  WRRESP |                             1000 |                               10
---------------------------------------------------------------------------------------------------
INFO: [Synth 8-3354] encoded FSM with state register 'wstate_reg' using encoding 'one-hot' in module 'cnn_accel_control_s_axi'
---------------------------------------------------------------------------------------------------
                   State |                     New Encoding |                Previous Encoding 
---------------------------------------------------------------------------------------------------
                  iSTATE |                              001 |                               10
*
                  RDIDLE |                              010 |                               00
                  RDDATA |                              100 |                               01
---------------------------------------------------------------------------------------------------
INFO: [Synth 8-3354] encoded FSM with state register 'rstate_reg' using encoding 'one-hot' in module 'cnn_accel_control_s_axi'
WARNING: [Synth 8-6841] Block RAM (output_mem_reg) originally specified as a Byte Wide Write Enable RAM cannot take advantage of ByteWide feature and is implemented with single write enable per RAM due to following reason.
(address width (14) is more than optimal threshold of 12. Implementing using BWWE will require more logic and timing would be suboptimal. Please use attribute "ram_decomp = power" if BWWE is desired.)
INFO: [Synth 8-3971] The signal portb_we[1].RAM_reg was recognized as a true dual port RAM template.
WARNING: [Synth 8-327] inferring latch for variable 'current_gate_reg' [/scratch1/iot/gc2025/hw/build/hw/verilog/MakeClock.v:102]
---------------------------------------------------------------------------------
Finished RTL Optimization Phase 2 : Time (s): cpu = 00:01:17 ; elapsed = 00:01:21 . Memory (MB): peak = 2656.352 ; gain = 1269.297 ; free physical = 52567 ; free virtual = 56769
---------------------------------------------------------------------------------
INFO: [Synth 8-223] decloning instance 'core/soc/fabric_v_f_rd_err_user_0' (FIFO20) to 'core/soc/fabric_v_f_rd_err_user_1'
INFO: [Synth 8-223] decloning instance 'core/soc/fabric_v_f_rd_err_user_0' (FIFO20) to 'core/soc/fabric_v_f_rd_err_user_2'
INFO: [Synth 8-223] decloning instance 'core/soc/fabric_v_f_rd_err_user_0' (FIFO20) to 'core/soc/fabric_v_f_rd_err_user_3'
INFO: [Synth 8-223] decloning instance 'core/soc/fabric_v_f_rd_err_user_0' (FIFO20) to 'core/soc/fabric_v_f_wr_err_user_0'
INFO: [Synth 8-223] decloning instance 'core/soc/fabric_v_f_rd_err_user_0' (FIFO20) to 'core/soc/fabric_v_f_wr_err_user_1'
INFO: [Synth 8-223] decloning instance 'core/soc/fabric_v_f_rd_err_user_0' (FIFO20) to 'core/soc/fabric_v_f_wr_err_user_2'
INFO: [Synth 8-223] decloning instance 'core/soc/fabric_v_f_rd_err_user_0' (FIFO20) to 'core/soc/fabric_v_f_wr_err_user_3'
INFO: [Synth 8-223] decloning instance 'core/soc/fabric_v_f_rd_err_user_0' (FIFO20) to 'core/soc/fabric_v_f_wrd_err_user_0'
INFO: [Synth 8-223] decloning instance 'core/soc/fabric_v_f_rd_err_user_0' (FIFO20) to 'core/soc/fabric_v_f_wrd_err_user_1'
INFO: [Synth 8-223] decloning instance 'core/soc/fabric_v_f_rd_err_user_0' (FIFO20) to 'core/soc/fabric_v_f_wrd_err_user_2'
INFO: [Synth 8-223] decloning instance 'core/soc/fabric_v_f_rd_err_user_0' (FIFO20) to 'core/soc/fabric_v_f_wrd_err_user_3'
INFO: [Synth 8-223] decloning instance 'core/soc/fabric_v_f_rd_err_user_0' (FIFO20) to 'core/soc/slow_fabric_v_f_rd_err_user_0'
INFO: [Synth 8-223] decloning instance 'core/soc/fabric_v_f_rd_err_user_0' (FIFO20) to 'core/soc/slow_fabric_v_f_wr_err_user_0'
INFO: [Synth 8-223] decloning instance 'core/soc/mixed_cluster/fabric_v_f_rd_err_user_0' (FIFO20) to 'core/soc/mixed_cluster/fabric_v_f_wr_err_user_0'
INFO: [Synth 8-223] decloning instance 'core/soc/pwm_cluster/fabric_v_f_rd_err_user_0' (FIFO20) to 'core/soc/pwm_cluster/fabric_v_f_wr_err_user_0'
INFO: [Synth 8-223] decloning instance 'core/soc/pwm_cluster/pwm0/pwm_async_reset' (SyncReset0) to 'core/soc/pwm_cluster/pwm0/pwm_downreset'
INFO: [Synth 8-223] decloning instance 'core/soc/spi_cluster/fabric_v_f_rd_err_user_0' (FIFO20) to 'core/soc/spi_cluster/fabric_v_f_wr_err_user_0'
INFO: [Synth 8-223] decloning instance 'core/soc/uart_cluster/fabric_v_f_rd_err_user_0' (FIFO20) to 'core/soc/uart_cluster/fabric_v_f_wr_err_user_0'

Report RTL Partitions: 
+------+---------------------+------------+----------+
|      |RTL Partition        |Replication |Instances |
+------+---------------------+------------+----------+
|1     |mkdcache_fb_v2       |           1|     44202|
|2     |mkdcache__GB1        |           1|      7909|
|3     |mkdcache__GB2        |           1|     16994|
|4     |mkdmem__GC0          |           1|      3456|
|5     |mkriscv__GB0         |           1|     32107|
|6     |mkriscv__GB1         |           1|     18794|
|7     |mkriscv__GB2         |           1|     14927|
|8     |mkccore_axi4__GC0    |           1|     33945|
|9     |mkmixed_cluster__GB0 |           1|     34068|
|10    |mkmixed_cluster__GB1 |           1|     18410|
|11    |mkmixed_cluster__GB2 |           1|     24887|
|12    |mkspi                |           2|     14759|
|13    |mkspi_cluster__GC0   |           1|     10981|
|14    |mkSoc__GCB0          |           1|     44054|
|15    |mkSoc__GCB1          |           1|     21834|
|16    |mkSoc__GCB2          |           1|     30964|
|17    |mkSoc__GCB3          |           1|     43664|
|18    |mkSoc__GCB4          |           1|     38029|
|19    |mkDebugSoc__GC0      |           1|     17411|
|20    |fpga_top__GC0        |           1|      5066|
+------+---------------------+------------+----------+
---------------------------------------------------------------------------------
Start RTL Component Statistics 
---------------------------------------------------------------------------------
Detailed RTL Component Info : 
+---Adders : 
	   2 Input     64 Bit       Adders := 1     
	   2 Input     33 Bit       Adders := 2     
	   2 Input     32 Bit       Adders := 72    
	   3 Input     32 Bit       Adders := 1     
	   2 Input     29 Bit       Adders := 8     
	   3 Input     17 Bit       Adders := 10    
	   3 Input     16 Bit       Adders := 3     
	   2 Input     16 Bit       Adders := 21    
	   2 Input     13 Bit       Adders := 4     
	   2 Input     11 Bit       Adders := 3     
	   2 Input     10 Bit       Adders := 6     
	   2 Input      9 Bit       Adders := 9     
	   3 Input      9 Bit       Adders := 1     
	   2 Input      8 Bit       Adders := 29    
	   2 Input      7 Bit       Adders := 3     
	   2 Input      6 Bit       Adders := 36    
	   4 Input      6 Bit       Adders := 4     
	   3 Input      6 Bit       Adders := 4     
	   2 Input      5 Bit       Adders := 5     
	   2 Input      4 Bit       Adders := 25    
	   2 Input      3 Bit       Adders := 35    
	   3 Input      3 Bit       Adders := 3     
	   2 Input      2 Bit       Adders := 12    
	   2 Input      1 Bit       Adders := 5     
+---XORs : 
	   2 Input     33 Bit         XORs := 4     
	   2 Input     32 Bit         XORs := 11    
	   3 Input      8 Bit         XORs := 2     
	   2 Input      3 Bit         XORs := 80    
	   2 Input      1 Bit         XORs := 73    
	  32 Input      1 Bit         XORs := 3     
	  33 Input      1 Bit         XORs := 3     
+---Registers : 
	              555 Bit    Registers := 1     
	              256 Bit    Registers := 8     
	              139 Bit    Registers := 1     
	              113 Bit    Registers := 2     
	              108 Bit    Registers := 2     
	              107 Bit    Registers := 2     
	              103 Bit    Registers := 2     
	               88 Bit    Registers := 2     
	               81 Bit    Registers := 2     
	               79 Bit    Registers := 5     
	               78 Bit    Registers := 3     
	               77 Bit    Registers := 3     
	               74 Bit    Registers := 2     
	               69 Bit    Registers := 8     
	               68 Bit    Registers := 1     
	               65 Bit    Registers := 1     
	               64 Bit    Registers := 4     
	               63 Bit    Registers := 1     
	               62 Bit    Registers := 1     
	               53 Bit    Registers := 1     
	               52 Bit    Registers := 86    
	               49 Bit    Registers := 16    
	               47 Bit    Registers := 4     
	               45 Bit    Registers := 10    
	               44 Bit    Registers := 10    
	               43 Bit    Registers := 6     
	               42 Bit    Registers := 18    
	               41 Bit    Registers := 43    
	               40 Bit    Registers := 19    
	               39 Bit    Registers := 40    
	               37 Bit    Registers := 269   
	               36 Bit    Registers := 183   
	               35 Bit    Registers := 5     
	               34 Bit    Registers := 134   
	               33 Bit    Registers := 6     
	               32 Bit    Registers := 639   
	               31 Bit    Registers := 39    
	               30 Bit    Registers := 6     
	               26 Bit    Registers := 1     
	               24 Bit    Registers := 1     
	               22 Bit    Registers := 1     
	               20 Bit    Registers := 8     
	               16 Bit    Registers := 90    
	               15 Bit    Registers := 5     
	               13 Bit    Registers := 1     
	               12 Bit    Registers := 1     
	               11 Bit    Registers := 3     
	               10 Bit    Registers := 8     
	                9 Bit    Registers := 3     
	                8 Bit    Registers := 79    
	                7 Bit    Registers := 1     
	                6 Bit    Registers := 76    
	                5 Bit    Registers := 50    
	                4 Bit    Registers := 298   
	                3 Bit    Registers := 243   
	                2 Bit    Registers := 264   
	                1 Bit    Registers := 3197  
+---Multipliers : 
	                33x33  Multipliers := 1     
+---RAMs : 
	             512K Bit         RAMs := 2     
	              64K Bit         RAMs := 1     
	               8K Bit         RAMs := 4     
	               2K Bit         RAMs := 128   
	               1K Bit         RAMs := 8     
	              148 Bit         RAMs := 8     
	              144 Bit         RAMs := 4     
	              136 Bit         RAMs := 4     
	                8 Bit         RAMs := 4     
+---Muxes : 
	   2 Input    555 Bit        Muxes := 1     
	   2 Input    544 Bit        Muxes := 6     
	   2 Input    512 Bit        Muxes := 3     
	   4 Input    139 Bit        Muxes := 1     
	   2 Input    139 Bit        Muxes := 3     
	   2 Input    103 Bit        Muxes := 2     
	   2 Input     81 Bit        Muxes := 1     
	   4 Input     81 Bit        Muxes := 1     
	   3 Input     79 Bit        Muxes := 3     
	   2 Input     79 Bit        Muxes := 24    
	   3 Input     78 Bit        Muxes := 1     
	   2 Input     78 Bit        Muxes := 3     
	   2 Input     74 Bit        Muxes := 13    
	   3 Input     74 Bit        Muxes := 2     
	   2 Input     73 Bit        Muxes := 1     
	   2 Input     69 Bit        Muxes := 19    
	   2 Input     68 Bit        Muxes := 1     
	   4 Input     65 Bit        Muxes := 1     
	   2 Input     65 Bit        Muxes := 1     
	   2 Input     64 Bit        Muxes := 5     
	   4 Input     64 Bit        Muxes := 1     
	   2 Input     62 Bit        Muxes := 1     
	   2 Input     53 Bit        Muxes := 3     
	   2 Input     52 Bit        Muxes := 5     
	   4 Input     52 Bit        Muxes := 1     
	   3 Input     52 Bit        Muxes := 4     
	   5 Input     49 Bit        Muxes := 2     
	   5 Input     45 Bit        Muxes := 1     
	   4 Input     44 Bit        Muxes := 1     
	   5 Input     44 Bit        Muxes := 1     
	   2 Input     43 Bit        Muxes := 8     
	   3 Input     43 Bit        Muxes := 1     
	   4 Input     42 Bit        Muxes := 2     
	   5 Input     42 Bit        Muxes := 2     
	   3 Input     41 Bit        Muxes := 1     
	   2 Input     41 Bit        Muxes := 9     
	   4 Input     41 Bit        Muxes := 1     
	   4 Input     40 Bit        Muxes := 1     
	   5 Input     40 Bit        Muxes := 2     
	   2 Input     40 Bit        Muxes := 3     
	   2 Input     39 Bit        Muxes := 1     
	   2 Input     37 Bit        Muxes := 10    
	   3 Input     37 Bit        Muxes := 1     
	   5 Input     37 Bit        Muxes := 1     
	   2 Input     36 Bit        Muxes := 43    
	   3 Input     36 Bit        Muxes := 1     
	   2 Input     35 Bit        Muxes := 6     
	   3 Input     35 Bit        Muxes := 1     
	   4 Input     35 Bit        Muxes := 1     
	   2 Input     34 Bit        Muxes := 5     
	   4 Input     34 Bit        Muxes := 1     
	   3 Input     34 Bit        Muxes := 2     
	   2 Input     33 Bit        Muxes := 12    
	  41 Input     33 Bit        Muxes := 1     
	   2 Input     32 Bit        Muxes := 452   
	   6 Input     32 Bit        Muxes := 2     
	   4 Input     32 Bit        Muxes := 28    
	   3 Input     32 Bit        Muxes := 38    
	   5 Input     32 Bit        Muxes := 11    
	  15 Input     32 Bit        Muxes := 1     
	  23 Input     32 Bit        Muxes := 1     
	   2 Input     31 Bit        Muxes := 68    
	   2 Input     30 Bit        Muxes := 8     
	   3 Input     30 Bit        Muxes := 4     
	   2 Input     29 Bit        Muxes := 16    
	   2 Input     27 Bit        Muxes := 1     
	   3 Input     26 Bit        Muxes := 1     
	   3 Input     24 Bit        Muxes := 1     
	   2 Input     24 Bit        Muxes := 1     
	   3 Input     23 Bit        Muxes := 1     
	   2 Input     23 Bit        Muxes := 1     
	   2 Input     21 Bit        Muxes := 1     
	   4 Input     20 Bit        Muxes := 2     
	   3 Input     20 Bit        Muxes := 1     
	   2 Input     20 Bit        Muxes := 3     
	   3 Input     17 Bit        Muxes := 1     
	   3 Input     16 Bit        Muxes := 7     
	   2 Input     16 Bit        Muxes := 112   
	   4 Input     16 Bit        Muxes := 10    
	   2 Input     12 Bit        Muxes := 5     
	   3 Input     12 Bit        Muxes := 2     
	   2 Input     11 Bit        Muxes := 3     
	   3 Input     11 Bit        Muxes := 2     
	   2 Input     10 Bit        Muxes := 10    
	   3 Input     10 Bit        Muxes := 1     
	   3 Input      8 Bit        Muxes := 3     
	   2 Input      8 Bit        Muxes := 77    
	   4 Input      8 Bit        Muxes := 2     
	   2 Input      7 Bit        Muxes := 12    
	   3 Input      7 Bit        Muxes := 1     
	   2 Input      6 Bit        Muxes := 14    
	  12 Input      6 Bit        Muxes := 1     
	   4 Input      6 Bit        Muxes := 1     
	   5 Input      6 Bit        Muxes := 1     
	   3 Input      6 Bit        Muxes := 1     
	   2 Input      5 Bit        Muxes := 79    
	   3 Input      5 Bit        Muxes := 4     
	   8 Input      5 Bit        Muxes := 2     
	   9 Input      5 Bit        Muxes := 2     
	   2 Input      4 Bit        Muxes := 127   
	  11 Input      4 Bit        Muxes := 1     
	   4 Input      4 Bit        Muxes := 135   
	   6 Input      4 Bit        Muxes := 1     
	   3 Input      4 Bit        Muxes := 7     
	   9 Input      4 Bit        Muxes := 1     
	   5 Input      4 Bit        Muxes := 1     
	   8 Input      4 Bit        Muxes := 1     
	  13 Input      4 Bit        Muxes := 2     
	   7 Input      4 Bit        Muxes := 12    
	  15 Input      4 Bit        Muxes := 1     
	   5 Input      3 Bit        Muxes := 29    
	   2 Input      3 Bit        Muxes := 252   
	   8 Input      3 Bit        Muxes := 15    
	   3 Input      3 Bit        Muxes := 7     
	   6 Input      3 Bit        Muxes := 2     
	   7 Input      3 Bit        Muxes := 26    
	   4 Input      3 Bit        Muxes := 8     
	   2 Input      2 Bit        Muxes := 164   
	   4 Input      2 Bit        Muxes := 14    
	   3 Input      2 Bit        Muxes := 24    
	   2 Input      1 Bit        Muxes := 3755  
	   4 Input      1 Bit        Muxes := 25    
	   3 Input      1 Bit        Muxes := 6     
	   7 Input      1 Bit        Muxes := 119   
	   5 Input      1 Bit        Muxes := 24    
	  38 Input      1 Bit        Muxes := 58    
---------------------------------------------------------------------------------
Finished RTL Component Statistics 
---------------------------------------------------------------------------------
---------------------------------------------------------------------------------
Start RTL Hierarchical Component Statistics 
---------------------------------------------------------------------------------
Hierarchical RTL Component report 
Module fpga_top 
Detailed RTL Component Info : 
+---Registers : 
	                1 Bit    Registers := 1     
Module mkdcache_fb_v2 
Detailed RTL Component Info : 
+---Adders : 
	   2 Input      4 Bit       Adders := 3     
+---Registers : 
	               32 Bit    Registers := 153   
	               16 Bit    Registers := 1     
	                4 Bit    Registers := 3     
	                1 Bit    Registers := 36    
+---Muxes : 
	   2 Input     32 Bit        Muxes := 8     
	   2 Input      4 Bit        Muxes := 9     
	   2 Input      1 Bit        Muxes := 1     
Module FIFO1__parameterized3 
Detailed RTL Component Info : 
+---Registers : 
	              555 Bit    Registers := 1     
	                1 Bit    Registers := 1     
+---Muxes : 
	   2 Input      1 Bit        Muxes := 2     
Module FIFO2__parameterized9 
Detailed RTL Component Info : 
+---Registers : 
	                8 Bit    Registers := 2     
	                1 Bit    Registers := 2     
+---Muxes : 
	   2 Input      1 Bit        Muxes := 5     
Module bram_1rw__1 
Detailed RTL Component Info : 
+---Registers : 
	               32 Bit    Registers := 1     
+---RAMs : 
	               2K Bit         RAMs := 1     
Module bram_1rw__2 
Detailed RTL Component Info : 
+---Registers : 
	               32 Bit    Registers := 1     
+---RAMs : 
	               2K Bit         RAMs := 1     
Module bram_1rw__3 
Detailed RTL Component Info : 
+---Registers : 
	               32 Bit    Registers := 1     
+---RAMs : 
	               2K Bit         RAMs := 1     
Module bram_1rw__4 
Detailed RTL Component Info : 
+---Registers : 
	               32 Bit    Registers := 1     
+---RAMs : 
	               2K Bit         RAMs := 1     
Module bram_1rw__5 
Detailed RTL Component Info : 
+---Registers : 
	               32 Bit    Registers := 1     
+---RAMs : 
	               2K Bit         RAMs := 1     
Module bram_1rw__6 
Detailed RTL Component Info : 
+---Registers : 
	               32 Bit    Registers := 1     
+---RAMs : 
	               2K Bit         RAMs := 1     
Module bram_1rw__7 
Detailed RTL Component Info : 
+---Registers : 
	               32 Bit    Registers := 1     
+---RAMs : 
	               2K Bit         RAMs := 1     
Module bram_1rw__8 
Detailed RTL Component Info : 
+---Registers : 
	               32 Bit    Registers := 1     
+---RAMs : 
	               2K Bit         RAMs := 1     
Module bram_1rw__9 
Detailed RTL Component Info : 
+---Registers : 
	               32 Bit    Registers := 1     
+---RAMs : 
	               2K Bit         RAMs := 1     
Module bram_1rw__10 
Detailed RTL Component Info : 
+---Registers : 
	               32 Bit    Registers := 1     
+---RAMs : 
	               2K Bit         RAMs := 1     
Module bram_1rw__11 
Detailed RTL Component Info : 
+---Registers : 
	               32 Bit    Registers := 1     
+---RAMs : 
	               2K Bit         RAMs := 1     
Module bram_1rw__12 
Detailed RTL Component Info : 
+---Registers : 
	               32 Bit    Registers := 1     
+---RAMs : 
	               2K Bit         RAMs := 1     
Module bram_1rw__13 
Detailed RTL Component Info : 
+---Registers : 
	               32 Bit    Registers := 1     
+---RAMs : 
	               2K Bit         RAMs := 1     
Module bram_1rw__14 
Detailed RTL Component Info : 
+---Registers : 
	               32 Bit    Registers := 1     
+---RAMs : 
	               2K Bit         RAMs := 1     
Module bram_1rw__15 
Detailed RTL Component Info : 
+---Registers : 
	               32 Bit    Registers := 1     
+---RAMs : 
	               2K Bit         RAMs := 1     
Module bram_1rw__16 
Detailed RTL Component Info : 
+---Registers : 
	               32 Bit    Registers := 1     
+---RAMs : 
	               2K Bit         RAMs := 1     
Module bram_1rw__17 
Detailed RTL Component Info : 
+---Registers : 
	               32 Bit    Registers := 1     
+---RAMs : 
	               2K Bit         RAMs := 1     
Module bram_1rw__18 
Detailed RTL Component Info : 
+---Registers : 
	               32 Bit    Registers := 1     
+---RAMs : 
	               2K Bit         RAMs := 1     
Module bram_1rw__19 
Detailed RTL Component Info : 
+---Registers : 
	               32 Bit    Registers := 1     
+---RAMs : 
	               2K Bit         RAMs := 1     
Module bram_1rw__20 
Detailed RTL Component Info : 
+---Registers : 
	               32 Bit    Registers := 1     
+---RAMs : 
	               2K Bit         RAMs := 1     
Module bram_1rw__21 
Detailed RTL Component Info : 
+---Registers : 
	               32 Bit    Registers := 1     
+---RAMs : 
	               2K Bit         RAMs := 1     
Module bram_1rw__22 
Detailed RTL Component Info : 
+---Registers : 
	               32 Bit    Registers := 1     
+---RAMs : 
	               2K Bit         RAMs := 1     
Module bram_1rw__23 
Detailed RTL Component Info : 
+---Registers : 
	               32 Bit    Registers := 1     
+---RAMs : 
	               2K Bit         RAMs := 1     
Module bram_1rw__24 
Detailed RTL Component Info : 
+---Registers : 
	               32 Bit    Registers := 1     
+---RAMs : 
	               2K Bit         RAMs := 1     
Module bram_1rw__25 
Detailed RTL Component Info : 
+---Registers : 
	               32 Bit    Registers := 1     
+---RAMs : 
	               2K Bit         RAMs := 1     
Module bram_1rw__26 
Detailed RTL Component Info : 
+---Registers : 
	               32 Bit    Registers := 1     
+---RAMs : 
	               2K Bit         RAMs := 1     
Module bram_1rw__27 
Detailed RTL Component Info : 
+---Registers : 
	               32 Bit    Registers := 1     
+---RAMs : 
	               2K Bit         RAMs := 1     
Module bram_1rw__28 
Detailed RTL Component Info : 
+---Registers : 
	               32 Bit    Registers := 1     
+---RAMs : 
	               2K Bit         RAMs := 1     
Module bram_1rw__29 
Detailed RTL Component Info : 
+---Registers : 
	               32 Bit    Registers := 1     
+---RAMs : 
	               2K Bit         RAMs := 1     
Module bram_1rw__30 
Detailed RTL Component Info : 
+---Registers : 
	               32 Bit    Registers := 1     
+---RAMs : 
	               2K Bit         RAMs := 1     
Module bram_1rw__31 
Detailed RTL Component Info : 
+---Registers : 
	               32 Bit    Registers := 1     
+---RAMs : 
	               2K Bit         RAMs := 1     
Module bram_1rw__32 
Detailed RTL Component Info : 
+---Registers : 
	               32 Bit    Registers := 1     
+---RAMs : 
	               2K Bit         RAMs := 1     
Module bram_1rw__33 
Detailed RTL Component Info : 
+---Registers : 
	               32 Bit    Registers := 1     
+---RAMs : 
	               2K Bit         RAMs := 1     
Module bram_1rw__34 
Detailed RTL Component Info : 
+---Registers : 
	               32 Bit    Registers := 1     
+---RAMs : 
	               2K Bit         RAMs := 1     
Module bram_1rw__35 
Detailed RTL Component Info : 
+---Registers : 
	               32 Bit    Registers := 1     
+---RAMs : 
	               2K Bit         RAMs := 1     
Module bram_1rw__36 
Detailed RTL Component Info : 
+---Registers : 
	               32 Bit    Registers := 1     
+---RAMs : 
	               2K Bit         RAMs := 1     
Module bram_1rw__37 
Detailed RTL Component Info : 
+---Registers : 
	               32 Bit    Registers := 1     
+---RAMs : 
	               2K Bit         RAMs := 1     
Module bram_1rw__38 
Detailed RTL Component Info : 
+---Registers : 
	               32 Bit    Registers := 1     
+---RAMs : 
	               2K Bit         RAMs := 1     
Module bram_1rw__39 
Detailed RTL Component Info : 
+---Registers : 
	               32 Bit    Registers := 1     
+---RAMs : 
	               2K Bit         RAMs := 1     
Module bram_1rw__40 
Detailed RTL Component Info : 
+---Registers : 
	               32 Bit    Registers := 1     
+---RAMs : 
	               2K Bit         RAMs := 1     
Module bram_1rw__41 
Detailed RTL Component Info : 
+---Registers : 
	               32 Bit    Registers := 1     
+---RAMs : 
	               2K Bit         RAMs := 1     
Module bram_1rw__42 
Detailed RTL Component Info : 
+---Registers : 
	               32 Bit    Registers := 1     
+---RAMs : 
	               2K Bit         RAMs := 1     
Module bram_1rw__43 
Detailed RTL Component Info : 
+---Registers : 
	               32 Bit    Registers := 1     
+---RAMs : 
	               2K Bit         RAMs := 1     
Module bram_1rw__44 
Detailed RTL Component Info : 
+---Registers : 
	               32 Bit    Registers := 1     
+---RAMs : 
	               2K Bit         RAMs := 1     
Module bram_1rw__45 
Detailed RTL Component Info : 
+---Registers : 
	               32 Bit    Registers := 1     
+---RAMs : 
	               2K Bit         RAMs := 1     
Module bram_1rw__46 
Detailed RTL Component Info : 
+---Registers : 
	               32 Bit    Registers := 1     
+---RAMs : 
	               2K Bit         RAMs := 1     
Module bram_1rw__47 
Detailed RTL Component Info : 
+---Registers : 
	               32 Bit    Registers := 1     
+---RAMs : 
	               2K Bit         RAMs := 1     
Module bram_1rw__48 
Detailed RTL Component Info : 
+---Registers : 
	               32 Bit    Registers := 1     
+---RAMs : 
	               2K Bit         RAMs := 1     
Module bram_1rw__49 
Detailed RTL Component Info : 
+---Registers : 
	               32 Bit    Registers := 1     
+---RAMs : 
	               2K Bit         RAMs := 1     
Module bram_1rw__50 
Detailed RTL Component Info : 
+---Registers : 
	               32 Bit    Registers := 1     
+---RAMs : 
	               2K Bit         RAMs := 1     
Module bram_1rw__51 
Detailed RTL Component Info : 
+---Registers : 
	               32 Bit    Registers := 1     
+---RAMs : 
	               2K Bit         RAMs := 1     
Module bram_1rw__52 
Detailed RTL Component Info : 
+---Registers : 
	               32 Bit    Registers := 1     
+---RAMs : 
	               2K Bit         RAMs := 1     
Module bram_1rw__53 
Detailed RTL Component Info : 
+---Registers : 
	               32 Bit    Registers := 1     
+---RAMs : 
	               2K Bit         RAMs := 1     
Module bram_1rw__54 
Detailed RTL Component Info : 
+---Registers : 
	               32 Bit    Registers := 1     
+---RAMs : 
	               2K Bit         RAMs := 1     
Module bram_1rw__55 
Detailed RTL Component Info : 
+---Registers : 
	               32 Bit    Registers := 1     
+---RAMs : 
	               2K Bit         RAMs := 1     
Module bram_1rw__56 
Detailed RTL Component Info : 
+---Registers : 
	               32 Bit    Registers := 1     
+---RAMs : 
	               2K Bit         RAMs := 1     
Module bram_1rw__57 
Detailed RTL Component Info : 
+---Registers : 
	               32 Bit    Registers := 1     
+---RAMs : 
	               2K Bit         RAMs := 1     
Module bram_1rw__58 
Detailed RTL Component Info : 
+---Registers : 
	               32 Bit    Registers := 1     
+---RAMs : 
	               2K Bit         RAMs := 1     
Module bram_1rw__59 
Detailed RTL Component Info : 
+---Registers : 
	               32 Bit    Registers := 1     
+---RAMs : 
	               2K Bit         RAMs := 1     
Module bram_1rw__60 
Detailed RTL Component Info : 
+---Registers : 
	               32 Bit    Registers := 1     
+---RAMs : 
	               2K Bit         RAMs := 1     
Module bram_1rw__61 
Detailed RTL Component Info : 
+---Registers : 
	               32 Bit    Registers := 1     
+---RAMs : 
	               2K Bit         RAMs := 1     
Module bram_1rw__62 
Detailed RTL Component Info : 
+---Registers : 
	               32 Bit    Registers := 1     
+---RAMs : 
	               2K Bit         RAMs := 1     
Module bram_1rw__63 
Detailed RTL Component Info : 
+---Registers : 
	               32 Bit    Registers := 1     
+---RAMs : 
	               2K Bit         RAMs := 1     
Module bram_1rw__64 
Detailed RTL Component Info : 
+---Registers : 
	               32 Bit    Registers := 1     
+---RAMs : 
	               2K Bit         RAMs := 1     
Module mkdcache_data 
Detailed RTL Component Info : 
+---Muxes : 
	   2 Input    544 Bit        Muxes := 3     
	   2 Input    512 Bit        Muxes := 3     
Module bram_1rw__parameterized0__1 
Detailed RTL Component Info : 
+---Registers : 
	               20 Bit    Registers := 1     
+---RAMs : 
	               1K Bit         RAMs := 1     
Module bram_1rw__parameterized0__2 
Detailed RTL Component Info : 
+---Registers : 
	               20 Bit    Registers := 1     
+---RAMs : 
	               1K Bit         RAMs := 1     
Module bram_1rw__parameterized0__3 
Detailed RTL Component Info : 
+---Registers : 
	               20 Bit    Registers := 1     
+---RAMs : 
	               1K Bit         RAMs := 1     
Module bram_1rw__parameterized0__4 
Detailed RTL Component Info : 
+---Registers : 
	               20 Bit    Registers := 1     
+---RAMs : 
	               1K Bit         RAMs := 1     
Module mkdcache_tag 
Detailed RTL Component Info : 
+---Muxes : 
	   4 Input     20 Bit        Muxes := 1     
Module module_fn_pmp_lookup__1 
Detailed RTL Component Info : 
+---Adders : 
	   2 Input     29 Bit       Adders := 4     
+---Muxes : 
	   2 Input     29 Bit        Muxes := 8     
	   2 Input      3 Bit        Muxes := 1     
	   2 Input      1 Bit        Muxes := 3     
Module mkstorebuffer 
Detailed RTL Component Info : 
+---Adders : 
	   2 Input     32 Bit       Adders := 1     
	   2 Input      1 Bit       Adders := 2     
+---XORs : 
	   2 Input     32 Bit         XORs := 3     
+---Registers : 
	              103 Bit    Registers := 2     
	               32 Bit    Registers := 1     
	                5 Bit    Registers := 1     
	                1 Bit    Registers := 8     
+---Muxes : 
	   2 Input    103 Bit        Muxes := 2     
	   2 Input     32 Bit        Muxes := 18    
	   2 Input      4 Bit        Muxes := 2     
	   2 Input      2 Bit        Muxes := 2     
	   2 Input      1 Bit        Muxes := 4     
Module mkiobuffer 
Detailed RTL Component Info : 
+---Adders : 
	   2 Input      1 Bit       Adders := 2     
+---Registers : 
	              108 Bit    Registers := 2     
	                1 Bit    Registers := 6     
+---Muxes : 
	   2 Input     32 Bit        Muxes := 3     
	   2 Input      5 Bit        Muxes := 1     
	   2 Input      3 Bit        Muxes := 1     
	   2 Input      2 Bit        Muxes := 1     
	   2 Input      1 Bit        Muxes := 4     
Module FIFO2__parameterized8 
Detailed RTL Component Info : 
+---Registers : 
	               43 Bit    Registers := 2     
	                1 Bit    Registers := 2     
+---Muxes : 
	   2 Input      1 Bit        Muxes := 5     
Module FIFO1__parameterized2 
Detailed RTL Component Info : 
+---Registers : 
	               33 Bit    Registers := 1     
	                1 Bit    Registers := 1     
+---Muxes : 
	   2 Input      1 Bit        Muxes := 2     
Module FIFO1__parameterized1 
Detailed RTL Component Info : 
+---Registers : 
	               68 Bit    Registers := 1     
	                1 Bit    Registers := 1     
+---Muxes : 
	   2 Input      1 Bit        Muxes := 2     
Module FIFO2__parameterized7 
Detailed RTL Component Info : 
+---Registers : 
	               77 Bit    Registers := 2     
	                1 Bit    Registers := 2     
+---Muxes : 
	   2 Input      1 Bit        Muxes := 5     
Module mkdcache 
Detailed RTL Component Info : 
+---Adders : 
	   2 Input     32 Bit       Adders := 1     
	   2 Input      7 Bit       Adders := 1     
	   2 Input      2 Bit       Adders := 2     
+---XORs : 
	   2 Input     32 Bit         XORs := 3     
+---Registers : 
	               79 Bit    Registers := 3     
	               78 Bit    Registers := 1     
	               74 Bit    Registers := 1     
	               35 Bit    Registers := 1     
	               33 Bit    Registers := 1     
	               32 Bit    Registers := 1     
	                6 Bit    Registers := 2     
	                4 Bit    Registers := 128   
	                2 Bit    Registers := 66    
	                1 Bit    Registers := 9     
+---Muxes : 
	   2 Input    555 Bit        Muxes := 1     
	   3 Input     79 Bit        Muxes := 2     
	   2 Input     79 Bit        Muxes := 14    
	   3 Input     78 Bit        Muxes := 1     
	   2 Input     78 Bit        Muxes := 3     
	   2 Input     74 Bit        Muxes := 10    
	   3 Input     74 Bit        Muxes := 1     
	   2 Input     68 Bit        Muxes := 1     
	   2 Input     35 Bit        Muxes := 4     
	   3 Input     35 Bit        Muxes := 1     
	   2 Input     33 Bit        Muxes := 3     
	   2 Input     32 Bit        Muxes := 14    
	   6 Input     32 Bit        Muxes := 1     
	   2 Input      7 Bit        Muxes := 2     
	  11 Input      4 Bit        Muxes := 1     
	   4 Input      4 Bit        Muxes := 128   
	   2 Input      4 Bit        Muxes := 2     
	   5 Input      3 Bit        Muxes := 1     
	   2 Input      3 Bit        Muxes := 2     
	   2 Input      2 Bit        Muxes := 17    
	   4 Input      2 Bit        Muxes := 1     
	   2 Input      1 Bit        Muxes := 10    
Module FIFO2__parameterized10 
Detailed RTL Component Info : 
+---Registers : 
	              113 Bit    Registers := 2     
	                1 Bit    Registers := 2     
+---Muxes : 
	   2 Input      1 Bit        Muxes := 5     
Module FIFO2__parameterized5__1 
Detailed RTL Component Info : 
+---Registers : 
	               36 Bit    Registers := 2     
	                1 Bit    Registers := 2     
+---Muxes : 
	   2 Input      1 Bit        Muxes := 5     
Module mkfa_dtlb 
Detailed RTL Component Info : 
+---Adders : 
	   2 Input      2 Bit       Adders := 1     
+---Registers : 
	               74 Bit    Registers := 1     
	               69 Bit    Registers := 4     
	               32 Bit    Registers := 1     
	                2 Bit    Registers := 1     
	                1 Bit    Registers := 2     
+---Muxes : 
	   3 Input     74 Bit        Muxes := 1     
	   2 Input     74 Bit        Muxes := 3     
	   2 Input     73 Bit        Muxes := 1     
	   2 Input     69 Bit        Muxes := 11    
	   2 Input      7 Bit        Muxes := 1     
	   2 Input      4 Bit        Muxes := 1     
	   2 Input      3 Bit        Muxes := 1     
	   2 Input      2 Bit        Muxes := 1     
	   2 Input      1 Bit        Muxes := 5     
Module mkdmem 
Detailed RTL Component Info : 
+---Muxes : 
	   2 Input      2 Bit        Muxes := 1     
Module FIFOL1__parameterized1 
Detailed RTL Component Info : 
+---Registers : 
	               63 Bit    Registers := 1     
	                1 Bit    Registers := 1     
+---Muxes : 
	   2 Input      1 Bit        Muxes := 2     
Module mkregisterfile 
Detailed RTL Component Info : 
+---Adders : 
	   2 Input      5 Bit       Adders := 1     
+---Registers : 
	                5 Bit    Registers := 1     
	                1 Bit    Registers := 1     
+---Muxes : 
	   2 Input     32 Bit        Muxes := 1     
	   2 Input      5 Bit        Muxes := 1     
Module module_fn_decode_immediate 
Detailed RTL Component Info : 
+---Muxes : 
	   2 Input     11 Bit        Muxes := 1     
	   3 Input     11 Bit        Muxes := 1     
	   3 Input      8 Bit        Muxes := 1     
	   2 Input      6 Bit        Muxes := 2     
	   2 Input      4 Bit        Muxes := 4     
	   3 Input      2 Bit        Muxes := 1     
	   2 Input      1 Bit        Muxes := 1     
Module module_fn_decode_fn 
Detailed RTL Component Info : 
+---Muxes : 
	   2 Input      4 Bit        Muxes := 5     
	   4 Input      4 Bit        Muxes := 1     
	   6 Input      4 Bit        Muxes := 1     
	   2 Input      3 Bit        Muxes := 1     
Module module_fn_decode_rs1 
Detailed RTL Component Info : 
+---Muxes : 
	   2 Input      5 Bit        Muxes := 1     
	   3 Input      5 Bit        Muxes := 1     
	   3 Input      2 Bit        Muxes := 1     
Module module_fn_decode_rs2 
Detailed RTL Component Info : 
+---Muxes : 
	   2 Input      5 Bit        Muxes := 5     
Module module_fn_decode_rd 
Detailed RTL Component Info : 
+---Muxes : 
	   2 Input      5 Bit        Muxes := 1     
Module module_fn_decode_trapcause 
Detailed RTL Component Info : 
+---Muxes : 
	   2 Input      5 Bit        Muxes := 2     
	   3 Input      5 Bit        Muxes := 1     
	   3 Input      4 Bit        Muxes := 1     
Module module_fn_decode_mem_access 
Detailed RTL Component Info : 
+---Muxes : 
	   2 Input      3 Bit        Muxes := 1     
	   5 Input      3 Bit        Muxes := 1     
Module module_fn_decode_insttype 
Detailed RTL Component Info : 
+---Muxes : 
	   3 Input      4 Bit        Muxes := 2     
	   2 Input      4 Bit        Muxes := 7     
	   2 Input      3 Bit        Muxes := 6     
	   5 Input      3 Bit        Muxes := 1     
	   8 Input      3 Bit        Muxes := 1     
	   3 Input      3 Bit        Muxes := 3     
	   3 Input      2 Bit        Muxes := 1     
	   2 Input      1 Bit        Muxes := 9     
Module module_fn_decode 
Detailed RTL Component Info : 
+---Muxes : 
	   2 Input      7 Bit        Muxes := 1     
Module module_chk_interrupt 
Detailed RTL Component Info : 
+---Muxes : 
	  12 Input      6 Bit        Muxes := 1     
Module mkstage2 
Detailed RTL Component Info : 
+---Adders : 
	   2 Input     32 Bit       Adders := 1     
+---Registers : 
	               43 Bit    Registers := 3     
	                7 Bit    Registers := 1     
	                2 Bit    Registers := 1     
	                1 Bit    Registers := 6     
+---Muxes : 
	   2 Input     43 Bit        Muxes := 5     
	   2 Input     32 Bit        Muxes := 5     
	   4 Input     32 Bit        Muxes := 1     
	   3 Input      7 Bit        Muxes := 1     
	   2 Input      7 Bit        Muxes := 3     
	   2 Input      4 Bit        Muxes := 3     
	   2 Input      3 Bit        Muxes := 1     
	   2 Input      2 Bit        Muxes := 2     
	   2 Input      1 Bit        Muxes := 1     
Module mkscoreboard 
Detailed RTL Component Info : 
+---Adders : 
	   2 Input      4 Bit       Adders := 1     
+---Registers : 
	                5 Bit    Registers := 32    
	                4 Bit    Registers := 1     
+---Muxes : 
	   2 Input      5 Bit        Muxes := 62    
Module module_fn_bypass__1 
Detailed RTL Component Info : 
+---Muxes : 
	   2 Input     32 Bit        Muxes := 2     
Module module_fn_bypass 
Detailed RTL Component Info : 
+---Muxes : 
	   2 Input     32 Bit        Muxes := 2     
Module module_fn_shift 
Detailed RTL Component Info : 
+---Muxes : 
	   2 Input     32 Bit        Muxes := 2     
Module module_fn_compare 
Detailed RTL Component Info : 
+---XORs : 
	   2 Input     33 Bit         XORs := 2     
Module module_fn_logic 
Detailed RTL Component Info : 
+---Muxes : 
	   2 Input     32 Bit        Muxes := 2     
Module module_fn_add 
Detailed RTL Component Info : 
+---Adders : 
	   2 Input     33 Bit       Adders := 1     
+---XORs : 
	   2 Input     32 Bit         XORs := 1     
Module module_fn_base_alu 
Detailed RTL Component Info : 
+---XORs : 
	   2 Input     32 Bit         XORs := 1     
+---Muxes : 
	   4 Input     32 Bit        Muxes := 1     
	   2 Input     32 Bit        Muxes := 1     
Module module_fn_bru 
Detailed RTL Component Info : 
+---XORs : 
	   2 Input     33 Bit         XORs := 2     
	   2 Input     32 Bit         XORs := 1     
+---Muxes : 
	   4 Input      2 Bit        Muxes := 1     
	   4 Input      1 Bit        Muxes := 1     
Module mkstage3 
Detailed RTL Component Info : 
+---Adders : 
	   3 Input     32 Bit       Adders := 1     
	   2 Input     32 Bit       Adders := 3     
+---XORs : 
	   2 Input      1 Bit         XORs := 1     
+---Registers : 
	               79 Bit    Registers := 1     
	               10 Bit    Registers := 1     
	                1 Bit    Registers := 2     
+---Muxes : 
	   2 Input     79 Bit        Muxes := 2     
	   4 Input     42 Bit        Muxes := 1     
	   4 Input     40 Bit        Muxes := 1     
	   2 Input     32 Bit        Muxes := 4     
	   3 Input     32 Bit        Muxes := 2     
	   2 Input     10 Bit        Muxes := 2     
	   2 Input      3 Bit        Muxes := 2     
	   3 Input      2 Bit        Muxes := 3     
	   2 Input      2 Bit        Muxes := 6     
	   2 Input      1 Bit        Muxes := 2     
Module FIFO2__parameterized22__1 
Detailed RTL Component Info : 
+---Registers : 
	               47 Bit    Registers := 2     
	                1 Bit    Registers := 2     
+---Muxes : 
	   2 Input      1 Bit        Muxes := 5     
Module FIFO2__parameterized22 
Detailed RTL Component Info : 
+---Registers : 
	               47 Bit    Registers := 2     
	                1 Bit    Registers := 2     
+---Muxes : 
	   2 Input      1 Bit        Muxes := 5     
Module mk_csrbox 
Detailed RTL Component Info : 
+---Adders : 
	   2 Input     64 Bit       Adders := 1     
	   2 Input     32 Bit       Adders := 1     
+---Registers : 
	               64 Bit    Registers := 3     
	               32 Bit    Registers := 15    
	               30 Bit    Registers := 6     
	               26 Bit    Registers := 1     
	               22 Bit    Registers := 1     
	                9 Bit    Registers := 1     
	                8 Bit    Registers := 4     
	                5 Bit    Registers := 4     
	                3 Bit    Registers := 1     
	                2 Bit    Registers := 9     
	                1 Bit    Registers := 47    
+---Muxes : 
	   2 Input     64 Bit        Muxes := 3     
	  41 Input     33 Bit        Muxes := 1     
	   3 Input     32 Bit        Muxes := 31    
	   2 Input     32 Bit        Muxes := 13    
	   2 Input     31 Bit        Muxes := 3     
	   2 Input     30 Bit        Muxes := 8     
	   3 Input     30 Bit        Muxes := 4     
	   3 Input     26 Bit        Muxes := 1     
	   3 Input     23 Bit        Muxes := 1     
	   3 Input     20 Bit        Muxes := 1     
	   3 Input     17 Bit        Muxes := 1     
	   3 Input     16 Bit        Muxes := 3     
	   2 Input     12 Bit        Muxes := 1     
	   3 Input     11 Bit        Muxes := 1     
	   3 Input     10 Bit        Muxes := 1     
	   3 Input      8 Bit        Muxes := 2     
	   2 Input      5 Bit        Muxes := 2     
	   3 Input      5 Bit        Muxes := 2     
	   2 Input      3 Bit        Muxes := 2     
	   2 Input      2 Bit        Muxes := 8     
	   4 Input      2 Bit        Muxes := 2     
	   3 Input      2 Bit        Muxes := 1     
	   3 Input      1 Bit        Muxes := 1     
	   2 Input      1 Bit        Muxes := 18    
	   4 Input      1 Bit        Muxes := 5     
Module mkstage5 
Detailed RTL Component Info : 
+---Registers : 
	                1 Bit    Registers := 3     
+---Muxes : 
	   2 Input     37 Bit        Muxes := 5     
	   2 Input     35 Bit        Muxes := 1     
	   4 Input     35 Bit        Muxes := 1     
	   2 Input     32 Bit        Muxes := 1     
	   2 Input      7 Bit        Muxes := 1     
Module FIFO2__parameterized18 
Detailed RTL Component Info : 
+---Registers : 
	               88 Bit    Registers := 2     
	                1 Bit    Registers := 2     
+---Muxes : 
	   2 Input      1 Bit        Muxes := 5     
Module FIFO2__parameterized21 
Detailed RTL Component Info : 
+---Registers : 
	               42 Bit    Registers := 2     
	                1 Bit    Registers := 2     
+---Muxes : 
	   2 Input      1 Bit        Muxes := 5     
Module module_fn_decompress 
Detailed RTL Component Info : 
+---Muxes : 
	   2 Input     32 Bit        Muxes := 26    
Module mkstage1 
Detailed RTL Component Info : 
+---Registers : 
	               62 Bit    Registers := 1     
	                1 Bit    Registers := 4     
+---Muxes : 
	   2 Input     62 Bit        Muxes := 1     
	   2 Input     32 Bit        Muxes := 11    
	   3 Input     32 Bit        Muxes := 2     
	   2 Input     16 Bit        Muxes := 3     
	   3 Input     16 Bit        Muxes := 2     
	   2 Input     12 Bit        Muxes := 3     
	   3 Input     12 Bit        Muxes := 2     
	   2 Input      7 Bit        Muxes := 1     
	   2 Input      3 Bit        Muxes := 3     
	   2 Input      2 Bit        Muxes := 4     
	   2 Input      1 Bit        Muxes := 6     
Module mkbpu 
Detailed RTL Component Info : 
+---Adders : 
	   2 Input     32 Bit       Adders := 1     
	   2 Input      8 Bit       Adders := 1     
	   2 Input      5 Bit       Adders := 1     
	   2 Input      3 Bit       Adders := 2     
+---XORs : 
	   3 Input      8 Bit         XORs := 2     
+---Registers : 
	               36 Bit    Registers := 32    
	               31 Bit    Registers := 32    
	                8 Bit    Registers := 2     
	                5 Bit    Registers := 1     
	                3 Bit    Registers := 1     
	                1 Bit    Registers := 1     
+---Muxes : 
	   2 Input     36 Bit        Muxes := 33    
	   2 Input     32 Bit        Muxes := 4     
	   2 Input     31 Bit        Muxes := 64    
	   2 Input      8 Bit        Muxes := 10    
	   8 Input      5 Bit        Muxes := 1     
	   9 Input      5 Bit        Muxes := 1     
	   2 Input      5 Bit        Muxes := 1     
	   9 Input      4 Bit        Muxes := 1     
	   5 Input      3 Bit        Muxes := 1     
	   2 Input      3 Bit        Muxes := 3     
	   6 Input      3 Bit        Muxes := 1     
	   3 Input      2 Bit        Muxes := 1     
	   2 Input      2 Bit        Muxes := 7     
	   2 Input      1 Bit        Muxes := 36    
Module mkstage0 
Detailed RTL Component Info : 
+---Adders : 
	   2 Input     32 Bit       Adders := 1     
+---Registers : 
	               37 Bit    Registers := 1     
	               33 Bit    Registers := 1     
	               32 Bit    Registers := 1     
	                1 Bit    Registers := 5     
+---Muxes : 
	   3 Input     37 Bit        Muxes := 1     
	   2 Input     37 Bit        Muxes := 3     
	   2 Input     33 Bit        Muxes := 4     
	   2 Input     32 Bit        Muxes := 1     
	   2 Input      1 Bit        Muxes := 3     
Module FIFO2__parameterized20 
Detailed RTL Component Info : 
+---Registers : 
	               45 Bit    Registers := 2     
	                1 Bit    Registers := 2     
+---Muxes : 
	   2 Input      1 Bit        Muxes := 5     
Module FIFOL1__parameterized0 
Detailed RTL Component Info : 
+---Registers : 
	                4 Bit    Registers := 1     
	                1 Bit    Registers := 1     
+---Muxes : 
	   2 Input      1 Bit        Muxes := 2     
Module mkrestoring_div 
Detailed RTL Component Info : 
+---Adders : 
	   2 Input     33 Bit       Adders := 1     
	   2 Input     32 Bit       Adders := 3     
	   2 Input      6 Bit       Adders := 1     
+---XORs : 
	   2 Input     32 Bit         XORs := 2     
	   2 Input      1 Bit         XORs := 1     
+---Registers : 
	               65 Bit    Registers := 1     
	               32 Bit    Registers := 3     
	                6 Bit    Registers := 1     
	                1 Bit    Registers := 4     
+---Muxes : 
	   4 Input     65 Bit        Muxes := 1     
	   2 Input     65 Bit        Muxes := 1     
	   2 Input     33 Bit        Muxes := 1     
	   2 Input     32 Bit        Muxes := 3     
	   2 Input      1 Bit        Muxes := 2     
Module FIFO2__parameterized19 
Detailed RTL Component Info : 
+---Registers : 
	                1 Bit    Registers := 4     
+---Muxes : 
	   2 Input      1 Bit        Muxes := 5     
Module FIFOL1__1 
Detailed RTL Component Info : 
+---Registers : 
	                1 Bit    Registers := 2     
+---Muxes : 
	   2 Input      1 Bit        Muxes := 2     
Module FIFOL1 
Detailed RTL Component Info : 
+---Registers : 
	                1 Bit    Registers := 2     
+---Muxes : 
	   2 Input      1 Bit        Muxes := 2     
Module signedmul 
Detailed RTL Component Info : 
+---Multipliers : 
	                33x33  Multipliers := 1     
Module mkcombo_mul 
Detailed RTL Component Info : 
+---XORs : 
	   2 Input      1 Bit         XORs := 1     
+---Registers : 
	               33 Bit    Registers := 2     
	               32 Bit    Registers := 1     
	                3 Bit    Registers := 1     
+---Muxes : 
	   2 Input     32 Bit        Muxes := 1     
Module mkmbox 
Detailed RTL Component Info : 
+---Muxes : 
	   2 Input     32 Bit        Muxes := 1     
Module FIFOL1__parameterized2 
Detailed RTL Component Info : 
+---Registers : 
	               32 Bit    Registers := 1     
	                1 Bit    Registers := 1     
+---Muxes : 
	   2 Input      1 Bit        Muxes := 2     
Module FIFOL1__parameterized3 
Detailed RTL Component Info : 
+---Registers : 
	               13 Bit    Registers := 1     
	                1 Bit    Registers := 1     
+---Muxes : 
	   2 Input      1 Bit        Muxes := 2     
Module SizedFIFO__parameterized6 
Detailed RTL Component Info : 
+---Adders : 
	   2 Input      3 Bit       Adders := 2     
+---Registers : 
	               37 Bit    Registers := 8     
	                3 Bit    Registers := 2     
	                1 Bit    Registers := 3     
+---Muxes : 
	   5 Input     37 Bit        Muxes := 1     
	   2 Input      3 Bit        Muxes := 2     
	   7 Input      3 Bit        Muxes := 2     
	   7 Input      1 Bit        Muxes := 7     
	   5 Input      1 Bit        Muxes := 1     
	   2 Input      1 Bit        Muxes := 7     
Module SizedFIFO__parameterized5__1 
Detailed RTL Component Info : 
+---Adders : 
	   2 Input      3 Bit       Adders := 2     
+---Registers : 
	               40 Bit    Registers := 8     
	                3 Bit    Registers := 2     
	                1 Bit    Registers := 3     
+---Muxes : 
	   5 Input     40 Bit        Muxes := 1     
	   2 Input      3 Bit        Muxes := 2     
	   7 Input      3 Bit        Muxes := 2     
	   7 Input      1 Bit        Muxes := 7     
	   5 Input      1 Bit        Muxes := 1     
	   2 Input      1 Bit        Muxes := 7     
Module SizedFIFO__parameterized5 
Detailed RTL Component Info : 
+---Adders : 
	   2 Input      3 Bit       Adders := 2     
+---Registers : 
	               40 Bit    Registers := 8     
	                3 Bit    Registers := 2     
	                1 Bit    Registers := 3     
+---Muxes : 
	   5 Input     40 Bit        Muxes := 1     
	   2 Input      3 Bit        Muxes := 2     
	   7 Input      3 Bit        Muxes := 2     
	   7 Input      1 Bit        Muxes := 7     
	   5 Input      1 Bit        Muxes := 1     
	   2 Input      1 Bit        Muxes := 7     
Module SizedFIFO__parameterized4__1 
Detailed RTL Component Info : 
+---Adders : 
	   2 Input      3 Bit       Adders := 2     
+---Registers : 
	               49 Bit    Registers := 8     
	                3 Bit    Registers := 2     
	                1 Bit    Registers := 3     
+---Muxes : 
	   5 Input     49 Bit        Muxes := 1     
	   2 Input      3 Bit        Muxes := 2     
	   7 Input      3 Bit        Muxes := 2     
	   7 Input      1 Bit        Muxes := 7     
	   5 Input      1 Bit        Muxes := 1     
	   2 Input      1 Bit        Muxes := 7     
Module mkstage4 
Detailed RTL Component Info : 
+---Registers : 
	               79 Bit    Registers := 1     
+---Muxes : 
	   2 Input     79 Bit        Muxes := 8     
	   3 Input     79 Bit        Muxes := 1     
	   4 Input     44 Bit        Muxes := 1     
	   4 Input     42 Bit        Muxes := 1     
	   2 Input     40 Bit        Muxes := 1     
	   2 Input      2 Bit        Muxes := 2     
	   4 Input      2 Bit        Muxes := 1     
Module SizedFIFO__parameterized4 
Detailed RTL Component Info : 
+---Adders : 
	   2 Input      3 Bit       Adders := 2     
+---Registers : 
	               49 Bit    Registers := 8     
	                3 Bit    Registers := 2     
	                1 Bit    Registers := 3     
+---Muxes : 
	   5 Input     49 Bit        Muxes := 1     
	   2 Input      3 Bit        Muxes := 2     
	   7 Input      3 Bit        Muxes := 2     
	   7 Input      1 Bit        Muxes := 7     
	   5 Input      1 Bit        Muxes := 1     
	   2 Input      1 Bit        Muxes := 7     
Module SizedFIFO__parameterized3 
Detailed RTL Component Info : 
+---Adders : 
	   2 Input      3 Bit       Adders := 2     
+---Registers : 
	                3 Bit    Registers := 10    
	                1 Bit    Registers := 3     
+---Muxes : 
	   2 Input      3 Bit        Muxes := 2     
	   7 Input      3 Bit        Muxes := 2     
	   5 Input      3 Bit        Muxes := 1     
	   7 Input      1 Bit        Muxes := 7     
	   5 Input      1 Bit        Muxes := 1     
	   2 Input      1 Bit        Muxes := 7     
Module SizedFIFO__parameterized2 
Detailed RTL Component Info : 
+---Adders : 
	   2 Input      3 Bit       Adders := 2     
+---Registers : 
	               32 Bit    Registers := 8     
	                3 Bit    Registers := 2     
	                1 Bit    Registers := 3     
+---Muxes : 
	   5 Input     32 Bit        Muxes := 1     
	   2 Input      3 Bit        Muxes := 2     
	   7 Input      3 Bit        Muxes := 2     
	   7 Input      1 Bit        Muxes := 7     
	   5 Input      1 Bit        Muxes := 1     
	   2 Input      1 Bit        Muxes := 7     
Module SizedFIFO__parameterized1 
Detailed RTL Component Info : 
+---Adders : 
	   2 Input      3 Bit       Adders := 2     
+---Registers : 
	               45 Bit    Registers := 8     
	                3 Bit    Registers := 2     
	                1 Bit    Registers := 3     
+---Muxes : 
	   5 Input     45 Bit        Muxes := 1     
	   2 Input      3 Bit        Muxes := 2     
	   7 Input      3 Bit        Muxes := 2     
	   7 Input      1 Bit        Muxes := 7     
	   5 Input      1 Bit        Muxes := 1     
	   2 Input      1 Bit        Muxes := 7     
Module SizedFIFO__parameterized0 
Detailed RTL Component Info : 
+---Adders : 
	   2 Input      3 Bit       Adders := 2     
+---Registers : 
	               44 Bit    Registers := 8     
	                3 Bit    Registers := 2     
	                1 Bit    Registers := 3     
+---Muxes : 
	   5 Input     44 Bit        Muxes := 1     
	   2 Input      3 Bit        Muxes := 2     
	   7 Input      3 Bit        Muxes := 2     
	   7 Input      1 Bit        Muxes := 7     
	   5 Input      1 Bit        Muxes := 1     
	   2 Input      1 Bit        Muxes := 7     
Module SizedFIFO__1 
Detailed RTL Component Info : 
+---Adders : 
	   2 Input      3 Bit       Adders := 2     
+---Registers : 
	               42 Bit    Registers := 8     
	                3 Bit    Registers := 2     
	                1 Bit    Registers := 3     
+---Muxes : 
	   5 Input     42 Bit        Muxes := 1     
	   2 Input      3 Bit        Muxes := 2     
	   7 Input      3 Bit        Muxes := 2     
	   7 Input      1 Bit        Muxes := 7     
	   5 Input      1 Bit        Muxes := 1     
	   2 Input      1 Bit        Muxes := 7     
Module SizedFIFO 
Detailed RTL Component Info : 
+---Adders : 
	   2 Input      3 Bit       Adders := 2     
+---Registers : 
	               42 Bit    Registers := 8     
	                3 Bit    Registers := 2     
	                1 Bit    Registers := 3     
+---Muxes : 
	   5 Input     42 Bit        Muxes := 1     
	   2 Input      3 Bit        Muxes := 2     
	   7 Input      3 Bit        Muxes := 2     
	   7 Input      1 Bit        Muxes := 7     
	   5 Input      1 Bit        Muxes := 1     
	   2 Input      1 Bit        Muxes := 7     
Module mkriscv 
Detailed RTL Component Info : 
+---Adders : 
	   2 Input     10 Bit       Adders := 1     
+---Registers : 
	               31 Bit    Registers := 1     
	               10 Bit    Registers := 1     
	                1 Bit    Registers := 2     
+---Muxes : 
	   2 Input     32 Bit        Muxes := 2     
	   2 Input     31 Bit        Muxes := 1     
Module FIFO2__1 
Detailed RTL Component Info : 
+---Registers : 
	               52 Bit    Registers := 2     
	                1 Bit    Registers := 2     
+---Muxes : 
	   2 Input      1 Bit        Muxes := 5     
Module FIFO2__parameterized0__1 
Detailed RTL Component Info : 
+---Registers : 
	               39 Bit    Registers := 2     
	                1 Bit    Registers := 2     
+---Muxes : 
	   2 Input      1 Bit        Muxes := 5     
Module FIFO2__2 
Detailed RTL Component Info : 
+---Registers : 
	               52 Bit    Registers := 2     
	                1 Bit    Registers := 2     
+---Muxes : 
	   2 Input      1 Bit        Muxes := 5     
Module FIFO2__parameterized1__1 
Detailed RTL Component Info : 
+---Registers : 
	               41 Bit    Registers := 2     
	                1 Bit    Registers := 2     
+---Muxes : 
	   2 Input      1 Bit        Muxes := 5     
Module FIFO2__parameterized2__1 
Detailed RTL Component Info : 
+---Registers : 
	                6 Bit    Registers := 2     
	                1 Bit    Registers := 2     
+---Muxes : 
	   2 Input      1 Bit        Muxes := 5     
Module FIFO2__parameterized11 
Detailed RTL Component Info : 
+---Registers : 
	               35 Bit    Registers := 2     
	                1 Bit    Registers := 2     
+---Muxes : 
	   2 Input      1 Bit        Muxes := 5     
Module FIFO2__parameterized12__1 
Detailed RTL Component Info : 
+---Registers : 
	                6 Bit    Registers := 2     
	                1 Bit    Registers := 2     
+---Muxes : 
	   2 Input      1 Bit        Muxes := 5     
Module FIFO2__parameterized12 
Detailed RTL Component Info : 
+---Registers : 
	                6 Bit    Registers := 2     
	                1 Bit    Registers := 2     
+---Muxes : 
	   2 Input      1 Bit        Muxes := 5     
Module FIFO2__parameterized13 
Detailed RTL Component Info : 
+---Registers : 
	               44 Bit    Registers := 2     
	                1 Bit    Registers := 2     
+---Muxes : 
	   2 Input      1 Bit        Muxes := 5     
Module bram_1rw__65 
Detailed RTL Component Info : 
+---Registers : 
	               32 Bit    Registers := 1     
+---RAMs : 
	               2K Bit         RAMs := 1     
Module bram_1rw__66 
Detailed RTL Component Info : 
+---Registers : 
	               32 Bit    Registers := 1     
+---RAMs : 
	               2K Bit         RAMs := 1     
Module bram_1rw__67 
Detailed RTL Component Info : 
+---Registers : 
	               32 Bit    Registers := 1     
+---RAMs : 
	               2K Bit         RAMs := 1     
Module bram_1rw__68 
Detailed RTL Component Info : 
+---Registers : 
	               32 Bit    Registers := 1     
+---RAMs : 
	               2K Bit         RAMs := 1     
Module bram_1rw__69 
Detailed RTL Component Info : 
+---Registers : 
	               32 Bit    Registers := 1     
+---RAMs : 
	               2K Bit         RAMs := 1     
Module bram_1rw__70 
Detailed RTL Component Info : 
+---Registers : 
	               32 Bit    Registers := 1     
+---RAMs : 
	               2K Bit         RAMs := 1     
Module bram_1rw__71 
Detailed RTL Component Info : 
+---Registers : 
	               32 Bit    Registers := 1     
+---RAMs : 
	               2K Bit         RAMs := 1     
Module bram_1rw__72 
Detailed RTL Component Info : 
+---Registers : 
	               32 Bit    Registers := 1     
+---RAMs : 
	               2K Bit         RAMs := 1     
Module bram_1rw__73 
Detailed RTL Component Info : 
+---Registers : 
	               32 Bit    Registers := 1     
+---RAMs : 
	               2K Bit         RAMs := 1     
Module bram_1rw__74 
Detailed RTL Component Info : 
+---Registers : 
	               32 Bit    Registers := 1     
+---RAMs : 
	               2K Bit         RAMs := 1     
Module bram_1rw__75 
Detailed RTL Component Info : 
+---Registers : 
	               32 Bit    Registers := 1     
+---RAMs : 
	               2K Bit         RAMs := 1     
Module bram_1rw__76 
Detailed RTL Component Info : 
+---Registers : 
	               32 Bit    Registers := 1     
+---RAMs : 
	               2K Bit         RAMs := 1     
Module bram_1rw__77 
Detailed RTL Component Info : 
+---Registers : 
	               32 Bit    Registers := 1     
+---RAMs : 
	               2K Bit         RAMs := 1     
Module bram_1rw__78 
Detailed RTL Component Info : 
+---Registers : 
	               32 Bit    Registers := 1     
+---RAMs : 
	               2K Bit         RAMs := 1     
Module bram_1rw__79 
Detailed RTL Component Info : 
+---Registers : 
	               32 Bit    Registers := 1     
+---RAMs : 
	               2K Bit         RAMs := 1     
Module bram_1rw__80 
Detailed RTL Component Info : 
+---Registers : 
	               32 Bit    Registers := 1     
+---RAMs : 
	               2K Bit         RAMs := 1     
Module bram_1rw__81 
Detailed RTL Component Info : 
+---Registers : 
	               32 Bit    Registers := 1     
+---RAMs : 
	               2K Bit         RAMs := 1     
Module bram_1rw__82 
Detailed RTL Component Info : 
+---Registers : 
	               32 Bit    Registers := 1     
+---RAMs : 
	               2K Bit         RAMs := 1     
Module bram_1rw__83 
Detailed RTL Component Info : 
+---Registers : 
	               32 Bit    Registers := 1     
+---RAMs : 
	               2K Bit         RAMs := 1     
Module bram_1rw__84 
Detailed RTL Component Info : 
+---Registers : 
	               32 Bit    Registers := 1     
+---RAMs : 
	               2K Bit         RAMs := 1     
Module bram_1rw__85 
Detailed RTL Component Info : 
+---Registers : 
	               32 Bit    Registers := 1     
+---RAMs : 
	               2K Bit         RAMs := 1     
Module bram_1rw__86 
Detailed RTL Component Info : 
+---Registers : 
	               32 Bit    Registers := 1     
+---RAMs : 
	               2K Bit         RAMs := 1     
Module bram_1rw__87 
Detailed RTL Component Info : 
+---Registers : 
	               32 Bit    Registers := 1     
+---RAMs : 
	               2K Bit         RAMs := 1     
Module bram_1rw__88 
Detailed RTL Component Info : 
+---Registers : 
	               32 Bit    Registers := 1     
+---RAMs : 
	               2K Bit         RAMs := 1     
Module bram_1rw__89 
Detailed RTL Component Info : 
+---Registers : 
	               32 Bit    Registers := 1     
+---RAMs : 
	               2K Bit         RAMs := 1     
Module bram_1rw__90 
Detailed RTL Component Info : 
+---Registers : 
	               32 Bit    Registers := 1     
+---RAMs : 
	               2K Bit         RAMs := 1     
Module bram_1rw__91 
Detailed RTL Component Info : 
+---Registers : 
	               32 Bit    Registers := 1     
+---RAMs : 
	               2K Bit         RAMs := 1     
Module bram_1rw__92 
Detailed RTL Component Info : 
+---Registers : 
	               32 Bit    Registers := 1     
+---RAMs : 
	               2K Bit         RAMs := 1     
Module bram_1rw__93 
Detailed RTL Component Info : 
+---Registers : 
	               32 Bit    Registers := 1     
+---RAMs : 
	               2K Bit         RAMs := 1     
Module bram_1rw__94 
Detailed RTL Component Info : 
+---Registers : 
	               32 Bit    Registers := 1     
+---RAMs : 
	               2K Bit         RAMs := 1     
Module bram_1rw__95 
Detailed RTL Component Info : 
+---Registers : 
	               32 Bit    Registers := 1     
+---RAMs : 
	               2K Bit         RAMs := 1     
Module bram_1rw__96 
Detailed RTL Component Info : 
+---Registers : 
	               32 Bit    Registers := 1     
+---RAMs : 
	               2K Bit         RAMs := 1     
Module bram_1rw__97 
Detailed RTL Component Info : 
+---Registers : 
	               32 Bit    Registers := 1     
+---RAMs : 
	               2K Bit         RAMs := 1     
Module bram_1rw__98 
Detailed RTL Component Info : 
+---Registers : 
	               32 Bit    Registers := 1     
+---RAMs : 
	               2K Bit         RAMs := 1     
Module bram_1rw__99 
Detailed RTL Component Info : 
+---Registers : 
	               32 Bit    Registers := 1     
+---RAMs : 
	               2K Bit         RAMs := 1     
Module bram_1rw__100 
Detailed RTL Component Info : 
+---Registers : 
	               32 Bit    Registers := 1     
+---RAMs : 
	               2K Bit         RAMs := 1     
Module bram_1rw__101 
Detailed RTL Component Info : 
+---Registers : 
	               32 Bit    Registers := 1     
+---RAMs : 
	               2K Bit         RAMs := 1     
Module bram_1rw__102 
Detailed RTL Component Info : 
+---Registers : 
	               32 Bit    Registers := 1     
+---RAMs : 
	               2K Bit         RAMs := 1     
Module bram_1rw__103 
Detailed RTL Component Info : 
+---Registers : 
	               32 Bit    Registers := 1     
+---RAMs : 
	               2K Bit         RAMs := 1     
Module bram_1rw__104 
Detailed RTL Component Info : 
+---Registers : 
	               32 Bit    Registers := 1     
+---RAMs : 
	               2K Bit         RAMs := 1     
Module bram_1rw__105 
Detailed RTL Component Info : 
+---Registers : 
	               32 Bit    Registers := 1     
+---RAMs : 
	               2K Bit         RAMs := 1     
Module bram_1rw__106 
Detailed RTL Component Info : 
+---Registers : 
	               32 Bit    Registers := 1     
+---RAMs : 
	               2K Bit         RAMs := 1     
Module bram_1rw__107 
Detailed RTL Component Info : 
+---Registers : 
	               32 Bit    Registers := 1     
+---RAMs : 
	               2K Bit         RAMs := 1     
Module bram_1rw__108 
Detailed RTL Component Info : 
+---Registers : 
	               32 Bit    Registers := 1     
+---RAMs : 
	               2K Bit         RAMs := 1     
Module bram_1rw__109 
Detailed RTL Component Info : 
+---Registers : 
	               32 Bit    Registers := 1     
+---RAMs : 
	               2K Bit         RAMs := 1     
Module bram_1rw__110 
Detailed RTL Component Info : 
+---Registers : 
	               32 Bit    Registers := 1     
+---RAMs : 
	               2K Bit         RAMs := 1     
Module bram_1rw__111 
Detailed RTL Component Info : 
+---Registers : 
	               32 Bit    Registers := 1     
+---RAMs : 
	               2K Bit         RAMs := 1     
Module bram_1rw__112 
Detailed RTL Component Info : 
+---Registers : 
	               32 Bit    Registers := 1     
+---RAMs : 
	               2K Bit         RAMs := 1     
Module bram_1rw__113 
Detailed RTL Component Info : 
+---Registers : 
	               32 Bit    Registers := 1     
+---RAMs : 
	               2K Bit         RAMs := 1     
Module bram_1rw__114 
Detailed RTL Component Info : 
+---Registers : 
	               32 Bit    Registers := 1     
+---RAMs : 
	               2K Bit         RAMs := 1     
Module bram_1rw__115 
Detailed RTL Component Info : 
+---Registers : 
	               32 Bit    Registers := 1     
+---RAMs : 
	               2K Bit         RAMs := 1     
Module bram_1rw__116 
Detailed RTL Component Info : 
+---Registers : 
	               32 Bit    Registers := 1     
+---RAMs : 
	               2K Bit         RAMs := 1     
Module bram_1rw__117 
Detailed RTL Component Info : 
+---Registers : 
	               32 Bit    Registers := 1     
+---RAMs : 
	               2K Bit         RAMs := 1     
Module bram_1rw__118 
Detailed RTL Component Info : 
+---Registers : 
	               32 Bit    Registers := 1     
+---RAMs : 
	               2K Bit         RAMs := 1     
Module bram_1rw__119 
Detailed RTL Component Info : 
+---Registers : 
	               32 Bit    Registers := 1     
+---RAMs : 
	               2K Bit         RAMs := 1     
Module bram_1rw__120 
Detailed RTL Component Info : 
+---Registers : 
	               32 Bit    Registers := 1     
+---RAMs : 
	               2K Bit         RAMs := 1     
Module bram_1rw__121 
Detailed RTL Component Info : 
+---Registers : 
	               32 Bit    Registers := 1     
+---RAMs : 
	               2K Bit         RAMs := 1     
Module bram_1rw__122 
Detailed RTL Component Info : 
+---Registers : 
	               32 Bit    Registers := 1     
+---RAMs : 
	               2K Bit         RAMs := 1     
Module bram_1rw__123 
Detailed RTL Component Info : 
+---Registers : 
	               32 Bit    Registers := 1     
+---RAMs : 
	               2K Bit         RAMs := 1     
Module bram_1rw__124 
Detailed RTL Component Info : 
+---Registers : 
	               32 Bit    Registers := 1     
+---RAMs : 
	               2K Bit         RAMs := 1     
Module bram_1rw__125 
Detailed RTL Component Info : 
+---Registers : 
	               32 Bit    Registers := 1     
+---RAMs : 
	               2K Bit         RAMs := 1     
Module bram_1rw__126 
Detailed RTL Component Info : 
+---Registers : 
	               32 Bit    Registers := 1     
+---RAMs : 
	               2K Bit         RAMs := 1     
Module bram_1rw__127 
Detailed RTL Component Info : 
+---Registers : 
	               32 Bit    Registers := 1     
+---RAMs : 
	               2K Bit         RAMs := 1     
Module bram_1rw 
Detailed RTL Component Info : 
+---Registers : 
	               32 Bit    Registers := 1     
+---RAMs : 
	               2K Bit         RAMs := 1     
Module mkicache_data 
Detailed RTL Component Info : 
+---Muxes : 
	   2 Input    544 Bit        Muxes := 3     
Module mkicache_fb_v2 
Detailed RTL Component Info : 
+---Adders : 
	   2 Input      4 Bit       Adders := 1     
	   2 Input      2 Bit       Adders := 2     
+---Registers : 
	               32 Bit    Registers := 68    
	               16 Bit    Registers := 1     
	                4 Bit    Registers := 1     
	                2 Bit    Registers := 2     
	                1 Bit    Registers := 12    
+---Muxes : 
	   2 Input     32 Bit        Muxes := 67    
	   4 Input     32 Bit        Muxes := 17    
	   2 Input      4 Bit        Muxes := 1     
	   2 Input      2 Bit        Muxes := 2     
	   4 Input      1 Bit        Muxes := 6     
	   2 Input      1 Bit        Muxes := 7     
Module bram_1rw__parameterized0__5 
Detailed RTL Component Info : 
+---Registers : 
	               20 Bit    Registers := 1     
+---RAMs : 
	               1K Bit         RAMs := 1     
Module bram_1rw__parameterized0__6 
Detailed RTL Component Info : 
+---Registers : 
	               20 Bit    Registers := 1     
+---RAMs : 
	               1K Bit         RAMs := 1     
Module bram_1rw__parameterized0__7 
Detailed RTL Component Info : 
+---Registers : 
	               20 Bit    Registers := 1     
+---RAMs : 
	               1K Bit         RAMs := 1     
Module bram_1rw__parameterized0 
Detailed RTL Component Info : 
+---Registers : 
	               20 Bit    Registers := 1     
+---RAMs : 
	               1K Bit         RAMs := 1     
Module mkicache_tag 
Detailed RTL Component Info : 
+---Muxes : 
	   4 Input     20 Bit        Muxes := 1     
	   2 Input      1 Bit        Muxes := 1     
Module module_fn_pmp_lookup 
Detailed RTL Component Info : 
+---Adders : 
	   2 Input     29 Bit       Adders := 4     
+---Muxes : 
	   2 Input     29 Bit        Muxes := 8     
	   2 Input      3 Bit        Muxes := 1     
	   2 Input      1 Bit        Muxes := 3     
Module mkicache 
Detailed RTL Component Info : 
+---Registers : 
	               43 Bit    Registers := 1     
	               41 Bit    Registers := 1     
	               36 Bit    Registers := 1     
	                6 Bit    Registers := 1     
	                4 Bit    Registers := 65    
	                1 Bit    Registers := 5     
+---Muxes : 
	   3 Input     43 Bit        Muxes := 1     
	   2 Input     43 Bit        Muxes := 3     
	   3 Input     41 Bit        Muxes := 1     
	   2 Input     41 Bit        Muxes := 9     
	   2 Input     36 Bit        Muxes := 8     
	   3 Input     36 Bit        Muxes := 1     
	   2 Input     32 Bit        Muxes := 2     
	   2 Input      7 Bit        Muxes := 2     
	   4 Input      6 Bit        Muxes := 1     
	   4 Input      4 Bit        Muxes := 1     
	   2 Input      4 Bit        Muxes := 2     
	   2 Input      2 Bit        Muxes := 5     
	   4 Input      2 Bit        Muxes := 1     
	   2 Input      1 Bit        Muxes := 66    
Module FIFO2__parameterized14 
Detailed RTL Component Info : 
+---Registers : 
	               40 Bit    Registers := 2     
	                1 Bit    Registers := 2     
+---Muxes : 
	   2 Input      1 Bit        Muxes := 5     
Module FIFO2__parameterized5__2 
Detailed RTL Component Info : 
+---Registers : 
	               36 Bit    Registers := 2     
	                1 Bit    Registers := 2     
+---Muxes : 
	   2 Input      1 Bit        Muxes := 5     
Module mkfa_itlb 
Detailed RTL Component Info : 
+---Adders : 
	   2 Input      2 Bit       Adders := 1     
+---Registers : 
	               69 Bit    Registers := 4     
	               32 Bit    Registers := 1     
	                2 Bit    Registers := 1     
	                1 Bit    Registers := 2     
+---Muxes : 
	   2 Input     69 Bit        Muxes := 8     
	   2 Input     40 Bit        Muxes := 2     
	   2 Input     20 Bit        Muxes := 3     
	   2 Input     10 Bit        Muxes := 3     
	   2 Input      1 Bit        Muxes := 20    
Module FIFO2__3 
Detailed RTL Component Info : 
+---Registers : 
	               52 Bit    Registers := 2     
	                1 Bit    Registers := 2     
+---Muxes : 
	   2 Input      1 Bit        Muxes := 5     
Module FIFO2__parameterized0__2 
Detailed RTL Component Info : 
+---Registers : 
	               39 Bit    Registers := 2     
	                1 Bit    Registers := 2     
+---Muxes : 
	   2 Input      1 Bit        Muxes := 5     
Module FIFO2__4 
Detailed RTL Component Info : 
+---Registers : 
	               52 Bit    Registers := 2     
	                1 Bit    Registers := 2     
+---Muxes : 
	   2 Input      1 Bit        Muxes := 5     
Module FIFO2__parameterized1__2 
Detailed RTL Component Info : 
+---Registers : 
	               41 Bit    Registers := 2     
	                1 Bit    Registers := 2     
+---Muxes : 
	   2 Input      1 Bit        Muxes := 5     
Module FIFO2__parameterized2__2 
Detailed RTL Component Info : 
+---Registers : 
	                6 Bit    Registers := 2     
	                1 Bit    Registers := 2     
+---Muxes : 
	   2 Input      1 Bit        Muxes := 5     
Module FIFO1__parameterized4 
Detailed RTL Component Info : 
+---Registers : 
	               77 Bit    Registers := 1     
	                1 Bit    Registers := 1     
+---Muxes : 
	   2 Input      1 Bit        Muxes := 2     
Module FIFO2__parameterized15 
Detailed RTL Component Info : 
+---Registers : 
	               81 Bit    Registers := 2     
	                1 Bit    Registers := 2     
+---Muxes : 
	   2 Input      1 Bit        Muxes := 5     
Module FIFO2__parameterized16 
Detailed RTL Component Info : 
+---Registers : 
	               78 Bit    Registers := 2     
	                1 Bit    Registers := 2     
+---Muxes : 
	   2 Input      1 Bit        Muxes := 5     
Module FIFO2__parameterized5__3 
Detailed RTL Component Info : 
+---Registers : 
	               36 Bit    Registers := 2     
	                1 Bit    Registers := 2     
+---Muxes : 
	   2 Input      1 Bit        Muxes := 5     
Module FIFO2__parameterized17 
Detailed RTL Component Info : 
+---Registers : 
	              107 Bit    Registers := 2     
	                1 Bit    Registers := 2     
+---Muxes : 
	   2 Input      1 Bit        Muxes := 5     
Module mkccore_axi4 
Detailed RTL Component Info : 
+---Adders : 
	   2 Input     32 Bit       Adders := 1     
	   2 Input      9 Bit       Adders := 1     
	   2 Input      8 Bit       Adders := 1     
	   2 Input      1 Bit       Adders := 1     
+---Registers : 
	               53 Bit    Registers := 1     
	               34 Bit    Registers := 1     
	               33 Bit    Registers := 1     
	                9 Bit    Registers := 1     
	                8 Bit    Registers := 1     
	                2 Bit    Registers := 2     
	                1 Bit    Registers := 2     
+---Muxes : 
	   2 Input     81 Bit        Muxes := 1     
	   4 Input     81 Bit        Muxes := 1     
	   2 Input     53 Bit        Muxes := 3     
	   2 Input     52 Bit        Muxes := 1     
	   4 Input     52 Bit        Muxes := 1     
	   4 Input     41 Bit        Muxes := 1     
	   2 Input     36 Bit        Muxes := 1     
	   2 Input     34 Bit        Muxes := 1     
	   2 Input     33 Bit        Muxes := 4     
	   2 Input     32 Bit        Muxes := 3     
	   2 Input     12 Bit        Muxes := 1     
	   2 Input     10 Bit        Muxes := 1     
	   2 Input      8 Bit        Muxes := 3     
	   2 Input      4 Bit        Muxes := 2     
	   5 Input      4 Bit        Muxes := 1     
	   3 Input      3 Bit        Muxes := 1     
	   2 Input      2 Bit        Muxes := 2     
	   4 Input      2 Bit        Muxes := 1     
	   2 Input      1 Bit        Muxes := 2     
Module FIFO2__parameterized4__3 
Detailed RTL Component Info : 
+---Registers : 
	               34 Bit    Registers := 2     
	                1 Bit    Registers := 2     
+---Muxes : 
	   2 Input      1 Bit        Muxes := 5     
Module FIFO2__parameterized3__5 
Detailed RTL Component Info : 
+---Registers : 
	               37 Bit    Registers := 2     
	                1 Bit    Registers := 2     
+---Muxes : 
	   2 Input      1 Bit        Muxes := 5     
Module FIFO2__parameterized5__6 
Detailed RTL Component Info : 
+---Registers : 
	               36 Bit    Registers := 2     
	                1 Bit    Registers := 2     
+---Muxes : 
	   2 Input      1 Bit        Muxes := 5     
Module FIFO2__parameterized6__3 
Detailed RTL Component Info : 
+---Registers : 
	                2 Bit    Registers := 2     
	                1 Bit    Registers := 2     
+---Muxes : 
	   2 Input      1 Bit        Muxes := 5     
Module FIFO2__parameterized4__4 
Detailed RTL Component Info : 
+---Registers : 
	               34 Bit    Registers := 2     
	                1 Bit    Registers := 2     
+---Muxes : 
	   2 Input      1 Bit        Muxes := 5     
Module FIFO2__parameterized3__6 
Detailed RTL Component Info : 
+---Registers : 
	               37 Bit    Registers := 2     
	                1 Bit    Registers := 2     
+---Muxes : 
	   2 Input      1 Bit        Muxes := 5     
Module FIFO2__parameterized5__7 
Detailed RTL Component Info : 
+---Registers : 
	               36 Bit    Registers := 2     
	                1 Bit    Registers := 2     
+---Muxes : 
	   2 Input      1 Bit        Muxes := 5     
Module FIFO2__parameterized6__4 
Detailed RTL Component Info : 
+---Registers : 
	                2 Bit    Registers := 2     
	                1 Bit    Registers := 2     
+---Muxes : 
	   2 Input      1 Bit        Muxes := 5     
Module FIFO2__parameterized25__1 
Detailed RTL Component Info : 
+---Registers : 
	                1 Bit    Registers := 4     
+---Muxes : 
	   2 Input      1 Bit        Muxes := 5     
Module FIFO2__parameterized25__2 
Detailed RTL Component Info : 
+---Registers : 
	                1 Bit    Registers := 4     
+---Muxes : 
	   2 Input      1 Bit        Muxes := 5     
Module FIFO2__parameterized25__3 
Detailed RTL Component Info : 
+---Registers : 
	                1 Bit    Registers := 4     
+---Muxes : 
	   2 Input      1 Bit        Muxes := 5     
Module FIFO2__parameterized3__3 
Detailed RTL Component Info : 
+---Registers : 
	               37 Bit    Registers := 2     
	                1 Bit    Registers := 2     
+---Muxes : 
	   2 Input      1 Bit        Muxes := 5     
Module FIFO2__parameterized4__2 
Detailed RTL Component Info : 
+---Registers : 
	               34 Bit    Registers := 2     
	                1 Bit    Registers := 2     
+---Muxes : 
	   2 Input      1 Bit        Muxes := 5     
Module FIFO2__parameterized3__4 
Detailed RTL Component Info : 
+---Registers : 
	               37 Bit    Registers := 2     
	                1 Bit    Registers := 2     
+---Muxes : 
	   2 Input      1 Bit        Muxes := 5     
Module FIFO2__parameterized5__5 
Detailed RTL Component Info : 
+---Registers : 
	               36 Bit    Registers := 2     
	                1 Bit    Registers := 2     
+---Muxes : 
	   2 Input      1 Bit        Muxes := 5     
Module FIFO2__parameterized6__2 
Detailed RTL Component Info : 
+---Registers : 
	                2 Bit    Registers := 2     
	                1 Bit    Registers := 2     
+---Muxes : 
	   2 Input      1 Bit        Muxes := 5     
Module mkplic 
Detailed RTL Component Info : 
+---Registers : 
	                3 Bit    Registers := 39    
	                1 Bit    Registers := 147   
+---Muxes : 
	   2 Input     32 Bit        Muxes := 1     
	   2 Input      6 Bit        Muxes := 4     
	   5 Input      6 Bit        Muxes := 1     
	   3 Input      6 Bit        Muxes := 1     
	   8 Input      5 Bit        Muxes := 1     
	   9 Input      5 Bit        Muxes := 1     
	   2 Input      5 Bit        Muxes := 1     
	   8 Input      4 Bit        Muxes := 1     
	   2 Input      4 Bit        Muxes := 1     
	   2 Input      3 Bit        Muxes := 150   
	   4 Input      3 Bit        Muxes := 1     
	   2 Input      2 Bit        Muxes := 4     
	   2 Input      1 Bit        Muxes := 149   
	  38 Input      1 Bit        Muxes := 58    
Module FIFO2__parameterized4__5 
Detailed RTL Component Info : 
+---Registers : 
	               34 Bit    Registers := 2     
	                1 Bit    Registers := 2     
+---Muxes : 
	   2 Input      1 Bit        Muxes := 5     
Module FIFO2__parameterized3__7 
Detailed RTL Component Info : 
+---Registers : 
	               37 Bit    Registers := 2     
	                1 Bit    Registers := 2     
+---Muxes : 
	   2 Input      1 Bit        Muxes := 5     
Module FIFO2__parameterized5__8 
Detailed RTL Component Info : 
+---Registers : 
	               36 Bit    Registers := 2     
	                1 Bit    Registers := 2     
+---Muxes : 
	   2 Input      1 Bit        Muxes := 5     
Module FIFO2__parameterized6__6 
Detailed RTL Component Info : 
+---Registers : 
	                2 Bit    Registers := 2     
	                1 Bit    Registers := 2     
+---Muxes : 
	   2 Input      1 Bit        Muxes := 5     
Module SyncResetA__3 
Detailed RTL Component Info : 
+---Registers : 
	                2 Bit    Registers := 1     
Module UngatedClockMux__3 
Detailed RTL Component Info : 
+---Registers : 
	                1 Bit    Registers := 1     
+---Muxes : 
	   2 Input      1 Bit        Muxes := 1     
Module MakeClock__1 
Detailed RTL Component Info : 
+---Registers : 
	                1 Bit    Registers := 2     
Module SyncHandshake__1 
Detailed RTL Component Info : 
+---Registers : 
	                1 Bit    Registers := 6     
Module SyncRegister__1 
Detailed RTL Component Info : 
+---Registers : 
	               16 Bit    Registers := 2     
Module UngatedClockMux__2 
Detailed RTL Component Info : 
+---Registers : 
	                1 Bit    Registers := 1     
+---Muxes : 
	   2 Input      1 Bit        Muxes := 1     
Module SyncResetA__2 
Detailed RTL Component Info : 
+---Registers : 
	                2 Bit    Registers := 1     
Module SyncFIFO__3 
Detailed RTL Component Info : 
+---XORs : 
	   2 Input      3 Bit         XORs := 4     
+---Registers : 
	               37 Bit    Registers := 1     
	                4 Bit    Registers := 2     
	                3 Bit    Registers := 4     
	                1 Bit    Registers := 2     
+---RAMs : 
	              148 Bit         RAMs := 1     
+---Muxes : 
	   2 Input      1 Bit        Muxes := 2     
Module SyncFIFO__parameterized0__1 
Detailed RTL Component Info : 
+---XORs : 
	   2 Input      3 Bit         XORs := 4     
+---Registers : 
	               34 Bit    Registers := 1     
	                4 Bit    Registers := 2     
	                3 Bit    Registers := 4     
	                1 Bit    Registers := 2     
+---RAMs : 
	              136 Bit         RAMs := 1     
+---Muxes : 
	   2 Input      1 Bit        Muxes := 2     
Module SyncFIFO__parameterized1__1 
Detailed RTL Component Info : 
+---XORs : 
	   2 Input      3 Bit         XORs := 4     
+---Registers : 
	               36 Bit    Registers := 1     
	                4 Bit    Registers := 2     
	                3 Bit    Registers := 4     
	                1 Bit    Registers := 2     
+---RAMs : 
	              144 Bit         RAMs := 1     
+---Muxes : 
	   2 Input      1 Bit        Muxes := 2     
Module SyncFIFO__2 
Detailed RTL Component Info : 
+---XORs : 
	   2 Input      3 Bit         XORs := 4     
+---Registers : 
	               37 Bit    Registers := 1     
	                4 Bit    Registers := 2     
	                3 Bit    Registers := 4     
	                1 Bit    Registers := 2     
+---RAMs : 
	              148 Bit         RAMs := 1     
+---Muxes : 
	   2 Input      1 Bit        Muxes := 2     
Module SyncFIFO__parameterized2__1 
Detailed RTL Component Info : 
+---XORs : 
	   2 Input      3 Bit         XORs := 4     
+---Registers : 
	                4 Bit    Registers := 2     
	                3 Bit    Registers := 4     
	                2 Bit    Registers := 1     
	                1 Bit    Registers := 2     
+---RAMs : 
	                8 Bit         RAMs := 1     
+---Muxes : 
	   2 Input      1 Bit        Muxes := 2     
Module FIFO2__parameterized3__16 
Detailed RTL Component Info : 
+---Registers : 
	               37 Bit    Registers := 2     
	                1 Bit    Registers := 2     
+---Muxes : 
	   2 Input      1 Bit        Muxes := 5     
Module FIFO2__parameterized4__9 
Detailed RTL Component Info : 
+---Registers : 
	               34 Bit    Registers := 2     
	                1 Bit    Registers := 2     
+---Muxes : 
	   2 Input      1 Bit        Muxes := 5     
Module FIFO2__parameterized3__15 
Detailed RTL Component Info : 
+---Registers : 
	               37 Bit    Registers := 2     
	                1 Bit    Registers := 2     
+---Muxes : 
	   2 Input      1 Bit        Muxes := 5     
Module FIFO2__parameterized5__12 
Detailed RTL Component Info : 
+---Registers : 
	               36 Bit    Registers := 2     
	                1 Bit    Registers := 2     
+---Muxes : 
	   2 Input      1 Bit        Muxes := 5     
Module FIFO2__parameterized6__5 
Detailed RTL Component Info : 
+---Registers : 
	                2 Bit    Registers := 2     
	                1 Bit    Registers := 2     
+---Muxes : 
	   2 Input      1 Bit        Muxes := 5     
Module SyncBit__5 
Detailed RTL Component Info : 
+---Registers : 
	                1 Bit    Registers := 3     
Module SyncBit__4 
Detailed RTL Component Info : 
+---Registers : 
	                1 Bit    Registers := 3     
Module SyncBit__3 
Detailed RTL Component Info : 
+---Registers : 
	                1 Bit    Registers := 3     
Module mkgptimer__1 
Detailed RTL Component Info : 
+---Adders : 
	   2 Input     32 Bit       Adders := 5     
+---Registers : 
	               32 Bit    Registers := 5     
	               16 Bit    Registers := 4     
	                2 Bit    Registers := 1     
	                1 Bit    Registers := 19    
+---Muxes : 
	   2 Input     32 Bit        Muxes := 9     
	   5 Input     32 Bit        Muxes := 1     
	   2 Input      2 Bit        Muxes := 3     
	   4 Input      1 Bit        Muxes := 1     
Module SyncResetA__1 
Detailed RTL Component Info : 
+---Registers : 
	                2 Bit    Registers := 1     
Module UngatedClockMux__1 
Detailed RTL Component Info : 
+---Registers : 
	                1 Bit    Registers := 1     
+---Muxes : 
	   2 Input      1 Bit        Muxes := 1     
Module MakeClock__2 
Detailed RTL Component Info : 
+---Registers : 
	                1 Bit    Registers := 2     
Module SyncHandshake__2 
Detailed RTL Component Info : 
+---Registers : 
	                1 Bit    Registers := 6     
Module SyncRegister__2 
Detailed RTL Component Info : 
+---Registers : 
	               16 Bit    Registers := 2     
Module UngatedClockMux__4 
Detailed RTL Component Info : 
+---Registers : 
	                1 Bit    Registers := 1     
+---Muxes : 
	   2 Input      1 Bit        Muxes := 1     
Module SyncResetA__4 
Detailed RTL Component Info : 
+---Registers : 
	                2 Bit    Registers := 1     
Module SyncFIFO__1 
Detailed RTL Component Info : 
+---XORs : 
	   2 Input      3 Bit         XORs := 4     
+---Registers : 
	               37 Bit    Registers := 1     
	                4 Bit    Registers := 2     
	                3 Bit    Registers := 4     
	                1 Bit    Registers := 2     
+---RAMs : 
	              148 Bit         RAMs := 1     
+---Muxes : 
	   2 Input      1 Bit        Muxes := 2     
Module SyncFIFO__parameterized0__2 
Detailed RTL Component Info : 
+---XORs : 
	   2 Input      3 Bit         XORs := 4     
+---Registers : 
	               34 Bit    Registers := 1     
	                4 Bit    Registers := 2     
	                3 Bit    Registers := 4     
	                1 Bit    Registers := 2     
+---RAMs : 
	              136 Bit         RAMs := 1     
+---Muxes : 
	   2 Input      1 Bit        Muxes := 2     
Module SyncFIFO__parameterized1__2 
Detailed RTL Component Info : 
+---XORs : 
	   2 Input      3 Bit         XORs := 4     
+---Registers : 
	               36 Bit    Registers := 1     
	                4 Bit    Registers := 2     
	                3 Bit    Registers := 4     
	                1 Bit    Registers := 2     
+---RAMs : 
	              144 Bit         RAMs := 1     
+---Muxes : 
	   2 Input      1 Bit        Muxes := 2     
Module SyncFIFO__4 
Detailed RTL Component Info : 
+---XORs : 
	   2 Input      3 Bit         XORs := 4     
+---Registers : 
	               37 Bit    Registers := 1     
	                4 Bit    Registers := 2     
	                3 Bit    Registers := 4     
	                1 Bit    Registers := 2     
+---RAMs : 
	              148 Bit         RAMs := 1     
+---Muxes : 
	   2 Input      1 Bit        Muxes := 2     
Module SyncFIFO__parameterized2__2 
Detailed RTL Component Info : 
+---XORs : 
	   2 Input      3 Bit         XORs := 4     
+---Registers : 
	                4 Bit    Registers := 2     
	                3 Bit    Registers := 4     
	                2 Bit    Registers := 1     
	                1 Bit    Registers := 2     
+---RAMs : 
	                8 Bit         RAMs := 1     
+---Muxes : 
	   2 Input      1 Bit        Muxes := 2     
Module FIFO2__parameterized3__1 
Detailed RTL Component Info : 
+---Registers : 
	               37 Bit    Registers := 2     
	                1 Bit    Registers := 2     
+---Muxes : 
	   2 Input      1 Bit        Muxes := 5     
Module FIFO2__parameterized4__1 
Detailed RTL Component Info : 
+---Registers : 
	               34 Bit    Registers := 2     
	                1 Bit    Registers := 2     
+---Muxes : 
	   2 Input      1 Bit        Muxes := 5     
Module FIFO2__parameterized3__2 
Detailed RTL Component Info : 
+---Registers : 
	               37 Bit    Registers := 2     
	                1 Bit    Registers := 2     
+---Muxes : 
	   2 Input      1 Bit        Muxes := 5     
Module FIFO2__parameterized5__4 
Detailed RTL Component Info : 
+---Registers : 
	               36 Bit    Registers := 2     
	                1 Bit    Registers := 2     
+---Muxes : 
	   2 Input      1 Bit        Muxes := 5     
Module FIFO2__parameterized6__1 
Detailed RTL Component Info : 
+---Registers : 
	                2 Bit    Registers := 2     
	                1 Bit    Registers := 2     
+---Muxes : 
	   2 Input      1 Bit        Muxes := 5     
Module SyncBit__1 
Detailed RTL Component Info : 
+---Registers : 
	                1 Bit    Registers := 3     
Module SyncBit__2 
Detailed RTL Component Info : 
+---Registers : 
	                1 Bit    Registers := 3     
Module SyncBit__6 
Detailed RTL Component Info : 
+---Registers : 
	                1 Bit    Registers := 3     
Module mkgptimer__2 
Detailed RTL Component Info : 
+---Adders : 
	   2 Input     32 Bit       Adders := 5     
+---Registers : 
	               32 Bit    Registers := 5     
	               16 Bit    Registers := 4     
	                2 Bit    Registers := 1     
	                1 Bit    Registers := 19    
+---Muxes : 
	   2 Input     32 Bit        Muxes := 9     
	   5 Input     32 Bit        Muxes := 1     
	   2 Input      2 Bit        Muxes := 3     
	   4 Input      1 Bit        Muxes := 1     
Module FIFO2__parameterized3__8 
Detailed RTL Component Info : 
+---Registers : 
	               37 Bit    Registers := 2     
	                1 Bit    Registers := 2     
+---Muxes : 
	   2 Input      1 Bit        Muxes := 5     
Module FIFO2__parameterized3__9 
Detailed RTL Component Info : 
+---Registers : 
	               37 Bit    Registers := 2     
	                1 Bit    Registers := 2     
+---Muxes : 
	   2 Input      1 Bit        Muxes := 5     
Module FIFO2__parameterized5__9 
Detailed RTL Component Info : 
+---Registers : 
	               36 Bit    Registers := 2     
	                1 Bit    Registers := 2     
+---Muxes : 
	   2 Input      1 Bit        Muxes := 5     
Module FIFO2__parameterized4__6 
Detailed RTL Component Info : 
+---Registers : 
	               34 Bit    Registers := 2     
	                1 Bit    Registers := 2     
+---Muxes : 
	   2 Input      1 Bit        Muxes := 5     
Module FIFO2__parameterized5__10 
Detailed RTL Component Info : 
+---Registers : 
	               36 Bit    Registers := 2     
	                1 Bit    Registers := 2     
+---Muxes : 
	   2 Input      1 Bit        Muxes := 5     
Module FIFO2__parameterized3__10 
Detailed RTL Component Info : 
+---Registers : 
	               37 Bit    Registers := 2     
	                1 Bit    Registers := 2     
+---Muxes : 
	   2 Input      1 Bit        Muxes := 5     
Module FIFO2__parameterized4__7 
Detailed RTL Component Info : 
+---Registers : 
	               34 Bit    Registers := 2     
	                1 Bit    Registers := 2     
+---Muxes : 
	   2 Input      1 Bit        Muxes := 5     
Module FIFO2__parameterized3__11 
Detailed RTL Component Info : 
+---Registers : 
	               37 Bit    Registers := 2     
	                1 Bit    Registers := 2     
+---Muxes : 
	   2 Input      1 Bit        Muxes := 5     
Module FIFO2__parameterized5__11 
Detailed RTL Component Info : 
+---Registers : 
	               36 Bit    Registers := 2     
	                1 Bit    Registers := 2     
+---Muxes : 
	   2 Input      1 Bit        Muxes := 5     
Module FIFO2__parameterized3__12 
Detailed RTL Component Info : 
+---Registers : 
	               37 Bit    Registers := 2     
	                1 Bit    Registers := 2     
+---Muxes : 
	   2 Input      1 Bit        Muxes := 5     
Module FIFO2__parameterized4__8 
Detailed RTL Component Info : 
+---Registers : 
	               34 Bit    Registers := 2     
	                1 Bit    Registers := 2     
+---Muxes : 
	   2 Input      1 Bit        Muxes := 5     
Module FIFO2__parameterized3__13 
Detailed RTL Component Info : 
+---Registers : 
	               37 Bit    Registers := 2     
	                1 Bit    Registers := 2     
+---Muxes : 
	   2 Input      1 Bit        Muxes := 5     
Module FIFO2__parameterized5__13 
Detailed RTL Component Info : 
+---Registers : 
	               36 Bit    Registers := 2     
	                1 Bit    Registers := 2     
+---Muxes : 
	   2 Input      1 Bit        Muxes := 5     
Module FIFO2__parameterized3__14 
Detailed RTL Component Info : 
+---Registers : 
	               37 Bit    Registers := 2     
	                1 Bit    Registers := 2     
+---Muxes : 
	   2 Input      1 Bit        Muxes := 5     
Module FIFO2__parameterized4__10 
Detailed RTL Component Info : 
+---Registers : 
	               34 Bit    Registers := 2     
	                1 Bit    Registers := 2     
+---Muxes : 
	   2 Input      1 Bit        Muxes := 5     
Module FIFO2__parameterized3__17 
Detailed RTL Component Info : 
+---Registers : 
	               37 Bit    Registers := 2     
	                1 Bit    Registers := 2     
+---Muxes : 
	   2 Input      1 Bit        Muxes := 5     
Module FIFO2__parameterized3__24 
Detailed RTL Component Info : 
+---Registers : 
	               37 Bit    Registers := 2     
	                1 Bit    Registers := 2     
+---Muxes : 
	   2 Input      1 Bit        Muxes := 5     
Module FIFO2__parameterized4__14 
Detailed RTL Component Info : 
+---Registers : 
	               34 Bit    Registers := 2     
	                1 Bit    Registers := 2     
+---Muxes : 
	   2 Input      1 Bit        Muxes := 5     
Module FIFO2__parameterized3__25 
Detailed RTL Component Info : 
+---Registers : 
	               37 Bit    Registers := 2     
	                1 Bit    Registers := 2     
+---Muxes : 
	   2 Input      1 Bit        Muxes := 5     
Module FIFO2__parameterized5__17 
Detailed RTL Component Info : 
+---Registers : 
	               36 Bit    Registers := 2     
	                1 Bit    Registers := 2     
+---Muxes : 
	   2 Input      1 Bit        Muxes := 5     
Module FIFO2__parameterized4__15 
Detailed RTL Component Info : 
+---Registers : 
	               34 Bit    Registers := 2     
	                1 Bit    Registers := 2     
+---Muxes : 
	   2 Input      1 Bit        Muxes := 5     
Module FIFO2__parameterized3__26 
Detailed RTL Component Info : 
+---Registers : 
	               37 Bit    Registers := 2     
	                1 Bit    Registers := 2     
+---Muxes : 
	   2 Input      1 Bit        Muxes := 5     
Module FIFO2__parameterized4__16 
Detailed RTL Component Info : 
+---Registers : 
	               34 Bit    Registers := 2     
	                1 Bit    Registers := 2     
+---Muxes : 
	   2 Input      1 Bit        Muxes := 5     
Module FIFO2__parameterized3__27 
Detailed RTL Component Info : 
+---Registers : 
	               37 Bit    Registers := 2     
	                1 Bit    Registers := 2     
+---Muxes : 
	   2 Input      1 Bit        Muxes := 5     
Module FIFO2__parameterized5__18 
Detailed RTL Component Info : 
+---Registers : 
	               36 Bit    Registers := 2     
	                1 Bit    Registers := 2     
+---Muxes : 
	   2 Input      1 Bit        Muxes := 5     
Module FIFO2__parameterized3__28 
Detailed RTL Component Info : 
+---Registers : 
	               37 Bit    Registers := 2     
	                1 Bit    Registers := 2     
+---Muxes : 
	   2 Input      1 Bit        Muxes := 5     
Module FIFO2__parameterized3__29 
Detailed RTL Component Info : 
+---Registers : 
	               37 Bit    Registers := 2     
	                1 Bit    Registers := 2     
+---Muxes : 
	   2 Input      1 Bit        Muxes := 5     
Module FIFO2__parameterized4__17 
Detailed RTL Component Info : 
+---Registers : 
	               34 Bit    Registers := 2     
	                1 Bit    Registers := 2     
+---Muxes : 
	   2 Input      1 Bit        Muxes := 5     
Module FIFO2__parameterized3__30 
Detailed RTL Component Info : 
+---Registers : 
	               37 Bit    Registers := 2     
	                1 Bit    Registers := 2     
+---Muxes : 
	   2 Input      1 Bit        Muxes := 5     
Module FIFO2__parameterized5__19 
Detailed RTL Component Info : 
+---Registers : 
	               36 Bit    Registers := 2     
	                1 Bit    Registers := 2     
+---Muxes : 
	   2 Input      1 Bit        Muxes := 5     
Module FIFO2__parameterized3__22 
Detailed RTL Component Info : 
+---Registers : 
	               37 Bit    Registers := 2     
	                1 Bit    Registers := 2     
+---Muxes : 
	   2 Input      1 Bit        Muxes := 5     
Module FIFO2__parameterized4__13 
Detailed RTL Component Info : 
+---Registers : 
	               34 Bit    Registers := 2     
	                1 Bit    Registers := 2     
+---Muxes : 
	   2 Input      1 Bit        Muxes := 5     
Module FIFO2__parameterized3__23 
Detailed RTL Component Info : 
+---Registers : 
	               37 Bit    Registers := 2     
	                1 Bit    Registers := 2     
+---Muxes : 
	   2 Input      1 Bit        Muxes := 5     
Module FIFO2__parameterized5__16 
Detailed RTL Component Info : 
+---Registers : 
	               36 Bit    Registers := 2     
	                1 Bit    Registers := 2     
+---Muxes : 
	   2 Input      1 Bit        Muxes := 5     
Module FIFO2__parameterized6__9 
Detailed RTL Component Info : 
+---Registers : 
	                2 Bit    Registers := 2     
	                1 Bit    Registers := 2     
+---Muxes : 
	   2 Input      1 Bit        Muxes := 5     
Module mkgpio 
Detailed RTL Component Info : 
+---XORs : 
	   2 Input      1 Bit         XORs := 64    
+---Registers : 
	                1 Bit    Registers := 160   
+---Muxes : 
	   2 Input     32 Bit        Muxes := 7     
	   2 Input     16 Bit        Muxes := 1     
	   2 Input      2 Bit        Muxes := 2     
	   2 Input      1 Bit        Muxes := 97    
Module SyncResetA__5 
Detailed RTL Component Info : 
+---Registers : 
	                2 Bit    Registers := 1     
Module UngatedClockMux__5 
Detailed RTL Component Info : 
+---Registers : 
	                1 Bit    Registers := 1     
+---Muxes : 
	   2 Input      1 Bit        Muxes := 1     
Module MakeClock__3 
Detailed RTL Component Info : 
+---Registers : 
	                1 Bit    Registers := 2     
Module SyncHandshake__3 
Detailed RTL Component Info : 
+---Registers : 
	                1 Bit    Registers := 6     
Module SyncRegister__3 
Detailed RTL Component Info : 
+---Registers : 
	               16 Bit    Registers := 2     
Module UngatedClockMux__6 
Detailed RTL Component Info : 
+---Registers : 
	                1 Bit    Registers := 1     
+---Muxes : 
	   2 Input      1 Bit        Muxes := 1     
Module SyncResetA__6 
Detailed RTL Component Info : 
+---Registers : 
	                2 Bit    Registers := 1     
Module SyncFIFO__5 
Detailed RTL Component Info : 
+---XORs : 
	   2 Input      3 Bit         XORs := 4     
+---Registers : 
	               37 Bit    Registers := 1     
	                4 Bit    Registers := 2     
	                3 Bit    Registers := 4     
	                1 Bit    Registers := 2     
+---RAMs : 
	              148 Bit         RAMs := 1     
+---Muxes : 
	   2 Input      1 Bit        Muxes := 2     
Module SyncFIFO__parameterized0__3 
Detailed RTL Component Info : 
+---XORs : 
	   2 Input      3 Bit         XORs := 4     
+---Registers : 
	               34 Bit    Registers := 1     
	                4 Bit    Registers := 2     
	                3 Bit    Registers := 4     
	                1 Bit    Registers := 2     
+---RAMs : 
	              136 Bit         RAMs := 1     
+---Muxes : 
	   2 Input      1 Bit        Muxes := 2     
Module SyncFIFO__parameterized1__3 
Detailed RTL Component Info : 
+---XORs : 
	   2 Input      3 Bit         XORs := 4     
+---Registers : 
	               36 Bit    Registers := 1     
	                4 Bit    Registers := 2     
	                3 Bit    Registers := 4     
	                1 Bit    Registers := 2     
+---RAMs : 
	              144 Bit         RAMs := 1     
+---Muxes : 
	   2 Input      1 Bit        Muxes := 2     
Module SyncFIFO__6 
Detailed RTL Component Info : 
+---XORs : 
	   2 Input      3 Bit         XORs := 4     
+---Registers : 
	               37 Bit    Registers := 1     
	                4 Bit    Registers := 2     
	                3 Bit    Registers := 4     
	                1 Bit    Registers := 2     
+---RAMs : 
	              148 Bit         RAMs := 1     
+---Muxes : 
	   2 Input      1 Bit        Muxes := 2     
Module SyncFIFO__parameterized2__3 
Detailed RTL Component Info : 
+---XORs : 
	   2 Input      3 Bit         XORs := 4     
+---Registers : 
	                4 Bit    Registers := 2     
	                3 Bit    Registers := 4     
	                2 Bit    Registers := 1     
	                1 Bit    Registers := 2     
+---RAMs : 
	                8 Bit         RAMs := 1     
+---Muxes : 
	   2 Input      1 Bit        Muxes := 2     
Module FIFO2__parameterized3__20 
Detailed RTL Component Info : 
+---Registers : 
	               37 Bit    Registers := 2     
	                1 Bit    Registers := 2     
+---Muxes : 
	   2 Input      1 Bit        Muxes := 5     
Module FIFO2__parameterized4__12 
Detailed RTL Component Info : 
+---Registers : 
	               34 Bit    Registers := 2     
	                1 Bit    Registers := 2     
+---Muxes : 
	   2 Input      1 Bit        Muxes := 5     
Module FIFO2__parameterized3__21 
Detailed RTL Component Info : 
+---Registers : 
	               37 Bit    Registers := 2     
	                1 Bit    Registers := 2     
+---Muxes : 
	   2 Input      1 Bit        Muxes := 5     
Module FIFO2__parameterized5__15 
Detailed RTL Component Info : 
+---Registers : 
	               36 Bit    Registers := 2     
	                1 Bit    Registers := 2     
+---Muxes : 
	   2 Input      1 Bit        Muxes := 5     
Module FIFO2__parameterized6__8 
Detailed RTL Component Info : 
+---Registers : 
	                2 Bit    Registers := 2     
	                1 Bit    Registers := 2     
+---Muxes : 
	   2 Input      1 Bit        Muxes := 5     
Module SyncBit__7 
Detailed RTL Component Info : 
+---Registers : 
	                1 Bit    Registers := 3     
Module SyncBit__8 
Detailed RTL Component Info : 
+---Registers : 
	                1 Bit    Registers := 3     
Module SyncBit__9 
Detailed RTL Component Info : 
+---Registers : 
	                1 Bit    Registers := 3     
Module mkgptimer__3 
Detailed RTL Component Info : 
+---Adders : 
	   2 Input     32 Bit       Adders := 5     
+---Registers : 
	               32 Bit    Registers := 5     
	               16 Bit    Registers := 4     
	                2 Bit    Registers := 1     
	                1 Bit    Registers := 19    
+---Muxes : 
	   2 Input     32 Bit        Muxes := 9     
	   5 Input     32 Bit        Muxes := 1     
	   2 Input      2 Bit        Muxes := 3     
	   4 Input      1 Bit        Muxes := 1     
Module FIFO2__parameterized3__31 
Detailed RTL Component Info : 
+---Registers : 
	               37 Bit    Registers := 2     
	                1 Bit    Registers := 2     
+---Muxes : 
	   2 Input      1 Bit        Muxes := 5     
Module FIFO2__parameterized3__18 
Detailed RTL Component Info : 
+---Registers : 
	               37 Bit    Registers := 2     
	                1 Bit    Registers := 2     
+---Muxes : 
	   2 Input      1 Bit        Muxes := 5     
Module FIFO2__parameterized4__11 
Detailed RTL Component Info : 
+---Registers : 
	               34 Bit    Registers := 2     
	                1 Bit    Registers := 2     
+---Muxes : 
	   2 Input      1 Bit        Muxes := 5     
Module FIFO2__parameterized3__19 
Detailed RTL Component Info : 
+---Registers : 
	               37 Bit    Registers := 2     
	                1 Bit    Registers := 2     
+---Muxes : 
	   2 Input      1 Bit        Muxes := 5     
Module FIFO2__parameterized5__14 
Detailed RTL Component Info : 
+---Registers : 
	               36 Bit    Registers := 2     
	                1 Bit    Registers := 2     
+---Muxes : 
	   2 Input      1 Bit        Muxes := 5     
Module FIFO2__parameterized6__7 
Detailed RTL Component Info : 
+---Registers : 
	                2 Bit    Registers := 2     
	                1 Bit    Registers := 2     
+---Muxes : 
	   2 Input      1 Bit        Muxes := 5     
Module mkpinmux 
Detailed RTL Component Info : 
+---Muxes : 
	   2 Input      1 Bit        Muxes := 18    
	   4 Input      1 Bit        Muxes := 3     
	   3 Input      1 Bit        Muxes := 3     
Module mkpinmuxtop 
Detailed RTL Component Info : 
+---Registers : 
	               32 Bit    Registers := 1     
+---Muxes : 
	   4 Input     32 Bit        Muxes := 1     
	   2 Input     32 Bit        Muxes := 4     
	   2 Input      2 Bit        Muxes := 2     
Module FIFO2__parameterized26__1 
Detailed RTL Component Info : 
+---Registers : 
	                4 Bit    Registers := 2     
	                1 Bit    Registers := 2     
+---Muxes : 
	   2 Input      1 Bit        Muxes := 5     
Module FIFO2__parameterized25__4 
Detailed RTL Component Info : 
+---Registers : 
	                1 Bit    Registers := 4     
+---Muxes : 
	   2 Input      1 Bit        Muxes := 5     
Module FIFO2__parameterized25__5 
Detailed RTL Component Info : 
+---Registers : 
	                1 Bit    Registers := 4     
+---Muxes : 
	   2 Input      1 Bit        Muxes := 5     
Module FIFO2__parameterized25__6 
Detailed RTL Component Info : 
+---Registers : 
	                1 Bit    Registers := 4     
+---Muxes : 
	   2 Input      1 Bit        Muxes := 5     
Module FIFO2__parameterized25__7 
Detailed RTL Component Info : 
+---Registers : 
	                1 Bit    Registers := 4     
+---Muxes : 
	   2 Input      1 Bit        Muxes := 5     
Module FIFO2__parameterized25__8 
Detailed RTL Component Info : 
+---Registers : 
	                1 Bit    Registers := 4     
+---Muxes : 
	   2 Input      1 Bit        Muxes := 5     
Module FIFO2__parameterized25__9 
Detailed RTL Component Info : 
+---Registers : 
	                1 Bit    Registers := 4     
+---Muxes : 
	   2 Input      1 Bit        Muxes := 5     
Module FIFO2__parameterized4__18 
Detailed RTL Component Info : 
+---Registers : 
	               34 Bit    Registers := 2     
	                1 Bit    Registers := 2     
+---Muxes : 
	   2 Input      1 Bit        Muxes := 5     
Module FIFO2__parameterized3__32 
Detailed RTL Component Info : 
+---Registers : 
	               37 Bit    Registers := 2     
	                1 Bit    Registers := 2     
+---Muxes : 
	   2 Input      1 Bit        Muxes := 5     
Module FIFO2__parameterized3__33 
Detailed RTL Component Info : 
+---Registers : 
	               37 Bit    Registers := 2     
	                1 Bit    Registers := 2     
+---Muxes : 
	   2 Input      1 Bit        Muxes := 5     
Module FIFO2__parameterized3__34 
Detailed RTL Component Info : 
+---Registers : 
	               37 Bit    Registers := 2     
	                1 Bit    Registers := 2     
+---Muxes : 
	   2 Input      1 Bit        Muxes := 5     
Module FIFO2__parameterized3__49 
Detailed RTL Component Info : 
+---Registers : 
	               37 Bit    Registers := 2     
	                1 Bit    Registers := 2     
+---Muxes : 
	   2 Input      1 Bit        Muxes := 5     
Module FIFO2__parameterized4__24 
Detailed RTL Component Info : 
+---Registers : 
	               34 Bit    Registers := 2     
	                1 Bit    Registers := 2     
+---Muxes : 
	   2 Input      1 Bit        Muxes := 5     
Module FIFO2__parameterized3__48 
Detailed RTL Component Info : 
+---Registers : 
	               37 Bit    Registers := 2     
	                1 Bit    Registers := 2     
+---Muxes : 
	   2 Input      1 Bit        Muxes := 5     
Module FIFO2__parameterized5__27 
Detailed RTL Component Info : 
+---Registers : 
	               36 Bit    Registers := 2     
	                1 Bit    Registers := 2     
+---Muxes : 
	   2 Input      1 Bit        Muxes := 5     
Module FIFO2__parameterized6__24 
Detailed RTL Component Info : 
+---Registers : 
	                2 Bit    Registers := 2     
	                1 Bit    Registers := 2     
+---Muxes : 
	   2 Input      1 Bit        Muxes := 5     
Module mki2c__1 
Detailed RTL Component Info : 
+---Adders : 
	   2 Input     32 Bit       Adders := 1     
	   2 Input     10 Bit       Adders := 1     
	   2 Input      8 Bit       Adders := 1     
	   2 Input      6 Bit       Adders := 1     
	   2 Input      4 Bit       Adders := 1     
	   2 Input      3 Bit       Adders := 1     
	   2 Input      2 Bit       Adders := 1     
+---Registers : 
	               32 Bit    Registers := 3     
	               16 Bit    Registers := 1     
	               10 Bit    Registers := 1     
	                8 Bit    Registers := 6     
	                6 Bit    Registers := 1     
	                5 Bit    Registers := 1     
	                4 Bit    Registers := 1     
	                2 Bit    Registers := 1     
	                1 Bit    Registers := 44    
+---Muxes : 
	   4 Input     32 Bit        Muxes := 1     
	   2 Input     32 Bit        Muxes := 1     
	   3 Input     16 Bit        Muxes := 1     
	   2 Input     16 Bit        Muxes := 1     
	   4 Input      8 Bit        Muxes := 1     
	   2 Input      8 Bit        Muxes := 2     
	   2 Input      4 Bit        Muxes := 9     
	   3 Input      4 Bit        Muxes := 2     
	   2 Input      3 Bit        Muxes := 1     
	   4 Input      2 Bit        Muxes := 1     
	   2 Input      2 Bit        Muxes := 1     
	   2 Input      1 Bit        Muxes := 7     
	   5 Input      1 Bit        Muxes := 2     
	   4 Input      1 Bit        Muxes := 2     
Module FIFO2__parameterized3__37 
Detailed RTL Component Info : 
+---Registers : 
	               37 Bit    Registers := 2     
	                1 Bit    Registers := 2     
+---Muxes : 
	   2 Input      1 Bit        Muxes := 5     
Module FIFO2__parameterized4__20 
Detailed RTL Component Info : 
+---Registers : 
	               34 Bit    Registers := 2     
	                1 Bit    Registers := 2     
+---Muxes : 
	   2 Input      1 Bit        Muxes := 5     
Module FIFO2__parameterized3__38 
Detailed RTL Component Info : 
+---Registers : 
	               37 Bit    Registers := 2     
	                1 Bit    Registers := 2     
+---Muxes : 
	   2 Input      1 Bit        Muxes := 5     
Module FIFO2__parameterized5__21 
Detailed RTL Component Info : 
+---Registers : 
	               36 Bit    Registers := 2     
	                1 Bit    Registers := 2     
+---Muxes : 
	   2 Input      1 Bit        Muxes := 5     
Module FIFO2__parameterized6__11 
Detailed RTL Component Info : 
+---Registers : 
	                2 Bit    Registers := 2     
	                1 Bit    Registers := 2     
+---Muxes : 
	   2 Input      1 Bit        Muxes := 5     
Module mki2c 
Detailed RTL Component Info : 
+---Adders : 
	   2 Input     32 Bit       Adders := 1     
	   2 Input     10 Bit       Adders := 1     
	   2 Input      8 Bit       Adders := 1     
	   2 Input      6 Bit       Adders := 1     
	   2 Input      4 Bit       Adders := 1     
	   2 Input      3 Bit       Adders := 1     
	   2 Input      2 Bit       Adders := 1     
+---Registers : 
	               32 Bit    Registers := 3     
	               16 Bit    Registers := 1     
	               10 Bit    Registers := 1     
	                8 Bit    Registers := 6     
	                6 Bit    Registers := 1     
	                5 Bit    Registers := 1     
	                4 Bit    Registers := 1     
	                2 Bit    Registers := 1     
	                1 Bit    Registers := 44    
+---Muxes : 
	   4 Input     32 Bit        Muxes := 1     
	   2 Input     32 Bit        Muxes := 1     
	   3 Input     16 Bit        Muxes := 1     
	   2 Input     16 Bit        Muxes := 1     
	   4 Input      8 Bit        Muxes := 1     
	   2 Input      8 Bit        Muxes := 2     
	   2 Input      4 Bit        Muxes := 9     
	   3 Input      4 Bit        Muxes := 2     
	   2 Input      3 Bit        Muxes := 1     
	   4 Input      2 Bit        Muxes := 1     
	   2 Input      2 Bit        Muxes := 1     
	   2 Input      1 Bit        Muxes := 7     
	   5 Input      1 Bit        Muxes := 2     
	   4 Input      1 Bit        Muxes := 2     
Module SyncResetA__7 
Detailed RTL Component Info : 
+---Registers : 
	                2 Bit    Registers := 1     
Module UngatedClockMux__7 
Detailed RTL Component Info : 
+---Registers : 
	                1 Bit    Registers := 1     
+---Muxes : 
	   2 Input      1 Bit        Muxes := 1     
Module MakeClock__4 
Detailed RTL Component Info : 
+---Registers : 
	                1 Bit    Registers := 2     
Module SyncHandshake__4 
Detailed RTL Component Info : 
+---Registers : 
	                1 Bit    Registers := 6     
Module SyncRegister__4 
Detailed RTL Component Info : 
+---Registers : 
	               16 Bit    Registers := 2     
Module UngatedClockMux__8 
Detailed RTL Component Info : 
+---Registers : 
	                1 Bit    Registers := 1     
+---Muxes : 
	   2 Input      1 Bit        Muxes := 1     
Module SyncResetA 
Detailed RTL Component Info : 
+---Registers : 
	                2 Bit    Registers := 1     
Module SyncFIFO__7 
Detailed RTL Component Info : 
+---XORs : 
	   2 Input      3 Bit         XORs := 4     
+---Registers : 
	               37 Bit    Registers := 1     
	                4 Bit    Registers := 2     
	                3 Bit    Registers := 4     
	                1 Bit    Registers := 2     
+---RAMs : 
	              148 Bit         RAMs := 1     
+---Muxes : 
	   2 Input      1 Bit        Muxes := 2     
Module SyncFIFO__parameterized0 
Detailed RTL Component Info : 
+---XORs : 
	   2 Input      3 Bit         XORs := 4     
+---Registers : 
	               34 Bit    Registers := 1     
	                4 Bit    Registers := 2     
	                3 Bit    Registers := 4     
	                1 Bit    Registers := 2     
+---RAMs : 
	              136 Bit         RAMs := 1     
+---Muxes : 
	   2 Input      1 Bit        Muxes := 2     
Module SyncFIFO__parameterized1 
Detailed RTL Component Info : 
+---XORs : 
	   2 Input      3 Bit         XORs := 4     
+---Registers : 
	               36 Bit    Registers := 1     
	                4 Bit    Registers := 2     
	                3 Bit    Registers := 4     
	                1 Bit    Registers := 2     
+---RAMs : 
	              144 Bit         RAMs := 1     
+---Muxes : 
	   2 Input      1 Bit        Muxes := 2     
Module SyncFIFO 
Detailed RTL Component Info : 
+---XORs : 
	   2 Input      3 Bit         XORs := 4     
+---Registers : 
	               37 Bit    Registers := 1     
	                4 Bit    Registers := 2     
	                3 Bit    Registers := 4     
	                1 Bit    Registers := 2     
+---RAMs : 
	              148 Bit         RAMs := 1     
+---Muxes : 
	   2 Input      1 Bit        Muxes := 2     
Module SyncFIFO__parameterized2 
Detailed RTL Component Info : 
+---XORs : 
	   2 Input      3 Bit         XORs := 4     
+---Registers : 
	                4 Bit    Registers := 2     
	                3 Bit    Registers := 4     
	                2 Bit    Registers := 1     
	                1 Bit    Registers := 2     
+---RAMs : 
	                8 Bit         RAMs := 1     
+---Muxes : 
	   2 Input      1 Bit        Muxes := 2     
Module FIFO2__parameterized3__35 
Detailed RTL Component Info : 
+---Registers : 
	               37 Bit    Registers := 2     
	                1 Bit    Registers := 2     
+---Muxes : 
	   2 Input      1 Bit        Muxes := 5     
Module FIFO2__parameterized4__19 
Detailed RTL Component Info : 
+---Registers : 
	               34 Bit    Registers := 2     
	                1 Bit    Registers := 2     
+---Muxes : 
	   2 Input      1 Bit        Muxes := 5     
Module FIFO2__parameterized3__36 
Detailed RTL Component Info : 
+---Registers : 
	               37 Bit    Registers := 2     
	                1 Bit    Registers := 2     
+---Muxes : 
	   2 Input      1 Bit        Muxes := 5     
Module FIFO2__parameterized5__20 
Detailed RTL Component Info : 
+---Registers : 
	               36 Bit    Registers := 2     
	                1 Bit    Registers := 2     
+---Muxes : 
	   2 Input      1 Bit        Muxes := 5     
Module FIFO2__parameterized6__10 
Detailed RTL Component Info : 
+---Registers : 
	                2 Bit    Registers := 2     
	                1 Bit    Registers := 2     
+---Muxes : 
	   2 Input      1 Bit        Muxes := 5     
Module SyncBit__10 
Detailed RTL Component Info : 
+---Registers : 
	                1 Bit    Registers := 3     
Module SyncBit__11 
Detailed RTL Component Info : 
+---Registers : 
	                1 Bit    Registers := 3     
Module SyncBit__12 
Detailed RTL Component Info : 
+---Registers : 
	                1 Bit    Registers := 3     
Module mkgptimer 
Detailed RTL Component Info : 
+---Adders : 
	   2 Input     32 Bit       Adders := 5     
+---Registers : 
	               32 Bit    Registers := 5     
	               16 Bit    Registers := 4     
	                2 Bit    Registers := 1     
	                1 Bit    Registers := 19    
+---Muxes : 
	   2 Input     32 Bit        Muxes := 9     
	   5 Input     32 Bit        Muxes := 1     
	   2 Input      2 Bit        Muxes := 3     
	   4 Input      1 Bit        Muxes := 1     
Module FIFO2__parameterized6__12 
Detailed RTL Component Info : 
+---Registers : 
	                2 Bit    Registers := 2     
	                1 Bit    Registers := 2     
+---Muxes : 
	   2 Input      1 Bit        Muxes := 5     
Module FIFO2__parameterized6__13 
Detailed RTL Component Info : 
+---Registers : 
	                2 Bit    Registers := 2     
	                1 Bit    Registers := 2     
+---Muxes : 
	   2 Input      1 Bit        Muxes := 5     
Module FIFO2__parameterized5__22 
Detailed RTL Component Info : 
+---Registers : 
	               36 Bit    Registers := 2     
	                1 Bit    Registers := 2     
+---Muxes : 
	   2 Input      1 Bit        Muxes := 5     
Module FIFO2__parameterized3__39 
Detailed RTL Component Info : 
+---Registers : 
	               37 Bit    Registers := 2     
	                1 Bit    Registers := 2     
+---Muxes : 
	   2 Input      1 Bit        Muxes := 5     
Module FIFO2__parameterized3__40 
Detailed RTL Component Info : 
+---Registers : 
	               37 Bit    Registers := 2     
	                1 Bit    Registers := 2     
+---Muxes : 
	   2 Input      1 Bit        Muxes := 5     
Module FIFO2__parameterized6__14 
Detailed RTL Component Info : 
+---Registers : 
	                2 Bit    Registers := 2     
	                1 Bit    Registers := 2     
+---Muxes : 
	   2 Input      1 Bit        Muxes := 5     
Module FIFO2__parameterized6__15 
Detailed RTL Component Info : 
+---Registers : 
	                2 Bit    Registers := 2     
	                1 Bit    Registers := 2     
+---Muxes : 
	   2 Input      1 Bit        Muxes := 5     
Module FIFO2__parameterized6__16 
Detailed RTL Component Info : 
+---Registers : 
	                2 Bit    Registers := 2     
	                1 Bit    Registers := 2     
+---Muxes : 
	   2 Input      1 Bit        Muxes := 5     
Module FIFO2__parameterized6__17 
Detailed RTL Component Info : 
+---Registers : 
	                2 Bit    Registers := 2     
	                1 Bit    Registers := 2     
+---Muxes : 
	   2 Input      1 Bit        Muxes := 5     
Module FIFO2__parameterized6__18 
Detailed RTL Component Info : 
+---Registers : 
	                2 Bit    Registers := 2     
	                1 Bit    Registers := 2     
+---Muxes : 
	   2 Input      1 Bit        Muxes := 5     
Module FIFO2__parameterized6__19 
Detailed RTL Component Info : 
+---Registers : 
	                2 Bit    Registers := 2     
	                1 Bit    Registers := 2     
+---Muxes : 
	   2 Input      1 Bit        Muxes := 5     
Module FIFO2__parameterized5__23 
Detailed RTL Component Info : 
+---Registers : 
	               36 Bit    Registers := 2     
	                1 Bit    Registers := 2     
+---Muxes : 
	   2 Input      1 Bit        Muxes := 5     
Module FIFO2__parameterized3__41 
Detailed RTL Component Info : 
+---Registers : 
	               37 Bit    Registers := 2     
	                1 Bit    Registers := 2     
+---Muxes : 
	   2 Input      1 Bit        Muxes := 5     
Module FIFO2__parameterized4__21 
Detailed RTL Component Info : 
+---Registers : 
	               34 Bit    Registers := 2     
	                1 Bit    Registers := 2     
+---Muxes : 
	   2 Input      1 Bit        Muxes := 5     
Module FIFO2__parameterized3__42 
Detailed RTL Component Info : 
+---Registers : 
	               37 Bit    Registers := 2     
	                1 Bit    Registers := 2     
+---Muxes : 
	   2 Input      1 Bit        Muxes := 5     
Module FIFO2__parameterized6__20 
Detailed RTL Component Info : 
+---Registers : 
	                2 Bit    Registers := 2     
	                1 Bit    Registers := 2     
+---Muxes : 
	   2 Input      1 Bit        Muxes := 5     
Module FIFO2__parameterized5__24 
Detailed RTL Component Info : 
+---Registers : 
	               36 Bit    Registers := 2     
	                1 Bit    Registers := 2     
+---Muxes : 
	   2 Input      1 Bit        Muxes := 5     
Module FIFO2__parameterized3__43 
Detailed RTL Component Info : 
+---Registers : 
	               37 Bit    Registers := 2     
	                1 Bit    Registers := 2     
+---Muxes : 
	   2 Input      1 Bit        Muxes := 5     
Module FIFO2__parameterized4__22 
Detailed RTL Component Info : 
+---Registers : 
	               34 Bit    Registers := 2     
	                1 Bit    Registers := 2     
+---Muxes : 
	   2 Input      1 Bit        Muxes := 5     
Module FIFO2__parameterized3__44 
Detailed RTL Component Info : 
+---Registers : 
	               37 Bit    Registers := 2     
	                1 Bit    Registers := 2     
+---Muxes : 
	   2 Input      1 Bit        Muxes := 5     
Module FIFO2__parameterized6__21 
Detailed RTL Component Info : 
+---Registers : 
	                2 Bit    Registers := 2     
	                1 Bit    Registers := 2     
+---Muxes : 
	   2 Input      1 Bit        Muxes := 5     
Module FIFO2__parameterized5__25 
Detailed RTL Component Info : 
+---Registers : 
	               36 Bit    Registers := 2     
	                1 Bit    Registers := 2     
+---Muxes : 
	   2 Input      1 Bit        Muxes := 5     
Module FIFO2__parameterized3__45 
Detailed RTL Component Info : 
+---Registers : 
	               37 Bit    Registers := 2     
	                1 Bit    Registers := 2     
+---Muxes : 
	   2 Input      1 Bit        Muxes := 5     
Module FIFO2__parameterized6__22 
Detailed RTL Component Info : 
+---Registers : 
	                2 Bit    Registers := 2     
	                1 Bit    Registers := 2     
+---Muxes : 
	   2 Input      1 Bit        Muxes := 5     
Module FIFO2__parameterized4__23 
Detailed RTL Component Info : 
+---Registers : 
	               34 Bit    Registers := 2     
	                1 Bit    Registers := 2     
+---Muxes : 
	   2 Input      1 Bit        Muxes := 5     
Module FIFO2__parameterized6__23 
Detailed RTL Component Info : 
+---Registers : 
	                2 Bit    Registers := 2     
	                1 Bit    Registers := 2     
+---Muxes : 
	   2 Input      1 Bit        Muxes := 5     
Module FIFO2__parameterized5__26 
Detailed RTL Component Info : 
+---Registers : 
	               36 Bit    Registers := 2     
	                1 Bit    Registers := 2     
+---Muxes : 
	   2 Input      1 Bit        Muxes := 5     
Module FIFO2__parameterized3__46 
Detailed RTL Component Info : 
+---Registers : 
	               37 Bit    Registers := 2     
	                1 Bit    Registers := 2     
+---Muxes : 
	   2 Input      1 Bit        Muxes := 5     
Module FIFO2__parameterized4__25 
Detailed RTL Component Info : 
+---Registers : 
	               34 Bit    Registers := 2     
	                1 Bit    Registers := 2     
+---Muxes : 
	   2 Input      1 Bit        Muxes := 5     
Module FIFO2__parameterized3__47 
Detailed RTL Component Info : 
+---Registers : 
	               37 Bit    Registers := 2     
	                1 Bit    Registers := 2     
+---Muxes : 
	   2 Input      1 Bit        Muxes := 5     
Module FIFO2__parameterized26 
Detailed RTL Component Info : 
+---Registers : 
	                4 Bit    Registers := 2     
	                1 Bit    Registers := 2     
+---Muxes : 
	   2 Input      1 Bit        Muxes := 5     
Module FIFO2__parameterized25__10 
Detailed RTL Component Info : 
+---Registers : 
	                1 Bit    Registers := 4     
+---Muxes : 
	   2 Input      1 Bit        Muxes := 5     
Module FIFO2__parameterized25__11 
Detailed RTL Component Info : 
+---Registers : 
	                1 Bit    Registers := 4     
+---Muxes : 
	   2 Input      1 Bit        Muxes := 5     
Module FIFO2__parameterized25__12 
Detailed RTL Component Info : 
+---Registers : 
	                1 Bit    Registers := 4     
+---Muxes : 
	   2 Input      1 Bit        Muxes := 5     
Module FIFO2__parameterized25__13 
Detailed RTL Component Info : 
+---Registers : 
	                1 Bit    Registers := 4     
+---Muxes : 
	   2 Input      1 Bit        Muxes := 5     
Module FIFO2__parameterized25__14 
Detailed RTL Component Info : 
+---Registers : 
	                1 Bit    Registers := 4     
+---Muxes : 
	   2 Input      1 Bit        Muxes := 5     
Module FIFO2__parameterized25__15 
Detailed RTL Component Info : 
+---Registers : 
	                1 Bit    Registers := 4     
+---Muxes : 
	   2 Input      1 Bit        Muxes := 5     
Module FIFO2__parameterized25__16 
Detailed RTL Component Info : 
+---Registers : 
	                1 Bit    Registers := 4     
+---Muxes : 
	   2 Input      1 Bit        Muxes := 5     
Module FIFO2__parameterized25__17 
Detailed RTL Component Info : 
+---Registers : 
	                1 Bit    Registers := 4     
+---Muxes : 
	   2 Input      1 Bit        Muxes := 5     
Module FIFO2__parameterized25__18 
Detailed RTL Component Info : 
+---Registers : 
	                1 Bit    Registers := 4     
+---Muxes : 
	   2 Input      1 Bit        Muxes := 5     
Module FIFO2__parameterized25__19 
Detailed RTL Component Info : 
+---Registers : 
	                1 Bit    Registers := 4     
+---Muxes : 
	   2 Input      1 Bit        Muxes := 5     
Module FIFO2__parameterized25__20 
Detailed RTL Component Info : 
+---Registers : 
	                1 Bit    Registers := 4     
+---Muxes : 
	   2 Input      1 Bit        Muxes := 5     
Module FIFO2__parameterized25__21 
Detailed RTL Component Info : 
+---Registers : 
	                1 Bit    Registers := 4     
+---Muxes : 
	   2 Input      1 Bit        Muxes := 5     
Module FIFO2__parameterized25__22 
Detailed RTL Component Info : 
+---Registers : 
	                1 Bit    Registers := 4     
+---Muxes : 
	   2 Input      1 Bit        Muxes := 5     
Module FIFO2__parameterized25__23 
Detailed RTL Component Info : 
+---Registers : 
	                1 Bit    Registers := 4     
+---Muxes : 
	   2 Input      1 Bit        Muxes := 5     
Module FIFO2__parameterized25__24 
Detailed RTL Component Info : 
+---Registers : 
	                1 Bit    Registers := 4     
+---Muxes : 
	   2 Input      1 Bit        Muxes := 5     
Module FIFO20__1 
Detailed RTL Component Info : 
+---Registers : 
	                1 Bit    Registers := 2     
+---Muxes : 
	   2 Input      1 Bit        Muxes := 5     
Module FIFO2__parameterized6__25 
Detailed RTL Component Info : 
+---Registers : 
	                2 Bit    Registers := 2     
	                1 Bit    Registers := 2     
+---Muxes : 
	   2 Input      1 Bit        Muxes := 5     
Module FIFO2__parameterized5__28 
Detailed RTL Component Info : 
+---Registers : 
	               36 Bit    Registers := 2     
	                1 Bit    Registers := 2     
+---Muxes : 
	   2 Input      1 Bit        Muxes := 5     
Module FIFO2__parameterized3__50 
Detailed RTL Component Info : 
+---Registers : 
	               37 Bit    Registers := 2     
	                1 Bit    Registers := 2     
+---Muxes : 
	   2 Input      1 Bit        Muxes := 5     
Module mkmixed_cluster 
Detailed RTL Component Info : 
+---Muxes : 
	  13 Input      4 Bit        Muxes := 2     
Module FIFO2__parameterized3__51 
Detailed RTL Component Info : 
+---Registers : 
	               37 Bit    Registers := 2     
	                1 Bit    Registers := 2     
+---Muxes : 
	   2 Input      1 Bit        Muxes := 5     
Module FIFO2__parameterized4__26 
Detailed RTL Component Info : 
+---Registers : 
	               34 Bit    Registers := 2     
	                1 Bit    Registers := 2     
+---Muxes : 
	   2 Input      1 Bit        Muxes := 5     
Module FIFO2__parameterized3__52 
Detailed RTL Component Info : 
+---Registers : 
	               37 Bit    Registers := 2     
	                1 Bit    Registers := 2     
+---Muxes : 
	   2 Input      1 Bit        Muxes := 5     
Module FIFO2__parameterized5__29 
Detailed RTL Component Info : 
+---Registers : 
	               36 Bit    Registers := 2     
	                1 Bit    Registers := 2     
+---Muxes : 
	   2 Input      1 Bit        Muxes := 5     
Module FIFO2__parameterized6__26 
Detailed RTL Component Info : 
+---Registers : 
	                2 Bit    Registers := 2     
	                1 Bit    Registers := 2     
+---Muxes : 
	   2 Input      1 Bit        Muxes := 5     
Module mkspi 
Detailed RTL Component Info : 
+---Adders : 
	   2 Input      8 Bit       Adders := 8     
	   4 Input      6 Bit       Adders := 2     
	   3 Input      6 Bit       Adders := 2     
	   2 Input      6 Bit       Adders := 2     
	   2 Input      3 Bit       Adders := 2     
	   2 Input      2 Bit       Adders := 2     
+---XORs : 
	   2 Input      1 Bit         XORs := 2     
+---Registers : 
	              256 Bit    Registers := 4     
	               32 Bit    Registers := 2     
	                8 Bit    Registers := 12    
	                6 Bit    Registers := 4     
	                4 Bit    Registers := 2     
	                3 Bit    Registers := 4     
	                2 Bit    Registers := 5     
	                1 Bit    Registers := 101   
+---Muxes : 
	   4 Input     32 Bit        Muxes := 1     
	   3 Input     32 Bit        Muxes := 1     
	   2 Input     32 Bit        Muxes := 13    
	   2 Input      8 Bit        Muxes := 14    
	   2 Input      3 Bit        Muxes := 5     
	   3 Input      3 Bit        Muxes := 1     
	   4 Input      2 Bit        Muxes := 2     
	   2 Input      2 Bit        Muxes := 8     
	   2 Input      1 Bit        Muxes := 16    
	   4 Input      1 Bit        Muxes := 1     
Module FIFO2__parameterized3__53 
Detailed RTL Component Info : 
+---Registers : 
	               37 Bit    Registers := 2     
	                1 Bit    Registers := 2     
+---Muxes : 
	   2 Input      1 Bit        Muxes := 5     
Module FIFO2__parameterized4__27 
Detailed RTL Component Info : 
+---Registers : 
	               34 Bit    Registers := 2     
	                1 Bit    Registers := 2     
+---Muxes : 
	   2 Input      1 Bit        Muxes := 5     
Module FIFO2__parameterized3__54 
Detailed RTL Component Info : 
+---Registers : 
	               37 Bit    Registers := 2     
	                1 Bit    Registers := 2     
+---Muxes : 
	   2 Input      1 Bit        Muxes := 5     
Module FIFO2__parameterized5__30 
Detailed RTL Component Info : 
+---Registers : 
	               36 Bit    Registers := 2     
	                1 Bit    Registers := 2     
+---Muxes : 
	   2 Input      1 Bit        Muxes := 5     
Module FIFO2__parameterized6__27 
Detailed RTL Component Info : 
+---Registers : 
	                2 Bit    Registers := 2     
	                1 Bit    Registers := 2     
+---Muxes : 
	   2 Input      1 Bit        Muxes := 5     
Module FIFO2__parameterized3__55 
Detailed RTL Component Info : 
+---Registers : 
	               37 Bit    Registers := 2     
	                1 Bit    Registers := 2     
+---Muxes : 
	   2 Input      1 Bit        Muxes := 5     
Module FIFO2__parameterized4__28 
Detailed RTL Component Info : 
+---Registers : 
	               34 Bit    Registers := 2     
	                1 Bit    Registers := 2     
+---Muxes : 
	   2 Input      1 Bit        Muxes := 5     
Module FIFO2__parameterized3__56 
Detailed RTL Component Info : 
+---Registers : 
	               37 Bit    Registers := 2     
	                1 Bit    Registers := 2     
+---Muxes : 
	   2 Input      1 Bit        Muxes := 5     
Module FIFO2__parameterized5__31 
Detailed RTL Component Info : 
+---Registers : 
	               36 Bit    Registers := 2     
	                1 Bit    Registers := 2     
+---Muxes : 
	   2 Input      1 Bit        Muxes := 5     
Module FIFO2__parameterized6__28 
Detailed RTL Component Info : 
+---Registers : 
	                2 Bit    Registers := 2     
	                1 Bit    Registers := 2     
+---Muxes : 
	   2 Input      1 Bit        Muxes := 5     
Module FIFO2__parameterized3__57 
Detailed RTL Component Info : 
+---Registers : 
	               37 Bit    Registers := 2     
	                1 Bit    Registers := 2     
+---Muxes : 
	   2 Input      1 Bit        Muxes := 5     
Module FIFO2__parameterized4__29 
Detailed RTL Component Info : 
+---Registers : 
	               34 Bit    Registers := 2     
	                1 Bit    Registers := 2     
+---Muxes : 
	   2 Input      1 Bit        Muxes := 5     
Module FIFO2__parameterized3__58 
Detailed RTL Component Info : 
+---Registers : 
	               37 Bit    Registers := 2     
	                1 Bit    Registers := 2     
+---Muxes : 
	   2 Input      1 Bit        Muxes := 5     
Module FIFO2__parameterized5__32 
Detailed RTL Component Info : 
+---Registers : 
	               36 Bit    Registers := 2     
	                1 Bit    Registers := 2     
+---Muxes : 
	   2 Input      1 Bit        Muxes := 5     
Module FIFO2__parameterized6__29 
Detailed RTL Component Info : 
+---Registers : 
	                2 Bit    Registers := 2     
	                1 Bit    Registers := 2     
+---Muxes : 
	   2 Input      1 Bit        Muxes := 5     
Module FIFO20__2 
Detailed RTL Component Info : 
+---Registers : 
	                1 Bit    Registers := 2     
+---Muxes : 
	   2 Input      1 Bit        Muxes := 5     
Module FIFO2__parameterized25__25 
Detailed RTL Component Info : 
+---Registers : 
	                1 Bit    Registers := 4     
+---Muxes : 
	   2 Input      1 Bit        Muxes := 5     
Module FIFO2__parameterized25__26 
Detailed RTL Component Info : 
+---Registers : 
	                1 Bit    Registers := 4     
+---Muxes : 
	   2 Input      1 Bit        Muxes := 5     
Module FIFO2__parameterized25__27 
Detailed RTL Component Info : 
+---Registers : 
	                1 Bit    Registers := 4     
+---Muxes : 
	   2 Input      1 Bit        Muxes := 5     
Module FIFO2__parameterized6__30 
Detailed RTL Component Info : 
+---Registers : 
	                2 Bit    Registers := 2     
	                1 Bit    Registers := 2     
+---Muxes : 
	   2 Input      1 Bit        Muxes := 5     
Module FIFO2__parameterized25__28 
Detailed RTL Component Info : 
+---Registers : 
	                1 Bit    Registers := 4     
+---Muxes : 
	   2 Input      1 Bit        Muxes := 5     
Module FIFO2__parameterized25__29 
Detailed RTL Component Info : 
+---Registers : 
	                1 Bit    Registers := 4     
+---Muxes : 
	   2 Input      1 Bit        Muxes := 5     
Module FIFO2__parameterized25__30 
Detailed RTL Component Info : 
+---Registers : 
	                1 Bit    Registers := 4     
+---Muxes : 
	   2 Input      1 Bit        Muxes := 5     
Module FIFO2__parameterized6__31 
Detailed RTL Component Info : 
+---Registers : 
	                2 Bit    Registers := 2     
	                1 Bit    Registers := 2     
+---Muxes : 
	   2 Input      1 Bit        Muxes := 5     
Module FIFO2__parameterized3__59 
Detailed RTL Component Info : 
+---Registers : 
	               37 Bit    Registers := 2     
	                1 Bit    Registers := 2     
+---Muxes : 
	   2 Input      1 Bit        Muxes := 5     
Module FIFO2__parameterized4__30 
Detailed RTL Component Info : 
+---Registers : 
	               34 Bit    Registers := 2     
	                1 Bit    Registers := 2     
+---Muxes : 
	   2 Input      1 Bit        Muxes := 5     
Module FIFO2__parameterized3__60 
Detailed RTL Component Info : 
+---Registers : 
	               37 Bit    Registers := 2     
	                1 Bit    Registers := 2     
+---Muxes : 
	   2 Input      1 Bit        Muxes := 5     
Module FIFO2__parameterized5__33 
Detailed RTL Component Info : 
+---Registers : 
	               36 Bit    Registers := 2     
	                1 Bit    Registers := 2     
+---Muxes : 
	   2 Input      1 Bit        Muxes := 5     
Module FIFO2__parameterized6__32 
Detailed RTL Component Info : 
+---Registers : 
	                2 Bit    Registers := 2     
	                1 Bit    Registers := 2     
+---Muxes : 
	   2 Input      1 Bit        Muxes := 5     
Module FIFO2__parameterized3__61 
Detailed RTL Component Info : 
+---Registers : 
	               37 Bit    Registers := 2     
	                1 Bit    Registers := 2     
+---Muxes : 
	   2 Input      1 Bit        Muxes := 5     
Module FIFO2__parameterized4__31 
Detailed RTL Component Info : 
+---Registers : 
	               34 Bit    Registers := 2     
	                1 Bit    Registers := 2     
+---Muxes : 
	   2 Input      1 Bit        Muxes := 5     
Module FIFO2__parameterized3__62 
Detailed RTL Component Info : 
+---Registers : 
	               37 Bit    Registers := 2     
	                1 Bit    Registers := 2     
+---Muxes : 
	   2 Input      1 Bit        Muxes := 5     
Module FIFO2__parameterized5__34 
Detailed RTL Component Info : 
+---Registers : 
	               36 Bit    Registers := 2     
	                1 Bit    Registers := 2     
+---Muxes : 
	   2 Input      1 Bit        Muxes := 5     
Module FIFO2__parameterized6__33 
Detailed RTL Component Info : 
+---Registers : 
	                2 Bit    Registers := 2     
	                1 Bit    Registers := 2     
+---Muxes : 
	   2 Input      1 Bit        Muxes := 5     
Module FIFO2__parameterized3__63 
Detailed RTL Component Info : 
+---Registers : 
	               37 Bit    Registers := 2     
	                1 Bit    Registers := 2     
+---Muxes : 
	   2 Input      1 Bit        Muxes := 5     
Module FIFO2__parameterized4__32 
Detailed RTL Component Info : 
+---Registers : 
	               34 Bit    Registers := 2     
	                1 Bit    Registers := 2     
+---Muxes : 
	   2 Input      1 Bit        Muxes := 5     
Module FIFO2__parameterized3__64 
Detailed RTL Component Info : 
+---Registers : 
	               37 Bit    Registers := 2     
	                1 Bit    Registers := 2     
+---Muxes : 
	   2 Input      1 Bit        Muxes := 5     
Module FIFO2__parameterized5__35 
Detailed RTL Component Info : 
+---Registers : 
	               36 Bit    Registers := 2     
	                1 Bit    Registers := 2     
+---Muxes : 
	   2 Input      1 Bit        Muxes := 5     
Module FIFO2__parameterized6__34 
Detailed RTL Component Info : 
+---Registers : 
	                2 Bit    Registers := 2     
	                1 Bit    Registers := 2     
+---Muxes : 
	   2 Input      1 Bit        Muxes := 5     
Module FIFO2__parameterized3__65 
Detailed RTL Component Info : 
+---Registers : 
	               37 Bit    Registers := 2     
	                1 Bit    Registers := 2     
+---Muxes : 
	   2 Input      1 Bit        Muxes := 5     
Module FIFO2__parameterized4__33 
Detailed RTL Component Info : 
+---Registers : 
	               34 Bit    Registers := 2     
	                1 Bit    Registers := 2     
+---Muxes : 
	   2 Input      1 Bit        Muxes := 5     
Module FIFO2__parameterized3__66 
Detailed RTL Component Info : 
+---Registers : 
	               37 Bit    Registers := 2     
	                1 Bit    Registers := 2     
+---Muxes : 
	   2 Input      1 Bit        Muxes := 5     
Module FIFO2__parameterized5__36 
Detailed RTL Component Info : 
+---Registers : 
	               36 Bit    Registers := 2     
	                1 Bit    Registers := 2     
+---Muxes : 
	   2 Input      1 Bit        Muxes := 5     
Module FIFO2__parameterized6__35 
Detailed RTL Component Info : 
+---Registers : 
	                2 Bit    Registers := 2     
	                1 Bit    Registers := 2     
+---Muxes : 
	   2 Input      1 Bit        Muxes := 5     
Module mkspi_cluster 
Detailed RTL Component Info : 
+---Muxes : 
	   4 Input     34 Bit        Muxes := 1     
	   4 Input      2 Bit        Muxes := 1     
Module FIFO2__parameterized3__85 
Detailed RTL Component Info : 
+---Registers : 
	               37 Bit    Registers := 2     
	                1 Bit    Registers := 2     
+---Muxes : 
	   2 Input      1 Bit        Muxes := 5     
Module FIFO2__parameterized5__46 
Detailed RTL Component Info : 
+---Registers : 
	               36 Bit    Registers := 2     
	                1 Bit    Registers := 2     
+---Muxes : 
	   2 Input      1 Bit        Muxes := 5     
Module FIFO2__parameterized6__45 
Detailed RTL Component Info : 
+---Registers : 
	                2 Bit    Registers := 2     
	                1 Bit    Registers := 2     
+---Muxes : 
	   2 Input      1 Bit        Muxes := 5     
Module FIFO2__parameterized4__43 
Detailed RTL Component Info : 
+---Registers : 
	               34 Bit    Registers := 2     
	                1 Bit    Registers := 2     
+---Muxes : 
	   2 Input      1 Bit        Muxes := 5     
Module FIFO2__parameterized3__86 
Detailed RTL Component Info : 
+---Registers : 
	               37 Bit    Registers := 2     
	                1 Bit    Registers := 2     
+---Muxes : 
	   2 Input      1 Bit        Muxes := 5     
Module FIFO2__parameterized5__47 
Detailed RTL Component Info : 
+---Registers : 
	               36 Bit    Registers := 2     
	                1 Bit    Registers := 2     
+---Muxes : 
	   2 Input      1 Bit        Muxes := 5     
Module FIFO2__parameterized6__46 
Detailed RTL Component Info : 
+---Registers : 
	                2 Bit    Registers := 2     
	                1 Bit    Registers := 2     
+---Muxes : 
	   2 Input      1 Bit        Muxes := 5     
Module FIFO2__parameterized3__69 
Detailed RTL Component Info : 
+---Registers : 
	               37 Bit    Registers := 2     
	                1 Bit    Registers := 2     
+---Muxes : 
	   2 Input      1 Bit        Muxes := 5     
Module FIFO2__parameterized4__35 
Detailed RTL Component Info : 
+---Registers : 
	               34 Bit    Registers := 2     
	                1 Bit    Registers := 2     
+---Muxes : 
	   2 Input      1 Bit        Muxes := 5     
Module FIFO2__parameterized3__70 
Detailed RTL Component Info : 
+---Registers : 
	               37 Bit    Registers := 2     
	                1 Bit    Registers := 2     
+---Muxes : 
	   2 Input      1 Bit        Muxes := 5     
Module FIFO2__parameterized5__38 
Detailed RTL Component Info : 
+---Registers : 
	               36 Bit    Registers := 2     
	                1 Bit    Registers := 2     
+---Muxes : 
	   2 Input      1 Bit        Muxes := 5     
Module FIFO2__parameterized6__37 
Detailed RTL Component Info : 
+---Registers : 
	                2 Bit    Registers := 2     
	                1 Bit    Registers := 2     
+---Muxes : 
	   2 Input      1 Bit        Muxes := 5     
Module FIFO2__parameterized3__71 
Detailed RTL Component Info : 
+---Registers : 
	               37 Bit    Registers := 2     
	                1 Bit    Registers := 2     
+---Muxes : 
	   2 Input      1 Bit        Muxes := 5     
Module FIFO2__parameterized4__36 
Detailed RTL Component Info : 
+---Registers : 
	               34 Bit    Registers := 2     
	                1 Bit    Registers := 2     
+---Muxes : 
	   2 Input      1 Bit        Muxes := 5     
Module FIFO2__parameterized3__72 
Detailed RTL Component Info : 
+---Registers : 
	               37 Bit    Registers := 2     
	                1 Bit    Registers := 2     
+---Muxes : 
	   2 Input      1 Bit        Muxes := 5     
Module FIFO2__parameterized5__39 
Detailed RTL Component Info : 
+---Registers : 
	               36 Bit    Registers := 2     
	                1 Bit    Registers := 2     
+---Muxes : 
	   2 Input      1 Bit        Muxes := 5     
Module FIFO2__parameterized6__38 
Detailed RTL Component Info : 
+---Registers : 
	                2 Bit    Registers := 2     
	                1 Bit    Registers := 2     
+---Muxes : 
	   2 Input      1 Bit        Muxes := 5     
Module FIFO2__parameterized3__73 
Detailed RTL Component Info : 
+---Registers : 
	               37 Bit    Registers := 2     
	                1 Bit    Registers := 2     
+---Muxes : 
	   2 Input      1 Bit        Muxes := 5     
Module FIFO2__parameterized4__37 
Detailed RTL Component Info : 
+---Registers : 
	               34 Bit    Registers := 2     
	                1 Bit    Registers := 2     
+---Muxes : 
	   2 Input      1 Bit        Muxes := 5     
Module FIFO2__parameterized3__74 
Detailed RTL Component Info : 
+---Registers : 
	               37 Bit    Registers := 2     
	                1 Bit    Registers := 2     
+---Muxes : 
	   2 Input      1 Bit        Muxes := 5     
Module FIFO2__parameterized5__40 
Detailed RTL Component Info : 
+---Registers : 
	               36 Bit    Registers := 2     
	                1 Bit    Registers := 2     
+---Muxes : 
	   2 Input      1 Bit        Muxes := 5     
Module FIFO2__parameterized6__39 
Detailed RTL Component Info : 
+---Registers : 
	                2 Bit    Registers := 2     
	                1 Bit    Registers := 2     
+---Muxes : 
	   2 Input      1 Bit        Muxes := 5     
Module FIFO20__3 
Detailed RTL Component Info : 
+---Registers : 
	                1 Bit    Registers := 2     
+---Muxes : 
	   2 Input      1 Bit        Muxes := 5     
Module FIFO2__parameterized25__31 
Detailed RTL Component Info : 
+---Registers : 
	                1 Bit    Registers := 4     
+---Muxes : 
	   2 Input      1 Bit        Muxes := 5     
Module FIFO2__parameterized25__32 
Detailed RTL Component Info : 
+---Registers : 
	                1 Bit    Registers := 4     
+---Muxes : 
	   2 Input      1 Bit        Muxes := 5     
Module FIFO2__parameterized25__33 
Detailed RTL Component Info : 
+---Registers : 
	                1 Bit    Registers := 4     
+---Muxes : 
	   2 Input      1 Bit        Muxes := 5     
Module FIFO2__parameterized25__34 
Detailed RTL Component Info : 
+---Registers : 
	                1 Bit    Registers := 4     
+---Muxes : 
	   2 Input      1 Bit        Muxes := 5     
Module FIFO2__parameterized24__1 
Detailed RTL Component Info : 
+---Registers : 
	                3 Bit    Registers := 2     
	                1 Bit    Registers := 2     
+---Muxes : 
	   2 Input      1 Bit        Muxes := 5     
Module FIFO2__parameterized25__35 
Detailed RTL Component Info : 
+---Registers : 
	                1 Bit    Registers := 4     
+---Muxes : 
	   2 Input      1 Bit        Muxes := 5     
Module FIFO2__parameterized25__36 
Detailed RTL Component Info : 
+---Registers : 
	                1 Bit    Registers := 4     
+---Muxes : 
	   2 Input      1 Bit        Muxes := 5     
Module FIFO2__parameterized25__37 
Detailed RTL Component Info : 
+---Registers : 
	                1 Bit    Registers := 4     
+---Muxes : 
	   2 Input      1 Bit        Muxes := 5     
Module FIFO2__parameterized25__38 
Detailed RTL Component Info : 
+---Registers : 
	                1 Bit    Registers := 4     
+---Muxes : 
	   2 Input      1 Bit        Muxes := 5     
Module FIFO2__parameterized24__2 
Detailed RTL Component Info : 
+---Registers : 
	                3 Bit    Registers := 2     
	                1 Bit    Registers := 2     
+---Muxes : 
	   2 Input      1 Bit        Muxes := 5     
Module FIFO2__parameterized3__75 
Detailed RTL Component Info : 
+---Registers : 
	               37 Bit    Registers := 2     
	                1 Bit    Registers := 2     
+---Muxes : 
	   2 Input      1 Bit        Muxes := 5     
Module FIFO2__parameterized4__38 
Detailed RTL Component Info : 
+---Registers : 
	               34 Bit    Registers := 2     
	                1 Bit    Registers := 2     
+---Muxes : 
	   2 Input      1 Bit        Muxes := 5     
Module FIFO2__parameterized3__76 
Detailed RTL Component Info : 
+---Registers : 
	               37 Bit    Registers := 2     
	                1 Bit    Registers := 2     
+---Muxes : 
	   2 Input      1 Bit        Muxes := 5     
Module FIFO2__parameterized5__41 
Detailed RTL Component Info : 
+---Registers : 
	               36 Bit    Registers := 2     
	                1 Bit    Registers := 2     
+---Muxes : 
	   2 Input      1 Bit        Muxes := 5     
Module FIFO2__parameterized6__40 
Detailed RTL Component Info : 
+---Registers : 
	                2 Bit    Registers := 2     
	                1 Bit    Registers := 2     
+---Muxes : 
	   2 Input      1 Bit        Muxes := 5     
Module FIFO2__parameterized3__77 
Detailed RTL Component Info : 
+---Registers : 
	               37 Bit    Registers := 2     
	                1 Bit    Registers := 2     
+---Muxes : 
	   2 Input      1 Bit        Muxes := 5     
Module FIFO2__parameterized4__39 
Detailed RTL Component Info : 
+---Registers : 
	               34 Bit    Registers := 2     
	                1 Bit    Registers := 2     
+---Muxes : 
	   2 Input      1 Bit        Muxes := 5     
Module FIFO2__parameterized3__78 
Detailed RTL Component Info : 
+---Registers : 
	               37 Bit    Registers := 2     
	                1 Bit    Registers := 2     
+---Muxes : 
	   2 Input      1 Bit        Muxes := 5     
Module FIFO2__parameterized5__42 
Detailed RTL Component Info : 
+---Registers : 
	               36 Bit    Registers := 2     
	                1 Bit    Registers := 2     
+---Muxes : 
	   2 Input      1 Bit        Muxes := 5     
Module FIFO2__parameterized6__41 
Detailed RTL Component Info : 
+---Registers : 
	                2 Bit    Registers := 2     
	                1 Bit    Registers := 2     
+---Muxes : 
	   2 Input      1 Bit        Muxes := 5     
Module FIFO2__parameterized3__79 
Detailed RTL Component Info : 
+---Registers : 
	               37 Bit    Registers := 2     
	                1 Bit    Registers := 2     
+---Muxes : 
	   2 Input      1 Bit        Muxes := 5     
Module FIFO2__parameterized4__40 
Detailed RTL Component Info : 
+---Registers : 
	               34 Bit    Registers := 2     
	                1 Bit    Registers := 2     
+---Muxes : 
	   2 Input      1 Bit        Muxes := 5     
Module FIFO2__parameterized3__80 
Detailed RTL Component Info : 
+---Registers : 
	               37 Bit    Registers := 2     
	                1 Bit    Registers := 2     
+---Muxes : 
	   2 Input      1 Bit        Muxes := 5     
Module FIFO2__parameterized5__43 
Detailed RTL Component Info : 
+---Registers : 
	               36 Bit    Registers := 2     
	                1 Bit    Registers := 2     
+---Muxes : 
	   2 Input      1 Bit        Muxes := 5     
Module FIFO2__parameterized6__42 
Detailed RTL Component Info : 
+---Registers : 
	                2 Bit    Registers := 2     
	                1 Bit    Registers := 2     
+---Muxes : 
	   2 Input      1 Bit        Muxes := 5     
Module FIFO2__parameterized3__81 
Detailed RTL Component Info : 
+---Registers : 
	               37 Bit    Registers := 2     
	                1 Bit    Registers := 2     
+---Muxes : 
	   2 Input      1 Bit        Muxes := 5     
Module FIFO2__parameterized4__41 
Detailed RTL Component Info : 
+---Registers : 
	               34 Bit    Registers := 2     
	                1 Bit    Registers := 2     
+---Muxes : 
	   2 Input      1 Bit        Muxes := 5     
Module FIFO2__parameterized3__82 
Detailed RTL Component Info : 
+---Registers : 
	               37 Bit    Registers := 2     
	                1 Bit    Registers := 2     
+---Muxes : 
	   2 Input      1 Bit        Muxes := 5     
Module FIFO2__parameterized5__44 
Detailed RTL Component Info : 
+---Registers : 
	               36 Bit    Registers := 2     
	                1 Bit    Registers := 2     
+---Muxes : 
	   2 Input      1 Bit        Muxes := 5     
Module FIFO2__parameterized6__43 
Detailed RTL Component Info : 
+---Registers : 
	                2 Bit    Registers := 2     
	                1 Bit    Registers := 2     
+---Muxes : 
	   2 Input      1 Bit        Muxes := 5     
Module FIFO2__parameterized3__83 
Detailed RTL Component Info : 
+---Registers : 
	               37 Bit    Registers := 2     
	                1 Bit    Registers := 2     
+---Muxes : 
	   2 Input      1 Bit        Muxes := 5     
Module FIFO2__parameterized4__42 
Detailed RTL Component Info : 
+---Registers : 
	               34 Bit    Registers := 2     
	                1 Bit    Registers := 2     
+---Muxes : 
	   2 Input      1 Bit        Muxes := 5     
Module FIFO2__parameterized3__84 
Detailed RTL Component Info : 
+---Registers : 
	               37 Bit    Registers := 2     
	                1 Bit    Registers := 2     
+---Muxes : 
	   2 Input      1 Bit        Muxes := 5     
Module FIFO2__parameterized5__45 
Detailed RTL Component Info : 
+---Registers : 
	               36 Bit    Registers := 2     
	                1 Bit    Registers := 2     
+---Muxes : 
	   2 Input      1 Bit        Muxes := 5     
Module FIFO2__parameterized6__44 
Detailed RTL Component Info : 
+---Registers : 
	                2 Bit    Registers := 2     
	                1 Bit    Registers := 2     
+---Muxes : 
	   2 Input      1 Bit        Muxes := 5     
Module FIFO2__parameterized3__92 
Detailed RTL Component Info : 
+---Registers : 
	               37 Bit    Registers := 2     
	                1 Bit    Registers := 2     
+---Muxes : 
	   2 Input      1 Bit        Muxes := 5     
Module FIFO2__parameterized4__46 
Detailed RTL Component Info : 
+---Registers : 
	               34 Bit    Registers := 2     
	                1 Bit    Registers := 2     
+---Muxes : 
	   2 Input      1 Bit        Muxes := 5     
Module FIFO2__parameterized3__91 
Detailed RTL Component Info : 
+---Registers : 
	               37 Bit    Registers := 2     
	                1 Bit    Registers := 2     
+---Muxes : 
	   2 Input      1 Bit        Muxes := 5     
Module FIFO2__parameterized5__51 
Detailed RTL Component Info : 
+---Registers : 
	               36 Bit    Registers := 2     
	                1 Bit    Registers := 2     
+---Muxes : 
	   2 Input      1 Bit        Muxes := 5     
Module FIFO2__parameterized6__51 
Detailed RTL Component Info : 
+---Registers : 
	                2 Bit    Registers := 2     
	                1 Bit    Registers := 2     
+---Muxes : 
	   2 Input      1 Bit        Muxes := 5     
Module Counter__1 
Detailed RTL Component Info : 
+---Adders : 
	   3 Input     16 Bit       Adders := 1     
+---Registers : 
	               16 Bit    Registers := 1     
+---Muxes : 
	   2 Input     16 Bit        Muxes := 4     
Module Counter__parameterized0__1 
Detailed RTL Component Info : 
+---Adders : 
	   3 Input      3 Bit       Adders := 1     
+---Registers : 
	                3 Bit    Registers := 1     
+---Muxes : 
	   2 Input      3 Bit        Muxes := 4     
Module SizedFIFO__parameterized7__3 
Detailed RTL Component Info : 
+---Adders : 
	   2 Input      4 Bit       Adders := 2     
+---Registers : 
	               32 Bit    Registers := 16    
	                4 Bit    Registers := 2     
	                1 Bit    Registers := 3     
+---Muxes : 
	   5 Input     32 Bit        Muxes := 1     
	   2 Input      4 Bit        Muxes := 2     
	   7 Input      4 Bit        Muxes := 2     
	   7 Input      1 Bit        Muxes := 7     
	   5 Input      1 Bit        Muxes := 1     
	   2 Input      1 Bit        Muxes := 15    
Module SizedFIFO__parameterized7__2 
Detailed RTL Component Info : 
+---Adders : 
	   2 Input      4 Bit       Adders := 2     
+---Registers : 
	               32 Bit    Registers := 16    
	                4 Bit    Registers := 2     
	                1 Bit    Registers := 3     
+---Muxes : 
	   5 Input     32 Bit        Muxes := 1     
	   2 Input      4 Bit        Muxes := 2     
	   7 Input      4 Bit        Muxes := 2     
	   7 Input      1 Bit        Muxes := 7     
	   5 Input      1 Bit        Muxes := 1     
	   2 Input      1 Bit        Muxes := 15    
Module mkuart__1 
Detailed RTL Component Info : 
+---Adders : 
	   3 Input     17 Bit       Adders := 1     
	   2 Input     16 Bit       Adders := 2     
	   2 Input      6 Bit       Adders := 6     
	   2 Input      5 Bit       Adders := 1     
	   2 Input      4 Bit       Adders := 2     
+---XORs : 
	  32 Input      1 Bit         XORs := 1     
	  33 Input      1 Bit         XORs := 1     
+---Registers : 
	               16 Bit    Registers := 4     
	                6 Bit    Registers := 3     
	                5 Bit    Registers := 2     
	                4 Bit    Registers := 4     
	                3 Bit    Registers := 1     
	                2 Bit    Registers := 2     
	                1 Bit    Registers := 70    
+---Muxes : 
	   2 Input     32 Bit        Muxes := 7     
	   4 Input     16 Bit        Muxes := 1     
	   2 Input     16 Bit        Muxes := 1     
	   2 Input      6 Bit        Muxes := 2     
	   2 Input      4 Bit        Muxes := 4     
	   4 Input      4 Bit        Muxes := 1     
	   4 Input      3 Bit        Muxes := 1     
	   2 Input      3 Bit        Muxes := 2     
	   7 Input      3 Bit        Muxes := 1     
	   3 Input      2 Bit        Muxes := 2     
	   2 Input      2 Bit        Muxes := 4     
	   2 Input      1 Bit        Muxes := 33    
	   5 Input      1 Bit        Muxes := 1     
Module FIFO2__parameterized3__94 
Detailed RTL Component Info : 
+---Registers : 
	               37 Bit    Registers := 2     
	                1 Bit    Registers := 2     
+---Muxes : 
	   2 Input      1 Bit        Muxes := 5     
Module FIFO2__parameterized4__47 
Detailed RTL Component Info : 
+---Registers : 
	               34 Bit    Registers := 2     
	                1 Bit    Registers := 2     
+---Muxes : 
	   2 Input      1 Bit        Muxes := 5     
Module FIFO2__parameterized3__93 
Detailed RTL Component Info : 
+---Registers : 
	               37 Bit    Registers := 2     
	                1 Bit    Registers := 2     
+---Muxes : 
	   2 Input      1 Bit        Muxes := 5     
Module FIFO2__parameterized5__52 
Detailed RTL Component Info : 
+---Registers : 
	               36 Bit    Registers := 2     
	                1 Bit    Registers := 2     
+---Muxes : 
	   2 Input      1 Bit        Muxes := 5     
Module FIFO2__parameterized6__52 
Detailed RTL Component Info : 
+---Registers : 
	                2 Bit    Registers := 2     
	                1 Bit    Registers := 2     
+---Muxes : 
	   2 Input      1 Bit        Muxes := 5     
Module Counter__2 
Detailed RTL Component Info : 
+---Adders : 
	   3 Input     16 Bit       Adders := 1     
+---Registers : 
	               16 Bit    Registers := 1     
+---Muxes : 
	   2 Input     16 Bit        Muxes := 4     
Module Counter__parameterized0__2 
Detailed RTL Component Info : 
+---Adders : 
	   3 Input      3 Bit       Adders := 1     
+---Registers : 
	                3 Bit    Registers := 1     
+---Muxes : 
	   2 Input      3 Bit        Muxes := 4     
Module SizedFIFO__parameterized7__5 
Detailed RTL Component Info : 
+---Adders : 
	   2 Input      4 Bit       Adders := 2     
+---Registers : 
	               32 Bit    Registers := 16    
	                4 Bit    Registers := 2     
	                1 Bit    Registers := 3     
+---Muxes : 
	   5 Input     32 Bit        Muxes := 1     
	   2 Input      4 Bit        Muxes := 2     
	   7 Input      4 Bit        Muxes := 2     
	   7 Input      1 Bit        Muxes := 7     
	   5 Input      1 Bit        Muxes := 1     
	   2 Input      1 Bit        Muxes := 15    
Module SizedFIFO__parameterized7__4 
Detailed RTL Component Info : 
+---Adders : 
	   2 Input      4 Bit       Adders := 2     
+---Registers : 
	               32 Bit    Registers := 16    
	                4 Bit    Registers := 2     
	                1 Bit    Registers := 3     
+---Muxes : 
	   5 Input     32 Bit        Muxes := 1     
	   2 Input      4 Bit        Muxes := 2     
	   7 Input      4 Bit        Muxes := 2     
	   7 Input      1 Bit        Muxes := 7     
	   5 Input      1 Bit        Muxes := 1     
	   2 Input      1 Bit        Muxes := 15    
Module mkuart__2 
Detailed RTL Component Info : 
+---Adders : 
	   3 Input     17 Bit       Adders := 1     
	   2 Input     16 Bit       Adders := 2     
	   2 Input      6 Bit       Adders := 6     
	   2 Input      5 Bit       Adders := 1     
	   2 Input      4 Bit       Adders := 2     
+---XORs : 
	  32 Input      1 Bit         XORs := 1     
	  33 Input      1 Bit         XORs := 1     
+---Registers : 
	               16 Bit    Registers := 4     
	                6 Bit    Registers := 3     
	                5 Bit    Registers := 2     
	                4 Bit    Registers := 4     
	                3 Bit    Registers := 1     
	                2 Bit    Registers := 2     
	                1 Bit    Registers := 70    
+---Muxes : 
	   2 Input     32 Bit        Muxes := 7     
	   4 Input     16 Bit        Muxes := 1     
	   2 Input     16 Bit        Muxes := 1     
	   2 Input      6 Bit        Muxes := 2     
	   2 Input      4 Bit        Muxes := 4     
	   4 Input      4 Bit        Muxes := 1     
	   4 Input      3 Bit        Muxes := 1     
	   2 Input      3 Bit        Muxes := 2     
	   7 Input      3 Bit        Muxes := 1     
	   3 Input      2 Bit        Muxes := 2     
	   2 Input      2 Bit        Muxes := 4     
	   2 Input      1 Bit        Muxes := 33    
	   5 Input      1 Bit        Muxes := 1     
Module FIFO2__parameterized3__67 
Detailed RTL Component Info : 
+---Registers : 
	               37 Bit    Registers := 2     
	                1 Bit    Registers := 2     
+---Muxes : 
	   2 Input      1 Bit        Muxes := 5     
Module FIFO2__parameterized4__34 
Detailed RTL Component Info : 
+---Registers : 
	               34 Bit    Registers := 2     
	                1 Bit    Registers := 2     
+---Muxes : 
	   2 Input      1 Bit        Muxes := 5     
Module FIFO2__parameterized3__68 
Detailed RTL Component Info : 
+---Registers : 
	               37 Bit    Registers := 2     
	                1 Bit    Registers := 2     
+---Muxes : 
	   2 Input      1 Bit        Muxes := 5     
Module FIFO2__parameterized5__37 
Detailed RTL Component Info : 
+---Registers : 
	               36 Bit    Registers := 2     
	                1 Bit    Registers := 2     
+---Muxes : 
	   2 Input      1 Bit        Muxes := 5     
Module FIFO2__parameterized6__36 
Detailed RTL Component Info : 
+---Registers : 
	                2 Bit    Registers := 2     
	                1 Bit    Registers := 2     
+---Muxes : 
	   2 Input      1 Bit        Muxes := 5     
Module Counter 
Detailed RTL Component Info : 
+---Adders : 
	   3 Input     16 Bit       Adders := 1     
+---Registers : 
	               16 Bit    Registers := 1     
+---Muxes : 
	   2 Input     16 Bit        Muxes := 4     
Module Counter__parameterized0 
Detailed RTL Component Info : 
+---Adders : 
	   3 Input      3 Bit       Adders := 1     
+---Registers : 
	                3 Bit    Registers := 1     
+---Muxes : 
	   2 Input      3 Bit        Muxes := 4     
Module SizedFIFO__parameterized7__1 
Detailed RTL Component Info : 
+---Adders : 
	   2 Input      4 Bit       Adders := 2     
+---Registers : 
	               32 Bit    Registers := 16    
	                4 Bit    Registers := 2     
	                1 Bit    Registers := 3     
+---Muxes : 
	   5 Input     32 Bit        Muxes := 1     
	   2 Input      4 Bit        Muxes := 2     
	   7 Input      4 Bit        Muxes := 2     
	   7 Input      1 Bit        Muxes := 7     
	   5 Input      1 Bit        Muxes := 1     
	   2 Input      1 Bit        Muxes := 15    
Module SizedFIFO__parameterized7 
Detailed RTL Component Info : 
+---Adders : 
	   2 Input      4 Bit       Adders := 2     
+---Registers : 
	               32 Bit    Registers := 16    
	                4 Bit    Registers := 2     
	                1 Bit    Registers := 3     
+---Muxes : 
	   5 Input     32 Bit        Muxes := 1     
	   2 Input      4 Bit        Muxes := 2     
	   7 Input      4 Bit        Muxes := 2     
	   7 Input      1 Bit        Muxes := 7     
	   5 Input      1 Bit        Muxes := 1     
	   2 Input      1 Bit        Muxes := 15    
Module mkuart 
Detailed RTL Component Info : 
+---Adders : 
	   3 Input     17 Bit       Adders := 1     
	   2 Input     16 Bit       Adders := 2     
	   2 Input      6 Bit       Adders := 6     
	   2 Input      5 Bit       Adders := 1     
	   2 Input      4 Bit       Adders := 2     
+---XORs : 
	  32 Input      1 Bit         XORs := 1     
	  33 Input      1 Bit         XORs := 1     
+---Registers : 
	               16 Bit    Registers := 4     
	                6 Bit    Registers := 3     
	                5 Bit    Registers := 2     
	                4 Bit    Registers := 4     
	                3 Bit    Registers := 1     
	                2 Bit    Registers := 2     
	                1 Bit    Registers := 70    
+---Muxes : 
	   2 Input     32 Bit        Muxes := 7     
	   4 Input     16 Bit        Muxes := 1     
	   2 Input     16 Bit        Muxes := 1     
	   2 Input      6 Bit        Muxes := 2     
	   2 Input      4 Bit        Muxes := 4     
	   4 Input      4 Bit        Muxes := 1     
	   4 Input      3 Bit        Muxes := 1     
	   2 Input      3 Bit        Muxes := 2     
	   7 Input      3 Bit        Muxes := 1     
	   3 Input      2 Bit        Muxes := 2     
	   2 Input      2 Bit        Muxes := 4     
	   2 Input      1 Bit        Muxes := 33    
	   5 Input      1 Bit        Muxes := 1     
Module mkuart_cluster 
Detailed RTL Component Info : 
+---Muxes : 
	   5 Input      3 Bit        Muxes := 2     
Module FIFO2__parameterized6__47 
Detailed RTL Component Info : 
+---Registers : 
	                2 Bit    Registers := 2     
	                1 Bit    Registers := 2     
+---Muxes : 
	   2 Input      1 Bit        Muxes := 5     
Module FIFO2__parameterized5__48 
Detailed RTL Component Info : 
+---Registers : 
	               36 Bit    Registers := 2     
	                1 Bit    Registers := 2     
+---Muxes : 
	   2 Input      1 Bit        Muxes := 5     
Module FIFO2__parameterized3__87 
Detailed RTL Component Info : 
+---Registers : 
	               37 Bit    Registers := 2     
	                1 Bit    Registers := 2     
+---Muxes : 
	   2 Input      1 Bit        Muxes := 5     
Module FIFO2__parameterized4__44 
Detailed RTL Component Info : 
+---Registers : 
	               34 Bit    Registers := 2     
	                1 Bit    Registers := 2     
+---Muxes : 
	   2 Input      1 Bit        Muxes := 5     
Module FIFO2__parameterized6__48 
Detailed RTL Component Info : 
+---Registers : 
	                2 Bit    Registers := 2     
	                1 Bit    Registers := 2     
+---Muxes : 
	   2 Input      1 Bit        Muxes := 5     
Module FIFO2__parameterized5__49 
Detailed RTL Component Info : 
+---Registers : 
	               36 Bit    Registers := 2     
	                1 Bit    Registers := 2     
+---Muxes : 
	   2 Input      1 Bit        Muxes := 5     
Module FIFO2__parameterized3__88 
Detailed RTL Component Info : 
+---Registers : 
	               37 Bit    Registers := 2     
	                1 Bit    Registers := 2     
+---Muxes : 
	   2 Input      1 Bit        Muxes := 5     
Module FIFO2__parameterized4__45 
Detailed RTL Component Info : 
+---Registers : 
	               34 Bit    Registers := 2     
	                1 Bit    Registers := 2     
+---Muxes : 
	   2 Input      1 Bit        Muxes := 5     
Module FIFO2__parameterized6__49 
Detailed RTL Component Info : 
+---Registers : 
	                2 Bit    Registers := 2     
	                1 Bit    Registers := 2     
+---Muxes : 
	   2 Input      1 Bit        Muxes := 5     
Module FIFO2__parameterized25__39 
Detailed RTL Component Info : 
+---Registers : 
	                1 Bit    Registers := 4     
+---Muxes : 
	   2 Input      1 Bit        Muxes := 5     
Module FIFO2__parameterized6__50 
Detailed RTL Component Info : 
+---Registers : 
	                2 Bit    Registers := 2     
	                1 Bit    Registers := 2     
+---Muxes : 
	   2 Input      1 Bit        Muxes := 5     
Module FIFO2__parameterized25__40 
Detailed RTL Component Info : 
+---Registers : 
	                1 Bit    Registers := 4     
+---Muxes : 
	   2 Input      1 Bit        Muxes := 5     
Module FIFO2__parameterized5__50 
Detailed RTL Component Info : 
+---Registers : 
	               36 Bit    Registers := 2     
	                1 Bit    Registers := 2     
+---Muxes : 
	   2 Input      1 Bit        Muxes := 5     
Module FIFO2__parameterized25__41 
Detailed RTL Component Info : 
+---Registers : 
	                1 Bit    Registers := 4     
+---Muxes : 
	   2 Input      1 Bit        Muxes := 5     
Module FIFO2__parameterized3__89 
Detailed RTL Component Info : 
+---Registers : 
	               37 Bit    Registers := 2     
	                1 Bit    Registers := 2     
+---Muxes : 
	   2 Input      1 Bit        Muxes := 5     
Module FIFO2__parameterized25__42 
Detailed RTL Component Info : 
+---Registers : 
	                1 Bit    Registers := 4     
+---Muxes : 
	   2 Input      1 Bit        Muxes := 5     
Module FIFO2__parameterized25__43 
Detailed RTL Component Info : 
+---Registers : 
	                1 Bit    Registers := 4     
+---Muxes : 
	   2 Input      1 Bit        Muxes := 5     
Module FIFO2__parameterized25__44 
Detailed RTL Component Info : 
+---Registers : 
	                1 Bit    Registers := 4     
+---Muxes : 
	   2 Input      1 Bit        Muxes := 5     
Module FIFO2__parameterized25__45 
Detailed RTL Component Info : 
+---Registers : 
	                1 Bit    Registers := 4     
+---Muxes : 
	   2 Input      1 Bit        Muxes := 5     
Module FIFO2__parameterized25__46 
Detailed RTL Component Info : 
+---Registers : 
	                1 Bit    Registers := 4     
+---Muxes : 
	   2 Input      1 Bit        Muxes := 5     
Module FIFO2__parameterized25__47 
Detailed RTL Component Info : 
+---Registers : 
	                1 Bit    Registers := 4     
+---Muxes : 
	   2 Input      1 Bit        Muxes := 5     
Module FIFO2__parameterized25__48 
Detailed RTL Component Info : 
+---Registers : 
	                1 Bit    Registers := 4     
+---Muxes : 
	   2 Input      1 Bit        Muxes := 5     
Module FIFO2__parameterized24__3 
Detailed RTL Component Info : 
+---Registers : 
	                3 Bit    Registers := 2     
	                1 Bit    Registers := 2     
+---Muxes : 
	   2 Input      1 Bit        Muxes := 5     
Module FIFO2__parameterized4__48 
Detailed RTL Component Info : 
+---Registers : 
	               34 Bit    Registers := 2     
	                1 Bit    Registers := 2     
+---Muxes : 
	   2 Input      1 Bit        Muxes := 5     
Module FIFO2__parameterized3__90 
Detailed RTL Component Info : 
+---Registers : 
	               37 Bit    Registers := 2     
	                1 Bit    Registers := 2     
+---Muxes : 
	   2 Input      1 Bit        Muxes := 5     
Module FIFO2__parameterized5__53 
Detailed RTL Component Info : 
+---Registers : 
	               36 Bit    Registers := 2     
	                1 Bit    Registers := 2     
+---Muxes : 
	   2 Input      1 Bit        Muxes := 5     
Module FIFO2__parameterized6__53 
Detailed RTL Component Info : 
+---Registers : 
	                2 Bit    Registers := 2     
	                1 Bit    Registers := 2     
+---Muxes : 
	   2 Input      1 Bit        Muxes := 5     
Module FIFO2__parameterized3__95 
Detailed RTL Component Info : 
+---Registers : 
	               37 Bit    Registers := 2     
	                1 Bit    Registers := 2     
+---Muxes : 
	   2 Input      1 Bit        Muxes := 5     
Module FIFO2__parameterized3__96 
Detailed RTL Component Info : 
+---Registers : 
	               37 Bit    Registers := 2     
	                1 Bit    Registers := 2     
+---Muxes : 
	   2 Input      1 Bit        Muxes := 5     
Module FIFO2__parameterized24__4 
Detailed RTL Component Info : 
+---Registers : 
	                3 Bit    Registers := 2     
	                1 Bit    Registers := 2     
+---Muxes : 
	   2 Input      1 Bit        Muxes := 5     
Module FIFO2__parameterized25__49 
Detailed RTL Component Info : 
+---Registers : 
	                1 Bit    Registers := 4     
+---Muxes : 
	   2 Input      1 Bit        Muxes := 5     
Module FIFO2__parameterized25__50 
Detailed RTL Component Info : 
+---Registers : 
	                1 Bit    Registers := 4     
+---Muxes : 
	   2 Input      1 Bit        Muxes := 5     
Module FIFO2__parameterized25__51 
Detailed RTL Component Info : 
+---Registers : 
	                1 Bit    Registers := 4     
+---Muxes : 
	   2 Input      1 Bit        Muxes := 5     
Module FIFO2__parameterized4__49 
Detailed RTL Component Info : 
+---Registers : 
	               34 Bit    Registers := 2     
	                1 Bit    Registers := 2     
+---Muxes : 
	   2 Input      1 Bit        Muxes := 5     
Module FIFO2__parameterized25__52 
Detailed RTL Component Info : 
+---Registers : 
	                1 Bit    Registers := 4     
+---Muxes : 
	   2 Input      1 Bit        Muxes := 5     
Module FIFO2__parameterized1__3 
Detailed RTL Component Info : 
+---Registers : 
	               41 Bit    Registers := 2     
	                1 Bit    Registers := 2     
+---Muxes : 
	   2 Input      1 Bit        Muxes := 5     
Module FIFO2__parameterized6__54 
Detailed RTL Component Info : 
+---Registers : 
	                2 Bit    Registers := 2     
	                1 Bit    Registers := 2     
+---Muxes : 
	   2 Input      1 Bit        Muxes := 5     
Module FIFO2__5 
Detailed RTL Component Info : 
+---Registers : 
	               52 Bit    Registers := 2     
	                1 Bit    Registers := 2     
+---Muxes : 
	   2 Input      1 Bit        Muxes := 5     
Module FIFO2__parameterized2__3 
Detailed RTL Component Info : 
+---Registers : 
	                6 Bit    Registers := 2     
	                1 Bit    Registers := 2     
+---Muxes : 
	   2 Input      1 Bit        Muxes := 5     
Module FIFO2__parameterized3__97 
Detailed RTL Component Info : 
+---Registers : 
	               37 Bit    Registers := 2     
	                1 Bit    Registers := 2     
+---Muxes : 
	   2 Input      1 Bit        Muxes := 5     
Module FIFO2__parameterized4__50 
Detailed RTL Component Info : 
+---Registers : 
	               34 Bit    Registers := 2     
	                1 Bit    Registers := 2     
+---Muxes : 
	   2 Input      1 Bit        Muxes := 5     
Module FIFO2__6 
Detailed RTL Component Info : 
+---Registers : 
	               52 Bit    Registers := 2     
	                1 Bit    Registers := 2     
+---Muxes : 
	   2 Input      1 Bit        Muxes := 5     
Module FIFO2__parameterized3__98 
Detailed RTL Component Info : 
+---Registers : 
	               37 Bit    Registers := 2     
	                1 Bit    Registers := 2     
+---Muxes : 
	   2 Input      1 Bit        Muxes := 5     
Module FIFO2__parameterized1__4 
Detailed RTL Component Info : 
+---Registers : 
	               41 Bit    Registers := 2     
	                1 Bit    Registers := 2     
+---Muxes : 
	   2 Input      1 Bit        Muxes := 5     
Module FIFO2__7 
Detailed RTL Component Info : 
+---Registers : 
	               52 Bit    Registers := 2     
	                1 Bit    Registers := 2     
+---Muxes : 
	   2 Input      1 Bit        Muxes := 5     
Module FIFO2__8 
Detailed RTL Component Info : 
+---Registers : 
	               52 Bit    Registers := 2     
	                1 Bit    Registers := 2     
+---Muxes : 
	   2 Input      1 Bit        Muxes := 5     
Module FIFO2__parameterized1__5 
Detailed RTL Component Info : 
+---Registers : 
	               41 Bit    Registers := 2     
	                1 Bit    Registers := 2     
+---Muxes : 
	   2 Input      1 Bit        Muxes := 5     
Module FIFO2__9 
Detailed RTL Component Info : 
+---Registers : 
	               52 Bit    Registers := 2     
	                1 Bit    Registers := 2     
+---Muxes : 
	   2 Input      1 Bit        Muxes := 5     
Module FIFO2__10 
Detailed RTL Component Info : 
+---Registers : 
	               52 Bit    Registers := 2     
	                1 Bit    Registers := 2     
+---Muxes : 
	   2 Input      1 Bit        Muxes := 5     
Module FIFO2__parameterized24__5 
Detailed RTL Component Info : 
+---Registers : 
	                3 Bit    Registers := 2     
	                1 Bit    Registers := 2     
+---Muxes : 
	   2 Input      1 Bit        Muxes := 5     
Module FIFO2__parameterized24__6 
Detailed RTL Component Info : 
+---Registers : 
	                3 Bit    Registers := 2     
	                1 Bit    Registers := 2     
+---Muxes : 
	   2 Input      1 Bit        Muxes := 5     
Module FIFO2__parameterized24__7 
Detailed RTL Component Info : 
+---Registers : 
	                3 Bit    Registers := 2     
	                1 Bit    Registers := 2     
+---Muxes : 
	   2 Input      1 Bit        Muxes := 5     
Module FIFO2__parameterized24__8 
Detailed RTL Component Info : 
+---Registers : 
	                3 Bit    Registers := 2     
	                1 Bit    Registers := 2     
+---Muxes : 
	   2 Input      1 Bit        Muxes := 5     
Module FIFO2__parameterized24__9 
Detailed RTL Component Info : 
+---Registers : 
	                3 Bit    Registers := 2     
	                1 Bit    Registers := 2     
+---Muxes : 
	   2 Input      1 Bit        Muxes := 5     
Module FIFO2__parameterized24__10 
Detailed RTL Component Info : 
+---Registers : 
	                3 Bit    Registers := 2     
	                1 Bit    Registers := 2     
+---Muxes : 
	   2 Input      1 Bit        Muxes := 5     
Module FIFO2__parameterized24__11 
Detailed RTL Component Info : 
+---Registers : 
	                3 Bit    Registers := 2     
	                1 Bit    Registers := 2     
+---Muxes : 
	   2 Input      1 Bit        Muxes := 5     
Module FIFO2__parameterized24__12 
Detailed RTL Component Info : 
+---Registers : 
	                3 Bit    Registers := 2     
	                1 Bit    Registers := 2     
+---Muxes : 
	   2 Input      1 Bit        Muxes := 5     
Module FIFO2__parameterized24__13 
Detailed RTL Component Info : 
+---Registers : 
	                3 Bit    Registers := 2     
	                1 Bit    Registers := 2     
+---Muxes : 
	   2 Input      1 Bit        Muxes := 5     
Module FIFO2__parameterized24__14 
Detailed RTL Component Info : 
+---Registers : 
	                3 Bit    Registers := 2     
	                1 Bit    Registers := 2     
+---Muxes : 
	   2 Input      1 Bit        Muxes := 5     
Module FIFO2__parameterized24__15 
Detailed RTL Component Info : 
+---Registers : 
	                3 Bit    Registers := 2     
	                1 Bit    Registers := 2     
+---Muxes : 
	   2 Input      1 Bit        Muxes := 5     
Module FIFO2__parameterized24__16 
Detailed RTL Component Info : 
+---Registers : 
	                3 Bit    Registers := 2     
	                1 Bit    Registers := 2     
+---Muxes : 
	   2 Input      1 Bit        Muxes := 5     
Module FIFO2__parameterized24__17 
Detailed RTL Component Info : 
+---Registers : 
	                3 Bit    Registers := 2     
	                1 Bit    Registers := 2     
+---Muxes : 
	   2 Input      1 Bit        Muxes := 5     
Module FIFO2__parameterized24__18 
Detailed RTL Component Info : 
+---Registers : 
	                3 Bit    Registers := 2     
	                1 Bit    Registers := 2     
+---Muxes : 
	   2 Input      1 Bit        Muxes := 5     
Module FIFO2__parameterized24__19 
Detailed RTL Component Info : 
+---Registers : 
	                3 Bit    Registers := 2     
	                1 Bit    Registers := 2     
+---Muxes : 
	   2 Input      1 Bit        Muxes := 5     
Module FIFO2__parameterized24__20 
Detailed RTL Component Info : 
+---Registers : 
	                3 Bit    Registers := 2     
	                1 Bit    Registers := 2     
+---Muxes : 
	   2 Input      1 Bit        Muxes := 5     
Module FIFO2__parameterized24__21 
Detailed RTL Component Info : 
+---Registers : 
	                3 Bit    Registers := 2     
	                1 Bit    Registers := 2     
+---Muxes : 
	   2 Input      1 Bit        Muxes := 5     
Module FIFO2__parameterized24__22 
Detailed RTL Component Info : 
+---Registers : 
	                3 Bit    Registers := 2     
	                1 Bit    Registers := 2     
+---Muxes : 
	   2 Input      1 Bit        Muxes := 5     
Module FIFO2__parameterized24__23 
Detailed RTL Component Info : 
+---Registers : 
	                3 Bit    Registers := 2     
	                1 Bit    Registers := 2     
+---Muxes : 
	   2 Input      1 Bit        Muxes := 5     
Module FIFO2__parameterized24__24 
Detailed RTL Component Info : 
+---Registers : 
	                3 Bit    Registers := 2     
	                1 Bit    Registers := 2     
+---Muxes : 
	   2 Input      1 Bit        Muxes := 5     
Module FIFO2__parameterized24__25 
Detailed RTL Component Info : 
+---Registers : 
	                3 Bit    Registers := 2     
	                1 Bit    Registers := 2     
+---Muxes : 
	   2 Input      1 Bit        Muxes := 5     
Module FIFO2__parameterized24__26 
Detailed RTL Component Info : 
+---Registers : 
	                3 Bit    Registers := 2     
	                1 Bit    Registers := 2     
+---Muxes : 
	   2 Input      1 Bit        Muxes := 5     
Module FIFO2__parameterized3__99 
Detailed RTL Component Info : 
+---Registers : 
	               37 Bit    Registers := 2     
	                1 Bit    Registers := 2     
+---Muxes : 
	   2 Input      1 Bit        Muxes := 5     
Module FIFO2__parameterized3__100 
Detailed RTL Component Info : 
+---Registers : 
	               37 Bit    Registers := 2     
	                1 Bit    Registers := 2     
+---Muxes : 
	   2 Input      1 Bit        Muxes := 5     
Module FIFO2__parameterized2__4 
Detailed RTL Component Info : 
+---Registers : 
	                6 Bit    Registers := 2     
	                1 Bit    Registers := 2     
+---Muxes : 
	   2 Input      1 Bit        Muxes := 5     
Module FIFO2__11 
Detailed RTL Component Info : 
+---Registers : 
	               52 Bit    Registers := 2     
	                1 Bit    Registers := 2     
+---Muxes : 
	   2 Input      1 Bit        Muxes := 5     
Module FIFO2__parameterized6__64 
Detailed RTL Component Info : 
+---Registers : 
	                2 Bit    Registers := 2     
	                1 Bit    Registers := 2     
+---Muxes : 
	   2 Input      1 Bit        Muxes := 5     
Module FIFO2__parameterized5__61 
Detailed RTL Component Info : 
+---Registers : 
	               36 Bit    Registers := 2     
	                1 Bit    Registers := 2     
+---Muxes : 
	   2 Input      1 Bit        Muxes := 5     
Module FIFO2__parameterized3__115 
Detailed RTL Component Info : 
+---Registers : 
	               37 Bit    Registers := 2     
	                1 Bit    Registers := 2     
+---Muxes : 
	   2 Input      1 Bit        Muxes := 5     
Module FIFO2__parameterized4__58 
Detailed RTL Component Info : 
+---Registers : 
	               34 Bit    Registers := 2     
	                1 Bit    Registers := 2     
+---Muxes : 
	   2 Input      1 Bit        Muxes := 5     
Module FIFO2__parameterized3__116 
Detailed RTL Component Info : 
+---Registers : 
	               37 Bit    Registers := 2     
	                1 Bit    Registers := 2     
+---Muxes : 
	   2 Input      1 Bit        Muxes := 5     
Module FIFO2__parameterized3__103 
Detailed RTL Component Info : 
+---Registers : 
	               37 Bit    Registers := 2     
	                1 Bit    Registers := 2     
+---Muxes : 
	   2 Input      1 Bit        Muxes := 5     
Module FIFO2__parameterized4__52 
Detailed RTL Component Info : 
+---Registers : 
	               34 Bit    Registers := 2     
	                1 Bit    Registers := 2     
+---Muxes : 
	   2 Input      1 Bit        Muxes := 5     
Module FIFO2__parameterized3__104 
Detailed RTL Component Info : 
+---Registers : 
	               37 Bit    Registers := 2     
	                1 Bit    Registers := 2     
+---Muxes : 
	   2 Input      1 Bit        Muxes := 5     
Module FIFO2__parameterized5__55 
Detailed RTL Component Info : 
+---Registers : 
	               36 Bit    Registers := 2     
	                1 Bit    Registers := 2     
+---Muxes : 
	   2 Input      1 Bit        Muxes := 5     
Module FIFO2__parameterized6__56 
Detailed RTL Component Info : 
+---Registers : 
	                2 Bit    Registers := 2     
	                1 Bit    Registers := 2     
+---Muxes : 
	   2 Input      1 Bit        Muxes := 5     
Module FIFO2__parameterized3__105 
Detailed RTL Component Info : 
+---Registers : 
	               37 Bit    Registers := 2     
	                1 Bit    Registers := 2     
+---Muxes : 
	   2 Input      1 Bit        Muxes := 5     
Module FIFO2__parameterized4__53 
Detailed RTL Component Info : 
+---Registers : 
	               34 Bit    Registers := 2     
	                1 Bit    Registers := 2     
+---Muxes : 
	   2 Input      1 Bit        Muxes := 5     
Module FIFO2__parameterized3__106 
Detailed RTL Component Info : 
+---Registers : 
	               37 Bit    Registers := 2     
	                1 Bit    Registers := 2     
+---Muxes : 
	   2 Input      1 Bit        Muxes := 5     
Module FIFO2__parameterized5__56 
Detailed RTL Component Info : 
+---Registers : 
	               36 Bit    Registers := 2     
	                1 Bit    Registers := 2     
+---Muxes : 
	   2 Input      1 Bit        Muxes := 5     
Module FIFO2__parameterized6__57 
Detailed RTL Component Info : 
+---Registers : 
	                2 Bit    Registers := 2     
	                1 Bit    Registers := 2     
+---Muxes : 
	   2 Input      1 Bit        Muxes := 5     
Module FIFO2__parameterized3__107 
Detailed RTL Component Info : 
+---Registers : 
	               37 Bit    Registers := 2     
	                1 Bit    Registers := 2     
+---Muxes : 
	   2 Input      1 Bit        Muxes := 5     
Module FIFO2__parameterized4__54 
Detailed RTL Component Info : 
+---Registers : 
	               34 Bit    Registers := 2     
	                1 Bit    Registers := 2     
+---Muxes : 
	   2 Input      1 Bit        Muxes := 5     
Module FIFO2__parameterized3__108 
Detailed RTL Component Info : 
+---Registers : 
	               37 Bit    Registers := 2     
	                1 Bit    Registers := 2     
+---Muxes : 
	   2 Input      1 Bit        Muxes := 5     
Module FIFO2__parameterized5__57 
Detailed RTL Component Info : 
+---Registers : 
	               36 Bit    Registers := 2     
	                1 Bit    Registers := 2     
+---Muxes : 
	   2 Input      1 Bit        Muxes := 5     
Module FIFO2__parameterized6__58 
Detailed RTL Component Info : 
+---Registers : 
	                2 Bit    Registers := 2     
	                1 Bit    Registers := 2     
+---Muxes : 
	   2 Input      1 Bit        Muxes := 5     
Module FIFO20__4 
Detailed RTL Component Info : 
+---Registers : 
	                1 Bit    Registers := 2     
+---Muxes : 
	   2 Input      1 Bit        Muxes := 5     
Module FIFO2__parameterized25__53 
Detailed RTL Component Info : 
+---Registers : 
	                1 Bit    Registers := 4     
+---Muxes : 
	   2 Input      1 Bit        Muxes := 5     
Module FIFO2__parameterized25__54 
Detailed RTL Component Info : 
+---Registers : 
	                1 Bit    Registers := 4     
+---Muxes : 
	   2 Input      1 Bit        Muxes := 5     
Module FIFO2__parameterized6__59 
Detailed RTL Component Info : 
+---Registers : 
	                2 Bit    Registers := 2     
	                1 Bit    Registers := 2     
+---Muxes : 
	   2 Input      1 Bit        Muxes := 5     
Module FIFO2__parameterized25__55 
Detailed RTL Component Info : 
+---Registers : 
	                1 Bit    Registers := 4     
+---Muxes : 
	   2 Input      1 Bit        Muxes := 5     
Module FIFO2__parameterized25 
Detailed RTL Component Info : 
+---Registers : 
	                1 Bit    Registers := 4     
+---Muxes : 
	   2 Input      1 Bit        Muxes := 5     
Module FIFO2__parameterized6__60 
Detailed RTL Component Info : 
+---Registers : 
	                2 Bit    Registers := 2     
	                1 Bit    Registers := 2     
+---Muxes : 
	   2 Input      1 Bit        Muxes := 5     
Module FIFO2__parameterized3__109 
Detailed RTL Component Info : 
+---Registers : 
	               37 Bit    Registers := 2     
	                1 Bit    Registers := 2     
+---Muxes : 
	   2 Input      1 Bit        Muxes := 5     
Module FIFO2__parameterized4__55 
Detailed RTL Component Info : 
+---Registers : 
	               34 Bit    Registers := 2     
	                1 Bit    Registers := 2     
+---Muxes : 
	   2 Input      1 Bit        Muxes := 5     
Module FIFO2__parameterized3__110 
Detailed RTL Component Info : 
+---Registers : 
	               37 Bit    Registers := 2     
	                1 Bit    Registers := 2     
+---Muxes : 
	   2 Input      1 Bit        Muxes := 5     
Module FIFO2__parameterized5__58 
Detailed RTL Component Info : 
+---Registers : 
	               36 Bit    Registers := 2     
	                1 Bit    Registers := 2     
+---Muxes : 
	   2 Input      1 Bit        Muxes := 5     
Module FIFO2__parameterized6__61 
Detailed RTL Component Info : 
+---Registers : 
	                2 Bit    Registers := 2     
	                1 Bit    Registers := 2     
+---Muxes : 
	   2 Input      1 Bit        Muxes := 5     
Module FIFO2__parameterized3__111 
Detailed RTL Component Info : 
+---Registers : 
	               37 Bit    Registers := 2     
	                1 Bit    Registers := 2     
+---Muxes : 
	   2 Input      1 Bit        Muxes := 5     
Module FIFO2__parameterized4__56 
Detailed RTL Component Info : 
+---Registers : 
	               34 Bit    Registers := 2     
	                1 Bit    Registers := 2     
+---Muxes : 
	   2 Input      1 Bit        Muxes := 5     
Module FIFO2__parameterized3__112 
Detailed RTL Component Info : 
+---Registers : 
	               37 Bit    Registers := 2     
	                1 Bit    Registers := 2     
+---Muxes : 
	   2 Input      1 Bit        Muxes := 5     
Module FIFO2__parameterized5__59 
Detailed RTL Component Info : 
+---Registers : 
	               36 Bit    Registers := 2     
	                1 Bit    Registers := 2     
+---Muxes : 
	   2 Input      1 Bit        Muxes := 5     
Module FIFO2__parameterized6__62 
Detailed RTL Component Info : 
+---Registers : 
	                2 Bit    Registers := 2     
	                1 Bit    Registers := 2     
+---Muxes : 
	   2 Input      1 Bit        Muxes := 5     
Module FIFO2__parameterized3__113 
Detailed RTL Component Info : 
+---Registers : 
	               37 Bit    Registers := 2     
	                1 Bit    Registers := 2     
+---Muxes : 
	   2 Input      1 Bit        Muxes := 5     
Module FIFO2__parameterized4__57 
Detailed RTL Component Info : 
+---Registers : 
	               34 Bit    Registers := 2     
	                1 Bit    Registers := 2     
+---Muxes : 
	   2 Input      1 Bit        Muxes := 5     
Module FIFO2__parameterized3__114 
Detailed RTL Component Info : 
+---Registers : 
	               37 Bit    Registers := 2     
	                1 Bit    Registers := 2     
+---Muxes : 
	   2 Input      1 Bit        Muxes := 5     
Module FIFO2__parameterized5__60 
Detailed RTL Component Info : 
+---Registers : 
	               36 Bit    Registers := 2     
	                1 Bit    Registers := 2     
+---Muxes : 
	   2 Input      1 Bit        Muxes := 5     
Module FIFO2__parameterized6__63 
Detailed RTL Component Info : 
+---Registers : 
	                2 Bit    Registers := 2     
	                1 Bit    Registers := 2     
+---Muxes : 
	   2 Input      1 Bit        Muxes := 5     
Module UngatedClockMux__9 
Detailed RTL Component Info : 
+---Registers : 
	                1 Bit    Registers := 1     
+---Muxes : 
	   2 Input      1 Bit        Muxes := 1     
Module MakeClock 
Detailed RTL Component Info : 
+---Registers : 
	                1 Bit    Registers := 2     
Module UngatedClockMux 
Detailed RTL Component Info : 
+---Registers : 
	                1 Bit    Registers := 1     
+---Muxes : 
	   2 Input      1 Bit        Muxes := 1     
Module SyncHandshake__54 
Detailed RTL Component Info : 
+---Registers : 
	                1 Bit    Registers := 6     
Module SyncRegister__5 
Detailed RTL Component Info : 
+---Registers : 
	               16 Bit    Registers := 2     
Module SyncHandshake__55 
Detailed RTL Component Info : 
+---Registers : 
	                1 Bit    Registers := 6     
Module SyncRegister__6 
Detailed RTL Component Info : 
+---Registers : 
	               16 Bit    Registers := 2     
Module SyncHandshake__56 
Detailed RTL Component Info : 
+---Registers : 
	                1 Bit    Registers := 6     
Module SyncRegister__7 
Detailed RTL Component Info : 
+---Registers : 
	               16 Bit    Registers := 2     
Module SyncHandshake__57 
Detailed RTL Component Info : 
+---Registers : 
	                1 Bit    Registers := 6     
Module SyncRegister__8 
Detailed RTL Component Info : 
+---Registers : 
	               16 Bit    Registers := 2     
Module SyncHandshake__58 
Detailed RTL Component Info : 
+---Registers : 
	                1 Bit    Registers := 6     
Module SyncRegister__9 
Detailed RTL Component Info : 
+---Registers : 
	               16 Bit    Registers := 2     
Module SyncHandshake 
Detailed RTL Component Info : 
+---Registers : 
	                1 Bit    Registers := 6     
Module SyncRegister 
Detailed RTL Component Info : 
+---Registers : 
	               16 Bit    Registers := 2     
Module SyncHandshake__43 
Detailed RTL Component Info : 
+---Registers : 
	                1 Bit    Registers := 6     
Module SyncRegister__parameterized0__1 
Detailed RTL Component Info : 
+---Registers : 
	               32 Bit    Registers := 2     
Module SyncHandshake__44 
Detailed RTL Component Info : 
+---Registers : 
	                1 Bit    Registers := 6     
Module SyncRegister__parameterized0__2 
Detailed RTL Component Info : 
+---Registers : 
	               32 Bit    Registers := 2     
Module SyncHandshake__45 
Detailed RTL Component Info : 
+---Registers : 
	                1 Bit    Registers := 6     
Module SyncRegister__parameterized0__3 
Detailed RTL Component Info : 
+---Registers : 
	               32 Bit    Registers := 2     
Module SyncHandshake__46 
Detailed RTL Component Info : 
+---Registers : 
	                1 Bit    Registers := 6     
Module SyncRegister__parameterized0__4 
Detailed RTL Component Info : 
+---Registers : 
	               32 Bit    Registers := 2     
Module SyncHandshake__47 
Detailed RTL Component Info : 
+---Registers : 
	                1 Bit    Registers := 6     
Module SyncRegister__parameterized0__5 
Detailed RTL Component Info : 
+---Registers : 
	               32 Bit    Registers := 2     
Module SyncHandshake__48 
Detailed RTL Component Info : 
+---Registers : 
	                1 Bit    Registers := 6     
Module SyncRegister__parameterized0__6 
Detailed RTL Component Info : 
+---Registers : 
	               32 Bit    Registers := 2     
Module SyncBit__13 
Detailed RTL Component Info : 
+---Registers : 
	                1 Bit    Registers := 3     
Module SyncBit__14 
Detailed RTL Component Info : 
+---Registers : 
	                1 Bit    Registers := 3     
Module SyncBit__15 
Detailed RTL Component Info : 
+---Registers : 
	                1 Bit    Registers := 3     
Module SyncBit__16 
Detailed RTL Component Info : 
+---Registers : 
	                1 Bit    Registers := 3     
Module SyncBit__17 
Detailed RTL Component Info : 
+---Registers : 
	                1 Bit    Registers := 3     
Module SyncBit__18 
Detailed RTL Component Info : 
+---Registers : 
	                1 Bit    Registers := 3     
Module SyncHandshake__49 
Detailed RTL Component Info : 
+---Registers : 
	                1 Bit    Registers := 6     
Module SyncRegister__parameterized0__7 
Detailed RTL Component Info : 
+---Registers : 
	               32 Bit    Registers := 2     
Module SyncHandshake__50 
Detailed RTL Component Info : 
+---Registers : 
	                1 Bit    Registers := 6     
Module SyncRegister__parameterized0__8 
Detailed RTL Component Info : 
+---Registers : 
	               32 Bit    Registers := 2     
Module SyncHandshake__51 
Detailed RTL Component Info : 
+---Registers : 
	                1 Bit    Registers := 6     
Module SyncRegister__parameterized0__9 
Detailed RTL Component Info : 
+---Registers : 
	               32 Bit    Registers := 2     
Module SyncHandshake__52 
Detailed RTL Component Info : 
+---Registers : 
	                1 Bit    Registers := 6     
Module SyncRegister__parameterized0__10 
Detailed RTL Component Info : 
+---Registers : 
	               32 Bit    Registers := 2     
Module SyncHandshake__53 
Detailed RTL Component Info : 
+---Registers : 
	                1 Bit    Registers := 6     
Module SyncRegister__parameterized0__11 
Detailed RTL Component Info : 
+---Registers : 
	               32 Bit    Registers := 2     
Module SyncHandshake__7 
Detailed RTL Component Info : 
+---Registers : 
	                1 Bit    Registers := 6     
Module SyncRegister__parameterized0 
Detailed RTL Component Info : 
+---Registers : 
	               32 Bit    Registers := 2     
Module SyncBit__19 
Detailed RTL Component Info : 
+---Registers : 
	                1 Bit    Registers := 3     
Module SyncBit__20 
Detailed RTL Component Info : 
+---Registers : 
	                1 Bit    Registers := 3     
Module SyncBit__21 
Detailed RTL Component Info : 
+---Registers : 
	                1 Bit    Registers := 3     
Module SyncBit__22 
Detailed RTL Component Info : 
+---Registers : 
	                1 Bit    Registers := 3     
Module SyncBit__23 
Detailed RTL Component Info : 
+---Registers : 
	                1 Bit    Registers := 3     
Module SyncBit__24 
Detailed RTL Component Info : 
+---Registers : 
	                1 Bit    Registers := 3     
Module SyncBit__25 
Detailed RTL Component Info : 
+---Registers : 
	                1 Bit    Registers := 3     
Module SyncBit__26 
Detailed RTL Component Info : 
+---Registers : 
	                1 Bit    Registers := 3     
Module SyncBit__27 
Detailed RTL Component Info : 
+---Registers : 
	                1 Bit    Registers := 3     
Module SyncBit__28 
Detailed RTL Component Info : 
+---Registers : 
	                1 Bit    Registers := 3     
Module SyncBit__29 
Detailed RTL Component Info : 
+---Registers : 
	                1 Bit    Registers := 3     
Module SyncBit__30 
Detailed RTL Component Info : 
+---Registers : 
	                1 Bit    Registers := 3     
Module SyncBit__31 
Detailed RTL Component Info : 
+---Registers : 
	                1 Bit    Registers := 3     
Module SyncBit__32 
Detailed RTL Component Info : 
+---Registers : 
	                1 Bit    Registers := 3     
Module SyncBit__33 
Detailed RTL Component Info : 
+---Registers : 
	                1 Bit    Registers := 3     
Module SyncBit__34 
Detailed RTL Component Info : 
+---Registers : 
	                1 Bit    Registers := 3     
Module SyncBit__35 
Detailed RTL Component Info : 
+---Registers : 
	                1 Bit    Registers := 3     
Module SyncBit__36 
Detailed RTL Component Info : 
+---Registers : 
	                1 Bit    Registers := 3     
Module SyncBit__37 
Detailed RTL Component Info : 
+---Registers : 
	                1 Bit    Registers := 3     
Module SyncBit__38 
Detailed RTL Component Info : 
+---Registers : 
	                1 Bit    Registers := 3     
Module SyncBit__39 
Detailed RTL Component Info : 
+---Registers : 
	                1 Bit    Registers := 3     
Module SyncBit__40 
Detailed RTL Component Info : 
+---Registers : 
	                1 Bit    Registers := 3     
Module SyncBit__41 
Detailed RTL Component Info : 
+---Registers : 
	                1 Bit    Registers := 3     
Module SyncBit__42 
Detailed RTL Component Info : 
+---Registers : 
	                1 Bit    Registers := 3     
Module SyncBit__43 
Detailed RTL Component Info : 
+---Registers : 
	                1 Bit    Registers := 3     
Module SyncBit__44 
Detailed RTL Component Info : 
+---Registers : 
	                1 Bit    Registers := 3     
Module SyncBit__45 
Detailed RTL Component Info : 
+---Registers : 
	                1 Bit    Registers := 3     
Module SyncBit__46 
Detailed RTL Component Info : 
+---Registers : 
	                1 Bit    Registers := 3     
Module SyncBit__47 
Detailed RTL Component Info : 
+---Registers : 
	                1 Bit    Registers := 3     
Module SyncBit__48 
Detailed RTL Component Info : 
+---Registers : 
	                1 Bit    Registers := 3     
Module SyncBit__49 
Detailed RTL Component Info : 
+---Registers : 
	                1 Bit    Registers := 3     
Module SyncBit__50 
Detailed RTL Component Info : 
+---Registers : 
	                1 Bit    Registers := 3     
Module SyncBit__51 
Detailed RTL Component Info : 
+---Registers : 
	                1 Bit    Registers := 3     
Module SyncBit__52 
Detailed RTL Component Info : 
+---Registers : 
	                1 Bit    Registers := 3     
Module SyncBit__53 
Detailed RTL Component Info : 
+---Registers : 
	                1 Bit    Registers := 3     
Module SyncBit 
Detailed RTL Component Info : 
+---Registers : 
	                1 Bit    Registers := 3     
Module SyncHandshake__6 
Detailed RTL Component Info : 
+---Registers : 
	                1 Bit    Registers := 6     
Module SyncRegister__parameterized1 
Detailed RTL Component Info : 
+---Registers : 
	               15 Bit    Registers := 2     
Module SyncHandshake__8 
Detailed RTL Component Info : 
+---Registers : 
	                1 Bit    Registers := 6     
Module SyncRegister__parameterized2__1 
Detailed RTL Component Info : 
+---Registers : 
	                1 Bit    Registers := 2     
Module SyncHandshake__9 
Detailed RTL Component Info : 
+---Registers : 
	                1 Bit    Registers := 6     
Module SyncRegister__parameterized2__2 
Detailed RTL Component Info : 
+---Registers : 
	                1 Bit    Registers := 2     
Module SyncHandshake__10 
Detailed RTL Component Info : 
+---Registers : 
	                1 Bit    Registers := 6     
Module SyncRegister__parameterized2__3 
Detailed RTL Component Info : 
+---Registers : 
	                1 Bit    Registers := 2     
Module SyncHandshake__11 
Detailed RTL Component Info : 
+---Registers : 
	                1 Bit    Registers := 6     
Module SyncRegister__parameterized2__4 
Detailed RTL Component Info : 
+---Registers : 
	                1 Bit    Registers := 2     
Module SyncHandshake__12 
Detailed RTL Component Info : 
+---Registers : 
	                1 Bit    Registers := 6     
Module SyncRegister__parameterized2__5 
Detailed RTL Component Info : 
+---Registers : 
	                1 Bit    Registers := 2     
Module SyncHandshake__13 
Detailed RTL Component Info : 
+---Registers : 
	                1 Bit    Registers := 6     
Module SyncRegister__parameterized2__6 
Detailed RTL Component Info : 
+---Registers : 
	                1 Bit    Registers := 2     
Module SyncHandshake__14 
Detailed RTL Component Info : 
+---Registers : 
	                1 Bit    Registers := 6     
Module SyncRegister__parameterized2__7 
Detailed RTL Component Info : 
+---Registers : 
	                1 Bit    Registers := 2     
Module SyncHandshake__15 
Detailed RTL Component Info : 
+---Registers : 
	                1 Bit    Registers := 6     
Module SyncRegister__parameterized2__8 
Detailed RTL Component Info : 
+---Registers : 
	                1 Bit    Registers := 2     
Module SyncHandshake__16 
Detailed RTL Component Info : 
+---Registers : 
	                1 Bit    Registers := 6     
Module SyncRegister__parameterized2__9 
Detailed RTL Component Info : 
+---Registers : 
	                1 Bit    Registers := 2     
Module SyncHandshake__17 
Detailed RTL Component Info : 
+---Registers : 
	                1 Bit    Registers := 6     
Module SyncRegister__parameterized2__10 
Detailed RTL Component Info : 
+---Registers : 
	                1 Bit    Registers := 2     
Module SyncHandshake__18 
Detailed RTL Component Info : 
+---Registers : 
	                1 Bit    Registers := 6     
Module SyncRegister__parameterized2__11 
Detailed RTL Component Info : 
+---Registers : 
	                1 Bit    Registers := 2     
Module SyncHandshake__19 
Detailed RTL Component Info : 
+---Registers : 
	                1 Bit    Registers := 6     
Module SyncRegister__parameterized2__12 
Detailed RTL Component Info : 
+---Registers : 
	                1 Bit    Registers := 2     
Module SyncHandshake__20 
Detailed RTL Component Info : 
+---Registers : 
	                1 Bit    Registers := 6     
Module SyncRegister__parameterized2__13 
Detailed RTL Component Info : 
+---Registers : 
	                1 Bit    Registers := 2     
Module SyncHandshake__21 
Detailed RTL Component Info : 
+---Registers : 
	                1 Bit    Registers := 6     
Module SyncRegister__parameterized2__14 
Detailed RTL Component Info : 
+---Registers : 
	                1 Bit    Registers := 2     
Module SyncHandshake__22 
Detailed RTL Component Info : 
+---Registers : 
	                1 Bit    Registers := 6     
Module SyncRegister__parameterized2__15 
Detailed RTL Component Info : 
+---Registers : 
	                1 Bit    Registers := 2     
Module SyncHandshake__23 
Detailed RTL Component Info : 
+---Registers : 
	                1 Bit    Registers := 6     
Module SyncRegister__parameterized2__16 
Detailed RTL Component Info : 
+---Registers : 
	                1 Bit    Registers := 2     
Module SyncHandshake__24 
Detailed RTL Component Info : 
+---Registers : 
	                1 Bit    Registers := 6     
Module SyncRegister__parameterized2__17 
Detailed RTL Component Info : 
+---Registers : 
	                1 Bit    Registers := 2     
Module SyncHandshake__25 
Detailed RTL Component Info : 
+---Registers : 
	                1 Bit    Registers := 6     
Module SyncRegister__parameterized2__18 
Detailed RTL Component Info : 
+---Registers : 
	                1 Bit    Registers := 2     
Module SyncHandshake__26 
Detailed RTL Component Info : 
+---Registers : 
	                1 Bit    Registers := 6     
Module SyncRegister__parameterized2__19 
Detailed RTL Component Info : 
+---Registers : 
	                1 Bit    Registers := 2     
Module SyncHandshake__27 
Detailed RTL Component Info : 
+---Registers : 
	                1 Bit    Registers := 6     
Module SyncRegister__parameterized2__20 
Detailed RTL Component Info : 
+---Registers : 
	                1 Bit    Registers := 2     
Module SyncHandshake__28 
Detailed RTL Component Info : 
+---Registers : 
	                1 Bit    Registers := 6     
Module SyncRegister__parameterized2__21 
Detailed RTL Component Info : 
+---Registers : 
	                1 Bit    Registers := 2     
Module SyncHandshake__29 
Detailed RTL Component Info : 
+---Registers : 
	                1 Bit    Registers := 6     
Module SyncRegister__parameterized2__22 
Detailed RTL Component Info : 
+---Registers : 
	                1 Bit    Registers := 2     
Module SyncHandshake__30 
Detailed RTL Component Info : 
+---Registers : 
	                1 Bit    Registers := 6     
Module SyncRegister__parameterized2__23 
Detailed RTL Component Info : 
+---Registers : 
	                1 Bit    Registers := 2     
Module SyncHandshake__31 
Detailed RTL Component Info : 
+---Registers : 
	                1 Bit    Registers := 6     
Module SyncRegister__parameterized2__24 
Detailed RTL Component Info : 
+---Registers : 
	                1 Bit    Registers := 2     
Module SyncHandshake__32 
Detailed RTL Component Info : 
+---Registers : 
	                1 Bit    Registers := 6     
Module SyncRegister__parameterized2__25 
Detailed RTL Component Info : 
+---Registers : 
	                1 Bit    Registers := 2     
Module SyncHandshake__33 
Detailed RTL Component Info : 
+---Registers : 
	                1 Bit    Registers := 6     
Module SyncRegister__parameterized2__26 
Detailed RTL Component Info : 
+---Registers : 
	                1 Bit    Registers := 2     
Module SyncHandshake__34 
Detailed RTL Component Info : 
+---Registers : 
	                1 Bit    Registers := 6     
Module SyncRegister__parameterized2__27 
Detailed RTL Component Info : 
+---Registers : 
	                1 Bit    Registers := 2     
Module SyncHandshake__35 
Detailed RTL Component Info : 
+---Registers : 
	                1 Bit    Registers := 6     
Module SyncRegister__parameterized2__28 
Detailed RTL Component Info : 
+---Registers : 
	                1 Bit    Registers := 2     
Module SyncHandshake__36 
Detailed RTL Component Info : 
+---Registers : 
	                1 Bit    Registers := 6     
Module SyncRegister__parameterized2__29 
Detailed RTL Component Info : 
+---Registers : 
	                1 Bit    Registers := 2     
Module SyncHandshake__37 
Detailed RTL Component Info : 
+---Registers : 
	                1 Bit    Registers := 6     
Module SyncRegister__parameterized2__30 
Detailed RTL Component Info : 
+---Registers : 
	                1 Bit    Registers := 2     
Module SyncHandshake__38 
Detailed RTL Component Info : 
+---Registers : 
	                1 Bit    Registers := 6     
Module SyncRegister__parameterized2__31 
Detailed RTL Component Info : 
+---Registers : 
	                1 Bit    Registers := 2     
Module SyncHandshake__39 
Detailed RTL Component Info : 
+---Registers : 
	                1 Bit    Registers := 6     
Module SyncRegister__parameterized2__32 
Detailed RTL Component Info : 
+---Registers : 
	                1 Bit    Registers := 2     
Module SyncHandshake__40 
Detailed RTL Component Info : 
+---Registers : 
	                1 Bit    Registers := 6     
Module SyncRegister__parameterized2__33 
Detailed RTL Component Info : 
+---Registers : 
	                1 Bit    Registers := 2     
Module SyncHandshake__41 
Detailed RTL Component Info : 
+---Registers : 
	                1 Bit    Registers := 6     
Module SyncRegister__parameterized2__34 
Detailed RTL Component Info : 
+---Registers : 
	                1 Bit    Registers := 2     
Module SyncHandshake__42 
Detailed RTL Component Info : 
+---Registers : 
	                1 Bit    Registers := 6     
Module SyncRegister__parameterized2__35 
Detailed RTL Component Info : 
+---Registers : 
	                1 Bit    Registers := 2     
Module SyncHandshake__5 
Detailed RTL Component Info : 
+---Registers : 
	                1 Bit    Registers := 6     
Module SyncRegister__parameterized2 
Detailed RTL Component Info : 
+---Registers : 
	                1 Bit    Registers := 2     
Module FIFO2__parameterized3__101 
Detailed RTL Component Info : 
+---Registers : 
	               37 Bit    Registers := 2     
	                1 Bit    Registers := 2     
+---Muxes : 
	   2 Input      1 Bit        Muxes := 5     
Module FIFO2__parameterized4__51 
Detailed RTL Component Info : 
+---Registers : 
	               34 Bit    Registers := 2     
	                1 Bit    Registers := 2     
+---Muxes : 
	   2 Input      1 Bit        Muxes := 5     
Module FIFO2__parameterized3__102 
Detailed RTL Component Info : 
+---Registers : 
	               37 Bit    Registers := 2     
	                1 Bit    Registers := 2     
+---Muxes : 
	   2 Input      1 Bit        Muxes := 5     
Module FIFO2__parameterized5__54 
Detailed RTL Component Info : 
+---Registers : 
	               36 Bit    Registers := 2     
	                1 Bit    Registers := 2     
+---Muxes : 
	   2 Input      1 Bit        Muxes := 5     
Module FIFO2__parameterized6__55 
Detailed RTL Component Info : 
+---Registers : 
	                2 Bit    Registers := 2     
	                1 Bit    Registers := 2     
+---Muxes : 
	   2 Input      1 Bit        Muxes := 5     
Module mkpwm 
Detailed RTL Component Info : 
+---Adders : 
	   2 Input     32 Bit       Adders := 24    
+---Registers : 
	               32 Bit    Registers := 18    
	               16 Bit    Registers := 6     
	               15 Bit    Registers := 3     
	                1 Bit    Registers := 80    
+---Muxes : 
	   2 Input     32 Bit        Muxes := 13    
	   2 Input      2 Bit        Muxes := 2     
	   2 Input      1 Bit        Muxes := 34    
Module mkpwm_cluster 
Detailed RTL Component Info : 
+---Muxes : 
	   2 Input     34 Bit        Muxes := 1     
	   2 Input      2 Bit        Muxes := 1     
	   2 Input      1 Bit        Muxes := 2     
Module FIFO2__parameterized4__59 
Detailed RTL Component Info : 
+---Registers : 
	               34 Bit    Registers := 2     
	                1 Bit    Registers := 2     
+---Muxes : 
	   2 Input      1 Bit        Muxes := 5     
Module FIFO2__parameterized2__5 
Detailed RTL Component Info : 
+---Registers : 
	                6 Bit    Registers := 2     
	                1 Bit    Registers := 2     
+---Muxes : 
	   2 Input      1 Bit        Muxes := 5     
Module FIFO2__parameterized1__6 
Detailed RTL Component Info : 
+---Registers : 
	               41 Bit    Registers := 2     
	                1 Bit    Registers := 2     
+---Muxes : 
	   2 Input      1 Bit        Muxes := 5     
Module FIFO2__12 
Detailed RTL Component Info : 
+---Registers : 
	               52 Bit    Registers := 2     
	                1 Bit    Registers := 2     
+---Muxes : 
	   2 Input      1 Bit        Muxes := 5     
Module FIFO2__parameterized0__3 
Detailed RTL Component Info : 
+---Registers : 
	               39 Bit    Registers := 2     
	                1 Bit    Registers := 2     
+---Muxes : 
	   2 Input      1 Bit        Muxes := 5     
Module FIFO2__13 
Detailed RTL Component Info : 
+---Registers : 
	               52 Bit    Registers := 2     
	                1 Bit    Registers := 2     
+---Muxes : 
	   2 Input      1 Bit        Muxes := 5     
Module FIFO2__parameterized2__6 
Detailed RTL Component Info : 
+---Registers : 
	                6 Bit    Registers := 2     
	                1 Bit    Registers := 2     
+---Muxes : 
	   2 Input      1 Bit        Muxes := 5     
Module FIFO2__parameterized0__4 
Detailed RTL Component Info : 
+---Registers : 
	               39 Bit    Registers := 2     
	                1 Bit    Registers := 2     
+---Muxes : 
	   2 Input      1 Bit        Muxes := 5     
Module FIFO2__14 
Detailed RTL Component Info : 
+---Registers : 
	               52 Bit    Registers := 2     
	                1 Bit    Registers := 2     
+---Muxes : 
	   2 Input      1 Bit        Muxes := 5     
Module FIFO2__parameterized2__7 
Detailed RTL Component Info : 
+---Registers : 
	                6 Bit    Registers := 2     
	                1 Bit    Registers := 2     
+---Muxes : 
	   2 Input      1 Bit        Muxes := 5     
Module FIFO2__parameterized1__7 
Detailed RTL Component Info : 
+---Registers : 
	               41 Bit    Registers := 2     
	                1 Bit    Registers := 2     
+---Muxes : 
	   2 Input      1 Bit        Muxes := 5     
Module FIFO2__15 
Detailed RTL Component Info : 
+---Registers : 
	               52 Bit    Registers := 2     
	                1 Bit    Registers := 2     
+---Muxes : 
	   2 Input      1 Bit        Muxes := 5     
Module FIFO2__parameterized0__5 
Detailed RTL Component Info : 
+---Registers : 
	               39 Bit    Registers := 2     
	                1 Bit    Registers := 2     
+---Muxes : 
	   2 Input      1 Bit        Muxes := 5     
Module FIFO2__16 
Detailed RTL Component Info : 
+---Registers : 
	               52 Bit    Registers := 2     
	                1 Bit    Registers := 2     
+---Muxes : 
	   2 Input      1 Bit        Muxes := 5     
Module FIFO2__parameterized1__8 
Detailed RTL Component Info : 
+---Registers : 
	               41 Bit    Registers := 2     
	                1 Bit    Registers := 2     
+---Muxes : 
	   2 Input      1 Bit        Muxes := 5     
Module FIFO2__parameterized0__6 
Detailed RTL Component Info : 
+---Registers : 
	               39 Bit    Registers := 2     
	                1 Bit    Registers := 2     
+---Muxes : 
	   2 Input      1 Bit        Muxes := 5     
Module FIFO2__17 
Detailed RTL Component Info : 
+---Registers : 
	               52 Bit    Registers := 2     
	                1 Bit    Registers := 2     
+---Muxes : 
	   2 Input      1 Bit        Muxes := 5     
Module FIFO2__parameterized2__8 
Detailed RTL Component Info : 
+---Registers : 
	                6 Bit    Registers := 2     
	                1 Bit    Registers := 2     
+---Muxes : 
	   2 Input      1 Bit        Muxes := 5     
Module FIFO2__parameterized1__9 
Detailed RTL Component Info : 
+---Registers : 
	               41 Bit    Registers := 2     
	                1 Bit    Registers := 2     
+---Muxes : 
	   2 Input      1 Bit        Muxes := 5     
Module FIFO2__18 
Detailed RTL Component Info : 
+---Registers : 
	               52 Bit    Registers := 2     
	                1 Bit    Registers := 2     
+---Muxes : 
	   2 Input      1 Bit        Muxes := 5     
Module FIFO2__parameterized0__7 
Detailed RTL Component Info : 
+---Registers : 
	               39 Bit    Registers := 2     
	                1 Bit    Registers := 2     
+---Muxes : 
	   2 Input      1 Bit        Muxes := 5     
Module FIFO2__19 
Detailed RTL Component Info : 
+---Registers : 
	               52 Bit    Registers := 2     
	                1 Bit    Registers := 2     
+---Muxes : 
	   2 Input      1 Bit        Muxes := 5     
Module FIFO2__parameterized2__9 
Detailed RTL Component Info : 
+---Registers : 
	                6 Bit    Registers := 2     
	                1 Bit    Registers := 2     
+---Muxes : 
	   2 Input      1 Bit        Muxes := 5     
Module FIFO2__parameterized0__8 
Detailed RTL Component Info : 
+---Registers : 
	               39 Bit    Registers := 2     
	                1 Bit    Registers := 2     
+---Muxes : 
	   2 Input      1 Bit        Muxes := 5     
Module FIFO2__parameterized2__10 
Detailed RTL Component Info : 
+---Registers : 
	                6 Bit    Registers := 2     
	                1 Bit    Registers := 2     
+---Muxes : 
	   2 Input      1 Bit        Muxes := 5     
Module FIFO2__parameterized1__10 
Detailed RTL Component Info : 
+---Registers : 
	               41 Bit    Registers := 2     
	                1 Bit    Registers := 2     
+---Muxes : 
	   2 Input      1 Bit        Muxes := 5     
Module FIFO2__20 
Detailed RTL Component Info : 
+---Registers : 
	               52 Bit    Registers := 2     
	                1 Bit    Registers := 2     
+---Muxes : 
	   2 Input      1 Bit        Muxes := 5     
Module FIFO2__parameterized0__9 
Detailed RTL Component Info : 
+---Registers : 
	               39 Bit    Registers := 2     
	                1 Bit    Registers := 2     
+---Muxes : 
	   2 Input      1 Bit        Muxes := 5     
Module FIFO2__21 
Detailed RTL Component Info : 
+---Registers : 
	               52 Bit    Registers := 2     
	                1 Bit    Registers := 2     
+---Muxes : 
	   2 Input      1 Bit        Muxes := 5     
Module FIFO2__parameterized2__11 
Detailed RTL Component Info : 
+---Registers : 
	                6 Bit    Registers := 2     
	                1 Bit    Registers := 2     
+---Muxes : 
	   2 Input      1 Bit        Muxes := 5     
Module FIFO2__parameterized0__10 
Detailed RTL Component Info : 
+---Registers : 
	               39 Bit    Registers := 2     
	                1 Bit    Registers := 2     
+---Muxes : 
	   2 Input      1 Bit        Muxes := 5     
Module FIFO2__parameterized2__12 
Detailed RTL Component Info : 
+---Registers : 
	                6 Bit    Registers := 2     
	                1 Bit    Registers := 2     
+---Muxes : 
	   2 Input      1 Bit        Muxes := 5     
Module FIFO2__parameterized1__11 
Detailed RTL Component Info : 
+---Registers : 
	               41 Bit    Registers := 2     
	                1 Bit    Registers := 2     
+---Muxes : 
	   2 Input      1 Bit        Muxes := 5     
Module FIFO2__22 
Detailed RTL Component Info : 
+---Registers : 
	               52 Bit    Registers := 2     
	                1 Bit    Registers := 2     
+---Muxes : 
	   2 Input      1 Bit        Muxes := 5     
Module FIFO2__parameterized0__11 
Detailed RTL Component Info : 
+---Registers : 
	               39 Bit    Registers := 2     
	                1 Bit    Registers := 2     
+---Muxes : 
	   2 Input      1 Bit        Muxes := 5     
Module FIFO2__23 
Detailed RTL Component Info : 
+---Registers : 
	               52 Bit    Registers := 2     
	                1 Bit    Registers := 2     
+---Muxes : 
	   2 Input      1 Bit        Muxes := 5     
Module FIFO2__parameterized2__13 
Detailed RTL Component Info : 
+---Registers : 
	                6 Bit    Registers := 2     
	                1 Bit    Registers := 2     
+---Muxes : 
	   2 Input      1 Bit        Muxes := 5     
Module FIFO2__parameterized1__12 
Detailed RTL Component Info : 
+---Registers : 
	               41 Bit    Registers := 2     
	                1 Bit    Registers := 2     
+---Muxes : 
	   2 Input      1 Bit        Muxes := 5     
Module FIFO2__24 
Detailed RTL Component Info : 
+---Registers : 
	               52 Bit    Registers := 2     
	                1 Bit    Registers := 2     
+---Muxes : 
	   2 Input      1 Bit        Muxes := 5     
Module FIFO2__parameterized0__12 
Detailed RTL Component Info : 
+---Registers : 
	               39 Bit    Registers := 2     
	                1 Bit    Registers := 2     
+---Muxes : 
	   2 Input      1 Bit        Muxes := 5     
Module FIFO2__25 
Detailed RTL Component Info : 
+---Registers : 
	               52 Bit    Registers := 2     
	                1 Bit    Registers := 2     
+---Muxes : 
	   2 Input      1 Bit        Muxes := 5     
Module FIFO2__parameterized2__14 
Detailed RTL Component Info : 
+---Registers : 
	                6 Bit    Registers := 2     
	                1 Bit    Registers := 2     
+---Muxes : 
	   2 Input      1 Bit        Muxes := 5     
Module FIFO2__parameterized1__13 
Detailed RTL Component Info : 
+---Registers : 
	               41 Bit    Registers := 2     
	                1 Bit    Registers := 2     
+---Muxes : 
	   2 Input      1 Bit        Muxes := 5     
Module FIFO2__26 
Detailed RTL Component Info : 
+---Registers : 
	               52 Bit    Registers := 2     
	                1 Bit    Registers := 2     
+---Muxes : 
	   2 Input      1 Bit        Muxes := 5     
Module FIFO2__parameterized0__13 
Detailed RTL Component Info : 
+---Registers : 
	               39 Bit    Registers := 2     
	                1 Bit    Registers := 2     
+---Muxes : 
	   2 Input      1 Bit        Muxes := 5     
Module FIFO2__27 
Detailed RTL Component Info : 
+---Registers : 
	               52 Bit    Registers := 2     
	                1 Bit    Registers := 2     
+---Muxes : 
	   2 Input      1 Bit        Muxes := 5     
Module FIFO2__parameterized24__27 
Detailed RTL Component Info : 
+---Registers : 
	                3 Bit    Registers := 2     
	                1 Bit    Registers := 2     
+---Muxes : 
	   2 Input      1 Bit        Muxes := 5     
Module FIFO2__parameterized24__28 
Detailed RTL Component Info : 
+---Registers : 
	                3 Bit    Registers := 2     
	                1 Bit    Registers := 2     
+---Muxes : 
	   2 Input      1 Bit        Muxes := 5     
Module FIFO2__parameterized24__29 
Detailed RTL Component Info : 
+---Registers : 
	                3 Bit    Registers := 2     
	                1 Bit    Registers := 2     
+---Muxes : 
	   2 Input      1 Bit        Muxes := 5     
Module FIFO2__parameterized24__30 
Detailed RTL Component Info : 
+---Registers : 
	                3 Bit    Registers := 2     
	                1 Bit    Registers := 2     
+---Muxes : 
	   2 Input      1 Bit        Muxes := 5     
Module FIFO2__parameterized24__31 
Detailed RTL Component Info : 
+---Registers : 
	                3 Bit    Registers := 2     
	                1 Bit    Registers := 2     
+---Muxes : 
	   2 Input      1 Bit        Muxes := 5     
Module FIFO2__parameterized24__32 
Detailed RTL Component Info : 
+---Registers : 
	                3 Bit    Registers := 2     
	                1 Bit    Registers := 2     
+---Muxes : 
	   2 Input      1 Bit        Muxes := 5     
Module FIFO2__parameterized24__33 
Detailed RTL Component Info : 
+---Registers : 
	                3 Bit    Registers := 2     
	                1 Bit    Registers := 2     
+---Muxes : 
	   2 Input      1 Bit        Muxes := 5     
Module FIFO2__parameterized24__34 
Detailed RTL Component Info : 
+---Registers : 
	                3 Bit    Registers := 2     
	                1 Bit    Registers := 2     
+---Muxes : 
	   2 Input      1 Bit        Muxes := 5     
Module FIFO2__parameterized24__35 
Detailed RTL Component Info : 
+---Registers : 
	                3 Bit    Registers := 2     
	                1 Bit    Registers := 2     
+---Muxes : 
	   2 Input      1 Bit        Muxes := 5     
Module FIFO2__parameterized24__36 
Detailed RTL Component Info : 
+---Registers : 
	                3 Bit    Registers := 2     
	                1 Bit    Registers := 2     
+---Muxes : 
	   2 Input      1 Bit        Muxes := 5     
Module FIFO2__parameterized24 
Detailed RTL Component Info : 
+---Registers : 
	                3 Bit    Registers := 2     
	                1 Bit    Registers := 2     
+---Muxes : 
	   2 Input      1 Bit        Muxes := 5     
Module FIFO2__parameterized2__15 
Detailed RTL Component Info : 
+---Registers : 
	                6 Bit    Registers := 2     
	                1 Bit    Registers := 2     
+---Muxes : 
	   2 Input      1 Bit        Muxes := 5     
Module FIFO2__parameterized1__14 
Detailed RTL Component Info : 
+---Registers : 
	               41 Bit    Registers := 2     
	                1 Bit    Registers := 2     
+---Muxes : 
	   2 Input      1 Bit        Muxes := 5     
Module FIFO2__28 
Detailed RTL Component Info : 
+---Registers : 
	               52 Bit    Registers := 2     
	                1 Bit    Registers := 2     
+---Muxes : 
	   2 Input      1 Bit        Muxes := 5     
Module FIFO2__parameterized0__14 
Detailed RTL Component Info : 
+---Registers : 
	               39 Bit    Registers := 2     
	                1 Bit    Registers := 2     
+---Muxes : 
	   2 Input      1 Bit        Muxes := 5     
Module FIFO2__29 
Detailed RTL Component Info : 
+---Registers : 
	               52 Bit    Registers := 2     
	                1 Bit    Registers := 2     
+---Muxes : 
	   2 Input      1 Bit        Muxes := 5     
Module FIFO2__parameterized4__60 
Detailed RTL Component Info : 
+---Registers : 
	               34 Bit    Registers := 2     
	                1 Bit    Registers := 2     
+---Muxes : 
	   2 Input      1 Bit        Muxes := 5     
Module FIFO2__parameterized1__15 
Detailed RTL Component Info : 
+---Registers : 
	               41 Bit    Registers := 2     
	                1 Bit    Registers := 2     
+---Muxes : 
	   2 Input      1 Bit        Muxes := 5     
Module FIFO2__parameterized0__15 
Detailed RTL Component Info : 
+---Registers : 
	               39 Bit    Registers := 2     
	                1 Bit    Registers := 2     
+---Muxes : 
	   2 Input      1 Bit        Muxes := 5     
Module FIFO2__30 
Detailed RTL Component Info : 
+---Registers : 
	               52 Bit    Registers := 2     
	                1 Bit    Registers := 2     
+---Muxes : 
	   2 Input      1 Bit        Muxes := 5     
Module FIFO2__parameterized2__16 
Detailed RTL Component Info : 
+---Registers : 
	                6 Bit    Registers := 2     
	                1 Bit    Registers := 2     
+---Muxes : 
	   2 Input      1 Bit        Muxes := 5     
Module FIFO2__parameterized1__16 
Detailed RTL Component Info : 
+---Registers : 
	               41 Bit    Registers := 2     
	                1 Bit    Registers := 2     
+---Muxes : 
	   2 Input      1 Bit        Muxes := 5     
Module FIFO2__31 
Detailed RTL Component Info : 
+---Registers : 
	               52 Bit    Registers := 2     
	                1 Bit    Registers := 2     
+---Muxes : 
	   2 Input      1 Bit        Muxes := 5     
Module FIFO2__parameterized0__16 
Detailed RTL Component Info : 
+---Registers : 
	               39 Bit    Registers := 2     
	                1 Bit    Registers := 2     
+---Muxes : 
	   2 Input      1 Bit        Muxes := 5     
Module FIFO2__32 
Detailed RTL Component Info : 
+---Registers : 
	               52 Bit    Registers := 2     
	                1 Bit    Registers := 2     
+---Muxes : 
	   2 Input      1 Bit        Muxes := 5     
Module BRAM2BELoad 
Detailed RTL Component Info : 
+---Registers : 
	                8 Bit    Registers := 8     
+---RAMs : 
	              64K Bit         RAMs := 1     
+---Muxes : 
	   2 Input     32 Bit        Muxes := 14    
	   2 Input      8 Bit        Muxes := 10    
Module FIFO2__parameterized6 
Detailed RTL Component Info : 
+---Registers : 
	                2 Bit    Registers := 2     
	                1 Bit    Registers := 2     
+---Muxes : 
	   2 Input      1 Bit        Muxes := 5     
Module FIFO2__parameterized5__70 
Detailed RTL Component Info : 
+---Registers : 
	               36 Bit    Registers := 2     
	                1 Bit    Registers := 2     
+---Muxes : 
	   2 Input      1 Bit        Muxes := 5     
Module FIFO2__parameterized3__119 
Detailed RTL Component Info : 
+---Registers : 
	               37 Bit    Registers := 2     
	                1 Bit    Registers := 2     
+---Muxes : 
	   2 Input      1 Bit        Muxes := 5     
Module FIFO2__parameterized4 
Detailed RTL Component Info : 
+---Registers : 
	               34 Bit    Registers := 2     
	                1 Bit    Registers := 2     
+---Muxes : 
	   2 Input      1 Bit        Muxes := 5     
Module FIFO2__parameterized3__120 
Detailed RTL Component Info : 
+---Registers : 
	               37 Bit    Registers := 2     
	                1 Bit    Registers := 2     
+---Muxes : 
	   2 Input      1 Bit        Muxes := 5     
Module FIFO2__parameterized5__71 
Detailed RTL Component Info : 
+---Registers : 
	               36 Bit    Registers := 2     
	                1 Bit    Registers := 2     
+---Muxes : 
	   2 Input      1 Bit        Muxes := 5     
Module FIFO2__parameterized3__121 
Detailed RTL Component Info : 
+---Registers : 
	               37 Bit    Registers := 2     
	                1 Bit    Registers := 2     
+---Muxes : 
	   2 Input      1 Bit        Muxes := 5     
Module FIFO2__parameterized3__122 
Detailed RTL Component Info : 
+---Registers : 
	               37 Bit    Registers := 2     
	                1 Bit    Registers := 2     
+---Muxes : 
	   2 Input      1 Bit        Muxes := 5     
Module FIFO2__parameterized5 
Detailed RTL Component Info : 
+---Registers : 
	               36 Bit    Registers := 2     
	                1 Bit    Registers := 2     
+---Muxes : 
	   2 Input      1 Bit        Muxes := 5     
Module FIFO2__parameterized3__123 
Detailed RTL Component Info : 
+---Registers : 
	               37 Bit    Registers := 2     
	                1 Bit    Registers := 2     
+---Muxes : 
	   2 Input      1 Bit        Muxes := 5     
Module FIFO2__parameterized3 
Detailed RTL Component Info : 
+---Registers : 
	               37 Bit    Registers := 2     
	                1 Bit    Registers := 2     
+---Muxes : 
	   2 Input      1 Bit        Muxes := 5     
Module FIFO2__parameterized2__18 
Detailed RTL Component Info : 
+---Registers : 
	                6 Bit    Registers := 2     
	                1 Bit    Registers := 2     
+---Muxes : 
	   2 Input      1 Bit        Muxes := 5     
Module FIFO2__parameterized1__18 
Detailed RTL Component Info : 
+---Registers : 
	               41 Bit    Registers := 2     
	                1 Bit    Registers := 2     
+---Muxes : 
	   2 Input      1 Bit        Muxes := 5     
Module FIFO2__35 
Detailed RTL Component Info : 
+---Registers : 
	               52 Bit    Registers := 2     
	                1 Bit    Registers := 2     
+---Muxes : 
	   2 Input      1 Bit        Muxes := 5     
Module FIFO2__parameterized0__18 
Detailed RTL Component Info : 
+---Registers : 
	               39 Bit    Registers := 2     
	                1 Bit    Registers := 2     
+---Muxes : 
	   2 Input      1 Bit        Muxes := 5     
Module FIFO2__36 
Detailed RTL Component Info : 
+---Registers : 
	               52 Bit    Registers := 2     
	                1 Bit    Registers := 2     
+---Muxes : 
	   2 Input      1 Bit        Muxes := 5     
Module FIFO20 
Detailed RTL Component Info : 
+---Registers : 
	                1 Bit    Registers := 2     
+---Muxes : 
	   2 Input      1 Bit        Muxes := 5     
Module FIFO2__parameterized5__62 
Detailed RTL Component Info : 
+---Registers : 
	               36 Bit    Registers := 2     
	                1 Bit    Registers := 2     
+---Muxes : 
	   2 Input      1 Bit        Muxes := 5     
Module FIFO2__parameterized5__63 
Detailed RTL Component Info : 
+---Registers : 
	               36 Bit    Registers := 2     
	                1 Bit    Registers := 2     
+---Muxes : 
	   2 Input      1 Bit        Muxes := 5     
Module FIFO2__parameterized5__64 
Detailed RTL Component Info : 
+---Registers : 
	               36 Bit    Registers := 2     
	                1 Bit    Registers := 2     
+---Muxes : 
	   2 Input      1 Bit        Muxes := 5     
Module FIFO2__parameterized5__65 
Detailed RTL Component Info : 
+---Registers : 
	               36 Bit    Registers := 2     
	                1 Bit    Registers := 2     
+---Muxes : 
	   2 Input      1 Bit        Muxes := 5     
Module FIFO2__parameterized5__66 
Detailed RTL Component Info : 
+---Registers : 
	               36 Bit    Registers := 2     
	                1 Bit    Registers := 2     
+---Muxes : 
	   2 Input      1 Bit        Muxes := 5     
Module FIFO2__parameterized5__67 
Detailed RTL Component Info : 
+---Registers : 
	               36 Bit    Registers := 2     
	                1 Bit    Registers := 2     
+---Muxes : 
	   2 Input      1 Bit        Muxes := 5     
Module FIFO2__parameterized5__68 
Detailed RTL Component Info : 
+---Registers : 
	               36 Bit    Registers := 2     
	                1 Bit    Registers := 2     
+---Muxes : 
	   2 Input      1 Bit        Muxes := 5     
Module FIFO2__33 
Detailed RTL Component Info : 
+---Registers : 
	               52 Bit    Registers := 2     
	                1 Bit    Registers := 2     
+---Muxes : 
	   2 Input      1 Bit        Muxes := 5     
Module FIFO2__parameterized0__17 
Detailed RTL Component Info : 
+---Registers : 
	               39 Bit    Registers := 2     
	                1 Bit    Registers := 2     
+---Muxes : 
	   2 Input      1 Bit        Muxes := 5     
Module FIFO2__34 
Detailed RTL Component Info : 
+---Registers : 
	               52 Bit    Registers := 2     
	                1 Bit    Registers := 2     
+---Muxes : 
	   2 Input      1 Bit        Muxes := 5     
Module FIFO2__parameterized1__17 
Detailed RTL Component Info : 
+---Registers : 
	               41 Bit    Registers := 2     
	                1 Bit    Registers := 2     
+---Muxes : 
	   2 Input      1 Bit        Muxes := 5     
Module FIFO2__parameterized2__17 
Detailed RTL Component Info : 
+---Registers : 
	                6 Bit    Registers := 2     
	                1 Bit    Registers := 2     
+---Muxes : 
	   2 Input      1 Bit        Muxes := 5     
Module FIFO2__parameterized23__1 
Detailed RTL Component Info : 
+---Registers : 
	               32 Bit    Registers := 2     
	                1 Bit    Registers := 2     
+---Muxes : 
	   2 Input      1 Bit        Muxes := 5     
Module FIFO2__parameterized23__2 
Detailed RTL Component Info : 
+---Registers : 
	               32 Bit    Registers := 2     
	                1 Bit    Registers := 2     
+---Muxes : 
	   2 Input      1 Bit        Muxes := 5     
Module FIFO2__parameterized23__3 
Detailed RTL Component Info : 
+---Registers : 
	               32 Bit    Registers := 2     
	                1 Bit    Registers := 2     
+---Muxes : 
	   2 Input      1 Bit        Muxes := 5     
Module FIFO2__parameterized23__4 
Detailed RTL Component Info : 
+---Registers : 
	               32 Bit    Registers := 2     
	                1 Bit    Registers := 2     
+---Muxes : 
	   2 Input      1 Bit        Muxes := 5     
Module FIFO2__parameterized23__5 
Detailed RTL Component Info : 
+---Registers : 
	               32 Bit    Registers := 2     
	                1 Bit    Registers := 2     
+---Muxes : 
	   2 Input      1 Bit        Muxes := 5     
Module FIFO2__parameterized23__6 
Detailed RTL Component Info : 
+---Registers : 
	               32 Bit    Registers := 2     
	                1 Bit    Registers := 2     
+---Muxes : 
	   2 Input      1 Bit        Muxes := 5     
Module FIFO2__parameterized23 
Detailed RTL Component Info : 
+---Registers : 
	               32 Bit    Registers := 2     
	                1 Bit    Registers := 2     
+---Muxes : 
	   2 Input      1 Bit        Muxes := 5     
Module FIFO2__parameterized3__117 
Detailed RTL Component Info : 
+---Registers : 
	               37 Bit    Registers := 2     
	                1 Bit    Registers := 2     
+---Muxes : 
	   2 Input      1 Bit        Muxes := 5     
Module FIFO2__parameterized4__61 
Detailed RTL Component Info : 
+---Registers : 
	               34 Bit    Registers := 2     
	                1 Bit    Registers := 2     
+---Muxes : 
	   2 Input      1 Bit        Muxes := 5     
Module FIFO2__parameterized3__118 
Detailed RTL Component Info : 
+---Registers : 
	               37 Bit    Registers := 2     
	                1 Bit    Registers := 2     
+---Muxes : 
	   2 Input      1 Bit        Muxes := 5     
Module FIFO2__parameterized5__69 
Detailed RTL Component Info : 
+---Registers : 
	               36 Bit    Registers := 2     
	                1 Bit    Registers := 2     
+---Muxes : 
	   2 Input      1 Bit        Muxes := 5     
Module FIFO2__parameterized6__65 
Detailed RTL Component Info : 
+---Registers : 
	                2 Bit    Registers := 2     
	                1 Bit    Registers := 2     
+---Muxes : 
	   2 Input      1 Bit        Muxes := 5     
Module mkdma 
Detailed RTL Component Info : 
+---Adders : 
	   3 Input     17 Bit       Adders := 7     
	   2 Input     16 Bit       Adders := 14    
	   2 Input      9 Bit       Adders := 7     
	   2 Input      8 Bit       Adders := 1     
+---Registers : 
	               35 Bit    Registers := 1     
	               34 Bit    Registers := 1     
	               32 Bit    Registers := 28    
	               16 Bit    Registers := 28    
	                8 Bit    Registers := 1     
	                4 Bit    Registers := 23    
	                2 Bit    Registers := 9     
	                1 Bit    Registers := 22    
+---Muxes : 
	   2 Input     34 Bit        Muxes := 3     
	   3 Input     34 Bit        Muxes := 1     
	   2 Input     32 Bit        Muxes := 40    
	   2 Input     16 Bit        Muxes := 91    
	   4 Input     16 Bit        Muxes := 7     
	   2 Input      8 Bit        Muxes := 7     
	   2 Input      4 Bit        Muxes := 40    
	   7 Input      3 Bit        Muxes := 1     
	   2 Input      3 Bit        Muxes := 13    
	   3 Input      2 Bit        Muxes := 8     
	   2 Input      2 Bit        Muxes := 32    
	   2 Input      1 Bit        Muxes := 37    
Module mkSoc 
Detailed RTL Component Info : 
+---Adders : 
	   2 Input     32 Bit       Adders := 4     
	   2 Input     13 Bit       Adders := 4     
	   2 Input      9 Bit       Adders := 1     
	   2 Input      8 Bit       Adders := 7     
	   2 Input      3 Bit       Adders := 4     
+---Registers : 
	               64 Bit    Registers := 1     
	               52 Bit    Registers := 6     
	                9 Bit    Registers := 1     
	                8 Bit    Registers := 13    
	                6 Bit    Registers := 1     
	                4 Bit    Registers := 1     
	                2 Bit    Registers := 1     
	                1 Bit    Registers := 9     
+---Muxes : 
	   2 Input     64 Bit        Muxes := 2     
	   4 Input     64 Bit        Muxes := 1     
	   3 Input     52 Bit        Muxes := 4     
	   2 Input     52 Bit        Muxes := 4     
	   2 Input     39 Bit        Muxes := 1     
	   2 Input     37 Bit        Muxes := 2     
	   2 Input     36 Bit        Muxes := 1     
	   2 Input     32 Bit        Muxes := 17    
	   4 Input     32 Bit        Muxes := 2     
	   2 Input     11 Bit        Muxes := 2     
	   2 Input      8 Bit        Muxes := 8     
	   2 Input      6 Bit        Muxes := 2     
	   2 Input      4 Bit        Muxes := 1     
	   8 Input      3 Bit        Muxes := 14    
	   2 Input      3 Bit        Muxes := 4     
	   4 Input      3 Bit        Muxes := 4     
	   5 Input      3 Bit        Muxes := 21    
	   3 Input      2 Bit        Muxes := 1     
	   2 Input      2 Bit        Muxes := 10    
	   2 Input      1 Bit        Muxes := 4     
Module MakeReset0__1 
Detailed RTL Component Info : 
+---Registers : 
	                1 Bit    Registers := 1     
Module FIFO2__37 
Detailed RTL Component Info : 
+---Registers : 
	               52 Bit    Registers := 2     
	                1 Bit    Registers := 2     
+---Muxes : 
	   2 Input      1 Bit        Muxes := 5     
Module FIFO2__parameterized0__19 
Detailed RTL Component Info : 
+---Registers : 
	               39 Bit    Registers := 2     
	                1 Bit    Registers := 2     
+---Muxes : 
	   2 Input      1 Bit        Muxes := 5     
Module FIFO2__38 
Detailed RTL Component Info : 
+---Registers : 
	               52 Bit    Registers := 2     
	                1 Bit    Registers := 2     
+---Muxes : 
	   2 Input      1 Bit        Muxes := 5     
Module FIFO2__parameterized1__19 
Detailed RTL Component Info : 
+---Registers : 
	               41 Bit    Registers := 2     
	                1 Bit    Registers := 2     
+---Muxes : 
	   2 Input      1 Bit        Muxes := 5     
Module FIFO2__parameterized2__19 
Detailed RTL Component Info : 
+---Registers : 
	                6 Bit    Registers := 2     
	                1 Bit    Registers := 2     
+---Muxes : 
	   2 Input      1 Bit        Muxes := 5     
Module FIFO2__39 
Detailed RTL Component Info : 
+---Registers : 
	               52 Bit    Registers := 2     
	                1 Bit    Registers := 2     
+---Muxes : 
	   2 Input      1 Bit        Muxes := 5     
Module FIFO2__parameterized0 
Detailed RTL Component Info : 
+---Registers : 
	               39 Bit    Registers := 2     
	                1 Bit    Registers := 2     
+---Muxes : 
	   2 Input      1 Bit        Muxes := 5     
Module FIFO2 
Detailed RTL Component Info : 
+---Registers : 
	               52 Bit    Registers := 2     
	                1 Bit    Registers := 2     
+---Muxes : 
	   2 Input      1 Bit        Muxes := 5     
Module FIFO2__parameterized1 
Detailed RTL Component Info : 
+---Registers : 
	               41 Bit    Registers := 2     
	                1 Bit    Registers := 2     
+---Muxes : 
	   2 Input      1 Bit        Muxes := 5     
Module FIFO2__parameterized2 
Detailed RTL Component Info : 
+---Registers : 
	                6 Bit    Registers := 2     
	                1 Bit    Registers := 2     
+---Muxes : 
	   2 Input      1 Bit        Muxes := 5     
Module mk_debug 
Detailed RTL Component Info : 
+---Adders : 
	   2 Input     32 Bit       Adders := 1     
	   2 Input     16 Bit       Adders := 1     
	   2 Input      7 Bit       Adders := 2     
	   2 Input      6 Bit       Adders := 2     
	   2 Input      3 Bit       Adders := 1     
+---Registers : 
	               35 Bit    Registers := 1     
	               32 Bit    Registers := 36    
	               24 Bit    Registers := 1     
	               16 Bit    Registers := 1     
	               12 Bit    Registers := 1     
	                8 Bit    Registers := 2     
	                4 Bit    Registers := 1     
	                3 Bit    Registers := 3     
	                1 Bit    Registers := 32    
+---Muxes : 
	   2 Input     35 Bit        Muxes := 1     
	   3 Input     34 Bit        Muxes := 1     
	   4 Input     32 Bit        Muxes := 2     
	   2 Input     32 Bit        Muxes := 69    
	  15 Input     32 Bit        Muxes := 1     
	  23 Input     32 Bit        Muxes := 1     
	   3 Input     32 Bit        Muxes := 1     
	   2 Input     27 Bit        Muxes := 1     
	   3 Input     24 Bit        Muxes := 1     
	   2 Input     24 Bit        Muxes := 1     
	   2 Input     23 Bit        Muxes := 1     
	   2 Input     21 Bit        Muxes := 1     
	   2 Input      8 Bit        Muxes := 1     
	  15 Input      4 Bit        Muxes := 1     
	   4 Input      4 Bit        Muxes := 1     
	   2 Input      4 Bit        Muxes := 1     
	   5 Input      3 Bit        Muxes := 1     
	   2 Input      3 Bit        Muxes := 5     
	   2 Input      2 Bit        Muxes := 5     
	   3 Input      2 Bit        Muxes := 1     
	   2 Input      1 Bit        Muxes := 3     
Module MakeReset0__2 
Detailed RTL Component Info : 
+---Registers : 
	                1 Bit    Registers := 1     
Module FIFO1 
Detailed RTL Component Info : 
+---Registers : 
	               40 Bit    Registers := 1     
	                1 Bit    Registers := 1     
+---Muxes : 
	   2 Input      1 Bit        Muxes := 2     
Module FIFO1__parameterized0 
Detailed RTL Component Info : 
+---Registers : 
	               34 Bit    Registers := 1     
	                1 Bit    Registers := 1     
+---Muxes : 
	   2 Input      1 Bit        Muxes := 2     
Module mkxilinxdtm 
Detailed RTL Component Info : 
+---Registers : 
	              139 Bit    Registers := 1     
	               41 Bit    Registers := 1     
	                5 Bit    Registers := 1     
	                2 Bit    Registers := 2     
	                1 Bit    Registers := 2     
+---Muxes : 
	   4 Input    139 Bit        Muxes := 1     
	   2 Input    139 Bit        Muxes := 3     
	   2 Input      5 Bit        Muxes := 1     
	   2 Input      2 Bit        Muxes := 3     
Module MakeReset0 
Detailed RTL Component Info : 
+---Registers : 
	                1 Bit    Registers := 1     
Module SyncFIFO1 
Detailed RTL Component Info : 
+---Registers : 
	               41 Bit    Registers := 1     
	                1 Bit    Registers := 6     
Module SyncFIFO1__parameterized0 
Detailed RTL Component Info : 
+---Registers : 
	               34 Bit    Registers := 1     
	                1 Bit    Registers := 6     
Module mkDebugSoc 
Detailed RTL Component Info : 
+---Registers : 
	                1 Bit    Registers := 3     
Module cnn_accel_tile_in_RAM_T2P_BRAM_1R1W__1 
Detailed RTL Component Info : 
+---Registers : 
	                8 Bit    Registers := 1     
+---RAMs : 
	               8K Bit         RAMs := 1     
Module cnn_accel_tile_in_RAM_T2P_BRAM_1R1W__2 
Detailed RTL Component Info : 
+---Registers : 
	                8 Bit    Registers := 1     
+---RAMs : 
	               8K Bit         RAMs := 1     
Module cnn_accel_tile_in_RAM_T2P_BRAM_1R1W__3 
Detailed RTL Component Info : 
+---Registers : 
	                8 Bit    Registers := 1     
+---RAMs : 
	               8K Bit         RAMs := 1     
Module cnn_accel_tile_in_RAM_T2P_BRAM_1R1W 
Detailed RTL Component Info : 
+---Registers : 
	                8 Bit    Registers := 1     
+---RAMs : 
	               8K Bit         RAMs := 1     
Module cnn_accel_flow_control_loop_pipe_sequential_init 
Detailed RTL Component Info : 
+---Registers : 
	                1 Bit    Registers := 2     
+---Muxes : 
	   2 Input      1 Bit        Muxes := 2     
Module cnn_accel_cnn_accel_Pipeline_VITIS_LOOP_34_3_VITIS_LOOP_35_4 
Detailed RTL Component Info : 
+---Adders : 
	   2 Input     32 Bit       Adders := 2     
	   2 Input     11 Bit       Adders := 1     
	   2 Input     10 Bit       Adders := 1     
	   2 Input      6 Bit       Adders := 3     
+---Registers : 
	               32 Bit    Registers := 2     
	               31 Bit    Registers := 2     
	               11 Bit    Registers := 1     
	               10 Bit    Registers := 1     
	                6 Bit    Registers := 2     
	                1 Bit    Registers := 6     
+---Muxes : 
	   2 Input      1 Bit        Muxes := 5     
Module cnn_accel_flow_control_loop_pipe_sequential_init__2 
Detailed RTL Component Info : 
+---Registers : 
	                1 Bit    Registers := 2     
+---Muxes : 
	   2 Input      1 Bit        Muxes := 2     
Module cnn_accel_cnn_accel_Pipeline_VITIS_LOOP_52_5_VITIS_LOOP_53_6 
Detailed RTL Component Info : 
+---Adders : 
	   2 Input     11 Bit       Adders := 1     
	   2 Input     10 Bit       Adders := 1     
	   3 Input      9 Bit       Adders := 1     
	   2 Input      6 Bit       Adders := 3     
+---Registers : 
	               11 Bit    Registers := 1     
	               10 Bit    Registers := 3     
	                8 Bit    Registers := 1     
	                6 Bit    Registers := 2     
	                1 Bit    Registers := 9     
+---Muxes : 
	   2 Input      1 Bit        Muxes := 5     
Module cnn_accel_flow_control_loop_pipe_sequential_init__1 
Detailed RTL Component Info : 
+---Registers : 
	                1 Bit    Registers := 2     
+---Muxes : 
	   2 Input      1 Bit        Muxes := 2     
Module cnn_accel_cnn_accel_Pipeline_VITIS_LOOP_70_8_VITIS_LOOP_71_9 
Detailed RTL Component Info : 
+---Adders : 
	   2 Input     32 Bit       Adders := 2     
	   2 Input     11 Bit       Adders := 1     
	   2 Input     10 Bit       Adders := 1     
	   2 Input      6 Bit       Adders := 3     
+---Registers : 
	               31 Bit    Registers := 2     
	               11 Bit    Registers := 1     
	                6 Bit    Registers := 4     
	                5 Bit    Registers := 1     
	                1 Bit    Registers := 9     
+---Muxes : 
	   2 Input      1 Bit        Muxes := 5     
Module cnn_accel_control_s_axi 
Detailed RTL Component Info : 
+---XORs : 
	   2 Input      1 Bit         XORs := 2     
+---Registers : 
	               32 Bit    Registers := 2     
	                5 Bit    Registers := 1     
	                2 Bit    Registers := 1     
	                1 Bit    Registers := 10    
+---Muxes : 
	   2 Input     32 Bit        Muxes := 1     
	   6 Input     32 Bit        Muxes := 1     
	   4 Input      4 Bit        Muxes := 1     
	   2 Input      4 Bit        Muxes := 3     
	   3 Input      3 Bit        Muxes := 1     
	   2 Input      3 Bit        Muxes := 2     
	   6 Input      3 Bit        Muxes := 1     
	   2 Input      1 Bit        Muxes := 3     
Module cnn_accel 
Detailed RTL Component Info : 
+---Adders : 
	   2 Input     32 Bit       Adders := 1     
+---Registers : 
	               32 Bit    Registers := 3     
	               31 Bit    Registers := 2     
	                8 Bit    Registers := 3     
	                1 Bit    Registers := 3     
+---Muxes : 
	   2 Input     10 Bit        Muxes := 4     
	   2 Input      8 Bit        Muxes := 3     
	   2 Input      7 Bit        Muxes := 1     
	   2 Input      5 Bit        Muxes := 1     
	   2 Input      4 Bit        Muxes := 1     
	   2 Input      3 Bit        Muxes := 1     
	   2 Input      2 Bit        Muxes := 1     
	   2 Input      1 Bit        Muxes := 7     
Module cnn_axi_slave_wrapper 
Detailed RTL Component Info : 
+---Adders : 
	   2 Input     32 Bit       Adders := 3     
	   2 Input      8 Bit       Adders := 1     
+---Registers : 
	               32 Bit    Registers := 3     
	                8 Bit    Registers := 2     
	                2 Bit    Registers := 1     
	                1 Bit    Registers := 15    
+---RAMs : 
	             512K Bit         RAMs := 2     
+---Muxes : 
	   2 Input     32 Bit        Muxes := 4     
	   2 Input      8 Bit        Muxes := 3     
	   2 Input      1 Bit        Muxes := 20    
	   3 Input      1 Bit        Muxes := 2     
---------------------------------------------------------------------------------
Finished RTL Hierarchical Component Statistics
---------------------------------------------------------------------------------
---------------------------------------------------------------------------------
Start Part Resource Summary
---------------------------------------------------------------------------------
Part Resources:
DSPs: 740 (col length:100)
BRAMs: 730 (col length: RAMB18 100 RAMB36 50)
---------------------------------------------------------------------------------
Finished Part Resource Summary
---------------------------------------------------------------------------------
---------------------------------------------------------------------------------
Start Cross Boundary and Area Optimization
---------------------------------------------------------------------------------
INFO: [Synth 8-4471] merging register 'grp_cnn_accel_Pipeline_VITIS_LOOP_52_5_VITIS_LOOP_53_6_fu_122/ap_CS_fsm_reg[0:0]' into 'grp_cnn_accel_Pipeline_VITIS_LOOP_34_3_VITIS_LOOP_35_4_fu_111/ap_CS_fsm_reg[0:0]' [/scratch1/iot/gc2025/hw/build/hw/verilog/cnn_accel_cnn_accel_Pipeline_VITIS_LOOP_52_5_VITIS_LOOP_53_6.v:143]
INFO: [Synth 8-4471] merging register 'grp_cnn_accel_Pipeline_VITIS_LOOP_70_8_VITIS_LOOP_71_9_fu_130/ap_CS_fsm_reg[0:0]' into 'grp_cnn_accel_Pipeline_VITIS_LOOP_34_3_VITIS_LOOP_35_4_fu_111/ap_CS_fsm_reg[0:0]' [/scratch1/iot/gc2025/hw/build/hw/verilog/cnn_accel_cnn_accel_Pipeline_VITIS_LOOP_70_8_VITIS_LOOP_71_9.v:134]
INFO: [Synth 8-4471] merging register 'grp_cnn_accel_Pipeline_VITIS_LOOP_70_8_VITIS_LOOP_71_9_fu_130/tx_cast_reg_286_reg[30:0]' into 'grp_cnn_accel_Pipeline_VITIS_LOOP_34_3_VITIS_LOOP_35_4_fu_111/tx_cast_reg_324_reg[30:0]' [/scratch1/iot/gc2025/hw/build/hw/verilog/cnn_accel_cnn_accel_Pipeline_VITIS_LOOP_70_8_VITIS_LOOP_71_9.v:227]
INFO: [Synth 8-4471] merging register 'grp_cnn_accel_Pipeline_VITIS_LOOP_70_8_VITIS_LOOP_71_9_fu_130/tx_cast_reg_286_reg[31:31]' into 'grp_cnn_accel_Pipeline_VITIS_LOOP_34_3_VITIS_LOOP_35_4_fu_111/tx_cast_reg_324_reg[31:31]' [/scratch1/iot/gc2025/hw/build/hw/verilog/cnn_accel_cnn_accel_Pipeline_VITIS_LOOP_70_8_VITIS_LOOP_71_9.v:313]
INFO: [Synth 8-4471] merging register 'grp_cnn_accel_Pipeline_VITIS_LOOP_70_8_VITIS_LOOP_71_9_fu_130/ty_cast_reg_291_reg[30:0]' into 'grp_cnn_accel_Pipeline_VITIS_LOOP_34_3_VITIS_LOOP_35_4_fu_111/ty_cast_reg_329_reg[30:0]' [/scratch1/iot/gc2025/hw/build/hw/verilog/cnn_accel_cnn_accel_Pipeline_VITIS_LOOP_70_8_VITIS_LOOP_71_9.v:228]
INFO: [Synth 8-5546] ROM "grp_cnn_accel_Pipeline_VITIS_LOOP_34_3_VITIS_LOOP_35_4_fu_111/icmp_ln35_fu_192_p2" won't be mapped to RAM because it is too sparse
INFO: [Synth 8-5546] ROM "grp_cnn_accel_Pipeline_VITIS_LOOP_52_5_VITIS_LOOP_53_6_fu_122/icmp_ln53_fu_165_p2" won't be mapped to RAM because it is too sparse
INFO: [Synth 8-5546] ROM "grp_cnn_accel_Pipeline_VITIS_LOOP_70_8_VITIS_LOOP_71_9_fu_130/icmp_ln71_fu_164_p2" won't be mapped to RAM because it is too sparse
INFO: [Synth 8-5546] ROM "grp_cnn_accel_Pipeline_VITIS_LOOP_34_3_VITIS_LOOP_35_4_fu_111/icmp_ln34_fu_163_p2" won't be mapped to RAM because it is too sparse
INFO: [Synth 8-5546] ROM "grp_cnn_accel_Pipeline_VITIS_LOOP_52_5_VITIS_LOOP_53_6_fu_122/icmp_ln52_fu_136_p2" won't be mapped to RAM because it is too sparse
INFO: [Synth 8-5546] ROM "grp_cnn_accel_Pipeline_VITIS_LOOP_70_8_VITIS_LOOP_71_9_fu_130/icmp_ln70_fu_135_p2" won't be mapped to RAM because it is too sparse
INFO: [Synth 8-5546] ROM "reading" won't be mapped to RAM because it is too sparse
WARNING: [Synth 8-6841] Block RAM (wrapper_inst/output_mem_reg) originally specified as a Byte Wide Write Enable RAM cannot take advantage of ByteWide feature and is implemented with single write enable per RAM due to following reason.
(address width (14) is more than optimal threshold of 12. Implementing using BWWE will require more logic and timing would be suboptimal. Please use attribute "ram_decomp = power" if BWWE is desired.)
INFO: [Synth 8-3333] propagating constant 0 across sequential element (dcachei_1/\ff_mem_wr_resp_rv_reg[1] )
INFO: [Synth 8-3886] merging instance 'dcachei_1/ff_mem_wr_request/D_OUT_reg[0]' (FDCE) to 'dcachei_1/ff_mem_wr_request/D_OUT_reg[528]'
INFO: [Synth 8-3886] merging instance 'dcachei_1/ff_mem_wr_request/D_OUT_reg[1]' (FDCE) to 'dcachei_1/ff_mem_wr_request/D_OUT_reg[6]'
INFO: [Synth 8-3886] merging instance 'dcachei_1/ff_mem_wr_request/D_OUT_reg[2]' (FDCE) to 'dcachei_1/ff_mem_wr_request/D_OUT_reg[528]'
INFO: [Synth 8-3886] merging instance 'dcachei_1/ff_mem_wr_request/D_OUT_reg[3]' (FDCE) to 'dcachei_1/ff_mem_wr_request/D_OUT_reg[6]'
INFO: [Synth 8-3886] merging instance 'dcachei_1/ff_mem_wr_request/D_OUT_reg[4]' (FDCE) to 'dcachei_1/ff_mem_wr_request/D_OUT_reg[6]'
INFO: [Synth 8-3886] merging instance 'dcachei_1/ff_mem_wr_request/D_OUT_reg[5]' (FDCE) to 'dcachei_1/ff_mem_wr_request/D_OUT_reg[6]'
INFO: [Synth 8-3886] merging instance 'dcachei_1/ff_mem_wr_request/D_OUT_reg[7]' (FDCE) to 'dcachei_1/ff_mem_wr_request/D_OUT_reg[528]'
INFO: [Synth 8-3886] merging instance 'dcachei_1/ff_mem_wr_request/D_OUT_reg[8]' (FDCE) to 'dcachei_1/ff_mem_wr_request/D_OUT_reg[528]'
INFO: [Synth 8-3886] merging instance 'dcachei_1/ff_mem_wr_request/D_OUT_reg[9]' (FDCE) to 'dcachei_1/ff_mem_wr_request/D_OUT_reg[528]'
INFO: [Synth 8-3886] merging instance 'dcachei_1/ff_mem_wr_request/D_OUT_reg[10]' (FDCE) to 'dcachei_1/ff_mem_wr_request/D_OUT_reg[528]'
INFO: [Synth 8-3886] merging instance 'dcachei_1/ff_mem_wr_request/D_OUT_reg[523]' (FDCE) to 'dcachei_1/ff_mem_wr_request/D_OUT_reg[528]'
INFO: [Synth 8-3886] merging instance 'dcachei_1/ff_mem_wr_request/D_OUT_reg[524]' (FDCE) to 'dcachei_1/ff_mem_wr_request/D_OUT_reg[528]'
INFO: [Synth 8-3886] merging instance 'dcachei_1/ff_mem_wr_request/D_OUT_reg[525]' (FDCE) to 'dcachei_1/ff_mem_wr_request/D_OUT_reg[528]'
INFO: [Synth 8-3886] merging instance 'dcachei_1/ff_mem_wr_request/D_OUT_reg[526]' (FDCE) to 'dcachei_1/ff_mem_wr_request/D_OUT_reg[528]'
INFO: [Synth 8-3886] merging instance 'dcachei_1/ff_mem_wr_request/D_OUT_reg[527]' (FDCE) to 'dcachei_1/ff_mem_wr_request/D_OUT_reg[528]'
INFO: [Synth 8-3333] propagating constant 0 across sequential element (dcachei_1/\ff_mem_wr_request/D_OUT_reg[528] )
INFO: [Synth 8-3886] merging instance 'dmemi_3/dtlb/ff_request_to_ptw/data1_reg_reg[0]' (FDCE) to 'dmemi_3/dtlb/ff_request_to_ptw/data1_reg_reg[1]'
INFO: [Synth 8-3333] propagating constant 0 across sequential element (dmemi_3/\dtlb/ff_request_to_ptw/data1_reg_reg[1] )
INFO: [Synth 8-3886] merging instance 'dmemi_3/dtlb/v_vpn_tag_3_reg[22]' (FDE) to 'dmemi_3/dtlb/v_vpn_tag_3_reg[31]'
INFO: [Synth 8-3886] merging instance 'dmemi_3/dtlb/v_vpn_tag_2_reg[22]' (FDE) to 'dmemi_3/dtlb/v_vpn_tag_2_reg[31]'
INFO: [Synth 8-3886] merging instance 'dmemi_3/dtlb/v_vpn_tag_1_reg[22]' (FDE) to 'dmemi_3/dtlb/v_vpn_tag_1_reg[31]'
INFO: [Synth 8-3886] merging instance 'dmemi_3/dtlb/v_vpn_tag_0_reg[22]' (FDE) to 'dmemi_3/dtlb/v_vpn_tag_0_reg[31]'
INFO: [Synth 8-3886] merging instance 'dmemi_3/dtlb/v_vpn_tag_3_reg[23]' (FDE) to 'dmemi_3/dtlb/v_vpn_tag_3_reg[31]'
INFO: [Synth 8-3886] merging instance 'dmemi_3/dtlb/v_vpn_tag_2_reg[23]' (FDE) to 'dmemi_3/dtlb/v_vpn_tag_2_reg[31]'
INFO: [Synth 8-3886] merging instance 'dmemi_3/dtlb/v_vpn_tag_1_reg[23]' (FDE) to 'dmemi_3/dtlb/v_vpn_tag_1_reg[31]'
INFO: [Synth 8-3886] merging instance 'dmemi_3/dtlb/v_vpn_tag_0_reg[23]' (FDE) to 'dmemi_3/dtlb/v_vpn_tag_0_reg[31]'
INFO: [Synth 8-3886] merging instance 'dmemi_3/dtlb/v_vpn_tag_3_reg[24]' (FDE) to 'dmemi_3/dtlb/v_vpn_tag_3_reg[31]'
INFO: [Synth 8-3886] merging instance 'dmemi_3/dtlb/v_vpn_tag_2_reg[24]' (FDE) to 'dmemi_3/dtlb/v_vpn_tag_2_reg[31]'
INFO: [Synth 8-3886] merging instance 'dmemi_3/dtlb/v_vpn_tag_1_reg[24]' (FDE) to 'dmemi_3/dtlb/v_vpn_tag_1_reg[31]'
INFO: [Synth 8-3886] merging instance 'dmemi_3/dtlb/v_vpn_tag_0_reg[24]' (FDE) to 'dmemi_3/dtlb/v_vpn_tag_0_reg[31]'
INFO: [Synth 8-3886] merging instance 'dmemi_3/dtlb/v_vpn_tag_3_reg[25]' (FDE) to 'dmemi_3/dtlb/v_vpn_tag_3_reg[31]'
INFO: [Synth 8-3886] merging instance 'dmemi_3/dtlb/v_vpn_tag_3_reg[26]' (FDE) to 'dmemi_3/dtlb/v_vpn_tag_3_reg[31]'
INFO: [Synth 8-3886] merging instance 'dmemi_3/dtlb/v_vpn_tag_3_reg[27]' (FDE) to 'dmemi_3/dtlb/v_vpn_tag_3_reg[31]'
INFO: [Synth 8-3886] merging instance 'dmemi_3/dtlb/v_vpn_tag_3_reg[28]' (FDE) to 'dmemi_3/dtlb/v_vpn_tag_3_reg[31]'
INFO: [Synth 8-3886] merging instance 'dmemi_3/dtlb/v_vpn_tag_3_reg[29]' (FDE) to 'dmemi_3/dtlb/v_vpn_tag_3_reg[31]'
INFO: [Synth 8-3886] merging instance 'dmemi_3/dtlb/v_vpn_tag_3_reg[30]' (FDE) to 'dmemi_3/dtlb/v_vpn_tag_3_reg[31]'
INFO: [Synth 8-3886] merging instance 'dmemi_3/dtlb/v_vpn_tag_0_reg[25]' (FDE) to 'dmemi_3/dtlb/v_vpn_tag_0_reg[31]'
INFO: [Synth 8-3886] merging instance 'dmemi_3/dtlb/v_vpn_tag_0_reg[26]' (FDE) to 'dmemi_3/dtlb/v_vpn_tag_0_reg[31]'
INFO: [Synth 8-3886] merging instance 'dmemi_3/dtlb/v_vpn_tag_0_reg[27]' (FDE) to 'dmemi_3/dtlb/v_vpn_tag_0_reg[31]'
INFO: [Synth 8-3886] merging instance 'dmemi_3/dtlb/v_vpn_tag_0_reg[28]' (FDE) to 'dmemi_3/dtlb/v_vpn_tag_0_reg[31]'
INFO: [Synth 8-3886] merging instance 'dmemi_3/dtlb/v_vpn_tag_0_reg[29]' (FDE) to 'dmemi_3/dtlb/v_vpn_tag_0_reg[31]'
INFO: [Synth 8-3886] merging instance 'dmemi_3/dtlb/v_vpn_tag_0_reg[30]' (FDE) to 'dmemi_3/dtlb/v_vpn_tag_0_reg[31]'
INFO: [Synth 8-3886] merging instance 'dmemi_3/dtlb/v_vpn_tag_1_reg[25]' (FDE) to 'dmemi_3/dtlb/v_vpn_tag_1_reg[31]'
INFO: [Synth 8-3886] merging instance 'dmemi_3/dtlb/v_vpn_tag_1_reg[26]' (FDE) to 'dmemi_3/dtlb/v_vpn_tag_1_reg[31]'
INFO: [Synth 8-3886] merging instance 'dmemi_3/dtlb/v_vpn_tag_1_reg[27]' (FDE) to 'dmemi_3/dtlb/v_vpn_tag_1_reg[31]'
INFO: [Synth 8-3886] merging instance 'dmemi_3/dtlb/v_vpn_tag_1_reg[28]' (FDE) to 'dmemi_3/dtlb/v_vpn_tag_1_reg[31]'
INFO: [Synth 8-3886] merging instance 'dmemi_3/dtlb/v_vpn_tag_1_reg[29]' (FDE) to 'dmemi_3/dtlb/v_vpn_tag_1_reg[31]'
INFO: [Synth 8-3886] merging instance 'dmemi_3/dtlb/v_vpn_tag_1_reg[30]' (FDE) to 'dmemi_3/dtlb/v_vpn_tag_1_reg[31]'
INFO: [Synth 8-3886] merging instance 'dmemi_3/dtlb/v_vpn_tag_2_reg[25]' (FDE) to 'dmemi_3/dtlb/v_vpn_tag_2_reg[31]'
INFO: [Synth 8-3886] merging instance 'dmemi_3/dtlb/v_vpn_tag_2_reg[26]' (FDE) to 'dmemi_3/dtlb/v_vpn_tag_2_reg[31]'
INFO: [Synth 8-3886] merging instance 'dmemi_3/dtlb/v_vpn_tag_2_reg[27]' (FDE) to 'dmemi_3/dtlb/v_vpn_tag_2_reg[31]'
INFO: [Synth 8-3886] merging instance 'dmemi_3/dtlb/v_vpn_tag_2_reg[28]' (FDE) to 'dmemi_3/dtlb/v_vpn_tag_2_reg[31]'
INFO: [Synth 8-3886] merging instance 'dmemi_3/dtlb/v_vpn_tag_2_reg[29]' (FDE) to 'dmemi_3/dtlb/v_vpn_tag_2_reg[31]'
INFO: [Synth 8-3886] merging instance 'dmemi_3/dtlb/v_vpn_tag_2_reg[30]' (FDE) to 'dmemi_3/dtlb/v_vpn_tag_2_reg[31]'
INFO: [Synth 8-3886] merging instance 'dmemi_3/dtlb/ff_lookup_result/data1_reg_reg[24]' (FDCE) to 'dmemi_3/dtlb/ff_lookup_result/data1_reg_reg[25]'
INFO: [Synth 8-3886] merging instance 'dmemi_3/dtlb/ff_lookup_result/data1_reg_reg[25]' (FDCE) to 'dmemi_3/dtlb/ff_lookup_result/data1_reg_reg[26]'
INFO: [Synth 8-3886] merging instance 'dmemi_3/dtlb/ff_lookup_result/data1_reg_reg[26]' (FDCE) to 'dmemi_3/dtlb/ff_lookup_result/data1_reg_reg[27]'
INFO: [Synth 8-3886] merging instance 'dmemi_3/dtlb/ff_lookup_result/data1_reg_reg[27]' (FDCE) to 'dmemi_3/dtlb/ff_lookup_result/data1_reg_reg[28]'
INFO: [Synth 8-3886] merging instance 'dmemi_3/dtlb/ff_lookup_result/data1_reg_reg[28]' (FDCE) to 'dmemi_3/dtlb/ff_lookup_result/data1_reg_reg[29]'
INFO: [Synth 8-3886] merging instance 'dmemi_3/dtlb/ff_lookup_result/data1_reg_reg[29]' (FDCE) to 'dmemi_3/dtlb/ff_lookup_result/data1_reg_reg[30]'
INFO: [Synth 8-3886] merging instance 'dmemi_3/dtlb/ff_lookup_result/data1_reg_reg[30]' (FDCE) to 'dmemi_3/dtlb/ff_lookup_result/data1_reg_reg[31]'
INFO: [Synth 8-3886] merging instance 'dmemi_3/dtlb/ff_lookup_result/data1_reg_reg[31]' (FDCE) to 'dmemi_3/dtlb/ff_lookup_result/data1_reg_reg[32]'
INFO: [Synth 8-3886] merging instance 'dmemi_3/dtlb/ff_lookup_result/data1_reg_reg[32]' (FDCE) to 'dmemi_3/dtlb/ff_lookup_result/data1_reg_reg[33]'
INFO: [Synth 8-3886] merging instance 'i_0/wrapper_inst/idx_reg_rep[0]' (FDRE) to 'i_0/wrapper_inst/idx_reg[0]'
INFO: [Synth 8-3886] merging instance 'i_0/wrapper_inst/idx_reg_rep[1]' (FDRE) to 'i_0/wrapper_inst/idx_reg[1]'
INFO: [Synth 8-3886] merging instance 'i_0/wrapper_inst/idx_reg_rep[2]' (FDRE) to 'i_0/wrapper_inst/idx_reg[2]'
INFO: [Synth 8-3886] merging instance 'i_0/wrapper_inst/idx_reg_rep[3]' (FDRE) to 'i_0/wrapper_inst/idx_reg[3]'
INFO: [Synth 8-3886] merging instance 'i_0/wrapper_inst/idx_reg_rep[4]' (FDRE) to 'i_0/wrapper_inst/idx_reg[4]'
INFO: [Synth 8-3886] merging instance 'i_0/wrapper_inst/idx_reg_rep[5]' (FDRE) to 'i_0/wrapper_inst/idx_reg[5]'
INFO: [Synth 8-3886] merging instance 'i_0/wrapper_inst/idx_reg_rep[6]' (FDRE) to 'i_0/wrapper_inst/idx_reg[6]'
INFO: [Synth 8-3886] merging instance 'i_0/wrapper_inst/idx_reg_rep[7]' (FDRE) to 'i_0/wrapper_inst/idx_reg[7]'
INFO: [Synth 8-3886] merging instance 'i_0/wrapper_inst/idx_reg_rep[8]' (FDRE) to 'i_0/wrapper_inst/idx_reg[8]'
INFO: [Synth 8-3886] merging instance 'i_0/wrapper_inst/idx_reg_rep[9]' (FDRE) to 'i_0/wrapper_inst/idx_reg[9]'
INFO: [Synth 8-3886] merging instance 'i_0/wrapper_inst/idx_reg_rep[10]' (FDRE) to 'i_0/wrapper_inst/idx_reg[10]'
INFO: [Synth 8-3886] merging instance 'i_0/wrapper_inst/idx_reg_rep[11]' (FDRE) to 'i_0/wrapper_inst/idx_reg[11]'
INFO: [Synth 8-3886] merging instance 'i_0/wrapper_inst/idx_reg_rep[12]' (FDRE) to 'i_0/wrapper_inst/idx_reg[12]'
INFO: [Synth 8-3886] merging instance 'i_0/wrapper_inst/idx_reg_rep[13]' (FDRE) to 'i_0/wrapper_inst/idx_reg[13]'
INFO: [Synth 8-3333] propagating constant 0 across sequential element (i_0/\wrapper_inst/cnn_core/control_s_axi_U/FSM_onehot_wstate_reg[3] )
INFO: [Synth 8-3333] propagating constant 0 across sequential element (i_0/\wrapper_inst/cnn_core/control_s_axi_U/int_auto_restart_reg )
INFO: [Synth 8-3886] merging instance 'i_0/wrapper_inst/cnn_core/add_ln31_reg_240_reg[0]' (FDE) to 'i_0/wrapper_inst/cnn_core/trunc_ln31_reg_234_reg[0]'
INFO: [Synth 8-3886] merging instance 'i_0/wrapper_inst/cnn_core/add_ln31_reg_240_reg[1]' (FDE) to 'i_0/wrapper_inst/cnn_core/trunc_ln31_reg_234_reg[1]'
INFO: [Synth 8-3886] merging instance 'i_0/wrapper_inst/cnn_core/add_ln31_reg_240_reg[2]' (FDE) to 'i_0/wrapper_inst/cnn_core/trunc_ln31_reg_234_reg[2]'
INFO: [Synth 8-3886] merging instance 'i_0/wrapper_inst/cnn_core/add_ln31_reg_240_reg[3]' (FDE) to 'i_0/wrapper_inst/cnn_core/trunc_ln31_reg_234_reg[3]'
INFO: [Synth 8-3333] propagating constant 0 across sequential element (i_0/\wrapper_inst/cnn_core/grp_cnn_accel_Pipeline_VITIS_LOOP_34_3_VITIS_LOOP_35_4_fu_111/ap_done_reg_reg )
INFO: [Synth 8-3886] merging instance 'i_0/wrapper_inst/cnn_core/control_s_axi_U/waddr_reg[2]' (FDE) to 'i_0/wrapper_inst/cnn_core/control_s_axi_U/waddr_reg[0]'
INFO: [Synth 8-3886] merging instance 'i_0/wrapper_inst/cnn_core/control_s_axi_U/waddr_reg[3]' (FDE) to 'i_0/wrapper_inst/cnn_core/control_s_axi_U/waddr_reg[0]'
INFO: [Synth 8-3886] merging instance 'i_0/wrapper_inst/cnn_core/control_s_axi_U/waddr_reg[4]' (FDE) to 'i_0/wrapper_inst/cnn_core/control_s_axi_U/waddr_reg[0]'
INFO: [Synth 8-3333] propagating constant 0 across sequential element (i_0/\wrapper_inst/cnn_core/control_s_axi_U/FSM_onehot_wstate_reg[2] )
INFO: [Synth 8-3886] merging instance 'i_0/wrapper_inst/cnn_core/control_s_axi_U/waddr_reg[1]' (FDE) to 'i_0/wrapper_inst/cnn_core/control_s_axi_U/waddr_reg[0]'
INFO: [Synth 8-3333] propagating constant 0 across sequential element (i_0/\wrapper_inst/cnn_core/control_s_axi_U/waddr_reg[0] )
INFO: [Synth 8-3333] propagating constant 0 across sequential element (i_0/i_15/\wrapper_inst/cnn_core/ty_fu_68_reg[0] )
INFO: [Synth 8-3333] propagating constant 0 across sequential element (i_0/i_15/\wrapper_inst/cnn_core/ty_fu_68_reg[1] )
INFO: [Synth 8-3333] propagating constant 0 across sequential element (i_0/i_15/\wrapper_inst/cnn_core/ty_fu_68_reg[2] )
INFO: [Synth 8-3333] propagating constant 0 across sequential element (i_0/i_15/\wrapper_inst/cnn_core/ty_fu_68_reg[3] )
INFO: [Synth 8-3333] propagating constant 0 across sequential element (i_0/i_15/\wrapper_inst/cnn_core/ty_fu_68_reg[4] )
INFO: [Synth 8-3333] propagating constant 0 across sequential element (i_0/\wrapper_inst/cnn_core/grp_cnn_accel_Pipeline_VITIS_LOOP_52_5_VITIS_LOOP_53_6_fu_122/ap_done_reg_reg )
INFO: [Synth 8-3333] propagating constant 0 across sequential element (i_0/\wrapper_inst/cnn_core/control_s_axi_U/int_size_reg[0] )
INFO: [Synth 8-3333] propagating constant 0 across sequential element (i_0/\wrapper_inst/cnn_core/control_s_axi_U/int_size_reg[1] )
INFO: [Synth 8-3333] propagating constant 0 across sequential element (i_0/\wrapper_inst/cnn_core/control_s_axi_U/int_size_reg[2] )
INFO: [Synth 8-3333] propagating constant 0 across sequential element (i_0/\wrapper_inst/cnn_core/control_s_axi_U/int_size_reg[3] )
INFO: [Synth 8-3333] propagating constant 0 across sequential element (i_0/\wrapper_inst/cnn_core/control_s_axi_U/int_size_reg[4] )
INFO: [Synth 8-3333] propagating constant 0 across sequential element (i_0/\wrapper_inst/cnn_core/control_s_axi_U/int_size_reg[5] )
INFO: [Synth 8-3333] propagating constant 0 across sequential element (i_0/\wrapper_inst/cnn_core/control_s_axi_U/int_size_reg[6] )
INFO: [Synth 8-3333] propagating constant 0 across sequential element (i_0/\wrapper_inst/cnn_core/control_s_axi_U/int_size_reg[7] )
INFO: [Synth 8-3333] propagating constant 0 across sequential element (i_0/\wrapper_inst/cnn_core/control_s_axi_U/int_size_reg[8] )
INFO: [Synth 8-3333] propagating constant 0 across sequential element (i_0/\wrapper_inst/cnn_core/control_s_axi_U/int_size_reg[9] )
INFO: [Synth 8-3333] propagating constant 0 across sequential element (i_0/\wrapper_inst/cnn_core/control_s_axi_U/int_size_reg[10] )
INFO: [Synth 8-3333] propagating constant 0 across sequential element (i_0/\wrapper_inst/cnn_core/control_s_axi_U/int_size_reg[11] )
INFO: [Synth 8-3333] propagating constant 0 across sequential element (i_0/\wrapper_inst/cnn_core/control_s_axi_U/int_size_reg[12] )
INFO: [Synth 8-3333] propagating constant 0 across sequential element (i_0/\wrapper_inst/cnn_core/control_s_axi_U/int_size_reg[13] )
INFO: [Synth 8-3333] propagating constant 0 across sequential element (i_0/\wrapper_inst/cnn_core/control_s_axi_U/int_size_reg[14] )
INFO: [Synth 8-3333] propagating constant 0 across sequential element (i_0/\wrapper_inst/cnn_core/control_s_axi_U/int_size_reg[15] )
INFO: [Synth 8-3333] propagating constant 0 across sequential element (i_0/\wrapper_inst/cnn_core/control_s_axi_U/int_size_reg[16] )
INFO: [Synth 8-3333] propagating constant 0 across sequential element (i_0/\wrapper_inst/cnn_core/control_s_axi_U/int_size_reg[17] )
INFO: [Synth 8-3333] propagating constant 0 across sequential element (i_0/\wrapper_inst/cnn_core/control_s_axi_U/int_size_reg[18] )
INFO: [Synth 8-3333] propagating constant 0 across sequential element (i_0/\wrapper_inst/cnn_core/control_s_axi_U/int_size_reg[19] )
INFO: [Synth 8-3333] propagating constant 0 across sequential element (i_0/\wrapper_inst/cnn_core/control_s_axi_U/int_size_reg[20] )
INFO: [Synth 8-3333] propagating constant 0 across sequential element (i_0/\wrapper_inst/cnn_core/control_s_axi_U/int_size_reg[21] )
INFO: [Synth 8-3333] propagating constant 0 across sequential element (i_0/\wrapper_inst/cnn_core/control_s_axi_U/int_size_reg[22] )
INFO: [Synth 8-3333] propagating constant 0 across sequential element (i_0/\wrapper_inst/cnn_core/control_s_axi_U/int_size_reg[23] )
INFO: [Synth 8-3333] propagating constant 0 across sequential element (i_0/\wrapper_inst/cnn_core/control_s_axi_U/int_size_reg[24] )
INFO: [Synth 8-3333] propagating constant 0 across sequential element (i_0/\wrapper_inst/cnn_core/control_s_axi_U/int_size_reg[25] )
INFO: [Synth 8-3333] propagating constant 0 across sequential element (i_0/\wrapper_inst/cnn_core/control_s_axi_U/int_size_reg[26] )
INFO: [Synth 8-3333] propagating constant 0 across sequential element (i_0/\wrapper_inst/cnn_core/control_s_axi_U/int_size_reg[27] )
INFO: [Synth 8-3333] propagating constant 0 across sequential element (i_0/\wrapper_inst/cnn_core/control_s_axi_U/int_size_reg[28] )
INFO: [Synth 8-3333] propagating constant 0 across sequential element (i_0/\wrapper_inst/cnn_core/control_s_axi_U/int_size_reg[29] )
INFO: [Synth 8-3333] propagating constant 0 across sequential element (i_0/\wrapper_inst/cnn_core/control_s_axi_U/int_size_reg[30] )
INFO: [Synth 8-3333] propagating constant 0 across sequential element (i_0/\wrapper_inst/cnn_core/control_s_axi_U/int_size_reg[31] )
INFO: [Synth 8-3333] propagating constant 1 across sequential element (i_0/\wrapper_inst/cnn_core/grp_cnn_accel_Pipeline_VITIS_LOOP_34_3_VITIS_LOOP_35_4_fu_111/ap_CS_fsm_reg[0] )
INFO: [Synth 8-3886] merging instance 'i_0/wrapper_inst/cnn_core/grp_cnn_accel_Pipeline_VITIS_LOOP_70_8_VITIS_LOOP_71_9_fu_130/trunc_ln81_reg_311_reg[3]' (FDE) to 'i_0/wrapper_inst/cnn_core/grp_cnn_accel_Pipeline_VITIS_LOOP_70_8_VITIS_LOOP_71_9_fu_130/select_ln70_1_reg_306_reg[3]'
INFO: [Synth 8-3886] merging instance 'i_0/wrapper_inst/cnn_core/grp_cnn_accel_Pipeline_VITIS_LOOP_70_8_VITIS_LOOP_71_9_fu_130/trunc_ln81_reg_311_reg[2]' (FDE) to 'i_0/wrapper_inst/cnn_core/grp_cnn_accel_Pipeline_VITIS_LOOP_70_8_VITIS_LOOP_71_9_fu_130/select_ln70_1_reg_306_reg[2]'
INFO: [Synth 8-3886] merging instance 'i_0/wrapper_inst/cnn_core/grp_cnn_accel_Pipeline_VITIS_LOOP_70_8_VITIS_LOOP_71_9_fu_130/trunc_ln81_reg_311_reg[1]' (FDE) to 'i_0/wrapper_inst/cnn_core/grp_cnn_accel_Pipeline_VITIS_LOOP_70_8_VITIS_LOOP_71_9_fu_130/select_ln70_1_reg_306_reg[1]'
INFO: [Synth 8-3886] merging instance 'i_0/wrapper_inst/cnn_core/grp_cnn_accel_Pipeline_VITIS_LOOP_70_8_VITIS_LOOP_71_9_fu_130/trunc_ln81_reg_311_reg[0]' (FDE) to 'i_0/wrapper_inst/cnn_core/grp_cnn_accel_Pipeline_VITIS_LOOP_70_8_VITIS_LOOP_71_9_fu_130/select_ln70_1_reg_306_reg[0]'
INFO: [Synth 8-3886] merging instance 'i_0/wrapper_inst/cnn_core/grp_cnn_accel_Pipeline_VITIS_LOOP_70_8_VITIS_LOOP_71_9_fu_130/trunc_ln81_reg_311_reg[4]' (FDE) to 'i_0/wrapper_inst/cnn_core/grp_cnn_accel_Pipeline_VITIS_LOOP_70_8_VITIS_LOOP_71_9_fu_130/select_ln70_1_reg_306_reg[4]'
INFO: [Synth 8-3333] propagating constant 0 across sequential element (i_0/\wrapper_inst/cnn_core/grp_cnn_accel_Pipeline_VITIS_LOOP_70_8_VITIS_LOOP_71_9_fu_130/ap_done_reg_reg )
INFO: [Synth 8-3886] merging instance 'i_0/wrapper_inst/cnn_core/size_read_reg_202_reg[0]' (FDE) to 'i_0/wrapper_inst/cnn_core/size_read_reg_202_reg[1]'
INFO: [Synth 8-3886] merging instance 'i_0/wrapper_inst/cnn_core/size_read_reg_202_reg[1]' (FDE) to 'i_0/wrapper_inst/cnn_core/size_read_reg_202_reg[2]'
INFO: [Synth 8-3886] merging instance 'i_0/wrapper_inst/cnn_core/size_read_reg_202_reg[2]' (FDE) to 'i_0/wrapper_inst/cnn_core/size_read_reg_202_reg[3]'
INFO: [Synth 8-3886] merging instance 'i_0/wrapper_inst/cnn_core/size_read_reg_202_reg[3]' (FDE) to 'i_0/wrapper_inst/cnn_core/size_read_reg_202_reg[4]'
INFO: [Synth 8-3886] merging instance 'i_0/wrapper_inst/cnn_core/size_read_reg_202_reg[4]' (FDE) to 'i_0/wrapper_inst/cnn_core/size_read_reg_202_reg[5]'
INFO: [Synth 8-3886] merging instance 'i_0/wrapper_inst/cnn_core/size_read_reg_202_reg[5]' (FDE) to 'i_0/wrapper_inst/cnn_core/size_read_reg_202_reg[6]'
INFO: [Synth 8-3886] merging instance 'i_0/wrapper_inst/cnn_core/size_read_reg_202_reg[6]' (FDE) to 'i_0/wrapper_inst/cnn_core/size_read_reg_202_reg[7]'
INFO: [Synth 8-3886] merging instance 'i_0/wrapper_inst/cnn_core/size_read_reg_202_reg[7]' (FDE) to 'i_0/wrapper_inst/cnn_core/size_read_reg_202_reg[8]'
INFO: [Synth 8-3886] merging instance 'i_0/wrapper_inst/cnn_core/size_read_reg_202_reg[8]' (FDE) to 'i_0/wrapper_inst/cnn_core/size_read_reg_202_reg[9]'
INFO: [Synth 8-3886] merging instance 'i_0/wrapper_inst/cnn_core/size_read_reg_202_reg[9]' (FDE) to 'i_0/wrapper_inst/cnn_core/size_read_reg_202_reg[10]'
INFO: [Synth 8-3886] merging instance 'i_0/wrapper_inst/cnn_core/size_read_reg_202_reg[10]' (FDE) to 'i_0/wrapper_inst/cnn_core/size_read_reg_202_reg[11]'
INFO: [Synth 8-3886] merging instance 'i_0/wrapper_inst/cnn_core/size_read_reg_202_reg[11]' (FDE) to 'i_0/wrapper_inst/cnn_core/size_read_reg_202_reg[12]'
INFO: [Common 17-14] Message 'Synth 8-3886' appears 100 times and further instances of the messages will be disabled. Use the Tcl command set_msg_config to change the current settings.
INFO: [Synth 8-3333] propagating constant 0 across sequential element (i_0/\wrapper_inst/cnn_core/grp_cnn_accel_Pipeline_VITIS_LOOP_34_3_VITIS_LOOP_35_4_fu_111/tx_cast_reg_324_reg[31] )
INFO: [Synth 8-3333] propagating constant 0 across sequential element (i_0/\wrapper_inst/S_AXI_RRESP_reg[1] )
INFO: [Synth 8-3333] propagating constant 0 across sequential element (i_0/\wrapper_inst/cnn_core/trunc_ln30_reg_225_reg[4] )
INFO: [Synth 8-3333] propagating constant 0 across sequential element (i_0/\wrapper_inst/cnn_core/size_read_reg_202_reg[31] )
INFO: [Synth 8-3333] propagating constant 0 across sequential element (i_0/\wrapper_inst/cnn_core/tx_reg_100_reg[0] )
INFO: [Synth 8-3333] propagating constant 0 across sequential element (i_0/\wrapper_inst/cnn_core/tx_reg_100_reg[1] )
INFO: [Synth 8-3333] propagating constant 0 across sequential element (i_0/\wrapper_inst/cnn_core/tx_reg_100_reg[2] )
INFO: [Synth 8-3333] propagating constant 0 across sequential element (i_0/\wrapper_inst/cnn_core/tx_reg_100_reg[3] )
INFO: [Synth 8-3333] propagating constant 0 across sequential element (i_0/\wrapper_inst/cnn_core/tx_reg_100_reg[4] )
INFO: [Synth 8-3333] propagating constant 0 across sequential element (i_0/\wrapper_inst/cnn_core/tx_reg_100_reg[5] )
INFO: [Synth 8-3333] propagating constant 0 across sequential element (i_0/\wrapper_inst/cnn_core/tx_reg_100_reg[6] )
INFO: [Synth 8-3333] propagating constant 0 across sequential element (i_0/\wrapper_inst/cnn_core/tx_reg_100_reg[7] )
INFO: [Synth 8-3333] propagating constant 0 across sequential element (i_0/\wrapper_inst/cnn_core/tx_reg_100_reg[8] )
INFO: [Synth 8-3333] propagating constant 0 across sequential element (i_0/\wrapper_inst/cnn_core/tx_reg_100_reg[9] )
INFO: [Synth 8-3333] propagating constant 0 across sequential element (i_0/\wrapper_inst/cnn_core/tx_reg_100_reg[10] )
INFO: [Synth 8-3333] propagating constant 0 across sequential element (i_0/\wrapper_inst/cnn_core/tx_reg_100_reg[11] )
INFO: [Synth 8-3333] propagating constant 0 across sequential element (i_0/\wrapper_inst/cnn_core/tx_reg_100_reg[12] )
INFO: [Synth 8-3333] propagating constant 0 across sequential element (i_0/\wrapper_inst/cnn_core/tx_reg_100_reg[13] )
INFO: [Synth 8-3333] propagating constant 0 across sequential element (i_0/\wrapper_inst/cnn_core/tx_reg_100_reg[14] )
INFO: [Synth 8-3333] propagating constant 0 across sequential element (i_0/\wrapper_inst/cnn_core/tx_reg_100_reg[15] )
INFO: [Synth 8-3333] propagating constant 0 across sequential element (i_0/\wrapper_inst/cnn_core/tx_reg_100_reg[16] )
INFO: [Synth 8-3333] propagating constant 0 across sequential element (i_0/\wrapper_inst/cnn_core/tx_reg_100_reg[17] )
INFO: [Synth 8-3333] propagating constant 0 across sequential element (i_0/\wrapper_inst/cnn_core/tx_reg_100_reg[18] )
INFO: [Synth 8-3333] propagating constant 0 across sequential element (i_0/\wrapper_inst/cnn_core/tx_reg_100_reg[19] )
INFO: [Synth 8-3333] propagating constant 0 across sequential element (i_0/\wrapper_inst/cnn_core/tx_reg_100_reg[20] )
INFO: [Synth 8-3333] propagating constant 0 across sequential element (i_0/\wrapper_inst/cnn_core/tx_reg_100_reg[21] )
INFO: [Synth 8-3333] propagating constant 0 across sequential element (i_0/\wrapper_inst/cnn_core/tx_reg_100_reg[22] )
INFO: [Synth 8-3333] propagating constant 0 across sequential element (i_0/\wrapper_inst/cnn_core/tx_reg_100_reg[23] )
INFO: [Synth 8-3333] propagating constant 0 across sequential element (i_0/\wrapper_inst/cnn_core/tx_reg_100_reg[24] )
INFO: [Synth 8-3333] propagating constant 0 across sequential element (i_0/\wrapper_inst/cnn_core/tx_reg_100_reg[25] )
INFO: [Synth 8-3333] propagating constant 0 across sequential element (i_0/\wrapper_inst/cnn_core/tx_reg_100_reg[26] )
INFO: [Synth 8-3333] propagating constant 0 across sequential element (i_0/\wrapper_inst/cnn_core/tx_reg_100_reg[27] )
INFO: [Synth 8-3333] propagating constant 0 across sequential element (i_0/\wrapper_inst/cnn_core/tx_reg_100_reg[28] )
INFO: [Synth 8-3333] propagating constant 0 across sequential element (i_0/\wrapper_inst/cnn_core/tx_reg_100_reg[29] )
INFO: [Synth 8-3333] propagating constant 0 across sequential element (i_0/\wrapper_inst/cnn_core/tx_reg_100_reg[30] )
INFO: [Synth 8-3333] propagating constant 0 across sequential element (i_0/\wrapper_inst/cnn_core/ap_CS_fsm_reg[2] )
INFO: [Synth 8-3333] propagating constant 0 across sequential element (i_0/\wrapper_inst/cnn_core/grp_cnn_accel_Pipeline_VITIS_LOOP_70_8_VITIS_LOOP_71_9_fu_130/ap_enable_reg_pp0_iter1_reg )
INFO: [Synth 8-3333] propagating constant 0 across sequential element (i_0/\wrapper_inst/cnn_core/output_r_reg_reg[0] )
INFO: [Synth 8-3333] propagating constant 0 across sequential element (i_0/\wrapper_inst/cnn_core/output_r_reg_reg[1] )
INFO: [Synth 8-3333] propagating constant 0 across sequential element (i_0/\wrapper_inst/cnn_core/output_r_reg_reg[2] )
INFO: [Synth 8-3333] propagating constant 0 across sequential element (i_0/\wrapper_inst/cnn_core/output_r_reg_reg[3] )
INFO: [Synth 8-3333] propagating constant 0 across sequential element (i_0/\wrapper_inst/cnn_core/output_r_reg_reg[4] )
INFO: [Synth 8-3333] propagating constant 0 across sequential element (i_0/\wrapper_inst/cnn_core/output_r_reg_reg[5] )
INFO: [Synth 8-3333] propagating constant 0 across sequential element (i_0/\wrapper_inst/cnn_core/output_r_reg_reg[6] )
INFO: [Synth 8-3333] propagating constant 0 across sequential element (i_0/\wrapper_inst/cnn_core/output_r_reg_reg[7] )
INFO: [Synth 8-3333] propagating constant 0 across sequential element (i_0/\wrapper_inst/cnn_core/trunc_ln31_reg_234_reg[30] )
INFO: [Synth 8-3333] propagating constant 0 across sequential element (i_0/\wrapper_inst/cnn_core/ap_CS_fsm_reg[2] )
INFO: [Synth 8-3333] propagating constant 0 across sequential element (i_0/\wrapper_inst/cnn_core/grp_cnn_accel_Pipeline_VITIS_LOOP_34_3_VITIS_LOOP_35_4_fu_111/tx_cast_reg_324_reg[30] )
INFO: [Synth 8-3333] propagating constant 0 across sequential element (i_0/\wrapper_inst/cnn_core/ap_CS_fsm_reg[2] )
CRITICAL WARNING: [Synth 8-6859] multi-driven net on pin Q with 1st driver pin 'i_0/wrapper_inst/BRESP_reg[1]__0/Q' [/scratch1/iot/gc2025/hw/build/hw/verilog/cnn_axi_slave_wrapper.v:86]
CRITICAL WARNING: [Synth 8-6859] multi-driven net on pin Q with 2nd driver pin 'GND' [/scratch1/iot/gc2025/hw/build/hw/verilog/cnn_axi_slave_wrapper.v:86]
CRITICAL WARNING: [Synth 8-6858] multi-driven net Q is connected to at least one constant driver which has been preserved, other driver is ignored [/scratch1/iot/gc2025/hw/build/hw/verilog/cnn_axi_slave_wrapper.v:86]
CRITICAL WARNING: [Synth 8-6859] multi-driven net on pin Q with 1st driver pin 'i_0/wrapper_inst/BRESP_reg[0]__0/Q' [/scratch1/iot/gc2025/hw/build/hw/verilog/cnn_axi_slave_wrapper.v:86]
CRITICAL WARNING: [Synth 8-6859] multi-driven net on pin Q with 2nd driver pin 'GND' [/scratch1/iot/gc2025/hw/build/hw/verilog/cnn_axi_slave_wrapper.v:86]
CRITICAL WARNING: [Synth 8-6858] multi-driven net Q is connected to at least one constant driver which has been preserved, other driver is ignored [/scratch1/iot/gc2025/hw/build/hw/verilog/cnn_axi_slave_wrapper.v:86]
CRITICAL WARNING: [Synth 8-6859] multi-driven net on pin Q with 1st driver pin 'i_0/wrapper_inst/RRESP_reg[1]__0/Q' [/scratch1/iot/gc2025/hw/build/hw/verilog/cnn_axi_slave_wrapper.v:87]
CRITICAL WARNING: [Synth 8-6859] multi-driven net on pin Q with 2nd driver pin 'GND' [/scratch1/iot/gc2025/hw/build/hw/verilog/cnn_axi_slave_wrapper.v:87]
CRITICAL WARNING: [Synth 8-6858] multi-driven net Q is connected to at least one constant driver which has been preserved, other driver is ignored [/scratch1/iot/gc2025/hw/build/hw/verilog/cnn_axi_slave_wrapper.v:87]
CRITICAL WARNING: [Synth 8-6859] multi-driven net on pin Q with 1st driver pin 'i_0/wrapper_inst/RRESP_reg[0]__0/Q' [/scratch1/iot/gc2025/hw/build/hw/verilog/cnn_axi_slave_wrapper.v:87]
CRITICAL WARNING: [Synth 8-6859] multi-driven net on pin Q with 2nd driver pin 'GND' [/scratch1/iot/gc2025/hw/build/hw/verilog/cnn_axi_slave_wrapper.v:87]
CRITICAL WARNING: [Synth 8-6858] multi-driven net Q is connected to at least one constant driver which has been preserved, other driver is ignored [/scratch1/iot/gc2025/hw/build/hw/verilog/cnn_axi_slave_wrapper.v:87]
WARNING: [Synth 8-3917] design mkdcache_fb_v2 has port RDY_mav_allocate_line driven by constant 1
WARNING: [Synth 8-3917] design mkdcache_fb_v2 has port RDY_ma_fill_from_memory driven by constant 1
WARNING: [Synth 8-3917] design mkdcache_fb_v2 has port RDY_ma_from_storebuffer driven by constant 1
WARNING: [Synth 8-3917] design mkdcache_fb_v2 has port RDY_mv_release_info driven by constant 1
WARNING: [Synth 8-3917] design mkdcache_fb_v2 has port RDY_ma_perform_release driven by constant 1
WARNING: [Synth 8-3917] design mkdcache_fb_v2 has port RDY_mav_polling_response driven by constant 1
INFO: [Synth 8-3333] propagating constant 0 across sequential element (ff_mem_rd_request/\data1_reg_reg[12] )
INFO: [Synth 8-3333] propagating constant 0 across sequential element (\rg_core_io_response_reg[0] )
INFO: [Synth 8-3333] propagating constant 0 across sequential element (\rg_core_io_response_reg[1] )
INFO: [Common 17-14] Message 'Synth 8-3333' appears 100 times and further instances of the messages will be disabled. Use the Tcl command set_msg_config to change the current settings.
INFO: [Common 17-14] Message 'Synth 8-3331' appears 100 times and further instances of the messages will be disabled. Use the Tcl command set_msg_config to change the current settings.
INFO: [Synth 8-5545] ROM "y_avValue_snd_snd_fst__h210555" won't be mapped to RAM because address size (32) is larger than maximum supported(25)
INFO: [Synth 8-5845] Not enough pipeline registers after wide multiplier. Recommended levels of pipeline registers is 4 [/scratch1/iot/gc2025/hw/build/hw/verilog/signedmul.v:40]
DSP Report: Generating DSP mul_/signed_mul/c, operation Mode is: A2*B.
DSP Report: register A is absorbed into DSP mul_/signed_mul/c.
DSP Report: operator mul_/signed_mul/c is absorbed into DSP mul_/signed_mul/c.
DSP Report: operator mul_/signed_mul/c is absorbed into DSP mul_/signed_mul/c.
DSP Report: Generating DSP mul_/signed_mul/c, operation Mode is: (PCIN>>17)+A*B.
DSP Report: operator mul_/signed_mul/c is absorbed into DSP mul_/signed_mul/c.
DSP Report: operator mul_/signed_mul/c is absorbed into DSP mul_/signed_mul/c.
DSP Report: Generating DSP mul_/signed_mul/c, operation Mode is: A2*B2.
DSP Report: register B is absorbed into DSP mul_/signed_mul/c.
DSP Report: register A is absorbed into DSP mul_/signed_mul/c.
DSP Report: operator mul_/signed_mul/c is absorbed into DSP mul_/signed_mul/c.
DSP Report: operator mul_/signed_mul/c is absorbed into DSP mul_/signed_mul/c.
DSP Report: Generating DSP mul_/signed_mul/c, operation Mode is: (PCIN>>17)+A2*B.
DSP Report: register A is absorbed into DSP mul_/signed_mul/c.
DSP Report: operator mul_/signed_mul/c is absorbed into DSP mul_/signed_mul/c.
DSP Report: operator mul_/signed_mul/c is absorbed into DSP mul_/signed_mul/c.
INFO: [Synth 8-5546] ROM "rg_shift_amount_D_IN" won't be mapped to RAM because it is too sparse
INFO: [Common 17-14] Message 'Synth 8-3886' appears 100 times and further instances of the messages will be disabled. Use the Tcl command set_msg_config to change the current settings.
INFO: [Common 17-14] Message 'Synth 8-3886' appears 100 times and further instances of the messages will be disabled. Use the Tcl command set_msg_config to change the current settings.
INFO: [Common 17-14] Message 'Synth 8-3333' appears 100 times and further instances of the messages will be disabled. Use the Tcl command set_msg_config to change the current settings.
WARNING: [Synth 8-3332] Sequential element (clk_divider_new_clock/current_gate_reg) is unused and will be removed from module mkgptimer__1.
WARNING: [Synth 8-3332] Sequential element (clk_divider_new_clock/current_gate_reg) is unused and will be removed from module mkgptimer__2.
WARNING: [Synth 8-3332] Sequential element (clk_divider_new_clock/current_gate_reg) is unused and will be removed from module mkgptimer__3.
INFO: [Common 17-14] Message 'Synth 8-3333' appears 100 times and further instances of the messages will be disabled. Use the Tcl command set_msg_config to change the current settings.
WARNING: [Synth 8-3332] Sequential element (clk_divider_new_clock/current_gate_reg) is unused and will be removed from module mkgptimer.
INFO: [Synth 8-5546] ROM "MUX_sspi_rg_active_write_1__VAL_4" won't be mapped to RAM because it is too sparse
WARNING: [Synth 8-3917] design mkspi has port RDY_sb_sspi_interrupt driven by constant 1
INFO: [Common 17-14] Message 'Synth 8-5544' appears 100 times and further instances of the messages will be disabled. Use the Tcl command set_msg_config to change the current settings.
INFO: [Common 17-14] Message 'Synth 8-3886' appears 100 times and further instances of the messages will be disabled. Use the Tcl command set_msg_config to change the current settings.
INFO: [Synth 8-4471] merging register 'pwm_sync_output_polarity_0/sDataSyncIn_reg[0:0]' into 'pwm_cr_output_polarity_0_reg' [/scratch1/iot/gc2025/hw/build/hw/verilog/SyncRegister.v:59]
INFO: [Synth 8-4471] merging register 'pwm_sync_output_polarity_1/sDataSyncIn_reg[0:0]' into 'pwm_cr_output_polarity_1_reg' [/scratch1/iot/gc2025/hw/build/hw/verilog/SyncRegister.v:59]
INFO: [Synth 8-4471] merging register 'pwm_sync_output_polarity_2/sDataSyncIn_reg[0:0]' into 'pwm_cr_output_polarity_2_reg' [/scratch1/iot/gc2025/hw/build/hw/verilog/SyncRegister.v:59]
INFO: [Synth 8-4471] merging register 'pwm_sync_output_polarity_3/sDataSyncIn_reg[0:0]' into 'pwm_cr_output_polarity_3_reg' [/scratch1/iot/gc2025/hw/build/hw/verilog/SyncRegister.v:59]
INFO: [Synth 8-4471] merging register 'pwm_sync_output_polarity_4/sDataSyncIn_reg[0:0]' into 'pwm_cr_output_polarity_4_reg' [/scratch1/iot/gc2025/hw/build/hw/verilog/SyncRegister.v:59]
INFO: [Synth 8-4471] merging register 'pwm_sync_output_polarity_5/sDataSyncIn_reg[0:0]' into 'pwm_cr_output_polarity_5_reg' [/scratch1/iot/gc2025/hw/build/hw/verilog/SyncRegister.v:59]
INFO: [Synth 8-4471] merging register 'pwm_sync_pwm_enable_0/sDataSyncIn_reg[0:0]' into 'pwm_cr_pwm_enable_0_reg' [/scratch1/iot/gc2025/hw/build/hw/verilog/SyncRegister.v:59]
INFO: [Synth 8-4471] merging register 'pwm_sync_counter_reset_0/sDataSyncIn_reg[0:0]' into 'pwm_cr_counter_reset_0_reg' [/scratch1/iot/gc2025/hw/build/hw/verilog/SyncRegister.v:59]
INFO: [Synth 8-4471] merging register 'pwm_sync_halfperiod_interrupt_enable_0/sDataSyncIn_reg[0:0]' into 'pwm_cr_halfperiod_interrupt_enable_0_reg' [/scratch1/iot/gc2025/hw/build/hw/verilog/SyncRegister.v:59]
INFO: [Synth 8-4471] merging register 'pwm_sync_fall_interrupt_enable_0/sDataSyncIn_reg[0:0]' into 'pwm_cr_fall_interrupt_enable_0_reg' [/scratch1/iot/gc2025/hw/build/hw/verilog/SyncRegister.v:59]
INFO: [Synth 8-4471] merging register 'pwm_sync_rise_interrupt_enable_0/sDataSyncIn_reg[0:0]' into 'pwm_cr_rise_interrupt_enable_0_reg' [/scratch1/iot/gc2025/hw/build/hw/verilog/SyncRegister.v:59]
INFO: [Synth 8-4471] merging register 'pwm_sync_pwm_enable_1/sDataSyncIn_reg[0:0]' into 'pwm_cr_pwm_enable_1_reg' [/scratch1/iot/gc2025/hw/build/hw/verilog/SyncRegister.v:59]
INFO: [Synth 8-4471] merging register 'pwm_sync_counter_reset_1/sDataSyncIn_reg[0:0]' into 'pwm_cr_counter_reset_1_reg' [/scratch1/iot/gc2025/hw/build/hw/verilog/SyncRegister.v:59]
INFO: [Synth 8-4471] merging register 'pwm_sync_halfperiod_interrupt_enable_1/sDataSyncIn_reg[0:0]' into 'pwm_cr_halfperiod_interrupt_enable_1_reg' [/scratch1/iot/gc2025/hw/build/hw/verilog/SyncRegister.v:59]
INFO: [Synth 8-4471] merging register 'pwm_sync_fall_interrupt_enable_1/sDataSyncIn_reg[0:0]' into 'pwm_cr_fall_interrupt_enable_1_reg' [/scratch1/iot/gc2025/hw/build/hw/verilog/SyncRegister.v:59]
INFO: [Synth 8-4471] merging register 'pwm_sync_rise_interrupt_enable_1/sDataSyncIn_reg[0:0]' into 'pwm_cr_rise_interrupt_enable_1_reg' [/scratch1/iot/gc2025/hw/build/hw/verilog/SyncRegister.v:59]
INFO: [Synth 8-4471] merging register 'pwm_sync_pwm_enable_2/sDataSyncIn_reg[0:0]' into 'pwm_cr_pwm_enable_2_reg' [/scratch1/iot/gc2025/hw/build/hw/verilog/SyncRegister.v:59]
INFO: [Synth 8-4471] merging register 'pwm_sync_counter_reset_2/sDataSyncIn_reg[0:0]' into 'pwm_cr_counter_reset_2_reg' [/scratch1/iot/gc2025/hw/build/hw/verilog/SyncRegister.v:59]
INFO: [Synth 8-4471] merging register 'pwm_sync_halfperiod_interrupt_enable_2/sDataSyncIn_reg[0:0]' into 'pwm_cr_halfperiod_interrupt_enable_2_reg' [/scratch1/iot/gc2025/hw/build/hw/verilog/SyncRegister.v:59]
INFO: [Synth 8-4471] merging register 'pwm_sync_fall_interrupt_enable_2/sDataSyncIn_reg[0:0]' into 'pwm_cr_fall_interrupt_enable_2_reg' [/scratch1/iot/gc2025/hw/build/hw/verilog/SyncRegister.v:59]
INFO: [Synth 8-4471] merging register 'pwm_sync_rise_interrupt_enable_2/sDataSyncIn_reg[0:0]' into 'pwm_cr_rise_interrupt_enable_2_reg' [/scratch1/iot/gc2025/hw/build/hw/verilog/SyncRegister.v:59]
INFO: [Synth 8-4471] merging register 'pwm_sync_pwm_enable_3/sDataSyncIn_reg[0:0]' into 'pwm_cr_pwm_enable_3_reg' [/scratch1/iot/gc2025/hw/build/hw/verilog/SyncRegister.v:59]
INFO: [Synth 8-4471] merging register 'pwm_sync_counter_reset_3/sDataSyncIn_reg[0:0]' into 'pwm_cr_counter_reset_3_reg' [/scratch1/iot/gc2025/hw/build/hw/verilog/SyncRegister.v:59]
INFO: [Synth 8-4471] merging register 'pwm_sync_halfperiod_interrupt_enable_3/sDataSyncIn_reg[0:0]' into 'pwm_cr_halfperiod_interrupt_enable_3_reg' [/scratch1/iot/gc2025/hw/build/hw/verilog/SyncRegister.v:59]
INFO: [Synth 8-4471] merging register 'pwm_sync_fall_interrupt_enable_3/sDataSyncIn_reg[0:0]' into 'pwm_cr_fall_interrupt_enable_3_reg' [/scratch1/iot/gc2025/hw/build/hw/verilog/SyncRegister.v:59]
INFO: [Synth 8-4471] merging register 'pwm_sync_rise_interrupt_enable_3/sDataSyncIn_reg[0:0]' into 'pwm_cr_rise_interrupt_enable_3_reg' [/scratch1/iot/gc2025/hw/build/hw/verilog/SyncRegister.v:59]
INFO: [Synth 8-4471] merging register 'pwm_sync_pwm_enable_4/sDataSyncIn_reg[0:0]' into 'pwm_cr_pwm_enable_4_reg' [/scratch1/iot/gc2025/hw/build/hw/verilog/SyncRegister.v:59]
INFO: [Synth 8-4471] merging register 'pwm_sync_counter_reset_4/sDataSyncIn_reg[0:0]' into 'pwm_cr_counter_reset_4_reg' [/scratch1/iot/gc2025/hw/build/hw/verilog/SyncRegister.v:59]
INFO: [Synth 8-4471] merging register 'pwm_sync_halfperiod_interrupt_enable_4/sDataSyncIn_reg[0:0]' into 'pwm_cr_halfperiod_interrupt_enable_4_reg' [/scratch1/iot/gc2025/hw/build/hw/verilog/SyncRegister.v:59]
INFO: [Synth 8-4471] merging register 'pwm_sync_fall_interrupt_enable_4/sDataSyncIn_reg[0:0]' into 'pwm_cr_fall_interrupt_enable_4_reg' [/scratch1/iot/gc2025/hw/build/hw/verilog/SyncRegister.v:59]
INFO: [Synth 8-4471] merging register 'pwm_sync_rise_interrupt_enable_4/sDataSyncIn_reg[0:0]' into 'pwm_cr_rise_interrupt_enable_4_reg' [/scratch1/iot/gc2025/hw/build/hw/verilog/SyncRegister.v:59]
INFO: [Synth 8-4471] merging register 'pwm_sync_pwm_enable_5/sDataSyncIn_reg[0:0]' into 'pwm_cr_pwm_enable_5_reg' [/scratch1/iot/gc2025/hw/build/hw/verilog/SyncRegister.v:59]
INFO: [Synth 8-4471] merging register 'pwm_sync_counter_reset_5/sDataSyncIn_reg[0:0]' into 'pwm_cr_counter_reset_5_reg' [/scratch1/iot/gc2025/hw/build/hw/verilog/SyncRegister.v:59]
INFO: [Synth 8-4471] merging register 'pwm_sync_halfperiod_interrupt_enable_5/sDataSyncIn_reg[0:0]' into 'pwm_cr_halfperiod_interrupt_enable_5_reg' [/scratch1/iot/gc2025/hw/build/hw/verilog/SyncRegister.v:59]
INFO: [Synth 8-4471] merging register 'pwm_sync_fall_interrupt_enable_5/sDataSyncIn_reg[0:0]' into 'pwm_cr_fall_interrupt_enable_5_reg' [/scratch1/iot/gc2025/hw/build/hw/verilog/SyncRegister.v:59]
INFO: [Synth 8-4471] merging register 'pwm_sync_rise_interrupt_enable_5/sDataSyncIn_reg[0:0]' into 'pwm_cr_rise_interrupt_enable_5_reg' [/scratch1/iot/gc2025/hw/build/hw/verilog/SyncRegister.v:59]
INFO: [Common 17-14] Message 'Synth 8-3886' appears 100 times and further instances of the messages will be disabled. Use the Tcl command set_msg_config to change the current settings.
WARNING: [Synth 8-3332] Sequential element (pwm_clk_divider_new_clock/current_gate_reg) is unused and will be removed from module mkpwm.
WARNING: [Synth 8-6850] RAM (portb_we[1].RAM_reg) has partial Byte Wide Write Enable pattern with ram_style = "block", however no output register found in fanout of RAM. Recommended to use supported Byte Wide Write Enable template. 
WARNING: [Synth 8-6850] RAM (porta_we[1].RAM_reg) has partial Byte Wide Write Enable pattern with ram_style = "block", however no output register found in fanout of RAM. Recommended to use supported Byte Wide Write Enable template. 
---------------------------------------------------------------------------------
Finished Cross Boundary and Area Optimization : Time (s): cpu = 00:03:02 ; elapsed = 00:03:20 . Memory (MB): peak = 2656.352 ; gain = 1269.297 ; free physical = 45092 ; free virtual = 56225
---------------------------------------------------------------------------------
---------------------------------------------------------------------------------
Start ROM, RAM, DSP and Shift Register Reporting
---------------------------------------------------------------------------------

Block RAM: Preliminary Mapping  Report (see note below)
+--------------------------+---------------------+------------------------+---+---+------------------------+---+---+------------------+--------+--------+
|Module Name               | RTL Object          | PORT A (Depth x Width) | W | R | PORT B (Depth x Width) | W | R | Ports driving FF | RAMB18 | RAMB36 | 
+--------------------------+---------------------+------------------------+---+---+------------------------+---+---+------------------+--------+--------+
|bram_1rw:                 | ram_reg             | 64 x 32(NO_CHANGE)     | W | R |                        |   |   | Port A           | 1      | 0      | 
|bram_1rw:                 | ram_reg             | 64 x 32(NO_CHANGE)     | W | R |                        |   |   | Port A           | 1      | 0      | 
|bram_1rw:                 | ram_reg             | 64 x 32(NO_CHANGE)     | W | R |                        |   |   | Port A           | 1      | 0      | 
|bram_1rw:                 | ram_reg             | 64 x 32(NO_CHANGE)     | W | R |                        |   |   | Port A           | 1      | 0      | 
|bram_1rw:                 | ram_reg             | 64 x 32(NO_CHANGE)     | W | R |                        |   |   | Port A           | 1      | 0      | 
|bram_1rw:                 | ram_reg             | 64 x 32(NO_CHANGE)     | W | R |                        |   |   | Port A           | 1      | 0      | 
|bram_1rw:                 | ram_reg             | 64 x 32(NO_CHANGE)     | W | R |                        |   |   | Port A           | 1      | 0      | 
|bram_1rw:                 | ram_reg             | 64 x 32(NO_CHANGE)     | W | R |                        |   |   | Port A           | 1      | 0      | 
|bram_1rw:                 | ram_reg             | 64 x 32(NO_CHANGE)     | W | R |                        |   |   | Port A           | 1      | 0      | 
|bram_1rw:                 | ram_reg             | 64 x 32(NO_CHANGE)     | W | R |                        |   |   | Port A           | 1      | 0      | 
|bram_1rw:                 | ram_reg             | 64 x 32(NO_CHANGE)     | W | R |                        |   |   | Port A           | 1      | 0      | 
|bram_1rw:                 | ram_reg             | 64 x 32(NO_CHANGE)     | W | R |                        |   |   | Port A           | 1      | 0      | 
|bram_1rw:                 | ram_reg             | 64 x 32(NO_CHANGE)     | W | R |                        |   |   | Port A           | 1      | 0      | 
|bram_1rw:                 | ram_reg             | 64 x 32(NO_CHANGE)     | W | R |                        |   |   | Port A           | 1      | 0      | 
|bram_1rw:                 | ram_reg             | 64 x 32(NO_CHANGE)     | W | R |                        |   |   | Port A           | 1      | 0      | 
|bram_1rw:                 | ram_reg             | 64 x 32(NO_CHANGE)     | W | R |                        |   |   | Port A           | 1      | 0      | 
|bram_1rw:                 | ram_reg             | 64 x 32(NO_CHANGE)     | W | R |                        |   |   | Port A           | 1      | 0      | 
|bram_1rw:                 | ram_reg             | 64 x 32(NO_CHANGE)     | W | R |                        |   |   | Port A           | 1      | 0      | 
|bram_1rw:                 | ram_reg             | 64 x 32(NO_CHANGE)     | W | R |                        |   |   | Port A           | 1      | 0      | 
|bram_1rw:                 | ram_reg             | 64 x 32(NO_CHANGE)     | W | R |                        |   |   | Port A           | 1      | 0      | 
|bram_1rw:                 | ram_reg             | 64 x 32(NO_CHANGE)     | W | R |                        |   |   | Port A           | 1      | 0      | 
|bram_1rw:                 | ram_reg             | 64 x 32(NO_CHANGE)     | W | R |                        |   |   | Port A           | 1      | 0      | 
|bram_1rw:                 | ram_reg             | 64 x 32(NO_CHANGE)     | W | R |                        |   |   | Port A           | 1      | 0      | 
|bram_1rw:                 | ram_reg             | 64 x 32(NO_CHANGE)     | W | R |                        |   |   | Port A           | 1      | 0      | 
|bram_1rw:                 | ram_reg             | 64 x 32(NO_CHANGE)     | W | R |                        |   |   | Port A           | 1      | 0      | 
|bram_1rw:                 | ram_reg             | 64 x 32(NO_CHANGE)     | W | R |                        |   |   | Port A           | 1      | 0      | 
|bram_1rw:                 | ram_reg             | 64 x 32(NO_CHANGE)     | W | R |                        |   |   | Port A           | 1      | 0      | 
|bram_1rw:                 | ram_reg             | 64 x 32(NO_CHANGE)     | W | R |                        |   |   | Port A           | 1      | 0      | 
|bram_1rw:                 | ram_reg             | 64 x 32(NO_CHANGE)     | W | R |                        |   |   | Port A           | 1      | 0      | 
|bram_1rw:                 | ram_reg             | 64 x 32(NO_CHANGE)     | W | R |                        |   |   | Port A           | 1      | 0      | 
|bram_1rw:                 | ram_reg             | 64 x 32(NO_CHANGE)     | W | R |                        |   |   | Port A           | 1      | 0      | 
|bram_1rw:                 | ram_reg             | 64 x 32(NO_CHANGE)     | W | R |                        |   |   | Port A           | 1      | 0      | 
|bram_1rw:                 | ram_reg             | 64 x 32(NO_CHANGE)     | W | R |                        |   |   | Port A           | 1      | 0      | 
|bram_1rw:                 | ram_reg             | 64 x 32(NO_CHANGE)     | W | R |                        |   |   | Port A           | 1      | 0      | 
|bram_1rw:                 | ram_reg             | 64 x 32(NO_CHANGE)     | W | R |                        |   |   | Port A           | 1      | 0      | 
|bram_1rw:                 | ram_reg             | 64 x 32(NO_CHANGE)     | W | R |                        |   |   | Port A           | 1      | 0      | 
|bram_1rw:                 | ram_reg             | 64 x 32(NO_CHANGE)     | W | R |                        |   |   | Port A           | 1      | 0      | 
|bram_1rw:                 | ram_reg             | 64 x 32(NO_CHANGE)     | W | R |                        |   |   | Port A           | 1      | 0      | 
|bram_1rw:                 | ram_reg             | 64 x 32(NO_CHANGE)     | W | R |                        |   |   | Port A           | 1      | 0      | 
|bram_1rw:                 | ram_reg             | 64 x 32(NO_CHANGE)     | W | R |                        |   |   | Port A           | 1      | 0      | 
|bram_1rw:                 | ram_reg             | 64 x 32(NO_CHANGE)     | W | R |                        |   |   | Port A           | 1      | 0      | 
|bram_1rw:                 | ram_reg             | 64 x 32(NO_CHANGE)     | W | R |                        |   |   | Port A           | 1      | 0      | 
|bram_1rw:                 | ram_reg             | 64 x 32(NO_CHANGE)     | W | R |                        |   |   | Port A           | 1      | 0      | 
|bram_1rw:                 | ram_reg             | 64 x 32(NO_CHANGE)     | W | R |                        |   |   | Port A           | 1      | 0      | 
|bram_1rw:                 | ram_reg             | 64 x 32(NO_CHANGE)     | W | R |                        |   |   | Port A           | 1      | 0      | 
|bram_1rw:                 | ram_reg             | 64 x 32(NO_CHANGE)     | W | R |                        |   |   | Port A           | 1      | 0      | 
|bram_1rw:                 | ram_reg             | 64 x 32(NO_CHANGE)     | W | R |                        |   |   | Port A           | 1      | 0      | 
|bram_1rw:                 | ram_reg             | 64 x 32(NO_CHANGE)     | W | R |                        |   |   | Port A           | 1      | 0      | 
|bram_1rw:                 | ram_reg             | 64 x 32(NO_CHANGE)     | W | R |                        |   |   | Port A           | 1      | 0      | 
|bram_1rw:                 | ram_reg             | 64 x 32(NO_CHANGE)     | W | R |                        |   |   | Port A           | 1      | 0      | 
|bram_1rw:                 | ram_reg             | 64 x 32(NO_CHANGE)     | W | R |                        |   |   | Port A           | 1      | 0      | 
|bram_1rw:                 | ram_reg             | 64 x 32(NO_CHANGE)     | W | R |                        |   |   | Port A           | 1      | 0      | 
|bram_1rw:                 | ram_reg             | 64 x 32(NO_CHANGE)     | W | R |                        |   |   | Port A           | 1      | 0      | 
|bram_1rw:                 | ram_reg             | 64 x 32(NO_CHANGE)     | W | R |                        |   |   | Port A           | 1      | 0      | 
|bram_1rw:                 | ram_reg             | 64 x 32(NO_CHANGE)     | W | R |                        |   |   | Port A           | 1      | 0      | 
|bram_1rw:                 | ram_reg             | 64 x 32(NO_CHANGE)     | W | R |                        |   |   | Port A           | 1      | 0      | 
|bram_1rw:                 | ram_reg             | 64 x 32(NO_CHANGE)     | W | R |                        |   |   | Port A           | 1      | 0      | 
|bram_1rw:                 | ram_reg             | 64 x 32(NO_CHANGE)     | W | R |                        |   |   | Port A           | 1      | 0      | 
|bram_1rw:                 | ram_reg             | 64 x 32(NO_CHANGE)     | W | R |                        |   |   | Port A           | 1      | 0      | 
|bram_1rw:                 | ram_reg             | 64 x 32(NO_CHANGE)     | W | R |                        |   |   | Port A           | 1      | 0      | 
|bram_1rw:                 | ram_reg             | 64 x 32(NO_CHANGE)     | W | R |                        |   |   | Port A           | 1      | 0      | 
|bram_1rw:                 | ram_reg             | 64 x 32(NO_CHANGE)     | W | R |                        |   |   | Port A           | 1      | 0      | 
|bram_1rw:                 | ram_reg             | 64 x 32(NO_CHANGE)     | W | R |                        |   |   | Port A           | 1      | 0      | 
|bram_1rw:                 | ram_reg             | 64 x 32(NO_CHANGE)     | W | R |                        |   |   | Port A           | 1      | 0      | 
|bram_1rw__parameterized0: | ram_reg             | 64 x 20(NO_CHANGE)     | W | R |                        |   |   | Port A           | 1      | 0      | 
|bram_1rw__parameterized0: | ram_reg             | 64 x 20(NO_CHANGE)     | W | R |                        |   |   | Port A           | 1      | 0      | 
|bram_1rw__parameterized0: | ram_reg             | 64 x 20(NO_CHANGE)     | W | R |                        |   |   | Port A           | 1      | 0      | 
|bram_1rw__parameterized0: | ram_reg             | 64 x 20(NO_CHANGE)     | W | R |                        |   |   | Port A           | 1      | 0      | 
|bram_1rw:                 | ram_reg             | 64 x 32(NO_CHANGE)     | W | R |                        |   |   | Port A           | 1      | 0      | 
|bram_1rw:                 | ram_reg             | 64 x 32(NO_CHANGE)     | W | R |                        |   |   | Port A           | 1      | 0      | 
|bram_1rw:                 | ram_reg             | 64 x 32(NO_CHANGE)     | W | R |                        |   |   | Port A           | 1      | 0      | 
|bram_1rw:                 | ram_reg             | 64 x 32(NO_CHANGE)     | W | R |                        |   |   | Port A           | 1      | 0      | 
|bram_1rw:                 | ram_reg             | 64 x 32(NO_CHANGE)     | W | R |                        |   |   | Port A           | 1      | 0      | 
|bram_1rw:                 | ram_reg             | 64 x 32(NO_CHANGE)     | W | R |                        |   |   | Port A           | 1      | 0      | 
|bram_1rw:                 | ram_reg             | 64 x 32(NO_CHANGE)     | W | R |                        |   |   | Port A           | 1      | 0      | 
|bram_1rw:                 | ram_reg             | 64 x 32(NO_CHANGE)     | W | R |                        |   |   | Port A           | 1      | 0      | 
|bram_1rw:                 | ram_reg             | 64 x 32(NO_CHANGE)     | W | R |                        |   |   | Port A           | 1      | 0      | 
|bram_1rw:                 | ram_reg             | 64 x 32(NO_CHANGE)     | W | R |                        |   |   | Port A           | 1      | 0      | 
|bram_1rw:                 | ram_reg             | 64 x 32(NO_CHANGE)     | W | R |                        |   |   | Port A           | 1      | 0      | 
|bram_1rw:                 | ram_reg             | 64 x 32(NO_CHANGE)     | W | R |                        |   |   | Port A           | 1      | 0      | 
|bram_1rw:                 | ram_reg             | 64 x 32(NO_CHANGE)     | W | R |                        |   |   | Port A           | 1      | 0      | 
|bram_1rw:                 | ram_reg             | 64 x 32(NO_CHANGE)     | W | R |                        |   |   | Port A           | 1      | 0      | 
|bram_1rw:                 | ram_reg             | 64 x 32(NO_CHANGE)     | W | R |                        |   |   | Port A           | 1      | 0      | 
|bram_1rw:                 | ram_reg             | 64 x 32(NO_CHANGE)     | W | R |                        |   |   | Port A           | 1      | 0      | 
|bram_1rw:                 | ram_reg             | 64 x 32(NO_CHANGE)     | W | R |                        |   |   | Port A           | 1      | 0      | 
|bram_1rw:                 | ram_reg             | 64 x 32(NO_CHANGE)     | W | R |                        |   |   | Port A           | 1      | 0      | 
|bram_1rw:                 | ram_reg             | 64 x 32(NO_CHANGE)     | W | R |                        |   |   | Port A           | 1      | 0      | 
|bram_1rw:                 | ram_reg             | 64 x 32(NO_CHANGE)     | W | R |                        |   |   | Port A           | 1      | 0      | 
|bram_1rw:                 | ram_reg             | 64 x 32(NO_CHANGE)     | W | R |                        |   |   | Port A           | 1      | 0      | 
|bram_1rw:                 | ram_reg             | 64 x 32(NO_CHANGE)     | W | R |                        |   |   | Port A           | 1      | 0      | 
|bram_1rw:                 | ram_reg             | 64 x 32(NO_CHANGE)     | W | R |                        |   |   | Port A           | 1      | 0      | 
|bram_1rw:                 | ram_reg             | 64 x 32(NO_CHANGE)     | W | R |                        |   |   | Port A           | 1      | 0      | 
|bram_1rw:                 | ram_reg             | 64 x 32(NO_CHANGE)     | W | R |                        |   |   | Port A           | 1      | 0      | 
|bram_1rw:                 | ram_reg             | 64 x 32(NO_CHANGE)     | W | R |                        |   |   | Port A           | 1      | 0      | 
|bram_1rw:                 | ram_reg             | 64 x 32(NO_CHANGE)     | W | R |                        |   |   | Port A           | 1      | 0      | 
|bram_1rw:                 | ram_reg             | 64 x 32(NO_CHANGE)     | W | R |                        |   |   | Port A           | 1      | 0      | 
|bram_1rw:                 | ram_reg             | 64 x 32(NO_CHANGE)     | W | R |                        |   |   | Port A           | 1      | 0      | 
|bram_1rw:                 | ram_reg             | 64 x 32(NO_CHANGE)     | W | R |                        |   |   | Port A           | 1      | 0      | 
|bram_1rw:                 | ram_reg             | 64 x 32(NO_CHANGE)     | W | R |                        |   |   | Port A           | 1      | 0      | 
|bram_1rw:                 | ram_reg             | 64 x 32(NO_CHANGE)     | W | R |                        |   |   | Port A           | 1      | 0      | 
|bram_1rw:                 | ram_reg             | 64 x 32(NO_CHANGE)     | W | R |                        |   |   | Port A           | 1      | 0      | 
|bram_1rw:                 | ram_reg             | 64 x 32(NO_CHANGE)     | W | R |                        |   |   | Port A           | 1      | 0      | 
|bram_1rw:                 | ram_reg             | 64 x 32(NO_CHANGE)     | W | R |                        |   |   | Port A           | 1      | 0      | 
|bram_1rw:                 | ram_reg             | 64 x 32(NO_CHANGE)     | W | R |                        |   |   | Port A           | 1      | 0      | 
|bram_1rw:                 | ram_reg             | 64 x 32(NO_CHANGE)     | W | R |                        |   |   | Port A           | 1      | 0      | 
|bram_1rw:                 | ram_reg             | 64 x 32(NO_CHANGE)     | W | R |                        |   |   | Port A           | 1      | 0      | 
|bram_1rw:                 | ram_reg             | 64 x 32(NO_CHANGE)     | W | R |                        |   |   | Port A           | 1      | 0      | 
|bram_1rw:                 | ram_reg             | 64 x 32(NO_CHANGE)     | W | R |                        |   |   | Port A           | 1      | 0      | 
|bram_1rw:                 | ram_reg             | 64 x 32(NO_CHANGE)     | W | R |                        |   |   | Port A           | 1      | 0      | 
|bram_1rw:                 | ram_reg             | 64 x 32(NO_CHANGE)     | W | R |                        |   |   | Port A           | 1      | 0      | 
|bram_1rw:                 | ram_reg             | 64 x 32(NO_CHANGE)     | W | R |                        |   |   | Port A           | 1      | 0      | 
|bram_1rw:                 | ram_reg             | 64 x 32(NO_CHANGE)     | W | R |                        |   |   | Port A           | 1      | 0      | 
|bram_1rw:                 | ram_reg             | 64 x 32(NO_CHANGE)     | W | R |                        |   |   | Port A           | 1      | 0      | 
|bram_1rw:                 | ram_reg             | 64 x 32(NO_CHANGE)     | W | R |                        |   |   | Port A           | 1      | 0      | 
|bram_1rw:                 | ram_reg             | 64 x 32(NO_CHANGE)     | W | R |                        |   |   | Port A           | 1      | 0      | 
|bram_1rw:                 | ram_reg             | 64 x 32(NO_CHANGE)     | W | R |                        |   |   | Port A           | 1      | 0      | 
|bram_1rw:                 | ram_reg             | 64 x 32(NO_CHANGE)     | W | R |                        |   |   | Port A           | 1      | 0      | 
|bram_1rw:                 | ram_reg             | 64 x 32(NO_CHANGE)     | W | R |                        |   |   | Port A           | 1      | 0      | 
|bram_1rw:                 | ram_reg             | 64 x 32(NO_CHANGE)     | W | R |                        |   |   | Port A           | 1      | 0      | 
|bram_1rw:                 | ram_reg             | 64 x 32(NO_CHANGE)     | W | R |                        |   |   | Port A           | 1      | 0      | 
|bram_1rw:                 | ram_reg             | 64 x 32(NO_CHANGE)     | W | R |                        |   |   | Port A           | 1      | 0      | 
|bram_1rw:                 | ram_reg             | 64 x 32(NO_CHANGE)     | W | R |                        |   |   | Port A           | 1      | 0      | 
|bram_1rw:                 | ram_reg             | 64 x 32(NO_CHANGE)     | W | R |                        |   |   | Port A           | 1      | 0      | 
|bram_1rw:                 | ram_reg             | 64 x 32(NO_CHANGE)     | W | R |                        |   |   | Port A           | 1      | 0      | 
|bram_1rw:                 | ram_reg             | 64 x 32(NO_CHANGE)     | W | R |                        |   |   | Port A           | 1      | 0      | 
|bram_1rw:                 | ram_reg             | 64 x 32(NO_CHANGE)     | W | R |                        |   |   | Port A           | 1      | 0      | 
|bram_1rw:                 | ram_reg             | 64 x 32(NO_CHANGE)     | W | R |                        |   |   | Port A           | 1      | 0      | 
|bram_1rw:                 | ram_reg             | 64 x 32(NO_CHANGE)     | W | R |                        |   |   | Port A           | 1      | 0      | 
|bram_1rw:                 | ram_reg             | 64 x 32(NO_CHANGE)     | W | R |                        |   |   | Port A           | 1      | 0      | 
|bram_1rw:                 | ram_reg             | 64 x 32(NO_CHANGE)     | W | R |                        |   |   | Port A           | 1      | 0      | 
|bram_1rw:                 | ram_reg             | 64 x 32(NO_CHANGE)     | W | R |                        |   |   | Port A           | 1      | 0      | 
|bram_1rw:                 | ram_reg             | 64 x 32(NO_CHANGE)     | W | R |                        |   |   | Port A           | 1      | 0      | 
|bram_1rw__parameterized0: | ram_reg             | 64 x 20(NO_CHANGE)     | W | R |                        |   |   | Port A           | 1      | 0      | 
|bram_1rw__parameterized0: | ram_reg             | 64 x 20(NO_CHANGE)     | W | R |                        |   |   | Port A           | 1      | 0      | 
|bram_1rw__parameterized0: | ram_reg             | 64 x 20(NO_CHANGE)     | W | R |                        |   |   | Port A           | 1      | 0      | 
|bram_1rw__parameterized0: | ram_reg             | 64 x 20(NO_CHANGE)     | W | R |                        |   |   | Port A           | 1      | 0      | 
|BRAM2BELoad:              | portb_we[1].RAM_reg | 2 K x 32(WRITE_FIRST)  | W | R | 2 K x 32(WRITE_FIRST)  | W | R | Port A and B     | 0      | 2      | 
|cnn_axi_slave_wrapper:    | output_mem_reg      | 16 K x 32(READ_FIRST)  | W |   | 16 K x 32(WRITE_FIRST) |   | R | Port A and B     | 0      | 16     | 
+--------------------------+---------------------+------------------------+---+---+------------------------+---+---+------------------+--------+--------+

Note: The table above is a preliminary report that shows the Block RAMs at the current stage of the synthesis flow. Some Block RAMs may be reimplemented as non Block RAM primitives later in the synthesis flow. Multiple instantiated Block RAMs are reported only once. 

Distributed RAM: Preliminary Mapping  Report (see note below)
+-------------+------------------------------+----------------+----------------------+-----------------+
|Module Name  | RTL Object                   | Inference      | Size (Depth x Width) | Primitives      | 
+-------------+------------------------------+----------------+----------------------+-----------------+
|stage2       | registerfile/xrf/arr_reg     | User Attribute | 32 x 32              | RAM32M x 12     | 
|\stage0/bpu  | rg_bht_arr_0/arr_reg         | User Attribute | 256 x 2              | RAM128X1D x 4   | 
|\stage0/bpu  | rg_bht_arr_1/arr_reg         | User Attribute | 256 x 2              | RAM128X1D x 4   | 
|\stage0/bpu  | ras_stack_array_reg/arr_reg  | User Attribute | 8 x 32               | RAM32M x 6      | 
|gptimer2     | ff_rd_request/fifoMem_reg    | Implied        | 4 x 37               | RAM32M x 7      | 
|gptimer2     | ff_rd_response/fifoMem_reg   | Implied        | 4 x 34               | RAM32M x 6      | 
|gptimer2     | ff_wdata_request/fifoMem_reg | Implied        | 4 x 36               | RAM32M x 6      | 
|gptimer2     | ff_wr_request/fifoMem_reg    | Implied        | 4 x 37               | RAM32M x 7      | 
|gptimer2     | ff_wr_response/fifoMem_reg   | Implied        | 4 x 2                | RAM16X1D x 2    | 
|gptimer1     | ff_rd_request/fifoMem_reg    | Implied        | 4 x 37               | RAM32M x 7      | 
|gptimer1     | ff_rd_response/fifoMem_reg   | Implied        | 4 x 34               | RAM32M x 6      | 
|gptimer1     | ff_wdata_request/fifoMem_reg | Implied        | 4 x 36               | RAM32M x 6      | 
|gptimer1     | ff_wr_request/fifoMem_reg    | Implied        | 4 x 37               | RAM32M x 7      | 
|gptimer1     | ff_wr_response/fifoMem_reg   | Implied        | 4 x 2                | RAM16X1D x 2    | 
|gptimer3     | ff_rd_request/fifoMem_reg    | Implied        | 4 x 37               | RAM32M x 7      | 
|gptimer3     | ff_rd_response/fifoMem_reg   | Implied        | 4 x 34               | RAM32M x 6      | 
|gptimer3     | ff_wdata_request/fifoMem_reg | Implied        | 4 x 36               | RAM32M x 6      | 
|gptimer3     | ff_wr_request/fifoMem_reg    | Implied        | 4 x 37               | RAM32M x 7      | 
|gptimer3     | ff_wr_response/fifoMem_reg   | Implied        | 4 x 2                | RAM16X1D x 2    | 
|gptimer0     | ff_rd_request/fifoMem_reg    | Implied        | 4 x 37               | RAM32M x 7      | 
|gptimer0     | ff_rd_response/fifoMem_reg   | Implied        | 4 x 34               | RAM32M x 6      | 
|gptimer0     | ff_wdata_request/fifoMem_reg | Implied        | 4 x 36               | RAM32M x 6      | 
|gptimer0     | ff_wr_request/fifoMem_reg    | Implied        | 4 x 37               | RAM32M x 7      | 
|gptimer0     | ff_wr_response/fifoMem_reg   | Implied        | 4 x 2                | RAM16X1D x 2    | 
+-------------+------------------------------+----------------+----------------------+-----------------+

Note: The table above is a preliminary report that shows the Distributed RAMs at the current stage of the synthesis flow. Some Distributed RAMs may be reimplemented as non Distributed RAM primitives later in the synthesis flow. Multiple instantiated RAMs are reported only once.

DSP: Preliminary Mapping  Report (see note below)
+------------+-----------------+--------+--------+--------+--------+--------+------+------+------+------+-------+------+------+
|Module Name | DSP Mapping     | A Size | B Size | C Size | D Size | P Size | AREG | BREG | CREG | DREG | ADREG | MREG | PREG | 
+------------+-----------------+--------+--------+--------+--------+--------+------+------+------+------+-------+------+------+
|mkmbox      | A2*B            | 18     | 16     | -      | -      | 48     | 1    | 0    | -    | -    | -     | 0    | 0    | 
|mkmbox      | (PCIN>>17)+A*B  | 16     | 16     | -      | -      | 48     | 0    | 0    | -    | -    | -     | 0    | 0    | 
|mkmbox      | A2*B2           | 18     | 18     | -      | -      | 48     | 1    | 1    | -    | -    | -     | 0    | 0    | 
|mkmbox      | (PCIN>>17)+A2*B | 18     | 16     | -      | -      | 48     | 1    | 0    | -    | -    | -     | 0    | 0    | 
+------------+-----------------+--------+--------+--------+--------+--------+------+------+------+------+-------+------+------+

Note: The table above is a preliminary report that shows the DSPs inferred at the current stage of the synthesis flow. Some DSP may be reimplemented as non DSP primitives later in the synthesis flow. Multiple instantiated DSPs are reported only once.
---------------------------------------------------------------------------------
Finished ROM, RAM, DSP and Shift Register Reporting
---------------------------------------------------------------------------------
INFO: [Synth 8-6837] The timing for the instance dcachei_1/m_data/i_4/v_data_0_ram_single_0/ram_reg (implemented as a Block RAM) might be sub-optimal as no optional output register could be merged into the block ram. Providing additional output register may help in improving timing.
INFO: [Synth 8-6837] The timing for the instance dcachei_1/m_data/i_4/v_data_0_ram_single_0/ram_reg (implemented as a Block RAM) might be sub-optimal as no optional output register could be merged into the block ram. Providing additional output register may help in improving timing.
INFO: [Synth 8-6837] The timing for the instance dcachei_1/m_data/i_5/v_data_0_ram_single_1/ram_reg (implemented as a Block RAM) might be sub-optimal as no optional output register could be merged into the block ram. Providing additional output register may help in improving timing.
INFO: [Synth 8-6837] The timing for the instance dcachei_1/m_data/i_5/v_data_0_ram_single_1/ram_reg (implemented as a Block RAM) might be sub-optimal as no optional output register could be merged into the block ram. Providing additional output register may help in improving timing.
INFO: [Synth 8-6837] The timing for the instance dcachei_1/m_data/i_6/v_data_0_ram_single_10/ram_reg (implemented as a Block RAM) might be sub-optimal as no optional output register could be merged into the block ram. Providing additional output register may help in improving timing.
INFO: [Synth 8-6837] The timing for the instance dcachei_1/m_data/i_6/v_data_0_ram_single_10/ram_reg (implemented as a Block RAM) might be sub-optimal as no optional output register could be merged into the block ram. Providing additional output register may help in improving timing.
INFO: [Synth 8-6837] The timing for the instance dcachei_1/m_data/i_7/v_data_0_ram_single_11/ram_reg (implemented as a Block RAM) might be sub-optimal as no optional output register could be merged into the block ram. Providing additional output register may help in improving timing.
INFO: [Synth 8-6837] The timing for the instance dcachei_1/m_data/i_7/v_data_0_ram_single_11/ram_reg (implemented as a Block RAM) might be sub-optimal as no optional output register could be merged into the block ram. Providing additional output register may help in improving timing.
INFO: [Synth 8-6837] The timing for the instance dcachei_1/m_data/i_8/v_data_0_ram_single_12/ram_reg (implemented as a Block RAM) might be sub-optimal as no optional output register could be merged into the block ram. Providing additional output register may help in improving timing.
INFO: [Synth 8-6837] The timing for the instance dcachei_1/m_data/i_8/v_data_0_ram_single_12/ram_reg (implemented as a Block RAM) might be sub-optimal as no optional output register could be merged into the block ram. Providing additional output register may help in improving timing.
INFO: [Synth 8-6837] The timing for the instance dcachei_1/m_data/i_9/v_data_0_ram_single_13/ram_reg (implemented as a Block RAM) might be sub-optimal as no optional output register could be merged into the block ram. Providing additional output register may help in improving timing.
INFO: [Synth 8-6837] The timing for the instance dcachei_1/m_data/i_9/v_data_0_ram_single_13/ram_reg (implemented as a Block RAM) might be sub-optimal as no optional output register could be merged into the block ram. Providing additional output register may help in improving timing.
INFO: [Synth 8-6837] The timing for the instance dcachei_1/m_data/i_10/v_data_0_ram_single_14/ram_reg (implemented as a Block RAM) might be sub-optimal as no optional output register could be merged into the block ram. Providing additional output register may help in improving timing.
INFO: [Synth 8-6837] The timing for the instance dcachei_1/m_data/i_10/v_data_0_ram_single_14/ram_reg (implemented as a Block RAM) might be sub-optimal as no optional output register could be merged into the block ram. Providing additional output register may help in improving timing.
INFO: [Synth 8-6837] The timing for the instance dcachei_1/m_data/i_11/v_data_0_ram_single_15/ram_reg (implemented as a Block RAM) might be sub-optimal as no optional output register could be merged into the block ram. Providing additional output register may help in improving timing.
INFO: [Synth 8-6837] The timing for the instance dcachei_1/m_data/i_11/v_data_0_ram_single_15/ram_reg (implemented as a Block RAM) might be sub-optimal as no optional output register could be merged into the block ram. Providing additional output register may help in improving timing.
INFO: [Synth 8-6837] The timing for the instance dcachei_1/m_data/i_12/v_data_0_ram_single_2/ram_reg (implemented as a Block RAM) might be sub-optimal as no optional output register could be merged into the block ram. Providing additional output register may help in improving timing.
INFO: [Synth 8-6837] The timing for the instance dcachei_1/m_data/i_12/v_data_0_ram_single_2/ram_reg (implemented as a Block RAM) might be sub-optimal as no optional output register could be merged into the block ram. Providing additional output register may help in improving timing.
INFO: [Synth 8-6837] The timing for the instance dcachei_1/m_data/i_13/v_data_0_ram_single_3/ram_reg (implemented as a Block RAM) might be sub-optimal as no optional output register could be merged into the block ram. Providing additional output register may help in improving timing.
INFO: [Synth 8-6837] The timing for the instance dcachei_1/m_data/i_13/v_data_0_ram_single_3/ram_reg (implemented as a Block RAM) might be sub-optimal as no optional output register could be merged into the block ram. Providing additional output register may help in improving timing.
INFO: [Synth 8-6837] The timing for the instance dcachei_1/m_data/i_14/v_data_0_ram_single_4/ram_reg (implemented as a Block RAM) might be sub-optimal as no optional output register could be merged into the block ram. Providing additional output register may help in improving timing.
INFO: [Synth 8-6837] The timing for the instance dcachei_1/m_data/i_14/v_data_0_ram_single_4/ram_reg (implemented as a Block RAM) might be sub-optimal as no optional output register could be merged into the block ram. Providing additional output register may help in improving timing.
INFO: [Synth 8-6837] The timing for the instance dcachei_1/m_data/i_15/v_data_0_ram_single_5/ram_reg (implemented as a Block RAM) might be sub-optimal as no optional output register could be merged into the block ram. Providing additional output register may help in improving timing.
INFO: [Synth 8-6837] The timing for the instance dcachei_1/m_data/i_15/v_data_0_ram_single_5/ram_reg (implemented as a Block RAM) might be sub-optimal as no optional output register could be merged into the block ram. Providing additional output register may help in improving timing.
INFO: [Synth 8-6837] The timing for the instance dcachei_1/m_data/i_16/v_data_0_ram_single_6/ram_reg (implemented as a Block RAM) might be sub-optimal as no optional output register could be merged into the block ram. Providing additional output register may help in improving timing.
INFO: [Synth 8-6837] The timing for the instance dcachei_1/m_data/i_16/v_data_0_ram_single_6/ram_reg (implemented as a Block RAM) might be sub-optimal as no optional output register could be merged into the block ram. Providing additional output register may help in improving timing.
INFO: [Synth 8-6837] The timing for the instance dcachei_1/m_data/i_17/v_data_0_ram_single_7/ram_reg (implemented as a Block RAM) might be sub-optimal as no optional output register could be merged into the block ram. Providing additional output register may help in improving timing.
INFO: [Synth 8-6837] The timing for the instance dcachei_1/m_data/i_17/v_data_0_ram_single_7/ram_reg (implemented as a Block RAM) might be sub-optimal as no optional output register could be merged into the block ram. Providing additional output register may help in improving timing.
INFO: [Synth 8-6837] The timing for the instance dcachei_1/m_data/i_18/v_data_0_ram_single_8/ram_reg (implemented as a Block RAM) might be sub-optimal as no optional output register could be merged into the block ram. Providing additional output register may help in improving timing.
INFO: [Synth 8-6837] The timing for the instance dcachei_1/m_data/i_18/v_data_0_ram_single_8/ram_reg (implemented as a Block RAM) might be sub-optimal as no optional output register could be merged into the block ram. Providing additional output register may help in improving timing.
INFO: [Synth 8-6837] The timing for the instance dcachei_1/m_data/i_19/v_data_0_ram_single_9/ram_reg (implemented as a Block RAM) might be sub-optimal as no optional output register could be merged into the block ram. Providing additional output register may help in improving timing.
INFO: [Synth 8-6837] The timing for the instance dcachei_1/m_data/i_19/v_data_0_ram_single_9/ram_reg (implemented as a Block RAM) might be sub-optimal as no optional output register could be merged into the block ram. Providing additional output register may help in improving timing.
INFO: [Synth 8-6837] The timing for the instance dcachei_1/m_data/i_20/v_data_1_ram_single_0/ram_reg (implemented as a Block RAM) might be sub-optimal as no optional output register could be merged into the block ram. Providing additional output register may help in improving timing.
INFO: [Synth 8-6837] The timing for the instance dcachei_1/m_data/i_20/v_data_1_ram_single_0/ram_reg (implemented as a Block RAM) might be sub-optimal as no optional output register could be merged into the block ram. Providing additional output register may help in improving timing.
INFO: [Synth 8-6837] The timing for the instance dcachei_1/m_data/i_21/v_data_1_ram_single_1/ram_reg (implemented as a Block RAM) might be sub-optimal as no optional output register could be merged into the block ram. Providing additional output register may help in improving timing.
INFO: [Synth 8-6837] The timing for the instance dcachei_1/m_data/i_21/v_data_1_ram_single_1/ram_reg (implemented as a Block RAM) might be sub-optimal as no optional output register could be merged into the block ram. Providing additional output register may help in improving timing.
INFO: [Synth 8-6837] The timing for the instance dcachei_1/m_data/i_22/v_data_1_ram_single_10/ram_reg (implemented as a Block RAM) might be sub-optimal as no optional output register could be merged into the block ram. Providing additional output register may help in improving timing.
INFO: [Synth 8-6837] The timing for the instance dcachei_1/m_data/i_22/v_data_1_ram_single_10/ram_reg (implemented as a Block RAM) might be sub-optimal as no optional output register could be merged into the block ram. Providing additional output register may help in improving timing.
INFO: [Synth 8-6837] The timing for the instance dcachei_1/m_data/i_23/v_data_1_ram_single_11/ram_reg (implemented as a Block RAM) might be sub-optimal as no optional output register could be merged into the block ram. Providing additional output register may help in improving timing.
INFO: [Synth 8-6837] The timing for the instance dcachei_1/m_data/i_23/v_data_1_ram_single_11/ram_reg (implemented as a Block RAM) might be sub-optimal as no optional output register could be merged into the block ram. Providing additional output register may help in improving timing.
INFO: [Synth 8-6837] The timing for the instance dcachei_1/m_data/i_24/v_data_1_ram_single_12/ram_reg (implemented as a Block RAM) might be sub-optimal as no optional output register could be merged into the block ram. Providing additional output register may help in improving timing.
INFO: [Synth 8-6837] The timing for the instance dcachei_1/m_data/i_24/v_data_1_ram_single_12/ram_reg (implemented as a Block RAM) might be sub-optimal as no optional output register could be merged into the block ram. Providing additional output register may help in improving timing.
INFO: [Synth 8-6837] The timing for the instance dcachei_1/m_data/i_25/v_data_1_ram_single_13/ram_reg (implemented as a Block RAM) might be sub-optimal as no optional output register could be merged into the block ram. Providing additional output register may help in improving timing.
INFO: [Synth 8-6837] The timing for the instance dcachei_1/m_data/i_25/v_data_1_ram_single_13/ram_reg (implemented as a Block RAM) might be sub-optimal as no optional output register could be merged into the block ram. Providing additional output register may help in improving timing.
INFO: [Synth 8-6837] The timing for the instance dcachei_1/m_data/i_26/v_data_1_ram_single_14/ram_reg (implemented as a Block RAM) might be sub-optimal as no optional output register could be merged into the block ram. Providing additional output register may help in improving timing.
INFO: [Synth 8-6837] The timing for the instance dcachei_1/m_data/i_26/v_data_1_ram_single_14/ram_reg (implemented as a Block RAM) might be sub-optimal as no optional output register could be merged into the block ram. Providing additional output register may help in improving timing.
INFO: [Synth 8-6837] The timing for the instance dcachei_1/m_data/i_27/v_data_1_ram_single_15/ram_reg (implemented as a Block RAM) might be sub-optimal as no optional output register could be merged into the block ram. Providing additional output register may help in improving timing.
INFO: [Synth 8-6837] The timing for the instance dcachei_1/m_data/i_27/v_data_1_ram_single_15/ram_reg (implemented as a Block RAM) might be sub-optimal as no optional output register could be merged into the block ram. Providing additional output register may help in improving timing.
INFO: [Synth 8-6837] The timing for the instance dcachei_1/m_data/i_28/v_data_1_ram_single_2/ram_reg (implemented as a Block RAM) might be sub-optimal as no optional output register could be merged into the block ram. Providing additional output register may help in improving timing.
INFO: [Synth 8-6837] The timing for the instance dcachei_1/m_data/i_28/v_data_1_ram_single_2/ram_reg (implemented as a Block RAM) might be sub-optimal as no optional output register could be merged into the block ram. Providing additional output register may help in improving timing.
INFO: [Synth 8-6837] The timing for the instance dcachei_1/m_data/i_29/v_data_1_ram_single_3/ram_reg (implemented as a Block RAM) might be sub-optimal as no optional output register could be merged into the block ram. Providing additional output register may help in improving timing.
INFO: [Synth 8-6837] The timing for the instance dcachei_1/m_data/i_29/v_data_1_ram_single_3/ram_reg (implemented as a Block RAM) might be sub-optimal as no optional output register could be merged into the block ram. Providing additional output register may help in improving timing.
INFO: [Synth 8-6837] The timing for the instance dcachei_1/m_data/i_30/v_data_1_ram_single_4/ram_reg (implemented as a Block RAM) might be sub-optimal as no optional output register could be merged into the block ram. Providing additional output register may help in improving timing.
INFO: [Synth 8-6837] The timing for the instance dcachei_1/m_data/i_30/v_data_1_ram_single_4/ram_reg (implemented as a Block RAM) might be sub-optimal as no optional output register could be merged into the block ram. Providing additional output register may help in improving timing.
INFO: [Synth 8-6837] The timing for the instance dcachei_1/m_data/i_31/v_data_1_ram_single_5/ram_reg (implemented as a Block RAM) might be sub-optimal as no optional output register could be merged into the block ram. Providing additional output register may help in improving timing.
INFO: [Synth 8-6837] The timing for the instance dcachei_1/m_data/i_31/v_data_1_ram_single_5/ram_reg (implemented as a Block RAM) might be sub-optimal as no optional output register could be merged into the block ram. Providing additional output register may help in improving timing.
INFO: [Synth 8-6837] The timing for the instance dcachei_1/m_data/i_32/v_data_1_ram_single_6/ram_reg (implemented as a Block RAM) might be sub-optimal as no optional output register could be merged into the block ram. Providing additional output register may help in improving timing.
INFO: [Synth 8-6837] The timing for the instance dcachei_1/m_data/i_32/v_data_1_ram_single_6/ram_reg (implemented as a Block RAM) might be sub-optimal as no optional output register could be merged into the block ram. Providing additional output register may help in improving timing.
INFO: [Synth 8-6837] The timing for the instance dcachei_1/m_data/i_33/v_data_1_ram_single_7/ram_reg (implemented as a Block RAM) might be sub-optimal as no optional output register could be merged into the block ram. Providing additional output register may help in improving timing.
INFO: [Synth 8-6837] The timing for the instance dcachei_1/m_data/i_33/v_data_1_ram_single_7/ram_reg (implemented as a Block RAM) might be sub-optimal as no optional output register could be merged into the block ram. Providing additional output register may help in improving timing.
INFO: [Synth 8-6837] The timing for the instance dcachei_1/m_data/i_34/v_data_1_ram_single_8/ram_reg (implemented as a Block RAM) might be sub-optimal as no optional output register could be merged into the block ram. Providing additional output register may help in improving timing.
INFO: [Synth 8-6837] The timing for the instance dcachei_1/m_data/i_34/v_data_1_ram_single_8/ram_reg (implemented as a Block RAM) might be sub-optimal as no optional output register could be merged into the block ram. Providing additional output register may help in improving timing.
INFO: [Synth 8-6837] The timing for the instance dcachei_1/m_data/i_35/v_data_1_ram_single_9/ram_reg (implemented as a Block RAM) might be sub-optimal as no optional output register could be merged into the block ram. Providing additional output register may help in improving timing.
INFO: [Synth 8-6837] The timing for the instance dcachei_1/m_data/i_35/v_data_1_ram_single_9/ram_reg (implemented as a Block RAM) might be sub-optimal as no optional output register could be merged into the block ram. Providing additional output register may help in improving timing.
INFO: [Synth 8-6837] The timing for the instance dcachei_1/m_data/i_36/v_data_2_ram_single_0/ram_reg (implemented as a Block RAM) might be sub-optimal as no optional output register could be merged into the block ram. Providing additional output register may help in improving timing.
INFO: [Synth 8-6837] The timing for the instance dcachei_1/m_data/i_36/v_data_2_ram_single_0/ram_reg (implemented as a Block RAM) might be sub-optimal as no optional output register could be merged into the block ram. Providing additional output register may help in improving timing.
INFO: [Synth 8-6837] The timing for the instance dcachei_1/m_data/i_37/v_data_2_ram_single_1/ram_reg (implemented as a Block RAM) might be sub-optimal as no optional output register could be merged into the block ram. Providing additional output register may help in improving timing.
INFO: [Synth 8-6837] The timing for the instance dcachei_1/m_data/i_37/v_data_2_ram_single_1/ram_reg (implemented as a Block RAM) might be sub-optimal as no optional output register could be merged into the block ram. Providing additional output register may help in improving timing.
INFO: [Synth 8-6837] The timing for the instance dcachei_1/m_data/i_38/v_data_2_ram_single_10/ram_reg (implemented as a Block RAM) might be sub-optimal as no optional output register could be merged into the block ram. Providing additional output register may help in improving timing.
INFO: [Synth 8-6837] The timing for the instance dcachei_1/m_data/i_38/v_data_2_ram_single_10/ram_reg (implemented as a Block RAM) might be sub-optimal as no optional output register could be merged into the block ram. Providing additional output register may help in improving timing.
INFO: [Synth 8-6837] The timing for the instance dcachei_1/m_data/i_39/v_data_2_ram_single_11/ram_reg (implemented as a Block RAM) might be sub-optimal as no optional output register could be merged into the block ram. Providing additional output register may help in improving timing.
INFO: [Synth 8-6837] The timing for the instance dcachei_1/m_data/i_39/v_data_2_ram_single_11/ram_reg (implemented as a Block RAM) might be sub-optimal as no optional output register could be merged into the block ram. Providing additional output register may help in improving timing.
INFO: [Synth 8-6837] The timing for the instance dcachei_1/m_data/i_40/v_data_2_ram_single_12/ram_reg (implemented as a Block RAM) might be sub-optimal as no optional output register could be merged into the block ram. Providing additional output register may help in improving timing.
INFO: [Synth 8-6837] The timing for the instance dcachei_1/m_data/i_40/v_data_2_ram_single_12/ram_reg (implemented as a Block RAM) might be sub-optimal as no optional output register could be merged into the block ram. Providing additional output register may help in improving timing.
INFO: [Synth 8-6837] The timing for the instance dcachei_1/m_data/i_41/v_data_2_ram_single_13/ram_reg (implemented as a Block RAM) might be sub-optimal as no optional output register could be merged into the block ram. Providing additional output register may help in improving timing.
INFO: [Synth 8-6837] The timing for the instance dcachei_1/m_data/i_41/v_data_2_ram_single_13/ram_reg (implemented as a Block RAM) might be sub-optimal as no optional output register could be merged into the block ram. Providing additional output register may help in improving timing.
INFO: [Synth 8-6837] The timing for the instance dcachei_1/m_data/i_42/v_data_2_ram_single_14/ram_reg (implemented as a Block RAM) might be sub-optimal as no optional output register could be merged into the block ram. Providing additional output register may help in improving timing.
INFO: [Synth 8-6837] The timing for the instance dcachei_1/m_data/i_42/v_data_2_ram_single_14/ram_reg (implemented as a Block RAM) might be sub-optimal as no optional output register could be merged into the block ram. Providing additional output register may help in improving timing.
INFO: [Synth 8-6837] The timing for the instance dcachei_1/m_data/i_43/v_data_2_ram_single_15/ram_reg (implemented as a Block RAM) might be sub-optimal as no optional output register could be merged into the block ram. Providing additional output register may help in improving timing.
INFO: [Synth 8-6837] The timing for the instance dcachei_1/m_data/i_43/v_data_2_ram_single_15/ram_reg (implemented as a Block RAM) might be sub-optimal as no optional output register could be merged into the block ram. Providing additional output register may help in improving timing.
INFO: [Synth 8-6837] The timing for the instance dcachei_1/m_data/i_44/v_data_2_ram_single_2/ram_reg (implemented as a Block RAM) might be sub-optimal as no optional output register could be merged into the block ram. Providing additional output register may help in improving timing.
INFO: [Synth 8-6837] The timing for the instance dcachei_1/m_data/i_44/v_data_2_ram_single_2/ram_reg (implemented as a Block RAM) might be sub-optimal as no optional output register could be merged into the block ram. Providing additional output register may help in improving timing.
INFO: [Synth 8-6837] The timing for the instance dcachei_1/m_data/i_45/v_data_2_ram_single_3/ram_reg (implemented as a Block RAM) might be sub-optimal as no optional output register could be merged into the block ram. Providing additional output register may help in improving timing.
INFO: [Synth 8-6837] The timing for the instance dcachei_1/m_data/i_45/v_data_2_ram_single_3/ram_reg (implemented as a Block RAM) might be sub-optimal as no optional output register could be merged into the block ram. Providing additional output register may help in improving timing.
INFO: [Synth 8-6837] The timing for the instance dcachei_1/m_data/i_46/v_data_2_ram_single_4/ram_reg (implemented as a Block RAM) might be sub-optimal as no optional output register could be merged into the block ram. Providing additional output register may help in improving timing.
INFO: [Synth 8-6837] The timing for the instance dcachei_1/m_data/i_46/v_data_2_ram_single_4/ram_reg (implemented as a Block RAM) might be sub-optimal as no optional output register could be merged into the block ram. Providing additional output register may help in improving timing.
INFO: [Synth 8-6837] The timing for the instance dcachei_1/m_data/i_47/v_data_2_ram_single_5/ram_reg (implemented as a Block RAM) might be sub-optimal as no optional output register could be merged into the block ram. Providing additional output register may help in improving timing.
INFO: [Synth 8-6837] The timing for the instance dcachei_1/m_data/i_47/v_data_2_ram_single_5/ram_reg (implemented as a Block RAM) might be sub-optimal as no optional output register could be merged into the block ram. Providing additional output register may help in improving timing.
INFO: [Synth 8-6837] The timing for the instance dcachei_1/m_data/i_48/v_data_2_ram_single_6/ram_reg (implemented as a Block RAM) might be sub-optimal as no optional output register could be merged into the block ram. Providing additional output register may help in improving timing.
INFO: [Synth 8-6837] The timing for the instance dcachei_1/m_data/i_48/v_data_2_ram_single_6/ram_reg (implemented as a Block RAM) might be sub-optimal as no optional output register could be merged into the block ram. Providing additional output register may help in improving timing.
INFO: [Synth 8-6837] The timing for the instance dcachei_1/m_data/i_49/v_data_2_ram_single_7/ram_reg (implemented as a Block RAM) might be sub-optimal as no optional output register could be merged into the block ram. Providing additional output register may help in improving timing.
INFO: [Synth 8-6837] The timing for the instance dcachei_1/m_data/i_49/v_data_2_ram_single_7/ram_reg (implemented as a Block RAM) might be sub-optimal as no optional output register could be merged into the block ram. Providing additional output register may help in improving timing.
INFO: [Synth 8-6837] The timing for the instance dcachei_1/m_data/i_50/v_data_2_ram_single_8/ram_reg (implemented as a Block RAM) might be sub-optimal as no optional output register could be merged into the block ram. Providing additional output register may help in improving timing.
INFO: [Synth 8-6837] The timing for the instance dcachei_1/m_data/i_50/v_data_2_ram_single_8/ram_reg (implemented as a Block RAM) might be sub-optimal as no optional output register could be merged into the block ram. Providing additional output register may help in improving timing.
INFO: [Synth 8-6837] The timing for the instance dcachei_1/m_data/i_51/v_data_2_ram_single_9/ram_reg (implemented as a Block RAM) might be sub-optimal as no optional output register could be merged into the block ram. Providing additional output register may help in improving timing.
INFO: [Synth 8-6837] The timing for the instance dcachei_1/m_data/i_51/v_data_2_ram_single_9/ram_reg (implemented as a Block RAM) might be sub-optimal as no optional output register could be merged into the block ram. Providing additional output register may help in improving timing.
INFO: [Synth 8-6837] The timing for the instance dcachei_1/m_data/i_52/v_data_3_ram_single_0/ram_reg (implemented as a Block RAM) might be sub-optimal as no optional output register could be merged into the block ram. Providing additional output register may help in improving timing.
INFO: [Synth 8-6837] The timing for the instance dcachei_1/m_data/i_52/v_data_3_ram_single_0/ram_reg (implemented as a Block RAM) might be sub-optimal as no optional output register could be merged into the block ram. Providing additional output register may help in improving timing.
INFO: [Synth 8-6837] The timing for the instance dcachei_1/m_data/i_53/v_data_3_ram_single_1/ram_reg (implemented as a Block RAM) might be sub-optimal as no optional output register could be merged into the block ram. Providing additional output register may help in improving timing.
INFO: [Synth 8-6837] The timing for the instance dcachei_1/m_data/i_53/v_data_3_ram_single_1/ram_reg (implemented as a Block RAM) might be sub-optimal as no optional output register could be merged into the block ram. Providing additional output register may help in improving timing.
INFO: [Common 17-14] Message 'Synth 8-6837' appears 100 times and further instances of the messages will be disabled. Use the Tcl command set_msg_config to change the current settings.

Report RTL Partitions: 
+------+---------------------+------------+----------+
|      |RTL Partition        |Replication |Instances |
+------+---------------------+------------+----------+
|1     |mkdcache_fb_v2       |           1|     45255|
|2     |mkdcache__GB1        |           1|      6289|
|3     |mkdcache__GB2        |           1|     14805|
|4     |mkdmem__GC0          |           1|      2033|
|5     |mkriscv__GB0         |           1|     15103|
|6     |mkriscv__GB1         |           1|     12483|
|7     |mkriscv__GB2         |           1|     13092|
|8     |mkccore_axi4__GC0    |           1|     26158|
|9     |mkmixed_cluster__GB0 |           1|     19750|
|10    |mkmixed_cluster__GB1 |           1|      9761|
|11    |mkmixed_cluster__GB2 |           1|     10711|
|12    |mkspi                |           2|      8419|
|13    |mkspi_cluster__GC0   |           1|      6340|
|14    |mkSoc__GCB0          |           1|     24633|
|15    |mkSoc__GCB1          |           1|     10432|
|16    |mkSoc__GCB2          |           1|     15810|
|17    |mkSoc__GCB3          |           1|     20622|
|18    |mkSoc__GCB4          |           1|     24531|
|19    |mkDebugSoc__GC0      |           1|     11967|
|20    |fpga_top__GC0        |           1|       742|
+------+---------------------+------------+----------+
---------------------------------------------------------------------------------
Start Applying XDC Timing Constraints
---------------------------------------------------------------------------------
INFO: [Synth 8-5578] Moved timing constraint from pin 'mig_ddr3/ui_clk' to pin 'mig_ddr3/bbstub_ui_clk/O'
INFO: [Synth 8-5578] Moved timing constraint from pin 'clk_div/clk_out1' to pin 'clk_div/bbstub_clk_out1/O'
INFO: [Synth 8-5578] Moved timing constraint from pin 'clk_div/clk_out2' to pin 'clk_div/bbstub_clk_out2/O'
INFO: [Synth 8-5578] Moved timing constraint from pin 'clk_div/clk_out3' to pin 'clk_div/bbstub_clk_out3/O'
INFO: [Synth 8-5819] Moved 4 constraints on hierarchical pins to their respective driving/loading pins
---------------------------------------------------------------------------------
Finished Applying XDC Timing Constraints : Time (s): cpu = 00:03:12 ; elapsed = 00:03:29 . Memory (MB): peak = 2656.352 ; gain = 1269.297 ; free physical = 44062 ; free virtual = 56225
---------------------------------------------------------------------------------
---------------------------------------------------------------------------------
Start Timing Optimization
---------------------------------------------------------------------------------
---------------------------------------------------------------------------------
Finished Timing Optimization : Time (s): cpu = 00:03:58 ; elapsed = 00:04:19 . Memory (MB): peak = 2656.352 ; gain = 1269.297 ; free physical = 38799 ; free virtual = 56119
---------------------------------------------------------------------------------
---------------------------------------------------------------------------------
Start ROM, RAM, DSP and Shift Register Reporting
---------------------------------------------------------------------------------

Block RAM: Final Mapping  Report
+--------------------------+---------------------+------------------------+---+---+------------------------+---+---+------------------+--------+--------+
|Module Name               | RTL Object          | PORT A (Depth x Width) | W | R | PORT B (Depth x Width) | W | R | Ports driving FF | RAMB18 | RAMB36 | 
+--------------------------+---------------------+------------------------+---+---+------------------------+---+---+------------------+--------+--------+
|bram_1rw:                 | ram_reg             | 64 x 32(NO_CHANGE)     | W | R |                        |   |   | Port A           | 1      | 0      | 
|bram_1rw:                 | ram_reg             | 64 x 32(NO_CHANGE)     | W | R |                        |   |   | Port A           | 1      | 0      | 
|bram_1rw:                 | ram_reg             | 64 x 32(NO_CHANGE)     | W | R |                        |   |   | Port A           | 1      | 0      | 
|bram_1rw:                 | ram_reg             | 64 x 32(NO_CHANGE)     | W | R |                        |   |   | Port A           | 1      | 0      | 
|bram_1rw:                 | ram_reg             | 64 x 32(NO_CHANGE)     | W | R |                        |   |   | Port A           | 1      | 0      | 
|bram_1rw:                 | ram_reg             | 64 x 32(NO_CHANGE)     | W | R |                        |   |   | Port A           | 1      | 0      | 
|bram_1rw:                 | ram_reg             | 64 x 32(NO_CHANGE)     | W | R |                        |   |   | Port A           | 1      | 0      | 
|bram_1rw:                 | ram_reg             | 64 x 32(NO_CHANGE)     | W | R |                        |   |   | Port A           | 1      | 0      | 
|bram_1rw:                 | ram_reg             | 64 x 32(NO_CHANGE)     | W | R |                        |   |   | Port A           | 1      | 0      | 
|bram_1rw:                 | ram_reg             | 64 x 32(NO_CHANGE)     | W | R |                        |   |   | Port A           | 1      | 0      | 
|bram_1rw:                 | ram_reg             | 64 x 32(NO_CHANGE)     | W | R |                        |   |   | Port A           | 1      | 0      | 
|bram_1rw:                 | ram_reg             | 64 x 32(NO_CHANGE)     | W | R |                        |   |   | Port A           | 1      | 0      | 
|bram_1rw:                 | ram_reg             | 64 x 32(NO_CHANGE)     | W | R |                        |   |   | Port A           | 1      | 0      | 
|bram_1rw:                 | ram_reg             | 64 x 32(NO_CHANGE)     | W | R |                        |   |   | Port A           | 1      | 0      | 
|bram_1rw:                 | ram_reg             | 64 x 32(NO_CHANGE)     | W | R |                        |   |   | Port A           | 1      | 0      | 
|bram_1rw:                 | ram_reg             | 64 x 32(NO_CHANGE)     | W | R |                        |   |   | Port A           | 1      | 0      | 
|bram_1rw:                 | ram_reg             | 64 x 32(NO_CHANGE)     | W | R |                        |   |   | Port A           | 1      | 0      | 
|bram_1rw:                 | ram_reg             | 64 x 32(NO_CHANGE)     | W | R |                        |   |   | Port A           | 1      | 0      | 
|bram_1rw:                 | ram_reg             | 64 x 32(NO_CHANGE)     | W | R |                        |   |   | Port A           | 1      | 0      | 
|bram_1rw:                 | ram_reg             | 64 x 32(NO_CHANGE)     | W | R |                        |   |   | Port A           | 1      | 0      | 
|bram_1rw:                 | ram_reg             | 64 x 32(NO_CHANGE)     | W | R |                        |   |   | Port A           | 1      | 0      | 
|bram_1rw:                 | ram_reg             | 64 x 32(NO_CHANGE)     | W | R |                        |   |   | Port A           | 1      | 0      | 
|bram_1rw:                 | ram_reg             | 64 x 32(NO_CHANGE)     | W | R |                        |   |   | Port A           | 1      | 0      | 
|bram_1rw:                 | ram_reg             | 64 x 32(NO_CHANGE)     | W | R |                        |   |   | Port A           | 1      | 0      | 
|bram_1rw:                 | ram_reg             | 64 x 32(NO_CHANGE)     | W | R |                        |   |   | Port A           | 1      | 0      | 
|bram_1rw:                 | ram_reg             | 64 x 32(NO_CHANGE)     | W | R |                        |   |   | Port A           | 1      | 0      | 
|bram_1rw:                 | ram_reg             | 64 x 32(NO_CHANGE)     | W | R |                        |   |   | Port A           | 1      | 0      | 
|bram_1rw:                 | ram_reg             | 64 x 32(NO_CHANGE)     | W | R |                        |   |   | Port A           | 1      | 0      | 
|bram_1rw:                 | ram_reg             | 64 x 32(NO_CHANGE)     | W | R |                        |   |   | Port A           | 1      | 0      | 
|bram_1rw:                 | ram_reg             | 64 x 32(NO_CHANGE)     | W | R |                        |   |   | Port A           | 1      | 0      | 
|bram_1rw:                 | ram_reg             | 64 x 32(NO_CHANGE)     | W | R |                        |   |   | Port A           | 1      | 0      | 
|bram_1rw:                 | ram_reg             | 64 x 32(NO_CHANGE)     | W | R |                        |   |   | Port A           | 1      | 0      | 
|bram_1rw:                 | ram_reg             | 64 x 32(NO_CHANGE)     | W | R |                        |   |   | Port A           | 1      | 0      | 
|bram_1rw:                 | ram_reg             | 64 x 32(NO_CHANGE)     | W | R |                        |   |   | Port A           | 1      | 0      | 
|bram_1rw:                 | ram_reg             | 64 x 32(NO_CHANGE)     | W | R |                        |   |   | Port A           | 1      | 0      | 
|bram_1rw:                 | ram_reg             | 64 x 32(NO_CHANGE)     | W | R |                        |   |   | Port A           | 1      | 0      | 
|bram_1rw:                 | ram_reg             | 64 x 32(NO_CHANGE)     | W | R |                        |   |   | Port A           | 1      | 0      | 
|bram_1rw:                 | ram_reg             | 64 x 32(NO_CHANGE)     | W | R |                        |   |   | Port A           | 1      | 0      | 
|bram_1rw:                 | ram_reg             | 64 x 32(NO_CHANGE)     | W | R |                        |   |   | Port A           | 1      | 0      | 
|bram_1rw:                 | ram_reg             | 64 x 32(NO_CHANGE)     | W | R |                        |   |   | Port A           | 1      | 0      | 
|bram_1rw:                 | ram_reg             | 64 x 32(NO_CHANGE)     | W | R |                        |   |   | Port A           | 1      | 0      | 
|bram_1rw:                 | ram_reg             | 64 x 32(NO_CHANGE)     | W | R |                        |   |   | Port A           | 1      | 0      | 
|bram_1rw:                 | ram_reg             | 64 x 32(NO_CHANGE)     | W | R |                        |   |   | Port A           | 1      | 0      | 
|bram_1rw:                 | ram_reg             | 64 x 32(NO_CHANGE)     | W | R |                        |   |   | Port A           | 1      | 0      | 
|bram_1rw:                 | ram_reg             | 64 x 32(NO_CHANGE)     | W | R |                        |   |   | Port A           | 1      | 0      | 
|bram_1rw:                 | ram_reg             | 64 x 32(NO_CHANGE)     | W | R |                        |   |   | Port A           | 1      | 0      | 
|bram_1rw:                 | ram_reg             | 64 x 32(NO_CHANGE)     | W | R |                        |   |   | Port A           | 1      | 0      | 
|bram_1rw:                 | ram_reg             | 64 x 32(NO_CHANGE)     | W | R |                        |   |   | Port A           | 1      | 0      | 
|bram_1rw:                 | ram_reg             | 64 x 32(NO_CHANGE)     | W | R |                        |   |   | Port A           | 1      | 0      | 
|bram_1rw:                 | ram_reg             | 64 x 32(NO_CHANGE)     | W | R |                        |   |   | Port A           | 1      | 0      | 
|bram_1rw:                 | ram_reg             | 64 x 32(NO_CHANGE)     | W | R |                        |   |   | Port A           | 1      | 0      | 
|bram_1rw:                 | ram_reg             | 64 x 32(NO_CHANGE)     | W | R |                        |   |   | Port A           | 1      | 0      | 
|bram_1rw:                 | ram_reg             | 64 x 32(NO_CHANGE)     | W | R |                        |   |   | Port A           | 1      | 0      | 
|bram_1rw:                 | ram_reg             | 64 x 32(NO_CHANGE)     | W | R |                        |   |   | Port A           | 1      | 0      | 
|bram_1rw:                 | ram_reg             | 64 x 32(NO_CHANGE)     | W | R |                        |   |   | Port A           | 1      | 0      | 
|bram_1rw:                 | ram_reg             | 64 x 32(NO_CHANGE)     | W | R |                        |   |   | Port A           | 1      | 0      | 
|bram_1rw:                 | ram_reg             | 64 x 32(NO_CHANGE)     | W | R |                        |   |   | Port A           | 1      | 0      | 
|bram_1rw:                 | ram_reg             | 64 x 32(NO_CHANGE)     | W | R |                        |   |   | Port A           | 1      | 0      | 
|bram_1rw:                 | ram_reg             | 64 x 32(NO_CHANGE)     | W | R |                        |   |   | Port A           | 1      | 0      | 
|bram_1rw:                 | ram_reg             | 64 x 32(NO_CHANGE)     | W | R |                        |   |   | Port A           | 1      | 0      | 
|bram_1rw:                 | ram_reg             | 64 x 32(NO_CHANGE)     | W | R |                        |   |   | Port A           | 1      | 0      | 
|bram_1rw:                 | ram_reg             | 64 x 32(NO_CHANGE)     | W | R |                        |   |   | Port A           | 1      | 0      | 
|bram_1rw:                 | ram_reg             | 64 x 32(NO_CHANGE)     | W | R |                        |   |   | Port A           | 1      | 0      | 
|bram_1rw:                 | ram_reg             | 64 x 32(NO_CHANGE)     | W | R |                        |   |   | Port A           | 1      | 0      | 
|bram_1rw__parameterized0: | ram_reg             | 64 x 20(NO_CHANGE)     | W | R |                        |   |   | Port A           | 1      | 0      | 
|bram_1rw__parameterized0: | ram_reg             | 64 x 20(NO_CHANGE)     | W | R |                        |   |   | Port A           | 1      | 0      | 
|bram_1rw__parameterized0: | ram_reg             | 64 x 20(NO_CHANGE)     | W | R |                        |   |   | Port A           | 1      | 0      | 
|bram_1rw__parameterized0: | ram_reg             | 64 x 20(NO_CHANGE)     | W | R |                        |   |   | Port A           | 1      | 0      | 
|bram_1rw:                 | ram_reg             | 64 x 32(NO_CHANGE)     | W | R |                        |   |   | Port A           | 1      | 0      | 
|bram_1rw:                 | ram_reg             | 64 x 32(NO_CHANGE)     | W | R |                        |   |   | Port A           | 1      | 0      | 
|bram_1rw:                 | ram_reg             | 64 x 32(NO_CHANGE)     | W | R |                        |   |   | Port A           | 1      | 0      | 
|bram_1rw:                 | ram_reg             | 64 x 32(NO_CHANGE)     | W | R |                        |   |   | Port A           | 1      | 0      | 
|bram_1rw:                 | ram_reg             | 64 x 32(NO_CHANGE)     | W | R |                        |   |   | Port A           | 1      | 0      | 
|bram_1rw:                 | ram_reg             | 64 x 32(NO_CHANGE)     | W | R |                        |   |   | Port A           | 1      | 0      | 
|bram_1rw:                 | ram_reg             | 64 x 32(NO_CHANGE)     | W | R |                        |   |   | Port A           | 1      | 0      | 
|bram_1rw:                 | ram_reg             | 64 x 32(NO_CHANGE)     | W | R |                        |   |   | Port A           | 1      | 0      | 
|bram_1rw:                 | ram_reg             | 64 x 32(NO_CHANGE)     | W | R |                        |   |   | Port A           | 1      | 0      | 
|bram_1rw:                 | ram_reg             | 64 x 32(NO_CHANGE)     | W | R |                        |   |   | Port A           | 1      | 0      | 
|bram_1rw:                 | ram_reg             | 64 x 32(NO_CHANGE)     | W | R |                        |   |   | Port A           | 1      | 0      | 
|bram_1rw:                 | ram_reg             | 64 x 32(NO_CHANGE)     | W | R |                        |   |   | Port A           | 1      | 0      | 
|bram_1rw:                 | ram_reg             | 64 x 32(NO_CHANGE)     | W | R |                        |   |   | Port A           | 1      | 0      | 
|bram_1rw:                 | ram_reg             | 64 x 32(NO_CHANGE)     | W | R |                        |   |   | Port A           | 1      | 0      | 
|bram_1rw:                 | ram_reg             | 64 x 32(NO_CHANGE)     | W | R |                        |   |   | Port A           | 1      | 0      | 
|bram_1rw:                 | ram_reg             | 64 x 32(NO_CHANGE)     | W | R |                        |   |   | Port A           | 1      | 0      | 
|bram_1rw:                 | ram_reg             | 64 x 32(NO_CHANGE)     | W | R |                        |   |   | Port A           | 1      | 0      | 
|bram_1rw:                 | ram_reg             | 64 x 32(NO_CHANGE)     | W | R |                        |   |   | Port A           | 1      | 0      | 
|bram_1rw:                 | ram_reg             | 64 x 32(NO_CHANGE)     | W | R |                        |   |   | Port A           | 1      | 0      | 
|bram_1rw:                 | ram_reg             | 64 x 32(NO_CHANGE)     | W | R |                        |   |   | Port A           | 1      | 0      | 
|bram_1rw:                 | ram_reg             | 64 x 32(NO_CHANGE)     | W | R |                        |   |   | Port A           | 1      | 0      | 
|bram_1rw:                 | ram_reg             | 64 x 32(NO_CHANGE)     | W | R |                        |   |   | Port A           | 1      | 0      | 
|bram_1rw:                 | ram_reg             | 64 x 32(NO_CHANGE)     | W | R |                        |   |   | Port A           | 1      | 0      | 
|bram_1rw:                 | ram_reg             | 64 x 32(NO_CHANGE)     | W | R |                        |   |   | Port A           | 1      | 0      | 
|bram_1rw:                 | ram_reg             | 64 x 32(NO_CHANGE)     | W | R |                        |   |   | Port A           | 1      | 0      | 
|bram_1rw:                 | ram_reg             | 64 x 32(NO_CHANGE)     | W | R |                        |   |   | Port A           | 1      | 0      | 
|bram_1rw:                 | ram_reg             | 64 x 32(NO_CHANGE)     | W | R |                        |   |   | Port A           | 1      | 0      | 
|bram_1rw:                 | ram_reg             | 64 x 32(NO_CHANGE)     | W | R |                        |   |   | Port A           | 1      | 0      | 
|bram_1rw:                 | ram_reg             | 64 x 32(NO_CHANGE)     | W | R |                        |   |   | Port A           | 1      | 0      | 
|bram_1rw:                 | ram_reg             | 64 x 32(NO_CHANGE)     | W | R |                        |   |   | Port A           | 1      | 0      | 
|bram_1rw:                 | ram_reg             | 64 x 32(NO_CHANGE)     | W | R |                        |   |   | Port A           | 1      | 0      | 
|bram_1rw:                 | ram_reg             | 64 x 32(NO_CHANGE)     | W | R |                        |   |   | Port A           | 1      | 0      | 
|bram_1rw:                 | ram_reg             | 64 x 32(NO_CHANGE)     | W | R |                        |   |   | Port A           | 1      | 0      | 
|bram_1rw:                 | ram_reg             | 64 x 32(NO_CHANGE)     | W | R |                        |   |   | Port A           | 1      | 0      | 
|bram_1rw:                 | ram_reg             | 64 x 32(NO_CHANGE)     | W | R |                        |   |   | Port A           | 1      | 0      | 
|bram_1rw:                 | ram_reg             | 64 x 32(NO_CHANGE)     | W | R |                        |   |   | Port A           | 1      | 0      | 
|bram_1rw:                 | ram_reg             | 64 x 32(NO_CHANGE)     | W | R |                        |   |   | Port A           | 1      | 0      | 
|bram_1rw:                 | ram_reg             | 64 x 32(NO_CHANGE)     | W | R |                        |   |   | Port A           | 1      | 0      | 
|bram_1rw:                 | ram_reg             | 64 x 32(NO_CHANGE)     | W | R |                        |   |   | Port A           | 1      | 0      | 
|bram_1rw:                 | ram_reg             | 64 x 32(NO_CHANGE)     | W | R |                        |   |   | Port A           | 1      | 0      | 
|bram_1rw:                 | ram_reg             | 64 x 32(NO_CHANGE)     | W | R |                        |   |   | Port A           | 1      | 0      | 
|bram_1rw:                 | ram_reg             | 64 x 32(NO_CHANGE)     | W | R |                        |   |   | Port A           | 1      | 0      | 
|bram_1rw:                 | ram_reg             | 64 x 32(NO_CHANGE)     | W | R |                        |   |   | Port A           | 1      | 0      | 
|bram_1rw:                 | ram_reg             | 64 x 32(NO_CHANGE)     | W | R |                        |   |   | Port A           | 1      | 0      | 
|bram_1rw:                 | ram_reg             | 64 x 32(NO_CHANGE)     | W | R |                        |   |   | Port A           | 1      | 0      | 
|bram_1rw:                 | ram_reg             | 64 x 32(NO_CHANGE)     | W | R |                        |   |   | Port A           | 1      | 0      | 
|bram_1rw:                 | ram_reg             | 64 x 32(NO_CHANGE)     | W | R |                        |   |   | Port A           | 1      | 0      | 
|bram_1rw:                 | ram_reg             | 64 x 32(NO_CHANGE)     | W | R |                        |   |   | Port A           | 1      | 0      | 
|bram_1rw:                 | ram_reg             | 64 x 32(NO_CHANGE)     | W | R |                        |   |   | Port A           | 1      | 0      | 
|bram_1rw:                 | ram_reg             | 64 x 32(NO_CHANGE)     | W | R |                        |   |   | Port A           | 1      | 0      | 
|bram_1rw:                 | ram_reg             | 64 x 32(NO_CHANGE)     | W | R |                        |   |   | Port A           | 1      | 0      | 
|bram_1rw:                 | ram_reg             | 64 x 32(NO_CHANGE)     | W | R |                        |   |   | Port A           | 1      | 0      | 
|bram_1rw:                 | ram_reg             | 64 x 32(NO_CHANGE)     | W | R |                        |   |   | Port A           | 1      | 0      | 
|bram_1rw:                 | ram_reg             | 64 x 32(NO_CHANGE)     | W | R |                        |   |   | Port A           | 1      | 0      | 
|bram_1rw:                 | ram_reg             | 64 x 32(NO_CHANGE)     | W | R |                        |   |   | Port A           | 1      | 0      | 
|bram_1rw:                 | ram_reg             | 64 x 32(NO_CHANGE)     | W | R |                        |   |   | Port A           | 1      | 0      | 
|bram_1rw:                 | ram_reg             | 64 x 32(NO_CHANGE)     | W | R |                        |   |   | Port A           | 1      | 0      | 
|bram_1rw:                 | ram_reg             | 64 x 32(NO_CHANGE)     | W | R |                        |   |   | Port A           | 1      | 0      | 
|bram_1rw:                 | ram_reg             | 64 x 32(NO_CHANGE)     | W | R |                        |   |   | Port A           | 1      | 0      | 
|bram_1rw:                 | ram_reg             | 64 x 32(NO_CHANGE)     | W | R |                        |   |   | Port A           | 1      | 0      | 
|bram_1rw:                 | ram_reg             | 64 x 32(NO_CHANGE)     | W | R |                        |   |   | Port A           | 1      | 0      | 
|bram_1rw:                 | ram_reg             | 64 x 32(NO_CHANGE)     | W | R |                        |   |   | Port A           | 1      | 0      | 
|bram_1rw:                 | ram_reg             | 64 x 32(NO_CHANGE)     | W | R |                        |   |   | Port A           | 1      | 0      | 
|bram_1rw:                 | ram_reg             | 64 x 32(NO_CHANGE)     | W | R |                        |   |   | Port A           | 1      | 0      | 
|bram_1rw__parameterized0: | ram_reg             | 64 x 20(NO_CHANGE)     | W | R |                        |   |   | Port A           | 1      | 0      | 
|bram_1rw__parameterized0: | ram_reg             | 64 x 20(NO_CHANGE)     | W | R |                        |   |   | Port A           | 1      | 0      | 
|bram_1rw__parameterized0: | ram_reg             | 64 x 20(NO_CHANGE)     | W | R |                        |   |   | Port A           | 1      | 0      | 
|bram_1rw__parameterized0: | ram_reg             | 64 x 20(NO_CHANGE)     | W | R |                        |   |   | Port A           | 1      | 0      | 
|BRAM2BELoad:              | portb_we[1].RAM_reg | 2 K x 32(WRITE_FIRST)  | W | R | 2 K x 32(WRITE_FIRST)  | W | R | Port A and B     | 0      | 2      | 
|cnn_axi_slave_wrapper:    | output_mem_reg      | 16 K x 32(READ_FIRST)  | W |   | 16 K x 32(WRITE_FIRST) |   | R | Port A and B     | 0      | 16     | 
+--------------------------+---------------------+------------------------+---+---+------------------------+---+---+------------------+--------+--------+


Distributed RAM: Final Mapping  Report
+-------------+------------------------------+----------------+----------------------+-----------------+
|Module Name  | RTL Object                   | Inference      | Size (Depth x Width) | Primitives      | 
+-------------+------------------------------+----------------+----------------------+-----------------+
|stage2       | registerfile/xrf/arr_reg     | User Attribute | 32 x 32              | RAM32M x 12     | 
|\stage0/bpu  | rg_bht_arr_0/arr_reg         | User Attribute | 256 x 2              | RAM128X1D x 4   | 
|\stage0/bpu  | rg_bht_arr_1/arr_reg         | User Attribute | 256 x 2              | RAM128X1D x 4   | 
|\stage0/bpu  | ras_stack_array_reg/arr_reg  | User Attribute | 8 x 32               | RAM32M x 6      | 
|gptimer2     | ff_rd_request/fifoMem_reg    | Implied        | 4 x 37               | RAM32M x 7      | 
|gptimer2     | ff_rd_response/fifoMem_reg   | Implied        | 4 x 34               | RAM32M x 6      | 
|gptimer2     | ff_wdata_request/fifoMem_reg | Implied        | 4 x 36               | RAM32M x 6      | 
|gptimer2     | ff_wr_request/fifoMem_reg    | Implied        | 4 x 37               | RAM32M x 7      | 
|gptimer2     | ff_wr_response/fifoMem_reg   | Implied        | 4 x 2                | RAM16X1D x 2    | 
|gptimer1     | ff_rd_request/fifoMem_reg    | Implied        | 4 x 37               | RAM32M x 7      | 
|gptimer1     | ff_rd_response/fifoMem_reg   | Implied        | 4 x 34               | RAM32M x 6      | 
|gptimer1     | ff_wdata_request/fifoMem_reg | Implied        | 4 x 36               | RAM32M x 6      | 
|gptimer1     | ff_wr_request/fifoMem_reg    | Implied        | 4 x 37               | RAM32M x 7      | 
|gptimer1     | ff_wr_response/fifoMem_reg   | Implied        | 4 x 2                | RAM16X1D x 2    | 
|gptimer3     | ff_rd_request/fifoMem_reg    | Implied        | 4 x 37               | RAM32M x 7      | 
|gptimer3     | ff_rd_response/fifoMem_reg   | Implied        | 4 x 34               | RAM32M x 6      | 
|gptimer3     | ff_wdata_request/fifoMem_reg | Implied        | 4 x 36               | RAM32M x 6      | 
|gptimer3     | ff_wr_request/fifoMem_reg    | Implied        | 4 x 37               | RAM32M x 7      | 
|gptimer3     | ff_wr_response/fifoMem_reg   | Implied        | 4 x 2                | RAM16X1D x 2    | 
|gptimer0     | ff_rd_request/fifoMem_reg    | Implied        | 4 x 37               | RAM32M x 7      | 
|gptimer0     | ff_rd_response/fifoMem_reg   | Implied        | 4 x 34               | RAM32M x 6      | 
|gptimer0     | ff_wdata_request/fifoMem_reg | Implied        | 4 x 36               | RAM32M x 6      | 
|gptimer0     | ff_wr_request/fifoMem_reg    | Implied        | 4 x 37               | RAM32M x 7      | 
|gptimer0     | ff_wr_response/fifoMem_reg   | Implied        | 4 x 2                | RAM16X1D x 2    | 
+-------------+------------------------------+----------------+----------------------+-----------------+

---------------------------------------------------------------------------------
Finished ROM, RAM, DSP and Shift Register Reporting
---------------------------------------------------------------------------------

Report RTL Partitions: 
+------+---------------------+------------+----------+
|      |RTL Partition        |Replication |Instances |
+------+---------------------+------------+----------+
|1     |mkdcache_fb_v2       |           1|     45151|
|2     |mkdcache__GB1        |           1|      6248|
|3     |mkdcache__GB2        |           1|     14549|
|4     |mkdmem__GC0          |           1|      1935|
|5     |mkriscv__GB0         |           1|     15054|
|6     |mkriscv__GB1         |           1|     12475|
|7     |mkriscv__GB2         |           1|     12858|
|8     |mkccore_axi4__GC0    |           1|     25948|
|9     |mkmixed_cluster__GB0 |           1|     19346|
|10    |mkmixed_cluster__GB1 |           1|      9752|
|11    |mkmixed_cluster__GB2 |           1|     10641|
|12    |mkspi                |           2|      8413|
|13    |mkspi_cluster__GC0   |           1|      5283|
|14    |mkSoc__GCB0          |           1|     24488|
|15    |mkSoc__GCB1          |           1|      7684|
|16    |mkSoc__GCB2          |           1|     15810|
|17    |mkSoc__GCB3          |           1|     17428|
|18    |mkSoc__GCB4          |           1|     24461|
|19    |mkDebugSoc__GC0      |           1|     11959|
|20    |fpga_top__GC0        |           1|       742|
+------+---------------------+------------+----------+
---------------------------------------------------------------------------------
Start Technology Mapping
---------------------------------------------------------------------------------
INFO: [Synth 8-223] decloning instance 'i_0/wrapper_inst/output_mem_reg_0_0' (RAMB36E1_2) to 'i_0/wrapper_inst/output_mem_reg_0_1'
INFO: [Synth 8-223] decloning instance 'i_0/wrapper_inst/output_mem_reg_0_1' (RAMB36E1_2) to 'i_0/wrapper_inst/output_mem_reg_0_2'
INFO: [Synth 8-223] decloning instance 'i_0/wrapper_inst/output_mem_reg_0_2' (RAMB36E1_2) to 'i_0/wrapper_inst/output_mem_reg_0_3'
INFO: [Common 17-14] Message 'Synth 8-6837' appears 100 times and further instances of the messages will be disabled. Use the Tcl command set_msg_config to change the current settings.
---------------------------------------------------------------------------------
Finished Technology Mapping : Time (s): cpu = 00:04:20 ; elapsed = 00:04:46 . Memory (MB): peak = 2656.352 ; gain = 1269.297 ; free physical = 35072 ; free virtual = 55245
---------------------------------------------------------------------------------

Report RTL Partitions: 
+------+---------------------+------------+----------+
|      |RTL Partition        |Replication |Instances |
+------+---------------------+------------+----------+
|1     |mkdcache_fb_v2       |           1|     16118|
|2     |mkdcache__GB1        |           1|      3725|
|3     |mkdcache__GB2        |           1|      5731|
|4     |mkdmem__GC0          |           1|       943|
|5     |mkriscv__GB0         |           1|      6092|
|6     |mkriscv__GB1         |           1|      5381|
|7     |mkriscv__GB2         |           1|      6134|
|8     |mkccore_axi4__GC0    |           1|     12285|
|9     |mkmixed_cluster__GB0 |           1|      7760|
|10    |mkmixed_cluster__GB1 |           1|      4427|
|11    |mkmixed_cluster__GB2 |           1|      4946|
|12    |mkspi                |           1|      4629|
|13    |mkspi_cluster__GC0   |           1|      2144|
|14    |mkSoc__GCB0          |           1|     11496|
|15    |mkSoc__GCB1          |           1|      2807|
|16    |mkSoc__GCB2          |           1|      7859|
|17    |mkSoc__GCB3          |           1|      6860|
|18    |mkSoc__GCB4          |           1|     11353|
|19    |mkDebugSoc__GC0      |           1|      5954|
|20    |fpga_top__GC0        |           1|       577|
|21    |mkspi__1             |           1|      4629|
+------+---------------------+------------+----------+
---------------------------------------------------------------------------------
Start IO Insertion
---------------------------------------------------------------------------------
---------------------------------------------------------------------------------
Start Flattening Before IO Insertion
---------------------------------------------------------------------------------
---------------------------------------------------------------------------------
Finished Flattening Before IO Insertion
---------------------------------------------------------------------------------
---------------------------------------------------------------------------------
Start Final Netlist Cleanup
---------------------------------------------------------------------------------
---------------------------------------------------------------------------------
Finished Final Netlist Cleanup
---------------------------------------------------------------------------------
---------------------------------------------------------------------------------
Finished IO Insertion : Time (s): cpu = 00:04:37 ; elapsed = 00:05:03 . Memory (MB): peak = 2656.352 ; gain = 1269.297 ; free physical = 33288 ; free virtual = 55359
---------------------------------------------------------------------------------

Report Check Netlist: 
+------+------------------+-------+---------+-------+------------------+
|      |Item              |Errors |Warnings |Status |Description       |
+------+------------------+-------+---------+-------+------------------+
|1     |multi_driven_nets |      0|        0|Passed |Multi driven nets |
+------+------------------+-------+---------+-------+------------------+
---------------------------------------------------------------------------------
Start Renaming Generated Instances
---------------------------------------------------------------------------------
---------------------------------------------------------------------------------
Finished Renaming Generated Instances : Time (s): cpu = 00:04:37 ; elapsed = 00:05:04 . Memory (MB): peak = 2656.352 ; gain = 1269.297 ; free physical = 33227 ; free virtual = 55370
---------------------------------------------------------------------------------

Report RTL Partitions: 
+-+--------------+------------+----------+
| |RTL Partition |Replication |Instances |
+-+--------------+------------+----------+
+-+--------------+------------+----------+
---------------------------------------------------------------------------------
Start Rebuilding User Hierarchy
---------------------------------------------------------------------------------
---------------------------------------------------------------------------------
Finished Rebuilding User Hierarchy : Time (s): cpu = 00:04:58 ; elapsed = 00:05:25 . Memory (MB): peak = 2656.352 ; gain = 1269.297 ; free physical = 31160 ; free virtual = 55428
---------------------------------------------------------------------------------
---------------------------------------------------------------------------------
Start Renaming Generated Ports
---------------------------------------------------------------------------------
---------------------------------------------------------------------------------
Finished Renaming Generated Ports : Time (s): cpu = 00:04:59 ; elapsed = 00:05:26 . Memory (MB): peak = 2656.352 ; gain = 1269.297 ; free physical = 31166 ; free virtual = 55440
---------------------------------------------------------------------------------
---------------------------------------------------------------------------------
Start Handling Custom Attributes
---------------------------------------------------------------------------------
---------------------------------------------------------------------------------
Finished Handling Custom Attributes : Time (s): cpu = 00:05:07 ; elapsed = 00:05:34 . Memory (MB): peak = 2656.352 ; gain = 1269.297 ; free physical = 30242 ; free virtual = 55443
---------------------------------------------------------------------------------
---------------------------------------------------------------------------------
Start Renaming Generated Nets
---------------------------------------------------------------------------------
---------------------------------------------------------------------------------
Finished Renaming Generated Nets : Time (s): cpu = 00:05:07 ; elapsed = 00:05:35 . Memory (MB): peak = 2656.352 ; gain = 1269.297 ; free physical = 30198 ; free virtual = 55437
---------------------------------------------------------------------------------
---------------------------------------------------------------------------------
Start ROM, RAM, DSP and Shift Register Reporting
---------------------------------------------------------------------------------

Static Shift Register Report:
+------------+----------------------------------------------------------+--------+-------+--------------+--------------------+-------------------+--------+---------+
|Module Name | RTL Name                                                 | Length | Width | Reset Signal | Pull out first Reg | Pull out last Reg | SRL16E | SRLC32E | 
+------------+----------------------------------------------------------+--------+-------+--------------+--------------------+-------------------+--------+---------+
|fpga_top    | core/soc/mixed_cluster/i2c1/i2c_user_val_sda_delay_9_reg | 10     | 1     | YES          | NO                 | YES               | 1      | 0       | 
|fpga_top    | core/soc/mixed_cluster/i2c1/i2c_user_dOutEn_delay_9_reg  | 10     | 1     | YES          | NO                 | YES               | 1      | 0       | 
|fpga_top    | core/soc/mixed_cluster/i2c0/i2c_user_val_sda_delay_9_reg | 10     | 1     | YES          | NO                 | YES               | 1      | 0       | 
|fpga_top    | core/soc/mixed_cluster/i2c0/i2c_user_dOutEn_delay_9_reg  | 10     | 1     | YES          | NO                 | YES               | 1      | 0       | 
+------------+----------------------------------------------------------+--------+-------+--------------+--------------------+-------------------+--------+---------+

---------------------------------------------------------------------------------
Finished ROM, RAM, DSP and Shift Register Reporting
---------------------------------------------------------------------------------
---------------------------------------------------------------------------------
Start Writing Synthesis Report
---------------------------------------------------------------------------------

Report BlackBoxes: 
+------+-----------------+----------+
|      |BlackBox name    |Instances |
+------+-----------------+----------+
|1     |proc_sys_reset_0 |         1|
|2     |clk_divider      |         1|
|3     |mig_ddr3         |         1|
|4     |clk_converter    |         1|
+------+-----------------+----------+

Report Cell Usage: 
+------+-----------------+------+
|      |Cell             |Count |
+------+-----------------+------+
|1     |clk_converter    |     1|
|2     |clk_divider      |     1|
|3     |mig_ddr3         |     1|
|4     |proc_sys_reset_0 |     1|
|5     |BSCANE2          |     1|
|6     |BUFG             |     2|
|7     |CARRY4           |  1581|
|8     |DSP48E1          |     4|
|9     |LUT1             |  1124|
|10    |LUT2             |  2792|
|11    |LUT3             |  8503|
|12    |LUT4             |  7343|
|13    |LUT5             | 12423|
|14    |LUT6             | 41381|
|15    |MUXF7            |  2511|
|16    |MUXF8            |   702|
|17    |RAM128X1D        |     8|
|18    |RAM16X1D         |     8|
|19    |RAM32M           |    90|
|20    |RAMB18E1         |   136|
|21    |RAMB36E1         |     1|
|22    |RAMB36E1_1       |     1|
|23    |RAMB36E1_2       |    13|
|24    |SRL16E           |     4|
|25    |FDCE             | 37788|
|26    |FDPE             |  1141|
|27    |FDRE             | 13899|
|28    |FDSE             |   216|
|29    |IBUF             |     6|
|30    |IOBUF            |    40|
|31    |OBUF             |     5|
+------+-----------------+------+

Report Instance Areas: 
+------+---------------------------------------------------+---------------------------------+-------+
|      |Instance                                           |Module                           |Cells  |
+------+---------------------------------------------------+---------------------------------+-------+
|1     |top                                                |                                 | 132047|
|2     |  core                                             |mkDebugSoc                       | 131476|
|3     |    debug_module                                   |mk_debug                         |   5156|
|4     |      dmactive_reset                               |MakeReset0_817                   |     13|
|5     |      master_xactor_f_rd_addr                      |FIFO2_818                        |    118|
|6     |      master_xactor_f_rd_data                      |FIFO2__parameterized0_819        |    153|
|7     |      master_xactor_f_wr_addr                      |FIFO2_820                        |    129|
|8     |      master_xactor_f_wr_data                      |FIFO2__parameterized1_821        |    154|
|9     |      master_xactor_f_wr_resp                      |FIFO2__parameterized2_822        |     19|
|10    |      slave_xactor_f_rd_addr                       |FIFO2_823                        |    858|
|11    |      slave_xactor_f_rd_data                       |FIFO2__parameterized0_824        |    122|
|12    |      slave_xactor_f_wr_addr                       |FIFO2_825                        |   1893|
|13    |      slave_xactor_f_wr_data                       |FIFO2__parameterized1_826        |    140|
|14    |      slave_xactor_f_wr_resp                       |FIFO2__parameterized2_827        |     24|
|15    |    jtag_tap                                       |mkxilinxdtm                      |    440|
|16    |      request_to_DM                                |FIFO1                            |     48|
|17    |      response_from_DM                             |FIFO1__parameterized0            |     96|
|18    |    ndm_reset                                      |MakeReset0                       |     60|
|19    |    soc                                            |mkSoc                            | 125433|
|20    |      slow_fabric_v_f_rd_mis_4                     |FIFO2__parameterized25_107       |      3|
|21    |      slow_fabric_v_f_rd_mis_6                     |FIFO2__parameterized25_109       |      3|
|22    |      boot_dut_dmemMSB                             |BRAM2BELoad                      |     13|
|23    |      boot_s_xactor_f_rd_addr                      |FIFO2                            |    103|
|24    |      boot_s_xactor_f_rd_data                      |FIFO2__parameterized0            |    147|
|25    |      boot_s_xactor_f_wr_addr                      |FIFO2_0                          |     91|
|26    |      boot_s_xactor_f_wr_data                      |FIFO2__parameterized1            |    121|
|27    |      boot_s_xactor_f_wr_resp                      |FIFO2__parameterized2            |     20|
|28    |      bridge_6_axi_xactor_f_rd_addr                |FIFO2_1                          |    217|
|29    |      bridge_6_axi_xactor_f_rd_data                |FIFO2__parameterized0_2          |    127|
|30    |      bridge_6_axi_xactor_f_wr_addr                |FIFO2_3                          |    210|
|31    |      bridge_6_axi_xactor_f_wr_data                |FIFO2__parameterized1_4          |    172|
|32    |      bridge_6_axi_xactor_f_wr_resp                |FIFO2__parameterized2_5          |     29|
|33    |      bridge_6_axil_xactor_f_rd_addr               |FIFO2__parameterized3            |    137|
|34    |      bridge_6_axil_xactor_f_rd_data               |FIFO2__parameterized4            |    114|
|35    |      bridge_6_axil_xactor_f_wr_addr               |FIFO2__parameterized3_6          |    134|
|36    |      bridge_6_axil_xactor_f_wr_data               |FIFO2__parameterized5            |    115|
|37    |      bridge_6_axil_xactor_f_wr_resp               |FIFO2__parameterized6            |     19|
|38    |      ccore                                        |mkccore_axi4                     |  56480|
|39    |        dmem                                       |mkdmem                           |  26833|
|40    |          dcache                                   |mkdcache                         |  25498|
|41    |            ff_core_request                        |FIFO2__parameterized7            |    541|
|42    |            ff_mem_io_request                      |FIFO1__parameterized1            |    212|
|43    |            ff_mem_io_resp                         |FIFO1__parameterized2            |     46|
|44    |            ff_mem_rd_request                      |FIFO2__parameterized8            |    153|
|45    |            ff_mem_wr_request                      |FIFO1__parameterized3            |   1004|
|46    |            ff_pending_req                         |FIFO2__parameterized9            |    130|
|47    |            m_data                                 |mkdcache_data                    |   3044|
|48    |              v_data_0_ram_single_0                |bram_1rw_753                     |      1|
|49    |              v_data_0_ram_single_1                |bram_1rw_754                     |      1|
|50    |              v_data_0_ram_single_10               |bram_1rw_755                     |      1|
|51    |              v_data_0_ram_single_11               |bram_1rw_756                     |      1|
|52    |              v_data_0_ram_single_12               |bram_1rw_757                     |     65|
|53    |              v_data_0_ram_single_13               |bram_1rw_758                     |     65|
|54    |              v_data_0_ram_single_14               |bram_1rw_759                     |     33|
|55    |              v_data_0_ram_single_15               |bram_1rw_760                     |     33|
|56    |              v_data_0_ram_single_2                |bram_1rw_761                     |      1|
|57    |              v_data_0_ram_single_3                |bram_1rw_762                     |      1|
|58    |              v_data_0_ram_single_4                |bram_1rw_763                     |      1|
|59    |              v_data_0_ram_single_5                |bram_1rw_764                     |      1|
|60    |              v_data_0_ram_single_6                |bram_1rw_765                     |      1|
|61    |              v_data_0_ram_single_7                |bram_1rw_766                     |      1|
|62    |              v_data_0_ram_single_8                |bram_1rw_767                     |      1|
|63    |              v_data_0_ram_single_9                |bram_1rw_768                     |      1|
|64    |              v_data_1_ram_single_0                |bram_1rw_769                     |      1|
|65    |              v_data_1_ram_single_1                |bram_1rw_770                     |      1|
|66    |              v_data_1_ram_single_10               |bram_1rw_771                     |      1|
|67    |              v_data_1_ram_single_11               |bram_1rw_772                     |      1|
|68    |              v_data_1_ram_single_12               |bram_1rw_773                     |     65|
|69    |              v_data_1_ram_single_13               |bram_1rw_774                     |     97|
|70    |              v_data_1_ram_single_14               |bram_1rw_775                     |     33|
|71    |              v_data_1_ram_single_15               |bram_1rw_776                     |     33|
|72    |              v_data_1_ram_single_2                |bram_1rw_777                     |      1|
|73    |              v_data_1_ram_single_3                |bram_1rw_778                     |      1|
|74    |              v_data_1_ram_single_4                |bram_1rw_779                     |      1|
|75    |              v_data_1_ram_single_5                |bram_1rw_780                     |      1|
|76    |              v_data_1_ram_single_6                |bram_1rw_781                     |      1|
|77    |              v_data_1_ram_single_7                |bram_1rw_782                     |      1|
|78    |              v_data_1_ram_single_8                |bram_1rw_783                     |      1|
|79    |              v_data_1_ram_single_9                |bram_1rw_784                     |      1|
|80    |              v_data_2_ram_single_0                |bram_1rw_785                     |     65|
|81    |              v_data_2_ram_single_1                |bram_1rw_786                     |     65|
|82    |              v_data_2_ram_single_10               |bram_1rw_787                     |     65|
|83    |              v_data_2_ram_single_11               |bram_1rw_788                     |     65|
|84    |              v_data_2_ram_single_12               |bram_1rw_789                     |    161|
|85    |              v_data_2_ram_single_13               |bram_1rw_790                     |    129|
|86    |              v_data_2_ram_single_14               |bram_1rw_791                     |     97|
|87    |              v_data_2_ram_single_15               |bram_1rw_792                     |     97|
|88    |              v_data_2_ram_single_2                |bram_1rw_793                     |     65|
|89    |              v_data_2_ram_single_3                |bram_1rw_794                     |     65|
|90    |              v_data_2_ram_single_4                |bram_1rw_795                     |     65|
|91    |              v_data_2_ram_single_5                |bram_1rw_796                     |     65|
|92    |              v_data_2_ram_single_6                |bram_1rw_797                     |     65|
|93    |              v_data_2_ram_single_7                |bram_1rw_798                     |     65|
|94    |              v_data_2_ram_single_8                |bram_1rw_799                     |     65|
|95    |              v_data_2_ram_single_9                |bram_1rw_800                     |     65|
|96    |              v_data_3_ram_single_0                |bram_1rw_801                     |     65|
|97    |              v_data_3_ram_single_1                |bram_1rw_802                     |     65|
|98    |              v_data_3_ram_single_10               |bram_1rw_803                     |     65|
|99    |              v_data_3_ram_single_11               |bram_1rw_804                     |     65|
|100   |              v_data_3_ram_single_12               |bram_1rw_805                     |    226|
|101   |              v_data_3_ram_single_13               |bram_1rw_806                     |    129|
|102   |              v_data_3_ram_single_14               |bram_1rw_807                     |     97|
|103   |              v_data_3_ram_single_15               |bram_1rw_808                     |     97|
|104   |              v_data_3_ram_single_2                |bram_1rw_809                     |     65|
|105   |              v_data_3_ram_single_3                |bram_1rw_810                     |     65|
|106   |              v_data_3_ram_single_4                |bram_1rw_811                     |     65|
|107   |              v_data_3_ram_single_5                |bram_1rw_812                     |     65|
|108   |              v_data_3_ram_single_6                |bram_1rw_813                     |     65|
|109   |              v_data_3_ram_single_7                |bram_1rw_814                     |     68|
|110   |              v_data_3_ram_single_8                |bram_1rw_815                     |     65|
|111   |              v_data_3_ram_single_9                |bram_1rw_816                     |     65|
|112   |            m_fillbuffer                           |mkdcache_fb_v2                   |  12343|
|113   |            m_iobuffer                             |mkiobuffer                       |    772|
|114   |            m_storebuffer                          |mkstorebuffer                    |   5799|
|115   |            m_tag                                  |mkdcache_tag                     |    487|
|116   |              v_tags_0_ram_single_0                |bram_1rw__parameterized0_749     |     21|
|117   |              v_tags_1_ram_single_0                |bram_1rw__parameterized0_750     |     13|
|118   |              v_tags_2_ram_single_0                |bram_1rw__parameterized0_751     |      7|
|119   |              v_tags_3_ram_single_0                |bram_1rw__parameterized0_752     |      7|
|120   |          dtlb                                     |mkfa_dtlb                        |   1335|
|121   |            ff_lookup_result                       |FIFO2__parameterized10           |    844|
|122   |            ff_request_to_ptw                      |FIFO2__parameterized5_748        |    120|
|123   |        fetch_xactor_f_rd_addr                     |FIFO2_667                        |    130|
|124   |        fetch_xactor_f_rd_data                     |FIFO2__parameterized0_668        |    192|
|125   |        imem                                       |mkimem                           |   9851|
|126   |          icache                                   |mkicache                         |   8856|
|127   |            ff_core_request                        |FIFO2__parameterized11           |    324|
|128   |            ff_pending_io_req                      |FIFO2__parameterized12           |      4|
|129   |            ff_pending_req                         |FIFO2__parameterized12_681       |     34|
|130   |            ff_read_mem_request                    |FIFO2__parameterized13           |    160|
|131   |            m_data                                 |mkicache_data                    |   1112|
|132   |              v_data_0_ram_single_0                |bram_1rw                         |      1|
|133   |              v_data_0_ram_single_1                |bram_1rw_685                     |      1|
|134   |              v_data_0_ram_single_10               |bram_1rw_686                     |      1|
|135   |              v_data_0_ram_single_11               |bram_1rw_687                     |      1|
|136   |              v_data_0_ram_single_12               |bram_1rw_688                     |     97|
|137   |              v_data_0_ram_single_13               |bram_1rw_689                     |     65|
|138   |              v_data_0_ram_single_14               |bram_1rw_690                     |     33|
|139   |              v_data_0_ram_single_15               |bram_1rw_691                     |     33|
|140   |              v_data_0_ram_single_2                |bram_1rw_692                     |      1|
|141   |              v_data_0_ram_single_3                |bram_1rw_693                     |      1|
|142   |              v_data_0_ram_single_4                |bram_1rw_694                     |      1|
|143   |              v_data_0_ram_single_5                |bram_1rw_695                     |      1|
|144   |              v_data_0_ram_single_6                |bram_1rw_696                     |      1|
|145   |              v_data_0_ram_single_7                |bram_1rw_697                     |      1|
|146   |              v_data_0_ram_single_8                |bram_1rw_698                     |      1|
|147   |              v_data_0_ram_single_9                |bram_1rw_699                     |      1|
|148   |              v_data_1_ram_single_0                |bram_1rw_700                     |      1|
|149   |              v_data_1_ram_single_1                |bram_1rw_701                     |      1|
|150   |              v_data_1_ram_single_10               |bram_1rw_702                     |      1|
|151   |              v_data_1_ram_single_11               |bram_1rw_703                     |      1|
|152   |              v_data_1_ram_single_12               |bram_1rw_704                     |     97|
|153   |              v_data_1_ram_single_13               |bram_1rw_705                     |    121|
|154   |              v_data_1_ram_single_14               |bram_1rw_706                     |     33|
|155   |              v_data_1_ram_single_15               |bram_1rw_707                     |     33|
|156   |              v_data_1_ram_single_2                |bram_1rw_708                     |      1|
|157   |              v_data_1_ram_single_3                |bram_1rw_709                     |      1|
|158   |              v_data_1_ram_single_4                |bram_1rw_710                     |      1|
|159   |              v_data_1_ram_single_5                |bram_1rw_711                     |      1|
|160   |              v_data_1_ram_single_6                |bram_1rw_712                     |      1|
|161   |              v_data_1_ram_single_7                |bram_1rw_713                     |      1|
|162   |              v_data_1_ram_single_8                |bram_1rw_714                     |      1|
|163   |              v_data_1_ram_single_9                |bram_1rw_715                     |      1|
|164   |              v_data_2_ram_single_0                |bram_1rw_716                     |      1|
|165   |              v_data_2_ram_single_1                |bram_1rw_717                     |      1|
|166   |              v_data_2_ram_single_10               |bram_1rw_718                     |      1|
|167   |              v_data_2_ram_single_11               |bram_1rw_719                     |      1|
|168   |              v_data_2_ram_single_12               |bram_1rw_720                     |    129|
|169   |              v_data_2_ram_single_13               |bram_1rw_721                     |     65|
|170   |              v_data_2_ram_single_14               |bram_1rw_722                     |     33|
|171   |              v_data_2_ram_single_15               |bram_1rw_723                     |     33|
|172   |              v_data_2_ram_single_2                |bram_1rw_724                     |      1|
|173   |              v_data_2_ram_single_3                |bram_1rw_725                     |      1|
|174   |              v_data_2_ram_single_4                |bram_1rw_726                     |      1|
|175   |              v_data_2_ram_single_5                |bram_1rw_727                     |      1|
|176   |              v_data_2_ram_single_6                |bram_1rw_728                     |      1|
|177   |              v_data_2_ram_single_7                |bram_1rw_729                     |      1|
|178   |              v_data_2_ram_single_8                |bram_1rw_730                     |      1|
|179   |              v_data_2_ram_single_9                |bram_1rw_731                     |      1|
|180   |              v_data_3_ram_single_0                |bram_1rw_732                     |      1|
|181   |              v_data_3_ram_single_1                |bram_1rw_733                     |      1|
|182   |              v_data_3_ram_single_10               |bram_1rw_734                     |      1|
|183   |              v_data_3_ram_single_11               |bram_1rw_735                     |      1|
|184   |              v_data_3_ram_single_12               |bram_1rw_736                     |    161|
|185   |              v_data_3_ram_single_13               |bram_1rw_737                     |     65|
|186   |              v_data_3_ram_single_14               |bram_1rw_738                     |     33|
|187   |              v_data_3_ram_single_15               |bram_1rw_739                     |     33|
|188   |              v_data_3_ram_single_2                |bram_1rw_740                     |      1|
|189   |              v_data_3_ram_single_3                |bram_1rw_741                     |      1|
|190   |              v_data_3_ram_single_4                |bram_1rw_742                     |      1|
|191   |              v_data_3_ram_single_5                |bram_1rw_743                     |      1|
|192   |              v_data_3_ram_single_6                |bram_1rw_744                     |      1|
|193   |              v_data_3_ram_single_7                |bram_1rw_745                     |      1|
|194   |              v_data_3_ram_single_8                |bram_1rw_746                     |      1|
|195   |              v_data_3_ram_single_9                |bram_1rw_747                     |      1|
|196   |            m_fillbuffer                           |mkicache_fb_v2                   |   6757|
|197   |            m_tag                                  |mkicache_tag                     |     40|
|198   |              v_tags_0_ram_single_0                |bram_1rw__parameterized0         |     10|
|199   |              v_tags_1_ram_single_0                |bram_1rw__parameterized0_682     |     10|
|200   |              v_tags_2_ram_single_0                |bram_1rw__parameterized0_683     |     10|
|201   |              v_tags_3_ram_single_0                |bram_1rw__parameterized0_684     |     10|
|202   |          itlb                                     |mkfa_itlb                        |    995|
|203   |            ff_core_respone                        |FIFO2__parameterized14           |    511|
|204   |            ff_request_to_ptw                      |FIFO2__parameterized5_680        |    168|
|205   |        memory_xactor_f_rd_addr                    |FIFO2_669                        |    129|
|206   |        memory_xactor_f_rd_data                    |FIFO2__parameterized0_670        |    197|
|207   |        memory_xactor_f_wr_addr                    |FIFO2_671                        |    132|
|208   |        memory_xactor_f_wr_data                    |FIFO2__parameterized1_672        |     81|
|209   |        memory_xactor_f_wr_resp                    |FIFO2__parameterized2_673        |     29|
|210   |        ptwalk_ff_hold_req                         |FIFO1__parameterized4            |    112|
|211   |        ptwalk_ff_memory_req                       |FIFO2__parameterized15           |    237|
|212   |        ptwalk_ff_memory_response                  |FIFO2__parameterized16           |     83|
|213   |        ptwalk_ff_req_queue                        |FIFO2__parameterized5_674        |    181|
|214   |        ptwalk_ff_response                         |FIFO2__parameterized17           |    120|
|215   |        riscv                                      |mkriscv                          |  18073|
|216   |          ff_baseout                               |SizedFIFO                        |   1004|
|217   |          ff_baseout_1                             |SizedFIFO_675                    |    503|
|218   |          ff_fuid                                  |SizedFIFO__parameterized0        |    809|
|219   |          ff_fuid_1                                |SizedFIFO__parameterized1        |    587|
|220   |          ff_mbox_out_ff                           |SizedFIFO__parameterized2        |    382|
|221   |          ff_memoryout                             |SizedFIFO__parameterized3        |     84|
|222   |          ff_pipe1                                 |FIFO2__parameterized18           |    976|
|223   |          ff_systemout                             |SizedFIFO__parameterized4        |   1957|
|224   |          ff_systemout_1                           |SizedFIFO__parameterized4_676    |    547|
|225   |          ff_trapout                               |SizedFIFO__parameterized5        |    572|
|226   |          ff_trapout_1                             |SizedFIFO__parameterized5_677    |    472|
|227   |          ff_wbmemop                               |SizedFIFO__parameterized6        |    488|
|228   |          mbox                                     |mkmbox                           |    718|
|229   |            div_                                   |mkrestoring_div                  |    476|
|230   |            ff_ordering                            |FIFO2__parameterized19           |     12|
|231   |            mul_                                   |mkcombo_mul                      |    230|
|232   |              rg_valid_in_0                        |FIFOL1                           |      3|
|233   |              rg_valid_out_0                       |FIFOL1_679                       |      2|
|234   |              signed_mul                           |signedmul                        |     63|
|235   |          pipe_s0s1_notEmpty_ff_pipe0              |FIFO2__parameterized20           |    137|
|236   |          pipe_s2s3_notEmpty_ff_insttype           |FIFOL1__parameterized0           |    199|
|237   |          pipe_s2s3_notEmpty_ff_meta               |FIFOL1__parameterized1           |    489|
|238   |          pipe_s2s3_notEmpty_ff_mtval              |FIFOL1__parameterized2           |     34|
|239   |          pipe_s2s3_notEmpty_ff_opmeta             |FIFOL1__parameterized3           |     14|
|240   |          stage0                                   |mkstage0                         |   4106|
|241   |            bpu                                    |mkbpu                            |   3924|
|242   |              ras_stack_array_reg                  |RegFile                          |    594|
|243   |              rg_bht_arr_0                         |RegFile__parameterized0          |     45|
|244   |              rg_bht_arr_1                         |RegFile__parameterized0_678      |     10|
|245   |          stage1                                   |mkstage1                         |    582|
|246   |            ff_memory_response_ff                  |FIFO2__parameterized21           |    512|
|247   |          stage2                                   |mkstage2                         |    304|
|248   |            registerfile                           |mkregisterfile                   |    135|
|249   |              xrf                                  |RegFile__parameterized1          |    105|
|250   |          stage3                                   |mkstage3                         |    737|
|251   |            instance_fn_base_alu_1                 |module_fn_base_alu               |     13|
|252   |              instance_fn_add_1                    |module_fn_add                    |      8|
|253   |              instance_fn_compare_0                |module_fn_compare                |      5|
|254   |            sboard                                 |mkscoreboard                     |    401|
|255   |          stage4                                   |mkstage4                         |     87|
|256   |          stage5                                   |mkstage5                         |   2258|
|257   |            csr                                    |mk_csrbox                        |   2251|
|258   |              grp1_ff_fwd_request                  |FIFO2__parameterized22           |    625|
|259   |      clint_s_xactor_f_rd_addr                     |FIFO2_7                          |    221|
|260   |      clint_s_xactor_f_rd_data                     |FIFO2__parameterized0_8          |    181|
|261   |      clint_s_xactor_f_wr_addr                     |FIFO2_9                          |    177|
|262   |      clint_s_xactor_f_wr_data                     |FIFO2__parameterized1_10         |    136|
|263   |      clint_s_xactor_f_wr_resp                     |FIFO2__parameterized2_11         |     14|
|264   |      dma                                          |mkdma                            |   9742|
|265   |        dma_destAddrFs_0                           |FIFO2__parameterized5_644        |    218|
|266   |        dma_destAddrFs_1                           |FIFO2__parameterized5_645        |    210|
|267   |        dma_destAddrFs_2                           |FIFO2__parameterized5_646        |    148|
|268   |        dma_destAddrFs_3                           |FIFO2__parameterized5_647        |    148|
|269   |        dma_destAddrFs_4                           |FIFO2__parameterized5_648        |    180|
|270   |        dma_destAddrFs_5                           |FIFO2__parameterized5_649        |    174|
|271   |        dma_destAddrFs_6                           |FIFO2__parameterized5_650        |    197|
|272   |        dma_m_xactor_f_rd_addr                     |FIFO2_651                        |    477|
|273   |        dma_m_xactor_f_rd_data                     |FIFO2__parameterized0_652        |   1097|
|274   |        dma_m_xactor_f_wr_addr                     |FIFO2_653                        |    186|
|275   |        dma_m_xactor_f_wr_data                     |FIFO2__parameterized1_654        |    229|
|276   |        dma_m_xactor_f_wr_resp                     |FIFO2__parameterized2_655        |    509|
|277   |        dma_responseDataFs_0                       |FIFO2__parameterized23           |    150|
|278   |        dma_responseDataFs_1                       |FIFO2__parameterized23_656       |    157|
|279   |        dma_responseDataFs_2                       |FIFO2__parameterized23_657       |    151|
|280   |        dma_responseDataFs_3                       |FIFO2__parameterized23_658       |    150|
|281   |        dma_responseDataFs_4                       |FIFO2__parameterized23_659       |    175|
|282   |        dma_responseDataFs_5                       |FIFO2__parameterized23_660       |    159|
|283   |        dma_responseDataFs_6                       |FIFO2__parameterized23_661       |    149|
|284   |        s_xactor_f_rd_addr                         |FIFO2__parameterized3_662        |    486|
|285   |        s_xactor_f_rd_data                         |FIFO2__parameterized4_663        |    108|
|286   |        s_xactor_f_wr_addr                         |FIFO2__parameterized3_664        |   1507|
|287   |        s_xactor_f_wr_data                         |FIFO2__parameterized5_665        |    315|
|288   |        s_xactor_f_wr_resp                         |FIFO2__parameterized6_666        |     48|
|289   |      err_slave_s_xactor_f_rd_addr                 |FIFO2__parameterized3_12         |      4|
|290   |      err_slave_s_xactor_f_rd_data                 |FIFO2__parameterized4_13         |     10|
|291   |      err_slave_s_xactor_f_wr_addr                 |FIFO2__parameterized3_14         |      4|
|292   |      err_slave_s_xactor_f_wr_data                 |FIFO2__parameterized5_15         |      5|
|293   |      err_slave_s_xactor_f_wr_resp                 |FIFO2__parameterized6_16         |     10|
|294   |      fabric_v_f_rd_mis_0                          |FIFO2__parameterized24           |     18|
|295   |      fabric_v_f_rd_mis_1                          |FIFO2__parameterized24_17        |    164|
|296   |      fabric_v_f_rd_mis_2                          |FIFO2__parameterized24_18        |     26|
|297   |      fabric_v_f_rd_mis_3                          |FIFO2__parameterized24_19        |     20|
|298   |      fabric_v_f_rd_mis_4                          |FIFO2__parameterized24_20        |     49|
|299   |      fabric_v_f_rd_mis_5                          |FIFO2__parameterized24_21        |    276|
|300   |      fabric_v_f_rd_mis_6                          |FIFO2__parameterized24_22        |     19|
|301   |      fabric_v_f_rd_sjs_0                          |FIFO2__parameterized24_23        |     16|
|302   |      fabric_v_f_rd_sjs_1                          |FIFO2__parameterized24_24        |     22|
|303   |      fabric_v_f_rd_sjs_2                          |FIFO2__parameterized24_25        |     23|
|304   |      fabric_v_f_rd_sjs_3                          |FIFO2__parameterized24_26        |     23|
|305   |      fabric_v_f_wr_mis_0                          |FIFO2__parameterized24_27        |     20|
|306   |      fabric_v_f_wr_mis_1                          |FIFO2__parameterized24_28        |     23|
|307   |      fabric_v_f_wr_mis_2                          |FIFO2__parameterized24_29        |     22|
|308   |      fabric_v_f_wr_mis_3                          |FIFO2__parameterized24_30        |     16|
|309   |      fabric_v_f_wr_mis_4                          |FIFO2__parameterized24_31        |     23|
|310   |      fabric_v_f_wr_mis_5                          |FIFO2__parameterized24_32        |     22|
|311   |      fabric_v_f_wr_mis_6                          |FIFO2__parameterized24_33        |     17|
|312   |      fabric_v_f_wr_sjs_0                          |FIFO2__parameterized24_34        |     22|
|313   |      fabric_v_f_wr_sjs_1                          |FIFO2__parameterized24_35        |     13|
|314   |      fabric_v_f_wr_sjs_3                          |FIFO2__parameterized24_36        |     20|
|315   |      fabric_v_f_wrd_mis_0                         |FIFO2__parameterized24_37        |     15|
|316   |      fabric_v_f_wrd_mis_1                         |FIFO2__parameterized24_38        |     15|
|317   |      fabric_v_f_wrd_mis_2                         |FIFO2__parameterized24_39        |     16|
|318   |      fabric_v_f_wrd_mis_3                         |FIFO2__parameterized24_40        |     14|
|319   |      fabric_v_f_wrd_mis_4                         |FIFO2__parameterized24_41        |      9|
|320   |      fabric_v_f_wrd_mis_5                         |FIFO2__parameterized24_42        |     14|
|321   |      fabric_v_f_wrd_mis_6                         |FIFO2__parameterized24_43        |     14|
|322   |      fabric_v_f_wrd_sjs_0                         |FIFO2__parameterized24_44        |     13|
|323   |      fabric_v_f_wrd_sjs_1                         |FIFO2__parameterized24_45        |     28|
|324   |      fabric_v_f_wrd_sjs_3                         |FIFO2__parameterized24_46        |     28|
|325   |      fabric_xactors_from_masters_0_f_rd_addr      |FIFO2_47                         |    365|
|326   |      fabric_xactors_from_masters_0_f_rd_data      |FIFO2__parameterized0_48         |    109|
|327   |      fabric_xactors_from_masters_0_f_wr_addr      |FIFO2_49                         |    613|
|328   |      fabric_xactors_from_masters_0_f_wr_data      |FIFO2__parameterized1_50         |     85|
|329   |      fabric_xactors_from_masters_0_f_wr_resp      |FIFO2__parameterized2_51         |     14|
|330   |      fabric_xactors_from_masters_1_f_rd_addr      |FIFO2_52                         |    329|
|331   |      fabric_xactors_from_masters_1_f_rd_data      |FIFO2__parameterized0_53         |    124|
|332   |      fabric_xactors_from_masters_1_f_wr_addr      |FIFO2_54                         |    201|
|333   |      fabric_xactors_from_masters_1_f_wr_data      |FIFO2__parameterized1_55         |    130|
|334   |      fabric_xactors_from_masters_1_f_wr_resp      |FIFO2__parameterized2_56         |     25|
|335   |      fabric_xactors_from_masters_2_f_rd_addr      |FIFO2_57                         |    178|
|336   |      fabric_xactors_from_masters_2_f_rd_data      |FIFO2__parameterized0_58         |    124|
|337   |      fabric_xactors_from_masters_3_f_rd_addr      |FIFO2_59                         |    259|
|338   |      fabric_xactors_from_masters_3_f_rd_data      |FIFO2__parameterized0_60         |    121|
|339   |      fabric_xactors_from_masters_3_f_wr_addr      |FIFO2_61                         |    270|
|340   |      fabric_xactors_from_masters_3_f_wr_data      |FIFO2__parameterized1_62         |    137|
|341   |      fabric_xactors_from_masters_3_f_wr_resp      |FIFO2__parameterized2_63         |     25|
|342   |      fabric_xactors_to_slaves_0_f_rd_addr         |FIFO2_64                         |    155|
|343   |      fabric_xactors_to_slaves_0_f_rd_data         |FIFO2__parameterized0_65         |    128|
|344   |      fabric_xactors_to_slaves_0_f_wr_addr         |FIFO2_66                         |    151|
|345   |      fabric_xactors_to_slaves_0_f_wr_data         |FIFO2__parameterized1_67         |    119|
|346   |      fabric_xactors_to_slaves_0_f_wr_resp         |FIFO2__parameterized2_68         |     25|
|347   |      fabric_xactors_to_slaves_1_f_rd_addr         |FIFO2_69                         |     91|
|348   |      fabric_xactors_to_slaves_1_f_rd_data         |FIFO2__parameterized0_70         |    133|
|349   |      fabric_xactors_to_slaves_1_f_wr_addr         |FIFO2_71                         |     97|
|350   |      fabric_xactors_to_slaves_1_f_wr_data         |FIFO2__parameterized1_72         |    106|
|351   |      fabric_xactors_to_slaves_1_f_wr_resp         |FIFO2__parameterized2_73         |     41|
|352   |      fabric_xactors_to_slaves_2_f_rd_addr         |FIFO2_74                         |     88|
|353   |      fabric_xactors_to_slaves_2_f_rd_data         |FIFO2__parameterized0_75         |    121|
|354   |      fabric_xactors_to_slaves_2_f_wr_addr         |FIFO2_76                         |     65|
|355   |      fabric_xactors_to_slaves_2_f_wr_data         |FIFO2__parameterized1_77         |    115|
|356   |      fabric_xactors_to_slaves_2_f_wr_resp         |FIFO2__parameterized2_78         |     22|
|357   |      fabric_xactors_to_slaves_3_f_rd_addr         |FIFO2_79                         |     43|
|358   |      fabric_xactors_to_slaves_3_f_rd_data         |FIFO2__parameterized0_80         |     29|
|359   |      fabric_xactors_to_slaves_3_f_wr_addr         |FIFO2_81                         |     13|
|360   |      fabric_xactors_to_slaves_3_f_wr_data         |FIFO2__parameterized1_82         |     23|
|361   |      fabric_xactors_to_slaves_3_f_wr_resp         |FIFO2__parameterized2_83         |     25|
|362   |      fabric_xactors_to_slaves_4_f_rd_addr         |FIFO2_84                         |    179|
|363   |      fabric_xactors_to_slaves_4_f_rd_data         |FIFO2__parameterized0_85         |    124|
|364   |      fabric_xactors_to_slaves_4_f_wr_addr         |FIFO2_86                         |    148|
|365   |      fabric_xactors_to_slaves_4_f_wr_data         |FIFO2__parameterized1_87         |    116|
|366   |      fabric_xactors_to_slaves_4_f_wr_resp         |FIFO2__parameterized2_88         |     45|
|367   |      fabric_xactors_to_slaves_5_f_rd_addr         |FIFO2_89                         |     97|
|368   |      fabric_xactors_to_slaves_5_f_rd_data         |FIFO2__parameterized0_90         |    122|
|369   |      fabric_xactors_to_slaves_5_f_wr_addr         |FIFO2_91                         |     70|
|370   |      fabric_xactors_to_slaves_5_f_wr_data         |FIFO2__parameterized1_92         |    119|
|371   |      fabric_xactors_to_slaves_5_f_wr_resp         |FIFO2__parameterized2_93         |     19|
|372   |      fabric_xactors_to_slaves_6_f_rd_addr         |FIFO2_94                         |     79|
|373   |      fabric_xactors_to_slaves_6_f_rd_data         |FIFO2__parameterized0_95         |    100|
|374   |      fabric_xactors_to_slaves_6_f_wr_addr         |FIFO2_96                         |      5|
|375   |      fabric_xactors_to_slaves_6_f_wr_data         |FIFO2__parameterized1_97         |     13|
|376   |      fabric_xactors_to_slaves_6_f_wr_resp         |FIFO2__parameterized2_98         |      4|
|377   |      fast_err_slave_s_xactor_f_rd_addr            |FIFO2_99                         |     47|
|378   |      fast_err_slave_s_xactor_f_rd_data            |FIFO2__parameterized0_100        |     40|
|379   |      fast_err_slave_s_xactor_f_wr_addr            |FIFO2_101                        |      4|
|380   |      fast_err_slave_s_xactor_f_wr_data            |FIFO2__parameterized1_102        |     31|
|381   |      fast_err_slave_s_xactor_f_wr_resp            |FIFO2__parameterized2_103        |     24|
|382   |      mixed_cluster                                |mkmixed_cluster                  |  17160|
|383   |        fabric_v_f_rd_mis_8                        |FIFO2__parameterized25_488       |      3|
|384   |        c2m_xactor_f_rd_addr                       |FIFO2__parameterized3_463        |    119|
|385   |        c2m_xactor_f_rd_data                       |FIFO2__parameterized4_464        |    110|
|386   |        c2m_xactor_f_wr_addr                       |FIFO2__parameterized3_465        |    119|
|387   |        c2m_xactor_f_wr_data                       |FIFO2__parameterized5_466        |    116|
|388   |        c2m_xactor_f_wr_resp                       |FIFO2__parameterized6_467        |     14|
|389   |        c2s_xactor_f_rd_addr                       |FIFO2__parameterized3_468        |    119|
|390   |        c2s_xactor_f_rd_data                       |FIFO2__parameterized4_469        |    110|
|391   |        c2s_xactor_f_wr_addr                       |FIFO2__parameterized3_470        |    119|
|392   |        c2s_xactor_f_wr_data                       |FIFO2__parameterized5_471        |    116|
|393   |        c2s_xactor_f_wr_resp                       |FIFO2__parameterized6_472        |     14|
|394   |        err_slave_s_xactor_f_rd_addr               |FIFO2__parameterized3_473        |      4|
|395   |        err_slave_s_xactor_f_rd_data               |FIFO2__parameterized4_474        |     10|
|396   |        err_slave_s_xactor_f_wr_addr               |FIFO2__parameterized3_475        |      5|
|397   |        err_slave_s_xactor_f_wr_data               |FIFO2__parameterized5_476        |      4|
|398   |        err_slave_s_xactor_f_wr_resp               |FIFO2__parameterized6_477        |     10|
|399   |        fabric_v_f_rd_mis_0                        |FIFO2__parameterized25_478       |      4|
|400   |        fabric_v_f_rd_mis_1                        |FIFO2__parameterized25_479       |      4|
|401   |        fabric_v_f_rd_mis_10                       |FIFO2__parameterized25_480       |      4|
|402   |        fabric_v_f_rd_mis_11                       |FIFO2__parameterized25_481       |      4|
|403   |        fabric_v_f_rd_mis_2                        |FIFO2__parameterized25_482       |      4|
|404   |        fabric_v_f_rd_mis_3                        |FIFO2__parameterized25_483       |      4|
|405   |        fabric_v_f_rd_mis_4                        |FIFO2__parameterized25_484       |      4|
|406   |        fabric_v_f_rd_mis_5                        |FIFO2__parameterized25_485       |      4|
|407   |        fabric_v_f_rd_mis_6                        |FIFO2__parameterized25_486       |      4|
|408   |        fabric_v_f_rd_mis_7                        |FIFO2__parameterized25_487       |      4|
|409   |        fabric_v_f_rd_mis_9                        |FIFO2__parameterized25_489       |      4|
|410   |        fabric_v_f_rd_sjs_0                        |FIFO2__parameterized26           |    227|
|411   |        fabric_v_f_wr_mis_0                        |FIFO2__parameterized25_490       |      4|
|412   |        fabric_v_f_wr_mis_1                        |FIFO2__parameterized25_491       |      4|
|413   |        fabric_v_f_wr_mis_10                       |FIFO2__parameterized25_492       |      2|
|414   |        fabric_v_f_wr_mis_11                       |FIFO2__parameterized25_493       |      4|
|415   |        fabric_v_f_wr_mis_2                        |FIFO2__parameterized25_494       |      4|
|416   |        fabric_v_f_wr_mis_3                        |FIFO2__parameterized25_495       |      4|
|417   |        fabric_v_f_wr_mis_4                        |FIFO2__parameterized25_496       |      4|
|418   |        fabric_v_f_wr_mis_5                        |FIFO2__parameterized25_497       |      4|
|419   |        fabric_v_f_wr_mis_6                        |FIFO2__parameterized25_498       |      4|
|420   |        fabric_v_f_wr_mis_7                        |FIFO2__parameterized25_499       |      4|
|421   |        fabric_v_f_wr_mis_8                        |FIFO2__parameterized25_500       |      3|
|422   |        fabric_v_f_wr_mis_9                        |FIFO2__parameterized25_501       |      4|
|423   |        fabric_v_f_wr_sjs_0                        |FIFO2__parameterized26_502       |     44|
|424   |        fabric_xactors_from_masters_0_f_rd_addr    |FIFO2__parameterized3_503        |    197|
|425   |        fabric_xactors_from_masters_0_f_rd_data    |FIFO2__parameterized4_504        |    109|
|426   |        fabric_xactors_from_masters_0_f_wr_addr    |FIFO2__parameterized3_505        |    245|
|427   |        fabric_xactors_from_masters_0_f_wr_data    |FIFO2__parameterized5_506        |    115|
|428   |        fabric_xactors_from_masters_0_f_wr_resp    |FIFO2__parameterized6_507        |     12|
|429   |        fabric_xactors_to_slaves_0_f_rd_addr       |FIFO2__parameterized3_508        |     21|
|430   |        fabric_xactors_to_slaves_0_f_rd_data       |FIFO2__parameterized4_509        |    106|
|431   |        fabric_xactors_to_slaves_0_f_wr_addr       |FIFO2__parameterized3_510        |     31|
|432   |        fabric_xactors_to_slaves_0_f_wr_data       |FIFO2__parameterized5_511        |    103|
|433   |        fabric_xactors_to_slaves_0_f_wr_resp       |FIFO2__parameterized6_512        |      9|
|434   |        fabric_xactors_to_slaves_10_f_rd_addr      |FIFO2__parameterized3_513        |    115|
|435   |        fabric_xactors_to_slaves_10_f_rd_data      |FIFO2__parameterized4_514        |    103|
|436   |        fabric_xactors_to_slaves_10_f_wr_addr      |FIFO2__parameterized3_515        |     78|
|437   |        fabric_xactors_to_slaves_10_f_wr_data      |FIFO2__parameterized5_516        |    100|
|438   |        fabric_xactors_to_slaves_10_f_wr_resp      |FIFO2__parameterized6_517        |      4|
|439   |        fabric_xactors_to_slaves_11_f_rd_addr      |FIFO2__parameterized3_518        |      4|
|440   |        fabric_xactors_to_slaves_11_f_rd_data      |FIFO2__parameterized4_519        |     14|
|441   |        fabric_xactors_to_slaves_11_f_wr_addr      |FIFO2__parameterized3_520        |      4|
|442   |        fabric_xactors_to_slaves_11_f_wr_data      |FIFO2__parameterized5_521        |      5|
|443   |        fabric_xactors_to_slaves_11_f_wr_resp      |FIFO2__parameterized6_522        |     14|
|444   |        fabric_xactors_to_slaves_1_f_rd_addr       |FIFO2__parameterized3_523        |     21|
|445   |        fabric_xactors_to_slaves_1_f_rd_data       |FIFO2__parameterized4_524        |    106|
|446   |        fabric_xactors_to_slaves_1_f_wr_addr       |FIFO2__parameterized3_525        |     40|
|447   |        fabric_xactors_to_slaves_1_f_wr_data       |FIFO2__parameterized5_526        |    137|
|448   |        fabric_xactors_to_slaves_1_f_wr_resp       |FIFO2__parameterized6_527        |      9|
|449   |        fabric_xactors_to_slaves_2_f_rd_addr       |FIFO2__parameterized3_528        |     61|
|450   |        fabric_xactors_to_slaves_2_f_rd_data       |FIFO2__parameterized4_529        |    109|
|451   |        fabric_xactors_to_slaves_2_f_wr_addr       |FIFO2__parameterized3_530        |     61|
|452   |        fabric_xactors_to_slaves_2_f_wr_data       |FIFO2__parameterized5_531        |    115|
|453   |        fabric_xactors_to_slaves_2_f_wr_resp       |FIFO2__parameterized6_532        |     14|
|454   |        fabric_xactors_to_slaves_3_f_rd_addr       |FIFO2__parameterized3_533        |     61|
|455   |        fabric_xactors_to_slaves_3_f_rd_data       |FIFO2__parameterized4_534        |    109|
|456   |        fabric_xactors_to_slaves_3_f_wr_addr       |FIFO2__parameterized3_535        |     61|
|457   |        fabric_xactors_to_slaves_3_f_wr_data       |FIFO2__parameterized5_536        |    115|
|458   |        fabric_xactors_to_slaves_3_f_wr_resp       |FIFO2__parameterized6_537        |     14|
|459   |        fabric_xactors_to_slaves_4_f_rd_addr       |FIFO2__parameterized3_538        |     61|
|460   |        fabric_xactors_to_slaves_4_f_rd_data       |FIFO2__parameterized4_539        |    109|
|461   |        fabric_xactors_to_slaves_4_f_wr_addr       |FIFO2__parameterized3_540        |     61|
|462   |        fabric_xactors_to_slaves_4_f_wr_data       |FIFO2__parameterized5_541        |    115|
|463   |        fabric_xactors_to_slaves_4_f_wr_resp       |FIFO2__parameterized6_542        |     14|
|464   |        fabric_xactors_to_slaves_5_f_rd_addr       |FIFO2__parameterized3_543        |     61|
|465   |        fabric_xactors_to_slaves_5_f_rd_data       |FIFO2__parameterized4_544        |    109|
|466   |        fabric_xactors_to_slaves_5_f_wr_addr       |FIFO2__parameterized3_545        |     61|
|467   |        fabric_xactors_to_slaves_5_f_wr_data       |FIFO2__parameterized5_546        |    115|
|468   |        fabric_xactors_to_slaves_5_f_wr_resp       |FIFO2__parameterized6_547        |     14|
|469   |        fabric_xactors_to_slaves_6_f_rd_addr       |FIFO2__parameterized3_548        |     85|
|470   |        fabric_xactors_to_slaves_6_f_rd_data       |FIFO2__parameterized4_549        |    106|
|471   |        fabric_xactors_to_slaves_6_f_wr_addr       |FIFO2__parameterized3_550        |     85|
|472   |        fabric_xactors_to_slaves_6_f_wr_data       |FIFO2__parameterized5_551        |    115|
|473   |        fabric_xactors_to_slaves_6_f_wr_resp       |FIFO2__parameterized6_552        |      9|
|474   |        fabric_xactors_to_slaves_7_f_rd_addr       |FIFO2__parameterized3_553        |     34|
|475   |        fabric_xactors_to_slaves_7_f_rd_data       |FIFO2__parameterized4_554        |    107|
|476   |        fabric_xactors_to_slaves_7_f_wr_addr       |FIFO2__parameterized3_555        |     34|
|477   |        fabric_xactors_to_slaves_7_f_wr_data       |FIFO2__parameterized5_556        |    103|
|478   |        fabric_xactors_to_slaves_7_f_wr_resp       |FIFO2__parameterized6_557        |      9|
|479   |        fabric_xactors_to_slaves_8_f_rd_addr       |FIFO2__parameterized3_558        |      2|
|480   |        fabric_xactors_to_slaves_9_f_rd_addr       |FIFO2__parameterized3_559        |    109|
|481   |        fabric_xactors_to_slaves_9_f_rd_data       |FIFO2__parameterized4_560        |    106|
|482   |        fabric_xactors_to_slaves_9_f_wr_addr       |FIFO2__parameterized3_561        |    109|
|483   |        fabric_xactors_to_slaves_9_f_wr_data       |FIFO2__parameterized5_562        |    104|
|484   |        fabric_xactors_to_slaves_9_f_wr_resp       |FIFO2__parameterized6_563        |      9|
|485   |        gpio                                       |mkgpio                           |    724|
|486   |          s_xactor_f_rd_addr                       |FIFO2__parameterized3_639        |    202|
|487   |          s_xactor_f_rd_data                       |FIFO2__parameterized4_640        |    115|
|488   |          s_xactor_f_wr_addr                       |FIFO2__parameterized3_641        |    110|
|489   |          s_xactor_f_wr_data                       |FIFO2__parameterized5_642        |    105|
|490   |          s_xactor_f_wr_resp                       |FIFO2__parameterized6_643        |     11|
|491   |        gptimer0                                   |mkgptimer                        |   1585|
|492   |          downreset                                |SyncResetA_625                   |      2|
|493   |          ff_rd_request                            |SyncFIFO_626                     |    186|
|494   |          ff_rd_response                           |SyncFIFO__parameterized0_627     |     87|
|495   |          ff_wdata_request                         |SyncFIFO__parameterized1_628     |     93|
|496   |          ff_wr_request                            |SyncFIFO_629                     |    137|
|497   |          ff_wr_response                           |SyncFIFO__parameterized2_630     |     48|
|498   |          s_xactor_f_rd_addr                       |FIFO2__parameterized3_631        |     62|
|499   |          s_xactor_f_rd_data                       |FIFO2__parameterized4_632        |    109|
|500   |          s_xactor_f_wr_addr                       |FIFO2__parameterized3_633        |     62|
|501   |          s_xactor_f_wr_data                       |FIFO2__parameterized5_634        |    117|
|502   |          s_xactor_f_wr_resp                       |FIFO2__parameterized6_635        |     14|
|503   |          sync_gpt_in                              |SyncBit_636                      |      5|
|504   |          sync_gpt_out                             |SyncBit_637                      |    123|
|505   |          sync_interrupt                           |SyncBit_638                      |     51|
|506   |        gptimer1                                   |mkgptimer_564                    |   1554|
|507   |          downreset                                |SyncResetA_611                   |      2|
|508   |          ff_rd_request                            |SyncFIFO_612                     |    186|
|509   |          ff_rd_response                           |SyncFIFO__parameterized0_613     |     87|
|510   |          ff_wdata_request                         |SyncFIFO__parameterized1_614     |     93|
|511   |          ff_wr_request                            |SyncFIFO_615                     |    137|
|512   |          ff_wr_response                           |SyncFIFO__parameterized2_616     |     48|
|513   |          s_xactor_f_rd_addr                       |FIFO2__parameterized3_617        |     62|
|514   |          s_xactor_f_rd_data                       |FIFO2__parameterized4_618        |    109|
|515   |          s_xactor_f_wr_addr                       |FIFO2__parameterized3_619        |     62|
|516   |          s_xactor_f_wr_data                       |FIFO2__parameterized5_620        |    117|
|517   |          s_xactor_f_wr_resp                       |FIFO2__parameterized6_621        |     14|
|518   |          sync_gpt_in                              |SyncBit_622                      |      5|
|519   |          sync_gpt_out                             |SyncBit_623                      |    123|
|520   |          sync_interrupt                           |SyncBit_624                      |     52|
|521   |        gptimer2                                   |mkgptimer_565                    |   1554|
|522   |          downreset                                |SyncResetA_597                   |      2|
|523   |          ff_rd_request                            |SyncFIFO_598                     |    186|
|524   |          ff_rd_response                           |SyncFIFO__parameterized0_599     |     87|
|525   |          ff_wdata_request                         |SyncFIFO__parameterized1_600     |     93|
|526   |          ff_wr_request                            |SyncFIFO_601                     |    137|
|527   |          ff_wr_response                           |SyncFIFO__parameterized2_602     |     48|
|528   |          s_xactor_f_rd_addr                       |FIFO2__parameterized3_603        |     62|
|529   |          s_xactor_f_rd_data                       |FIFO2__parameterized4_604        |    109|
|530   |          s_xactor_f_wr_addr                       |FIFO2__parameterized3_605        |     62|
|531   |          s_xactor_f_wr_data                       |FIFO2__parameterized5_606        |    117|
|532   |          s_xactor_f_wr_resp                       |FIFO2__parameterized6_607        |     14|
|533   |          sync_gpt_in                              |SyncBit_608                      |      5|
|534   |          sync_gpt_out                             |SyncBit_609                      |    123|
|535   |          sync_interrupt                           |SyncBit_610                      |     52|
|536   |        gptimer3                                   |mkgptimer_566                    |   1596|
|537   |          downreset                                |SyncResetA                       |      2|
|538   |          ff_rd_request                            |SyncFIFO                         |    200|
|539   |          ff_rd_response                           |SyncFIFO__parameterized0         |     87|
|540   |          ff_wdata_request                         |SyncFIFO__parameterized1         |     93|
|541   |          ff_wr_request                            |SyncFIFO_588                     |    137|
|542   |          ff_wr_response                           |SyncFIFO__parameterized2         |     48|
|543   |          s_xactor_f_rd_addr                       |FIFO2__parameterized3_589        |     62|
|544   |          s_xactor_f_rd_data                       |FIFO2__parameterized4_590        |    109|
|545   |          s_xactor_f_wr_addr                       |FIFO2__parameterized3_591        |     62|
|546   |          s_xactor_f_wr_data                       |FIFO2__parameterized5_592        |    117|
|547   |          s_xactor_f_wr_resp                       |FIFO2__parameterized6_593        |     14|
|548   |          sync_gpt_in                              |SyncBit_594                      |      5|
|549   |          sync_gpt_out                             |SyncBit_595                      |    123|
|550   |          sync_interrupt                           |SyncBit_596                      |     52|
|551   |        i2c0                                       |mki2c                            |    970|
|552   |          s_xactor_f_rd_addr                       |FIFO2__parameterized3_583        |    106|
|553   |          s_xactor_f_rd_data                       |FIFO2__parameterized4_584        |    120|
|554   |          s_xactor_f_wr_addr                       |FIFO2__parameterized3_585        |     63|
|555   |          s_xactor_f_wr_data                       |FIFO2__parameterized5_586        |    236|
|556   |          s_xactor_f_wr_resp                       |FIFO2__parameterized6_587        |     10|
|557   |        i2c1                                       |mki2c_567                        |    976|
|558   |          s_xactor_f_rd_addr                       |FIFO2__parameterized3_578        |    112|
|559   |          s_xactor_f_rd_data                       |FIFO2__parameterized4_579        |    107|
|560   |          s_xactor_f_wr_addr                       |FIFO2__parameterized3_580        |     54|
|561   |          s_xactor_f_wr_data                       |FIFO2__parameterized5_581        |    246|
|562   |          s_xactor_f_wr_resp                       |FIFO2__parameterized6_582        |     10|
|563   |        pinmuxtop                                  |mkpinmuxtop                      |    589|
|564   |          s_xactor_f_rd_addr                       |FIFO2__parameterized3_573        |    171|
|565   |          s_xactor_f_rd_data                       |FIFO2__parameterized4_574        |    115|
|566   |          s_xactor_f_wr_addr                       |FIFO2__parameterized3_575        |    121|
|567   |          s_xactor_f_wr_data                       |FIFO2__parameterized5_576        |    104|
|568   |          s_xactor_f_wr_resp                       |FIFO2__parameterized6_577        |     10|
|569   |        plic                                       |mkplic                           |   1972|
|570   |          s_xactor_f_rd_addr                       |FIFO2__parameterized3_568        |    659|
|571   |          s_xactor_f_rd_data                       |FIFO2__parameterized4_569        |    107|
|572   |          s_xactor_f_wr_addr                       |FIFO2__parameterized3_570        |    307|
|573   |          s_xactor_f_wr_data                       |FIFO2__parameterized5_571        |    249|
|574   |          s_xactor_f_wr_resp                       |FIFO2__parameterized6_572        |      8|
|575   |      pwm_cluster                                  |mkpwm_cluster                    |   7397|
|576   |        c2m_xactor_f_rd_addr                       |FIFO2__parameterized3_282        |    107|
|577   |        c2m_xactor_f_rd_data                       |FIFO2__parameterized4_283        |    110|
|578   |        c2m_xactor_f_wr_addr                       |FIFO2__parameterized3_284        |    107|
|579   |        c2m_xactor_f_wr_data                       |FIFO2__parameterized5_285        |    104|
|580   |        c2m_xactor_f_wr_resp                       |FIFO2__parameterized6_286        |     14|
|581   |        c2s_xactor_f_rd_addr                       |FIFO2__parameterized3_287        |    107|
|582   |        c2s_xactor_f_rd_data                       |FIFO2__parameterized4_288        |    110|
|583   |        c2s_xactor_f_wr_addr                       |FIFO2__parameterized3_289        |    107|
|584   |        c2s_xactor_f_wr_data                       |FIFO2__parameterized5_290        |    104|
|585   |        c2s_xactor_f_wr_resp                       |FIFO2__parameterized6_291        |     14|
|586   |        err_slave_s_xactor_f_rd_addr               |FIFO2__parameterized3_292        |      4|
|587   |        err_slave_s_xactor_f_rd_data               |FIFO2__parameterized4_293        |     10|
|588   |        err_slave_s_xactor_f_wr_addr               |FIFO2__parameterized3_294        |      4|
|589   |        err_slave_s_xactor_f_wr_data               |FIFO2__parameterized5_295        |      4|
|590   |        err_slave_s_xactor_f_wr_resp               |FIFO2__parameterized6_296        |     10|
|591   |        fabric_v_f_rd_mis_0                        |FIFO2__parameterized25_297       |      4|
|592   |        fabric_v_f_rd_mis_1                        |FIFO2__parameterized25_298       |      4|
|593   |        fabric_v_f_rd_sjs_0                        |FIFO2__parameterized6_299        |     47|
|594   |        fabric_v_f_wr_mis_0                        |FIFO2__parameterized25_300       |      4|
|595   |        fabric_v_f_wr_mis_1                        |FIFO2__parameterized25_301       |      4|
|596   |        fabric_v_f_wr_sjs_0                        |FIFO2__parameterized6_302        |     14|
|597   |        fabric_xactors_from_masters_0_f_rd_addr    |FIFO2__parameterized3_303        |    117|
|598   |        fabric_xactors_from_masters_0_f_rd_data    |FIFO2__parameterized4_304        |    109|
|599   |        fabric_xactors_from_masters_0_f_wr_addr    |FIFO2__parameterized3_305        |    120|
|600   |        fabric_xactors_from_masters_0_f_wr_data    |FIFO2__parameterized5_306        |    103|
|601   |        fabric_xactors_from_masters_0_f_wr_resp    |FIFO2__parameterized6_307        |     12|
|602   |        fabric_xactors_to_slaves_0_f_rd_addr       |FIFO2__parameterized3_308        |     35|
|603   |        fabric_xactors_to_slaves_0_f_rd_data       |FIFO2__parameterized4_309        |    140|
|604   |        fabric_xactors_to_slaves_0_f_wr_addr       |FIFO2__parameterized3_310        |     35|
|605   |        fabric_xactors_to_slaves_0_f_wr_data       |FIFO2__parameterized5_311        |    103|
|606   |        fabric_xactors_to_slaves_0_f_wr_resp       |FIFO2__parameterized6_312        |     10|
|607   |        fabric_xactors_to_slaves_1_f_rd_addr       |FIFO2__parameterized3_313        |      4|
|608   |        fabric_xactors_to_slaves_1_f_rd_data       |FIFO2__parameterized4_314        |     14|
|609   |        fabric_xactors_to_slaves_1_f_wr_addr       |FIFO2__parameterized3_315        |      4|
|610   |        fabric_xactors_to_slaves_1_f_wr_data       |FIFO2__parameterized5_316        |      5|
|611   |        fabric_xactors_to_slaves_1_f_wr_resp       |FIFO2__parameterized6_317        |     14|
|612   |        pwm0                                       |mkpwm                            |   5578|
|613   |          pwm_clk_divider_clock_selector           |UngatedClockMux                  |      5|
|614   |          pwm_clk_divider_new_clock                |MakeClock                        |      2|
|615   |          pwm_deadbanddelay_0                      |SyncRegister                     |     61|
|616   |            sync                                   |SyncHandshake_462                |     10|
|617   |          pwm_deadbanddelay_1                      |SyncRegister_318                 |     61|
|618   |            sync                                   |SyncHandshake_461                |     10|
|619   |          pwm_deadbanddelay_2                      |SyncRegister_319                 |     61|
|620   |            sync                                   |SyncHandshake_460                |     10|
|621   |          pwm_deadbanddelay_3                      |SyncRegister_320                 |     61|
|622   |            sync                                   |SyncHandshake_459                |     10|
|623   |          pwm_deadbanddelay_4                      |SyncRegister_321                 |     61|
|624   |            sync                                   |SyncHandshake_458                |     10|
|625   |          pwm_deadbanddelay_5                      |SyncRegister_322                 |     61|
|626   |            sync                                   |SyncHandshake_457                |     10|
|627   |          pwm_duty_cycle_0                         |SyncRegister__parameterized0     |    151|
|628   |            sync                                   |SyncHandshake_456                |      9|
|629   |          pwm_duty_cycle_1                         |SyncRegister__parameterized0_323 |    151|
|630   |            sync                                   |SyncHandshake_455                |      9|
|631   |          pwm_duty_cycle_2                         |SyncRegister__parameterized0_324 |    151|
|632   |            sync                                   |SyncHandshake_454                |      9|
|633   |          pwm_duty_cycle_3                         |SyncRegister__parameterized0_325 |    151|
|634   |            sync                                   |SyncHandshake_453                |      9|
|635   |          pwm_duty_cycle_4                         |SyncRegister__parameterized0_326 |    151|
|636   |            sync                                   |SyncHandshake_452                |      9|
|637   |          pwm_duty_cycle_5                         |SyncRegister__parameterized0_327 |    150|
|638   |            sync                                   |SyncHandshake_451                |      9|
|639   |          pwm_interrupt_0                          |SyncBit                          |      3|
|640   |          pwm_interrupt_1                          |SyncBit_328                      |      3|
|641   |          pwm_interrupt_2                          |SyncBit_329                      |      3|
|642   |          pwm_interrupt_3                          |SyncBit_330                      |      3|
|643   |          pwm_interrupt_4                          |SyncBit_331                      |      3|
|644   |          pwm_interrupt_5                          |SyncBit_332                      |      3|
|645   |          pwm_period_0                             |SyncRegister__parameterized0_333 |    270|
|646   |            sync                                   |SyncHandshake_450                |      8|
|647   |          pwm_period_1                             |SyncRegister__parameterized0_334 |    270|
|648   |            sync                                   |SyncHandshake_449                |      8|
|649   |          pwm_period_2                             |SyncRegister__parameterized0_335 |    270|
|650   |            sync                                   |SyncHandshake_448                |      8|
|651   |          pwm_period_3                             |SyncRegister__parameterized0_336 |    271|
|652   |            sync                                   |SyncHandshake_447                |      9|
|653   |          pwm_period_4                             |SyncRegister__parameterized0_337 |    271|
|654   |            sync                                   |SyncHandshake_446                |      9|
|655   |          pwm_period_5                             |SyncRegister__parameterized0_338 |    270|
|656   |            sync                                   |SyncHandshake_445                |      8|
|657   |          pwm_pwm_fall_interrupt_0                 |SyncBit_339                      |      3|
|658   |          pwm_pwm_fall_interrupt_1                 |SyncBit_340                      |      3|
|659   |          pwm_pwm_fall_interrupt_2                 |SyncBit_341                      |      3|
|660   |          pwm_pwm_fall_interrupt_3                 |SyncBit_342                      |      3|
|661   |          pwm_pwm_fall_interrupt_4                 |SyncBit_343                      |      3|
|662   |          pwm_pwm_fall_interrupt_5                 |SyncBit_344                      |      3|
|663   |          pwm_pwm_halfperiod_interrupt_0           |SyncBit_345                      |      4|
|664   |          pwm_pwm_halfperiod_interrupt_1           |SyncBit_346                      |      4|
|665   |          pwm_pwm_halfperiod_interrupt_2           |SyncBit_347                      |      4|
|666   |          pwm_pwm_halfperiod_interrupt_3           |SyncBit_348                      |      4|
|667   |          pwm_pwm_halfperiod_interrupt_4           |SyncBit_349                      |      4|
|668   |          pwm_pwm_halfperiod_interrupt_5           |SyncBit_350                      |      4|
|669   |          pwm_pwm_output_0                         |SyncBit_351                      |     12|
|670   |          pwm_pwm_output_1                         |SyncBit_352                      |     12|
|671   |          pwm_pwm_output_2                         |SyncBit_353                      |     12|
|672   |          pwm_pwm_output_3                         |SyncBit_354                      |     12|
|673   |          pwm_pwm_output_4                         |SyncBit_355                      |     12|
|674   |          pwm_pwm_output_5                         |SyncBit_356                      |     12|
|675   |          pwm_pwm_rise_interrupt_0                 |SyncBit_357                      |      3|
|676   |          pwm_pwm_rise_interrupt_1                 |SyncBit_358                      |      3|
|677   |          pwm_pwm_rise_interrupt_2                 |SyncBit_359                      |      3|
|678   |          pwm_pwm_rise_interrupt_3                 |SyncBit_360                      |      3|
|679   |          pwm_pwm_rise_interrupt_4                 |SyncBit_361                      |      3|
|680   |          pwm_pwm_rise_interrupt_5                 |SyncBit_362                      |      3|
|681   |          pwm_rg_update_0                          |SyncBit_363                      |      3|
|682   |          pwm_rg_update_1                          |SyncBit_364                      |      3|
|683   |          pwm_rg_update_2                          |SyncBit_365                      |      3|
|684   |          pwm_rg_update_3                          |SyncBit_366                      |      3|
|685   |          pwm_rg_update_4                          |SyncBit_367                      |      3|
|686   |          pwm_rg_update_5                          |SyncBit_368                      |      3|
|687   |          pwm_sync_clock_divisor                   |SyncRegister__parameterized1     |     39|
|688   |            sync                                   |SyncHandshake_444                |      9|
|689   |          pwm_sync_counter_reset_0                 |SyncRegister__parameterized2     |     41|
|690   |            sync                                   |SyncHandshake_443                |     10|
|691   |          pwm_sync_counter_reset_1                 |SyncRegister__parameterized2_369 |     40|
|692   |            sync                                   |SyncHandshake_442                |      9|
|693   |          pwm_sync_counter_reset_2                 |SyncRegister__parameterized2_370 |     40|
|694   |            sync                                   |SyncHandshake_441                |      9|
|695   |          pwm_sync_counter_reset_3                 |SyncRegister__parameterized2_371 |     39|
|696   |            sync                                   |SyncHandshake_440                |      8|
|697   |          pwm_sync_counter_reset_4                 |SyncRegister__parameterized2_372 |     41|
|698   |            sync                                   |SyncHandshake_439                |     10|
|699   |          pwm_sync_counter_reset_5                 |SyncRegister__parameterized2_373 |     41|
|700   |            sync                                   |SyncHandshake_438                |      9|
|701   |          pwm_sync_fall_interrupt_enable_0         |SyncRegister__parameterized2_374 |     11|
|702   |            sync                                   |SyncHandshake_437                |      9|
|703   |          pwm_sync_fall_interrupt_enable_1         |SyncRegister__parameterized2_375 |     10|
|704   |            sync                                   |SyncHandshake_436                |      8|
|705   |          pwm_sync_fall_interrupt_enable_2         |SyncRegister__parameterized2_376 |     11|
|706   |            sync                                   |SyncHandshake_435                |      9|
|707   |          pwm_sync_fall_interrupt_enable_3         |SyncRegister__parameterized2_377 |     11|
|708   |            sync                                   |SyncHandshake_434                |      9|
|709   |          pwm_sync_fall_interrupt_enable_4         |SyncRegister__parameterized2_378 |     11|
|710   |            sync                                   |SyncHandshake_433                |      9|
|711   |          pwm_sync_fall_interrupt_enable_5         |SyncRegister__parameterized2_379 |     12|
|712   |            sync                                   |SyncHandshake_432                |     10|
|713   |          pwm_sync_halfperiod_interrupt_enable_0   |SyncRegister__parameterized2_380 |     11|
|714   |            sync                                   |SyncHandshake_431                |      8|
|715   |          pwm_sync_halfperiod_interrupt_enable_1   |SyncRegister__parameterized2_381 |     12|
|716   |            sync                                   |SyncHandshake_430                |      9|
|717   |          pwm_sync_halfperiod_interrupt_enable_2   |SyncRegister__parameterized2_382 |     11|
|718   |            sync                                   |SyncHandshake_429                |      8|
|719   |          pwm_sync_halfperiod_interrupt_enable_3   |SyncRegister__parameterized2_383 |     17|
|720   |            sync                                   |SyncHandshake_428                |     14|
|721   |          pwm_sync_halfperiod_interrupt_enable_4   |SyncRegister__parameterized2_384 |     12|
|722   |            sync                                   |SyncHandshake_427                |      9|
|723   |          pwm_sync_halfperiod_interrupt_enable_5   |SyncRegister__parameterized2_385 |     12|
|724   |            sync                                   |SyncHandshake_426                |      9|
|725   |          pwm_sync_output_polarity_0               |SyncRegister__parameterized2_386 |     13|
|726   |            sync                                   |SyncHandshake_425                |      9|
|727   |          pwm_sync_output_polarity_1               |SyncRegister__parameterized2_387 |     12|
|728   |            sync                                   |SyncHandshake_424                |      8|
|729   |          pwm_sync_output_polarity_2               |SyncRegister__parameterized2_388 |     13|
|730   |            sync                                   |SyncHandshake_423                |      9|
|731   |          pwm_sync_output_polarity_3               |SyncRegister__parameterized2_389 |     13|
|732   |            sync                                   |SyncHandshake_422                |      9|
|733   |          pwm_sync_output_polarity_4               |SyncRegister__parameterized2_390 |     12|
|734   |            sync                                   |SyncHandshake_421                |      8|
|735   |          pwm_sync_output_polarity_5               |SyncRegister__parameterized2_391 |     13|
|736   |            sync                                   |SyncHandshake_420                |      9|
|737   |          pwm_sync_pwm_enable_0                    |SyncRegister__parameterized2_392 |     10|
|738   |            sync                                   |SyncHandshake_419                |      8|
|739   |          pwm_sync_pwm_enable_1                    |SyncRegister__parameterized2_393 |     11|
|740   |            sync                                   |SyncHandshake_418                |      9|
|741   |          pwm_sync_pwm_enable_2                    |SyncRegister__parameterized2_394 |     10|
|742   |            sync                                   |SyncHandshake_417                |      8|
|743   |          pwm_sync_pwm_enable_3                    |SyncRegister__parameterized2_395 |      9|
|744   |            sync                                   |SyncHandshake_416                |      7|
|745   |          pwm_sync_pwm_enable_4                    |SyncRegister__parameterized2_396 |      9|
|746   |            sync                                   |SyncHandshake_415                |      7|
|747   |          pwm_sync_pwm_enable_5                    |SyncRegister__parameterized2_397 |     11|
|748   |            sync                                   |SyncHandshake_414                |      9|
|749   |          pwm_sync_rise_interrupt_enable_0         |SyncRegister__parameterized2_398 |     13|
|750   |            sync                                   |SyncHandshake_413                |     10|
|751   |          pwm_sync_rise_interrupt_enable_1         |SyncRegister__parameterized2_399 |     12|
|752   |            sync                                   |SyncHandshake_412                |      9|
|753   |          pwm_sync_rise_interrupt_enable_2         |SyncRegister__parameterized2_400 |     12|
|754   |            sync                                   |SyncHandshake_411                |      9|
|755   |          pwm_sync_rise_interrupt_enable_3         |SyncRegister__parameterized2_401 |     12|
|756   |            sync                                   |SyncHandshake_410                |      9|
|757   |          pwm_sync_rise_interrupt_enable_4         |SyncRegister__parameterized2_402 |     10|
|758   |            sync                                   |SyncHandshake_409                |      7|
|759   |          pwm_sync_rise_interrupt_enable_5         |SyncRegister__parameterized2_403 |     11|
|760   |            sync                                   |SyncHandshake                    |      8|
|761   |          s_xactor_f_rd_addr                       |FIFO2__parameterized3_404        |    661|
|762   |          s_xactor_f_rd_data                       |FIFO2__parameterized4_405        |    107|
|763   |          s_xactor_f_wr_addr                       |FIFO2__parameterized3_406        |    155|
|764   |          s_xactor_f_wr_data                       |FIFO2__parameterized5_407        |    107|
|765   |          s_xactor_f_wr_resp                       |FIFO2__parameterized6_408        |     11|
|766   |      slow_fabric_v_f_rd_mis_0                     |FIFO2__parameterized25           |      4|
|767   |      slow_fabric_v_f_rd_mis_1                     |FIFO2__parameterized25_104       |      4|
|768   |      slow_fabric_v_f_rd_mis_2                     |FIFO2__parameterized25_105       |      4|
|769   |      slow_fabric_v_f_rd_mis_3                     |FIFO2__parameterized25_106       |      4|
|770   |      slow_fabric_v_f_rd_mis_5                     |FIFO2__parameterized25_108       |      3|
|771   |      slow_fabric_v_f_rd_sjs_0                     |FIFO2__parameterized24_110       |    104|
|772   |      slow_fabric_v_f_wr_mis_0                     |FIFO2__parameterized25_111       |      4|
|773   |      slow_fabric_v_f_wr_mis_1                     |FIFO2__parameterized25_112       |      4|
|774   |      slow_fabric_v_f_wr_mis_2                     |FIFO2__parameterized25_113       |      4|
|775   |      slow_fabric_v_f_wr_mis_3                     |FIFO2__parameterized25_114       |      4|
|776   |      slow_fabric_v_f_wr_mis_4                     |FIFO2__parameterized25_115       |      4|
|777   |      slow_fabric_v_f_wr_mis_5                     |FIFO2__parameterized25_116       |      3|
|778   |      slow_fabric_v_f_wr_mis_6                     |FIFO2__parameterized25_117       |      4|
|779   |      slow_fabric_v_f_wr_sjs_0                     |FIFO2__parameterized24_118       |     33|
|780   |      slow_fabric_xactors_from_masters_0_f_rd_addr |FIFO2__parameterized3_119        |    168|
|781   |      slow_fabric_xactors_from_masters_0_f_rd_data |FIFO2__parameterized4_120        |    109|
|782   |      slow_fabric_xactors_from_masters_0_f_wr_addr |FIFO2__parameterized3_121        |    217|
|783   |      slow_fabric_xactors_from_masters_0_f_wr_data |FIFO2__parameterized5_122        |     77|
|784   |      slow_fabric_xactors_from_masters_0_f_wr_resp |FIFO2__parameterized6_123        |     12|
|785   |      slow_fabric_xactors_to_slaves_0_f_rd_addr    |FIFO2__parameterized3_124        |    107|
|786   |      slow_fabric_xactors_to_slaves_0_f_rd_data    |FIFO2__parameterized4_125        |    108|
|787   |      slow_fabric_xactors_to_slaves_0_f_wr_addr    |FIFO2__parameterized3_126        |    106|
|788   |      slow_fabric_xactors_to_slaves_0_f_wr_data    |FIFO2__parameterized5_127        |    103|
|789   |      slow_fabric_xactors_to_slaves_0_f_wr_resp    |FIFO2__parameterized6_128        |     13|
|790   |      slow_fabric_xactors_to_slaves_1_f_rd_addr    |FIFO2__parameterized3_129        |    109|
|791   |      slow_fabric_xactors_to_slaves_1_f_rd_data    |FIFO2__parameterized4_130        |    110|
|792   |      slow_fabric_xactors_to_slaves_1_f_wr_addr    |FIFO2__parameterized3_131        |    109|
|793   |      slow_fabric_xactors_to_slaves_1_f_wr_data    |FIFO2__parameterized5_132        |    103|
|794   |      slow_fabric_xactors_to_slaves_1_f_wr_resp    |FIFO2__parameterized6_133        |     14|
|795   |      slow_fabric_xactors_to_slaves_2_f_rd_addr    |FIFO2__parameterized3_134        |    109|
|796   |      slow_fabric_xactors_to_slaves_2_f_rd_data    |FIFO2__parameterized4_135        |    109|
|797   |      slow_fabric_xactors_to_slaves_2_f_wr_addr    |FIFO2__parameterized3_136        |    109|
|798   |      slow_fabric_xactors_to_slaves_2_f_wr_data    |FIFO2__parameterized5_137        |    103|
|799   |      slow_fabric_xactors_to_slaves_2_f_wr_resp    |FIFO2__parameterized6_138        |     14|
|800   |      slow_fabric_xactors_to_slaves_3_f_rd_addr    |FIFO2__parameterized3_139        |    118|
|801   |      slow_fabric_xactors_to_slaves_3_f_rd_data    |FIFO2__parameterized4_140        |    109|
|802   |      slow_fabric_xactors_to_slaves_3_f_wr_addr    |FIFO2__parameterized3_141        |    118|
|803   |      slow_fabric_xactors_to_slaves_3_f_wr_data    |FIFO2__parameterized5_142        |    115|
|804   |      slow_fabric_xactors_to_slaves_3_f_wr_resp    |FIFO2__parameterized6_143        |     14|
|805   |      slow_fabric_xactors_to_slaves_4_f_rd_addr    |FIFO2__parameterized3_144        |     31|
|806   |      slow_fabric_xactors_to_slaves_4_f_rd_data    |FIFO2__parameterized4_145        |    105|
|807   |      slow_fabric_xactors_to_slaves_4_f_wr_addr    |FIFO2__parameterized3_146        |    112|
|808   |      slow_fabric_xactors_to_slaves_4_f_wr_data    |FIFO2__parameterized5_147        |    103|
|809   |      slow_fabric_xactors_to_slaves_4_f_wr_resp    |FIFO2__parameterized6_148        |      9|
|810   |      slow_fabric_xactors_to_slaves_6_f_rd_addr    |FIFO2__parameterized3_149        |      4|
|811   |      slow_fabric_xactors_to_slaves_6_f_rd_data    |FIFO2__parameterized4_150        |     14|
|812   |      slow_fabric_xactors_to_slaves_6_f_wr_addr    |FIFO2__parameterized3_151        |      4|
|813   |      slow_fabric_xactors_to_slaves_6_f_wr_data    |FIFO2__parameterized5_152        |      4|
|814   |      slow_fabric_xactors_to_slaves_6_f_wr_resp    |FIFO2__parameterized6_153        |     14|
|815   |      spi_cluster                                  |mkspi_cluster                    |  11429|
|816   |        c2m_xactor_f_rd_addr                       |FIFO2__parameterized3_228        |    110|
|817   |        c2m_xactor_f_rd_data                       |FIFO2__parameterized4_229        |    110|
|818   |        c2m_xactor_f_wr_addr                       |FIFO2__parameterized3_230        |    110|
|819   |        c2m_xactor_f_wr_data                       |FIFO2__parameterized5_231        |    104|
|820   |        c2m_xactor_f_wr_resp                       |FIFO2__parameterized6_232        |     14|
|821   |        c2s_xactor_f_rd_addr                       |FIFO2__parameterized3_233        |    110|
|822   |        c2s_xactor_f_rd_data                       |FIFO2__parameterized4_234        |    110|
|823   |        c2s_xactor_f_wr_addr                       |FIFO2__parameterized3_235        |    110|
|824   |        c2s_xactor_f_wr_data                       |FIFO2__parameterized5_236        |    104|
|825   |        c2s_xactor_f_wr_resp                       |FIFO2__parameterized6_237        |     14|
|826   |        err_slave_s_xactor_f_rd_addr               |FIFO2__parameterized3_238        |      4|
|827   |        err_slave_s_xactor_f_rd_data               |FIFO2__parameterized4_239        |     10|
|828   |        err_slave_s_xactor_f_wr_addr               |FIFO2__parameterized3_240        |      5|
|829   |        err_slave_s_xactor_f_wr_data               |FIFO2__parameterized5_241        |      4|
|830   |        err_slave_s_xactor_f_wr_resp               |FIFO2__parameterized6_242        |     10|
|831   |        fabric_v_f_rd_mis_0                        |FIFO2__parameterized25_243       |      4|
|832   |        fabric_v_f_rd_mis_1                        |FIFO2__parameterized25_244       |      4|
|833   |        fabric_v_f_rd_mis_2                        |FIFO2__parameterized25_245       |      4|
|834   |        fabric_v_f_rd_sjs_0                        |FIFO2__parameterized6_246        |     54|
|835   |        fabric_v_f_wr_mis_0                        |FIFO2__parameterized25_247       |      4|
|836   |        fabric_v_f_wr_mis_1                        |FIFO2__parameterized25_248       |      4|
|837   |        fabric_v_f_wr_mis_2                        |FIFO2__parameterized25_249       |      4|
|838   |        fabric_v_f_wr_sjs_0                        |FIFO2__parameterized6_250        |     20|
|839   |        fabric_xactors_from_masters_0_f_rd_addr    |FIFO2__parameterized3_251        |    129|
|840   |        fabric_xactors_from_masters_0_f_rd_data    |FIFO2__parameterized4_252        |    109|
|841   |        fabric_xactors_from_masters_0_f_wr_addr    |FIFO2__parameterized3_253        |    134|
|842   |        fabric_xactors_from_masters_0_f_wr_data    |FIFO2__parameterized5_254        |    103|
|843   |        fabric_xactors_from_masters_0_f_wr_resp    |FIFO2__parameterized6_255        |     13|
|844   |        fabric_xactors_to_slaves_0_f_rd_addr       |FIFO2__parameterized3_256        |     37|
|845   |        fabric_xactors_to_slaves_0_f_rd_data       |FIFO2__parameterized4_257        |    106|
|846   |        fabric_xactors_to_slaves_0_f_wr_addr       |FIFO2__parameterized3_258        |     37|
|847   |        fabric_xactors_to_slaves_0_f_wr_data       |FIFO2__parameterized5_259        |    103|
|848   |        fabric_xactors_to_slaves_0_f_wr_resp       |FIFO2__parameterized6_260        |      9|
|849   |        fabric_xactors_to_slaves_1_f_rd_addr       |FIFO2__parameterized3_261        |     38|
|850   |        fabric_xactors_to_slaves_1_f_rd_data       |FIFO2__parameterized4_262        |    106|
|851   |        fabric_xactors_to_slaves_1_f_wr_addr       |FIFO2__parameterized3_263        |     37|
|852   |        fabric_xactors_to_slaves_1_f_wr_data       |FIFO2__parameterized5_264        |    103|
|853   |        fabric_xactors_to_slaves_1_f_wr_resp       |FIFO2__parameterized6_265        |      9|
|854   |        fabric_xactors_to_slaves_2_f_rd_addr       |FIFO2__parameterized3_266        |      5|
|855   |        fabric_xactors_to_slaves_2_f_rd_data       |FIFO2__parameterized4_267        |     15|
|856   |        fabric_xactors_to_slaves_2_f_wr_addr       |FIFO2__parameterized3_268        |      4|
|857   |        fabric_xactors_to_slaves_2_f_wr_data       |FIFO2__parameterized5_269        |      5|
|858   |        fabric_xactors_to_slaves_2_f_wr_resp       |FIFO2__parameterized6_270        |     14|
|859   |        spi0                                       |mkspi                            |   4645|
|860   |          s_xactor_f_rd_addr                       |FIFO2__parameterized3_277        |   1652|
|861   |          s_xactor_f_rd_data                       |FIFO2__parameterized4_278        |    108|
|862   |          s_xactor_f_wr_addr                       |FIFO2__parameterized3_279        |     53|
|863   |          s_xactor_f_wr_data                       |FIFO2__parameterized5_280        |    104|
|864   |          s_xactor_f_wr_resp                       |FIFO2__parameterized6_281        |      9|
|865   |        spi1                                       |mkspi_271                        |   4641|
|866   |          s_xactor_f_rd_addr                       |FIFO2__parameterized3_272        |   1652|
|867   |          s_xactor_f_rd_data                       |FIFO2__parameterized4_273        |    108|
|868   |          s_xactor_f_wr_addr                       |FIFO2__parameterized3_274        |     53|
|869   |          s_xactor_f_wr_data                       |FIFO2__parameterized5_275        |    104|
|870   |          s_xactor_f_wr_resp                       |FIFO2__parameterized6_276        |      9|
|871   |      uart_cluster                                 |mkuart_cluster                   |  10056|
|872   |        c2m_xactor_f_rd_addr                       |FIFO2__parameterized3_154        |    110|
|873   |        c2m_xactor_f_rd_data                       |FIFO2__parameterized4_155        |    110|
|874   |        c2m_xactor_f_wr_addr                       |FIFO2__parameterized3_156        |    110|
|875   |        c2m_xactor_f_wr_data                       |FIFO2__parameterized5_157        |    104|
|876   |        c2m_xactor_f_wr_resp                       |FIFO2__parameterized6_158        |     14|
|877   |        c2s_xactor_f_rd_addr                       |FIFO2__parameterized3_159        |    110|
|878   |        c2s_xactor_f_rd_data                       |FIFO2__parameterized4_160        |    110|
|879   |        c2s_xactor_f_wr_addr                       |FIFO2__parameterized3_161        |    110|
|880   |        c2s_xactor_f_wr_data                       |FIFO2__parameterized5_162        |    104|
|881   |        c2s_xactor_f_wr_resp                       |FIFO2__parameterized6_163        |     14|
|882   |        err_slave_s_xactor_f_rd_addr               |FIFO2__parameterized3_164        |      4|
|883   |        err_slave_s_xactor_f_rd_data               |FIFO2__parameterized4_165        |     10|
|884   |        err_slave_s_xactor_f_wr_addr               |FIFO2__parameterized3_166        |      4|
|885   |        err_slave_s_xactor_f_wr_data               |FIFO2__parameterized5_167        |      4|
|886   |        err_slave_s_xactor_f_wr_resp               |FIFO2__parameterized6_168        |     10|
|887   |        fabric_v_f_rd_mis_0                        |FIFO2__parameterized25_169       |      4|
|888   |        fabric_v_f_rd_mis_1                        |FIFO2__parameterized25_170       |      4|
|889   |        fabric_v_f_rd_mis_2                        |FIFO2__parameterized25_171       |      4|
|890   |        fabric_v_f_rd_mis_3                        |FIFO2__parameterized25_172       |      5|
|891   |        fabric_v_f_rd_sjs_0                        |FIFO2__parameterized24_173       |     57|
|892   |        fabric_v_f_wr_mis_0                        |FIFO2__parameterized25_174       |      5|
|893   |        fabric_v_f_wr_mis_1                        |FIFO2__parameterized25_175       |      4|
|894   |        fabric_v_f_wr_mis_2                        |FIFO2__parameterized25_176       |      4|
|895   |        fabric_v_f_wr_mis_3                        |FIFO2__parameterized25_177       |      4|
|896   |        fabric_v_f_wr_sjs_0                        |FIFO2__parameterized24_178       |     23|
|897   |        fabric_xactors_from_masters_0_f_rd_addr    |FIFO2__parameterized3_179        |    138|
|898   |        fabric_xactors_from_masters_0_f_rd_data    |FIFO2__parameterized4_180        |    109|
|899   |        fabric_xactors_from_masters_0_f_wr_addr    |FIFO2__parameterized3_181        |    177|
|900   |        fabric_xactors_from_masters_0_f_wr_data    |FIFO2__parameterized5_182        |     69|
|901   |        fabric_xactors_from_masters_0_f_wr_resp    |FIFO2__parameterized6_183        |     12|
|902   |        fabric_xactors_to_slaves_0_f_rd_addr       |FIFO2__parameterized3_184        |     31|
|903   |        fabric_xactors_to_slaves_0_f_rd_data       |FIFO2__parameterized4_185        |    106|
|904   |        fabric_xactors_to_slaves_0_f_wr_addr       |FIFO2__parameterized3_186        |     31|
|905   |        fabric_xactors_to_slaves_0_f_wr_data       |FIFO2__parameterized5_187        |    103|
|906   |        fabric_xactors_to_slaves_0_f_wr_resp       |FIFO2__parameterized6_188        |      9|
|907   |        fabric_xactors_to_slaves_1_f_rd_addr       |FIFO2__parameterized3_189        |     31|
|908   |        fabric_xactors_to_slaves_1_f_rd_data       |FIFO2__parameterized4_190        |    106|
|909   |        fabric_xactors_to_slaves_1_f_wr_addr       |FIFO2__parameterized3_191        |     32|
|910   |        fabric_xactors_to_slaves_1_f_wr_data       |FIFO2__parameterized5_192        |    103|
|911   |        fabric_xactors_to_slaves_1_f_wr_resp       |FIFO2__parameterized6_193        |      9|
|912   |        fabric_xactors_to_slaves_2_f_rd_addr       |FIFO2__parameterized3_194        |     32|
|913   |        fabric_xactors_to_slaves_2_f_rd_data       |FIFO2__parameterized4_195        |    106|
|914   |        fabric_xactors_to_slaves_2_f_wr_addr       |FIFO2__parameterized3_196        |     31|
|915   |        fabric_xactors_to_slaves_2_f_wr_data       |FIFO2__parameterized5_197        |    104|
|916   |        fabric_xactors_to_slaves_2_f_wr_resp       |FIFO2__parameterized6_198        |      9|
|917   |        fabric_xactors_to_slaves_3_f_rd_addr       |FIFO2__parameterized3_199        |      4|
|918   |        fabric_xactors_to_slaves_3_f_rd_data       |FIFO2__parameterized4_200        |     14|
|919   |        fabric_xactors_to_slaves_3_f_wr_addr       |FIFO2__parameterized3_201        |      4|
|920   |        fabric_xactors_to_slaves_3_f_wr_data       |FIFO2__parameterized5_202        |      5|
|921   |        fabric_xactors_to_slaves_3_f_wr_resp       |FIFO2__parameterized6_203        |     14|
|922   |        uart0                                      |mkuart                           |   2540|
|923   |          s_xactor_f_rd_addr                       |FIFO2__parameterized3_220        |    162|
|924   |          s_xactor_f_rd_data                       |FIFO2__parameterized4_221        |    129|
|925   |          s_xactor_f_wr_addr                       |FIFO2__parameterized3_222        |     49|
|926   |          s_xactor_f_wr_data                       |FIFO2__parameterized5_223        |    107|
|927   |          s_xactor_f_wr_resp                       |FIFO2__parameterized6_224        |      9|
|928   |          user_ifc_uart_baudGen_rBaudCounter       |Counter_225                      |    169|
|929   |          user_ifc_uart_fifoRecv                   |SizedFIFO__parameterized7_226    |    855|
|930   |          user_ifc_uart_fifoXmit                   |SizedFIFO__parameterized7_227    |    803|
|931   |        uart1                                      |mkuart_204                       |   2542|
|932   |          s_xactor_f_rd_addr                       |FIFO2__parameterized3_212        |    162|
|933   |          s_xactor_f_rd_data                       |FIFO2__parameterized4_213        |    129|
|934   |          s_xactor_f_wr_addr                       |FIFO2__parameterized3_214        |     49|
|935   |          s_xactor_f_wr_data                       |FIFO2__parameterized5_215        |    107|
|936   |          s_xactor_f_wr_resp                       |FIFO2__parameterized6_216        |      9|
|937   |          user_ifc_uart_baudGen_rBaudCounter       |Counter_217                      |    171|
|938   |          user_ifc_uart_fifoRecv                   |SizedFIFO__parameterized7_218    |    855|
|939   |          user_ifc_uart_fifoXmit                   |SizedFIFO__parameterized7_219    |    803|
|940   |        uart2                                      |mkuart_205                       |   2542|
|941   |          s_xactor_f_rd_addr                       |FIFO2__parameterized3_206        |    162|
|942   |          s_xactor_f_rd_data                       |FIFO2__parameterized4_207        |    129|
|943   |          s_xactor_f_wr_addr                       |FIFO2__parameterized3_208        |     49|
|944   |          s_xactor_f_wr_data                       |FIFO2__parameterized5_209        |    107|
|945   |          s_xactor_f_wr_resp                       |FIFO2__parameterized6_210        |      9|
|946   |          user_ifc_uart_baudGen_rBaudCounter       |Counter                          |    171|
|947   |          user_ifc_uart_fifoRecv                   |SizedFIFO__parameterized7        |    855|
|948   |          user_ifc_uart_fifoXmit                   |SizedFIFO__parameterized7_211    |    803|
|949   |    sync_request_to_dm                             |SyncFIFO1                        |    342|
|950   |    sync_response_from_dm                          |SyncFIFO1__parameterized0        |     42|
|951   |  wrapper_inst                                     |cnn_axi_slave_wrapper            |    175|
+------+---------------------------------------------------+---------------------------------+-------+
---------------------------------------------------------------------------------
Finished Writing Synthesis Report : Time (s): cpu = 00:05:07 ; elapsed = 00:05:35 . Memory (MB): peak = 2656.352 ; gain = 1269.297 ; free physical = 30189 ; free virtual = 55434
---------------------------------------------------------------------------------
Synthesis finished with 0 errors, 12 critical warnings and 205 warnings.
Synthesis Optimization Runtime : Time (s): cpu = 00:04:45 ; elapsed = 00:05:21 . Memory (MB): peak = 2656.352 ; gain = 693.211 ; free physical = 32960 ; free virtual = 58641
Synthesis Optimization Complete : Time (s): cpu = 00:05:08 ; elapsed = 00:05:39 . Memory (MB): peak = 2656.352 ; gain = 1269.297 ; free physical = 32960 ; free virtual = 58631
INFO: [Project 1-571] Translating synthesized netlist
INFO: [Netlist 29-17] Analyzing 5095 Unisim elements for replacement
INFO: [Netlist 29-28] Unisim Transformation completed in 0 CPU seconds
INFO: [Project 1-570] Preparing netlist for logic optimization
INFO: [Opt 31-138] Pushed 0 inverter(s) to 0 load pin(s).
Netlist sorting complete. Time (s): cpu = 00:00:00.03 ; elapsed = 00:00:00.02 . Memory (MB): peak = 2680.363 ; gain = 0.000 ; free physical = 31608 ; free virtual = 58661
INFO: [Project 1-111] Unisim Transformation Summary:
  A total of 146 instances were transformed.
  IOBUF => IOBUF (IBUF, OBUFT): 40 instances
  RAM128X1D => RAM128X1D (RAMD64E, RAMD64E, MUXF7, MUXF7, RAMD64E, RAMD64E): 8 instances
  RAM16X1D => RAM32X1D (RAMD32, RAMD32): 8 instances
  RAM32M => RAM32M (RAMD32, RAMD32, RAMD32, RAMD32, RAMD32, RAMD32, RAMS32, RAMS32): 90 instances

INFO: [Common 17-83] Releasing license: Synthesis
889 Infos, 371 Warnings, 12 Critical Warnings and 0 Errors encountered.
synth_design completed successfully
synth_design: Time (s): cpu = 00:05:23 ; elapsed = 00:05:54 . Memory (MB): peak = 2680.363 ; gain = 1293.410 ; free physical = 31624 ; free virtual = 58827
Netlist sorting complete. Time (s): cpu = 00:00:00.03 ; elapsed = 00:00:00.02 . Memory (MB): peak = 2680.363 ; gain = 0.000 ; free physical = 31617 ; free virtual = 58828
WARNING: [Constraints 18-5210] No constraints selected for write.
Resolution: This message can indicate that there are no constraints for the design, or it can indicate that the used_in flags are set such that the constraints are ignored. This later case is used when running synth_design to not write synthesis constraints to the resulting checkpoint. Instead, project constraints are read when the synthesized design is opened.
INFO: [Common 17-1381] The checkpoint '/scratch1/iot/gc2025/hw/fpga_project/c-class/c-class.runs/core_synth_1/fpga_top.dcp' has been generated.
write_checkpoint: Time (s): cpu = 00:00:15 ; elapsed = 00:00:22 . Memory (MB): peak = 2704.375 ; gain = 24.012 ; free physical = 29431 ; free virtual = 58844
INFO: [runtcl-4] Executing : report_utilization -file fpga_top_utilization_synth.rpt -pb fpga_top_utilization_synth.pb
INFO: [Common 17-206] Exiting Vivado at Mon Apr 20 10:41:16 2026...
[Mon Apr 20 10:41:16 2026] core_synth_1 finished
wait_on_run: Time (s): cpu = 00:05:49 ; elapsed = 00:06:28 . Memory (MB): peak = 1428.332 ; gain = 0.000 ; free physical = 30822 ; free virtual = 60033
Design is defaulting to impl run constrset: constrs_1
Design is defaulting to synth run part: xc7a200tsbg484-1
INFO: [Project 1-454] Reading design checkpoint '/scratch1/iot/gc2025/hw/fpga_project/c-class/c-class.srcs/sources_1/ip/clk_divider/clk_divider.dcp' for cell 'clk_div'
INFO: [Project 1-454] Reading design checkpoint '/scratch1/iot/gc2025/hw/fpga_project/c-class/c-class.srcs/sources_1/ip/clk_converter/clk_converter.dcp' for cell 'clock_converter'
INFO: [Project 1-454] Reading design checkpoint '/scratch1/iot/gc2025/hw/fpga_project/c-class/c-class.srcs/sources_1/ip/mig_ddr3/mig_ddr3.dcp' for cell 'mig_ddr3'
INFO: [Project 1-454] Reading design checkpoint '/scratch1/iot/gc2025/hw/fpga_project/c-class/c-class.srcs/sources_1/ip/proc_sys_reset_0/proc_sys_reset_0.dcp' for cell 'proc_reset_inst'
INFO: [Netlist 29-17] Analyzing 5589 Unisim elements for replacement
INFO: [Netlist 29-28] Unisim Transformation completed in 0 CPU seconds
INFO: [Project 1-479] Netlist was created with Vivado 2018.3
INFO: [Device 21-403] Loading part xc7a200tsbg484-1
INFO: [Project 1-570] Preparing netlist for logic optimization
Parsing XDC File [/scratch1/iot/gc2025/hw/fpga_project/c-class/c-class.srcs/sources_1/ip/mig_ddr3/mig_ddr3/user_design/constraints/mig_ddr3.xdc] for cell 'mig_ddr3'
Finished Parsing XDC File [/scratch1/iot/gc2025/hw/fpga_project/c-class/c-class.srcs/sources_1/ip/mig_ddr3/mig_ddr3/user_design/constraints/mig_ddr3.xdc] for cell 'mig_ddr3'
Parsing XDC File [/scratch1/iot/gc2025/hw/fpga_project/c-class/c-class.srcs/sources_1/ip/clk_divider/clk_divider_board.xdc] for cell 'clk_div/inst'
Finished Parsing XDC File [/scratch1/iot/gc2025/hw/fpga_project/c-class/c-class.srcs/sources_1/ip/clk_divider/clk_divider_board.xdc] for cell 'clk_div/inst'
Parsing XDC File [/scratch1/iot/gc2025/hw/fpga_project/c-class/c-class.srcs/sources_1/ip/clk_divider/clk_divider.xdc] for cell 'clk_div/inst'
INFO: [Timing 38-35] Done setting XDC timing constraints. [/scratch1/iot/gc2025/hw/fpga_project/c-class/c-class.srcs/sources_1/ip/clk_divider/clk_divider.xdc:57]
INFO: [Timing 38-2] Deriving generated clocks [/scratch1/iot/gc2025/hw/fpga_project/c-class/c-class.srcs/sources_1/ip/clk_divider/clk_divider.xdc:57]
get_clocks: Time (s): cpu = 00:00:19 ; elapsed = 00:00:10 . Memory (MB): peak = 2694.871 ; gain = 670.875 ; free physical = 25876 ; free virtual = 58879
Finished Parsing XDC File [/scratch1/iot/gc2025/hw/fpga_project/c-class/c-class.srcs/sources_1/ip/clk_divider/clk_divider.xdc] for cell 'clk_div/inst'
Parsing XDC File [/scratch1/iot/gc2025/hw/fpga_project/c-class/c-class.srcs/sources_1/ip/proc_sys_reset_0/proc_sys_reset_0_board.xdc] for cell 'proc_reset_inst/U0'
Finished Parsing XDC File [/scratch1/iot/gc2025/hw/fpga_project/c-class/c-class.srcs/sources_1/ip/proc_sys_reset_0/proc_sys_reset_0_board.xdc] for cell 'proc_reset_inst/U0'
Parsing XDC File [/scratch1/iot/gc2025/hw/fpga_project/c-class/c-class.srcs/sources_1/ip/proc_sys_reset_0/proc_sys_reset_0.xdc] for cell 'proc_reset_inst/U0'
Finished Parsing XDC File [/scratch1/iot/gc2025/hw/fpga_project/c-class/c-class.srcs/sources_1/ip/proc_sys_reset_0/proc_sys_reset_0.xdc] for cell 'proc_reset_inst/U0'
Parsing XDC File [/scratch1/iot/gc2025/hw/constraints.xdc]
WARNING: [Vivado 12-507] No nets matched 'sys_clk_IBUF'. [/scratch1/iot/gc2025/hw/constraints.xdc:6]
CRITICAL WARNING: [Common 17-55] 'set_property' expects at least one object. [/scratch1/iot/gc2025/hw/constraints.xdc:6]
Resolution: If [get_<value>] was used to populate the object, check to make sure this command returns at least one valid object.
Finished Parsing XDC File [/scratch1/iot/gc2025/hw/constraints.xdc]
Parsing XDC File [/scratch1/iot/gc2025/hw/jtag_constraints.xdc]
Finished Parsing XDC File [/scratch1/iot/gc2025/hw/jtag_constraints.xdc]
Parsing XDC File [/scratch1/iot/gc2025/hw/fpga_project/c-class/c-class.srcs/sources_1/ip/clk_converter/clk_converter_clocks.xdc] for cell 'clock_converter/inst'
Finished Parsing XDC File [/scratch1/iot/gc2025/hw/fpga_project/c-class/c-class.srcs/sources_1/ip/clk_converter/clk_converter_clocks.xdc] for cell 'clock_converter/inst'
Sourcing Tcl File [/home/vignesh/tools/hw_tools/Vivado/Vivado/2018.3/data/ip/xpm/xpm_cdc/tcl/xpm_cdc_async_rst.tcl] for cell 'clock_converter/inst/gen_clock_conv.gen_async_conv.asyncfifo_axi/inst_fifo_gen/gaxi_full_lite.gread_ch.grdch2.axi_rdch/grf.rf/rstblk/ngwrdrst.grst.g7serrst.gnsckt_wrst.gic_rst.rst_rd_reg2_inst'
Finished Sourcing Tcl File [/home/vignesh/tools/hw_tools/Vivado/Vivado/2018.3/data/ip/xpm/xpm_cdc/tcl/xpm_cdc_async_rst.tcl] for cell 'clock_converter/inst/gen_clock_conv.gen_async_conv.asyncfifo_axi/inst_fifo_gen/gaxi_full_lite.gread_ch.grdch2.axi_rdch/grf.rf/rstblk/ngwrdrst.grst.g7serrst.gnsckt_wrst.gic_rst.rst_rd_reg2_inst'
Sourcing Tcl File [/home/vignesh/tools/hw_tools/Vivado/Vivado/2018.3/data/ip/xpm/xpm_cdc/tcl/xpm_cdc_async_rst.tcl] for cell 'clock_converter/inst/gen_clock_conv.gen_async_conv.asyncfifo_axi/inst_fifo_gen/gaxi_full_lite.gwrite_ch.gwrch2.axi_wrch/grf.rf/rstblk/ngwrdrst.grst.g7serrst.gnsckt_wrst.gic_rst.rst_rd_reg2_inst'
Finished Sourcing Tcl File [/home/vignesh/tools/hw_tools/Vivado/Vivado/2018.3/data/ip/xpm/xpm_cdc/tcl/xpm_cdc_async_rst.tcl] for cell 'clock_converter/inst/gen_clock_conv.gen_async_conv.asyncfifo_axi/inst_fifo_gen/gaxi_full_lite.gwrite_ch.gwrch2.axi_wrch/grf.rf/rstblk/ngwrdrst.grst.g7serrst.gnsckt_wrst.gic_rst.rst_rd_reg2_inst'
Sourcing Tcl File [/home/vignesh/tools/hw_tools/Vivado/Vivado/2018.3/data/ip/xpm/xpm_cdc/tcl/xpm_cdc_async_rst.tcl] for cell 'clock_converter/inst/gen_clock_conv.gen_async_conv.asyncfifo_axi/inst_fifo_gen/gaxi_full_lite.gread_ch.grach2.axi_rach/grf.rf/rstblk/ngwrdrst.grst.g7serrst.gnsckt_wrst.rst_wr_reg2_inst'
Finished Sourcing Tcl File [/home/vignesh/tools/hw_tools/Vivado/Vivado/2018.3/data/ip/xpm/xpm_cdc/tcl/xpm_cdc_async_rst.tcl] for cell 'clock_converter/inst/gen_clock_conv.gen_async_conv.asyncfifo_axi/inst_fifo_gen/gaxi_full_lite.gread_ch.grach2.axi_rach/grf.rf/rstblk/ngwrdrst.grst.g7serrst.gnsckt_wrst.rst_wr_reg2_inst'
Sourcing Tcl File [/home/vignesh/tools/hw_tools/Vivado/Vivado/2018.3/data/ip/xpm/xpm_cdc/tcl/xpm_cdc_async_rst.tcl] for cell 'clock_converter/inst/gen_clock_conv.gen_async_conv.asyncfifo_axi/inst_fifo_gen/gaxi_full_lite.gread_ch.grach2.axi_rach/grf.rf/rstblk/ngwrdrst.grst.g7serrst.gnsckt_wrst.gic_rst.rst_rd_reg2_inst'
Finished Sourcing Tcl File [/home/vignesh/tools/hw_tools/Vivado/Vivado/2018.3/data/ip/xpm/xpm_cdc/tcl/xpm_cdc_async_rst.tcl] for cell 'clock_converter/inst/gen_clock_conv.gen_async_conv.asyncfifo_axi/inst_fifo_gen/gaxi_full_lite.gread_ch.grach2.axi_rach/grf.rf/rstblk/ngwrdrst.grst.g7serrst.gnsckt_wrst.gic_rst.rst_rd_reg2_inst'
Sourcing Tcl File [/home/vignesh/tools/hw_tools/Vivado/Vivado/2018.3/data/ip/xpm/xpm_cdc/tcl/xpm_cdc_async_rst.tcl] for cell 'clock_converter/inst/gen_clock_conv.gen_async_conv.asyncfifo_axi/inst_fifo_gen/gaxi_full_lite.gread_ch.grdch2.axi_rdch/grf.rf/rstblk/ngwrdrst.grst.g7serrst.gnsckt_wrst.rst_wr_reg2_inst'
Finished Sourcing Tcl File [/home/vignesh/tools/hw_tools/Vivado/Vivado/2018.3/data/ip/xpm/xpm_cdc/tcl/xpm_cdc_async_rst.tcl] for cell 'clock_converter/inst/gen_clock_conv.gen_async_conv.asyncfifo_axi/inst_fifo_gen/gaxi_full_lite.gread_ch.grdch2.axi_rdch/grf.rf/rstblk/ngwrdrst.grst.g7serrst.gnsckt_wrst.rst_wr_reg2_inst'
Sourcing Tcl File [/home/vignesh/tools/hw_tools/Vivado/Vivado/2018.3/data/ip/xpm/xpm_cdc/tcl/xpm_cdc_async_rst.tcl] for cell 'clock_converter/inst/gen_clock_conv.gen_async_conv.asyncfifo_axi/inst_fifo_gen/gaxi_full_lite.gwrite_ch.gwach2.axi_wach/grf.rf/rstblk/ngwrdrst.grst.g7serrst.gnsckt_wrst.rst_wr_reg2_inst'
Finished Sourcing Tcl File [/home/vignesh/tools/hw_tools/Vivado/Vivado/2018.3/data/ip/xpm/xpm_cdc/tcl/xpm_cdc_async_rst.tcl] for cell 'clock_converter/inst/gen_clock_conv.gen_async_conv.asyncfifo_axi/inst_fifo_gen/gaxi_full_lite.gwrite_ch.gwach2.axi_wach/grf.rf/rstblk/ngwrdrst.grst.g7serrst.gnsckt_wrst.rst_wr_reg2_inst'
Sourcing Tcl File [/home/vignesh/tools/hw_tools/Vivado/Vivado/2018.3/data/ip/xpm/xpm_cdc/tcl/xpm_cdc_async_rst.tcl] for cell 'clock_converter/inst/gen_clock_conv.gen_async_conv.asyncfifo_axi/inst_fifo_gen/gaxi_full_lite.gwrite_ch.gwach2.axi_wach/grf.rf/rstblk/ngwrdrst.grst.g7serrst.gnsckt_wrst.gic_rst.rst_rd_reg2_inst'
Finished Sourcing Tcl File [/home/vignesh/tools/hw_tools/Vivado/Vivado/2018.3/data/ip/xpm/xpm_cdc/tcl/xpm_cdc_async_rst.tcl] for cell 'clock_converter/inst/gen_clock_conv.gen_async_conv.asyncfifo_axi/inst_fifo_gen/gaxi_full_lite.gwrite_ch.gwach2.axi_wach/grf.rf/rstblk/ngwrdrst.grst.g7serrst.gnsckt_wrst.gic_rst.rst_rd_reg2_inst'
Sourcing Tcl File [/home/vignesh/tools/hw_tools/Vivado/Vivado/2018.3/data/ip/xpm/xpm_cdc/tcl/xpm_cdc_async_rst.tcl] for cell 'clock_converter/inst/gen_clock_conv.gen_async_conv.asyncfifo_axi/inst_fifo_gen/gaxi_full_lite.gwrite_ch.gwdch2.axi_wdch/grf.rf/rstblk/ngwrdrst.grst.g7serrst.gnsckt_wrst.rst_wr_reg2_inst'
Finished Sourcing Tcl File [/home/vignesh/tools/hw_tools/Vivado/Vivado/2018.3/data/ip/xpm/xpm_cdc/tcl/xpm_cdc_async_rst.tcl] for cell 'clock_converter/inst/gen_clock_conv.gen_async_conv.asyncfifo_axi/inst_fifo_gen/gaxi_full_lite.gwrite_ch.gwdch2.axi_wdch/grf.rf/rstblk/ngwrdrst.grst.g7serrst.gnsckt_wrst.rst_wr_reg2_inst'
Sourcing Tcl File [/home/vignesh/tools/hw_tools/Vivado/Vivado/2018.3/data/ip/xpm/xpm_cdc/tcl/xpm_cdc_async_rst.tcl] for cell 'clock_converter/inst/gen_clock_conv.gen_async_conv.asyncfifo_axi/inst_fifo_gen/gaxi_full_lite.gwrite_ch.gwdch2.axi_wdch/grf.rf/rstblk/ngwrdrst.grst.g7serrst.gnsckt_wrst.gic_rst.rst_rd_reg2_inst'
Finished Sourcing Tcl File [/home/vignesh/tools/hw_tools/Vivado/Vivado/2018.3/data/ip/xpm/xpm_cdc/tcl/xpm_cdc_async_rst.tcl] for cell 'clock_converter/inst/gen_clock_conv.gen_async_conv.asyncfifo_axi/inst_fifo_gen/gaxi_full_lite.gwrite_ch.gwdch2.axi_wdch/grf.rf/rstblk/ngwrdrst.grst.g7serrst.gnsckt_wrst.gic_rst.rst_rd_reg2_inst'
Sourcing Tcl File [/home/vignesh/tools/hw_tools/Vivado/Vivado/2018.3/data/ip/xpm/xpm_cdc/tcl/xpm_cdc_async_rst.tcl] for cell 'clock_converter/inst/gen_clock_conv.gen_async_conv.asyncfifo_axi/inst_fifo_gen/gaxi_full_lite.gwrite_ch.gwrch2.axi_wrch/grf.rf/rstblk/ngwrdrst.grst.g7serrst.gnsckt_wrst.rst_wr_reg2_inst'
Finished Sourcing Tcl File [/home/vignesh/tools/hw_tools/Vivado/Vivado/2018.3/data/ip/xpm/xpm_cdc/tcl/xpm_cdc_async_rst.tcl] for cell 'clock_converter/inst/gen_clock_conv.gen_async_conv.asyncfifo_axi/inst_fifo_gen/gaxi_full_lite.gwrite_ch.gwrch2.axi_wrch/grf.rf/rstblk/ngwrdrst.grst.g7serrst.gnsckt_wrst.rst_wr_reg2_inst'
Sourcing Tcl File [/home/vignesh/tools/hw_tools/Vivado/Vivado/2018.3/data/ip/xpm/xpm_cdc/tcl/xpm_cdc_gray.tcl] for cell 'clock_converter/inst/gen_clock_conv.gen_async_conv.asyncfifo_axi/inst_fifo_gen/gaxi_full_lite.gread_ch.grdch2.axi_rdch/grf.rf/gntv_or_sync_fifo.gcx.clkx/rd_pntr_cdc_inst'
Finished Sourcing Tcl File [/home/vignesh/tools/hw_tools/Vivado/Vivado/2018.3/data/ip/xpm/xpm_cdc/tcl/xpm_cdc_gray.tcl] for cell 'clock_converter/inst/gen_clock_conv.gen_async_conv.asyncfifo_axi/inst_fifo_gen/gaxi_full_lite.gread_ch.grdch2.axi_rdch/grf.rf/gntv_or_sync_fifo.gcx.clkx/rd_pntr_cdc_inst'
Sourcing Tcl File [/home/vignesh/tools/hw_tools/Vivado/Vivado/2018.3/data/ip/xpm/xpm_cdc/tcl/xpm_cdc_gray.tcl] for cell 'clock_converter/inst/gen_clock_conv.gen_async_conv.asyncfifo_axi/inst_fifo_gen/gaxi_full_lite.gwrite_ch.gwach2.axi_wach/grf.rf/gntv_or_sync_fifo.gcx.clkx/wr_pntr_cdc_inst'
Finished Sourcing Tcl File [/home/vignesh/tools/hw_tools/Vivado/Vivado/2018.3/data/ip/xpm/xpm_cdc/tcl/xpm_cdc_gray.tcl] for cell 'clock_converter/inst/gen_clock_conv.gen_async_conv.asyncfifo_axi/inst_fifo_gen/gaxi_full_lite.gwrite_ch.gwach2.axi_wach/grf.rf/gntv_or_sync_fifo.gcx.clkx/wr_pntr_cdc_inst'
Sourcing Tcl File [/home/vignesh/tools/hw_tools/Vivado/Vivado/2018.3/data/ip/xpm/xpm_cdc/tcl/xpm_cdc_gray.tcl] for cell 'clock_converter/inst/gen_clock_conv.gen_async_conv.asyncfifo_axi/inst_fifo_gen/gaxi_full_lite.gwrite_ch.gwach2.axi_wach/grf.rf/gntv_or_sync_fifo.gcx.clkx/rd_pntr_cdc_inst'
Finished Sourcing Tcl File [/home/vignesh/tools/hw_tools/Vivado/Vivado/2018.3/data/ip/xpm/xpm_cdc/tcl/xpm_cdc_gray.tcl] for cell 'clock_converter/inst/gen_clock_conv.gen_async_conv.asyncfifo_axi/inst_fifo_gen/gaxi_full_lite.gwrite_ch.gwach2.axi_wach/grf.rf/gntv_or_sync_fifo.gcx.clkx/rd_pntr_cdc_inst'
Sourcing Tcl File [/home/vignesh/tools/hw_tools/Vivado/Vivado/2018.3/data/ip/xpm/xpm_cdc/tcl/xpm_cdc_gray.tcl] for cell 'clock_converter/inst/gen_clock_conv.gen_async_conv.asyncfifo_axi/inst_fifo_gen/gaxi_full_lite.gwrite_ch.gwdch2.axi_wdch/grf.rf/gntv_or_sync_fifo.gcx.clkx/wr_pntr_cdc_inst'
Finished Sourcing Tcl File [/home/vignesh/tools/hw_tools/Vivado/Vivado/2018.3/data/ip/xpm/xpm_cdc/tcl/xpm_cdc_gray.tcl] for cell 'clock_converter/inst/gen_clock_conv.gen_async_conv.asyncfifo_axi/inst_fifo_gen/gaxi_full_lite.gwrite_ch.gwdch2.axi_wdch/grf.rf/gntv_or_sync_fifo.gcx.clkx/wr_pntr_cdc_inst'
Sourcing Tcl File [/home/vignesh/tools/hw_tools/Vivado/Vivado/2018.3/data/ip/xpm/xpm_cdc/tcl/xpm_cdc_gray.tcl] for cell 'clock_converter/inst/gen_clock_conv.gen_async_conv.asyncfifo_axi/inst_fifo_gen/gaxi_full_lite.gwrite_ch.gwdch2.axi_wdch/grf.rf/gntv_or_sync_fifo.gcx.clkx/rd_pntr_cdc_inst'
Finished Sourcing Tcl File [/home/vignesh/tools/hw_tools/Vivado/Vivado/2018.3/data/ip/xpm/xpm_cdc/tcl/xpm_cdc_gray.tcl] for cell 'clock_converter/inst/gen_clock_conv.gen_async_conv.asyncfifo_axi/inst_fifo_gen/gaxi_full_lite.gwrite_ch.gwdch2.axi_wdch/grf.rf/gntv_or_sync_fifo.gcx.clkx/rd_pntr_cdc_inst'
Sourcing Tcl File [/home/vignesh/tools/hw_tools/Vivado/Vivado/2018.3/data/ip/xpm/xpm_cdc/tcl/xpm_cdc_gray.tcl] for cell 'clock_converter/inst/gen_clock_conv.gen_async_conv.asyncfifo_axi/inst_fifo_gen/gaxi_full_lite.gwrite_ch.gwrch2.axi_wrch/grf.rf/gntv_or_sync_fifo.gcx.clkx/wr_pntr_cdc_inst'
Finished Sourcing Tcl File [/home/vignesh/tools/hw_tools/Vivado/Vivado/2018.3/data/ip/xpm/xpm_cdc/tcl/xpm_cdc_gray.tcl] for cell 'clock_converter/inst/gen_clock_conv.gen_async_conv.asyncfifo_axi/inst_fifo_gen/gaxi_full_lite.gwrite_ch.gwrch2.axi_wrch/grf.rf/gntv_or_sync_fifo.gcx.clkx/wr_pntr_cdc_inst'
Sourcing Tcl File [/home/vignesh/tools/hw_tools/Vivado/Vivado/2018.3/data/ip/xpm/xpm_cdc/tcl/xpm_cdc_gray.tcl] for cell 'clock_converter/inst/gen_clock_conv.gen_async_conv.asyncfifo_axi/inst_fifo_gen/gaxi_full_lite.gwrite_ch.gwrch2.axi_wrch/grf.rf/gntv_or_sync_fifo.gcx.clkx/rd_pntr_cdc_inst'
Finished Sourcing Tcl File [/home/vignesh/tools/hw_tools/Vivado/Vivado/2018.3/data/ip/xpm/xpm_cdc/tcl/xpm_cdc_gray.tcl] for cell 'clock_converter/inst/gen_clock_conv.gen_async_conv.asyncfifo_axi/inst_fifo_gen/gaxi_full_lite.gwrite_ch.gwrch2.axi_wrch/grf.rf/gntv_or_sync_fifo.gcx.clkx/rd_pntr_cdc_inst'
Sourcing Tcl File [/home/vignesh/tools/hw_tools/Vivado/Vivado/2018.3/data/ip/xpm/xpm_cdc/tcl/xpm_cdc_gray.tcl] for cell 'clock_converter/inst/gen_clock_conv.gen_async_conv.asyncfifo_axi/inst_fifo_gen/gaxi_full_lite.gread_ch.grach2.axi_rach/grf.rf/gntv_or_sync_fifo.gcx.clkx/wr_pntr_cdc_inst'
Finished Sourcing Tcl File [/home/vignesh/tools/hw_tools/Vivado/Vivado/2018.3/data/ip/xpm/xpm_cdc/tcl/xpm_cdc_gray.tcl] for cell 'clock_converter/inst/gen_clock_conv.gen_async_conv.asyncfifo_axi/inst_fifo_gen/gaxi_full_lite.gread_ch.grach2.axi_rach/grf.rf/gntv_or_sync_fifo.gcx.clkx/wr_pntr_cdc_inst'
Sourcing Tcl File [/home/vignesh/tools/hw_tools/Vivado/Vivado/2018.3/data/ip/xpm/xpm_cdc/tcl/xpm_cdc_gray.tcl] for cell 'clock_converter/inst/gen_clock_conv.gen_async_conv.asyncfifo_axi/inst_fifo_gen/gaxi_full_lite.gread_ch.grach2.axi_rach/grf.rf/gntv_or_sync_fifo.gcx.clkx/rd_pntr_cdc_inst'
Finished Sourcing Tcl File [/home/vignesh/tools/hw_tools/Vivado/Vivado/2018.3/data/ip/xpm/xpm_cdc/tcl/xpm_cdc_gray.tcl] for cell 'clock_converter/inst/gen_clock_conv.gen_async_conv.asyncfifo_axi/inst_fifo_gen/gaxi_full_lite.gread_ch.grach2.axi_rach/grf.rf/gntv_or_sync_fifo.gcx.clkx/rd_pntr_cdc_inst'
Sourcing Tcl File [/home/vignesh/tools/hw_tools/Vivado/Vivado/2018.3/data/ip/xpm/xpm_cdc/tcl/xpm_cdc_gray.tcl] for cell 'clock_converter/inst/gen_clock_conv.gen_async_conv.asyncfifo_axi/inst_fifo_gen/gaxi_full_lite.gread_ch.grdch2.axi_rdch/grf.rf/gntv_or_sync_fifo.gcx.clkx/wr_pntr_cdc_inst'
Finished Sourcing Tcl File [/home/vignesh/tools/hw_tools/Vivado/Vivado/2018.3/data/ip/xpm/xpm_cdc/tcl/xpm_cdc_gray.tcl] for cell 'clock_converter/inst/gen_clock_conv.gen_async_conv.asyncfifo_axi/inst_fifo_gen/gaxi_full_lite.gread_ch.grdch2.axi_rdch/grf.rf/gntv_or_sync_fifo.gcx.clkx/wr_pntr_cdc_inst'
Sourcing Tcl File [/home/vignesh/tools/hw_tools/Vivado/Vivado/2018.3/data/ip/xpm/xpm_cdc/tcl/xpm_cdc_single.tcl] for cell 'clock_converter/inst/gen_clock_conv.gen_async_conv.asyncfifo_axi/inst_fifo_gen/gaxi_full_lite.gread_ch.grach2.xpm_cdc_single_inst3'
Finished Sourcing Tcl File [/home/vignesh/tools/hw_tools/Vivado/Vivado/2018.3/data/ip/xpm/xpm_cdc/tcl/xpm_cdc_single.tcl] for cell 'clock_converter/inst/gen_clock_conv.gen_async_conv.asyncfifo_axi/inst_fifo_gen/gaxi_full_lite.gread_ch.grach2.xpm_cdc_single_inst3'
Sourcing Tcl File [/home/vignesh/tools/hw_tools/Vivado/Vivado/2018.3/data/ip/xpm/xpm_cdc/tcl/xpm_cdc_single.tcl] for cell 'clock_converter/inst/gen_clock_conv.gen_async_conv.asyncfifo_axi/inst_fifo_gen/gaxi_full_lite.gwrite_ch.gwach2.xpm_cdc_single_inst1'
Finished Sourcing Tcl File [/home/vignesh/tools/hw_tools/Vivado/Vivado/2018.3/data/ip/xpm/xpm_cdc/tcl/xpm_cdc_single.tcl] for cell 'clock_converter/inst/gen_clock_conv.gen_async_conv.asyncfifo_axi/inst_fifo_gen/gaxi_full_lite.gwrite_ch.gwach2.xpm_cdc_single_inst1'
Sourcing Tcl File [/home/vignesh/tools/hw_tools/Vivado/Vivado/2018.3/data/ip/xpm/xpm_cdc/tcl/xpm_cdc_single.tcl] for cell 'clock_converter/inst/gen_clock_conv.gen_async_conv.asyncfifo_axi/inst_fifo_gen/gaxi_full_lite.gwrite_ch.gwdch2.xpm_cdc_single_inst2'
Finished Sourcing Tcl File [/home/vignesh/tools/hw_tools/Vivado/Vivado/2018.3/data/ip/xpm/xpm_cdc/tcl/xpm_cdc_single.tcl] for cell 'clock_converter/inst/gen_clock_conv.gen_async_conv.asyncfifo_axi/inst_fifo_gen/gaxi_full_lite.gwrite_ch.gwdch2.xpm_cdc_single_inst2'
Sourcing Tcl File [/home/vignesh/tools/hw_tools/Vivado/Vivado/2018.3/data/ip/xpm/xpm_cdc/tcl/xpm_cdc_single.tcl] for cell 'clock_converter/inst/gen_clock_conv.gen_async_conv.asyncfifo_axi/inst_fifo_gen/gaxi_full_lite.gread_ch.grdch2.axi_rdch/grf.rf/rstblk/ngwrdrst.grst.g7serrst.gnsckt_wrst.gic_rst.xpm_cdc_single_inst_rrst_wr'
Finished Sourcing Tcl File [/home/vignesh/tools/hw_tools/Vivado/Vivado/2018.3/data/ip/xpm/xpm_cdc/tcl/xpm_cdc_single.tcl] for cell 'clock_converter/inst/gen_clock_conv.gen_async_conv.asyncfifo_axi/inst_fifo_gen/gaxi_full_lite.gread_ch.grdch2.axi_rdch/grf.rf/rstblk/ngwrdrst.grst.g7serrst.gnsckt_wrst.gic_rst.xpm_cdc_single_inst_rrst_wr'
Sourcing Tcl File [/home/vignesh/tools/hw_tools/Vivado/Vivado/2018.3/data/ip/xpm/xpm_cdc/tcl/xpm_cdc_single.tcl] for cell 'clock_converter/inst/gen_clock_conv.gen_async_conv.asyncfifo_axi/inst_fifo_gen/gaxi_full_lite.gwrite_ch.gwach2.axi_wach/grf.rf/rstblk/ngwrdrst.grst.g7serrst.gnsckt_wrst.gic_rst.xpm_cdc_single_inst_wrst_rd'
Finished Sourcing Tcl File [/home/vignesh/tools/hw_tools/Vivado/Vivado/2018.3/data/ip/xpm/xpm_cdc/tcl/xpm_cdc_single.tcl] for cell 'clock_converter/inst/gen_clock_conv.gen_async_conv.asyncfifo_axi/inst_fifo_gen/gaxi_full_lite.gwrite_ch.gwach2.axi_wach/grf.rf/rstblk/ngwrdrst.grst.g7serrst.gnsckt_wrst.gic_rst.xpm_cdc_single_inst_wrst_rd'
Sourcing Tcl File [/home/vignesh/tools/hw_tools/Vivado/Vivado/2018.3/data/ip/xpm/xpm_cdc/tcl/xpm_cdc_single.tcl] for cell 'clock_converter/inst/gen_clock_conv.gen_async_conv.asyncfifo_axi/inst_fifo_gen/gaxi_full_lite.gwrite_ch.gwach2.axi_wach/grf.rf/rstblk/ngwrdrst.grst.g7serrst.gnsckt_wrst.gic_rst.xpm_cdc_single_inst_rrst_wr'
Finished Sourcing Tcl File [/home/vignesh/tools/hw_tools/Vivado/Vivado/2018.3/data/ip/xpm/xpm_cdc/tcl/xpm_cdc_single.tcl] for cell 'clock_converter/inst/gen_clock_conv.gen_async_conv.asyncfifo_axi/inst_fifo_gen/gaxi_full_lite.gwrite_ch.gwach2.axi_wach/grf.rf/rstblk/ngwrdrst.grst.g7serrst.gnsckt_wrst.gic_rst.xpm_cdc_single_inst_rrst_wr'
Sourcing Tcl File [/home/vignesh/tools/hw_tools/Vivado/Vivado/2018.3/data/ip/xpm/xpm_cdc/tcl/xpm_cdc_single.tcl] for cell 'clock_converter/inst/gen_clock_conv.gen_async_conv.asyncfifo_axi/inst_fifo_gen/gaxi_full_lite.gwrite_ch.gwdch2.axi_wdch/grf.rf/rstblk/ngwrdrst.grst.g7serrst.gnsckt_wrst.gic_rst.xpm_cdc_single_inst_wrst_rd'
Finished Sourcing Tcl File [/home/vignesh/tools/hw_tools/Vivado/Vivado/2018.3/data/ip/xpm/xpm_cdc/tcl/xpm_cdc_single.tcl] for cell 'clock_converter/inst/gen_clock_conv.gen_async_conv.asyncfifo_axi/inst_fifo_gen/gaxi_full_lite.gwrite_ch.gwdch2.axi_wdch/grf.rf/rstblk/ngwrdrst.grst.g7serrst.gnsckt_wrst.gic_rst.xpm_cdc_single_inst_wrst_rd'
Sourcing Tcl File [/home/vignesh/tools/hw_tools/Vivado/Vivado/2018.3/data/ip/xpm/xpm_cdc/tcl/xpm_cdc_single.tcl] for cell 'clock_converter/inst/gen_clock_conv.gen_async_conv.asyncfifo_axi/inst_fifo_gen/gaxi_full_lite.gwrite_ch.gwdch2.axi_wdch/grf.rf/rstblk/ngwrdrst.grst.g7serrst.gnsckt_wrst.gic_rst.xpm_cdc_single_inst_rrst_wr'
Finished Sourcing Tcl File [/home/vignesh/tools/hw_tools/Vivado/Vivado/2018.3/data/ip/xpm/xpm_cdc/tcl/xpm_cdc_single.tcl] for cell 'clock_converter/inst/gen_clock_conv.gen_async_conv.asyncfifo_axi/inst_fifo_gen/gaxi_full_lite.gwrite_ch.gwdch2.axi_wdch/grf.rf/rstblk/ngwrdrst.grst.g7serrst.gnsckt_wrst.gic_rst.xpm_cdc_single_inst_rrst_wr'
Sourcing Tcl File [/home/vignesh/tools/hw_tools/Vivado/Vivado/2018.3/data/ip/xpm/xpm_cdc/tcl/xpm_cdc_single.tcl] for cell 'clock_converter/inst/gen_clock_conv.gen_async_conv.asyncfifo_axi/inst_fifo_gen/gaxi_full_lite.gwrite_ch.gwrch2.axi_wrch/grf.rf/rstblk/ngwrdrst.grst.g7serrst.gnsckt_wrst.gic_rst.xpm_cdc_single_inst_wrst_rd'
Finished Sourcing Tcl File [/home/vignesh/tools/hw_tools/Vivado/Vivado/2018.3/data/ip/xpm/xpm_cdc/tcl/xpm_cdc_single.tcl] for cell 'clock_converter/inst/gen_clock_conv.gen_async_conv.asyncfifo_axi/inst_fifo_gen/gaxi_full_lite.gwrite_ch.gwrch2.axi_wrch/grf.rf/rstblk/ngwrdrst.grst.g7serrst.gnsckt_wrst.gic_rst.xpm_cdc_single_inst_wrst_rd'
Sourcing Tcl File [/home/vignesh/tools/hw_tools/Vivado/Vivado/2018.3/data/ip/xpm/xpm_cdc/tcl/xpm_cdc_single.tcl] for cell 'clock_converter/inst/gen_clock_conv.gen_async_conv.asyncfifo_axi/inst_fifo_gen/gaxi_full_lite.gwrite_ch.gwrch2.axi_wrch/grf.rf/rstblk/ngwrdrst.grst.g7serrst.gnsckt_wrst.gic_rst.xpm_cdc_single_inst_rrst_wr'
Finished Sourcing Tcl File [/home/vignesh/tools/hw_tools/Vivado/Vivado/2018.3/data/ip/xpm/xpm_cdc/tcl/xpm_cdc_single.tcl] for cell 'clock_converter/inst/gen_clock_conv.gen_async_conv.asyncfifo_axi/inst_fifo_gen/gaxi_full_lite.gwrite_ch.gwrch2.axi_wrch/grf.rf/rstblk/ngwrdrst.grst.g7serrst.gnsckt_wrst.gic_rst.xpm_cdc_single_inst_rrst_wr'
Sourcing Tcl File [/home/vignesh/tools/hw_tools/Vivado/Vivado/2018.3/data/ip/xpm/xpm_cdc/tcl/xpm_cdc_single.tcl] for cell 'clock_converter/inst/gen_clock_conv.gen_async_conv.asyncfifo_axi/inst_fifo_gen/gaxi_full_lite.gread_ch.grach2.axi_rach/grf.rf/rstblk/ngwrdrst.grst.g7serrst.gnsckt_wrst.gic_rst.xpm_cdc_single_inst_wrst_rd'
Finished Sourcing Tcl File [/home/vignesh/tools/hw_tools/Vivado/Vivado/2018.3/data/ip/xpm/xpm_cdc/tcl/xpm_cdc_single.tcl] for cell 'clock_converter/inst/gen_clock_conv.gen_async_conv.asyncfifo_axi/inst_fifo_gen/gaxi_full_lite.gread_ch.grach2.axi_rach/grf.rf/rstblk/ngwrdrst.grst.g7serrst.gnsckt_wrst.gic_rst.xpm_cdc_single_inst_wrst_rd'
Sourcing Tcl File [/home/vignesh/tools/hw_tools/Vivado/Vivado/2018.3/data/ip/xpm/xpm_cdc/tcl/xpm_cdc_single.tcl] for cell 'clock_converter/inst/gen_clock_conv.gen_async_conv.asyncfifo_axi/inst_fifo_gen/gaxi_full_lite.gread_ch.grach2.axi_rach/grf.rf/rstblk/ngwrdrst.grst.g7serrst.gnsckt_wrst.gic_rst.xpm_cdc_single_inst_rrst_wr'
Finished Sourcing Tcl File [/home/vignesh/tools/hw_tools/Vivado/Vivado/2018.3/data/ip/xpm/xpm_cdc/tcl/xpm_cdc_single.tcl] for cell 'clock_converter/inst/gen_clock_conv.gen_async_conv.asyncfifo_axi/inst_fifo_gen/gaxi_full_lite.gread_ch.grach2.axi_rach/grf.rf/rstblk/ngwrdrst.grst.g7serrst.gnsckt_wrst.gic_rst.xpm_cdc_single_inst_rrst_wr'
Sourcing Tcl File [/home/vignesh/tools/hw_tools/Vivado/Vivado/2018.3/data/ip/xpm/xpm_cdc/tcl/xpm_cdc_single.tcl] for cell 'clock_converter/inst/gen_clock_conv.gen_async_conv.asyncfifo_axi/inst_fifo_gen/gaxi_full_lite.gread_ch.grdch2.axi_rdch/grf.rf/rstblk/ngwrdrst.grst.g7serrst.gnsckt_wrst.gic_rst.xpm_cdc_single_inst_wrst_rd'
Finished Sourcing Tcl File [/home/vignesh/tools/hw_tools/Vivado/Vivado/2018.3/data/ip/xpm/xpm_cdc/tcl/xpm_cdc_single.tcl] for cell 'clock_converter/inst/gen_clock_conv.gen_async_conv.asyncfifo_axi/inst_fifo_gen/gaxi_full_lite.gread_ch.grdch2.axi_rdch/grf.rf/rstblk/ngwrdrst.grst.g7serrst.gnsckt_wrst.gic_rst.xpm_cdc_single_inst_wrst_rd'
INFO: [Opt 31-138] Pushed 0 inverter(s) to 0 load pin(s).
Netlist sorting complete. Time (s): cpu = 00:00:00.01 ; elapsed = 00:00:00.01 . Memory (MB): peak = 2694.871 ; gain = 0.000 ; free physical = 25764 ; free virtual = 59040
INFO: [Project 1-111] Unisim Transformation Summary:
  A total of 357 instances were transformed.
  IOBUF => IOBUF (IBUF, OBUFT): 40 instances
  IOBUFDS_DIFF_OUT_INTERMDISABLE => IOBUFDS_DIFF_OUT_INTERMDISABLE (IBUFDS_INTERMDISABLE_INT, IBUFDS_INTERMDISABLE_INT, INV, OBUFTDS, OBUFTDS): 2 instances
  IOBUF_INTERMDISABLE => IOBUF_INTERMDISABLE (IBUF_INTERMDISABLE, OBUFT): 16 instances
  LUT6_2 => LUT6_2 (LUT5, LUT6): 24 instances
  OBUFDS => OBUFDS_DUAL_BUF (INV, OBUFDS, OBUFDS): 1 instances
  RAM128X1D => RAM128X1D (RAMD64E, RAMD64E, MUXF7, MUXF7, RAMD64E, RAMD64E): 8 instances
  RAM16X1D => RAM32X1D (RAMD32, RAMD32): 8 instances
  RAM32M => RAM32M (RAMD32, RAMD32, RAMD32, RAMD32, RAMD32, RAMD32, RAMS32, RAMS32): 258 instances

open_run: Time (s): cpu = 00:00:42 ; elapsed = 00:00:38 . Memory (MB): peak = 2694.871 ; gain = 1266.539 ; free physical = 25764 ; free virtual = 59041
INFO: [Timing 38-35] Done setting XDC timing constraints.
INFO: [Timing 38-91] UpdateTimingParams: Speed grade: -1, Delay Type: min_max.
INFO: [Timing 38-191] Multithreading enabled for timing update using a maximum of 8 CPUs
WARNING: [Timing 38-436] There are set_bus_skew constraint(s) in this design. Please run report_bus_skew to ensure that bus skew requirements are met.
report_timing_summary: Time (s): cpu = 00:00:42 ; elapsed = 00:00:12 . Memory (MB): peak = 2860.789 ; gain = 165.918 ; free physical = 23995 ; free virtual = 58673
INFO: [Vivado 12-4149] The synthesis checkpoint for IP '/scratch1/iot/gc2025/hw/fpga_project/c-class/c-class.srcs/sources_1/ip/clk_converter/clk_converter.xci' is already up-to-date
INFO: [Vivado 12-4149] The synthesis checkpoint for IP '/scratch1/iot/gc2025/hw/fpga_project/c-class/c-class.srcs/sources_1/ip/mig_ddr3/mig_ddr3.xci' is already up-to-date
INFO: [Vivado 12-4149] The synthesis checkpoint for IP '/scratch1/iot/gc2025/hw/fpga_project/c-class/c-class.srcs/sources_1/ip/clk_divider/clk_divider.xci' is already up-to-date
INFO: [Vivado 12-4149] The synthesis checkpoint for IP '/scratch1/iot/gc2025/hw/fpga_project/c-class/c-class.srcs/sources_1/ip/proc_sys_reset_0/proc_sys_reset_0.xci' is already up-to-date
Netlist sorting complete. Time (s): cpu = 00:00:00.01 ; elapsed = 00:00:00.02 . Memory (MB): peak = 2860.789 ; gain = 0.000 ; free physical = 23993 ; free virtual = 58673
INFO: [Timing 38-480] Writing timing data to binary archive.
Writing placer database...
Writing XDEF routing.
Writing XDEF routing logical nets.
Writing XDEF routing special nets.
Write XDEF Complete: Time (s): cpu = 00:00:00.18 ; elapsed = 00:00:00.04 . Memory (MB): peak = 2892.805 ; gain = 0.000 ; free physical = 23965 ; free virtual = 58671
Netlist sorting complete. Time (s): cpu = 00:00:00.03 ; elapsed = 00:00:00.01 . Memory (MB): peak = 2892.805 ; gain = 0.000 ; free physical = 23867 ; free virtual = 58638
[Mon Apr 20 10:42:31 2026] Launched core_impl_1...
Run output will be captured here: /scratch1/iot/gc2025/hw/fpga_project/c-class/c-class.runs/core_impl_1/runme.log
launch_runs: Time (s): cpu = 00:00:20 ; elapsed = 00:00:24 . Memory (MB): peak = 2892.805 ; gain = 32.016 ; free physical = 21563 ; free virtual = 58736
[Mon Apr 20 10:42:31 2026] Waiting for core_impl_1 to finish...

*** Running vivado
    with args -log fpga_top.vdi -applog -m64 -product Vivado -messageDb vivado.pb -mode batch -source fpga_top.tcl -notrace


****** Vivado v2018.3 (64-bit)
  **** SW Build 2405991 on Thu Dec  6 23:36:41 MST 2018
  **** IP Build 2404404 on Fri Dec  7 01:43:56 MST 2018
    ** Copyright 1986-2018 Xilinx, Inc. All Rights Reserved.

source fpga_top.tcl -notrace
Command: open_checkpoint /scratch1/iot/gc2025/hw/fpga_project/c-class/c-class.runs/core_impl_1/fpga_top.dcp

Starting open_checkpoint Task

Time (s): cpu = 00:00:00.04 ; elapsed = 00:00:00.10 . Memory (MB): peak = 1305.355 ; gain = 0.000 ; free physical = 20200 ; free virtual = 58545
INFO: [Netlist 29-17] Analyzing 5589 Unisim elements for replacement
INFO: [Netlist 29-28] Unisim Transformation completed in 0 CPU seconds
INFO: [Project 1-479] Netlist was created with Vivado 2018.3
INFO: [Device 21-403] Loading part xc7a200tsbg484-1
INFO: [Project 1-570] Preparing netlist for logic optimization
INFO: [Timing 38-478] Restoring timing data from binary archive.
INFO: [Timing 38-479] Binary timing data restore complete.
INFO: [Project 1-856] Restoring constraints from binary archive.
INFO: [Project 1-853] Binary constraint restore complete.
Reading XDEF placement.
Reading placer database...
Reading XDEF routing.
Read XDEF File: Time (s): cpu = 00:00:00.09 ; elapsed = 00:00:00.19 . Memory (MB): peak = 2582.648 ; gain = 0.000 ; free physical = 15224 ; free virtual = 57268
Restored from archive | CPU: 0.190000 secs | Memory: 1.329933 MB |
Finished XDEF File Restore: Time (s): cpu = 00:00:00.09 ; elapsed = 00:00:00.19 . Memory (MB): peak = 2582.648 ; gain = 0.000 ; free physical = 15224 ; free virtual = 57268
Netlist sorting complete. Time (s): cpu = 00:00:00.01 ; elapsed = 00:00:00.01 . Memory (MB): peak = 2582.648 ; gain = 0.000 ; free physical = 15212 ; free virtual = 57268
INFO: [Project 1-111] Unisim Transformation Summary:
  A total of 357 instances were transformed.
  IOBUF => IOBUF (IBUF, OBUFT): 40 instances
  IOBUFDS_DIFF_OUT_INTERMDISABLE => IOBUFDS_DIFF_OUT_INTERMDISABLE (IBUFDS_INTERMDISABLE_INT, IBUFDS_INTERMDISABLE_INT, INV, OBUFTDS, OBUFTDS): 2 instances
  IOBUF_INTERMDISABLE => IOBUF_INTERMDISABLE (IBUF_INTERMDISABLE, OBUFT): 16 instances
  LUT6_2 => LUT6_2 (LUT5, LUT6): 24 instances
  OBUFDS => OBUFDS_DUAL_BUF (INV, OBUFDS, OBUFDS): 1 instances
  RAM128X1D => RAM128X1D (RAMD64E, RAMD64E, MUXF7, MUXF7, RAMD64E, RAMD64E): 8 instances
  RAM16X1D => RAM32X1D (RAMD32, RAMD32): 8 instances
  RAM32M => RAM32M (RAMD32, RAMD32, RAMD32, RAMD32, RAMD32, RAMD32, RAMS32, RAMS32): 258 instances

INFO: [Project 1-604] Checkpoint was created with Vivado v2018.3 (64-bit) build 2405991
open_checkpoint: Time (s): cpu = 00:00:22 ; elapsed = 00:00:35 . Memory (MB): peak = 2582.648 ; gain = 1277.293 ; free physical = 15209 ; free virtual = 57268
Command: opt_design
Attempting to get a license for feature 'Implementation' and/or device 'xc7a200t'
INFO: [Common 17-349] Got license for feature 'Implementation' and/or device 'xc7a200t'
Running DRC as a precondition to command opt_design

Starting DRC Task
INFO: [DRC 23-27] Running DRC with 8 threads
INFO: [Project 1-461] DRC finished with 0 Errors
INFO: [Project 1-462] Please refer to the DRC report (report_drc) for more information.

Time (s): cpu = 00:00:02 ; elapsed = 00:00:02 . Memory (MB): peak = 2646.680 ; gain = 64.031 ; free physical = 15028 ; free virtual = 57260

Starting Cache Timing Information Task
Ending Cache Timing Information Task | Checksum: 1771f290f

Time (s): cpu = 00:00:00.16 ; elapsed = 00:00:00.13 . Memory (MB): peak = 2646.680 ; gain = 0.000 ; free physical = 14987 ; free virtual = 57251

Starting Logic Optimization Task

Phase 1 Retarget
INFO: [Opt 31-138] Pushed 4 inverter(s) to 4 load pin(s).
INFO: [Opt 31-49] Retargeted 0 cell(s).
Phase 1 Retarget | Checksum: 1bf102f1a

Time (s): cpu = 00:00:11 ; elapsed = 00:00:06 . Memory (MB): peak = 2646.680 ; gain = 0.000 ; free physical = 14269 ; free virtual = 57278
INFO: [Opt 31-389] Phase Retarget created 31 cells and removed 159 cells
INFO: [Opt 31-1021] In phase Retarget, 57 netlist objects are constrained preventing optimization. Please run opt_design with -debug_log to get more detail. 

Phase 2 Constant propagation
INFO: [Opt 31-138] Pushed 0 inverter(s) to 0 load pin(s).
Phase 2 Constant propagation | Checksum: 171c8517b

Time (s): cpu = 00:00:12 ; elapsed = 00:00:07 . Memory (MB): peak = 2646.680 ; gain = 0.000 ; free physical = 14189 ; free virtual = 57324
INFO: [Opt 31-389] Phase Constant propagation created 25 cells and removed 60 cells
INFO: [Opt 31-1021] In phase Constant propagation, 26 netlist objects are constrained preventing optimization. Please run opt_design with -debug_log to get more detail. 

Phase 3 Sweep
Phase 3 Sweep | Checksum: aee9f1a8

Time (s): cpu = 00:00:14 ; elapsed = 00:00:09 . Memory (MB): peak = 2646.680 ; gain = 0.000 ; free physical = 14024 ; free virtual = 57334
INFO: [Opt 31-389] Phase Sweep created 1 cells and removed 214 cells
INFO: [Opt 31-1021] In phase Sweep, 120 netlist objects are constrained preventing optimization. Please run opt_design with -debug_log to get more detail. 

Phase 4 BUFG optimization
INFO: [Opt 31-194] Inserted BUFG clk_div/inst/clk_out1_clk_divider_BUFG_inst to drive 0 load(s) on clock net clk_div/inst/clk_out1_clk_divider_BUFG
INFO: [Opt 31-194] Inserted BUFG clk_div/inst/clk_out2_clk_divider_BUFG_inst to drive 0 load(s) on clock net clk_div/inst/clk_out2_clk_divider_BUFG
INFO: [Opt 31-194] Inserted BUFG clk_div/inst/clk_out3_clk_divider_BUFG_inst to drive 0 load(s) on clock net clk_div/inst/clk_out3_clk_divider_BUFG
INFO: [Opt 31-194] Inserted BUFG mig_ddr3/u_mig_ddr3_mig/u_ddr3_infrastructure/pll_clk3_out_BUFG_inst to drive 0 load(s) on clock net mig_ddr3/u_mig_ddr3_mig/u_ddr3_infrastructure/pll_clk3_out_BUFG
INFO: [Opt 31-193] Inserted 4 BUFG(s) on clock nets
Phase 4 BUFG optimization | Checksum: e9580549

Time (s): cpu = 00:00:15 ; elapsed = 00:00:10 . Memory (MB): peak = 2646.680 ; gain = 0.000 ; free physical = 13893 ; free virtual = 57360
INFO: [Opt 31-662] Phase BUFG optimization created 0 cells of which 0 are BUFGs and removed 0 cells.

Phase 5 Shift Register Optimization
Phase 5 Shift Register Optimization | Checksum: 151172404

Time (s): cpu = 00:00:19 ; elapsed = 00:00:14 . Memory (MB): peak = 2646.680 ; gain = 0.000 ; free physical = 13521 ; free virtual = 57388
INFO: [Opt 31-389] Phase Shift Register Optimization created 0 cells and removed 0 cells

Phase 6 Post Processing Netlist
Phase 6 Post Processing Netlist | Checksum: 201be7144

Time (s): cpu = 00:00:20 ; elapsed = 00:00:15 . Memory (MB): peak = 2646.680 ; gain = 0.000 ; free physical = 13444 ; free virtual = 57384
INFO: [Opt 31-389] Phase Post Processing Netlist created 0 cells and removed 0 cells
INFO: [Opt 31-1021] In phase Post Processing Netlist, 25 netlist objects are constrained preventing optimization. Please run opt_design with -debug_log to get more detail. 
Opt_design Change Summary
=========================


-------------------------------------------------------------------------------------------------------------------------
|  Phase                        |  #Cells created  |  #Cells Removed  |  #Constrained objects preventing optimizations  |
-------------------------------------------------------------------------------------------------------------------------
|  Retarget                     |              31  |             159  |                                             57  |
|  Constant propagation         |              25  |              60  |                                             26  |
|  Sweep                        |               1  |             214  |                                            120  |
|  BUFG optimization            |               0  |               0  |                                              0  |
|  Shift Register Optimization  |               0  |               0  |                                              0  |
|  Post Processing Netlist      |               0  |               0  |                                             25  |
-------------------------------------------------------------------------------------------------------------------------



Starting Connectivity Check Task

Time (s): cpu = 00:00:00.28 ; elapsed = 00:00:00.28 . Memory (MB): peak = 2646.680 ; gain = 0.000 ; free physical = 13403 ; free virtual = 57391
Ending Logic Optimization Task | Checksum: 1c73ee029

Time (s): cpu = 00:00:20 ; elapsed = 00:00:15 . Memory (MB): peak = 2646.680 ; gain = 0.000 ; free physical = 13379 ; free virtual = 57388

Starting Power Optimization Task
INFO: [Pwropt 34-132] Skipping clock gating for clocks with a period < 2.00 ns.
INFO: [Timing 38-35] Done setting XDC timing constraints.
INFO: [Physopt 32-619] Estimated Timing Summary | WNS=-0.650 | TNS=-23.340 |
Running Vector-less Activity Propagation...
INFO: [Pwropt 34-9] Applying IDT optimizations ...
INFO: [Pwropt 34-10] Applying ODC optimizations ...

Finished Running Vector-less Activity Propagation


Starting PowerOpt Patch Enables Task
INFO: [Pwropt 34-162] WRITE_MODE attribute of 2 BRAM(s) out of a total of 151 has been updated to save power. Run report_power_opt to get a complete listing of the BRAMs updated.
INFO: [Pwropt 34-201] Structural ODC has moved 13 WE to EN ports
Number of BRAM Ports augmented: 15 newly gated: 13 Total Ports: 302
Number of Flops added for Enable Generation: 2

Ending PowerOpt Patch Enables Task | Checksum: 214cda354

Time (s): cpu = 00:00:00.71 ; elapsed = 00:00:00.73 . Memory (MB): peak = 3864.008 ; gain = 0.000 ; free physical = 12001 ; free virtual = 57219
Ending Power Optimization Task | Checksum: 214cda354

Time (s): cpu = 00:02:34 ; elapsed = 00:01:30 . Memory (MB): peak = 3864.008 ; gain = 1217.328 ; free physical = 12124 ; free virtual = 57342

Starting Final Cleanup Task

Starting Logic Optimization Task
INFO: [Timing 38-35] Done setting XDC timing constraints.
INFO: [Opt 31-194] Inserted BUFG clk_div/inst/clk_out3_clk_divider_BUFG_inst to drive 0 load(s) on clock net clk_div/inst/clk_out3_clk_divider_BUFG
INFO: [Opt 31-194] Inserted BUFG mig_ddr3/u_mig_ddr3_mig/u_ddr3_infrastructure/pll_clk3_out_BUFG_inst to drive 0 load(s) on clock net mig_ddr3/u_mig_ddr3_mig/u_ddr3_infrastructure/pll_clk3_out_BUFG
INFO: [Opt 31-194] Inserted BUFG clk_div/inst/clk_out2_clk_divider_BUFG_inst to drive 0 load(s) on clock net clk_div/inst/clk_out2_clk_divider_BUFG
INFO: [Opt 31-194] Inserted BUFG clk_div/inst/clk_out1_clk_divider_BUFG_inst to drive 0 load(s) on clock net clk_div/inst/clk_out1_clk_divider_BUFG
INFO: [Opt 31-193] Inserted 4 BUFG(s) on clock nets
Ending Logic Optimization Task | Checksum: 182f8d564

Time (s): cpu = 00:00:16 ; elapsed = 00:00:08 . Memory (MB): peak = 3864.008 ; gain = 0.000 ; free physical = 12108 ; free virtual = 57326
Ending Final Cleanup Task | Checksum: 182f8d564

Time (s): cpu = 00:00:17 ; elapsed = 00:00:09 . Memory (MB): peak = 3864.008 ; gain = 0.000 ; free physical = 12110 ; free virtual = 57328

Starting Netlist Obfuscation Task
Netlist sorting complete. Time (s): cpu = 00:00:00.01 ; elapsed = 00:00:00.01 . Memory (MB): peak = 3864.008 ; gain = 0.000 ; free physical = 12110 ; free virtual = 57328
Ending Netlist Obfuscation Task | Checksum: 182f8d564

Time (s): cpu = 00:00:00.01 ; elapsed = 00:00:00.01 . Memory (MB): peak = 3864.008 ; gain = 0.000 ; free physical = 12110 ; free virtual = 57328
INFO: [Common 17-83] Releasing license: Implementation
47 Infos, 0 Warnings, 0 Critical Warnings and 0 Errors encountered.
opt_design completed successfully
opt_design: Time (s): cpu = 00:03:16 ; elapsed = 00:01:58 . Memory (MB): peak = 3864.008 ; gain = 1281.359 ; free physical = 12115 ; free virtual = 57334
Netlist sorting complete. Time (s): cpu = 00:00:00.01 ; elapsed = 00:00:00.01 . Memory (MB): peak = 3864.008 ; gain = 0.000 ; free physical = 12113 ; free virtual = 57331
INFO: [Timing 38-480] Writing timing data to binary archive.
Writing placer database...
Writing XDEF routing.
Writing XDEF routing logical nets.
Writing XDEF routing special nets.
Write XDEF Complete: Time (s): cpu = 00:00:00.15 ; elapsed = 00:00:00.04 . Memory (MB): peak = 3864.008 ; gain = 0.000 ; free physical = 12109 ; free virtual = 57329
Netlist sorting complete. Time (s): cpu = 00:00:00.03 ; elapsed = 00:00:00.01 . Memory (MB): peak = 3864.008 ; gain = 0.000 ; free physical = 12110 ; free virtual = 57340
INFO: [Common 17-1381] The checkpoint '/scratch1/iot/gc2025/hw/fpga_project/c-class/c-class.runs/core_impl_1/fpga_top_opt.dcp' has been generated.
write_checkpoint: Time (s): cpu = 00:00:19 ; elapsed = 00:00:23 . Memory (MB): peak = 3864.008 ; gain = 0.000 ; free physical = 12122 ; free virtual = 57360
INFO: [runtcl-4] Executing : report_drc -file fpga_top_drc_opted.rpt -pb fpga_top_drc_opted.pb -rpx fpga_top_drc_opted.rpx
Command: report_drc -file fpga_top_drc_opted.rpt -pb fpga_top_drc_opted.pb -rpx fpga_top_drc_opted.rpx
INFO: [IP_Flow 19-234] Refreshing IP repositories
INFO: [IP_Flow 19-1704] No user IP repositories specified
INFO: [IP_Flow 19-2313] Loaded Vivado IP repository '/home/vignesh/tools/hw_tools/Vivado/Vivado/2018.3/data/ip'.
INFO: [DRC 23-27] Running DRC with 8 threads
INFO: [Coretcl 2-168] The results of DRC are in file /scratch1/iot/gc2025/hw/fpga_project/c-class/c-class.runs/core_impl_1/fpga_top_drc_opted.rpt.
report_drc completed successfully
report_drc: Time (s): cpu = 00:00:10 ; elapsed = 00:00:06 . Memory (MB): peak = 3902.090 ; gain = 38.082 ; free physical = 12047 ; free virtual = 57286
Command: place_design -directive ExtraTimingOpt
Attempting to get a license for feature 'Implementation' and/or device 'xc7a200t'
INFO: [Common 17-349] Got license for feature 'Implementation' and/or device 'xc7a200t'
INFO: [DRC 23-27] Running DRC with 8 threads
INFO: [Vivado_Tcl 4-198] DRC finished with 0 Errors
INFO: [Vivado_Tcl 4-199] Please refer to the DRC report (report_drc) for more information.
Running DRC as a precondition to command place_design
INFO: [DRC 23-27] Running DRC with 8 threads
WARNING: [DRC CHECK-3] Report rule limit reached: REQP-1839 rule limit reached: 20 violations have been found.
WARNING: [DRC CHECK-3] Report rule limit reached: REQP-1840 rule limit reached: 20 violations have been found.
WARNING: [DRC REQP-1839] RAMB36 async control check: The RAMB36E1 core/soc/boot_dut_dmemMSB/portb_we[1].RAM_reg_0 has an input control pin core/soc/boot_dut_dmemMSB/portb_we[1].RAM_reg_0/ADDRARDADDR[13] (net: core/soc/boot_dut_dmemMSB/ADDRA[9]) which is driven by a register (core/soc/boot_dut_read_request_sent_reg) that has an active asychronous set or reset. This may cause corruption of the memory contents and/or read values when the set/reset is asserted and is not analyzed by the default static timing analysis. It is suggested to eliminate the use of a set/reset to registers driving this RAMB pin or else use a synchronous reset in which the assertion of the reset is timed by default.
WARNING: [DRC REQP-1839] RAMB36 async control check: The RAMB36E1 core/soc/boot_dut_dmemMSB/portb_we[1].RAM_reg_0 has an input control pin core/soc/boot_dut_dmemMSB/portb_we[1].RAM_reg_0/ADDRARDADDR[13] (net: core/soc/boot_dut_dmemMSB/ADDRA[9]) which is driven by a register (core/soc/boot_read_state_reg) that has an active asychronous set or reset. This may cause corruption of the memory contents and/or read values when the set/reset is asserted and is not analyzed by the default static timing analysis. It is suggested to eliminate the use of a set/reset to registers driving this RAMB pin or else use a synchronous reset in which the assertion of the reset is timed by default.
WARNING: [DRC REQP-1839] RAMB36 async control check: The RAMB36E1 core/soc/boot_dut_dmemMSB/portb_we[1].RAM_reg_0 has an input control pin core/soc/boot_dut_dmemMSB/portb_we[1].RAM_reg_0/ADDRARDADDR[13] (net: core/soc/boot_dut_dmemMSB/ADDRA[9]) which is driven by a register (core/soc/boot_rg_readburst_counter_reg[0]) that has an active asychronous set or reset. This may cause corruption of the memory contents and/or read values when the set/reset is asserted and is not analyzed by the default static timing analysis. It is suggested to eliminate the use of a set/reset to registers driving this RAMB pin or else use a synchronous reset in which the assertion of the reset is timed by default.
WARNING: [DRC REQP-1839] RAMB36 async control check: The RAMB36E1 core/soc/boot_dut_dmemMSB/portb_we[1].RAM_reg_0 has an input control pin core/soc/boot_dut_dmemMSB/portb_we[1].RAM_reg_0/ADDRARDADDR[13] (net: core/soc/boot_dut_dmemMSB/ADDRA[9]) which is driven by a register (core/soc/boot_rg_readburst_counter_reg[1]) that has an active asychronous set or reset. This may cause corruption of the memory contents and/or read values when the set/reset is asserted and is not analyzed by the default static timing analysis. It is suggested to eliminate the use of a set/reset to registers driving this RAMB pin or else use a synchronous reset in which the assertion of the reset is timed by default.
WARNING: [DRC REQP-1839] RAMB36 async control check: The RAMB36E1 core/soc/boot_dut_dmemMSB/portb_we[1].RAM_reg_0 has an input control pin core/soc/boot_dut_dmemMSB/portb_we[1].RAM_reg_0/ADDRARDADDR[13] (net: core/soc/boot_dut_dmemMSB/ADDRA[9]) which is driven by a register (core/soc/boot_rg_readburst_counter_reg[2]) that has an active asychronous set or reset. This may cause corruption of the memory contents and/or read values when the set/reset is asserted and is not analyzed by the default static timing analysis. It is suggested to eliminate the use of a set/reset to registers driving this RAMB pin or else use a synchronous reset in which the assertion of the reset is timed by default.
WARNING: [DRC REQP-1839] RAMB36 async control check: The RAMB36E1 core/soc/boot_dut_dmemMSB/portb_we[1].RAM_reg_0 has an input control pin core/soc/boot_dut_dmemMSB/portb_we[1].RAM_reg_0/ADDRARDADDR[13] (net: core/soc/boot_dut_dmemMSB/ADDRA[9]) which is driven by a register (core/soc/boot_rg_readburst_counter_reg[3]) that has an active asychronous set or reset. This may cause corruption of the memory contents and/or read values when the set/reset is asserted and is not analyzed by the default static timing analysis. It is suggested to eliminate the use of a set/reset to registers driving this RAMB pin or else use a synchronous reset in which the assertion of the reset is timed by default.
WARNING: [DRC REQP-1839] RAMB36 async control check: The RAMB36E1 core/soc/boot_dut_dmemMSB/portb_we[1].RAM_reg_0 has an input control pin core/soc/boot_dut_dmemMSB/portb_we[1].RAM_reg_0/ADDRARDADDR[13] (net: core/soc/boot_dut_dmemMSB/ADDRA[9]) which is driven by a register (core/soc/boot_s_xactor_f_rd_addr/data0_reg_reg[31]) that has an active asychronous set or reset. This may cause corruption of the memory contents and/or read values when the set/reset is asserted and is not analyzed by the default static timing analysis. It is suggested to eliminate the use of a set/reset to registers driving this RAMB pin or else use a synchronous reset in which the assertion of the reset is timed by default.
WARNING: [DRC REQP-1839] RAMB36 async control check: The RAMB36E1 core/soc/boot_dut_dmemMSB/portb_we[1].RAM_reg_0 has an input control pin core/soc/boot_dut_dmemMSB/portb_we[1].RAM_reg_0/ADDRARDADDR[13] (net: core/soc/boot_dut_dmemMSB/ADDRA[9]) which is driven by a register (core/soc/boot_s_xactor_f_rd_data/full_reg_reg) that has an active asychronous set or reset. This may cause corruption of the memory contents and/or read values when the set/reset is asserted and is not analyzed by the default static timing analysis. It is suggested to eliminate the use of a set/reset to registers driving this RAMB pin or else use a synchronous reset in which the assertion of the reset is timed by default.
WARNING: [DRC REQP-1839] RAMB36 async control check: The RAMB36E1 core/soc/boot_dut_dmemMSB/portb_we[1].RAM_reg_0 has an input control pin core/soc/boot_dut_dmemMSB/portb_we[1].RAM_reg_0/ADDRARDADDR[14] (net: core/soc/boot_dut_dmemMSB/ADDRA[10]) which is driven by a register (core/soc/boot_dut_read_request_sent_reg) that has an active asychronous set or reset. This may cause corruption of the memory contents and/or read values when the set/reset is asserted and is not analyzed by the default static timing analysis. It is suggested to eliminate the use of a set/reset to registers driving this RAMB pin or else use a synchronous reset in which the assertion of the reset is timed by default.
WARNING: [DRC REQP-1839] RAMB36 async control check: The RAMB36E1 core/soc/boot_dut_dmemMSB/portb_we[1].RAM_reg_0 has an input control pin core/soc/boot_dut_dmemMSB/portb_we[1].RAM_reg_0/ADDRARDADDR[14] (net: core/soc/boot_dut_dmemMSB/ADDRA[10]) which is driven by a register (core/soc/boot_read_state_reg) that has an active asychronous set or reset. This may cause corruption of the memory contents and/or read values when the set/reset is asserted and is not analyzed by the default static timing analysis. It is suggested to eliminate the use of a set/reset to registers driving this RAMB pin or else use a synchronous reset in which the assertion of the reset is timed by default.
WARNING: [DRC REQP-1839] RAMB36 async control check: The RAMB36E1 core/soc/boot_dut_dmemMSB/portb_we[1].RAM_reg_0 has an input control pin core/soc/boot_dut_dmemMSB/portb_we[1].RAM_reg_0/ADDRARDADDR[14] (net: core/soc/boot_dut_dmemMSB/ADDRA[10]) which is driven by a register (core/soc/boot_rg_readburst_counter_reg[0]) that has an active asychronous set or reset. This may cause corruption of the memory contents and/or read values when the set/reset is asserted and is not analyzed by the default static timing analysis. It is suggested to eliminate the use of a set/reset to registers driving this RAMB pin or else use a synchronous reset in which the assertion of the reset is timed by default.
WARNING: [DRC REQP-1839] RAMB36 async control check: The RAMB36E1 core/soc/boot_dut_dmemMSB/portb_we[1].RAM_reg_0 has an input control pin core/soc/boot_dut_dmemMSB/portb_we[1].RAM_reg_0/ADDRARDADDR[14] (net: core/soc/boot_dut_dmemMSB/ADDRA[10]) which is driven by a register (core/soc/boot_rg_readburst_counter_reg[1]) that has an active asychronous set or reset. This may cause corruption of the memory contents and/or read values when the set/reset is asserted and is not analyzed by the default static timing analysis. It is suggested to eliminate the use of a set/reset to registers driving this RAMB pin or else use a synchronous reset in which the assertion of the reset is timed by default.
WARNING: [DRC REQP-1839] RAMB36 async control check: The RAMB36E1 core/soc/boot_dut_dmemMSB/portb_we[1].RAM_reg_0 has an input control pin core/soc/boot_dut_dmemMSB/portb_we[1].RAM_reg_0/ADDRARDADDR[14] (net: core/soc/boot_dut_dmemMSB/ADDRA[10]) which is driven by a register (core/soc/boot_rg_readburst_counter_reg[2]) that has an active asychronous set or reset. This may cause corruption of the memory contents and/or read values when the set/reset is asserted and is not analyzed by the default static timing analysis. It is suggested to eliminate the use of a set/reset to registers driving this RAMB pin or else use a synchronous reset in which the assertion of the reset is timed by default.
WARNING: [DRC REQP-1839] RAMB36 async control check: The RAMB36E1 core/soc/boot_dut_dmemMSB/portb_we[1].RAM_reg_0 has an input control pin core/soc/boot_dut_dmemMSB/portb_we[1].RAM_reg_0/ADDRARDADDR[14] (net: core/soc/boot_dut_dmemMSB/ADDRA[10]) which is driven by a register (core/soc/boot_rg_readburst_counter_reg[3]) that has an active asychronous set or reset. This may cause corruption of the memory contents and/or read values when the set/reset is asserted and is not analyzed by the default static timing analysis. It is suggested to eliminate the use of a set/reset to registers driving this RAMB pin or else use a synchronous reset in which the assertion of the reset is timed by default.
WARNING: [DRC REQP-1839] RAMB36 async control check: The RAMB36E1 core/soc/boot_dut_dmemMSB/portb_we[1].RAM_reg_0 has an input control pin core/soc/boot_dut_dmemMSB/portb_we[1].RAM_reg_0/ADDRARDADDR[14] (net: core/soc/boot_dut_dmemMSB/ADDRA[10]) which is driven by a register (core/soc/boot_rg_readburst_counter_reg[4]) that has an active asychronous set or reset. This may cause corruption of the memory contents and/or read values when the set/reset is asserted and is not analyzed by the default static timing analysis. It is suggested to eliminate the use of a set/reset to registers driving this RAMB pin or else use a synchronous reset in which the assertion of the reset is timed by default.
WARNING: [DRC REQP-1839] RAMB36 async control check: The RAMB36E1 core/soc/boot_dut_dmemMSB/portb_we[1].RAM_reg_0 has an input control pin core/soc/boot_dut_dmemMSB/portb_we[1].RAM_reg_0/ADDRARDADDR[14] (net: core/soc/boot_dut_dmemMSB/ADDRA[10]) which is driven by a register (core/soc/boot_rg_readburst_counter_reg[5]) that has an active asychronous set or reset. This may cause corruption of the memory contents and/or read values when the set/reset is asserted and is not analyzed by the default static timing analysis. It is suggested to eliminate the use of a set/reset to registers driving this RAMB pin or else use a synchronous reset in which the assertion of the reset is timed by default.
WARNING: [DRC REQP-1839] RAMB36 async control check: The RAMB36E1 core/soc/boot_dut_dmemMSB/portb_we[1].RAM_reg_0 has an input control pin core/soc/boot_dut_dmemMSB/portb_we[1].RAM_reg_0/ADDRARDADDR[14] (net: core/soc/boot_dut_dmemMSB/ADDRA[10]) which is driven by a register (core/soc/boot_rg_readburst_counter_reg[6]) that has an active asychronous set or reset. This may cause corruption of the memory contents and/or read values when the set/reset is asserted and is not analyzed by the default static timing analysis. It is suggested to eliminate the use of a set/reset to registers driving this RAMB pin or else use a synchronous reset in which the assertion of the reset is timed by default.
WARNING: [DRC REQP-1839] RAMB36 async control check: The RAMB36E1 core/soc/boot_dut_dmemMSB/portb_we[1].RAM_reg_0 has an input control pin core/soc/boot_dut_dmemMSB/portb_we[1].RAM_reg_0/ADDRARDADDR[14] (net: core/soc/boot_dut_dmemMSB/ADDRA[10]) which is driven by a register (core/soc/boot_rg_readburst_counter_reg[7]) that has an active asychronous set or reset. This may cause corruption of the memory contents and/or read values when the set/reset is asserted and is not analyzed by the default static timing analysis. It is suggested to eliminate the use of a set/reset to registers driving this RAMB pin or else use a synchronous reset in which the assertion of the reset is timed by default.
WARNING: [DRC REQP-1839] RAMB36 async control check: The RAMB36E1 core/soc/boot_dut_dmemMSB/portb_we[1].RAM_reg_0 has an input control pin core/soc/boot_dut_dmemMSB/portb_we[1].RAM_reg_0/ADDRARDADDR[14] (net: core/soc/boot_dut_dmemMSB/ADDRA[10]) which is driven by a register (core/soc/boot_s_xactor_f_rd_addr/data0_reg_reg[32]) that has an active asychronous set or reset. This may cause corruption of the memory contents and/or read values when the set/reset is asserted and is not analyzed by the default static timing analysis. It is suggested to eliminate the use of a set/reset to registers driving this RAMB pin or else use a synchronous reset in which the assertion of the reset is timed by default.
WARNING: [DRC REQP-1839] RAMB36 async control check: The RAMB36E1 core/soc/boot_dut_dmemMSB/portb_we[1].RAM_reg_0 has an input control pin core/soc/boot_dut_dmemMSB/portb_we[1].RAM_reg_0/ADDRARDADDR[14] (net: core/soc/boot_dut_dmemMSB/ADDRA[10]) which is driven by a register (core/soc/boot_s_xactor_f_rd_data/full_reg_reg) that has an active asychronous set or reset. This may cause corruption of the memory contents and/or read values when the set/reset is asserted and is not analyzed by the default static timing analysis. It is suggested to eliminate the use of a set/reset to registers driving this RAMB pin or else use a synchronous reset in which the assertion of the reset is timed by default.
WARNING: [DRC REQP-1840] RAMB18 async control check: The RAMB18E1 core/soc/ccore/dmem/dcache/m_data/v_data_0_ram_single_0/ram_reg has an input control pin core/soc/ccore/dmem/dcache/m_data/v_data_0_ram_single_0/ram_reg/ADDRARDADDR[9] (net: core/soc/ccore/dmem/dcache/m_data/v_data_0_ram_single_0/ram_reg_0[5]) which is driven by a register (core/soc/ccore/dmem/dcache/ff_core_request/data0_reg_reg[41]) that has an active asychronous set or reset. This may cause corruption of the memory contents and/or read values when the set/reset is asserted and is not analyzed by the default static timing analysis. It is suggested to eliminate the use of a set/reset to registers driving this RAMB pin or else use a synchronous reset in which the assertion of the reset is timed by default.
WARNING: [DRC REQP-1840] RAMB18 async control check: The RAMB18E1 core/soc/ccore/dmem/dcache/m_data/v_data_0_ram_single_0/ram_reg has an input control pin core/soc/ccore/dmem/dcache/m_data/v_data_0_ram_single_0/ram_reg/ADDRARDADDR[9] (net: core/soc/ccore/dmem/dcache/m_data/v_data_0_ram_single_0/ram_reg_0[5]) which is driven by a register (core/soc/ccore/dmem/dcache/ff_core_request/data0_reg_reg[42]) that has an active asychronous set or reset. This may cause corruption of the memory contents and/or read values when the set/reset is asserted and is not analyzed by the default static timing analysis. It is suggested to eliminate the use of a set/reset to registers driving this RAMB pin or else use a synchronous reset in which the assertion of the reset is timed by default.
WARNING: [DRC REQP-1840] RAMB18 async control check: The RAMB18E1 core/soc/ccore/dmem/dcache/m_data/v_data_0_ram_single_0/ram_reg has an input control pin core/soc/ccore/dmem/dcache/m_data/v_data_0_ram_single_0/ram_reg/ADDRARDADDR[9] (net: core/soc/ccore/dmem/dcache/m_data/v_data_0_ram_single_0/ram_reg_0[5]) which is driven by a register (core/soc/ccore/dmem/dcache/ff_core_request/data0_reg_reg[44]) that has an active asychronous set or reset. This may cause corruption of the memory contents and/or read values when the set/reset is asserted and is not analyzed by the default static timing analysis. It is suggested to eliminate the use of a set/reset to registers driving this RAMB pin or else use a synchronous reset in which the assertion of the reset is timed by default.
WARNING: [DRC REQP-1840] RAMB18 async control check: The RAMB18E1 core/soc/ccore/dmem/dcache/m_data/v_data_0_ram_single_0/ram_reg has an input control pin core/soc/ccore/dmem/dcache/m_data/v_data_0_ram_single_0/ram_reg/ADDRARDADDR[9] (net: core/soc/ccore/dmem/dcache/m_data/v_data_0_ram_single_0/ram_reg_0[5]) which is driven by a register (core/soc/ccore/dmem/dcache/ff_core_request/empty_reg_reg) that has an active asychronous set or reset. This may cause corruption of the memory contents and/or read values when the set/reset is asserted and is not analyzed by the default static timing analysis. It is suggested to eliminate the use of a set/reset to registers driving this RAMB pin or else use a synchronous reset in which the assertion of the reset is timed by default.
WARNING: [DRC REQP-1840] RAMB18 async control check: The RAMB18E1 core/soc/ccore/dmem/dcache/m_data/v_data_0_ram_single_0/ram_reg has an input control pin core/soc/ccore/dmem/dcache/m_data/v_data_0_ram_single_0/ram_reg/ADDRARDADDR[9] (net: core/soc/ccore/dmem/dcache/m_data/v_data_0_ram_single_0/ram_reg_0[5]) which is driven by a register (core/soc/ccore/dmem/dcache/ff_core_request/full_reg_reg) that has an active asychronous set or reset. This may cause corruption of the memory contents and/or read values when the set/reset is asserted and is not analyzed by the default static timing analysis. It is suggested to eliminate the use of a set/reset to registers driving this RAMB pin or else use a synchronous reset in which the assertion of the reset is timed by default.
WARNING: [DRC REQP-1840] RAMB18 async control check: The RAMB18E1 core/soc/ccore/dmem/dcache/m_data/v_data_0_ram_single_0/ram_reg has an input control pin core/soc/ccore/dmem/dcache/m_data/v_data_0_ram_single_0/ram_reg/ADDRARDADDR[9] (net: core/soc/ccore/dmem/dcache/m_data/v_data_0_ram_single_0/ram_reg_0[5]) which is driven by a register (core/soc/ccore/dmem/dcache/ff_mem_wr_request/empty_reg_reg) that has an active asychronous set or reset. This may cause corruption of the memory contents and/or read values when the set/reset is asserted and is not analyzed by the default static timing analysis. It is suggested to eliminate the use of a set/reset to registers driving this RAMB pin or else use a synchronous reset in which the assertion of the reset is timed by default.
WARNING: [DRC REQP-1840] RAMB18 async control check: The RAMB18E1 core/soc/ccore/dmem/dcache/m_data/v_data_0_ram_single_0/ram_reg has an input control pin core/soc/ccore/dmem/dcache/m_data/v_data_0_ram_single_0/ram_reg/ADDRARDADDR[9] (net: core/soc/ccore/dmem/dcache/m_data/v_data_0_ram_single_0/ram_reg_0[5]) which is driven by a register (core/soc/ccore/dmem/dcache/m_iobuffer/v_iobuff_valid_0_reg) that has an active asychronous set or reset. This may cause corruption of the memory contents and/or read values when the set/reset is asserted and is not analyzed by the default static timing analysis. It is suggested to eliminate the use of a set/reset to registers driving this RAMB pin or else use a synchronous reset in which the assertion of the reset is timed by default.
WARNING: [DRC REQP-1840] RAMB18 async control check: The RAMB18E1 core/soc/ccore/dmem/dcache/m_data/v_data_0_ram_single_0/ram_reg has an input control pin core/soc/ccore/dmem/dcache/m_data/v_data_0_ram_single_0/ram_reg/ADDRARDADDR[9] (net: core/soc/ccore/dmem/dcache/m_data/v_data_0_ram_single_0/ram_reg_0[5]) which is driven by a register (core/soc/ccore/dmem/dcache/m_iobuffer/v_iobuff_valid_1_reg) that has an active asychronous set or reset. This may cause corruption of the memory contents and/or read values when the set/reset is asserted and is not analyzed by the default static timing analysis. It is suggested to eliminate the use of a set/reset to registers driving this RAMB pin or else use a synchronous reset in which the assertion of the reset is timed by default.
WARNING: [DRC REQP-1840] RAMB18 async control check: The RAMB18E1 core/soc/ccore/dmem/dcache/m_data/v_data_0_ram_single_0/ram_reg has an input control pin core/soc/ccore/dmem/dcache/m_data/v_data_0_ram_single_0/ram_reg/ADDRARDADDR[9] (net: core/soc/ccore/dmem/dcache/m_data/v_data_0_ram_single_0/ram_reg_0[5]) which is driven by a register (core/soc/ccore/dmem/dtlb/ff_lookup_result/data0_reg_reg[100]) that has an active asychronous set or reset. This may cause corruption of the memory contents and/or read values when the set/reset is asserted and is not analyzed by the default static timing analysis. It is suggested to eliminate the use of a set/reset to registers driving this RAMB pin or else use a synchronous reset in which the assertion of the reset is timed by default.
WARNING: [DRC REQP-1840] RAMB18 async control check: The RAMB18E1 core/soc/ccore/dmem/dcache/m_data/v_data_0_ram_single_0/ram_reg has an input control pin core/soc/ccore/dmem/dcache/m_data/v_data_0_ram_single_0/ram_reg/ADDRARDADDR[9] (net: core/soc/ccore/dmem/dcache/m_data/v_data_0_ram_single_0/ram_reg_0[5]) which is driven by a register (core/soc/ccore/dmem/dtlb/ff_lookup_result/data0_reg_reg[101]) that has an active asychronous set or reset. This may cause corruption of the memory contents and/or read values when the set/reset is asserted and is not analyzed by the default static timing analysis. It is suggested to eliminate the use of a set/reset to registers driving this RAMB pin or else use a synchronous reset in which the assertion of the reset is timed by default.
WARNING: [DRC REQP-1840] RAMB18 async control check: The RAMB18E1 core/soc/ccore/dmem/dcache/m_data/v_data_0_ram_single_0/ram_reg has an input control pin core/soc/ccore/dmem/dcache/m_data/v_data_0_ram_single_0/ram_reg/ADDRARDADDR[9] (net: core/soc/ccore/dmem/dcache/m_data/v_data_0_ram_single_0/ram_reg_0[5]) which is driven by a register (core/soc/ccore/dmem/dtlb/ff_lookup_result/data0_reg_reg[102]) that has an active asychronous set or reset. This may cause corruption of the memory contents and/or read values when the set/reset is asserted and is not analyzed by the default static timing analysis. It is suggested to eliminate the use of a set/reset to registers driving this RAMB pin or else use a synchronous reset in which the assertion of the reset is timed by default.
WARNING: [DRC REQP-1840] RAMB18 async control check: The RAMB18E1 core/soc/ccore/dmem/dcache/m_data/v_data_0_ram_single_0/ram_reg has an input control pin core/soc/ccore/dmem/dcache/m_data/v_data_0_ram_single_0/ram_reg/ADDRARDADDR[9] (net: core/soc/ccore/dmem/dcache/m_data/v_data_0_ram_single_0/ram_reg_0[5]) which is driven by a register (core/soc/ccore/dmem/dtlb/ff_lookup_result/data0_reg_reg[103]) that has an active asychronous set or reset. This may cause corruption of the memory contents and/or read values when the set/reset is asserted and is not analyzed by the default static timing analysis. It is suggested to eliminate the use of a set/reset to registers driving this RAMB pin or else use a synchronous reset in which the assertion of the reset is timed by default.
WARNING: [DRC REQP-1840] RAMB18 async control check: The RAMB18E1 core/soc/ccore/dmem/dcache/m_data/v_data_0_ram_single_0/ram_reg has an input control pin core/soc/ccore/dmem/dcache/m_data/v_data_0_ram_single_0/ram_reg/ADDRARDADDR[9] (net: core/soc/ccore/dmem/dcache/m_data/v_data_0_ram_single_0/ram_reg_0[5]) which is driven by a register (core/soc/ccore/dmem/dtlb/ff_lookup_result/data0_reg_reg[10]) that has an active asychronous set or reset. This may cause corruption of the memory contents and/or read values when the set/reset is asserted and is not analyzed by the default static timing analysis. It is suggested to eliminate the use of a set/reset to registers driving this RAMB pin or else use a synchronous reset in which the assertion of the reset is timed by default.
WARNING: [DRC REQP-1840] RAMB18 async control check: The RAMB18E1 core/soc/ccore/dmem/dcache/m_data/v_data_0_ram_single_0/ram_reg has an input control pin core/soc/ccore/dmem/dcache/m_data/v_data_0_ram_single_0/ram_reg/ADDRARDADDR[9] (net: core/soc/ccore/dmem/dcache/m_data/v_data_0_ram_single_0/ram_reg_0[5]) which is driven by a register (core/soc/ccore/dmem/dtlb/ff_lookup_result/data0_reg_reg[11]) that has an active asychronous set or reset. This may cause corruption of the memory contents and/or read values when the set/reset is asserted and is not analyzed by the default static timing analysis. It is suggested to eliminate the use of a set/reset to registers driving this RAMB pin or else use a synchronous reset in which the assertion of the reset is timed by default.
WARNING: [DRC REQP-1840] RAMB18 async control check: The RAMB18E1 core/soc/ccore/dmem/dcache/m_data/v_data_0_ram_single_0/ram_reg has an input control pin core/soc/ccore/dmem/dcache/m_data/v_data_0_ram_single_0/ram_reg/ADDRARDADDR[9] (net: core/soc/ccore/dmem/dcache/m_data/v_data_0_ram_single_0/ram_reg_0[5]) which is driven by a register (core/soc/ccore/dmem/dtlb/ff_lookup_result/data0_reg_reg[12]) that has an active asychronous set or reset. This may cause corruption of the memory contents and/or read values when the set/reset is asserted and is not analyzed by the default static timing analysis. It is suggested to eliminate the use of a set/reset to registers driving this RAMB pin or else use a synchronous reset in which the assertion of the reset is timed by default.
WARNING: [DRC REQP-1840] RAMB18 async control check: The RAMB18E1 core/soc/ccore/dmem/dcache/m_data/v_data_0_ram_single_0/ram_reg has an input control pin core/soc/ccore/dmem/dcache/m_data/v_data_0_ram_single_0/ram_reg/ADDRARDADDR[9] (net: core/soc/ccore/dmem/dcache/m_data/v_data_0_ram_single_0/ram_reg_0[5]) which is driven by a register (core/soc/ccore/dmem/dtlb/ff_lookup_result/data0_reg_reg[13]) that has an active asychronous set or reset. This may cause corruption of the memory contents and/or read values when the set/reset is asserted and is not analyzed by the default static timing analysis. It is suggested to eliminate the use of a set/reset to registers driving this RAMB pin or else use a synchronous reset in which the assertion of the reset is timed by default.
WARNING: [DRC REQP-1840] RAMB18 async control check: The RAMB18E1 core/soc/ccore/dmem/dcache/m_data/v_data_0_ram_single_0/ram_reg has an input control pin core/soc/ccore/dmem/dcache/m_data/v_data_0_ram_single_0/ram_reg/ADDRARDADDR[9] (net: core/soc/ccore/dmem/dcache/m_data/v_data_0_ram_single_0/ram_reg_0[5]) which is driven by a register (core/soc/ccore/dmem/dtlb/ff_lookup_result/data0_reg_reg[14]) that has an active asychronous set or reset. This may cause corruption of the memory contents and/or read values when the set/reset is asserted and is not analyzed by the default static timing analysis. It is suggested to eliminate the use of a set/reset to registers driving this RAMB pin or else use a synchronous reset in which the assertion of the reset is timed by default.
WARNING: [DRC REQP-1840] RAMB18 async control check: The RAMB18E1 core/soc/ccore/dmem/dcache/m_data/v_data_0_ram_single_0/ram_reg has an input control pin core/soc/ccore/dmem/dcache/m_data/v_data_0_ram_single_0/ram_reg/ADDRARDADDR[9] (net: core/soc/ccore/dmem/dcache/m_data/v_data_0_ram_single_0/ram_reg_0[5]) which is driven by a register (core/soc/ccore/ptwalk_ff_memory_req/data0_reg_reg[1]) that has an active asychronous set or reset. This may cause corruption of the memory contents and/or read values when the set/reset is asserted and is not analyzed by the default static timing analysis. It is suggested to eliminate the use of a set/reset to registers driving this RAMB pin or else use a synchronous reset in which the assertion of the reset is timed by default.
WARNING: [DRC REQP-1840] RAMB18 async control check: The RAMB18E1 core/soc/ccore/dmem/dcache/m_data/v_data_0_ram_single_0/ram_reg has an input control pin core/soc/ccore/dmem/dcache/m_data/v_data_0_ram_single_0/ram_reg/ADDRARDADDR[9] (net: core/soc/ccore/dmem/dcache/m_data/v_data_0_ram_single_0/ram_reg_0[5]) which is driven by a register (core/soc/ccore/ptwalk_ff_memory_req/data0_reg_reg[60]) that has an active asychronous set or reset. This may cause corruption of the memory contents and/or read values when the set/reset is asserted and is not analyzed by the default static timing analysis. It is suggested to eliminate the use of a set/reset to registers driving this RAMB pin or else use a synchronous reset in which the assertion of the reset is timed by default.
WARNING: [DRC REQP-1840] RAMB18 async control check: The RAMB18E1 core/soc/ccore/dmem/dcache/m_data/v_data_0_ram_single_0/ram_reg has an input control pin core/soc/ccore/dmem/dcache/m_data/v_data_0_ram_single_0/ram_reg/ADDRARDADDR[9] (net: core/soc/ccore/dmem/dcache/m_data/v_data_0_ram_single_0/ram_reg_0[5]) which is driven by a register (core/soc/ccore/ptwalk_ff_memory_req/empty_reg_reg) that has an active asychronous set or reset. This may cause corruption of the memory contents and/or read values when the set/reset is asserted and is not analyzed by the default static timing analysis. It is suggested to eliminate the use of a set/reset to registers driving this RAMB pin or else use a synchronous reset in which the assertion of the reset is timed by default.
INFO: [Vivado_Tcl 4-198] DRC finished with 0 Errors, 42 Warnings
INFO: [Vivado_Tcl 4-199] Please refer to the DRC report (report_drc) for more information.

Starting Placer Task
INFO: [Place 46-5] The placer was invoked with the 'ExtraTimingOpt' directive.
INFO: [Place 30-611] Multithreading enabled for place_design using a maximum of 8 CPUs

Phase 1 Placer Initialization

Phase 1.1 Placer Initialization Netlist Sorting
Netlist sorting complete. Time (s): cpu = 00:00:00.02 ; elapsed = 00:00:00.02 . Memory (MB): peak = 3902.090 ; gain = 0.000 ; free physical = 12074 ; free virtual = 57313
Phase 1.1 Placer Initialization Netlist Sorting | Checksum: a29f1070

Time (s): cpu = 00:00:00.03 ; elapsed = 00:00:00.06 . Memory (MB): peak = 3902.090 ; gain = 0.000 ; free physical = 12074 ; free virtual = 57313
Netlist sorting complete. Time (s): cpu = 00:00:00.02 ; elapsed = 00:00:00.02 . Memory (MB): peak = 3902.090 ; gain = 0.000 ; free physical = 12075 ; free virtual = 57314

Phase 1.2 IO Placement/ Clock Placement/ Build Placer Device
INFO: [Timing 38-35] Done setting XDC timing constraints.
Phase 1.2 IO Placement/ Clock Placement/ Build Placer Device | Checksum: 148ef3a47

Time (s): cpu = 00:00:15 ; elapsed = 00:00:08 . Memory (MB): peak = 3902.090 ; gain = 0.000 ; free physical = 11946 ; free virtual = 57189

Phase 1.3 Build Placer Netlist Model
Phase 1.3 Build Placer Netlist Model | Checksum: 111fbf5a4

Time (s): cpu = 00:00:48 ; elapsed = 00:00:23 . Memory (MB): peak = 3902.090 ; gain = 0.000 ; free physical = 11328 ; free virtual = 56571

Phase 1.4 Constrain Clocks/Macros
Phase 1.4 Constrain Clocks/Macros | Checksum: 111fbf5a4

Time (s): cpu = 00:00:48 ; elapsed = 00:00:23 . Memory (MB): peak = 3902.090 ; gain = 0.000 ; free physical = 11336 ; free virtual = 56579
Phase 1 Placer Initialization | Checksum: 111fbf5a4

Time (s): cpu = 00:00:48 ; elapsed = 00:00:24 . Memory (MB): peak = 3902.090 ; gain = 0.000 ; free physical = 11336 ; free virtual = 56579

Phase 2 Global Placement

Phase 2.1 Floorplanning
Phase 2.1 Floorplanning | Checksum: 169388f63

Time (s): cpu = 00:01:03 ; elapsed = 00:00:29 . Memory (MB): peak = 3902.090 ; gain = 0.000 ; free physical = 11595 ; free virtual = 56839

Phase 2.2 Physical Synthesis In Placer
INFO: [Physopt 32-65] No nets found for high-fanout optimization.
INFO: [Physopt 32-232] Optimized 0 net. Created 0 new instance.
INFO: [Physopt 32-775] End 1 Pass. Optimized 0 net or cell. Created 0 new cell, deleted 0 existing cell and moved 0 existing cell
INFO: [Physopt 32-456] No candidate cells for DSP register optimization found in the design.
INFO: [Physopt 32-775] End 2 Pass. Optimized 0 net or cell. Created 0 new cell, deleted 0 existing cell and moved 0 existing cell
INFO: [Physopt 32-677] No candidate cells for Shift Register optimization found in the design
INFO: [Physopt 32-775] End 1 Pass. Optimized 0 net or cell. Created 0 new cell, deleted 0 existing cell and moved 0 existing cell
INFO: [Physopt 32-526] No candidate cells for BRAM register optimization found in the design
INFO: [Physopt 32-775] End 1 Pass. Optimized 0 net or cell. Created 0 new cell, deleted 0 existing cell and moved 0 existing cell
INFO: [Physopt 32-949] No candidate nets found for HD net replication
INFO: [Physopt 32-775] End 1 Pass. Optimized 0 net or cell. Created 0 new cell, deleted 0 existing cell and moved 0 existing cell
Netlist sorting complete. Time (s): cpu = 00:00:00.02 ; elapsed = 00:00:00.01 . Memory (MB): peak = 3902.090 ; gain = 0.000 ; free physical = 11590 ; free virtual = 56835

Summary of Physical Synthesis Optimizations
============================================


----------------------------------------------------------------------------------------------------------------------------------------
|  Optimization                  |  Added Cells  |  Removed Cells  |  Optimized Cells/Nets  |  Dont Touch  |  Iterations  |  Elapsed   |
----------------------------------------------------------------------------------------------------------------------------------------
|  Very High Fanout              |            0  |              0  |                     0  |           0  |           1  |  00:00:01  |
|  DSP Register                  |            0  |              0  |                     0  |           0  |           1  |  00:00:00  |
|  Shift Register                |            0  |              0  |                     0  |           0  |           1  |  00:00:00  |
|  BRAM Register                 |            0  |              0  |                     0  |           0  |           1  |  00:00:00  |
|  HD Interface Net Replication  |            0  |              0  |                     0  |           0  |           1  |  00:00:00  |
|  Total                         |            0  |              0  |                     0  |           0  |           5  |  00:00:01  |
----------------------------------------------------------------------------------------------------------------------------------------


Phase 2.2 Physical Synthesis In Placer | Checksum: 2137f0bc0

Time (s): cpu = 00:03:16 ; elapsed = 00:01:52 . Memory (MB): peak = 3902.090 ; gain = 0.000 ; free physical = 11591 ; free virtual = 56836
Phase 2 Global Placement | Checksum: 20b18eb38

Time (s): cpu = 00:03:39 ; elapsed = 00:02:01 . Memory (MB): peak = 3902.090 ; gain = 0.000 ; free physical = 11632 ; free virtual = 56878

Phase 3 Detail Placement

Phase 3.1 Commit Multi Column Macros
Phase 3.1 Commit Multi Column Macros | Checksum: 20b18eb38

Time (s): cpu = 00:03:40 ; elapsed = 00:02:02 . Memory (MB): peak = 3902.090 ; gain = 0.000 ; free physical = 11633 ; free virtual = 56878

Phase 3.2 Commit Most Macros & LUTRAMs
Phase 3.2 Commit Most Macros & LUTRAMs | Checksum: 21f4c3dec

Time (s): cpu = 00:04:14 ; elapsed = 00:02:18 . Memory (MB): peak = 3902.090 ; gain = 0.000 ; free physical = 11607 ; free virtual = 56853

Phase 3.3 Area Swap Optimization
Phase 3.3 Area Swap Optimization | Checksum: 170a19ad5

Time (s): cpu = 00:04:16 ; elapsed = 00:02:19 . Memory (MB): peak = 3902.090 ; gain = 0.000 ; free physical = 11605 ; free virtual = 56851

Phase 3.4 Pipeline Register Optimization
Phase 3.4 Pipeline Register Optimization | Checksum: 19069ab4e

Time (s): cpu = 00:04:16 ; elapsed = 00:02:19 . Memory (MB): peak = 3902.090 ; gain = 0.000 ; free physical = 11605 ; free virtual = 56851

Phase 3.5 Fast Optimization
Phase 3.5 Fast Optimization | Checksum: 1bfe6ef51

Time (s): cpu = 00:04:45 ; elapsed = 00:02:31 . Memory (MB): peak = 3902.090 ; gain = 0.000 ; free physical = 11629 ; free virtual = 56875

Phase 3.6 Small Shape Detail Placement
Phase 3.6 Small Shape Detail Placement | Checksum: 118271e00

Time (s): cpu = 00:05:28 ; elapsed = 00:03:12 . Memory (MB): peak = 3902.090 ; gain = 0.000 ; free physical = 11487 ; free virtual = 56733

Phase 3.7 Re-assign LUT pins
Phase 3.7 Re-assign LUT pins | Checksum: bb4eb6ec

Time (s): cpu = 00:05:32 ; elapsed = 00:03:16 . Memory (MB): peak = 3902.090 ; gain = 0.000 ; free physical = 11493 ; free virtual = 56739

Phase 3.8 Pipeline Register Optimization
Phase 3.8 Pipeline Register Optimization | Checksum: 21be97979

Time (s): cpu = 00:05:33 ; elapsed = 00:03:17 . Memory (MB): peak = 3902.090 ; gain = 0.000 ; free physical = 11493 ; free virtual = 56739

Phase 3.9 Fast Optimization
Phase 3.9 Fast Optimization | Checksum: 1815c275e

Time (s): cpu = 00:06:09 ; elapsed = 00:03:32 . Memory (MB): peak = 3902.090 ; gain = 0.000 ; free physical = 11479 ; free virtual = 56726
Phase 3 Detail Placement | Checksum: 1815c275e

Time (s): cpu = 00:06:10 ; elapsed = 00:03:33 . Memory (MB): peak = 3902.090 ; gain = 0.000 ; free physical = 11479 ; free virtual = 56726

Phase 4 Post Placement Optimization and Clean-Up

Phase 4.1 Post Commit Optimization
INFO: [Timing 38-35] Done setting XDC timing constraints.

Phase 4.1.1 Post Placement Optimization
Post Placement Optimization Initialization | Checksum: 21fb2cbe4

Phase 4.1.1.1 BUFG Insertion
INFO: [Place 46-33] Processed net core/ndm_reset/p_0_in, BUFG insertion was skipped due to placement/routing conflicts.
INFO: [Place 46-46] BUFG insertion identified 1 candidate nets, 0 success, 0 bufg driver replicated, 1 skipped for placement/routing, 0 skipped for timing, 0 skipped for netlist change reason
Phase 4.1.1.1 BUFG Insertion | Checksum: 21fb2cbe4

Time (s): cpu = 00:06:49 ; elapsed = 00:03:45 . Memory (MB): peak = 3902.090 ; gain = 0.000 ; free physical = 11564 ; free virtual = 56811
INFO: [Place 30-746] Post Placement Timing Summary WNS=-0.751. For the most accurate timing information please run report_timing.
Phase 4.1.1 Post Placement Optimization | Checksum: 1c8defa01

Time (s): cpu = 00:08:00 ; elapsed = 00:04:34 . Memory (MB): peak = 3902.090 ; gain = 0.000 ; free physical = 11545 ; free virtual = 56792
Phase 4.1 Post Commit Optimization | Checksum: 1c8defa01

Time (s): cpu = 00:08:01 ; elapsed = 00:04:35 . Memory (MB): peak = 3902.090 ; gain = 0.000 ; free physical = 11545 ; free virtual = 56792
Post Placement Optimization Initialization | Checksum: 2253764b6
INFO: [Place 46-33] Processed net core/ndm_reset/p_0_in, BUFG insertion was skipped due to placement/routing conflicts.
INFO: [Place 46-46] BUFG insertion identified 1 candidate nets, 0 success, 0 bufg driver replicated, 1 skipped for placement/routing, 0 skipped for timing, 0 skipped for netlist change reason
INFO: [Place 30-746] Post Placement Timing Summary WNS=-0.751. For the most accurate timing information please run report_timing.

Phase 4.2 Post Placement Cleanup
Phase 4.2 Post Placement Cleanup | Checksum: 199e053b2

Time (s): cpu = 00:09:45 ; elapsed = 00:05:14 . Memory (MB): peak = 3902.090 ; gain = 0.000 ; free physical = 11565 ; free virtual = 56812

Phase 4.3 Placer Reporting
Phase 4.3 Placer Reporting | Checksum: 199e053b2

Time (s): cpu = 00:09:46 ; elapsed = 00:05:14 . Memory (MB): peak = 3902.090 ; gain = 0.000 ; free physical = 11564 ; free virtual = 56811

Phase 4.4 Final Placement Cleanup
Netlist sorting complete. Time (s): cpu = 00:00:00.01 ; elapsed = 00:00:00.01 . Memory (MB): peak = 3902.090 ; gain = 0.000 ; free physical = 11564 ; free virtual = 56811
Phase 4.4 Final Placement Cleanup | Checksum: 185ce3b71

Time (s): cpu = 00:09:47 ; elapsed = 00:05:15 . Memory (MB): peak = 3902.090 ; gain = 0.000 ; free physical = 11564 ; free virtual = 56811
Phase 4 Post Placement Optimization and Clean-Up | Checksum: 185ce3b71

Time (s): cpu = 00:09:47 ; elapsed = 00:05:16 . Memory (MB): peak = 3902.090 ; gain = 0.000 ; free physical = 11564 ; free virtual = 56811
Ending Placer Task | Checksum: 1583fb35b

Time (s): cpu = 00:09:47 ; elapsed = 00:05:16 . Memory (MB): peak = 3902.090 ; gain = 0.000 ; free physical = 11684 ; free virtual = 56931
INFO: [Common 17-83] Releasing license: Implementation
84 Infos, 42 Warnings, 0 Critical Warnings and 0 Errors encountered.
place_design completed successfully
place_design: Time (s): cpu = 00:09:54 ; elapsed = 00:05:20 . Memory (MB): peak = 3902.090 ; gain = 0.000 ; free physical = 11684 ; free virtual = 56931
Netlist sorting complete. Time (s): cpu = 00:00:00.02 ; elapsed = 00:00:00.02 . Memory (MB): peak = 3902.090 ; gain = 0.000 ; free physical = 11684 ; free virtual = 56931
INFO: [Timing 38-480] Writing timing data to binary archive.
Writing placer database...
Netlist sorting complete. Time (s): cpu = 00:00:00.05 ; elapsed = 00:00:00.01 . Memory (MB): peak = 3902.090 ; gain = 0.000 ; free physical = 11603 ; free virtual = 56891
Writing XDEF routing.
Writing XDEF routing logical nets.
Writing XDEF routing special nets.
Write XDEF Complete: Time (s): cpu = 00:00:16 ; elapsed = 00:00:07 . Memory (MB): peak = 3902.090 ; gain = 0.000 ; free physical = 11454 ; free virtual = 56866
INFO: [Common 17-1381] The checkpoint '/scratch1/iot/gc2025/hw/fpga_project/c-class/c-class.runs/core_impl_1/fpga_top_placed.dcp' has been generated.
write_checkpoint: Time (s): cpu = 00:00:27 ; elapsed = 00:00:25 . Memory (MB): peak = 3902.090 ; gain = 0.000 ; free physical = 11610 ; free virtual = 56894
INFO: [runtcl-4] Executing : report_io -file fpga_top_io_placed.rpt
report_io: Time (s): cpu = 00:00:00.09 ; elapsed = 00:00:00.19 . Memory (MB): peak = 3902.090 ; gain = 0.000 ; free physical = 11597 ; free virtual = 56881
INFO: [runtcl-4] Executing : report_utilization -file fpga_top_utilization_placed.rpt -pb fpga_top_utilization_placed.pb
INFO: [runtcl-4] Executing : report_control_sets -verbose -file fpga_top_control_sets_placed.rpt
report_control_sets: Time (s): cpu = 00:00:00.30 ; elapsed = 00:00:00.41 . Memory (MB): peak = 3902.090 ; gain = 0.000 ; free physical = 11607 ; free virtual = 56893
Command: phys_opt_design -directive Explore
Attempting to get a license for feature 'Implementation' and/or device 'xc7a200t'
INFO: [Common 17-349] Got license for feature 'Implementation' and/or device 'xc7a200t'
INFO: [Vivado_Tcl 4-137] Directive used for phys_opt_design is: Explore
Netlist sorting complete. Time (s): cpu = 00:00:00.01 ; elapsed = 00:00:00.02 . Memory (MB): peak = 3902.090 ; gain = 0.000 ; free physical = 11574 ; free virtual = 56860

Starting Physical Synthesis Task

Phase 1 Physical Synthesis Initialization
INFO: [Physopt 32-721] Multithreading enabled for phys_opt_design using a maximum of 8 CPUs
INFO: [Physopt 32-619] Estimated Timing Summary | WNS=-0.751 | TNS=-32.689 |
Phase 1 Physical Synthesis Initialization | Checksum: 1b053962a

Time (s): cpu = 00:00:37 ; elapsed = 00:00:07 . Memory (MB): peak = 3902.090 ; gain = 0.000 ; free physical = 11469 ; free virtual = 56755
INFO: [Physopt 32-619] Estimated Timing Summary | WNS=-0.751 | TNS=-32.689 |

Phase 2 Fanout Optimization
INFO: [Physopt 32-76] Pass 1. Identified 4 candidate nets for fanout optimization.
INFO: [Physopt 32-572] Net core/soc/mixed_cluster/fabric_xactors_to_slaves_10_f_wr_addr/E[0] was not replicated.
Resolution: phys_opt_design can be forced to replicate a net driver using the option -force_replication_on_nets <list of net objects>.
INFO: [Physopt 32-572] Net core/soc/mixed_cluster/fabric_xactors_to_slaves_10_f_rd_addr/empty_reg_reg_0 was not replicated.
Resolution: phys_opt_design can be forced to replicate a net driver using the option -force_replication_on_nets <list of net objects>.
INFO: [Physopt 32-572] Net core/soc/mixed_cluster/fabric_xactors_to_slaves_10_f_rd_addr/aresetn_reg was not replicated.
Resolution: phys_opt_design can be forced to replicate a net driver using the option -force_replication_on_nets <list of net objects>.
INFO: [Physopt 32-572] Net core/soc/fabric_xactors_to_slaves_6_f_rd_addr/raddr was not replicated.
Resolution: phys_opt_design can be forced to replicate a net driver using the option -force_replication_on_nets <list of net objects>.
INFO: [Physopt 32-232] Optimized 0 net. Created 0 new instance.
INFO: [Physopt 32-775] End 1 Pass. Optimized 0 net or cell. Created 0 new cell, deleted 0 existing cell and moved 0 existing cell
Netlist sorting complete. Time (s): cpu = 00:00:00.02 ; elapsed = 00:00:00.02 . Memory (MB): peak = 3902.090 ; gain = 0.000 ; free physical = 11490 ; free virtual = 56776
Phase 2 Fanout Optimization | Checksum: 1b053962a

Time (s): cpu = 00:00:42 ; elapsed = 00:00:09 . Memory (MB): peak = 3902.090 ; gain = 0.000 ; free physical = 11490 ; free virtual = 56776

Phase 3 Placement Based Optimization
INFO: [Physopt 32-660] Identified 119 candidate nets for placement-based optimization.
INFO: [Physopt 32-662] Processed net core/soc/mixed_cluster/fabric_xactors_to_slaves_10_f_wr_addr/E[0].  Did not re-place instance core/soc/mixed_cluster/fabric_xactors_to_slaves_10_f_wr_addr/size[31]_i_1
INFO: [Physopt 32-662] Processed net aresetn.  Did not re-place instance aresetn_reg
INFO: [Physopt 32-662] Processed net core/soc/mixed_cluster/fabric_xactors_to_slaves_10_f_wr_addr/size[31]_i_2_n_0.  Did not re-place instance core/soc/mixed_cluster/fabric_xactors_to_slaves_10_f_wr_addr/size[31]_i_2
INFO: [Physopt 32-662] Processed net core/soc/mixed_cluster/fabric_xactors_to_slaves_10_f_wr_addr/size[31]_i_5_n_0.  Did not re-place instance core/soc/mixed_cluster/fabric_xactors_to_slaves_10_f_wr_addr/size[31]_i_5
INFO: [Physopt 32-662] Processed net wrapper_inst/size_reg_n_0_[2].  Did not re-place instance wrapper_inst/size_reg[2]
INFO: [Physopt 32-662] Processed net wrapper_inst/size_reg_n_0_[30].  Did not re-place instance wrapper_inst/size_reg[30]
INFO: [Physopt 32-662] Processed net wrapper_inst/size_reg_n_0_[31].  Did not re-place instance wrapper_inst/size_reg[31]
INFO: [Physopt 32-662] Processed net wrapper_inst/size_reg_n_0_[3].  Did not re-place instance wrapper_inst/size_reg[3]
INFO: [Physopt 32-662] Processed net wrapper_inst/size_reg_n_0_[4].  Did not re-place instance wrapper_inst/size_reg[4]
INFO: [Physopt 32-662] Processed net wrapper_inst/size_reg_n_0_[5].  Did not re-place instance wrapper_inst/size_reg[5]
INFO: [Physopt 32-662] Processed net wrapper_inst/size_reg_n_0_[6].  Did not re-place instance wrapper_inst/size_reg[6]
INFO: [Physopt 32-662] Processed net wrapper_inst/size_reg_n_0_[7].  Did not re-place instance wrapper_inst/size_reg[7]
INFO: [Physopt 32-662] Processed net wrapper_inst/output_mem_reg_2_1_ENBWREN_cooolgate_en_sig_9.  Did not re-place instance wrapper_inst/output_mem_reg_2_1_ENBWREN_cooolgate_en_gate_15_LOPT_REMAP
INFO: [Physopt 32-662] Processed net wrapper_inst/size_reg_n_0_[0].  Did not re-place instance wrapper_inst/size_reg[0]
INFO: [Physopt 32-662] Processed net wrapper_inst/size_reg_n_0_[10].  Did not re-place instance wrapper_inst/size_reg[10]
INFO: [Physopt 32-662] Processed net wrapper_inst/size_reg_n_0_[11].  Did not re-place instance wrapper_inst/size_reg[11]
INFO: [Physopt 32-662] Processed net wrapper_inst/size_reg_n_0_[12].  Did not re-place instance wrapper_inst/size_reg[12]
INFO: [Physopt 32-662] Processed net wrapper_inst/size_reg_n_0_[13].  Did not re-place instance wrapper_inst/size_reg[13]
INFO: [Physopt 32-662] Processed net wrapper_inst/size_reg_n_0_[14].  Did not re-place instance wrapper_inst/size_reg[14]
INFO: [Physopt 32-662] Processed net wrapper_inst/size_reg_n_0_[15].  Did not re-place instance wrapper_inst/size_reg[15]
INFO: [Physopt 32-662] Processed net wrapper_inst/size_reg_n_0_[9].  Did not re-place instance wrapper_inst/size_reg[9]
INFO: [Physopt 32-662] Processed net wrapper_inst/size_reg_n_0_[16].  Did not re-place instance wrapper_inst/size_reg[16]
INFO: [Physopt 32-662] Processed net wrapper_inst/size_reg_n_0_[17].  Did not re-place instance wrapper_inst/size_reg[17]
INFO: [Physopt 32-662] Processed net wrapper_inst/size_reg_n_0_[18].  Did not re-place instance wrapper_inst/size_reg[18]
INFO: [Physopt 32-662] Processed net wrapper_inst/size_reg_n_0_[19].  Did not re-place instance wrapper_inst/size_reg[19]
INFO: [Physopt 32-662] Processed net wrapper_inst/size_reg_n_0_[1].  Did not re-place instance wrapper_inst/size_reg[1]
INFO: [Physopt 32-662] Processed net wrapper_inst/size_reg_n_0_[20].  Did not re-place instance wrapper_inst/size_reg[20]
INFO: [Physopt 32-662] Processed net wrapper_inst/size_reg_n_0_[21].  Did not re-place instance wrapper_inst/size_reg[21]
INFO: [Physopt 32-662] Processed net wrapper_inst/size_reg_n_0_[22].  Did not re-place instance wrapper_inst/size_reg[22]
INFO: [Physopt 32-662] Processed net wrapper_inst/size_reg_n_0_[23].  Did not re-place instance wrapper_inst/size_reg[23]
INFO: [Physopt 32-662] Processed net wrapper_inst/size_reg_n_0_[24].  Did not re-place instance wrapper_inst/size_reg[24]
INFO: [Physopt 32-662] Processed net wrapper_inst/size_reg_n_0_[25].  Did not re-place instance wrapper_inst/size_reg[25]
INFO: [Physopt 32-662] Processed net wrapper_inst/size_reg_n_0_[26].  Did not re-place instance wrapper_inst/size_reg[26]
INFO: [Physopt 32-662] Processed net wrapper_inst/size_reg_n_0_[27].  Did not re-place instance wrapper_inst/size_reg[27]
INFO: [Physopt 32-662] Processed net wrapper_inst/size_reg_n_0_[28].  Did not re-place instance wrapper_inst/size_reg[28]
INFO: [Physopt 32-662] Processed net wrapper_inst/size_reg_n_0_[29].  Did not re-place instance wrapper_inst/size_reg[29]
INFO: [Physopt 32-662] Processed net wrapper_inst/size_reg_n_0_[8].  Did not re-place instance wrapper_inst/size_reg[8]
INFO: [Physopt 32-662] Processed net wrapper_inst/output_mem_reg_1_0_ENBWREN_cooolgate_en_sig_4.  Did not re-place instance wrapper_inst/output_mem_reg_1_0_ENBWREN_cooolgate_en_gate_5_LOPT_REMAP
INFO: [Physopt 32-663] Processed net core/soc/fabric_xactors_to_slaves_6_f_wr_data/aresetn_reg_0.  Re-placed instance core/soc/fabric_xactors_to_slaves_6_f_wr_data/writing_i_1
INFO: [Physopt 32-663] Processed net wrapper_inst/writing.  Re-placed instance wrapper_inst/writing_reg
INFO: [Physopt 32-662] Processed net wrapper_inst/output_mem_reg_1_1_ENBWREN_cooolgate_en_sig_5.  Did not re-place instance wrapper_inst/output_mem_reg_1_1_ENBWREN_cooolgate_en_gate_7_LOPT_REMAP
INFO: [Physopt 32-662] Processed net wrapper_inst/output_mem_reg_2_2_ENBWREN_cooolgate_en_sig_10.  Did not re-place instance wrapper_inst/output_mem_reg_2_2_ENBWREN_cooolgate_en_gate_17_LOPT_REMAP
INFO: [Physopt 32-662] Processed net wrapper_inst/output_mem_reg_1_3_ENBWREN_cooolgate_en_sig_7.  Did not re-place instance wrapper_inst/output_mem_reg_1_3_ENBWREN_cooolgate_en_gate_11_LOPT_REMAP
INFO: [Physopt 32-662] Processed net wrapper_inst/output_mem_reg_3_3_ENBWREN_cooolgate_en_sig_15.  Did not re-place instance wrapper_inst/output_mem_reg_3_3_ENBWREN_cooolgate_en_gate_27_LOPT_REMAP
INFO: [Physopt 32-662] Processed net core/soc/mixed_cluster/fabric_xactors_to_slaves_10_f_rd_addr/empty_reg_reg_0.  Did not re-place instance core/soc/mixed_cluster/fabric_xactors_to_slaves_10_f_rd_addr/S_AXI_RDATA[31]_i_1
INFO: [Physopt 32-663] Processed net wrapper_inst/S_AXI_RDATA_reg[31]_0[18].  Re-placed instance wrapper_inst/S_AXI_RDATA_reg[18]
INFO: [Physopt 32-663] Processed net wrapper_inst/S_AXI_RDATA_reg[31]_0[22].  Re-placed instance wrapper_inst/S_AXI_RDATA_reg[22]
INFO: [Physopt 32-663] Processed net wrapper_inst/S_AXI_RDATA_reg[31]_0[23].  Re-placed instance wrapper_inst/S_AXI_RDATA_reg[23]
INFO: [Physopt 32-663] Processed net wrapper_inst/S_AXI_RDATA_reg[31]_0[5].  Re-placed instance wrapper_inst/S_AXI_RDATA_reg[5]
INFO: [Physopt 32-662] Processed net wrapper_inst/output_mem_reg_0_3_ENBWREN_cooolgate_en_sig_3.  Did not re-place instance wrapper_inst/output_mem_reg_0_3_ENBWREN_cooolgate_en_gate_3_LOPT_REMAP
INFO: [Physopt 32-663] Processed net wrapper_inst/S_AXI_RDATA_reg[31]_0[1].  Re-placed instance wrapper_inst/S_AXI_RDATA_reg[1]
INFO: [Physopt 32-663] Processed net wrapper_inst/S_AXI_RDATA_reg[31]_0[20].  Re-placed instance wrapper_inst/S_AXI_RDATA_reg[20]
INFO: [Physopt 32-663] Processed net wrapper_inst/S_AXI_RDATA_reg[31]_0[4].  Re-placed instance wrapper_inst/S_AXI_RDATA_reg[4]
INFO: [Physopt 32-662] Processed net wrapper_inst/output_mem_reg_3_1_ENBWREN_cooolgate_en_sig_13.  Did not re-place instance wrapper_inst/output_mem_reg_3_1_ENBWREN_cooolgate_en_gate_23_LOPT_REMAP
INFO: [Physopt 32-663] Processed net core/soc/mixed_cluster/fabric_xactors_to_slaves_10_f_rd_addr/aresetn_reg.  Re-placed instance core/soc/mixed_cluster/fabric_xactors_to_slaves_10_f_rd_addr/S_AXI_RDATA[31]_i_2
INFO: [Physopt 32-662] Processed net wrapper_inst/S_AXI_RDATA_reg[31]_0[14].  Did not re-place instance wrapper_inst/S_AXI_RDATA_reg[14]
INFO: [Physopt 32-662] Processed net wrapper_inst/S_AXI_RDATA_reg[31]_0[15].  Did not re-place instance wrapper_inst/S_AXI_RDATA_reg[15]
INFO: [Physopt 32-662] Processed net wrapper_inst/S_AXI_RDATA_reg[31]_0[29].  Did not re-place instance wrapper_inst/S_AXI_RDATA_reg[29]
INFO: [Physopt 32-662] Processed net wrapper_inst/S_AXI_RDATA_reg[31]_0[2].  Did not re-place instance wrapper_inst/S_AXI_RDATA_reg[2]
INFO: [Physopt 32-662] Processed net wrapper_inst/S_AXI_RDATA_reg[31]_0[30].  Did not re-place instance wrapper_inst/S_AXI_RDATA_reg[30]
INFO: [Physopt 32-662] Processed net wrapper_inst/output_mem_reg_3_2_ENBWREN_cooolgate_en_sig_14.  Did not re-place instance wrapper_inst/output_mem_reg_3_2_ENBWREN_cooolgate_en_gate_25_LOPT_REMAP
INFO: [Physopt 32-662] Processed net wrapper_inst/output_mem_reg_1_2_ENBWREN_cooolgate_en_sig_6.  Did not re-place instance wrapper_inst/output_mem_reg_1_2_ENBWREN_cooolgate_en_gate_9_LOPT_REMAP
INFO: [Physopt 32-663] Processed net wrapper_inst/S_AXI_RDATA_reg[31]_0[31].  Re-placed instance wrapper_inst/S_AXI_RDATA_reg[31]
INFO: [Physopt 32-663] Processed net wrapper_inst/S_AXI_RDATA_reg[31]_0[3].  Re-placed instance wrapper_inst/S_AXI_RDATA_reg[3]
INFO: [Physopt 32-663] Processed net wrapper_inst/S_AXI_RDATA_reg[31]_0[10].  Re-placed instance wrapper_inst/S_AXI_RDATA_reg[10]
INFO: [Physopt 32-663] Processed net wrapper_inst/S_AXI_RDATA_reg[31]_0[11].  Re-placed instance wrapper_inst/S_AXI_RDATA_reg[11]
INFO: [Physopt 32-663] Processed net wrapper_inst/S_AXI_RDATA_reg[31]_0[24].  Re-placed instance wrapper_inst/S_AXI_RDATA_reg[24]
INFO: [Physopt 32-663] Processed net wrapper_inst/S_AXI_RDATA_reg[31]_0[25].  Re-placed instance wrapper_inst/S_AXI_RDATA_reg[25]
INFO: [Physopt 32-663] Processed net wrapper_inst/S_AXI_RDATA_reg[31]_0[8].  Re-placed instance wrapper_inst/S_AXI_RDATA_reg[8]
INFO: [Physopt 32-663] Processed net wrapper_inst/S_AXI_RDATA_reg[31]_0[9].  Re-placed instance wrapper_inst/S_AXI_RDATA_reg[9]
INFO: [Physopt 32-662] Processed net wrapper_inst/output_mem_reg_2_0_ENBWREN_cooolgate_en_sig_8.  Did not re-place instance wrapper_inst/output_mem_reg_2_0_ENBWREN_cooolgate_en_gate_13_LOPT_REMAP
INFO: [Physopt 32-662] Processed net wrapper_inst/output_mem_reg_2_3_ENBWREN_cooolgate_en_sig_11.  Did not re-place instance wrapper_inst/output_mem_reg_2_3_ENBWREN_cooolgate_en_gate_19_LOPT_REMAP
INFO: [Physopt 32-662] Processed net wrapper_inst/output_mem_reg_3_0_ENBWREN_cooolgate_en_sig_12.  Did not re-place instance wrapper_inst/output_mem_reg_3_0_ENBWREN_cooolgate_en_gate_21_LOPT_REMAP
INFO: [Physopt 32-662] Processed net wrapper_inst/S_AXI_RDATA_reg[31]_0[21].  Did not re-place instance wrapper_inst/S_AXI_RDATA_reg[21]
INFO: [Physopt 32-662] Processed net wrapper_inst/S_AXI_RDATA_reg[31]_0[26].  Did not re-place instance wrapper_inst/S_AXI_RDATA_reg[26]
INFO: [Physopt 32-662] Processed net wrapper_inst/S_AXI_RDATA_reg[31]_0[27].  Did not re-place instance wrapper_inst/S_AXI_RDATA_reg[27]
INFO: [Physopt 32-662] Processed net wrapper_inst/S_AXI_RDATA_reg[31]_0[28].  Did not re-place instance wrapper_inst/S_AXI_RDATA_reg[28]
INFO: [Physopt 32-662] Processed net wrapper_inst/S_AXI_RDATA_reg[31]_0[6].  Did not re-place instance wrapper_inst/S_AXI_RDATA_reg[6]
INFO: [Physopt 32-662] Processed net wrapper_inst/S_AXI_RDATA_reg[31]_0[7].  Did not re-place instance wrapper_inst/S_AXI_RDATA_reg[7]
INFO: [Physopt 32-663] Processed net wrapper_inst/AWREADY_i_1_n_0.  Re-placed instance wrapper_inst/AWREADY_i_1
INFO: [Physopt 32-663] Processed net wrapper_inst/cnn_ctrl_awready.  Re-placed instance wrapper_inst/S_AXI_AWREADY_reg
INFO: [Physopt 32-663] Processed net wrapper_inst/cnn_arready.  Re-placed instance wrapper_inst/ARREADY_reg
INFO: [Physopt 32-663] Processed net core/soc/fabric_xactors_to_slaves_6_f_rd_addr/raddr.  Re-placed instance core/soc/fabric_xactors_to_slaves_6_f_rd_addr/raddr[1]_i_1
INFO: [Physopt 32-663] Processed net wrapper_inst/raddr_reg[13].  Re-placed instance wrapper_inst/raddr_reg[13]
INFO: [Physopt 32-663] Processed net wrapper_inst/raddr_reg[14].  Re-placed instance wrapper_inst/raddr_reg[14]
INFO: [Physopt 32-663] Processed net wrapper_inst/raddr_reg[15].  Re-placed instance wrapper_inst/raddr_reg[15]
INFO: [Physopt 32-662] Processed net wrapper_inst/S_AXI_RDATA_reg[31]_0[12].  Did not re-place instance wrapper_inst/S_AXI_RDATA_reg[12]
INFO: [Physopt 32-662] Processed net wrapper_inst/S_AXI_RDATA_reg[31]_0[13].  Did not re-place instance wrapper_inst/S_AXI_RDATA_reg[13]
INFO: [Physopt 32-662] Processed net wrapper_inst/S_AXI_RDATA_reg[31]_0[16].  Did not re-place instance wrapper_inst/S_AXI_RDATA_reg[16]
INFO: [Physopt 32-662] Processed net wrapper_inst/S_AXI_RDATA_reg[31]_0[17].  Did not re-place instance wrapper_inst/S_AXI_RDATA_reg[17]
INFO: [Physopt 32-662] Processed net wrapper_inst/S_AXI_RDATA_reg[31]_0[19].  Did not re-place instance wrapper_inst/S_AXI_RDATA_reg[19]
INFO: [Physopt 32-662] Processed net core/soc/mixed_cluster/fabric_xactors_to_slaves_10_f_wr_addr/data0_reg_reg[4].  Did not re-place instance core/soc/mixed_cluster/fabric_xactors_to_slaves_10_f_wr_addr/start_i_1
INFO: [Physopt 32-662] Processed net wrapper_inst/start.  Did not re-place instance wrapper_inst/start_reg
INFO: [Physopt 32-662] Processed net wrapper_inst/cnn_wready.  Did not re-place instance wrapper_inst/WREADY_reg
INFO: [Physopt 32-663] Processed net output_mem_reg_0_3_i_6_n_0.  Re-placed instance output_mem_reg_0_3_i_6
INFO: [Physopt 32-663] Processed net wrapper_inst/raddr_reg[2].  Re-placed instance wrapper_inst/raddr_reg[2]
INFO: [Physopt 32-663] Processed net wrapper_inst/raddr_reg[1].  Re-placed instance wrapper_inst/raddr_reg[1]
INFO: [Physopt 32-663] Processed net wrapper_inst/raddr_reg[3].  Re-placed instance wrapper_inst/raddr_reg[3]
INFO: [Physopt 32-663] Processed net wrapper_inst/raddr_reg[4].  Re-placed instance wrapper_inst/raddr_reg[4]
INFO: [Physopt 32-663] Processed net wrapper_inst/rlen_cnt[7]_i_1_n_0.  Re-placed instance wrapper_inst/rlen_cnt[7]_i_1
INFO: [Physopt 32-662] Processed net wrapper_inst/rlen_cnt_reg_n_0_[6].  Did not re-place instance wrapper_inst/rlen_cnt_reg[6]
INFO: [Physopt 32-662] Processed net wrapper_inst/rlen_cnt_reg_n_0_[7].  Did not re-place instance wrapper_inst/rlen_cnt_reg[7]
INFO: [Physopt 32-662] Processed net wrapper_inst/rlen_cnt_reg_n_0_[0].  Did not re-place instance wrapper_inst/rlen_cnt_reg[0]
INFO: [Physopt 32-662] Processed net wrapper_inst/rlen_cnt_reg_n_0_[1].  Did not re-place instance wrapper_inst/rlen_cnt_reg[1]
INFO: [Physopt 32-662] Processed net output_mem_reg_0_3_i_11_n_0.  Did not re-place instance output_mem_reg_0_3_i_11
INFO: [Physopt 32-662] Processed net output_mem_reg_0_3_i_13_n_0.  Did not re-place instance output_mem_reg_0_3_i_13
INFO: [Physopt 32-662] Processed net output_mem_reg_0_3_i_3_n_0.  Did not re-place instance output_mem_reg_0_3_i_3
INFO: [Physopt 32-663] Processed net wrapper_inst/raddr_reg[10].  Re-placed instance wrapper_inst/raddr_reg[10]
INFO: [Physopt 32-663] Processed net wrapper_inst/raddr_reg[11].  Re-placed instance wrapper_inst/raddr_reg[11]
INFO: [Physopt 32-663] Processed net wrapper_inst/raddr_reg[12].  Re-placed instance wrapper_inst/raddr_reg[12]
INFO: [Physopt 32-662] Processed net wrapper_inst/raddr_reg[5].  Did not re-place instance wrapper_inst/raddr_reg[5]
INFO: [Physopt 32-662] Processed net wrapper_inst/raddr_reg[6].  Did not re-place instance wrapper_inst/raddr_reg[6]
INFO: [Physopt 32-662] Processed net wrapper_inst/raddr_reg[7].  Did not re-place instance wrapper_inst/raddr_reg[7]
INFO: [Physopt 32-662] Processed net wrapper_inst/raddr_reg[8].  Did not re-place instance wrapper_inst/raddr_reg[8]
INFO: [Physopt 32-663] Processed net wrapper_inst/raddr_reg[9].  Re-placed instance wrapper_inst/raddr_reg[9]
INFO: [Physopt 32-663] Processed net wrapper_inst/cnn_rvalid.  Re-placed instance wrapper_inst/RVALID_reg
INFO: [Physopt 32-663] Processed net wrapper_inst/cnn_ctrl_arready.  Re-placed instance wrapper_inst/S_AXI_ARREADY_reg
INFO: [Physopt 32-663] Processed net wrapper_inst/chip_io_cnn_accel_AWREADY.  Re-placed instance wrapper_inst/AWREADY_reg
INFO: [Physopt 32-663] Processed net output_mem_reg_0_3_i_5_n_0.  Re-placed instance output_mem_reg_0_3_i_5
INFO: [Physopt 32-661] Optimized 39 nets.  Re-placed 39 instances.
INFO: [Physopt 32-775] End 1 Pass. Optimized 39 nets or cells. Created 0 new cell, deleted 0 existing cell and moved 39 existing cells
INFO: [Physopt 32-619] Estimated Timing Summary | WNS=-0.751 | TNS=-27.908 |
Netlist sorting complete. Time (s): cpu = 00:00:00.02 ; elapsed = 00:00:00.02 . Memory (MB): peak = 3902.090 ; gain = 0.000 ; free physical = 11504 ; free virtual = 56790
Phase 3 Placement Based Optimization | Checksum: 1a712e347

Time (s): cpu = 00:00:56 ; elapsed = 00:00:14 . Memory (MB): peak = 3902.090 ; gain = 0.000 ; free physical = 11507 ; free virtual = 56793

Phase 4 MultiInst Placement Optimization
INFO: [Physopt 32-660] Identified 93 candidate nets for placement-based optimization.
INFO: [Physopt 32-662] Processed net aresetn.  Did not re-place instance aresetn_reg/Q
INFO: [Physopt 32-662] Processed net core/soc/mixed_cluster/fabric_xactors_to_slaves_10_f_wr_addr/size[31]_i_2_n_0.  Did not re-place instance core/soc/mixed_cluster/fabric_xactors_to_slaves_10_f_wr_addr/size[31]_i_2/O
INFO: [Physopt 32-662] Processed net core/soc/mixed_cluster/fabric_xactors_to_slaves_10_f_wr_addr/size[31]_i_5_n_0.  Did not re-place instance core/soc/mixed_cluster/fabric_xactors_to_slaves_10_f_wr_addr/size[31]_i_5/O
INFO: [Physopt 32-662] Processed net wrapper_inst/size_reg_n_0_[0].  Did not re-place instance wrapper_inst/size_reg[0]/Q
INFO: [Physopt 32-663] Processed net core/soc/fabric_xactors_to_slaves_6_f_wr_data/aresetn_reg_0.  Re-placed instance core/soc/fabric_xactors_to_slaves_6_f_wr_data/writing_i_1/O
INFO: [Physopt 32-662] Processed net core/soc/mixed_cluster/fabric_xactors_to_slaves_10_f_wr_addr/data0_reg_reg[4].  Did not re-place instance core/soc/mixed_cluster/fabric_xactors_to_slaves_10_f_wr_addr/start_i_1/O
INFO: [Physopt 32-661] Optimized 1 net.  Re-placed 2 instances.
INFO: [Physopt 32-775] End 1 Pass. Optimized 1 net or cell. Created 0 new cell, deleted 0 existing cell and moved 2 existing cells
INFO: [Physopt 32-619] Estimated Timing Summary | WNS=-0.751 | TNS=-27.882 |
Netlist sorting complete. Time (s): cpu = 00:00:00.02 ; elapsed = 00:00:00.01 . Memory (MB): peak = 3902.090 ; gain = 0.000 ; free physical = 11512 ; free virtual = 56798
Phase 4 MultiInst Placement Optimization | Checksum: 2125026da

Time (s): cpu = 00:01:01 ; elapsed = 00:00:16 . Memory (MB): peak = 3902.090 ; gain = 0.000 ; free physical = 11512 ; free virtual = 56798

Phase 5 Rewire
INFO: [Physopt 32-246] Starting Signal Push optimization...
INFO: [Physopt 32-77] Pass 1. Identified 1 candidate net for rewire optimization.
INFO: [Physopt 32-134] Processed net core/soc/mixed_cluster/fabric_xactors_to_slaves_10_f_wr_addr/size[31]_i_5_n_0. Rewiring did not optimize the net.
INFO: [Physopt 32-232] Optimized 0 net. Created 0 new instance.
INFO: [Physopt 32-775] End 1 Pass. Optimized 0 net or cell. Created 0 new cell, deleted 0 existing cell and moved 0 existing cell
Netlist sorting complete. Time (s): cpu = 00:00:00.02 ; elapsed = 00:00:00.01 . Memory (MB): peak = 3902.090 ; gain = 0.000 ; free physical = 11512 ; free virtual = 56798
Netlist sorting complete. Time (s): cpu = 00:00:00.01 ; elapsed = 00:00:00.01 . Memory (MB): peak = 3902.090 ; gain = 0.000 ; free physical = 11512 ; free virtual = 56798
Phase 5 Rewire | Checksum: 1e1f26a4c

Time (s): cpu = 00:01:02 ; elapsed = 00:00:17 . Memory (MB): peak = 3902.090 ; gain = 0.000 ; free physical = 11512 ; free virtual = 56798

Phase 6 Critical Cell Optimization
INFO: [Physopt 32-46] Identified 2 candidate nets for critical-cell optimization.
INFO: [Physopt 32-81] Processed net aresetn. Replicated 11 times.
INFO: [Physopt 32-572] Net core/soc/mixed_cluster/fabric_xactors_to_slaves_10_f_wr_addr/size[31]_i_2_n_0 was not replicated.
Resolution: phys_opt_design can be forced to replicate a net driver using the option -force_replication_on_nets <list of net objects>.
INFO: [Physopt 32-232] Optimized 1 net. Created 11 new instances.
INFO: [Physopt 32-775] End 1 Pass. Optimized 1 net or cell. Created 11 new cells, deleted 0 existing cell and moved 0 existing cell
INFO: [Physopt 32-619] Estimated Timing Summary | WNS=-0.712 | TNS=-26.512 |
Netlist sorting complete. Time (s): cpu = 00:00:00.03 ; elapsed = 00:00:00.04 . Memory (MB): peak = 3902.090 ; gain = 0.000 ; free physical = 11521 ; free virtual = 56807
Phase 6 Critical Cell Optimization | Checksum: 1d0259677

Time (s): cpu = 00:01:07 ; elapsed = 00:00:20 . Memory (MB): peak = 3902.090 ; gain = 0.000 ; free physical = 11521 ; free virtual = 56807

Phase 7 Fanout Optimization
INFO: [Physopt 32-76] Pass 1. Identified 4 candidate nets for fanout optimization.
INFO: [Physopt 32-572] Net core/soc/mixed_cluster/fabric_xactors_to_slaves_10_f_wr_addr/E[0] was not replicated.
Resolution: phys_opt_design can be forced to replicate a net driver using the option -force_replication_on_nets <list of net objects>.
INFO: [Physopt 32-572] Net core/soc/mixed_cluster/fabric_xactors_to_slaves_10_f_rd_addr/empty_reg_reg_0 was not replicated.
Resolution: phys_opt_design can be forced to replicate a net driver using the option -force_replication_on_nets <list of net objects>.
INFO: [Physopt 32-572] Net core/soc/mixed_cluster/fabric_xactors_to_slaves_10_f_rd_addr/aresetn_reg was not replicated.
Resolution: phys_opt_design can be forced to replicate a net driver using the option -force_replication_on_nets <list of net objects>.
INFO: [Physopt 32-601] Processed net core/soc/fabric_xactors_to_slaves_6_f_rd_addr/raddr. Net driver core/soc/fabric_xactors_to_slaves_6_f_rd_addr/raddr[1]_i_1 was replaced.
INFO: [Physopt 32-232] Optimized 1 net. Created 0 new instance.
INFO: [Physopt 32-775] End 1 Pass. Optimized 1 net or cell. Created 0 new cell, deleted 0 existing cell and moved 0 existing cell
INFO: [Physopt 32-619] Estimated Timing Summary | WNS=-0.712 | TNS=-26.471 |
Netlist sorting complete. Time (s): cpu = 00:00:00.01 ; elapsed = 00:00:00.02 . Memory (MB): peak = 3902.090 ; gain = 0.000 ; free physical = 11523 ; free virtual = 56809
Phase 7 Fanout Optimization | Checksum: 221003999

Time (s): cpu = 00:01:09 ; elapsed = 00:00:21 . Memory (MB): peak = 3902.090 ; gain = 0.000 ; free physical = 11523 ; free virtual = 56809

Phase 8 Placement Based Optimization
INFO: [Physopt 32-660] Identified 145 candidate nets for placement-based optimization.
INFO: [Physopt 32-662] Processed net core/soc/mixed_cluster/fabric_xactors_to_slaves_10_f_wr_addr/E[0].  Did not re-place instance core/soc/mixed_cluster/fabric_xactors_to_slaves_10_f_wr_addr/size[31]_i_1
INFO: [Physopt 32-662] Processed net aresetn_repN.  Did not re-place instance aresetn_reg_replica
INFO: [Physopt 32-662] Processed net core/soc/mixed_cluster/fabric_xactors_to_slaves_10_f_wr_addr/size[31]_i_2_n_0.  Did not re-place instance core/soc/mixed_cluster/fabric_xactors_to_slaves_10_f_wr_addr/size[31]_i_2
INFO: [Physopt 32-662] Processed net core/soc/mixed_cluster/fabric_xactors_to_slaves_10_f_wr_addr/size[31]_i_5_n_0.  Did not re-place instance core/soc/mixed_cluster/fabric_xactors_to_slaves_10_f_wr_addr/size[31]_i_5
INFO: [Physopt 32-662] Processed net wrapper_inst/size_reg_n_0_[2].  Did not re-place instance wrapper_inst/size_reg[2]
INFO: [Physopt 32-662] Processed net wrapper_inst/size_reg_n_0_[30].  Did not re-place instance wrapper_inst/size_reg[30]
INFO: [Physopt 32-662] Processed net wrapper_inst/size_reg_n_0_[31].  Did not re-place instance wrapper_inst/size_reg[31]
INFO: [Physopt 32-662] Processed net wrapper_inst/size_reg_n_0_[3].  Did not re-place instance wrapper_inst/size_reg[3]
INFO: [Physopt 32-662] Processed net wrapper_inst/size_reg_n_0_[4].  Did not re-place instance wrapper_inst/size_reg[4]
INFO: [Physopt 32-662] Processed net wrapper_inst/size_reg_n_0_[5].  Did not re-place instance wrapper_inst/size_reg[5]
INFO: [Physopt 32-662] Processed net wrapper_inst/size_reg_n_0_[6].  Did not re-place instance wrapper_inst/size_reg[6]
INFO: [Physopt 32-662] Processed net wrapper_inst/size_reg_n_0_[7].  Did not re-place instance wrapper_inst/size_reg[7]
INFO: [Physopt 32-662] Processed net wrapper_inst/size_reg_n_0_[0].  Did not re-place instance wrapper_inst/size_reg[0]
INFO: [Physopt 32-662] Processed net wrapper_inst/size_reg_n_0_[10].  Did not re-place instance wrapper_inst/size_reg[10]
INFO: [Physopt 32-662] Processed net wrapper_inst/size_reg_n_0_[11].  Did not re-place instance wrapper_inst/size_reg[11]
INFO: [Physopt 32-662] Processed net wrapper_inst/size_reg_n_0_[12].  Did not re-place instance wrapper_inst/size_reg[12]
INFO: [Physopt 32-662] Processed net wrapper_inst/size_reg_n_0_[13].  Did not re-place instance wrapper_inst/size_reg[13]
INFO: [Physopt 32-662] Processed net wrapper_inst/size_reg_n_0_[14].  Did not re-place instance wrapper_inst/size_reg[14]
INFO: [Physopt 32-662] Processed net wrapper_inst/size_reg_n_0_[15].  Did not re-place instance wrapper_inst/size_reg[15]
INFO: [Physopt 32-662] Processed net wrapper_inst/size_reg_n_0_[9].  Did not re-place instance wrapper_inst/size_reg[9]
INFO: [Physopt 32-662] Processed net wrapper_inst/size_reg_n_0_[16].  Did not re-place instance wrapper_inst/size_reg[16]
INFO: [Physopt 32-662] Processed net wrapper_inst/size_reg_n_0_[17].  Did not re-place instance wrapper_inst/size_reg[17]
INFO: [Physopt 32-662] Processed net wrapper_inst/size_reg_n_0_[18].  Did not re-place instance wrapper_inst/size_reg[18]
INFO: [Physopt 32-662] Processed net wrapper_inst/size_reg_n_0_[19].  Did not re-place instance wrapper_inst/size_reg[19]
INFO: [Physopt 32-662] Processed net wrapper_inst/size_reg_n_0_[1].  Did not re-place instance wrapper_inst/size_reg[1]
INFO: [Physopt 32-662] Processed net wrapper_inst/size_reg_n_0_[20].  Did not re-place instance wrapper_inst/size_reg[20]
INFO: [Physopt 32-662] Processed net wrapper_inst/size_reg_n_0_[21].  Did not re-place instance wrapper_inst/size_reg[21]
INFO: [Physopt 32-662] Processed net wrapper_inst/size_reg_n_0_[22].  Did not re-place instance wrapper_inst/size_reg[22]
INFO: [Physopt 32-662] Processed net wrapper_inst/size_reg_n_0_[23].  Did not re-place instance wrapper_inst/size_reg[23]
INFO: [Physopt 32-662] Processed net wrapper_inst/size_reg_n_0_[24].  Did not re-place instance wrapper_inst/size_reg[24]
INFO: [Physopt 32-662] Processed net wrapper_inst/size_reg_n_0_[25].  Did not re-place instance wrapper_inst/size_reg[25]
INFO: [Physopt 32-662] Processed net wrapper_inst/size_reg_n_0_[26].  Did not re-place instance wrapper_inst/size_reg[26]
INFO: [Physopt 32-662] Processed net wrapper_inst/size_reg_n_0_[27].  Did not re-place instance wrapper_inst/size_reg[27]
INFO: [Physopt 32-662] Processed net wrapper_inst/size_reg_n_0_[28].  Did not re-place instance wrapper_inst/size_reg[28]
INFO: [Physopt 32-662] Processed net wrapper_inst/size_reg_n_0_[29].  Did not re-place instance wrapper_inst/size_reg[29]
INFO: [Physopt 32-662] Processed net wrapper_inst/size_reg_n_0_[8].  Did not re-place instance wrapper_inst/size_reg[8]
INFO: [Physopt 32-662] Processed net aresetn_repN_4.  Did not re-place instance aresetn_reg_replica_4
INFO: [Physopt 32-662] Processed net wrapper_inst/output_mem_reg_2_2_ENBWREN_cooolgate_en_sig_10.  Did not re-place instance wrapper_inst/output_mem_reg_2_2_ENBWREN_cooolgate_en_gate_17_LOPT_REMAP
INFO: [Physopt 32-662] Processed net core/soc/mixed_cluster/fabric_xactors_to_slaves_10_f_rd_addr/empty_reg_reg_0.  Did not re-place instance core/soc/mixed_cluster/fabric_xactors_to_slaves_10_f_rd_addr/S_AXI_RDATA[31]_i_1
INFO: [Physopt 32-663] Processed net wrapper_inst/S_AXI_RDATA_reg[31]_0[21].  Re-placed instance wrapper_inst/S_AXI_RDATA_reg[21]
INFO: [Physopt 32-663] Processed net wrapper_inst/S_AXI_RDATA_reg[31]_0[26].  Re-placed instance wrapper_inst/S_AXI_RDATA_reg[26]
INFO: [Physopt 32-663] Processed net wrapper_inst/S_AXI_RDATA_reg[31]_0[27].  Re-placed instance wrapper_inst/S_AXI_RDATA_reg[27]
INFO: [Physopt 32-663] Processed net wrapper_inst/S_AXI_RDATA_reg[31]_0[28].  Re-placed instance wrapper_inst/S_AXI_RDATA_reg[28]
INFO: [Physopt 32-662] Processed net wrapper_inst/S_AXI_RDATA_reg[31]_0[20].  Did not re-place instance wrapper_inst/S_AXI_RDATA_reg[20]
INFO: [Physopt 32-662] Processed net wrapper_inst/S_AXI_RDATA_reg[31]_0[4].  Did not re-place instance wrapper_inst/S_AXI_RDATA_reg[4]
INFO: [Physopt 32-662] Processed net wrapper_inst/S_AXI_RDATA_reg[31]_0[18].  Did not re-place instance wrapper_inst/S_AXI_RDATA_reg[18]
INFO: [Physopt 32-662] Processed net wrapper_inst/S_AXI_RDATA_reg[31]_0[1].  Did not re-place instance wrapper_inst/S_AXI_RDATA_reg[1]
INFO: [Physopt 32-662] Processed net wrapper_inst/S_AXI_RDATA_reg[31]_0[22].  Did not re-place instance wrapper_inst/S_AXI_RDATA_reg[22]
INFO: [Physopt 32-662] Processed net wrapper_inst/S_AXI_RDATA_reg[31]_0[23].  Did not re-place instance wrapper_inst/S_AXI_RDATA_reg[23]
INFO: [Physopt 32-662] Processed net wrapper_inst/S_AXI_RDATA_reg[31]_0[5].  Did not re-place instance wrapper_inst/S_AXI_RDATA_reg[5]
INFO: [Physopt 32-662] Processed net wrapper_inst/S_AXI_RDATA_reg[31]_0[6].  Did not re-place instance wrapper_inst/S_AXI_RDATA_reg[6]
INFO: [Physopt 32-662] Processed net wrapper_inst/S_AXI_RDATA_reg[31]_0[7].  Did not re-place instance wrapper_inst/S_AXI_RDATA_reg[7]
INFO: [Physopt 32-662] Processed net wrapper_inst/S_AXI_RDATA_reg[31]_0[10].  Did not re-place instance wrapper_inst/S_AXI_RDATA_reg[10]
INFO: [Physopt 32-662] Processed net wrapper_inst/S_AXI_RDATA_reg[31]_0[11].  Did not re-place instance wrapper_inst/S_AXI_RDATA_reg[11]
INFO: [Physopt 32-662] Processed net wrapper_inst/S_AXI_RDATA_reg[31]_0[24].  Did not re-place instance wrapper_inst/S_AXI_RDATA_reg[24]
INFO: [Physopt 32-662] Processed net wrapper_inst/S_AXI_RDATA_reg[31]_0[25].  Did not re-place instance wrapper_inst/S_AXI_RDATA_reg[25]
INFO: [Physopt 32-662] Processed net wrapper_inst/S_AXI_RDATA_reg[31]_0[31].  Did not re-place instance wrapper_inst/S_AXI_RDATA_reg[31]
INFO: [Physopt 32-662] Processed net wrapper_inst/S_AXI_RDATA_reg[31]_0[3].  Did not re-place instance wrapper_inst/S_AXI_RDATA_reg[3]
INFO: [Physopt 32-662] Processed net wrapper_inst/S_AXI_RDATA_reg[31]_0[8].  Did not re-place instance wrapper_inst/S_AXI_RDATA_reg[8]
INFO: [Physopt 32-662] Processed net wrapper_inst/S_AXI_RDATA_reg[31]_0[9].  Did not re-place instance wrapper_inst/S_AXI_RDATA_reg[9]
INFO: [Physopt 32-662] Processed net wrapper_inst/AWREADY_i_1_n_0.  Did not re-place instance wrapper_inst/AWREADY_i_1
INFO: [Physopt 32-662] Processed net wrapper_inst/cnn_rvalid.  Did not re-place instance wrapper_inst/RVALID_reg
INFO: [Physopt 32-662] Processed net wrapper_inst/cnn_ctrl_awready.  Did not re-place instance wrapper_inst/S_AXI_AWREADY_reg
INFO: [Physopt 32-662] Processed net wrapper_inst/cnn_arready.  Did not re-place instance wrapper_inst/ARREADY_reg
INFO: [Physopt 32-662] Processed net wrapper_inst/cnn_ctrl_arready.  Did not re-place instance wrapper_inst/S_AXI_ARREADY_reg
INFO: [Physopt 32-662] Processed net wrapper_inst/chip_io_cnn_accel_AWREADY.  Did not re-place instance wrapper_inst/AWREADY_reg
INFO: [Physopt 32-662] Processed net aresetn.  Did not re-place instance aresetn_reg
INFO: [Physopt 32-662] Processed net wrapper_inst/output_mem_reg_2_0_ENBWREN_cooolgate_en_sig_8.  Did not re-place instance wrapper_inst/output_mem_reg_2_0_ENBWREN_cooolgate_en_gate_13_LOPT_REMAP
INFO: [Physopt 32-662] Processed net wrapper_inst/cnn_wready.  Did not re-place instance wrapper_inst/WREADY_reg
INFO: [Physopt 32-662] Processed net wrapper_inst/S_AXI_RDATA_reg[31]_0[14].  Did not re-place instance wrapper_inst/S_AXI_RDATA_reg[14]
INFO: [Physopt 32-662] Processed net wrapper_inst/S_AXI_RDATA_reg[31]_0[15].  Did not re-place instance wrapper_inst/S_AXI_RDATA_reg[15]
INFO: [Physopt 32-662] Processed net wrapper_inst/S_AXI_RDATA_reg[31]_0[29].  Did not re-place instance wrapper_inst/S_AXI_RDATA_reg[29]
INFO: [Physopt 32-662] Processed net wrapper_inst/S_AXI_RDATA_reg[31]_0[2].  Did not re-place instance wrapper_inst/S_AXI_RDATA_reg[2]
INFO: [Physopt 32-662] Processed net wrapper_inst/S_AXI_RDATA_reg[31]_0[30].  Did not re-place instance wrapper_inst/S_AXI_RDATA_reg[30]
INFO: [Physopt 32-662] Processed net wrapper_inst/S_AXI_RDATA_reg[31]_0[12].  Did not re-place instance wrapper_inst/S_AXI_RDATA_reg[12]
INFO: [Physopt 32-662] Processed net wrapper_inst/S_AXI_RDATA_reg[31]_0[13].  Did not re-place instance wrapper_inst/S_AXI_RDATA_reg[13]
INFO: [Physopt 32-662] Processed net wrapper_inst/S_AXI_RDATA_reg[31]_0[16].  Did not re-place instance wrapper_inst/S_AXI_RDATA_reg[16]
INFO: [Physopt 32-662] Processed net wrapper_inst/S_AXI_RDATA_reg[31]_0[17].  Did not re-place instance wrapper_inst/S_AXI_RDATA_reg[17]
INFO: [Physopt 32-662] Processed net wrapper_inst/S_AXI_RDATA_reg[31]_0[19].  Did not re-place instance wrapper_inst/S_AXI_RDATA_reg[19]
INFO: [Physopt 32-662] Processed net wrapper_inst/output_mem_reg_3_0_ENBWREN_cooolgate_en_sig_12.  Did not re-place instance wrapper_inst/output_mem_reg_3_0_ENBWREN_cooolgate_en_gate_21_LOPT_REMAP
INFO: [Physopt 32-662] Processed net aresetn_repN_8.  Did not re-place instance aresetn_reg_replica_8
INFO: [Physopt 32-662] Processed net wrapper_inst/output_mem_reg_3_1_ENBWREN_cooolgate_en_sig_13.  Did not re-place instance wrapper_inst/output_mem_reg_3_1_ENBWREN_cooolgate_en_gate_23_LOPT_REMAP
INFO: [Physopt 32-662] Processed net wrapper_inst/output_mem_reg_2_3_ENBWREN_cooolgate_en_sig_11.  Did not re-place instance wrapper_inst/output_mem_reg_2_3_ENBWREN_cooolgate_en_gate_19_LOPT_REMAP
INFO: [Physopt 32-662] Processed net core/soc/mixed_cluster/fabric_xactors_to_slaves_10_f_rd_addr/aresetn_reg.  Did not re-place instance core/soc/mixed_cluster/fabric_xactors_to_slaves_10_f_rd_addr/S_AXI_RDATA[31]_i_2
INFO: [Physopt 32-662] Processed net core/soc/fabric_xactors_to_slaves_6_f_rd_addr/raddr.  Did not re-place instance core/soc/fabric_xactors_to_slaves_6_f_rd_addr/raddr[1]_i_1
INFO: [Physopt 32-663] Processed net wrapper_inst/raddr_reg[2].  Re-placed instance wrapper_inst/raddr_reg[2]
INFO: [Physopt 32-663] Processed net wrapper_inst/raddr_reg[1].  Re-placed instance wrapper_inst/raddr_reg[1]
INFO: [Physopt 32-663] Processed net wrapper_inst/raddr_reg[3].  Re-placed instance wrapper_inst/raddr_reg[3]
INFO: [Physopt 32-663] Processed net wrapper_inst/raddr_reg[4].  Re-placed instance wrapper_inst/raddr_reg[4]
INFO: [Physopt 32-663] Processed net wrapper_inst/raddr_reg[5].  Re-placed instance wrapper_inst/raddr_reg[5]
INFO: [Physopt 32-663] Processed net wrapper_inst/raddr_reg[6].  Re-placed instance wrapper_inst/raddr_reg[6]
INFO: [Physopt 32-663] Processed net wrapper_inst/raddr_reg[7].  Re-placed instance wrapper_inst/raddr_reg[7]
INFO: [Physopt 32-663] Processed net wrapper_inst/raddr_reg[8].  Re-placed instance wrapper_inst/raddr_reg[8]
INFO: [Physopt 32-662] Processed net aresetn_repN_9.  Did not re-place instance aresetn_reg_replica_9
INFO: [Physopt 32-662] Processed net wrapper_inst/output_mem_reg_3_2_ENBWREN_cooolgate_en_sig_14.  Did not re-place instance wrapper_inst/output_mem_reg_3_2_ENBWREN_cooolgate_en_gate_25_LOPT_REMAP
INFO: [Physopt 32-662] Processed net core/soc/mixed_cluster/fabric_xactors_to_slaves_10_f_wr_addr/data0_reg_reg[4].  Did not re-place instance core/soc/mixed_cluster/fabric_xactors_to_slaves_10_f_wr_addr/start_i_1
INFO: [Physopt 32-662] Processed net wrapper_inst/start.  Did not re-place instance wrapper_inst/start_reg
INFO: [Physopt 32-663] Processed net output_mem_reg_0_3_i_5_n_0.  Re-placed instance output_mem_reg_0_3_i_5
INFO: [Physopt 32-663] Processed net wrapper_inst/raddr_reg[11].  Re-placed instance wrapper_inst/raddr_reg[11]
INFO: [Physopt 32-663] Processed net wrapper_inst/raddr_reg[12].  Re-placed instance wrapper_inst/raddr_reg[12]
INFO: [Physopt 32-663] Processed net wrapper_inst/raddr_reg[9].  Re-placed instance wrapper_inst/raddr_reg[9]
INFO: [Physopt 32-663] Processed net output_mem_reg_0_3_i_12_n_0.  Re-placed instance output_mem_reg_0_3_i_12
INFO: [Physopt 32-663] Processed net output_mem_reg_0_3_i_14_n_0.  Re-placed instance output_mem_reg_0_3_i_14
INFO: [Physopt 32-663] Processed net output_mem_reg_0_3_i_15_n_0.  Re-placed instance output_mem_reg_0_3_i_15
INFO: [Physopt 32-663] Processed net output_mem_reg_0_3_i_2_n_0.  Re-placed instance output_mem_reg_0_3_i_2
INFO: [Physopt 32-663] Processed net output_mem_reg_0_3_i_8_n_0.  Re-placed instance output_mem_reg_0_3_i_8
INFO: [Physopt 32-663] Processed net output_mem_reg_0_3_i_9_n_0.  Re-placed instance output_mem_reg_0_3_i_9
INFO: [Physopt 32-662] Processed net aresetn_repN_7.  Did not re-place instance aresetn_reg_replica_7
INFO: [Physopt 32-662] Processed net wrapper_inst/output_mem_reg_0_3_ENBWREN_cooolgate_en_sig_3.  Did not re-place instance wrapper_inst/output_mem_reg_0_3_ENBWREN_cooolgate_en_gate_3_LOPT_REMAP
INFO: [Physopt 32-662] Processed net aresetn_repN_1.  Did not re-place instance aresetn_reg_replica_1
INFO: [Physopt 32-662] Processed net wrapper_inst/output_mem_reg_2_1_ENBWREN_cooolgate_en_sig_9.  Did not re-place instance wrapper_inst/output_mem_reg_2_1_ENBWREN_cooolgate_en_gate_15_LOPT_REMAP
INFO: [Physopt 32-663] Processed net core/soc/fabric_xactors_to_slaves_6_f_wr_data/aresetn_reg_0.  Re-placed instance core/soc/fabric_xactors_to_slaves_6_f_wr_data/writing_i_1
INFO: [Physopt 32-662] Processed net wrapper_inst/writing.  Did not re-place instance wrapper_inst/writing_reg
INFO: [Physopt 32-663] Processed net core/soc/ccore/riscv/ff_pipe1/D_OUT[31]_i_8_n_0.  Re-placed instance core/soc/ccore/riscv/ff_pipe1/D_OUT[31]_i_8
INFO: [Physopt 32-663] Processed net core/soc/mixed_cluster/plic/D_OUT[45]_i_182_n_0.  Re-placed instance core/soc/mixed_cluster/plic/D_OUT[45]_i_182
INFO: [Physopt 32-662] Processed net core/soc/ccore/riscv/stage5/csr/D_OUT[45]_i_10_n_0.  Did not re-place instance core/soc/ccore/riscv/stage5/csr/D_OUT[45]_i_10
INFO: [Physopt 32-663] Processed net core/soc/ccore/riscv/stage5/csr/D_OUT[46]_i_9_n_0.  Re-placed instance core/soc/ccore/riscv/stage5/csr/D_OUT[46]_i_9
INFO: [Physopt 32-663] Processed net core/soc/mixed_cluster/plic/D_OUT[45]_i_36_n_0.  Re-placed instance core/soc/mixed_cluster/plic/D_OUT[45]_i_36
INFO: [Physopt 32-663] Processed net core/soc/ccore/riscv/stage5/csr/grp1_rg_mip_vstip_warl_reg_0.  Re-placed instance core/soc/ccore/riscv/stage5/csr/D_OUT[46]_i_10
INFO: [Physopt 32-662] Processed net core/soc/mixed_cluster/plic/plic_v_target_ie_1_14.  Did not re-place instance core/soc/mixed_cluster/plic/plic_v_target_ie_1_14_reg
INFO: [Physopt 32-663] Processed net core/soc/mixed_cluster/plic/D_OUT[45]_i_183_n_0.  Re-placed instance core/soc/mixed_cluster/plic/D_OUT[45]_i_183
INFO: [Physopt 32-663] Processed net core/soc/ccore/riscv/stage5/csr/D_OUT[47]_i_2__0_n_0.  Re-placed instance core/soc/ccore/riscv/stage5/csr/D_OUT[47]_i_2__0
INFO: [Physopt 32-663] Processed net core/soc/mixed_cluster/plic/D_OUT[45]_i_136_n_0.  Re-placed instance core/soc/mixed_cluster/plic/D_OUT[45]_i_136
INFO: [Physopt 32-663] Processed net core/soc/mixed_cluster/plic/D_OUT[45]_i_24_n_0.  Re-placed instance core/soc/mixed_cluster/plic/D_OUT[45]_i_24
INFO: [Physopt 32-663] Processed net core/soc/mixed_cluster/plic/D_OUT[45]_i_64_n_0.  Re-placed instance core/soc/mixed_cluster/plic/D_OUT[45]_i_64
INFO: [Physopt 32-662] Processed net core/soc/mixed_cluster/plic/x__h162176[0].  Did not re-place instance core/soc/mixed_cluster/plic/D_OUT[45]_i_22
INFO: [Physopt 32-662] Processed net core/soc/mixed_cluster/plic/y__h162188[2].  Did not re-place instance core/soc/mixed_cluster/plic/D_OUT[45]_i_55
INFO: [Physopt 32-662] Processed net core/soc/mixed_cluster/plic/y__h162819[1].  Did not re-place instance core/soc/mixed_cluster/plic/D_OUT[45]_i_98
INFO: [Physopt 32-662] Processed net core/soc/mixed_cluster/plic/y__h163134[0].  Did not re-place instance core/soc/mixed_cluster/plic/D_OUT[45]_i_135
INFO: [Physopt 32-663] Processed net core/soc/ccore/riscv/stage5/csr/rg_debug_mode_reg_4.  Re-placed instance core/soc/ccore/riscv/stage5/csr/D_OUT[46]_i_4
INFO: [Physopt 32-663] Processed net core/soc/ccore/riscv/stage5/csr/stage2_common_ma_csrs_csr[116].  Re-placed instance core/soc/ccore/riscv/stage5/csr/D_OUT[45]_i_16
INFO: [Physopt 32-663] Processed net core/soc/mixed_cluster/plic/sb_ext_interrupt[1].  Re-placed instance core/soc/mixed_cluster/plic/D_OUT[45]_i_17
INFO: [Physopt 32-663] Processed net core/soc/ccore/riscv/ff_pipe1/D_OUT[31]_i_13_n_0.  Re-placed instance core/soc/ccore/riscv/ff_pipe1/D_OUT[31]_i_13
INFO: [Physopt 32-663] Processed net core/soc/ccore/riscv/ff_pipe1/data0_reg_reg[73]_0[29].  Re-placed instance core/soc/ccore/riscv/ff_pipe1/D_OUT[29]_i_1__2
INFO: [Physopt 32-663] Processed net core/soc/ccore/riscv/stage5/csr/rg_debug_mode_reg_7.  Re-placed instance core/soc/ccore/riscv/stage5/csr/D_OUT[31]_i_17
INFO: [Physopt 32-662] Processed net core/soc/mixed_cluster/plic/D_OUT[45]_i_184_n_0.  Did not re-place instance core/soc/mixed_cluster/plic/D_OUT[45]_i_184
INFO: [Physopt 32-662] Processed net core/soc/mixed_cluster/plic/D_OUT[45]_i_200_n_0.  Did not re-place instance core/soc/mixed_cluster/plic/D_OUT[45]_i_200
INFO: [Physopt 32-662] Processed net core/soc/mixed_cluster/plic/max_prio__h159594[0].  Did not re-place instance core/soc/mixed_cluster/plic/D_OUT[45]_i_18
INFO: [Physopt 32-662] Processed net core/soc/ccore/riscv/pipe_s2s3_notEmpty_ff_mtval/Q[29].  Did not re-place instance core/soc/ccore/riscv/pipe_s2s3_notEmpty_ff_mtval/D_OUT_reg[29]
INFO: [Physopt 32-663] Processed net wrapper_inst/rlen_cnt[7]_i_1_n_0.  Re-placed instance wrapper_inst/rlen_cnt[7]_i_1
INFO: [Physopt 32-662] Processed net wrapper_inst/rlen_cnt_reg_n_0_[3].  Did not re-place instance wrapper_inst/rlen_cnt_reg[3]
INFO: [Physopt 32-662] Processed net wrapper_inst/rlen_cnt_reg_n_0_[4].  Did not re-place instance wrapper_inst/rlen_cnt_reg[4]
INFO: [Physopt 32-662] Processed net wrapper_inst/rlen_cnt_reg_n_0_[5].  Did not re-place instance wrapper_inst/rlen_cnt_reg[5]
INFO: [Physopt 32-662] Processed net wrapper_inst/rlen_cnt_reg_n_0_[2].  Did not re-place instance wrapper_inst/rlen_cnt_reg[2]
INFO: [Physopt 32-662] Processed net wrapper_inst/raddr_reg[10].  Did not re-place instance wrapper_inst/raddr_reg[10]
INFO: [Physopt 32-661] Optimized 40 nets.  Re-placed 40 instances.
INFO: [Physopt 32-775] End 1 Pass. Optimized 40 nets or cells. Created 0 new cell, deleted 0 existing cell and moved 40 existing cells
INFO: [Physopt 32-619] Estimated Timing Summary | WNS=-0.712 | TNS=-26.297 |
Netlist sorting complete. Time (s): cpu = 00:00:00.01 ; elapsed = 00:00:00.01 . Memory (MB): peak = 3902.090 ; gain = 0.000 ; free physical = 11514 ; free virtual = 56800
Phase 8 Placement Based Optimization | Checksum: 1ccfda5d7

Time (s): cpu = 00:01:24 ; elapsed = 00:00:27 . Memory (MB): peak = 3902.090 ; gain = 0.000 ; free physical = 11514 ; free virtual = 56800

Phase 9 MultiInst Placement Optimization
INFO: [Physopt 32-660] Identified 100 candidate nets for placement-based optimization.
INFO: [Physopt 32-662] Processed net aresetn_repN.  Did not re-place instance aresetn_reg_replica/Q
INFO: [Physopt 32-662] Processed net core/soc/mixed_cluster/fabric_xactors_to_slaves_10_f_wr_addr/size[31]_i_2_n_0.  Did not re-place instance core/soc/mixed_cluster/fabric_xactors_to_slaves_10_f_wr_addr/size[31]_i_2/O
INFO: [Physopt 32-662] Processed net core/soc/mixed_cluster/fabric_xactors_to_slaves_10_f_wr_addr/size[31]_i_5_n_0.  Did not re-place instance core/soc/mixed_cluster/fabric_xactors_to_slaves_10_f_wr_addr/size[31]_i_5/O
INFO: [Physopt 32-662] Processed net wrapper_inst/size_reg_n_0_[0].  Did not re-place instance wrapper_inst/size_reg[0]/Q
INFO: [Physopt 32-662] Processed net aresetn_repN_4.  Did not re-place instance aresetn_reg_replica_4/Q
INFO: [Physopt 32-662] Processed net wrapper_inst/AWREADY_i_1_n_0.  Did not re-place instance wrapper_inst/AWREADY_i_1/O
INFO: [Physopt 32-662] Processed net aresetn.  Did not re-place instance aresetn_reg/Q
INFO: [Physopt 32-662] Processed net aresetn_repN_8.  Did not re-place instance aresetn_reg_replica_8/Q
INFO: [Physopt 32-663] Processed net core/soc/mixed_cluster/fabric_xactors_to_slaves_10_f_rd_addr/aresetn_reg.  Re-placed instance core/soc/mixed_cluster/fabric_xactors_to_slaves_10_f_rd_addr/S_AXI_RDATA[31]_i_2/O
INFO: [Physopt 32-661] Optimized 1 net.  Re-placed 2 instances.
INFO: [Physopt 32-775] End 1 Pass. Optimized 1 net or cell. Created 0 new cell, deleted 0 existing cell and moved 2 existing cells
INFO: [Physopt 32-619] Estimated Timing Summary | WNS=-0.712 | TNS=-26.226 |
Netlist sorting complete. Time (s): cpu = 00:00:00.01 ; elapsed = 00:00:00.02 . Memory (MB): peak = 3902.090 ; gain = 0.000 ; free physical = 11514 ; free virtual = 56801
Phase 9 MultiInst Placement Optimization | Checksum: 1e742a62d

Time (s): cpu = 00:01:30 ; elapsed = 00:00:29 . Memory (MB): peak = 3902.090 ; gain = 0.000 ; free physical = 11514 ; free virtual = 56801

Phase 10 Rewire
INFO: [Physopt 32-246] Starting Signal Push optimization...
INFO: [Physopt 32-77] Pass 1. Identified 1 candidate net for rewire optimization.
INFO: [Physopt 32-134] Processed net core/soc/mixed_cluster/fabric_xactors_to_slaves_10_f_wr_addr/size[31]_i_5_n_0. Rewiring did not optimize the net.
INFO: [Physopt 32-232] Optimized 0 net. Created 0 new instance.
INFO: [Physopt 32-775] End 1 Pass. Optimized 0 net or cell. Created 0 new cell, deleted 0 existing cell and moved 0 existing cell
Netlist sorting complete. Time (s): cpu = 00:00:00.01 ; elapsed = 00:00:00.01 . Memory (MB): peak = 3902.090 ; gain = 0.000 ; free physical = 11514 ; free virtual = 56801
Netlist sorting complete. Time (s): cpu = 00:00:00.01 ; elapsed = 00:00:00.01 . Memory (MB): peak = 3902.090 ; gain = 0.000 ; free physical = 11514 ; free virtual = 56801
Phase 10 Rewire | Checksum: 17aeff14a

Time (s): cpu = 00:01:30 ; elapsed = 00:00:30 . Memory (MB): peak = 3902.090 ; gain = 0.000 ; free physical = 11514 ; free virtual = 56801

Phase 11 Critical Cell Optimization
INFO: [Physopt 32-46] Identified 2 candidate nets for critical-cell optimization.
INFO: [Physopt 32-572] Net aresetn_repN was not replicated.
Resolution: phys_opt_design can be forced to replicate a net driver using the option -force_replication_on_nets <list of net objects>.
INFO: [Physopt 32-572] Net aresetn_repN_4 was not replicated.
Resolution: phys_opt_design can be forced to replicate a net driver using the option -force_replication_on_nets <list of net objects>.
INFO: [Physopt 32-232] Optimized 0 net. Created 0 new instance.
INFO: [Physopt 32-775] End 1 Pass. Optimized 0 net or cell. Created 0 new cell, deleted 0 existing cell and moved 0 existing cell
Netlist sorting complete. Time (s): cpu = 00:00:00.01 ; elapsed = 00:00:00.02 . Memory (MB): peak = 3902.090 ; gain = 0.000 ; free physical = 11514 ; free virtual = 56801
Phase 11 Critical Cell Optimization | Checksum: 1f01b9d57

Time (s): cpu = 00:01:31 ; elapsed = 00:00:30 . Memory (MB): peak = 3902.090 ; gain = 0.000 ; free physical = 11514 ; free virtual = 56801

Phase 12 Slr Crossing Optimization
Phase 12 Slr Crossing Optimization | Checksum: 1f01b9d57

Time (s): cpu = 00:01:31 ; elapsed = 00:00:31 . Memory (MB): peak = 3902.090 ; gain = 0.000 ; free physical = 11514 ; free virtual = 56801

Phase 13 Fanout Optimization
INFO: [Physopt 32-76] Pass 1. Identified 3 candidate nets for fanout optimization.
INFO: [Physopt 32-572] Net core/soc/mixed_cluster/fabric_xactors_to_slaves_10_f_rd_addr/empty_reg_reg_0 was not replicated.
Resolution: phys_opt_design can be forced to replicate a net driver using the option -force_replication_on_nets <list of net objects>.
INFO: [Physopt 32-572] Net core/soc/mixed_cluster/fabric_xactors_to_slaves_10_f_rd_addr/aresetn_reg was not replicated.
Resolution: phys_opt_design can be forced to replicate a net driver using the option -force_replication_on_nets <list of net objects>.
INFO: [Physopt 32-572] Net core/soc/fabric_xactors_to_slaves_6_f_rd_addr/raddr was not replicated.
Resolution: phys_opt_design can be forced to replicate a net driver using the option -force_replication_on_nets <list of net objects>.
INFO: [Physopt 32-232] Optimized 0 net. Created 0 new instance.
INFO: [Physopt 32-775] End 1 Pass. Optimized 0 net or cell. Created 0 new cell, deleted 0 existing cell and moved 0 existing cell
Netlist sorting complete. Time (s): cpu = 00:00:00.02 ; elapsed = 00:00:00.02 . Memory (MB): peak = 3902.090 ; gain = 0.000 ; free physical = 11514 ; free virtual = 56801
Phase 13 Fanout Optimization | Checksum: 24839dac7

Time (s): cpu = 00:01:33 ; elapsed = 00:00:32 . Memory (MB): peak = 3902.090 ; gain = 0.000 ; free physical = 11514 ; free virtual = 56801

Phase 14 Placement Based Optimization
INFO: [Physopt 32-660] Identified 107 candidate nets for placement-based optimization.
INFO: [Physopt 32-662] Processed net core/soc/mixed_cluster/fabric_xactors_to_slaves_10_f_wr_addr/E[0].  Did not re-place instance core/soc/mixed_cluster/fabric_xactors_to_slaves_10_f_wr_addr/size[31]_i_1
INFO: [Physopt 32-662] Processed net aresetn_repN.  Did not re-place instance aresetn_reg_replica
INFO: [Physopt 32-662] Processed net core/soc/mixed_cluster/fabric_xactors_to_slaves_10_f_wr_addr/size[31]_i_2_n_0.  Did not re-place instance core/soc/mixed_cluster/fabric_xactors_to_slaves_10_f_wr_addr/size[31]_i_2
INFO: [Physopt 32-662] Processed net core/soc/mixed_cluster/fabric_xactors_to_slaves_10_f_wr_addr/size[31]_i_5_n_0.  Did not re-place instance core/soc/mixed_cluster/fabric_xactors_to_slaves_10_f_wr_addr/size[31]_i_5
INFO: [Physopt 32-662] Processed net wrapper_inst/size_reg_n_0_[2].  Did not re-place instance wrapper_inst/size_reg[2]
INFO: [Physopt 32-662] Processed net wrapper_inst/size_reg_n_0_[30].  Did not re-place instance wrapper_inst/size_reg[30]
INFO: [Physopt 32-662] Processed net wrapper_inst/size_reg_n_0_[31].  Did not re-place instance wrapper_inst/size_reg[31]
INFO: [Physopt 32-662] Processed net wrapper_inst/size_reg_n_0_[3].  Did not re-place instance wrapper_inst/size_reg[3]
INFO: [Physopt 32-662] Processed net wrapper_inst/size_reg_n_0_[4].  Did not re-place instance wrapper_inst/size_reg[4]
INFO: [Physopt 32-662] Processed net wrapper_inst/size_reg_n_0_[5].  Did not re-place instance wrapper_inst/size_reg[5]
INFO: [Physopt 32-662] Processed net wrapper_inst/size_reg_n_0_[6].  Did not re-place instance wrapper_inst/size_reg[6]
INFO: [Physopt 32-662] Processed net wrapper_inst/size_reg_n_0_[7].  Did not re-place instance wrapper_inst/size_reg[7]
INFO: [Physopt 32-662] Processed net wrapper_inst/size_reg_n_0_[0].  Did not re-place instance wrapper_inst/size_reg[0]
INFO: [Physopt 32-662] Processed net wrapper_inst/size_reg_n_0_[10].  Did not re-place instance wrapper_inst/size_reg[10]
INFO: [Physopt 32-662] Processed net wrapper_inst/size_reg_n_0_[11].  Did not re-place instance wrapper_inst/size_reg[11]
INFO: [Physopt 32-662] Processed net wrapper_inst/size_reg_n_0_[12].  Did not re-place instance wrapper_inst/size_reg[12]
INFO: [Physopt 32-662] Processed net wrapper_inst/size_reg_n_0_[13].  Did not re-place instance wrapper_inst/size_reg[13]
INFO: [Physopt 32-662] Processed net wrapper_inst/size_reg_n_0_[14].  Did not re-place instance wrapper_inst/size_reg[14]
INFO: [Physopt 32-662] Processed net wrapper_inst/size_reg_n_0_[15].  Did not re-place instance wrapper_inst/size_reg[15]
INFO: [Physopt 32-662] Processed net wrapper_inst/size_reg_n_0_[9].  Did not re-place instance wrapper_inst/size_reg[9]
INFO: [Physopt 32-662] Processed net wrapper_inst/size_reg_n_0_[16].  Did not re-place instance wrapper_inst/size_reg[16]
INFO: [Physopt 32-662] Processed net wrapper_inst/size_reg_n_0_[17].  Did not re-place instance wrapper_inst/size_reg[17]
INFO: [Physopt 32-662] Processed net wrapper_inst/size_reg_n_0_[18].  Did not re-place instance wrapper_inst/size_reg[18]
INFO: [Physopt 32-662] Processed net wrapper_inst/size_reg_n_0_[19].  Did not re-place instance wrapper_inst/size_reg[19]
INFO: [Physopt 32-662] Processed net wrapper_inst/size_reg_n_0_[1].  Did not re-place instance wrapper_inst/size_reg[1]
INFO: [Physopt 32-662] Processed net wrapper_inst/size_reg_n_0_[20].  Did not re-place instance wrapper_inst/size_reg[20]
INFO: [Physopt 32-662] Processed net wrapper_inst/size_reg_n_0_[21].  Did not re-place instance wrapper_inst/size_reg[21]
INFO: [Physopt 32-662] Processed net wrapper_inst/size_reg_n_0_[22].  Did not re-place instance wrapper_inst/size_reg[22]
INFO: [Physopt 32-662] Processed net wrapper_inst/size_reg_n_0_[23].  Did not re-place instance wrapper_inst/size_reg[23]
INFO: [Physopt 32-662] Processed net wrapper_inst/size_reg_n_0_[24].  Did not re-place instance wrapper_inst/size_reg[24]
INFO: [Physopt 32-662] Processed net wrapper_inst/size_reg_n_0_[25].  Did not re-place instance wrapper_inst/size_reg[25]
INFO: [Physopt 32-662] Processed net wrapper_inst/size_reg_n_0_[26].  Did not re-place instance wrapper_inst/size_reg[26]
INFO: [Physopt 32-662] Processed net wrapper_inst/size_reg_n_0_[27].  Did not re-place instance wrapper_inst/size_reg[27]
INFO: [Physopt 32-662] Processed net wrapper_inst/size_reg_n_0_[28].  Did not re-place instance wrapper_inst/size_reg[28]
INFO: [Physopt 32-662] Processed net wrapper_inst/size_reg_n_0_[29].  Did not re-place instance wrapper_inst/size_reg[29]
INFO: [Physopt 32-662] Processed net wrapper_inst/size_reg_n_0_[8].  Did not re-place instance wrapper_inst/size_reg[8]
INFO: [Physopt 32-662] Processed net aresetn_repN_4.  Did not re-place instance aresetn_reg_replica_4
INFO: [Physopt 32-662] Processed net wrapper_inst/output_mem_reg_2_2_ENBWREN_cooolgate_en_sig_10.  Did not re-place instance wrapper_inst/output_mem_reg_2_2_ENBWREN_cooolgate_en_gate_17_LOPT_REMAP
INFO: [Physopt 32-662] Processed net core/soc/mixed_cluster/fabric_xactors_to_slaves_10_f_rd_addr/empty_reg_reg_0.  Did not re-place instance core/soc/mixed_cluster/fabric_xactors_to_slaves_10_f_rd_addr/S_AXI_RDATA[31]_i_1
INFO: [Physopt 32-663] Processed net wrapper_inst/S_AXI_RDATA_reg[31]_0[21].  Re-placed instance wrapper_inst/S_AXI_RDATA_reg[21]
INFO: [Physopt 32-663] Processed net wrapper_inst/S_AXI_RDATA_reg[31]_0[26].  Re-placed instance wrapper_inst/S_AXI_RDATA_reg[26]
INFO: [Physopt 32-663] Processed net wrapper_inst/S_AXI_RDATA_reg[31]_0[27].  Re-placed instance wrapper_inst/S_AXI_RDATA_reg[27]
INFO: [Physopt 32-663] Processed net wrapper_inst/S_AXI_RDATA_reg[31]_0[28].  Re-placed instance wrapper_inst/S_AXI_RDATA_reg[28]
INFO: [Physopt 32-662] Processed net wrapper_inst/S_AXI_RDATA_reg[31]_0[20].  Did not re-place instance wrapper_inst/S_AXI_RDATA_reg[20]
INFO: [Physopt 32-662] Processed net wrapper_inst/S_AXI_RDATA_reg[31]_0[4].  Did not re-place instance wrapper_inst/S_AXI_RDATA_reg[4]
INFO: [Physopt 32-662] Processed net wrapper_inst/S_AXI_RDATA_reg[31]_0[18].  Did not re-place instance wrapper_inst/S_AXI_RDATA_reg[18]
INFO: [Physopt 32-662] Processed net wrapper_inst/S_AXI_RDATA_reg[31]_0[1].  Did not re-place instance wrapper_inst/S_AXI_RDATA_reg[1]
INFO: [Physopt 32-662] Processed net wrapper_inst/S_AXI_RDATA_reg[31]_0[22].  Did not re-place instance wrapper_inst/S_AXI_RDATA_reg[22]
INFO: [Physopt 32-662] Processed net wrapper_inst/S_AXI_RDATA_reg[31]_0[23].  Did not re-place instance wrapper_inst/S_AXI_RDATA_reg[23]
INFO: [Physopt 32-662] Processed net wrapper_inst/S_AXI_RDATA_reg[31]_0[5].  Did not re-place instance wrapper_inst/S_AXI_RDATA_reg[5]
INFO: [Physopt 32-662] Processed net wrapper_inst/S_AXI_RDATA_reg[31]_0[6].  Did not re-place instance wrapper_inst/S_AXI_RDATA_reg[6]
INFO: [Physopt 32-662] Processed net wrapper_inst/S_AXI_RDATA_reg[31]_0[7].  Did not re-place instance wrapper_inst/S_AXI_RDATA_reg[7]
INFO: [Physopt 32-662] Processed net wrapper_inst/S_AXI_RDATA_reg[31]_0[10].  Did not re-place instance wrapper_inst/S_AXI_RDATA_reg[10]
INFO: [Physopt 32-662] Processed net wrapper_inst/S_AXI_RDATA_reg[31]_0[11].  Did not re-place instance wrapper_inst/S_AXI_RDATA_reg[11]
INFO: [Physopt 32-662] Processed net wrapper_inst/S_AXI_RDATA_reg[31]_0[24].  Did not re-place instance wrapper_inst/S_AXI_RDATA_reg[24]
INFO: [Physopt 32-662] Processed net wrapper_inst/S_AXI_RDATA_reg[31]_0[25].  Did not re-place instance wrapper_inst/S_AXI_RDATA_reg[25]
INFO: [Physopt 32-662] Processed net wrapper_inst/S_AXI_RDATA_reg[31]_0[3].  Did not re-place instance wrapper_inst/S_AXI_RDATA_reg[3]
INFO: [Physopt 32-662] Processed net wrapper_inst/S_AXI_RDATA_reg[31]_0[8].  Did not re-place instance wrapper_inst/S_AXI_RDATA_reg[8]
INFO: [Physopt 32-662] Processed net wrapper_inst/S_AXI_RDATA_reg[31]_0[9].  Did not re-place instance wrapper_inst/S_AXI_RDATA_reg[9]
INFO: [Physopt 32-662] Processed net wrapper_inst/AWREADY_i_1_n_0.  Did not re-place instance wrapper_inst/AWREADY_i_1
INFO: [Physopt 32-663] Processed net wrapper_inst/cnn_rvalid.  Re-placed instance wrapper_inst/RVALID_reg
INFO: [Physopt 32-663] Processed net wrapper_inst/cnn_ctrl_awready.  Re-placed instance wrapper_inst/S_AXI_AWREADY_reg
INFO: [Physopt 32-663] Processed net wrapper_inst/cnn_arready.  Re-placed instance wrapper_inst/ARREADY_reg
INFO: [Physopt 32-663] Processed net wrapper_inst/cnn_ctrl_arready.  Re-placed instance wrapper_inst/S_AXI_ARREADY_reg
INFO: [Physopt 32-663] Processed net wrapper_inst/chip_io_cnn_accel_AWREADY.  Re-placed instance wrapper_inst/AWREADY_reg
INFO: [Physopt 32-662] Processed net aresetn.  Did not re-place instance aresetn_reg
INFO: [Physopt 32-662] Processed net wrapper_inst/output_mem_reg_2_0_ENBWREN_cooolgate_en_sig_8.  Did not re-place instance wrapper_inst/output_mem_reg_2_0_ENBWREN_cooolgate_en_gate_13_LOPT_REMAP
INFO: [Physopt 32-663] Processed net wrapper_inst/cnn_wready.  Re-placed instance wrapper_inst/WREADY_reg
INFO: [Physopt 32-663] Processed net wrapper_inst/S_AXI_RDATA_reg[31]_0[14].  Re-placed instance wrapper_inst/S_AXI_RDATA_reg[14]
INFO: [Physopt 32-663] Processed net wrapper_inst/S_AXI_RDATA_reg[31]_0[15].  Re-placed instance wrapper_inst/S_AXI_RDATA_reg[15]
INFO: [Physopt 32-663] Processed net wrapper_inst/S_AXI_RDATA_reg[31]_0[29].  Re-placed instance wrapper_inst/S_AXI_RDATA_reg[29]
INFO: [Physopt 32-663] Processed net wrapper_inst/S_AXI_RDATA_reg[31]_0[2].  Re-placed instance wrapper_inst/S_AXI_RDATA_reg[2]
INFO: [Physopt 32-663] Processed net wrapper_inst/S_AXI_RDATA_reg[31]_0[30].  Re-placed instance wrapper_inst/S_AXI_RDATA_reg[30]
INFO: [Physopt 32-662] Processed net wrapper_inst/S_AXI_RDATA_reg[31]_0[31].  Did not re-place instance wrapper_inst/S_AXI_RDATA_reg[31]
INFO: [Physopt 32-663] Processed net wrapper_inst/S_AXI_RDATA_reg[31]_0[12].  Re-placed instance wrapper_inst/S_AXI_RDATA_reg[12]
INFO: [Physopt 32-662] Processed net wrapper_inst/S_AXI_RDATA_reg[31]_0[13].  Did not re-place instance wrapper_inst/S_AXI_RDATA_reg[13]
INFO: [Physopt 32-662] Processed net wrapper_inst/S_AXI_RDATA_reg[31]_0[16].  Did not re-place instance wrapper_inst/S_AXI_RDATA_reg[16]
INFO: [Physopt 32-662] Processed net wrapper_inst/S_AXI_RDATA_reg[31]_0[17].  Did not re-place instance wrapper_inst/S_AXI_RDATA_reg[17]
INFO: [Physopt 32-662] Processed net wrapper_inst/S_AXI_RDATA_reg[31]_0[19].  Did not re-place instance wrapper_inst/S_AXI_RDATA_reg[19]
INFO: [Physopt 32-662] Processed net wrapper_inst/output_mem_reg_3_0_ENBWREN_cooolgate_en_sig_12.  Did not re-place instance wrapper_inst/output_mem_reg_3_0_ENBWREN_cooolgate_en_gate_21_LOPT_REMAP
INFO: [Physopt 32-662] Processed net aresetn_repN_8.  Did not re-place instance aresetn_reg_replica_8
INFO: [Physopt 32-662] Processed net wrapper_inst/output_mem_reg_3_1_ENBWREN_cooolgate_en_sig_13.  Did not re-place instance wrapper_inst/output_mem_reg_3_1_ENBWREN_cooolgate_en_gate_23_LOPT_REMAP
INFO: [Physopt 32-662] Processed net wrapper_inst/output_mem_reg_2_3_ENBWREN_cooolgate_en_sig_11.  Did not re-place instance wrapper_inst/output_mem_reg_2_3_ENBWREN_cooolgate_en_gate_19_LOPT_REMAP
INFO: [Physopt 32-662] Processed net core/soc/mixed_cluster/fabric_xactors_to_slaves_10_f_rd_addr/aresetn_reg.  Did not re-place instance core/soc/mixed_cluster/fabric_xactors_to_slaves_10_f_rd_addr/S_AXI_RDATA[31]_i_2
INFO: [Physopt 32-662] Processed net aresetn_repN_9.  Did not re-place instance aresetn_reg_replica_9
INFO: [Physopt 32-662] Processed net wrapper_inst/output_mem_reg_3_2_ENBWREN_cooolgate_en_sig_14.  Did not re-place instance wrapper_inst/output_mem_reg_3_2_ENBWREN_cooolgate_en_gate_25_LOPT_REMAP
INFO: [Physopt 32-662] Processed net core/soc/mixed_cluster/fabric_xactors_to_slaves_10_f_wr_addr/data0_reg_reg[4].  Did not re-place instance core/soc/mixed_cluster/fabric_xactors_to_slaves_10_f_wr_addr/start_i_1
INFO: [Physopt 32-662] Processed net wrapper_inst/start.  Did not re-place instance wrapper_inst/start_reg
INFO: [Physopt 32-662] Processed net aresetn_repN_7.  Did not re-place instance aresetn_reg_replica_7
INFO: [Physopt 32-662] Processed net wrapper_inst/output_mem_reg_0_3_ENBWREN_cooolgate_en_sig_3.  Did not re-place instance wrapper_inst/output_mem_reg_0_3_ENBWREN_cooolgate_en_gate_3_LOPT_REMAP
INFO: [Physopt 32-662] Processed net aresetn_repN_1.  Did not re-place instance aresetn_reg_replica_1
INFO: [Physopt 32-662] Processed net wrapper_inst/output_mem_reg_2_1_ENBWREN_cooolgate_en_sig_9.  Did not re-place instance wrapper_inst/output_mem_reg_2_1_ENBWREN_cooolgate_en_gate_15_LOPT_REMAP
INFO: [Physopt 32-662] Processed net core/soc/fabric_xactors_to_slaves_6_f_rd_addr/raddr.  Did not re-place instance core/soc/fabric_xactors_to_slaves_6_f_rd_addr/raddr[1]_i_1
INFO: [Physopt 32-663] Processed net output_mem_reg_0_3_i_8_n_0.  Re-placed instance output_mem_reg_0_3_i_8
INFO: [Physopt 32-663] Processed net output_mem_reg_0_3_i_9_n_0.  Re-placed instance output_mem_reg_0_3_i_9
INFO: [Physopt 32-663] Processed net wrapper_inst/raddr_reg[10].  Re-placed instance wrapper_inst/raddr_reg[10]
INFO: [Common 17-14] Message 'Physopt 32-663' appears 100 times and further instances of the messages will be disabled. Use the Tcl command set_msg_config to change the current settings.
INFO: [Physopt 32-662] Processed net output_mem_reg_0_3_i_15_n_0.  Did not re-place instance output_mem_reg_0_3_i_15
INFO: [Physopt 32-662] Processed net output_mem_reg_0_3_i_2_n_0.  Did not re-place instance output_mem_reg_0_3_i_2
INFO: [Physopt 32-662] Processed net wrapper_inst/raddr_reg[11].  Did not re-place instance wrapper_inst/raddr_reg[11]
INFO: [Physopt 32-662] Processed net wrapper_inst/raddr_reg[12].  Did not re-place instance wrapper_inst/raddr_reg[12]
INFO: [Physopt 32-662] Processed net wrapper_inst/raddr_reg[9].  Did not re-place instance wrapper_inst/raddr_reg[9]
INFO: [Physopt 32-662] Processed net output_mem_reg_0_3_i_5_n_0.  Did not re-place instance output_mem_reg_0_3_i_5
INFO: [Physopt 32-662] Processed net wrapper_inst/raddr_reg[6].  Did not re-place instance wrapper_inst/raddr_reg[6]
INFO: [Physopt 32-662] Processed net wrapper_inst/raddr_reg[7].  Did not re-place instance wrapper_inst/raddr_reg[7]
INFO: [Physopt 32-662] Processed net wrapper_inst/raddr_reg[8].  Did not re-place instance wrapper_inst/raddr_reg[8]
INFO: [Physopt 32-661] Optimized 21 nets.  Re-placed 21 instances.
INFO: [Physopt 32-775] End 1 Pass. Optimized 21 nets or cells. Created 0 new cell, deleted 0 existing cell and moved 21 existing cells
INFO: [Physopt 32-619] Estimated Timing Summary | WNS=-0.712 | TNS=-25.317 |
Netlist sorting complete. Time (s): cpu = 00:00:00.02 ; elapsed = 00:00:00.01 . Memory (MB): peak = 3902.090 ; gain = 0.000 ; free physical = 11511 ; free virtual = 56798
Phase 14 Placement Based Optimization | Checksum: 20745a9e9

Time (s): cpu = 00:01:45 ; elapsed = 00:00:36 . Memory (MB): peak = 3902.090 ; gain = 0.000 ; free physical = 11511 ; free virtual = 56798

Phase 15 MultiInst Placement Optimization
INFO: [Physopt 32-660] Identified 100 candidate nets for placement-based optimization.
INFO: [Physopt 32-662] Processed net aresetn_repN.  Did not re-place instance aresetn_reg_replica/Q
INFO: [Physopt 32-662] Processed net core/soc/mixed_cluster/fabric_xactors_to_slaves_10_f_wr_addr/size[31]_i_2_n_0.  Did not re-place instance core/soc/mixed_cluster/fabric_xactors_to_slaves_10_f_wr_addr/size[31]_i_2/O
INFO: [Physopt 32-662] Processed net core/soc/mixed_cluster/fabric_xactors_to_slaves_10_f_wr_addr/size[31]_i_5_n_0.  Did not re-place instance core/soc/mixed_cluster/fabric_xactors_to_slaves_10_f_wr_addr/size[31]_i_5/O
INFO: [Physopt 32-662] Processed net wrapper_inst/size_reg_n_0_[0].  Did not re-place instance wrapper_inst/size_reg[0]/Q
INFO: [Physopt 32-662] Processed net aresetn_repN_4.  Did not re-place instance aresetn_reg_replica_4/Q
INFO: [Physopt 32-662] Processed net aresetn.  Did not re-place instance aresetn_reg/Q
INFO: [Physopt 32-662] Processed net aresetn_repN_8.  Did not re-place instance aresetn_reg_replica_8/Q
INFO: [Physopt 32-661] Optimized 1 net.  Re-placed 2 instances.
INFO: [Physopt 32-775] End 1 Pass. Optimized 1 net or cell. Created 0 new cell, deleted 0 existing cell and moved 2 existing cells
INFO: [Physopt 32-619] Estimated Timing Summary | WNS=-0.712 | TNS=-25.205 |
Netlist sorting complete. Time (s): cpu = 00:00:00.01 ; elapsed = 00:00:00.01 . Memory (MB): peak = 3902.090 ; gain = 0.000 ; free physical = 11511 ; free virtual = 56798
Phase 15 MultiInst Placement Optimization | Checksum: 1b6cc0df7

Time (s): cpu = 00:01:48 ; elapsed = 00:00:38 . Memory (MB): peak = 3902.090 ; gain = 0.000 ; free physical = 11511 ; free virtual = 56798

Phase 16 Rewire
INFO: [Physopt 32-246] Starting Signal Push optimization...
INFO: [Physopt 32-241] No nets found for rewiring () optimization.
INFO: [Physopt 32-232] Optimized 0 net. Created 0 new instance.
INFO: [Physopt 32-775] End 1 Pass. Optimized 0 net or cell. Created 0 new cell, deleted 0 existing cell and moved 0 existing cell
Netlist sorting complete. Time (s): cpu = 00:00:00.02 ; elapsed = 00:00:00.02 . Memory (MB): peak = 3902.090 ; gain = 0.000 ; free physical = 11512 ; free virtual = 56798
Phase 16 Rewire | Checksum: 1b6cc0df7

Time (s): cpu = 00:01:49 ; elapsed = 00:00:38 . Memory (MB): peak = 3902.090 ; gain = 0.000 ; free physical = 11512 ; free virtual = 56798

Phase 17 Critical Cell Optimization
INFO: [Physopt 32-68] No nets found for critical-cell optimization.
INFO: [Physopt 32-232] Optimized 0 net. Created 0 new instance.
INFO: [Physopt 32-775] End 1 Pass. Optimized 0 net or cell. Created 0 new cell, deleted 0 existing cell and moved 0 existing cell
Phase 17 Critical Cell Optimization | Checksum: 1b6cc0df7

Time (s): cpu = 00:01:49 ; elapsed = 00:00:39 . Memory (MB): peak = 3902.090 ; gain = 0.000 ; free physical = 11512 ; free virtual = 56799

Phase 18 DSP Register Optimization
INFO: [Physopt 32-456] No candidate cells for DSP register optimization found in the design.
INFO: [Physopt 32-775] End 1 Pass. Optimized 0 net or cell. Created 0 new cell, deleted 0 existing cell and moved 0 existing cell
Phase 18 DSP Register Optimization | Checksum: 1b6cc0df7

Time (s): cpu = 00:01:49 ; elapsed = 00:00:39 . Memory (MB): peak = 3902.090 ; gain = 0.000 ; free physical = 11512 ; free virtual = 56799

Phase 19 BRAM Register Optimization
INFO: [Physopt 32-526] No candidate cells for BRAM register optimization found in the design
INFO: [Physopt 32-775] End 1 Pass. Optimized 0 net or cell. Created 0 new cell, deleted 0 existing cell and moved 0 existing cell
Phase 19 BRAM Register Optimization | Checksum: 1b6cc0df7

Time (s): cpu = 00:01:49 ; elapsed = 00:00:39 . Memory (MB): peak = 3902.090 ; gain = 0.000 ; free physical = 11512 ; free virtual = 56799

Phase 20 URAM Register Optimization
INFO: [Physopt 32-846] No candidate cells for URAM register optimization found in the design
INFO: [Physopt 32-775] End 1 Pass. Optimized 0 net or cell. Created 0 new cell, deleted 0 existing cell and moved 0 existing cell
Phase 20 URAM Register Optimization | Checksum: 1b6cc0df7

Time (s): cpu = 00:01:49 ; elapsed = 00:00:39 . Memory (MB): peak = 3902.090 ; gain = 0.000 ; free physical = 11512 ; free virtual = 56799

Phase 21 Shift Register Optimization
INFO: [Physopt 32-677] No candidate cells for Shift Register optimization found in the design
INFO: [Physopt 32-775] End 1 Pass. Optimized 0 net or cell. Created 0 new cell, deleted 0 existing cell and moved 0 existing cell
Phase 21 Shift Register Optimization | Checksum: 1b6cc0df7

Time (s): cpu = 00:01:50 ; elapsed = 00:00:39 . Memory (MB): peak = 3902.090 ; gain = 0.000 ; free physical = 11512 ; free virtual = 56799

Phase 22 DSP Register Optimization
INFO: [Physopt 32-456] No candidate cells for DSP register optimization found in the design.
INFO: [Physopt 32-775] End 1 Pass. Optimized 0 net or cell. Created 0 new cell, deleted 0 existing cell and moved 0 existing cell
Phase 22 DSP Register Optimization | Checksum: 1b6cc0df7

Time (s): cpu = 00:01:50 ; elapsed = 00:00:40 . Memory (MB): peak = 3902.090 ; gain = 0.000 ; free physical = 11512 ; free virtual = 56799

Phase 23 BRAM Register Optimization
INFO: [Physopt 32-526] No candidate cells for BRAM register optimization found in the design
INFO: [Physopt 32-775] End 1 Pass. Optimized 0 net or cell. Created 0 new cell, deleted 0 existing cell and moved 0 existing cell
Phase 23 BRAM Register Optimization | Checksum: 1b6cc0df7

Time (s): cpu = 00:01:50 ; elapsed = 00:00:40 . Memory (MB): peak = 3902.090 ; gain = 0.000 ; free physical = 11512 ; free virtual = 56799

Phase 24 URAM Register Optimization
INFO: [Physopt 32-846] No candidate cells for URAM register optimization found in the design
INFO: [Physopt 32-775] End 1 Pass. Optimized 0 net or cell. Created 0 new cell, deleted 0 existing cell and moved 0 existing cell
Phase 24 URAM Register Optimization | Checksum: 1b6cc0df7

Time (s): cpu = 00:01:50 ; elapsed = 00:00:40 . Memory (MB): peak = 3902.090 ; gain = 0.000 ; free physical = 11512 ; free virtual = 56799

Phase 25 Shift Register Optimization
INFO: [Physopt 32-677] No candidate cells for Shift Register optimization found in the design
INFO: [Physopt 32-775] End 1 Pass. Optimized 0 net or cell. Created 0 new cell, deleted 0 existing cell and moved 0 existing cell
Phase 25 Shift Register Optimization | Checksum: 1b6cc0df7

Time (s): cpu = 00:01:50 ; elapsed = 00:00:40 . Memory (MB): peak = 3902.090 ; gain = 0.000 ; free physical = 11512 ; free virtual = 56799

Phase 26 Critical Pin Optimization
INFO: [Physopt 32-606] Identified 3 candidate nets for critical-pin optimization.
INFO: [Physopt 32-608] Optimized 0 net.  Swapped 0 pin.
INFO: [Physopt 32-775] End 1 Pass. Optimized 0 net or cell. Created 0 new cell, deleted 0 existing cell and moved 0 existing cell
Netlist sorting complete. Time (s): cpu = 00:00:00.01 ; elapsed = 00:00:00.01 . Memory (MB): peak = 3902.090 ; gain = 0.000 ; free physical = 11512 ; free virtual = 56799
Phase 26 Critical Pin Optimization | Checksum: 1b6cc0df7

Time (s): cpu = 00:01:51 ; elapsed = 00:00:40 . Memory (MB): peak = 3902.090 ; gain = 0.000 ; free physical = 11512 ; free virtual = 56799

Phase 27 Very High Fanout Optimization
INFO: [Physopt 32-65] No nets found for high-fanout optimization.
INFO: [Physopt 32-232] Optimized 0 net. Created 0 new instance.
INFO: [Physopt 32-775] End 1 Pass. Optimized 0 net or cell. Created 0 new cell, deleted 0 existing cell and moved 0 existing cell
Phase 27 Very High Fanout Optimization | Checksum: 1b6cc0df7

Time (s): cpu = 00:01:51 ; elapsed = 00:00:41 . Memory (MB): peak = 3902.090 ; gain = 0.000 ; free physical = 11512 ; free virtual = 56799

Phase 28 Placement Based Optimization
INFO: [Physopt 32-660] Identified 107 candidate nets for placement-based optimization.
INFO: [Physopt 32-662] Processed net core/soc/mixed_cluster/fabric_xactors_to_slaves_10_f_wr_addr/E[0].  Did not re-place instance core/soc/mixed_cluster/fabric_xactors_to_slaves_10_f_wr_addr/size[31]_i_1
INFO: [Physopt 32-662] Processed net aresetn_repN.  Did not re-place instance aresetn_reg_replica
INFO: [Physopt 32-662] Processed net core/soc/mixed_cluster/fabric_xactors_to_slaves_10_f_wr_addr/size[31]_i_2_n_0.  Did not re-place instance core/soc/mixed_cluster/fabric_xactors_to_slaves_10_f_wr_addr/size[31]_i_2
INFO: [Physopt 32-662] Processed net core/soc/mixed_cluster/fabric_xactors_to_slaves_10_f_wr_addr/size[31]_i_5_n_0.  Did not re-place instance core/soc/mixed_cluster/fabric_xactors_to_slaves_10_f_wr_addr/size[31]_i_5
INFO: [Physopt 32-662] Processed net wrapper_inst/size_reg_n_0_[2].  Did not re-place instance wrapper_inst/size_reg[2]
INFO: [Physopt 32-662] Processed net wrapper_inst/size_reg_n_0_[30].  Did not re-place instance wrapper_inst/size_reg[30]
INFO: [Physopt 32-662] Processed net wrapper_inst/size_reg_n_0_[31].  Did not re-place instance wrapper_inst/size_reg[31]
INFO: [Physopt 32-662] Processed net wrapper_inst/size_reg_n_0_[3].  Did not re-place instance wrapper_inst/size_reg[3]
INFO: [Physopt 32-662] Processed net wrapper_inst/size_reg_n_0_[4].  Did not re-place instance wrapper_inst/size_reg[4]
INFO: [Physopt 32-662] Processed net wrapper_inst/size_reg_n_0_[5].  Did not re-place instance wrapper_inst/size_reg[5]
INFO: [Physopt 32-662] Processed net wrapper_inst/size_reg_n_0_[6].  Did not re-place instance wrapper_inst/size_reg[6]
INFO: [Physopt 32-662] Processed net wrapper_inst/size_reg_n_0_[7].  Did not re-place instance wrapper_inst/size_reg[7]
INFO: [Physopt 32-662] Processed net wrapper_inst/size_reg_n_0_[0].  Did not re-place instance wrapper_inst/size_reg[0]
INFO: [Physopt 32-662] Processed net wrapper_inst/size_reg_n_0_[10].  Did not re-place instance wrapper_inst/size_reg[10]
INFO: [Physopt 32-662] Processed net wrapper_inst/size_reg_n_0_[11].  Did not re-place instance wrapper_inst/size_reg[11]
INFO: [Physopt 32-662] Processed net wrapper_inst/size_reg_n_0_[12].  Did not re-place instance wrapper_inst/size_reg[12]
INFO: [Physopt 32-662] Processed net wrapper_inst/size_reg_n_0_[13].  Did not re-place instance wrapper_inst/size_reg[13]
INFO: [Physopt 32-662] Processed net wrapper_inst/size_reg_n_0_[14].  Did not re-place instance wrapper_inst/size_reg[14]
INFO: [Physopt 32-662] Processed net wrapper_inst/size_reg_n_0_[15].  Did not re-place instance wrapper_inst/size_reg[15]
INFO: [Physopt 32-662] Processed net wrapper_inst/size_reg_n_0_[9].  Did not re-place instance wrapper_inst/size_reg[9]
INFO: [Physopt 32-662] Processed net wrapper_inst/size_reg_n_0_[16].  Did not re-place instance wrapper_inst/size_reg[16]
INFO: [Physopt 32-662] Processed net wrapper_inst/size_reg_n_0_[17].  Did not re-place instance wrapper_inst/size_reg[17]
INFO: [Physopt 32-662] Processed net wrapper_inst/size_reg_n_0_[18].  Did not re-place instance wrapper_inst/size_reg[18]
INFO: [Physopt 32-662] Processed net wrapper_inst/size_reg_n_0_[19].  Did not re-place instance wrapper_inst/size_reg[19]
INFO: [Physopt 32-662] Processed net wrapper_inst/size_reg_n_0_[1].  Did not re-place instance wrapper_inst/size_reg[1]
INFO: [Physopt 32-662] Processed net wrapper_inst/size_reg_n_0_[20].  Did not re-place instance wrapper_inst/size_reg[20]
INFO: [Physopt 32-662] Processed net wrapper_inst/size_reg_n_0_[21].  Did not re-place instance wrapper_inst/size_reg[21]
INFO: [Physopt 32-662] Processed net wrapper_inst/size_reg_n_0_[22].  Did not re-place instance wrapper_inst/size_reg[22]
INFO: [Physopt 32-662] Processed net wrapper_inst/size_reg_n_0_[23].  Did not re-place instance wrapper_inst/size_reg[23]
INFO: [Physopt 32-662] Processed net wrapper_inst/size_reg_n_0_[24].  Did not re-place instance wrapper_inst/size_reg[24]
INFO: [Physopt 32-662] Processed net wrapper_inst/size_reg_n_0_[25].  Did not re-place instance wrapper_inst/size_reg[25]
INFO: [Physopt 32-662] Processed net wrapper_inst/size_reg_n_0_[26].  Did not re-place instance wrapper_inst/size_reg[26]
INFO: [Physopt 32-662] Processed net wrapper_inst/size_reg_n_0_[27].  Did not re-place instance wrapper_inst/size_reg[27]
INFO: [Physopt 32-662] Processed net wrapper_inst/size_reg_n_0_[28].  Did not re-place instance wrapper_inst/size_reg[28]
INFO: [Physopt 32-662] Processed net wrapper_inst/size_reg_n_0_[29].  Did not re-place instance wrapper_inst/size_reg[29]
INFO: [Physopt 32-662] Processed net wrapper_inst/size_reg_n_0_[8].  Did not re-place instance wrapper_inst/size_reg[8]
INFO: [Physopt 32-662] Processed net aresetn_repN_4.  Did not re-place instance aresetn_reg_replica_4
INFO: [Physopt 32-662] Processed net wrapper_inst/output_mem_reg_2_2_ENBWREN_cooolgate_en_sig_10.  Did not re-place instance wrapper_inst/output_mem_reg_2_2_ENBWREN_cooolgate_en_gate_17_LOPT_REMAP
INFO: [Physopt 32-662] Processed net core/soc/mixed_cluster/fabric_xactors_to_slaves_10_f_rd_addr/empty_reg_reg_0.  Did not re-place instance core/soc/mixed_cluster/fabric_xactors_to_slaves_10_f_rd_addr/S_AXI_RDATA[31]_i_1
INFO: [Physopt 32-662] Processed net wrapper_inst/S_AXI_RDATA_reg[31]_0[4].  Did not re-place instance wrapper_inst/S_AXI_RDATA_reg[4]
INFO: [Physopt 32-662] Processed net wrapper_inst/S_AXI_RDATA_reg[31]_0[18].  Did not re-place instance wrapper_inst/S_AXI_RDATA_reg[18]
INFO: [Physopt 32-662] Processed net wrapper_inst/S_AXI_RDATA_reg[31]_0[1].  Did not re-place instance wrapper_inst/S_AXI_RDATA_reg[1]
INFO: [Physopt 32-662] Processed net wrapper_inst/S_AXI_RDATA_reg[31]_0[22].  Did not re-place instance wrapper_inst/S_AXI_RDATA_reg[22]
INFO: [Physopt 32-662] Processed net wrapper_inst/S_AXI_RDATA_reg[31]_0[23].  Did not re-place instance wrapper_inst/S_AXI_RDATA_reg[23]
INFO: [Physopt 32-662] Processed net wrapper_inst/S_AXI_RDATA_reg[31]_0[5].  Did not re-place instance wrapper_inst/S_AXI_RDATA_reg[5]
INFO: [Physopt 32-662] Processed net wrapper_inst/S_AXI_RDATA_reg[31]_0[6].  Did not re-place instance wrapper_inst/S_AXI_RDATA_reg[6]
INFO: [Physopt 32-662] Processed net wrapper_inst/S_AXI_RDATA_reg[31]_0[7].  Did not re-place instance wrapper_inst/S_AXI_RDATA_reg[7]
INFO: [Physopt 32-662] Processed net wrapper_inst/S_AXI_RDATA_reg[31]_0[10].  Did not re-place instance wrapper_inst/S_AXI_RDATA_reg[10]
INFO: [Physopt 32-662] Processed net wrapper_inst/S_AXI_RDATA_reg[31]_0[11].  Did not re-place instance wrapper_inst/S_AXI_RDATA_reg[11]
INFO: [Physopt 32-662] Processed net wrapper_inst/S_AXI_RDATA_reg[31]_0[24].  Did not re-place instance wrapper_inst/S_AXI_RDATA_reg[24]
INFO: [Physopt 32-662] Processed net wrapper_inst/S_AXI_RDATA_reg[31]_0[25].  Did not re-place instance wrapper_inst/S_AXI_RDATA_reg[25]
INFO: [Physopt 32-662] Processed net wrapper_inst/S_AXI_RDATA_reg[31]_0[28].  Did not re-place instance wrapper_inst/S_AXI_RDATA_reg[28]
INFO: [Physopt 32-662] Processed net wrapper_inst/S_AXI_RDATA_reg[31]_0[3].  Did not re-place instance wrapper_inst/S_AXI_RDATA_reg[3]
INFO: [Physopt 32-662] Processed net wrapper_inst/S_AXI_RDATA_reg[31]_0[8].  Did not re-place instance wrapper_inst/S_AXI_RDATA_reg[8]
INFO: [Physopt 32-662] Processed net wrapper_inst/S_AXI_RDATA_reg[31]_0[9].  Did not re-place instance wrapper_inst/S_AXI_RDATA_reg[9]
INFO: [Physopt 32-662] Processed net aresetn.  Did not re-place instance aresetn_reg
INFO: [Physopt 32-662] Processed net wrapper_inst/output_mem_reg_2_0_ENBWREN_cooolgate_en_sig_8.  Did not re-place instance wrapper_inst/output_mem_reg_2_0_ENBWREN_cooolgate_en_gate_13_LOPT_REMAP
INFO: [Physopt 32-662] Processed net wrapper_inst/S_AXI_RDATA_reg[31]_0[21].  Did not re-place instance wrapper_inst/S_AXI_RDATA_reg[21]
INFO: [Physopt 32-662] Processed net wrapper_inst/S_AXI_RDATA_reg[31]_0[26].  Did not re-place instance wrapper_inst/S_AXI_RDATA_reg[26]
INFO: [Physopt 32-662] Processed net wrapper_inst/S_AXI_RDATA_reg[31]_0[27].  Did not re-place instance wrapper_inst/S_AXI_RDATA_reg[27]
INFO: [Physopt 32-662] Processed net wrapper_inst/S_AXI_RDATA_reg[31]_0[31].  Did not re-place instance wrapper_inst/S_AXI_RDATA_reg[31]
INFO: [Physopt 32-662] Processed net wrapper_inst/S_AXI_RDATA_reg[31]_0[13].  Did not re-place instance wrapper_inst/S_AXI_RDATA_reg[13]
INFO: [Physopt 32-662] Processed net wrapper_inst/S_AXI_RDATA_reg[31]_0[16].  Did not re-place instance wrapper_inst/S_AXI_RDATA_reg[16]
INFO: [Physopt 32-662] Processed net wrapper_inst/S_AXI_RDATA_reg[31]_0[17].  Did not re-place instance wrapper_inst/S_AXI_RDATA_reg[17]
INFO: [Physopt 32-662] Processed net wrapper_inst/S_AXI_RDATA_reg[31]_0[19].  Did not re-place instance wrapper_inst/S_AXI_RDATA_reg[19]
INFO: [Physopt 32-662] Processed net wrapper_inst/output_mem_reg_3_0_ENBWREN_cooolgate_en_sig_12.  Did not re-place instance wrapper_inst/output_mem_reg_3_0_ENBWREN_cooolgate_en_gate_21_LOPT_REMAP
INFO: [Physopt 32-662] Processed net aresetn_repN_8.  Did not re-place instance aresetn_reg_replica_8
INFO: [Physopt 32-662] Processed net wrapper_inst/output_mem_reg_3_1_ENBWREN_cooolgate_en_sig_13.  Did not re-place instance wrapper_inst/output_mem_reg_3_1_ENBWREN_cooolgate_en_gate_23_LOPT_REMAP
INFO: [Physopt 32-662] Processed net wrapper_inst/AWREADY_i_1_n_0.  Did not re-place instance wrapper_inst/AWREADY_i_1
INFO: [Physopt 32-662] Processed net wrapper_inst/output_mem_reg_2_3_ENBWREN_cooolgate_en_sig_11.  Did not re-place instance wrapper_inst/output_mem_reg_2_3_ENBWREN_cooolgate_en_gate_19_LOPT_REMAP
INFO: [Physopt 32-662] Processed net core/soc/mixed_cluster/fabric_xactors_to_slaves_10_f_rd_addr/aresetn_reg.  Did not re-place instance core/soc/mixed_cluster/fabric_xactors_to_slaves_10_f_rd_addr/S_AXI_RDATA[31]_i_2
INFO: [Physopt 32-662] Processed net wrapper_inst/S_AXI_RDATA_reg[31]_0[12].  Did not re-place instance wrapper_inst/S_AXI_RDATA_reg[12]
INFO: [Physopt 32-662] Processed net wrapper_inst/S_AXI_RDATA_reg[31]_0[14].  Did not re-place instance wrapper_inst/S_AXI_RDATA_reg[14]
INFO: [Physopt 32-662] Processed net wrapper_inst/S_AXI_RDATA_reg[31]_0[15].  Did not re-place instance wrapper_inst/S_AXI_RDATA_reg[15]
INFO: [Physopt 32-662] Processed net wrapper_inst/S_AXI_RDATA_reg[31]_0[29].  Did not re-place instance wrapper_inst/S_AXI_RDATA_reg[29]
INFO: [Physopt 32-662] Processed net wrapper_inst/S_AXI_RDATA_reg[31]_0[2].  Did not re-place instance wrapper_inst/S_AXI_RDATA_reg[2]
INFO: [Physopt 32-662] Processed net wrapper_inst/S_AXI_RDATA_reg[31]_0[30].  Did not re-place instance wrapper_inst/S_AXI_RDATA_reg[30]
INFO: [Physopt 32-662] Processed net aresetn_repN_9.  Did not re-place instance aresetn_reg_replica_9
INFO: [Physopt 32-662] Processed net wrapper_inst/output_mem_reg_3_2_ENBWREN_cooolgate_en_sig_14.  Did not re-place instance wrapper_inst/output_mem_reg_3_2_ENBWREN_cooolgate_en_gate_25_LOPT_REMAP
INFO: [Physopt 32-662] Processed net core/soc/mixed_cluster/fabric_xactors_to_slaves_10_f_wr_addr/data0_reg_reg[4].  Did not re-place instance core/soc/mixed_cluster/fabric_xactors_to_slaves_10_f_wr_addr/start_i_1
INFO: [Physopt 32-662] Processed net wrapper_inst/start.  Did not re-place instance wrapper_inst/start_reg
INFO: [Physopt 32-662] Processed net wrapper_inst/cnn_wready.  Did not re-place instance wrapper_inst/WREADY_reg
INFO: [Physopt 32-662] Processed net aresetn_repN_7.  Did not re-place instance aresetn_reg_replica_7
INFO: [Physopt 32-662] Processed net wrapper_inst/output_mem_reg_0_3_ENBWREN_cooolgate_en_sig_3.  Did not re-place instance wrapper_inst/output_mem_reg_0_3_ENBWREN_cooolgate_en_gate_3_LOPT_REMAP
INFO: [Physopt 32-662] Processed net wrapper_inst/chip_io_cnn_accel_AWREADY.  Did not re-place instance wrapper_inst/AWREADY_reg
INFO: [Physopt 32-662] Processed net aresetn_repN_1.  Did not re-place instance aresetn_reg_replica_1
INFO: [Physopt 32-662] Processed net wrapper_inst/output_mem_reg_2_1_ENBWREN_cooolgate_en_sig_9.  Did not re-place instance wrapper_inst/output_mem_reg_2_1_ENBWREN_cooolgate_en_gate_15_LOPT_REMAP
INFO: [Physopt 32-662] Processed net core/soc/fabric_xactors_to_slaves_6_f_rd_addr/raddr.  Did not re-place instance core/soc/fabric_xactors_to_slaves_6_f_rd_addr/raddr[1]_i_1
INFO: [Physopt 32-662] Processed net output_mem_reg_0_3_i_15_n_0.  Did not re-place instance output_mem_reg_0_3_i_15
INFO: [Physopt 32-662] Processed net output_mem_reg_0_3_i_2_n_0.  Did not re-place instance output_mem_reg_0_3_i_2
INFO: [Physopt 32-662] Processed net wrapper_inst/raddr_reg[11].  Did not re-place instance wrapper_inst/raddr_reg[11]
INFO: [Physopt 32-662] Processed net wrapper_inst/raddr_reg[12].  Did not re-place instance wrapper_inst/raddr_reg[12]
INFO: [Physopt 32-662] Processed net wrapper_inst/raddr_reg[9].  Did not re-place instance wrapper_inst/raddr_reg[9]
INFO: [Physopt 32-662] Processed net output_mem_reg_0_3_i_12_n_0.  Did not re-place instance output_mem_reg_0_3_i_12
INFO: [Physopt 32-662] Processed net output_mem_reg_0_3_i_14_n_0.  Did not re-place instance output_mem_reg_0_3_i_14
INFO: [Physopt 32-662] Processed net output_mem_reg_0_3_i_5_n_0.  Did not re-place instance output_mem_reg_0_3_i_5
INFO: [Physopt 32-662] Processed net output_mem_reg_0_3_i_8_n_0.  Did not re-place instance output_mem_reg_0_3_i_8
INFO: [Physopt 32-662] Processed net output_mem_reg_0_3_i_9_n_0.  Did not re-place instance output_mem_reg_0_3_i_9
INFO: [Physopt 32-662] Processed net wrapper_inst/raddr_reg[10].  Did not re-place instance wrapper_inst/raddr_reg[10]
INFO: [Physopt 32-662] Processed net wrapper_inst/raddr_reg[6].  Did not re-place instance wrapper_inst/raddr_reg[6]
INFO: [Physopt 32-662] Processed net wrapper_inst/raddr_reg[7].  Did not re-place instance wrapper_inst/raddr_reg[7]
INFO: [Physopt 32-662] Processed net wrapper_inst/raddr_reg[8].  Did not re-place instance wrapper_inst/raddr_reg[8]
INFO: [Physopt 32-661] Optimized 5 nets.  Re-placed 5 instances.
INFO: [Physopt 32-775] End 1 Pass. Optimized 5 nets or cells. Created 0 new cell, deleted 0 existing cell and moved 5 existing cells
INFO: [Physopt 32-619] Estimated Timing Summary | WNS=-0.712 | TNS=-24.892 |
Netlist sorting complete. Time (s): cpu = 00:00:00.01 ; elapsed = 00:00:00.02 . Memory (MB): peak = 3902.090 ; gain = 0.000 ; free physical = 11507 ; free virtual = 56793
Phase 28 Placement Based Optimization | Checksum: 22a53b6da

Time (s): cpu = 00:02:03 ; elapsed = 00:00:46 . Memory (MB): peak = 3902.090 ; gain = 0.000 ; free physical = 11507 ; free virtual = 56793

Phase 29 MultiInst Placement Optimization
INFO: [Physopt 32-660] Identified 100 candidate nets for placement-based optimization.
INFO: [Physopt 32-662] Processed net aresetn_repN.  Did not re-place instance aresetn_reg_replica/Q
INFO: [Physopt 32-662] Processed net core/soc/mixed_cluster/fabric_xactors_to_slaves_10_f_wr_addr/size[31]_i_2_n_0.  Did not re-place instance core/soc/mixed_cluster/fabric_xactors_to_slaves_10_f_wr_addr/size[31]_i_2/O
INFO: [Physopt 32-662] Processed net core/soc/mixed_cluster/fabric_xactors_to_slaves_10_f_wr_addr/size[31]_i_5_n_0.  Did not re-place instance core/soc/mixed_cluster/fabric_xactors_to_slaves_10_f_wr_addr/size[31]_i_5/O
INFO: [Physopt 32-662] Processed net wrapper_inst/size_reg_n_0_[0].  Did not re-place instance wrapper_inst/size_reg[0]/Q
INFO: [Physopt 32-662] Processed net aresetn_repN_4.  Did not re-place instance aresetn_reg_replica_4/Q
INFO: [Physopt 32-662] Processed net aresetn.  Did not re-place instance aresetn_reg/Q
INFO: [Physopt 32-662] Processed net aresetn_repN_8.  Did not re-place instance aresetn_reg_replica_8/Q
INFO: [Physopt 32-661] Optimized 0 net.  Re-placed 0 instance.
INFO: [Physopt 32-775] End 1 Pass. Optimized 0 net or cell. Created 0 new cell, deleted 0 existing cell and moved 0 existing cell
Netlist sorting complete. Time (s): cpu = 00:00:00.01 ; elapsed = 00:00:00.01 . Memory (MB): peak = 3902.090 ; gain = 0.000 ; free physical = 11507 ; free virtual = 56794
Phase 29 MultiInst Placement Optimization | Checksum: 17fab3f42

Time (s): cpu = 00:02:06 ; elapsed = 00:00:47 . Memory (MB): peak = 3902.090 ; gain = 0.000 ; free physical = 11508 ; free virtual = 56795

Phase 30 Critical Path Optimization
INFO: [Physopt 32-619] Estimated Timing Summary | WNS=-0.712 | TNS=-24.892 |
INFO: [Physopt 32-662] Processed net wrapper_inst/size_reg_n_0_[2].  Did not re-place instance wrapper_inst/size_reg[2]
INFO: [Physopt 32-702] Processed net wrapper_inst/size_reg_n_0_[2]. Optimizations did not improve timing on the net.
INFO: [Physopt 32-662] Processed net aresetn_repN.  Did not re-place instance aresetn_reg_replica
INFO: [Physopt 32-662] Processed net aresetn_repN.  Did not re-place instance aresetn_reg_replica/Q
INFO: [Physopt 32-572] Net aresetn_repN was not replicated.
Resolution: phys_opt_design can be forced to replicate a net driver using the option -force_replication_on_nets <list of net objects>.
INFO: [Physopt 32-702] Processed net aresetn_repN. Optimizations did not improve timing on the net.
INFO: [Physopt 32-662] Processed net core/soc/mixed_cluster/fabric_xactors_to_slaves_10_f_wr_addr/size[31]_i_2_n_0.  Did not re-place instance core/soc/mixed_cluster/fabric_xactors_to_slaves_10_f_wr_addr/size[31]_i_2
INFO: [Physopt 32-662] Processed net core/soc/mixed_cluster/fabric_xactors_to_slaves_10_f_wr_addr/size[31]_i_2_n_0.  Did not re-place instance core/soc/mixed_cluster/fabric_xactors_to_slaves_10_f_wr_addr/size[31]_i_2/O
INFO: [Physopt 32-572] Net core/soc/mixed_cluster/fabric_xactors_to_slaves_10_f_wr_addr/size[31]_i_2_n_0 was not replicated.
Resolution: phys_opt_design can be forced to replicate a net driver using the option -force_replication_on_nets <list of net objects>.
INFO: [Physopt 32-702] Processed net core/soc/mixed_cluster/fabric_xactors_to_slaves_10_f_wr_addr/size[31]_i_2_n_0. Optimizations did not improve timing on the net.
INFO: [Physopt 32-662] Processed net core/soc/mixed_cluster/fabric_xactors_to_slaves_10_f_wr_addr/size[31]_i_5_n_0.  Did not re-place instance core/soc/mixed_cluster/fabric_xactors_to_slaves_10_f_wr_addr/size[31]_i_5
INFO: [Physopt 32-662] Processed net core/soc/mixed_cluster/fabric_xactors_to_slaves_10_f_wr_addr/size[31]_i_5_n_0.  Did not re-place instance core/soc/mixed_cluster/fabric_xactors_to_slaves_10_f_wr_addr/size[31]_i_5/O
INFO: [Physopt 32-134] Processed net core/soc/mixed_cluster/fabric_xactors_to_slaves_10_f_wr_addr/size[31]_i_5_n_0. Rewiring did not optimize the net.
INFO: [Physopt 32-702] Processed net core/soc/mixed_cluster/fabric_xactors_to_slaves_10_f_wr_addr/size[31]_i_5_n_0. Optimizations did not improve timing on the net.
INFO: [Physopt 32-572] Net core/soc/mixed_cluster/fabric_xactors_to_slaves_10_f_wr_addr/E[0] was not replicated.
Resolution: phys_opt_design can be forced to replicate a net driver using the option -force_replication_on_nets <list of net objects>.
INFO: [Physopt 32-662] Processed net core/soc/mixed_cluster/fabric_xactors_to_slaves_10_f_wr_addr/E[0].  Did not re-place instance core/soc/mixed_cluster/fabric_xactors_to_slaves_10_f_wr_addr/size[31]_i_1
INFO: [Physopt 32-702] Processed net core/soc/mixed_cluster/fabric_xactors_to_slaves_10_f_wr_addr/E[0]. Optimizations did not improve timing on the net.
INFO: [Physopt 32-702] Processed net mig_ddr3/u_mig_ddr3_mig/u_ddr3_infrastructure/clk_pll_i. Optimizations did not improve timing on the net.
INFO: [Physopt 32-662] Processed net wrapper_inst/size_reg_n_0_[2].  Did not re-place instance wrapper_inst/size_reg[2]
INFO: [Physopt 32-702] Processed net wrapper_inst/size_reg_n_0_[2]. Optimizations did not improve timing on the net.
INFO: [Physopt 32-662] Processed net aresetn_repN.  Did not re-place instance aresetn_reg_replica
INFO: [Physopt 32-662] Processed net aresetn_repN.  Did not re-place instance aresetn_reg_replica/Q
INFO: [Physopt 32-702] Processed net aresetn_repN. Optimizations did not improve timing on the net.
INFO: [Physopt 32-662] Processed net core/soc/mixed_cluster/fabric_xactors_to_slaves_10_f_wr_addr/size[31]_i_2_n_0.  Did not re-place instance core/soc/mixed_cluster/fabric_xactors_to_slaves_10_f_wr_addr/size[31]_i_2
INFO: [Physopt 32-662] Processed net core/soc/mixed_cluster/fabric_xactors_to_slaves_10_f_wr_addr/size[31]_i_2_n_0.  Did not re-place instance core/soc/mixed_cluster/fabric_xactors_to_slaves_10_f_wr_addr/size[31]_i_2/O
INFO: [Physopt 32-702] Processed net core/soc/mixed_cluster/fabric_xactors_to_slaves_10_f_wr_addr/size[31]_i_2_n_0. Optimizations did not improve timing on the net.
INFO: [Physopt 32-662] Processed net core/soc/mixed_cluster/fabric_xactors_to_slaves_10_f_wr_addr/size[31]_i_5_n_0.  Did not re-place instance core/soc/mixed_cluster/fabric_xactors_to_slaves_10_f_wr_addr/size[31]_i_5
INFO: [Physopt 32-662] Processed net core/soc/mixed_cluster/fabric_xactors_to_slaves_10_f_wr_addr/size[31]_i_5_n_0.  Did not re-place instance core/soc/mixed_cluster/fabric_xactors_to_slaves_10_f_wr_addr/size[31]_i_5/O
INFO: [Physopt 32-702] Processed net core/soc/mixed_cluster/fabric_xactors_to_slaves_10_f_wr_addr/size[31]_i_5_n_0. Optimizations did not improve timing on the net.
INFO: [Physopt 32-662] Processed net core/soc/mixed_cluster/fabric_xactors_to_slaves_10_f_wr_addr/E[0].  Did not re-place instance core/soc/mixed_cluster/fabric_xactors_to_slaves_10_f_wr_addr/size[31]_i_1
INFO: [Physopt 32-702] Processed net core/soc/mixed_cluster/fabric_xactors_to_slaves_10_f_wr_addr/E[0]. Optimizations did not improve timing on the net.
INFO: [Physopt 32-702] Processed net mig_ddr3/u_mig_ddr3_mig/u_ddr3_infrastructure/clk_pll_i. Optimizations did not improve timing on the net.
INFO: [Physopt 32-619] Estimated Timing Summary | WNS=-0.712 | TNS=-24.892 |
Phase 30 Critical Path Optimization | Checksum: 1cc2b11bb

Time (s): cpu = 00:02:15 ; elapsed = 00:00:50 . Memory (MB): peak = 3902.090 ; gain = 0.000 ; free physical = 11508 ; free virtual = 56794

Phase 31 BRAM Enable Optimization
Phase 31 BRAM Enable Optimization | Checksum: 1cc2b11bb

Time (s): cpu = 00:02:15 ; elapsed = 00:00:50 . Memory (MB): peak = 3902.090 ; gain = 0.000 ; free physical = 11508 ; free virtual = 56794
Netlist sorting complete. Time (s): cpu = 00:00:00.02 ; elapsed = 00:00:00.01 . Memory (MB): peak = 3902.090 ; gain = 0.000 ; free physical = 11510 ; free virtual = 56797
INFO: [Physopt 32-603] Post Physical Optimization Timing Summary | WNS=-0.712 | TNS=-24.892 |

Summary of Physical Synthesis Optimizations
============================================


--------------------------------------------------------------------------------------------------------------------------------------------------------------------
|  Optimization          |  WNS Gain (ns)  |  TNS Gain (ns)  |  Added Cells  |  Removed Cells  |  Optimized Cells/Nets  |  Dont Touch  |  Iterations  |  Elapsed   |
--------------------------------------------------------------------------------------------------------------------------------------------------------------------
|  Fanout                |          0.000  |          0.041  |            0  |              0  |                     1  |           0  |           3  |  00:00:04  |
|  Placement Based       |          0.000  |          6.176  |            0  |              0  |                   105  |           0  |           4  |  00:00:19  |
|  MultiInst Placement   |          0.000  |          0.209  |            0  |              0  |                     3  |           0  |           4  |  00:00:07  |
|  Rewire                |          0.000  |          0.000  |            0  |              0  |                     0  |           0  |           3  |  00:00:01  |
|  Critical Cell         |          0.039  |          1.370  |           11  |              0  |                     1  |           0  |           3  |  00:00:04  |
|  Slr Crossing          |          0.000  |          0.000  |            0  |              0  |                     0  |           0  |           1  |  00:00:00  |
|  DSP Register          |          0.000  |          0.000  |            0  |              0  |                     0  |           0  |           2  |  00:00:00  |
|  BRAM Register         |          0.000  |          0.000  |            0  |              0  |                     0  |           0  |           2  |  00:00:00  |
|  URAM Register         |          0.000  |          0.000  |            0  |              0  |                     0  |           0  |           2  |  00:00:00  |
|  Shift Register        |          0.000  |          0.000  |            0  |              0  |                     0  |           0  |           2  |  00:00:00  |
|  Critical Pin          |          0.000  |          0.000  |            0  |              0  |                     0  |           0  |           1  |  00:00:00  |
|  Very High Fanout      |          0.000  |          0.000  |            0  |              0  |                     0  |           0  |           1  |  00:00:00  |
|  BRAM Enable           |          0.000  |          0.000  |            0  |              0  |                     0  |           0  |           1  |  00:00:00  |
|  Critical Path         |          0.000  |          0.000  |            0  |              0  |                     0  |           0  |           1  |  00:00:03  |
|  Total                 |          0.039  |          7.797  |           11  |              0  |                   110  |           0  |          30  |  00:00:37  |
--------------------------------------------------------------------------------------------------------------------------------------------------------------------


Netlist sorting complete. Time (s): cpu = 00:00:00.01 ; elapsed = 00:00:00.01 . Memory (MB): peak = 3902.090 ; gain = 0.000 ; free physical = 11510 ; free virtual = 56797
Ending Physical Synthesis Task | Checksum: 172f8e094

Time (s): cpu = 00:02:15 ; elapsed = 00:00:51 . Memory (MB): peak = 3902.090 ; gain = 0.000 ; free physical = 11510 ; free virtual = 56797
INFO: [Common 17-83] Releasing license: Implementation
733 Infos, 42 Warnings, 0 Critical Warnings and 0 Errors encountered.
phys_opt_design completed successfully
phys_opt_design: Time (s): cpu = 00:02:56 ; elapsed = 00:01:01 . Memory (MB): peak = 3902.090 ; gain = 0.000 ; free physical = 11581 ; free virtual = 56868
Netlist sorting complete. Time (s): cpu = 00:00:00.02 ; elapsed = 00:00:00.01 . Memory (MB): peak = 3902.090 ; gain = 0.000 ; free physical = 11581 ; free virtual = 56868
INFO: [Timing 38-480] Writing timing data to binary archive.
Writing placer database...
Netlist sorting complete. Time (s): cpu = 00:00:00.04 ; elapsed = 00:00:00.01 . Memory (MB): peak = 3902.090 ; gain = 0.000 ; free physical = 11502 ; free virtual = 56829
Writing XDEF routing.
Writing XDEF routing logical nets.
Writing XDEF routing special nets.
Write XDEF Complete: Time (s): cpu = 00:00:16 ; elapsed = 00:00:07 . Memory (MB): peak = 3902.090 ; gain = 0.000 ; free physical = 11334 ; free virtual = 56784
INFO: [Common 17-1381] The checkpoint '/scratch1/iot/gc2025/hw/fpga_project/c-class/c-class.runs/core_impl_1/fpga_top_physopt.dcp' has been generated.
write_checkpoint: Time (s): cpu = 00:00:27 ; elapsed = 00:00:25 . Memory (MB): peak = 3902.090 ; gain = 0.000 ; free physical = 11512 ; free virtual = 56836
Command: route_design -directive NoTimingRelaxation
Attempting to get a license for feature 'Implementation' and/or device 'xc7a200t'
INFO: [Common 17-349] Got license for feature 'Implementation' and/or device 'xc7a200t'
INFO: [DRC 23-27] Running DRC with 8 threads
INFO: [Vivado_Tcl 4-198] DRC finished with 0 Errors
INFO: [Vivado_Tcl 4-199] Please refer to the DRC report (report_drc) for more information.
Running DRC as a precondition to command route_design
INFO: [DRC 23-27] Running DRC with 8 threads
INFO: [Vivado_Tcl 4-198] DRC finished with 0 Errors
INFO: [Vivado_Tcl 4-199] Please refer to the DRC report (report_drc) for more information.


Starting Routing Task
INFO: [Route 35-270] Using Router directive 'NoTimingRelaxation'.
INFO: [Route 35-254] Multithreading enabled for route_design using a maximum of 8 CPUs
Checksum: PlaceDB: 188201f2 ConstDB: 0 ShapeSum: c1fbe550 RouteDB: 0

Phase 1 Build RT Design
Phase 1 Build RT Design | Checksum: babdb2db

Time (s): cpu = 00:00:50 ; elapsed = 00:00:33 . Memory (MB): peak = 3902.090 ; gain = 0.000 ; free physical = 11256 ; free virtual = 56580
Post Restoration Checksum: NetGraph: 101d3ff1 NumContArr: aaa072ea Constraints: 0 Timing: 0

Phase 2 Router Initialization

Phase 2.1 Create Timer
Phase 2.1 Create Timer | Checksum: babdb2db

Time (s): cpu = 00:00:51 ; elapsed = 00:00:34 . Memory (MB): peak = 3902.090 ; gain = 0.000 ; free physical = 11283 ; free virtual = 56608

Phase 2.2 Fix Topology Constraints
Phase 2.2 Fix Topology Constraints | Checksum: babdb2db

Time (s): cpu = 00:00:52 ; elapsed = 00:00:35 . Memory (MB): peak = 3902.090 ; gain = 0.000 ; free physical = 11237 ; free virtual = 56562

Phase 2.3 Pre Route Cleanup
Phase 2.3 Pre Route Cleanup | Checksum: babdb2db

Time (s): cpu = 00:00:52 ; elapsed = 00:00:35 . Memory (MB): peak = 3902.090 ; gain = 0.000 ; free physical = 11239 ; free virtual = 56564
 Number of Nodes with overlaps = 0

Phase 2.4 Update Timing
Phase 2.4 Update Timing | Checksum: 177547343

Time (s): cpu = 00:01:38 ; elapsed = 00:00:53 . Memory (MB): peak = 3902.090 ; gain = 0.000 ; free physical = 11090 ; free virtual = 56415
INFO: [Route 35-416] Intermediate Timing Summary | WNS=-0.547 | TNS=-15.441| WHS=-1.643 | THS=-2128.084|


Phase 2.5 Update Timing for Bus Skew

Phase 2.5.1 Update Timing
Phase 2.5.1 Update Timing | Checksum: 197a4afd2

Time (s): cpu = 00:02:13 ; elapsed = 00:01:02 . Memory (MB): peak = 3902.090 ; gain = 0.000 ; free physical = 11148 ; free virtual = 56474
INFO: [Route 35-416] Intermediate Timing Summary | WNS=-0.547 | TNS=-15.364| WHS=N/A    | THS=N/A    |

Phase 2.5 Update Timing for Bus Skew | Checksum: 10b278b21

Time (s): cpu = 00:02:14 ; elapsed = 00:01:02 . Memory (MB): peak = 3902.090 ; gain = 0.000 ; free physical = 11140 ; free virtual = 56466
Phase 2 Router Initialization | Checksum: 198b443ae

Time (s): cpu = 00:02:14 ; elapsed = 00:01:03 . Memory (MB): peak = 3902.090 ; gain = 0.000 ; free physical = 11140 ; free virtual = 56466

Phase 3 Initial Routing
Phase 3 Initial Routing | Checksum: 155637ef8

Time (s): cpu = 00:03:09 ; elapsed = 00:01:17 . Memory (MB): peak = 3902.090 ; gain = 0.000 ; free physical = 11115 ; free virtual = 56441

Phase 4 Rip-up And Reroute

Phase 4.1 Global Iteration 0
 Number of Nodes with overlaps = 50910
 Number of Nodes with overlaps = 15504
INFO: [Route 35-416] Intermediate Timing Summary | WNS=-0.699 | TNS=-21.986| WHS=N/A    | THS=N/A    |

WARNING: [Route 35-447] Congestion is preventing the router from routing all nets. The router will prioritize the successful completion of routing all nets over timing optimizations.
Phase 4.1 Global Iteration 0 | Checksum: a9d385c3

Time (s): cpu = 00:29:00 ; elapsed = 00:09:33 . Memory (MB): peak = 3902.090 ; gain = 0.000 ; free physical = 6414 ; free virtual = 53564

Phase 4.2 Global Iteration 1
 Number of Nodes with overlaps = 22942
 Number of Nodes with overlaps = 7292
 Number of Nodes with overlaps = 2342
 Number of Nodes with overlaps = 897
 Number of Nodes with overlaps = 348
 Number of Nodes with overlaps = 172
 Number of Nodes with overlaps = 102
 Number of Nodes with overlaps = 51
 Number of Nodes with overlaps = 27
 Number of Nodes with overlaps = 18
 Number of Nodes with overlaps = 7
 Number of Nodes with overlaps = 9
 Number of Nodes with overlaps = 4
 Number of Nodes with overlaps = 1
 Number of Nodes with overlaps = 2
 Number of Nodes with overlaps = 1
 Number of Nodes with overlaps = 0
INFO: [Route 35-416] Intermediate Timing Summary | WNS=-0.687 | TNS=-21.635| WHS=N/A    | THS=N/A    |

Phase 4.2 Global Iteration 1 | Checksum: 14961fee7

Time (s): cpu = 00:58:05 ; elapsed = 00:18:09 . Memory (MB): peak = 3902.090 ; gain = 0.000 ; free physical = 6238 ; free virtual = 53389

Phase 4.3 Global Iteration 2
 Number of Nodes with overlaps = 342
 Number of Nodes with overlaps = 442
 Number of Nodes with overlaps = 276
 Number of Nodes with overlaps = 213
 Number of Nodes with overlaps = 170
 Number of Nodes with overlaps = 87
 Number of Nodes with overlaps = 34
 Number of Nodes with overlaps = 39
 Number of Nodes with overlaps = 21
 Number of Nodes with overlaps = 22
 Number of Nodes with overlaps = 18
 Number of Nodes with overlaps = 17
 Number of Nodes with overlaps = 1
 Number of Nodes with overlaps = 1
 Number of Nodes with overlaps = 3
 Number of Nodes with overlaps = 11
 Number of Nodes with overlaps = 6
 Number of Nodes with overlaps = 4
 Number of Nodes with overlaps = 4
 Number of Nodes with overlaps = 6
 Number of Nodes with overlaps = 3
 Number of Nodes with overlaps = 0
INFO: [Route 35-416] Intermediate Timing Summary | WNS=-0.699 | TNS=-21.863| WHS=N/A    | THS=N/A    |

Phase 4.3 Global Iteration 2 | Checksum: 1c249ce5b

Time (s): cpu = 01:00:23 ; elapsed = 00:19:33 . Memory (MB): peak = 3902.090 ; gain = 0.000 ; free physical = 6264 ; free virtual = 53416
Phase 4 Rip-up And Reroute | Checksum: 1c249ce5b

Time (s): cpu = 01:00:23 ; elapsed = 00:19:33 . Memory (MB): peak = 3902.090 ; gain = 0.000 ; free physical = 6264 ; free virtual = 53416

Phase 5 Delay and Skew Optimization

Phase 5.1 Delay CleanUp

Phase 5.1.1 Update Timing
Phase 5.1.1 Update Timing | Checksum: 1c55c9618

Time (s): cpu = 01:00:33 ; elapsed = 00:19:37 . Memory (MB): peak = 3902.090 ; gain = 0.000 ; free physical = 6248 ; free virtual = 53399
INFO: [Route 35-416] Intermediate Timing Summary | WNS=-0.687 | TNS=-21.635| WHS=N/A    | THS=N/A    |

 Number of Nodes with overlaps = 0
Phase 5.1 Delay CleanUp | Checksum: 129b33306

Time (s): cpu = 01:00:35 ; elapsed = 00:19:38 . Memory (MB): peak = 3902.090 ; gain = 0.000 ; free physical = 6246 ; free virtual = 53398

Phase 5.2 Clock Skew Optimization
Phase 5.2 Clock Skew Optimization | Checksum: 129b33306

Time (s): cpu = 01:00:35 ; elapsed = 00:19:38 . Memory (MB): peak = 3902.090 ; gain = 0.000 ; free physical = 6256 ; free virtual = 53408
Phase 5 Delay and Skew Optimization | Checksum: 129b33306

Time (s): cpu = 01:00:36 ; elapsed = 00:19:38 . Memory (MB): peak = 3902.090 ; gain = 0.000 ; free physical = 6256 ; free virtual = 53408

Phase 6 Post Hold Fix

Phase 6.1 Hold Fix Iter

Phase 6.1.1 Update Timing
Phase 6.1.1 Update Timing | Checksum: 13deb7f70

Time (s): cpu = 01:00:46 ; elapsed = 00:19:42 . Memory (MB): peak = 3902.090 ; gain = 0.000 ; free physical = 6278 ; free virtual = 53429
INFO: [Route 35-416] Intermediate Timing Summary | WNS=-0.687 | TNS=-21.790| WHS=-0.026 | THS=-0.026 |

Phase 6.1 Hold Fix Iter | Checksum: 151ce66ce

Time (s): cpu = 01:00:47 ; elapsed = 00:19:43 . Memory (MB): peak = 3902.090 ; gain = 0.000 ; free physical = 6278 ; free virtual = 53430
Phase 6 Post Hold Fix | Checksum: 12507868f

Time (s): cpu = 01:00:48 ; elapsed = 00:19:43 . Memory (MB): peak = 3902.090 ; gain = 0.000 ; free physical = 6278 ; free virtual = 53430

Phase 7 Timing Verification

Phase 7.1 Update Timing
Phase 7.1 Update Timing | Checksum: 1df116411

Time (s): cpu = 01:01:05 ; elapsed = 00:19:48 . Memory (MB): peak = 3902.090 ; gain = 0.000 ; free physical = 6269 ; free virtual = 53420
INFO: [Route 35-416] Intermediate Timing Summary | WNS=-0.687 | TNS=-21.790| WHS=N/A    | THS=N/A    |

Phase 7 Timing Verification | Checksum: 1df116411

Time (s): cpu = 01:01:06 ; elapsed = 00:19:48 . Memory (MB): peak = 3902.090 ; gain = 0.000 ; free physical = 6268 ; free virtual = 53420

Phase 8 Route finalize

Router Utilization Summary
  Global Vertical Routing Utilization    = 19.6788 %
  Global Horizontal Routing Utilization  = 22.382 %
  Routable Net Status*
  *Does not include unroutable nets such as driverless and loadless.
  Run report_route_status for detailed report.
  Number of Failed Nets               = 0
  Number of Unrouted Nets             = 0
  Number of Partially Routed Nets     = 0
  Number of Node Overlaps             = 0

Congestion Report
North Dir 16x16 Area, Max Cong = 85.0471%, Congestion bounded by tiles (Lower Left Tile -> Upper Right Tile):
   INT_L_X64Y58 -> INT_R_X79Y73
South Dir 4x4 Area, Max Cong = 90.4842%, Congestion bounded by tiles (Lower Left Tile -> Upper Right Tile):
   INT_L_X80Y50 -> INT_R_X83Y53
   NULL_X182Y48 -> INT_R_X75Y49
   INT_L_X76Y46 -> INT_R_X79Y49
East Dir 8x8 Area, Max Cong = 89.2004%, Congestion bounded by tiles (Lower Left Tile -> Upper Right Tile):
   INT_L_X72Y58 -> INT_R_X79Y65
   INT_L_X56Y50 -> INT_R_X63Y57
   INT_L_X64Y50 -> INT_R_X71Y57
West Dir 16x16 Area, Max Cong = 91.5728%, Congestion bounded by tiles (Lower Left Tile -> Upper Right Tile):
   INT_L_X64Y58 -> INT_R_X79Y73

------------------------------
Reporting congestion hotspots
------------------------------
Direction: North
----------------
Congested clusters found at Level 3
Effective congestion level: 4 Aspect Ratio: 1 Sparse Ratio: 1.25
Direction: South
----------------
Congested clusters found at Level 1
Effective congestion level: 3 Aspect Ratio: 0.6 Sparse Ratio: 1.625
Direction: East
----------------
Congested clusters found at Level 2
Effective congestion level: 4 Aspect Ratio: 0.555556 Sparse Ratio: 1.8125
Direction: West
----------------
Congested clusters found at Level 3
Effective congestion level: 5 Aspect Ratio: 1 Sparse Ratio: 0.8125

Phase 8 Route finalize | Checksum: 1df116411

Time (s): cpu = 01:01:07 ; elapsed = 00:19:49 . Memory (MB): peak = 3902.090 ; gain = 0.000 ; free physical = 6270 ; free virtual = 53422

Phase 9 Verifying routed nets

 Verification completed successfully
Phase 9 Verifying routed nets | Checksum: 1df116411

Time (s): cpu = 01:01:07 ; elapsed = 00:19:49 . Memory (MB): peak = 3902.090 ; gain = 0.000 ; free physical = 6267 ; free virtual = 53418

Phase 10 Depositing Routes
Phase 10 Depositing Routes | Checksum: 21909bc95

Time (s): cpu = 01:01:14 ; elapsed = 00:19:56 . Memory (MB): peak = 3902.090 ; gain = 0.000 ; free physical = 6295 ; free virtual = 53447

Phase 11 Incr Placement Change
Netlist sorting complete. Time (s): cpu = 00:00:00.01 ; elapsed = 00:00:00.01 . Memory (MB): peak = 3902.090 ; gain = 0.000 ; free physical = 6268 ; free virtual = 53419
INFO: [Place 30-746] Post Placement Timing Summary WNS=-0.658. For the most accurate timing information please run report_timing.
Ending IncrPlace Task | Checksum: 14ff3ae79

Time (s): cpu = 00:01:21 ; elapsed = 00:00:32 . Memory (MB): peak = 3902.090 ; gain = 0.000 ; free physical = 6194 ; free virtual = 53346
Phase 11 Incr Placement Change | Checksum: 21909bc95

Time (s): cpu = 01:02:38 ; elapsed = 00:20:30 . Memory (MB): peak = 3902.090 ; gain = 0.000 ; free physical = 6206 ; free virtual = 53358

Phase 12 Build RT Design
Phase 12 Build RT Design | Checksum: a3f08a85

Time (s): cpu = 01:02:53 ; elapsed = 00:20:46 . Memory (MB): peak = 3902.090 ; gain = 0.000 ; free physical = 6182 ; free virtual = 53334
Post Restoration Checksum: NetGraph: 6dd6b983 NumContArr: e90cd40 Constraints: 0 Timing: 0

Phase 13 Router Initialization

Phase 13.1 Create Timer
Phase 13.1 Create Timer | Checksum: 7c6786c3

Time (s): cpu = 01:02:57 ; elapsed = 00:20:50 . Memory (MB): peak = 3902.090 ; gain = 0.000 ; free physical = 6187 ; free virtual = 53339

Phase 13.2 Fix Topology Constraints
Phase 13.2 Fix Topology Constraints | Checksum: 7c6786c3

Time (s): cpu = 01:02:58 ; elapsed = 00:20:51 . Memory (MB): peak = 3902.090 ; gain = 0.000 ; free physical = 6148 ; free virtual = 53300

Phase 13.3 Pre Route Cleanup
Phase 13.3 Pre Route Cleanup | Checksum: 1851dd14a

Time (s): cpu = 01:02:58 ; elapsed = 00:20:51 . Memory (MB): peak = 3902.090 ; gain = 0.000 ; free physical = 6148 ; free virtual = 53300
 Number of Nodes with overlaps = 0

Phase 13.4 Update Timing
Phase 13.4 Update Timing | Checksum: 133b9cf1b

Time (s): cpu = 01:03:55 ; elapsed = 00:21:11 . Memory (MB): peak = 3907.770 ; gain = 5.680 ; free physical = 6025 ; free virtual = 53178
INFO: [Route 35-416] Intermediate Timing Summary | WNS=-0.637 | TNS=-22.913| WHS=-1.572 | THS=-2076.219|


Phase 13.5 Update Timing for Bus Skew

Phase 13.5.1 Update Timing
Phase 13.5.1 Update Timing | Checksum: e759c3c4

Time (s): cpu = 01:04:33 ; elapsed = 00:21:20 . Memory (MB): peak = 3907.770 ; gain = 5.680 ; free physical = 6018 ; free virtual = 53170
INFO: [Route 35-416] Intermediate Timing Summary | WNS=-0.637 | TNS=-22.774| WHS=N/A    | THS=N/A    |

Phase 13.5 Update Timing for Bus Skew | Checksum: 1b4045cd9

Time (s): cpu = 01:04:33 ; elapsed = 00:21:20 . Memory (MB): peak = 3907.770 ; gain = 5.680 ; free physical = 6019 ; free virtual = 53171
Phase 13 Router Initialization | Checksum: 1579948c2

Time (s): cpu = 01:04:34 ; elapsed = 00:21:21 . Memory (MB): peak = 3907.770 ; gain = 5.680 ; free physical = 6042 ; free virtual = 53195

Phase 14 Initial Routing
Phase 14 Initial Routing | Checksum: 1c829aa23

Time (s): cpu = 01:04:36 ; elapsed = 00:21:23 . Memory (MB): peak = 3907.770 ; gain = 5.680 ; free physical = 6016 ; free virtual = 53169

Phase 15 Rip-up And Reroute

Phase 15.1 Global Iteration 0
 Number of Nodes with overlaps = 1087
 Number of Nodes with overlaps = 863
 Number of Nodes with overlaps = 712
 Number of Nodes with overlaps = 548
 Number of Nodes with overlaps = 289
 Number of Nodes with overlaps = 193
 Number of Nodes with overlaps = 117
 Number of Nodes with overlaps = 140
 Number of Nodes with overlaps = 74
 Number of Nodes with overlaps = 27
 Number of Nodes with overlaps = 14
 Number of Nodes with overlaps = 7
 Number of Nodes with overlaps = 4
 Number of Nodes with overlaps = 8
 Number of Nodes with overlaps = 4
 Number of Nodes with overlaps = 4
 Number of Nodes with overlaps = 4
 Number of Nodes with overlaps = 4
 Number of Nodes with overlaps = 6
 Number of Nodes with overlaps = 6
 Number of Nodes with overlaps = 2
 Number of Nodes with overlaps = 2
 Number of Nodes with overlaps = 2
 Number of Nodes with overlaps = 2
 Number of Nodes with overlaps = 0
INFO: [Route 35-416] Intermediate Timing Summary | WNS=-0.669 | TNS=-21.770| WHS=N/A    | THS=N/A    |

Phase 15.1 Global Iteration 0 | Checksum: 1be4e4da5

Time (s): cpu = 01:07:18 ; elapsed = 00:22:52 . Memory (MB): peak = 3919.809 ; gain = 17.719 ; free physical = 5935 ; free virtual = 53091

Phase 15.2 Global Iteration 1
 Number of Nodes with overlaps = 115
 Number of Nodes with overlaps = 126
 Number of Nodes with overlaps = 75
 Number of Nodes with overlaps = 72
 Number of Nodes with overlaps = 54
 Number of Nodes with overlaps = 42
 Number of Nodes with overlaps = 29
 Number of Nodes with overlaps = 15
 Number of Nodes with overlaps = 15
 Number of Nodes with overlaps = 9
 Number of Nodes with overlaps = 4
 Number of Nodes with overlaps = 0
INFO: [Route 35-416] Intermediate Timing Summary | WNS=-0.681 | TNS=-19.891| WHS=N/A    | THS=N/A    |

Phase 15.2 Global Iteration 1 | Checksum: 153636e08

Time (s): cpu = 01:08:14 ; elapsed = 00:23:31 . Memory (MB): peak = 3919.809 ; gain = 17.719 ; free physical = 5967 ; free virtual = 53124
Phase 15 Rip-up And Reroute | Checksum: 153636e08

Time (s): cpu = 01:08:14 ; elapsed = 00:23:31 . Memory (MB): peak = 3919.809 ; gain = 17.719 ; free physical = 5967 ; free virtual = 53124

Phase 16 Delay and Skew Optimization

Phase 16.1 Delay CleanUp

Phase 16.1.1 Update Timing
Phase 16.1.1 Update Timing | Checksum: 143d513f7

Time (s): cpu = 01:08:23 ; elapsed = 00:23:34 . Memory (MB): peak = 3919.809 ; gain = 17.719 ; free physical = 5953 ; free virtual = 53109
INFO: [Route 35-416] Intermediate Timing Summary | WNS=-0.669 | TNS=-21.770| WHS=N/A    | THS=N/A    |

 Number of Nodes with overlaps = 0
Phase 16.1 Delay CleanUp | Checksum: 16c85b01f

Time (s): cpu = 01:08:26 ; elapsed = 00:23:36 . Memory (MB): peak = 3919.809 ; gain = 17.719 ; free physical = 5915 ; free virtual = 53071

Phase 16.2 Clock Skew Optimization
Phase 16.2 Clock Skew Optimization | Checksum: 16c85b01f

Time (s): cpu = 01:08:26 ; elapsed = 00:23:36 . Memory (MB): peak = 3919.809 ; gain = 17.719 ; free physical = 5915 ; free virtual = 53071
Phase 16 Delay and Skew Optimization | Checksum: 16c85b01f

Time (s): cpu = 01:08:26 ; elapsed = 00:23:36 . Memory (MB): peak = 3919.809 ; gain = 17.719 ; free physical = 5920 ; free virtual = 53077

Phase 17 Post Hold Fix

Phase 17.1 Hold Fix Iter

Phase 17.1.1 Update Timing
Phase 17.1.1 Update Timing | Checksum: 11edb2cf1

Time (s): cpu = 01:08:37 ; elapsed = 00:23:39 . Memory (MB): peak = 3919.809 ; gain = 17.719 ; free physical = 5950 ; free virtual = 53106
INFO: [Route 35-416] Intermediate Timing Summary | WNS=-0.669 | TNS=-21.770| WHS=0.050  | THS=0.000  |

Phase 17.1 Hold Fix Iter | Checksum: d5f10a85

Time (s): cpu = 01:08:38 ; elapsed = 00:23:40 . Memory (MB): peak = 3919.809 ; gain = 17.719 ; free physical = 5950 ; free virtual = 53106
Phase 17 Post Hold Fix | Checksum: d5f10a85

Time (s): cpu = 01:08:38 ; elapsed = 00:23:40 . Memory (MB): peak = 3919.809 ; gain = 17.719 ; free physical = 5955 ; free virtual = 53111

Phase 18 Timing Verification

Phase 18.1 Update Timing
Phase 18.1 Update Timing | Checksum: 12248fda8

Time (s): cpu = 01:08:56 ; elapsed = 00:23:45 . Memory (MB): peak = 3919.809 ; gain = 17.719 ; free physical = 5963 ; free virtual = 53120
INFO: [Route 35-416] Intermediate Timing Summary | WNS=-0.669 | TNS=-21.770| WHS=N/A    | THS=N/A    |

Phase 18 Timing Verification | Checksum: 12248fda8

Time (s): cpu = 01:08:56 ; elapsed = 00:23:45 . Memory (MB): peak = 3919.809 ; gain = 17.719 ; free physical = 5966 ; free virtual = 53123

Phase 19 Route finalize

Router Utilization Summary
  Global Vertical Routing Utilization    = 19.6941 %
  Global Horizontal Routing Utilization  = 22.418 %
  Routable Net Status*
  *Does not include unroutable nets such as driverless and loadless.
  Run report_route_status for detailed report.
  Number of Failed Nets               = 0
  Number of Unrouted Nets             = 0
  Number of Partially Routed Nets     = 0
  Number of Node Overlaps             = 0

Congestion Report
North Dir 16x16 Area, Max Cong = 85.2689%, Congestion bounded by tiles (Lower Left Tile -> Upper Right Tile):
   INT_L_X64Y58 -> INT_R_X79Y73
South Dir 4x4 Area, Max Cong = 90.4842%, Congestion bounded by tiles (Lower Left Tile -> Upper Right Tile):
   INT_L_X80Y50 -> INT_R_X83Y53
   NULL_X182Y48 -> INT_R_X75Y49
   INT_L_X76Y46 -> INT_R_X79Y49
East Dir 8x8 Area, Max Cong = 89.2004%, Congestion bounded by tiles (Lower Left Tile -> Upper Right Tile):
   INT_L_X72Y58 -> INT_R_X79Y65
   INT_L_X56Y50 -> INT_R_X63Y57
   INT_L_X64Y50 -> INT_R_X71Y57
West Dir 16x16 Area, Max Cong = 91.5958%, Congestion bounded by tiles (Lower Left Tile -> Upper Right Tile):
   INT_L_X64Y58 -> INT_R_X79Y73

------------------------------
Reporting congestion hotspots
------------------------------
Direction: North
----------------
Congested clusters found at Level 3
Effective congestion level: 4 Aspect Ratio: 1 Sparse Ratio: 1.25
Direction: South
----------------
Congested clusters found at Level 1
Effective congestion level: 3 Aspect Ratio: 0.6 Sparse Ratio: 1.625
Direction: East
----------------
Congested clusters found at Level 2
Effective congestion level: 4 Aspect Ratio: 0.555556 Sparse Ratio: 1.8125
Direction: West
----------------
Congested clusters found at Level 3
Effective congestion level: 5 Aspect Ratio: 1 Sparse Ratio: 0.8125

Phase 19 Route finalize | Checksum: 12248fda8

Time (s): cpu = 01:08:57 ; elapsed = 00:23:46 . Memory (MB): peak = 3919.809 ; gain = 17.719 ; free physical = 5967 ; free virtual = 53123

Phase 20 Verifying routed nets

 Verification completed successfully
Phase 20 Verifying routed nets | Checksum: 12248fda8

Time (s): cpu = 01:08:57 ; elapsed = 00:23:46 . Memory (MB): peak = 3919.809 ; gain = 17.719 ; free physical = 5967 ; free virtual = 53123

Phase 21 Depositing Routes
Phase 21 Depositing Routes | Checksum: caa47319

Time (s): cpu = 01:09:04 ; elapsed = 00:23:53 . Memory (MB): peak = 3919.809 ; gain = 17.719 ; free physical = 5993 ; free virtual = 53149

Phase 22 Post Router Timing
INFO: [Route 35-20] Post Routing Timing Summary | WNS=-0.662 | TNS=-21.379| WHS=0.051  | THS=0.000  |

CRITICAL WARNING: [Route 35-39] The design did not meet timing requirements. Please run report_timing_summary for detailed reports.
Resolution: Verify that the timing was met or had small violations at all previous steps (synthesis, placement, power_opt, and phys_opt). Run report_timing_summary and analyze individual timing paths.
INFO: [Route 35-253] TNS is the sum of the worst slack violation on every endpoint in the design. Review the paths with the biggest WNS violations in the timing reports and modify your constraints or your design to improve both WNS and TNS.
Phase 22 Post Router Timing | Checksum: f30eb403

Time (s): cpu = 01:09:47 ; elapsed = 00:24:02 . Memory (MB): peak = 3919.809 ; gain = 17.719 ; free physical = 6096 ; free virtual = 53253
INFO: [Route 35-16] Router Completed Successfully

Time (s): cpu = 01:09:47 ; elapsed = 00:24:02 . Memory (MB): peak = 3919.809 ; gain = 17.719 ; free physical = 6436 ; free virtual = 53592

Routing Is Done.
INFO: [Common 17-83] Releasing license: Implementation
764 Infos, 43 Warnings, 1 Critical Warnings and 0 Errors encountered.
route_design completed successfully
route_design: Time (s): cpu = 01:09:57 ; elapsed = 00:24:07 . Memory (MB): peak = 3919.809 ; gain = 17.719 ; free physical = 6436 ; free virtual = 53592
Netlist sorting complete. Time (s): cpu = 00:00:00.02 ; elapsed = 00:00:00.01 . Memory (MB): peak = 3919.809 ; gain = 0.000 ; free physical = 6437 ; free virtual = 53594
INFO: [Timing 38-480] Writing timing data to binary archive.
Writing placer database...
Netlist sorting complete. Time (s): cpu = 00:00:00.05 ; elapsed = 00:00:00.01 . Memory (MB): peak = 3919.809 ; gain = 0.000 ; free physical = 6344 ; free virtual = 53545
Writing XDEF routing.
Writing XDEF routing logical nets.
Writing XDEF routing special nets.
Write XDEF Complete: Time (s): cpu = 00:00:19 ; elapsed = 00:00:08 . Memory (MB): peak = 3919.809 ; gain = 0.000 ; free physical = 6177 ; free virtual = 53543
INFO: [Common 17-1381] The checkpoint '/scratch1/iot/gc2025/hw/fpga_project/c-class/c-class.runs/core_impl_1/fpga_top_routed.dcp' has been generated.
write_checkpoint: Time (s): cpu = 00:00:30 ; elapsed = 00:00:27 . Memory (MB): peak = 3919.809 ; gain = 0.000 ; free physical = 6411 ; free virtual = 53617
INFO: [runtcl-4] Executing : report_drc -file fpga_top_drc_routed.rpt -pb fpga_top_drc_routed.pb -rpx fpga_top_drc_routed.rpx
Command: report_drc -file fpga_top_drc_routed.rpt -pb fpga_top_drc_routed.pb -rpx fpga_top_drc_routed.rpx
INFO: [IP_Flow 19-1839] IP Catalog is up to date.
INFO: [DRC 23-27] Running DRC with 8 threads
INFO: [Coretcl 2-168] The results of DRC are in file /scratch1/iot/gc2025/hw/fpga_project/c-class/c-class.runs/core_impl_1/fpga_top_drc_routed.rpt.
report_drc completed successfully
report_drc: Time (s): cpu = 00:00:24 ; elapsed = 00:00:07 . Memory (MB): peak = 4007.852 ; gain = 88.043 ; free physical = 6369 ; free virtual = 53575
INFO: [runtcl-4] Executing : report_methodology -file fpga_top_methodology_drc_routed.rpt -pb fpga_top_methodology_drc_routed.pb -rpx fpga_top_methodology_drc_routed.rpx
Command: report_methodology -file fpga_top_methodology_drc_routed.rpt -pb fpga_top_methodology_drc_routed.pb -rpx fpga_top_methodology_drc_routed.rpx
INFO: [Timing 38-35] Done setting XDC timing constraints.
INFO: [DRC 23-133] Running Methodology with 8 threads
INFO: [Coretcl 2-1520] The results of Report Methodology are in file /scratch1/iot/gc2025/hw/fpga_project/c-class/c-class.runs/core_impl_1/fpga_top_methodology_drc_routed.rpt.
report_methodology completed successfully
report_methodology: Time (s): cpu = 00:01:19 ; elapsed = 00:00:19 . Memory (MB): peak = 4007.852 ; gain = 0.000 ; free physical = 6015 ; free virtual = 53223
INFO: [runtcl-4] Executing : report_power -file fpga_top_power_routed.rpt -pb fpga_top_power_summary_routed.pb -rpx fpga_top_power_routed.rpx
Command: report_power -file fpga_top_power_routed.rpt -pb fpga_top_power_summary_routed.pb -rpx fpga_top_power_routed.rpx
INFO: [Timing 38-35] Done setting XDC timing constraints.
Running Vector-less Activity Propagation...

Finished Running Vector-less Activity Propagation
WARNING: [Power 33-332] Found switching activity that implies high-fanout reset nets being asserted for excessive periods of time which may result in inaccurate power analysis.
Resolution: To review and fix problems, please run Power Constraints Advisor in the GUI from Tools > Power Constraints Advisor or run report_power with the -advisory option to generate a text report.
776 Infos, 44 Warnings, 1 Critical Warnings and 0 Errors encountered.
report_power completed successfully
report_power: Time (s): cpu = 00:01:15 ; elapsed = 00:00:36 . Memory (MB): peak = 4039.875 ; gain = 32.023 ; free physical = 6049 ; free virtual = 53270
INFO: [runtcl-4] Executing : report_route_status -file fpga_top_route_status.rpt -pb fpga_top_route_status.pb
INFO: [runtcl-4] Executing : report_timing_summary -max_paths 10 -file fpga_top_timing_summary_routed.rpt -pb fpga_top_timing_summary_routed.pb -rpx fpga_top_timing_summary_routed.rpx -warn_on_violation 
INFO: [Timing 38-91] UpdateTimingParams: Speed grade: -1, Delay Type: min_max.
INFO: [Timing 38-191] Multithreading enabled for timing update using a maximum of 8 CPUs
CRITICAL WARNING: [Timing 38-282] The design failed to meet the timing requirements. Please see the timing summary report for details on the timing violations.
WARNING: [Timing 38-436] There are set_bus_skew constraint(s) in this design. Please run report_bus_skew to ensure that bus skew requirements are met.
INFO: [runtcl-4] Executing : report_incremental_reuse -file fpga_top_incremental_reuse_routed.rpt
INFO: [Vivado_Tcl 4-1062] Incremental flow is disabled. No incremental reuse Info to report.
INFO: [runtcl-4] Executing : report_clock_utilization -file fpga_top_clock_utilization_routed.rpt
INFO: [runtcl-4] Executing : report_bus_skew -warn_on_violation -file fpga_top_bus_skew_routed.rpt -pb fpga_top_bus_skew_routed.pb -rpx fpga_top_bus_skew_routed.rpx
INFO: [Timing 38-91] UpdateTimingParams: Speed grade: -1, Delay Type: min_max.
INFO: [Timing 38-191] Multithreading enabled for timing update using a maximum of 8 CPUs
Command: write_bitstream -force fpga_top.bit
Attempting to get a license for feature 'Implementation' and/or device 'xc7a200t'
INFO: [Common 17-349] Got license for feature 'Implementation' and/or device 'xc7a200t'
Running DRC as a precondition to command write_bitstream
INFO: [IP_Flow 19-1839] IP Catalog is up to date.
INFO: [DRC 23-27] Running DRC with 8 threads
WARNING: [DRC BUFC-1] Input Buffer Connections: Input buffer mig_ddr3/u_mig_ddr3_mig/u_memc_ui_top_axi/mem_intfc0/ddr_phy_top0/u_ddr_mc_phy_wrapper/gen_dqs_iobuf_HR.gen_dqs_iobuf[0].gen_dqs_diff.u_iobuf_dqs/IBUFDS_0 has no loads. It is recommended to have an input buffer drive an internal load.
WARNING: [DRC BUFC-1] Input Buffer Connections: Input buffer mig_ddr3/u_mig_ddr3_mig/u_memc_ui_top_axi/mem_intfc0/ddr_phy_top0/u_ddr_mc_phy_wrapper/gen_dqs_iobuf_HR.gen_dqs_iobuf[1].gen_dqs_diff.u_iobuf_dqs/IBUFDS_0 has no loads. It is recommended to have an input buffer drive an internal load.
WARNING: [DRC CFGBVS-1] Missing CFGBVS and CONFIG_VOLTAGE Design Properties: Neither the CFGBVS nor CONFIG_VOLTAGE voltage property is set in the current_design.  Configuration bank voltage select (CFGBVS) must be set to VCCO or GND, and CONFIG_VOLTAGE must be set to the correct configuration voltage, in order to determine the I/O voltage support for the pins in bank 0.  It is suggested to specify these either using the 'Edit Device Properties' function in the GUI or directly in the XDC file using the following syntax:

 set_property CFGBVS value1 [current_design]
 #where value1 is either VCCO or GND

 set_property CONFIG_VOLTAGE value2 [current_design]
 #where value2 is the voltage provided to configuration bank 0

Refer to the device configuration user guide for more information.
WARNING: [DRC CHECK-3] Report rule limit reached: REQP-1839 rule limit reached: 20 violations have been found.
WARNING: [DRC CHECK-3] Report rule limit reached: REQP-1840 rule limit reached: 20 violations have been found.
WARNING: [DRC DPOP-1] PREG Output pipelining: DSP core/soc/ccore/riscv/mbox/mul_/signed_mul/c output core/soc/ccore/riscv/mbox/mul_/signed_mul/c/P[47:0] is not pipelined (PREG=0). Pipelining the DSP48 output will improve performance and often saves power so it is suggested whenever possible to fully pipeline this function.  If this DSP48 function was inferred, it is suggested to describe an additional register stage after this function.  If the DSP48 was instantiated in the design, it is suggested to set the PREG attribute to 1.
WARNING: [DRC DPOP-1] PREG Output pipelining: DSP core/soc/ccore/riscv/mbox/mul_/signed_mul/c__0 output core/soc/ccore/riscv/mbox/mul_/signed_mul/c__0/P[47:0] is not pipelined (PREG=0). Pipelining the DSP48 output will improve performance and often saves power so it is suggested whenever possible to fully pipeline this function.  If this DSP48 function was inferred, it is suggested to describe an additional register stage after this function.  If the DSP48 was instantiated in the design, it is suggested to set the PREG attribute to 1.
WARNING: [DRC DPOP-1] PREG Output pipelining: DSP core/soc/ccore/riscv/mbox/mul_/signed_mul/c__1 output core/soc/ccore/riscv/mbox/mul_/signed_mul/c__1/P[47:0] is not pipelined (PREG=0). Pipelining the DSP48 output will improve performance and often saves power so it is suggested whenever possible to fully pipeline this function.  If this DSP48 function was inferred, it is suggested to describe an additional register stage after this function.  If the DSP48 was instantiated in the design, it is suggested to set the PREG attribute to 1.
WARNING: [DRC DPOP-1] PREG Output pipelining: DSP core/soc/ccore/riscv/mbox/mul_/signed_mul/c__2 output core/soc/ccore/riscv/mbox/mul_/signed_mul/c__2/P[47:0] is not pipelined (PREG=0). Pipelining the DSP48 output will improve performance and often saves power so it is suggested whenever possible to fully pipeline this function.  If this DSP48 function was inferred, it is suggested to describe an additional register stage after this function.  If the DSP48 was instantiated in the design, it is suggested to set the PREG attribute to 1.
WARNING: [DRC DPOP-2] MREG Output pipelining: DSP core/soc/ccore/riscv/mbox/mul_/signed_mul/c multiplier stage core/soc/ccore/riscv/mbox/mul_/signed_mul/c/P[47:0] is not pipelined (MREG=0). Pipelining the multiplier function will improve performance and will save significant power so it is suggested whenever possible to fully pipeline this function.  If this multiplier was inferred, it is suggested to describe an additional register stage after this function.  If there is no registered adder/accumulator following the multiply function, two pipeline stages are suggested to allow both the MREG and PREG registers to be used.  If the DSP48 was instantiated in the design, it is suggested to set both the MREG and PREG attributes to 1 when performing multiply functions.
WARNING: [DRC DPOP-2] MREG Output pipelining: DSP core/soc/ccore/riscv/mbox/mul_/signed_mul/c__0 multiplier stage core/soc/ccore/riscv/mbox/mul_/signed_mul/c__0/P[47:0] is not pipelined (MREG=0). Pipelining the multiplier function will improve performance and will save significant power so it is suggested whenever possible to fully pipeline this function.  If this multiplier was inferred, it is suggested to describe an additional register stage after this function.  If there is no registered adder/accumulator following the multiply function, two pipeline stages are suggested to allow both the MREG and PREG registers to be used.  If the DSP48 was instantiated in the design, it is suggested to set both the MREG and PREG attributes to 1 when performing multiply functions.
WARNING: [DRC DPOP-2] MREG Output pipelining: DSP core/soc/ccore/riscv/mbox/mul_/signed_mul/c__1 multiplier stage core/soc/ccore/riscv/mbox/mul_/signed_mul/c__1/P[47:0] is not pipelined (MREG=0). Pipelining the multiplier function will improve performance and will save significant power so it is suggested whenever possible to fully pipeline this function.  If this multiplier was inferred, it is suggested to describe an additional register stage after this function.  If there is no registered adder/accumulator following the multiply function, two pipeline stages are suggested to allow both the MREG and PREG registers to be used.  If the DSP48 was instantiated in the design, it is suggested to set both the MREG and PREG attributes to 1 when performing multiply functions.
WARNING: [DRC DPOP-2] MREG Output pipelining: DSP core/soc/ccore/riscv/mbox/mul_/signed_mul/c__2 multiplier stage core/soc/ccore/riscv/mbox/mul_/signed_mul/c__2/P[47:0] is not pipelined (MREG=0). Pipelining the multiplier function will improve performance and will save significant power so it is suggested whenever possible to fully pipeline this function.  If this multiplier was inferred, it is suggested to describe an additional register stage after this function.  If there is no registered adder/accumulator following the multiply function, two pipeline stages are suggested to allow both the MREG and PREG registers to be used.  If the DSP48 was instantiated in the design, it is suggested to set both the MREG and PREG attributes to 1 when performing multiply functions.
WARNING: [DRC REQP-1709] Clock output buffering: PLLE2_ADV connectivity violation. The signal mig_ddr3/u_mig_ddr3_mig/u_ddr3_infrastructure/pll_clk3_out on the mig_ddr3/u_mig_ddr3_mig/u_ddr3_infrastructure/plle2_i/CLKOUT3 pin of mig_ddr3/u_mig_ddr3_mig/u_ddr3_infrastructure/plle2_i does not drive the same kind of BUFFER load as the other CLKOUT pins. Routing from the different buffer types will not be phase aligned.
WARNING: [DRC REQP-1839] RAMB36 async control check: The RAMB36E1 core/soc/boot_dut_dmemMSB/portb_we[1].RAM_reg_0 has an input control pin core/soc/boot_dut_dmemMSB/portb_we[1].RAM_reg_0/ADDRARDADDR[13] (net: core/soc/boot_dut_dmemMSB/ADDRA[9]) which is driven by a register (core/soc/boot_dut_read_request_sent_reg) that has an active asychronous set or reset. This may cause corruption of the memory contents and/or read values when the set/reset is asserted and is not analyzed by the default static timing analysis. It is suggested to eliminate the use of a set/reset to registers driving this RAMB pin or else use a synchronous reset in which the assertion of the reset is timed by default.
WARNING: [DRC REQP-1839] RAMB36 async control check: The RAMB36E1 core/soc/boot_dut_dmemMSB/portb_we[1].RAM_reg_0 has an input control pin core/soc/boot_dut_dmemMSB/portb_we[1].RAM_reg_0/ADDRARDADDR[13] (net: core/soc/boot_dut_dmemMSB/ADDRA[9]) which is driven by a register (core/soc/boot_read_state_reg) that has an active asychronous set or reset. This may cause corruption of the memory contents and/or read values when the set/reset is asserted and is not analyzed by the default static timing analysis. It is suggested to eliminate the use of a set/reset to registers driving this RAMB pin or else use a synchronous reset in which the assertion of the reset is timed by default.
WARNING: [DRC REQP-1839] RAMB36 async control check: The RAMB36E1 core/soc/boot_dut_dmemMSB/portb_we[1].RAM_reg_0 has an input control pin core/soc/boot_dut_dmemMSB/portb_we[1].RAM_reg_0/ADDRARDADDR[13] (net: core/soc/boot_dut_dmemMSB/ADDRA[9]) which is driven by a register (core/soc/boot_rg_readburst_counter_reg[0]) that has an active asychronous set or reset. This may cause corruption of the memory contents and/or read values when the set/reset is asserted and is not analyzed by the default static timing analysis. It is suggested to eliminate the use of a set/reset to registers driving this RAMB pin or else use a synchronous reset in which the assertion of the reset is timed by default.
WARNING: [DRC REQP-1839] RAMB36 async control check: The RAMB36E1 core/soc/boot_dut_dmemMSB/portb_we[1].RAM_reg_0 has an input control pin core/soc/boot_dut_dmemMSB/portb_we[1].RAM_reg_0/ADDRARDADDR[13] (net: core/soc/boot_dut_dmemMSB/ADDRA[9]) which is driven by a register (core/soc/boot_rg_readburst_counter_reg[1]) that has an active asychronous set or reset. This may cause corruption of the memory contents and/or read values when the set/reset is asserted and is not analyzed by the default static timing analysis. It is suggested to eliminate the use of a set/reset to registers driving this RAMB pin or else use a synchronous reset in which the assertion of the reset is timed by default.
WARNING: [DRC REQP-1839] RAMB36 async control check: The RAMB36E1 core/soc/boot_dut_dmemMSB/portb_we[1].RAM_reg_0 has an input control pin core/soc/boot_dut_dmemMSB/portb_we[1].RAM_reg_0/ADDRARDADDR[13] (net: core/soc/boot_dut_dmemMSB/ADDRA[9]) which is driven by a register (core/soc/boot_rg_readburst_counter_reg[2]) that has an active asychronous set or reset. This may cause corruption of the memory contents and/or read values when the set/reset is asserted and is not analyzed by the default static timing analysis. It is suggested to eliminate the use of a set/reset to registers driving this RAMB pin or else use a synchronous reset in which the assertion of the reset is timed by default.
WARNING: [DRC REQP-1839] RAMB36 async control check: The RAMB36E1 core/soc/boot_dut_dmemMSB/portb_we[1].RAM_reg_0 has an input control pin core/soc/boot_dut_dmemMSB/portb_we[1].RAM_reg_0/ADDRARDADDR[13] (net: core/soc/boot_dut_dmemMSB/ADDRA[9]) which is driven by a register (core/soc/boot_rg_readburst_counter_reg[3]) that has an active asychronous set or reset. This may cause corruption of the memory contents and/or read values when the set/reset is asserted and is not analyzed by the default static timing analysis. It is suggested to eliminate the use of a set/reset to registers driving this RAMB pin or else use a synchronous reset in which the assertion of the reset is timed by default.
WARNING: [DRC REQP-1839] RAMB36 async control check: The RAMB36E1 core/soc/boot_dut_dmemMSB/portb_we[1].RAM_reg_0 has an input control pin core/soc/boot_dut_dmemMSB/portb_we[1].RAM_reg_0/ADDRARDADDR[13] (net: core/soc/boot_dut_dmemMSB/ADDRA[9]) which is driven by a register (core/soc/boot_s_xactor_f_rd_addr/data0_reg_reg[31]) that has an active asychronous set or reset. This may cause corruption of the memory contents and/or read values when the set/reset is asserted and is not analyzed by the default static timing analysis. It is suggested to eliminate the use of a set/reset to registers driving this RAMB pin or else use a synchronous reset in which the assertion of the reset is timed by default.
WARNING: [DRC REQP-1839] RAMB36 async control check: The RAMB36E1 core/soc/boot_dut_dmemMSB/portb_we[1].RAM_reg_0 has an input control pin core/soc/boot_dut_dmemMSB/portb_we[1].RAM_reg_0/ADDRARDADDR[13] (net: core/soc/boot_dut_dmemMSB/ADDRA[9]) which is driven by a register (core/soc/boot_s_xactor_f_rd_data/full_reg_reg) that has an active asychronous set or reset. This may cause corruption of the memory contents and/or read values when the set/reset is asserted and is not analyzed by the default static timing analysis. It is suggested to eliminate the use of a set/reset to registers driving this RAMB pin or else use a synchronous reset in which the assertion of the reset is timed by default.
WARNING: [DRC REQP-1839] RAMB36 async control check: The RAMB36E1 core/soc/boot_dut_dmemMSB/portb_we[1].RAM_reg_0 has an input control pin core/soc/boot_dut_dmemMSB/portb_we[1].RAM_reg_0/ADDRARDADDR[14] (net: core/soc/boot_dut_dmemMSB/ADDRA[10]) which is driven by a register (core/soc/boot_dut_read_request_sent_reg) that has an active asychronous set or reset. This may cause corruption of the memory contents and/or read values when the set/reset is asserted and is not analyzed by the default static timing analysis. It is suggested to eliminate the use of a set/reset to registers driving this RAMB pin or else use a synchronous reset in which the assertion of the reset is timed by default.
WARNING: [DRC REQP-1839] RAMB36 async control check: The RAMB36E1 core/soc/boot_dut_dmemMSB/portb_we[1].RAM_reg_0 has an input control pin core/soc/boot_dut_dmemMSB/portb_we[1].RAM_reg_0/ADDRARDADDR[14] (net: core/soc/boot_dut_dmemMSB/ADDRA[10]) which is driven by a register (core/soc/boot_read_state_reg) that has an active asychronous set or reset. This may cause corruption of the memory contents and/or read values when the set/reset is asserted and is not analyzed by the default static timing analysis. It is suggested to eliminate the use of a set/reset to registers driving this RAMB pin or else use a synchronous reset in which the assertion of the reset is timed by default.
WARNING: [DRC REQP-1839] RAMB36 async control check: The RAMB36E1 core/soc/boot_dut_dmemMSB/portb_we[1].RAM_reg_0 has an input control pin core/soc/boot_dut_dmemMSB/portb_we[1].RAM_reg_0/ADDRARDADDR[14] (net: core/soc/boot_dut_dmemMSB/ADDRA[10]) which is driven by a register (core/soc/boot_rg_readburst_counter_reg[0]) that has an active asychronous set or reset. This may cause corruption of the memory contents and/or read values when the set/reset is asserted and is not analyzed by the default static timing analysis. It is suggested to eliminate the use of a set/reset to registers driving this RAMB pin or else use a synchronous reset in which the assertion of the reset is timed by default.
WARNING: [DRC REQP-1839] RAMB36 async control check: The RAMB36E1 core/soc/boot_dut_dmemMSB/portb_we[1].RAM_reg_0 has an input control pin core/soc/boot_dut_dmemMSB/portb_we[1].RAM_reg_0/ADDRARDADDR[14] (net: core/soc/boot_dut_dmemMSB/ADDRA[10]) which is driven by a register (core/soc/boot_rg_readburst_counter_reg[1]) that has an active asychronous set or reset. This may cause corruption of the memory contents and/or read values when the set/reset is asserted and is not analyzed by the default static timing analysis. It is suggested to eliminate the use of a set/reset to registers driving this RAMB pin or else use a synchronous reset in which the assertion of the reset is timed by default.
WARNING: [DRC REQP-1839] RAMB36 async control check: The RAMB36E1 core/soc/boot_dut_dmemMSB/portb_we[1].RAM_reg_0 has an input control pin core/soc/boot_dut_dmemMSB/portb_we[1].RAM_reg_0/ADDRARDADDR[14] (net: core/soc/boot_dut_dmemMSB/ADDRA[10]) which is driven by a register (core/soc/boot_rg_readburst_counter_reg[2]) that has an active asychronous set or reset. This may cause corruption of the memory contents and/or read values when the set/reset is asserted and is not analyzed by the default static timing analysis. It is suggested to eliminate the use of a set/reset to registers driving this RAMB pin or else use a synchronous reset in which the assertion of the reset is timed by default.
WARNING: [DRC REQP-1839] RAMB36 async control check: The RAMB36E1 core/soc/boot_dut_dmemMSB/portb_we[1].RAM_reg_0 has an input control pin core/soc/boot_dut_dmemMSB/portb_we[1].RAM_reg_0/ADDRARDADDR[14] (net: core/soc/boot_dut_dmemMSB/ADDRA[10]) which is driven by a register (core/soc/boot_rg_readburst_counter_reg[3]) that has an active asychronous set or reset. This may cause corruption of the memory contents and/or read values when the set/reset is asserted and is not analyzed by the default static timing analysis. It is suggested to eliminate the use of a set/reset to registers driving this RAMB pin or else use a synchronous reset in which the assertion of the reset is timed by default.
WARNING: [DRC REQP-1839] RAMB36 async control check: The RAMB36E1 core/soc/boot_dut_dmemMSB/portb_we[1].RAM_reg_0 has an input control pin core/soc/boot_dut_dmemMSB/portb_we[1].RAM_reg_0/ADDRARDADDR[14] (net: core/soc/boot_dut_dmemMSB/ADDRA[10]) which is driven by a register (core/soc/boot_rg_readburst_counter_reg[4]) that has an active asychronous set or reset. This may cause corruption of the memory contents and/or read values when the set/reset is asserted and is not analyzed by the default static timing analysis. It is suggested to eliminate the use of a set/reset to registers driving this RAMB pin or else use a synchronous reset in which the assertion of the reset is timed by default.
WARNING: [DRC REQP-1839] RAMB36 async control check: The RAMB36E1 core/soc/boot_dut_dmemMSB/portb_we[1].RAM_reg_0 has an input control pin core/soc/boot_dut_dmemMSB/portb_we[1].RAM_reg_0/ADDRARDADDR[14] (net: core/soc/boot_dut_dmemMSB/ADDRA[10]) which is driven by a register (core/soc/boot_rg_readburst_counter_reg[5]) that has an active asychronous set or reset. This may cause corruption of the memory contents and/or read values when the set/reset is asserted and is not analyzed by the default static timing analysis. It is suggested to eliminate the use of a set/reset to registers driving this RAMB pin or else use a synchronous reset in which the assertion of the reset is timed by default.
WARNING: [DRC REQP-1839] RAMB36 async control check: The RAMB36E1 core/soc/boot_dut_dmemMSB/portb_we[1].RAM_reg_0 has an input control pin core/soc/boot_dut_dmemMSB/portb_we[1].RAM_reg_0/ADDRARDADDR[14] (net: core/soc/boot_dut_dmemMSB/ADDRA[10]) which is driven by a register (core/soc/boot_rg_readburst_counter_reg[6]) that has an active asychronous set or reset. This may cause corruption of the memory contents and/or read values when the set/reset is asserted and is not analyzed by the default static timing analysis. It is suggested to eliminate the use of a set/reset to registers driving this RAMB pin or else use a synchronous reset in which the assertion of the reset is timed by default.
WARNING: [DRC REQP-1839] RAMB36 async control check: The RAMB36E1 core/soc/boot_dut_dmemMSB/portb_we[1].RAM_reg_0 has an input control pin core/soc/boot_dut_dmemMSB/portb_we[1].RAM_reg_0/ADDRARDADDR[14] (net: core/soc/boot_dut_dmemMSB/ADDRA[10]) which is driven by a register (core/soc/boot_rg_readburst_counter_reg[7]) that has an active asychronous set or reset. This may cause corruption of the memory contents and/or read values when the set/reset is asserted and is not analyzed by the default static timing analysis. It is suggested to eliminate the use of a set/reset to registers driving this RAMB pin or else use a synchronous reset in which the assertion of the reset is timed by default.
WARNING: [DRC REQP-1839] RAMB36 async control check: The RAMB36E1 core/soc/boot_dut_dmemMSB/portb_we[1].RAM_reg_0 has an input control pin core/soc/boot_dut_dmemMSB/portb_we[1].RAM_reg_0/ADDRARDADDR[14] (net: core/soc/boot_dut_dmemMSB/ADDRA[10]) which is driven by a register (core/soc/boot_s_xactor_f_rd_addr/data0_reg_reg[32]) that has an active asychronous set or reset. This may cause corruption of the memory contents and/or read values when the set/reset is asserted and is not analyzed by the default static timing analysis. It is suggested to eliminate the use of a set/reset to registers driving this RAMB pin or else use a synchronous reset in which the assertion of the reset is timed by default.
WARNING: [DRC REQP-1839] RAMB36 async control check: The RAMB36E1 core/soc/boot_dut_dmemMSB/portb_we[1].RAM_reg_0 has an input control pin core/soc/boot_dut_dmemMSB/portb_we[1].RAM_reg_0/ADDRARDADDR[14] (net: core/soc/boot_dut_dmemMSB/ADDRA[10]) which is driven by a register (core/soc/boot_s_xactor_f_rd_data/full_reg_reg) that has an active asychronous set or reset. This may cause corruption of the memory contents and/or read values when the set/reset is asserted and is not analyzed by the default static timing analysis. It is suggested to eliminate the use of a set/reset to registers driving this RAMB pin or else use a synchronous reset in which the assertion of the reset is timed by default.
WARNING: [DRC REQP-1840] RAMB18 async control check: The RAMB18E1 core/soc/ccore/dmem/dcache/m_data/v_data_0_ram_single_0/ram_reg has an input control pin core/soc/ccore/dmem/dcache/m_data/v_data_0_ram_single_0/ram_reg/ADDRARDADDR[9] (net: core/soc/ccore/dmem/dcache/m_data/v_data_0_ram_single_0/ram_reg_0[5]) which is driven by a register (core/soc/ccore/dmem/dcache/ff_core_request/data0_reg_reg[41]) that has an active asychronous set or reset. This may cause corruption of the memory contents and/or read values when the set/reset is asserted and is not analyzed by the default static timing analysis. It is suggested to eliminate the use of a set/reset to registers driving this RAMB pin or else use a synchronous reset in which the assertion of the reset is timed by default.
WARNING: [DRC REQP-1840] RAMB18 async control check: The RAMB18E1 core/soc/ccore/dmem/dcache/m_data/v_data_0_ram_single_0/ram_reg has an input control pin core/soc/ccore/dmem/dcache/m_data/v_data_0_ram_single_0/ram_reg/ADDRARDADDR[9] (net: core/soc/ccore/dmem/dcache/m_data/v_data_0_ram_single_0/ram_reg_0[5]) which is driven by a register (core/soc/ccore/dmem/dcache/ff_core_request/data0_reg_reg[42]) that has an active asychronous set or reset. This may cause corruption of the memory contents and/or read values when the set/reset is asserted and is not analyzed by the default static timing analysis. It is suggested to eliminate the use of a set/reset to registers driving this RAMB pin or else use a synchronous reset in which the assertion of the reset is timed by default.
WARNING: [DRC REQP-1840] RAMB18 async control check: The RAMB18E1 core/soc/ccore/dmem/dcache/m_data/v_data_0_ram_single_0/ram_reg has an input control pin core/soc/ccore/dmem/dcache/m_data/v_data_0_ram_single_0/ram_reg/ADDRARDADDR[9] (net: core/soc/ccore/dmem/dcache/m_data/v_data_0_ram_single_0/ram_reg_0[5]) which is driven by a register (core/soc/ccore/dmem/dcache/ff_core_request/data0_reg_reg[44]) that has an active asychronous set or reset. This may cause corruption of the memory contents and/or read values when the set/reset is asserted and is not analyzed by the default static timing analysis. It is suggested to eliminate the use of a set/reset to registers driving this RAMB pin or else use a synchronous reset in which the assertion of the reset is timed by default.
WARNING: [DRC REQP-1840] RAMB18 async control check: The RAMB18E1 core/soc/ccore/dmem/dcache/m_data/v_data_0_ram_single_0/ram_reg has an input control pin core/soc/ccore/dmem/dcache/m_data/v_data_0_ram_single_0/ram_reg/ADDRARDADDR[9] (net: core/soc/ccore/dmem/dcache/m_data/v_data_0_ram_single_0/ram_reg_0[5]) which is driven by a register (core/soc/ccore/dmem/dcache/ff_core_request/empty_reg_reg) that has an active asychronous set or reset. This may cause corruption of the memory contents and/or read values when the set/reset is asserted and is not analyzed by the default static timing analysis. It is suggested to eliminate the use of a set/reset to registers driving this RAMB pin or else use a synchronous reset in which the assertion of the reset is timed by default.
WARNING: [DRC REQP-1840] RAMB18 async control check: The RAMB18E1 core/soc/ccore/dmem/dcache/m_data/v_data_0_ram_single_0/ram_reg has an input control pin core/soc/ccore/dmem/dcache/m_data/v_data_0_ram_single_0/ram_reg/ADDRARDADDR[9] (net: core/soc/ccore/dmem/dcache/m_data/v_data_0_ram_single_0/ram_reg_0[5]) which is driven by a register (core/soc/ccore/dmem/dcache/ff_core_request/full_reg_reg) that has an active asychronous set or reset. This may cause corruption of the memory contents and/or read values when the set/reset is asserted and is not analyzed by the default static timing analysis. It is suggested to eliminate the use of a set/reset to registers driving this RAMB pin or else use a synchronous reset in which the assertion of the reset is timed by default.
WARNING: [DRC REQP-1840] RAMB18 async control check: The RAMB18E1 core/soc/ccore/dmem/dcache/m_data/v_data_0_ram_single_0/ram_reg has an input control pin core/soc/ccore/dmem/dcache/m_data/v_data_0_ram_single_0/ram_reg/ADDRARDADDR[9] (net: core/soc/ccore/dmem/dcache/m_data/v_data_0_ram_single_0/ram_reg_0[5]) which is driven by a register (core/soc/ccore/dmem/dcache/ff_mem_wr_request/empty_reg_reg) that has an active asychronous set or reset. This may cause corruption of the memory contents and/or read values when the set/reset is asserted and is not analyzed by the default static timing analysis. It is suggested to eliminate the use of a set/reset to registers driving this RAMB pin or else use a synchronous reset in which the assertion of the reset is timed by default.
WARNING: [DRC REQP-1840] RAMB18 async control check: The RAMB18E1 core/soc/ccore/dmem/dcache/m_data/v_data_0_ram_single_0/ram_reg has an input control pin core/soc/ccore/dmem/dcache/m_data/v_data_0_ram_single_0/ram_reg/ADDRARDADDR[9] (net: core/soc/ccore/dmem/dcache/m_data/v_data_0_ram_single_0/ram_reg_0[5]) which is driven by a register (core/soc/ccore/dmem/dcache/m_iobuffer/v_iobuff_valid_0_reg) that has an active asychronous set or reset. This may cause corruption of the memory contents and/or read values when the set/reset is asserted and is not analyzed by the default static timing analysis. It is suggested to eliminate the use of a set/reset to registers driving this RAMB pin or else use a synchronous reset in which the assertion of the reset is timed by default.
WARNING: [DRC REQP-1840] RAMB18 async control check: The RAMB18E1 core/soc/ccore/dmem/dcache/m_data/v_data_0_ram_single_0/ram_reg has an input control pin core/soc/ccore/dmem/dcache/m_data/v_data_0_ram_single_0/ram_reg/ADDRARDADDR[9] (net: core/soc/ccore/dmem/dcache/m_data/v_data_0_ram_single_0/ram_reg_0[5]) which is driven by a register (core/soc/ccore/dmem/dcache/m_iobuffer/v_iobuff_valid_1_reg) that has an active asychronous set or reset. This may cause corruption of the memory contents and/or read values when the set/reset is asserted and is not analyzed by the default static timing analysis. It is suggested to eliminate the use of a set/reset to registers driving this RAMB pin or else use a synchronous reset in which the assertion of the reset is timed by default.
WARNING: [DRC REQP-1840] RAMB18 async control check: The RAMB18E1 core/soc/ccore/dmem/dcache/m_data/v_data_0_ram_single_0/ram_reg has an input control pin core/soc/ccore/dmem/dcache/m_data/v_data_0_ram_single_0/ram_reg/ADDRARDADDR[9] (net: core/soc/ccore/dmem/dcache/m_data/v_data_0_ram_single_0/ram_reg_0[5]) which is driven by a register (core/soc/ccore/dmem/dtlb/ff_lookup_result/data0_reg_reg[100]) that has an active asychronous set or reset. This may cause corruption of the memory contents and/or read values when the set/reset is asserted and is not analyzed by the default static timing analysis. It is suggested to eliminate the use of a set/reset to registers driving this RAMB pin or else use a synchronous reset in which the assertion of the reset is timed by default.
WARNING: [DRC REQP-1840] RAMB18 async control check: The RAMB18E1 core/soc/ccore/dmem/dcache/m_data/v_data_0_ram_single_0/ram_reg has an input control pin core/soc/ccore/dmem/dcache/m_data/v_data_0_ram_single_0/ram_reg/ADDRARDADDR[9] (net: core/soc/ccore/dmem/dcache/m_data/v_data_0_ram_single_0/ram_reg_0[5]) which is driven by a register (core/soc/ccore/dmem/dtlb/ff_lookup_result/data0_reg_reg[101]) that has an active asychronous set or reset. This may cause corruption of the memory contents and/or read values when the set/reset is asserted and is not analyzed by the default static timing analysis. It is suggested to eliminate the use of a set/reset to registers driving this RAMB pin or else use a synchronous reset in which the assertion of the reset is timed by default.
WARNING: [DRC REQP-1840] RAMB18 async control check: The RAMB18E1 core/soc/ccore/dmem/dcache/m_data/v_data_0_ram_single_0/ram_reg has an input control pin core/soc/ccore/dmem/dcache/m_data/v_data_0_ram_single_0/ram_reg/ADDRARDADDR[9] (net: core/soc/ccore/dmem/dcache/m_data/v_data_0_ram_single_0/ram_reg_0[5]) which is driven by a register (core/soc/ccore/dmem/dtlb/ff_lookup_result/data0_reg_reg[102]) that has an active asychronous set or reset. This may cause corruption of the memory contents and/or read values when the set/reset is asserted and is not analyzed by the default static timing analysis. It is suggested to eliminate the use of a set/reset to registers driving this RAMB pin or else use a synchronous reset in which the assertion of the reset is timed by default.
WARNING: [DRC REQP-1840] RAMB18 async control check: The RAMB18E1 core/soc/ccore/dmem/dcache/m_data/v_data_0_ram_single_0/ram_reg has an input control pin core/soc/ccore/dmem/dcache/m_data/v_data_0_ram_single_0/ram_reg/ADDRARDADDR[9] (net: core/soc/ccore/dmem/dcache/m_data/v_data_0_ram_single_0/ram_reg_0[5]) which is driven by a register (core/soc/ccore/dmem/dtlb/ff_lookup_result/data0_reg_reg[103]) that has an active asychronous set or reset. This may cause corruption of the memory contents and/or read values when the set/reset is asserted and is not analyzed by the default static timing analysis. It is suggested to eliminate the use of a set/reset to registers driving this RAMB pin or else use a synchronous reset in which the assertion of the reset is timed by default.
WARNING: [DRC REQP-1840] RAMB18 async control check: The RAMB18E1 core/soc/ccore/dmem/dcache/m_data/v_data_0_ram_single_0/ram_reg has an input control pin core/soc/ccore/dmem/dcache/m_data/v_data_0_ram_single_0/ram_reg/ADDRARDADDR[9] (net: core/soc/ccore/dmem/dcache/m_data/v_data_0_ram_single_0/ram_reg_0[5]) which is driven by a register (core/soc/ccore/dmem/dtlb/ff_lookup_result/data0_reg_reg[10]) that has an active asychronous set or reset. This may cause corruption of the memory contents and/or read values when the set/reset is asserted and is not analyzed by the default static timing analysis. It is suggested to eliminate the use of a set/reset to registers driving this RAMB pin or else use a synchronous reset in which the assertion of the reset is timed by default.
WARNING: [DRC REQP-1840] RAMB18 async control check: The RAMB18E1 core/soc/ccore/dmem/dcache/m_data/v_data_0_ram_single_0/ram_reg has an input control pin core/soc/ccore/dmem/dcache/m_data/v_data_0_ram_single_0/ram_reg/ADDRARDADDR[9] (net: core/soc/ccore/dmem/dcache/m_data/v_data_0_ram_single_0/ram_reg_0[5]) which is driven by a register (core/soc/ccore/dmem/dtlb/ff_lookup_result/data0_reg_reg[11]) that has an active asychronous set or reset. This may cause corruption of the memory contents and/or read values when the set/reset is asserted and is not analyzed by the default static timing analysis. It is suggested to eliminate the use of a set/reset to registers driving this RAMB pin or else use a synchronous reset in which the assertion of the reset is timed by default.
WARNING: [DRC REQP-1840] RAMB18 async control check: The RAMB18E1 core/soc/ccore/dmem/dcache/m_data/v_data_0_ram_single_0/ram_reg has an input control pin core/soc/ccore/dmem/dcache/m_data/v_data_0_ram_single_0/ram_reg/ADDRARDADDR[9] (net: core/soc/ccore/dmem/dcache/m_data/v_data_0_ram_single_0/ram_reg_0[5]) which is driven by a register (core/soc/ccore/dmem/dtlb/ff_lookup_result/data0_reg_reg[12]) that has an active asychronous set or reset. This may cause corruption of the memory contents and/or read values when the set/reset is asserted and is not analyzed by the default static timing analysis. It is suggested to eliminate the use of a set/reset to registers driving this RAMB pin or else use a synchronous reset in which the assertion of the reset is timed by default.
WARNING: [DRC REQP-1840] RAMB18 async control check: The RAMB18E1 core/soc/ccore/dmem/dcache/m_data/v_data_0_ram_single_0/ram_reg has an input control pin core/soc/ccore/dmem/dcache/m_data/v_data_0_ram_single_0/ram_reg/ADDRARDADDR[9] (net: core/soc/ccore/dmem/dcache/m_data/v_data_0_ram_single_0/ram_reg_0[5]) which is driven by a register (core/soc/ccore/dmem/dtlb/ff_lookup_result/data0_reg_reg[13]) that has an active asychronous set or reset. This may cause corruption of the memory contents and/or read values when the set/reset is asserted and is not analyzed by the default static timing analysis. It is suggested to eliminate the use of a set/reset to registers driving this RAMB pin or else use a synchronous reset in which the assertion of the reset is timed by default.
WARNING: [DRC REQP-1840] RAMB18 async control check: The RAMB18E1 core/soc/ccore/dmem/dcache/m_data/v_data_0_ram_single_0/ram_reg has an input control pin core/soc/ccore/dmem/dcache/m_data/v_data_0_ram_single_0/ram_reg/ADDRARDADDR[9] (net: core/soc/ccore/dmem/dcache/m_data/v_data_0_ram_single_0/ram_reg_0[5]) which is driven by a register (core/soc/ccore/dmem/dtlb/ff_lookup_result/data0_reg_reg[14]) that has an active asychronous set or reset. This may cause corruption of the memory contents and/or read values when the set/reset is asserted and is not analyzed by the default static timing analysis. It is suggested to eliminate the use of a set/reset to registers driving this RAMB pin or else use a synchronous reset in which the assertion of the reset is timed by default.
WARNING: [DRC REQP-1840] RAMB18 async control check: The RAMB18E1 core/soc/ccore/dmem/dcache/m_data/v_data_0_ram_single_0/ram_reg has an input control pin core/soc/ccore/dmem/dcache/m_data/v_data_0_ram_single_0/ram_reg/ADDRARDADDR[9] (net: core/soc/ccore/dmem/dcache/m_data/v_data_0_ram_single_0/ram_reg_0[5]) which is driven by a register (core/soc/ccore/ptwalk_ff_memory_req/data0_reg_reg[1]) that has an active asychronous set or reset. This may cause corruption of the memory contents and/or read values when the set/reset is asserted and is not analyzed by the default static timing analysis. It is suggested to eliminate the use of a set/reset to registers driving this RAMB pin or else use a synchronous reset in which the assertion of the reset is timed by default.
WARNING: [DRC REQP-1840] RAMB18 async control check: The RAMB18E1 core/soc/ccore/dmem/dcache/m_data/v_data_0_ram_single_0/ram_reg has an input control pin core/soc/ccore/dmem/dcache/m_data/v_data_0_ram_single_0/ram_reg/ADDRARDADDR[9] (net: core/soc/ccore/dmem/dcache/m_data/v_data_0_ram_single_0/ram_reg_0[5]) which is driven by a register (core/soc/ccore/ptwalk_ff_memory_req/data0_reg_reg[60]) that has an active asychronous set or reset. This may cause corruption of the memory contents and/or read values when the set/reset is asserted and is not analyzed by the default static timing analysis. It is suggested to eliminate the use of a set/reset to registers driving this RAMB pin or else use a synchronous reset in which the assertion of the reset is timed by default.
WARNING: [DRC REQP-1840] RAMB18 async control check: The RAMB18E1 core/soc/ccore/dmem/dcache/m_data/v_data_0_ram_single_0/ram_reg has an input control pin core/soc/ccore/dmem/dcache/m_data/v_data_0_ram_single_0/ram_reg/ADDRARDADDR[9] (net: core/soc/ccore/dmem/dcache/m_data/v_data_0_ram_single_0/ram_reg_0[5]) which is driven by a register (core/soc/ccore/ptwalk_ff_memory_req/empty_reg_reg) that has an active asychronous set or reset. This may cause corruption of the memory contents and/or read values when the set/reset is asserted and is not analyzed by the default static timing analysis. It is suggested to eliminate the use of a set/reset to registers driving this RAMB pin or else use a synchronous reset in which the assertion of the reset is timed by default.
WARNING: [DRC RTSTAT-10] No routable loads: 15 net(s) have no routable loads. The problem bus(es) and/or net(s) are clock_converter/inst/gen_clock_conv.gen_async_conv.asyncfifo_axi/inst_fifo_gen/gaxi_full_lite.gread_ch.grach2.axi_rach/grf.rf/gntv_or_sync_fifo.gl0.rd/gr1.gr1_int.rfwft/aempty_fwft_i, clock_converter/inst/gen_clock_conv.gen_async_conv.asyncfifo_axi/inst_fifo_gen/gaxi_full_lite.gwrite_ch.gwdch2.axi_wdch/grf.rf/gntv_or_sync_fifo.gl0.rd/gr1.gr1_int.rfwft/aempty_fwft_i, clock_converter/inst/gen_clock_conv.gen_async_conv.asyncfifo_axi/inst_fifo_gen/gaxi_full_lite.gwrite_ch.gwrch2.axi_wrch/grf.rf/gntv_or_sync_fifo.gl0.rd/gr1.gr1_int.rfwft/aempty_fwft_i, clock_converter/inst/gen_clock_conv.gen_async_conv.asyncfifo_axi/inst_fifo_gen/gaxi_full_lite.gread_ch.grdch2.axi_rdch/grf.rf/gntv_or_sync_fifo.gl0.rd/gr1.gr1_int.rfwft/aempty_fwft_i, clock_converter/inst/gen_clock_conv.gen_async_conv.asyncfifo_axi/inst_fifo_gen/gaxi_full_lite.gwrite_ch.gwach2.axi_wach/grf.rf/gntv_or_sync_fifo.gl0.rd/gr1.gr1_int.rfwft/aempty_fwft_i, clock_converter/inst/gen_clock_conv.gen_async_conv.asyncfifo_axi/inst_fifo_gen/gaxi_full_lite.gread_ch.grach2.axi_rach/grf.rf/gntv_or_sync_fifo.gl0.rd/gras.rsts/ram_empty_i, clock_converter/inst/gen_clock_conv.gen_async_conv.asyncfifo_axi/inst_fifo_gen/gaxi_full_lite.gwrite_ch.gwdch2.axi_wdch/grf.rf/gntv_or_sync_fifo.gl0.rd/gras.rsts/ram_empty_i, clock_converter/inst/gen_clock_conv.gen_async_conv.asyncfifo_axi/inst_fifo_gen/gaxi_full_lite.gwrite_ch.gwrch2.axi_wrch/grf.rf/gntv_or_sync_fifo.gl0.rd/gras.rsts/ram_empty_i, clock_converter/inst/gen_clock_conv.gen_async_conv.asyncfifo_axi/inst_fifo_gen/gaxi_full_lite.gread_ch.grdch2.axi_rdch/grf.rf/gntv_or_sync_fifo.gl0.rd/gras.rsts/ram_empty_i, clock_converter/inst/gen_clock_conv.gen_async_conv.asyncfifo_axi/inst_fifo_gen/gaxi_full_lite.gwrite_ch.gwach2.axi_wach/grf.rf/gntv_or_sync_fifo.gl0.rd/gras.rsts/ram_empty_i, clock_converter/inst/gen_clock_conv.gen_async_conv.asyncfifo_axi/inst_fifo_gen/gaxi_full_lite.gread_ch.grach2.axi_rach/grf.rf/gntv_or_sync_fifo.gl0.rd/gr1.gr1_int.rfwft/user_valid, clock_converter/inst/gen_clock_conv.gen_async_conv.asyncfifo_axi/inst_fifo_gen/gaxi_full_lite.gwrite_ch.gwdch2.axi_wdch/grf.rf/gntv_or_sync_fifo.gl0.rd/gr1.gr1_int.rfwft/user_valid, clock_converter/inst/gen_clock_conv.gen_async_conv.asyncfifo_axi/inst_fifo_gen/gaxi_full_lite.gwrite_ch.gwrch2.axi_wrch/grf.rf/gntv_or_sync_fifo.gl0.rd/gr1.gr1_int.rfwft/user_valid, clock_converter/inst/gen_clock_conv.gen_async_conv.asyncfifo_axi/inst_fifo_gen/gaxi_full_lite.gread_ch.grdch2.axi_rdch/grf.rf/gntv_or_sync_fifo.gl0.rd/gr1.gr1_int.rfwft/user_valid, and clock_converter/inst/gen_clock_conv.gen_async_conv.asyncfifo_axi/inst_fifo_gen/gaxi_full_lite.gwrite_ch.gwach2.axi_wach/grf.rf/gntv_or_sync_fifo.gl0.rd/gr1.gr1_int.rfwft/user_valid.
INFO: [Vivado 12-3199] DRC finished with 0 Errors, 55 Warnings
INFO: [Vivado 12-3200] Please refer to the DRC report (report_drc) for more information.
INFO: [Designutils 20-2272] Running write_bitstream with 8 threads.
Loading data files...
Loading site data...
Loading route data...
Processing options...
Creating bitmap...
Creating bitstream...
Writing bitstream ./fpga_top.bit...
INFO: [Vivado 12-1842] Bitgen Completed Successfully.
INFO: [Project 1-118] WebTalk data collection is enabled (User setting is ON. Install Setting is ON.).
INFO: [Common 17-83] Releasing license: Implementation
795 Infos, 100 Warnings, 2 Critical Warnings and 0 Errors encountered.
write_bitstream completed successfully
write_bitstream: Time (s): cpu = 00:01:32 ; elapsed = 00:00:46 . Memory (MB): peak = 4473.180 ; gain = 433.305 ; free physical = 5968 ; free virtual = 53213
INFO: [Common 17-206] Exiting Vivado at Mon Apr 20 11:19:28 2026...
[Mon Apr 20 11:19:29 2026] core_impl_1 finished
wait_on_run: Time (s): cpu = 01:33:10 ; elapsed = 00:36:57 . Memory (MB): peak = 2892.805 ; gain = 0.000 ; free physical = 8989 ; free virtual = 56234
INFO: [Common 17-206] Exiting Vivado at Mon Apr 20 11:19:29 2026...
