

================================================================
== Vitis HLS Report for 'cnn_accel_Pipeline_VITIS_LOOP_63_5_VITIS_LOOP_64_6_VITIS_LOOP_65_7'
================================================================
* Date:           Wed Apr 29 12:03:47 2026

* Version:        2024.2 (Build 5238294 on Nov  8 2024)
* Project:        cnn_accel
* Solution:       solution1 (Vivado IP Flow Target)
* Product family: artix7
* Target device:  xc7a200t-sbg484-1


================================================================
== Performance Estimates
================================================================
+ Timing: 
    * Summary: 
    +--------+----------+----------+------------+
    |  Clock |  Target  | Estimated| Uncertainty|
    +--------+----------+----------+------------+
    |ap_clk  |  10.00 ns|  7.528 ns|     2.70 ns|
    +--------+----------+----------+------------+

+ Latency: 
    * Summary: 
    +---------+---------+-----------+-----------+------+------+------------------------------------------------+
    |  Latency (cycles) |   Latency (absolute)  |   Interval  |                    Pipeline                    |
    |   min   |   max   |    min    |    max    |  min |  max |                      Type                      |
    +---------+---------+-----------+-----------+------+------+------------------------------------------------+
    |     1041|     1041|  10.410 us|  10.410 us|  1025|  1025|  loop auto-rewind stp (delay=0 clock cycles(s))|
    +---------+---------+-----------+-----------+------+------+------------------------------------------------+

    + Detail: 
        * Instance: 
        N/A

        * Loop: 
        +---------------------------------------------------+---------+---------+----------+-----------+-----------+------+----------+
        |                                                   |  Latency (cycles) | Iteration|  Initiation Interval  | Trip |          |
        |                     Loop Name                     |   min   |   max   |  Latency |  achieved |   target  | Count| Pipelined|
        +---------------------------------------------------+---------+---------+----------+-----------+-----------+------+----------+
        |- VITIS_LOOP_63_5_VITIS_LOOP_64_6_VITIS_LOOP_65_7  |     1039|     1039|        17|          1|          1|  1024|       yes|
        +---------------------------------------------------+---------+---------+----------+-----------+-----------+------+----------+

============================================================
+ Verbose Summary: Synthesis Manager
============================================================
InlineROM: 1
ExposeGlobal: 0
============================================================
+ Verbose Summary: CDFG Model
============================================================
IsTopModel: 0
ResetActiveHigh: 1
IsCombinational: 0
IsDatapathOnly: 0
HasWiredReturn: 1
HasMFsm: 2
HasVarLatency: 1
IsPipeline: 0
IsRtlPipelined: 0
IsInstanceOverlapped: 0
IsDontTouch: 0
HasImplIP: 0
IsGatedGlobalClock: 0

+ Individual pipeline summary: 
  * Pipeline-0: initiation interval (II) = 1, depth = 17


============================================================
+ Verbose Summary: Schedule
============================================================
* Number of FSM states : 17
* Pipeline : 1
  Pipeline-0 : II = 1, D = 17, States = { 1 2 3 4 5 6 7 8 9 10 11 12 13 14 15 16 17 }
* Dataflow Pipeline: 0

* FSM state transitions: 
1 --> 2 
2 --> 3 
3 --> 4 
4 --> 5 
5 --> 6 
6 --> 7 
7 --> 8 
8 --> 9 
9 --> 10 
10 --> 11 
11 --> 12 
12 --> 13 
13 --> 14 
14 --> 15 
15 --> 16 
16 --> 17 
17 --> 

* FSM state operations: 

State 1 <SV = 0> <Delay = 6.42>
ST_1 : Operation 20 [1/1] (0.00ns)   --->   "%oc = alloca i32 1" [cnn_accel.cpp:65]   --->   Operation 20 'alloca' 'oc' <Predicate = true> <Delay = 0.00>
ST_1 : Operation 21 [1/1] (0.00ns)   --->   "%x = alloca i32 1" [cnn_accel.cpp:64]   --->   Operation 21 'alloca' 'x' <Predicate = true> <Delay = 0.00>
ST_1 : Operation 22 [1/1] (0.00ns)   --->   "%indvar_flatten126 = alloca i32 1"   --->   Operation 22 'alloca' 'indvar_flatten126' <Predicate = true> <Delay = 0.00>
ST_1 : Operation 23 [1/1] (0.00ns)   --->   "%y = alloca i32 1" [cnn_accel.cpp:63]   --->   Operation 23 'alloca' 'y' <Predicate = true> <Delay = 0.00>
ST_1 : Operation 24 [1/1] (0.00ns)   --->   "%indvar_flatten141 = alloca i32 1"   --->   Operation 24 'alloca' 'indvar_flatten141' <Predicate = true> <Delay = 0.00>
ST_1 : Operation 25 [1/1] (0.00ns)   --->   "%specmemcore_ln0 = specmemcore void @_ssdm_op_SpecMemCore, i8 %tile_out, i64 666, i64 30, i64 18446744073709551615"   --->   Operation 25 'specmemcore' 'specmemcore_ln0' <Predicate = true> <Delay = 0.00>
ST_1 : Operation 26 [1/1] (0.00ns)   --->   "%specmemcore_ln0 = specmemcore void @_ssdm_op_SpecMemCore, i8 %tile_in, i64 666, i64 30, i64 18446744073709551615"   --->   Operation 26 'specmemcore' 'specmemcore_ln0' <Predicate = true> <Delay = 0.00>
ST_1 : Operation 27 [1/1] (0.00ns)   --->   "%specmemcore_ln0 = specmemcore void @_ssdm_op_SpecMemCore, i8 %tile_in_1, i64 666, i64 30, i64 18446744073709551615"   --->   Operation 27 'specmemcore' 'specmemcore_ln0' <Predicate = true> <Delay = 0.00>
ST_1 : Operation 28 [1/1] (0.00ns)   --->   "%specmemcore_ln0 = specmemcore void @_ssdm_op_SpecMemCore, i8 %tile_in_2, i64 666, i64 30, i64 18446744073709551615"   --->   Operation 28 'specmemcore' 'specmemcore_ln0' <Predicate = true> <Delay = 0.00>
ST_1 : Operation 29 [1/1] (0.00ns)   --->   "%specmemcore_ln0 = specmemcore void @_ssdm_op_SpecMemCore, i8 %tile_in_3, i64 666, i64 30, i64 18446744073709551615"   --->   Operation 29 'specmemcore' 'specmemcore_ln0' <Predicate = true> <Delay = 0.00>
ST_1 : Operation 30 [1/1] (0.00ns)   --->   "%specmemcore_ln0 = specmemcore void @_ssdm_op_SpecMemCore, i8 %tile_in_4, i64 666, i64 30, i64 18446744073709551615"   --->   Operation 30 'specmemcore' 'specmemcore_ln0' <Predicate = true> <Delay = 0.00>
ST_1 : Operation 31 [1/1] (0.00ns)   --->   "%specmemcore_ln0 = specmemcore void @_ssdm_op_SpecMemCore, i8 %tile_in_5, i64 666, i64 30, i64 18446744073709551615"   --->   Operation 31 'specmemcore' 'specmemcore_ln0' <Predicate = true> <Delay = 0.00>
ST_1 : Operation 32 [1/1] (0.00ns)   --->   "%specmemcore_ln0 = specmemcore void @_ssdm_op_SpecMemCore, i8 %tile_in_6, i64 666, i64 30, i64 18446744073709551615"   --->   Operation 32 'specmemcore' 'specmemcore_ln0' <Predicate = true> <Delay = 0.00>
ST_1 : Operation 33 [1/1] (0.00ns)   --->   "%specmemcore_ln0 = specmemcore void @_ssdm_op_SpecMemCore, i8 %tile_in_7, i64 666, i64 30, i64 18446744073709551615"   --->   Operation 33 'specmemcore' 'specmemcore_ln0' <Predicate = true> <Delay = 0.00>
ST_1 : Operation 34 [1/1] (0.00ns)   --->   "%specmemcore_ln0 = specmemcore void @_ssdm_op_SpecMemCore, i8 %tile_in_8, i64 666, i64 30, i64 18446744073709551615"   --->   Operation 34 'specmemcore' 'specmemcore_ln0' <Predicate = true> <Delay = 0.00>
ST_1 : Operation 35 [1/1] (0.00ns)   --->   "%specmemcore_ln0 = specmemcore void @_ssdm_op_SpecMemCore, i8 %tile_in_9, i64 666, i64 30, i64 18446744073709551615"   --->   Operation 35 'specmemcore' 'specmemcore_ln0' <Predicate = true> <Delay = 0.00>
ST_1 : Operation 36 [1/1] (0.00ns)   --->   "%specmemcore_ln0 = specmemcore void @_ssdm_op_SpecMemCore, i8 %tile_in_10, i64 666, i64 30, i64 18446744073709551615"   --->   Operation 36 'specmemcore' 'specmemcore_ln0' <Predicate = true> <Delay = 0.00>
ST_1 : Operation 37 [1/1] (0.00ns)   --->   "%specmemcore_ln0 = specmemcore void @_ssdm_op_SpecMemCore, i8 %tile_in_11, i64 666, i64 30, i64 18446744073709551615"   --->   Operation 37 'specmemcore' 'specmemcore_ln0' <Predicate = true> <Delay = 0.00>
ST_1 : Operation 38 [1/1] (0.00ns)   --->   "%specmemcore_ln0 = specmemcore void @_ssdm_op_SpecMemCore, i8 %tile_in_12, i64 666, i64 30, i64 18446744073709551615"   --->   Operation 38 'specmemcore' 'specmemcore_ln0' <Predicate = true> <Delay = 0.00>
ST_1 : Operation 39 [1/1] (0.00ns)   --->   "%specmemcore_ln0 = specmemcore void @_ssdm_op_SpecMemCore, i8 %tile_in_13, i64 666, i64 30, i64 18446744073709551615"   --->   Operation 39 'specmemcore' 'specmemcore_ln0' <Predicate = true> <Delay = 0.00>
ST_1 : Operation 40 [1/1] (0.00ns)   --->   "%specmemcore_ln0 = specmemcore void @_ssdm_op_SpecMemCore, i8 %tile_in_14, i64 666, i64 30, i64 18446744073709551615"   --->   Operation 40 'specmemcore' 'specmemcore_ln0' <Predicate = true> <Delay = 0.00>
ST_1 : Operation 41 [1/1] (0.00ns)   --->   "%specmemcore_ln0 = specmemcore void @_ssdm_op_SpecMemCore, i8 %tile_in_15, i64 666, i64 30, i64 18446744073709551615"   --->   Operation 41 'specmemcore' 'specmemcore_ln0' <Predicate = true> <Delay = 0.00>
ST_1 : Operation 42 [1/1] (0.00ns)   --->   "%specmemcore_ln0 = specmemcore void @_ssdm_op_SpecMemCore, i8 %tile_in_16, i64 666, i64 30, i64 18446744073709551615"   --->   Operation 42 'specmemcore' 'specmemcore_ln0' <Predicate = true> <Delay = 0.00>
ST_1 : Operation 43 [1/1] (0.00ns)   --->   "%specmemcore_ln0 = specmemcore void @_ssdm_op_SpecMemCore, i8 %tile_in_17, i64 666, i64 30, i64 18446744073709551615"   --->   Operation 43 'specmemcore' 'specmemcore_ln0' <Predicate = true> <Delay = 0.00>
ST_1 : Operation 44 [1/1] (0.00ns)   --->   "%specmemcore_ln0 = specmemcore void @_ssdm_op_SpecMemCore, i8 %tile_in_18, i64 666, i64 30, i64 18446744073709551615"   --->   Operation 44 'specmemcore' 'specmemcore_ln0' <Predicate = true> <Delay = 0.00>
ST_1 : Operation 45 [1/1] (0.00ns)   --->   "%specmemcore_ln0 = specmemcore void @_ssdm_op_SpecMemCore, i8 %tile_in_19, i64 666, i64 30, i64 18446744073709551615"   --->   Operation 45 'specmemcore' 'specmemcore_ln0' <Predicate = true> <Delay = 0.00>
ST_1 : Operation 46 [1/1] (0.00ns)   --->   "%specmemcore_ln0 = specmemcore void @_ssdm_op_SpecMemCore, i8 %tile_in_20, i64 666, i64 30, i64 18446744073709551615"   --->   Operation 46 'specmemcore' 'specmemcore_ln0' <Predicate = true> <Delay = 0.00>
ST_1 : Operation 47 [1/1] (0.00ns)   --->   "%specmemcore_ln0 = specmemcore void @_ssdm_op_SpecMemCore, i8 %tile_in_21, i64 666, i64 30, i64 18446744073709551615"   --->   Operation 47 'specmemcore' 'specmemcore_ln0' <Predicate = true> <Delay = 0.00>
ST_1 : Operation 48 [1/1] (0.00ns)   --->   "%specmemcore_ln0 = specmemcore void @_ssdm_op_SpecMemCore, i8 %tile_in_22, i64 666, i64 30, i64 18446744073709551615"   --->   Operation 48 'specmemcore' 'specmemcore_ln0' <Predicate = true> <Delay = 0.00>
ST_1 : Operation 49 [1/1] (0.00ns)   --->   "%specmemcore_ln0 = specmemcore void @_ssdm_op_SpecMemCore, i8 %tile_in_23, i64 666, i64 30, i64 18446744073709551615"   --->   Operation 49 'specmemcore' 'specmemcore_ln0' <Predicate = true> <Delay = 0.00>
ST_1 : Operation 50 [1/1] (0.00ns)   --->   "%specmemcore_ln0 = specmemcore void @_ssdm_op_SpecMemCore, i8 %tile_in_24, i64 666, i64 30, i64 18446744073709551615"   --->   Operation 50 'specmemcore' 'specmemcore_ln0' <Predicate = true> <Delay = 0.00>
ST_1 : Operation 51 [1/1] (0.00ns)   --->   "%specmemcore_ln0 = specmemcore void @_ssdm_op_SpecMemCore, i8 %tile_in_25, i64 666, i64 30, i64 18446744073709551615"   --->   Operation 51 'specmemcore' 'specmemcore_ln0' <Predicate = true> <Delay = 0.00>
ST_1 : Operation 52 [1/1] (0.00ns)   --->   "%specmemcore_ln0 = specmemcore void @_ssdm_op_SpecMemCore, i8 %tile_in_26, i64 666, i64 30, i64 18446744073709551615"   --->   Operation 52 'specmemcore' 'specmemcore_ln0' <Predicate = true> <Delay = 0.00>
ST_1 : Operation 53 [1/1] (1.61ns)   --->   "%store_ln0 = store i11 0, i11 %indvar_flatten141"   --->   Operation 53 'store' 'store_ln0' <Predicate = true> <Delay = 1.61>
ST_1 : Operation 54 [1/1] (1.61ns)   --->   "%store_ln63 = store i4 0, i4 %y" [cnn_accel.cpp:63]   --->   Operation 54 'store' 'store_ln63' <Predicate = true> <Delay = 1.61>
ST_1 : Operation 55 [1/1] (1.61ns)   --->   "%store_ln0 = store i9 0, i9 %indvar_flatten126"   --->   Operation 55 'store' 'store_ln0' <Predicate = true> <Delay = 1.61>
ST_1 : Operation 56 [1/1] (1.61ns)   --->   "%store_ln64 = store i4 0, i4 %x" [cnn_accel.cpp:64]   --->   Operation 56 'store' 'store_ln64' <Predicate = true> <Delay = 1.61>
ST_1 : Operation 57 [1/1] (1.61ns)   --->   "%store_ln65 = store i5 0, i5 %oc" [cnn_accel.cpp:65]   --->   Operation 57 'store' 'store_ln65' <Predicate = true> <Delay = 1.61>
ST_1 : Operation 58 [1/1] (0.00ns)   --->   "%br_ln0 = br void %VITIS_LOOP_71_8"   --->   Operation 58 'br' 'br_ln0' <Predicate = true> <Delay = 0.00>
ST_1 : Operation 59 [1/1] (0.00ns)   --->   "%indvar_flatten141_load = load i11 %indvar_flatten141" [cnn_accel.cpp:63]   --->   Operation 59 'load' 'indvar_flatten141_load' <Predicate = true> <Delay = 0.00>
ST_1 : Operation 60 [1/1] (2.12ns)   --->   "%icmp_ln63 = icmp_eq  i11 %indvar_flatten141_load, i11 1024" [cnn_accel.cpp:63]   --->   Operation 60 'icmp' 'icmp_ln63' <Predicate = true> <Delay = 2.12> <CoreInst = "Cmp">   --->   Core 9 'Cmp' <Latency = 0> <II = 1> <Delay = 2.12> <FuncUnit> <Opcode : 'seteq' 'setne' 'setle' 'setge' 'setlt' 'setgt'> <InPorts = 2> <OutPorts = 1>
ST_1 : Operation 61 [1/1] (2.12ns)   --->   "%add_ln63 = add i11 %indvar_flatten141_load, i11 1" [cnn_accel.cpp:63]   --->   Operation 61 'add' 'add_ln63' <Predicate = true> <Delay = 2.12> <CoreInst = "Adder">   --->   Core 1 'Adder' <Latency = 0> <II = 1> <Delay = 2.12> <FuncUnit> <Opcode : 'add' 'sub'> <InPorts = 2> <OutPorts = 1>
ST_1 : Operation 62 [1/1] (0.00ns)   --->   "%br_ln63 = br i1 %icmp_ln63, void %for.inc144, void %for.body156.preheader.exitStub" [cnn_accel.cpp:63]   --->   Operation 62 'br' 'br_ln63' <Predicate = true> <Delay = 0.00>
ST_1 : Operation 63 [1/1] (0.00ns)   --->   "%indvar_flatten126_load = load i9 %indvar_flatten126" [cnn_accel.cpp:64]   --->   Operation 63 'load' 'indvar_flatten126_load' <Predicate = (!icmp_ln63)> <Delay = 0.00>
ST_1 : Operation 64 [1/1] (2.11ns)   --->   "%icmp_ln64 = icmp_eq  i9 %indvar_flatten126_load, i9 128" [cnn_accel.cpp:64]   --->   Operation 64 'icmp' 'icmp_ln64' <Predicate = (!icmp_ln63)> <Delay = 2.11> <CoreInst = "Cmp">   --->   Core 9 'Cmp' <Latency = 0> <II = 1> <Delay = 2.11> <FuncUnit> <Opcode : 'seteq' 'setne' 'setle' 'setge' 'setlt' 'setgt'> <InPorts = 2> <OutPorts = 1>
ST_1 : Operation 65 [1/1] (2.11ns)   --->   "%add_ln64 = add i9 %indvar_flatten126_load, i9 1" [cnn_accel.cpp:64]   --->   Operation 65 'add' 'add_ln64' <Predicate = (!icmp_ln63)> <Delay = 2.11> <CoreInst = "Adder">   --->   Core 1 'Adder' <Latency = 0> <II = 1> <Delay = 2.11> <FuncUnit> <Opcode : 'add' 'sub'> <InPorts = 2> <OutPorts = 1>
ST_1 : Operation 66 [1/1] (1.08ns)   --->   "%select_ln64_1 = select i1 %icmp_ln64, i9 1, i9 %add_ln64" [cnn_accel.cpp:64]   --->   Operation 66 'select' 'select_ln64_1' <Predicate = (!icmp_ln63)> <Delay = 1.08> <CoreInst = "Sel">   --->   Core 73 'Sel' <Latency = 0> <II = 1> <Delay = 1.08> <FuncUnit> <Opcode : 'select'> <InPorts = 3> <OutPorts = 1>
ST_1 : Operation 67 [1/1] (1.61ns)   --->   "%store_ln63 = store i11 %add_ln63, i11 %indvar_flatten141" [cnn_accel.cpp:63]   --->   Operation 67 'store' 'store_ln63' <Predicate = (!icmp_ln63)> <Delay = 1.61>
ST_1 : Operation 68 [1/1] (1.61ns)   --->   "%store_ln64 = store i9 %select_ln64_1, i9 %indvar_flatten126" [cnn_accel.cpp:64]   --->   Operation 68 'store' 'store_ln64' <Predicate = (!icmp_ln63)> <Delay = 1.61>

State 2 <SV = 1> <Delay = 7.52>
ST_2 : Operation 69 [1/1] (0.00ns)   --->   "%oc_load = load i5 %oc" [cnn_accel.cpp:65]   --->   Operation 69 'load' 'oc_load' <Predicate = true> <Delay = 0.00>
ST_2 : Operation 70 [1/1] (0.00ns)   --->   "%x_load = load i4 %x"   --->   Operation 70 'load' 'x_load' <Predicate = true> <Delay = 0.00>
ST_2 : Operation 71 [1/1] (0.00ns)   --->   "%y_load = load i4 %y"   --->   Operation 71 'load' 'y_load' <Predicate = true> <Delay = 0.00>
ST_2 : Operation 72 [1/1] (0.99ns)   --->   "%select_ln63 = select i1 %icmp_ln64, i4 0, i4 %x_load" [cnn_accel.cpp:63]   --->   Operation 72 'select' 'select_ln63' <Predicate = true> <Delay = 0.99> <CoreInst = "Sel">   --->   Core 73 'Sel' <Latency = 0> <II = 1> <Delay = 0.99> <FuncUnit> <Opcode : 'select'> <InPorts = 3> <OutPorts = 1>
ST_2 : Operation 73 [1/1] (1.77ns)   --->   "%indvars_iv_next168_mid1 = add i4 %y_load, i4 2"   --->   Operation 73 'add' 'indvars_iv_next168_mid1' <Predicate = (icmp_ln64)> <Delay = 1.77> <CoreInst = "Adder">   --->   Core 1 'Adder' <Latency = 0> <II = 1> <Delay = 1.77> <FuncUnit> <Opcode : 'add' 'sub'> <InPorts = 2> <OutPorts = 1>
ST_2 : Operation 74 [1/1] (1.77ns)   --->   "%indvars_iv_next168174 = add i4 %y_load, i4 1"   --->   Operation 74 'add' 'indvars_iv_next168174' <Predicate = true> <Delay = 1.77> <CoreInst = "Adder">   --->   Core 1 'Adder' <Latency = 0> <II = 1> <Delay = 1.77> <FuncUnit> <Opcode : 'add' 'sub'> <InPorts = 2> <OutPorts = 1>
ST_2 : Operation 75 [1/1] (0.99ns)   --->   "%select_ln63_1 = select i1 %icmp_ln64, i4 %indvars_iv_next168_mid1, i4 %indvars_iv_next168174" [cnn_accel.cpp:63]   --->   Operation 75 'select' 'select_ln63_1' <Predicate = true> <Delay = 0.99> <CoreInst = "Sel">   --->   Core 73 'Sel' <Latency = 0> <II = 1> <Delay = 0.99> <FuncUnit> <Opcode : 'select'> <InPorts = 3> <OutPorts = 1>
ST_2 : Operation 76 [1/1] (1.77ns)   --->   "%indvars_iv_next164182 = add i4 %x_load, i4 1"   --->   Operation 76 'add' 'indvars_iv_next164182' <Predicate = (!icmp_ln64)> <Delay = 1.77> <CoreInst = "Adder">   --->   Core 1 'Adder' <Latency = 0> <II = 1> <Delay = 1.77> <FuncUnit> <Opcode : 'add' 'sub'> <InPorts = 2> <OutPorts = 1>
ST_2 : Operation 77 [1/1] (0.00ns) (grouped into LUT with out node indvars_iv_next164_mid2)   --->   "%select_ln63_2 = select i1 %icmp_ln64, i4 1, i4 %indvars_iv_next164182" [cnn_accel.cpp:63]   --->   Operation 77 'select' 'select_ln63_2' <Predicate = true> <Delay = 0.00> <CoreInst = "Sel">   --->   Core 73 'Sel' <Latency = 0> <II = 1> <Delay = 0.99> <FuncUnit> <Opcode : 'select'> <InPorts = 3> <OutPorts = 1>
ST_2 : Operation 78 [1/1] (0.00ns) (grouped into LUT with out node and_ln63)   --->   "%xor_ln63 = xor i1 %icmp_ln64, i1 1" [cnn_accel.cpp:63]   --->   Operation 78 'xor' 'xor_ln63' <Predicate = true> <Delay = 0.00> <CoreInst = "LogicGate">   --->   Core 74 'LogicGate' <Latency = 0> <II = 1> <Delay = 0.97> <FuncUnit> <Opcode : 'and' 'or' 'xor'> <InPorts = 2> <OutPorts = 1>
ST_2 : Operation 79 [1/1] (1.86ns)   --->   "%icmp_ln65 = icmp_eq  i5 %oc_load, i5 16" [cnn_accel.cpp:65]   --->   Operation 79 'icmp' 'icmp_ln65' <Predicate = true> <Delay = 1.86> <CoreInst = "Cmp">   --->   Core 9 'Cmp' <Latency = 0> <II = 1> <Delay = 1.86> <FuncUnit> <Opcode : 'seteq' 'setne' 'setle' 'setge' 'setlt' 'setgt'> <InPorts = 2> <OutPorts = 1>
ST_2 : Operation 80 [1/1] (0.97ns) (out node of the LUT)   --->   "%and_ln63 = and i1 %icmp_ln65, i1 %xor_ln63" [cnn_accel.cpp:63]   --->   Operation 80 'and' 'and_ln63' <Predicate = true> <Delay = 0.97> <CoreInst = "LogicGate">   --->   Core 74 'LogicGate' <Latency = 0> <II = 1> <Delay = 0.97> <FuncUnit> <Opcode : 'and' 'or' 'xor'> <InPorts = 2> <OutPorts = 1>
ST_2 : Operation 81 [1/1] (0.99ns)   --->   "%select_ln63_3 = select i1 %icmp_ln64, i4 %indvars_iv_next168174, i4 %y_load" [cnn_accel.cpp:63]   --->   Operation 81 'select' 'select_ln63_3' <Predicate = true> <Delay = 0.99> <CoreInst = "Sel">   --->   Core 73 'Sel' <Latency = 0> <II = 1> <Delay = 0.99> <FuncUnit> <Opcode : 'select'> <InPorts = 3> <OutPorts = 1>
ST_2 : Operation 82 [1/1] (0.00ns)   --->   "%empty = trunc i4 %select_ln63_3" [cnn_accel.cpp:63]   --->   Operation 82 'trunc' 'empty' <Predicate = true> <Delay = 0.00>
ST_2 : Operation 83 [1/1] (1.77ns)   --->   "%indvars_iv_next164_dup = add i4 %select_ln63, i4 1" [cnn_accel.cpp:63]   --->   Operation 83 'add' 'indvars_iv_next164_dup' <Predicate = true> <Delay = 1.77> <CoreInst = "Adder">   --->   Core 1 'Adder' <Latency = 0> <II = 1> <Delay = 1.77> <FuncUnit> <Opcode : 'add' 'sub'> <InPorts = 2> <OutPorts = 1>
ST_2 : Operation 84 [1/1] (0.00ns) (grouped into LUT with out node oc_mid2)   --->   "%empty_23 = or i1 %and_ln63, i1 %icmp_ln64" [cnn_accel.cpp:63]   --->   Operation 84 'or' 'empty_23' <Predicate = true> <Delay = 0.00> <CoreInst = "LogicGate">   --->   Core 74 'LogicGate' <Latency = 0> <II = 1> <Delay = 0.97> <FuncUnit> <Opcode : 'and' 'or' 'xor'> <InPorts = 2> <OutPorts = 1>
ST_2 : Operation 85 [1/1] (1.21ns) (out node of the LUT)   --->   "%oc_mid2 = select i1 %empty_23, i5 0, i5 %oc_load" [cnn_accel.cpp:63]   --->   Operation 85 'select' 'oc_mid2' <Predicate = true> <Delay = 1.21> <CoreInst = "Sel">   --->   Core 73 'Sel' <Latency = 0> <II = 1> <Delay = 1.21> <FuncUnit> <Opcode : 'select'> <InPorts = 3> <OutPorts = 1>
ST_2 : Operation 86 [1/1] (1.77ns)   --->   "%indvars_iv_next164_mid1 = add i4 %select_ln63, i4 2" [cnn_accel.cpp:63]   --->   Operation 86 'add' 'indvars_iv_next164_mid1' <Predicate = true> <Delay = 1.77> <CoreInst = "Adder">   --->   Core 1 'Adder' <Latency = 0> <II = 1> <Delay = 1.77> <FuncUnit> <Opcode : 'add' 'sub'> <InPorts = 2> <OutPorts = 1>
ST_2 : Operation 87 [1/1] (0.99ns) (out node of the LUT)   --->   "%indvars_iv_next164_mid2 = select i1 %and_ln63, i4 %indvars_iv_next164_mid1, i4 %select_ln63_2" [cnn_accel.cpp:63]   --->   Operation 87 'select' 'indvars_iv_next164_mid2' <Predicate = true> <Delay = 0.99> <CoreInst = "Sel">   --->   Core 73 'Sel' <Latency = 0> <II = 1> <Delay = 0.99> <FuncUnit> <Opcode : 'select'> <InPorts = 3> <OutPorts = 1>
ST_2 : Operation 88 [1/1] (0.99ns)   --->   "%select_ln64 = select i1 %and_ln63, i4 %indvars_iv_next164_dup, i4 %select_ln63" [cnn_accel.cpp:64]   --->   Operation 88 'select' 'select_ln64' <Predicate = true> <Delay = 0.99> <CoreInst = "Sel">   --->   Core 73 'Sel' <Latency = 0> <II = 1> <Delay = 0.99> <FuncUnit> <Opcode : 'select'> <InPorts = 3> <OutPorts = 1>
ST_2 : Operation 89 [8/8] (2.36ns)   --->   "%urem_ln63 = urem i4 %select_ln63_3, i4 3" [cnn_accel.cpp:63]   --->   Operation 89 'urem' 'urem_ln63' <Predicate = true> <Delay = 2.36> <CoreInst = "Divider">   --->   Core 6 'Divider' <Latency = 7> <II = 1> <Delay = 2.36> <FuncUnit> <Opcode : 'udiv' 'sdiv' 'urem' 'srem'> <InPorts = 2> <OutPorts = 1>
ST_2 : Operation 90 [1/1] (0.00ns)   --->   "%select_ln63_1_cast = zext i4 %select_ln63_1" [cnn_accel.cpp:63]   --->   Operation 90 'zext' 'select_ln63_1_cast' <Predicate = true> <Delay = 0.00>
ST_2 : Operation 91 [1/1] (3.83ns)   --->   "%mul166 = mul i9 %select_ln63_1_cast, i9 22" [cnn_accel.cpp:63]   --->   Operation 91 'mul' 'mul166' <Predicate = true> <Delay = 3.83> <CoreInst = "Multiplier">   --->   Core 3 'Multiplier' <Latency = 0> <II = 1> <Delay = 3.83> <FuncUnit> <Opcode : 'mul'> <InPorts = 2> <OutPorts = 1>
ST_2 : Operation 92 [1/1] (0.00ns)   --->   "%tmp_87_cast = partselect i2 @_ssdm_op_PartSelect.i2.i9.i32.i32, i9 %mul166, i32 6, i32 7" [cnn_accel.cpp:63]   --->   Operation 92 'partselect' 'tmp_87_cast' <Predicate = true> <Delay = 0.00>
ST_2 : Operation 93 [8/8] (2.36ns)   --->   "%urem_ln64 = urem i4 %select_ln64, i4 3" [cnn_accel.cpp:64]   --->   Operation 93 'urem' 'urem_ln64' <Predicate = true> <Delay = 2.36> <CoreInst = "Divider">   --->   Core 6 'Divider' <Latency = 7> <II = 1> <Delay = 2.36> <FuncUnit> <Opcode : 'udiv' 'sdiv' 'urem' 'srem'> <InPorts = 2> <OutPorts = 1>
ST_2 : Operation 94 [1/1] (1.86ns)   --->   "%add_ln65 = add i5 %oc_mid2, i5 1" [cnn_accel.cpp:65]   --->   Operation 94 'add' 'add_ln65' <Predicate = true> <Delay = 1.86> <CoreInst = "Adder">   --->   Core 1 'Adder' <Latency = 0> <II = 1> <Delay = 1.86> <FuncUnit> <Opcode : 'add' 'sub'> <InPorts = 2> <OutPorts = 1>
ST_2 : Operation 95 [1/1] (1.61ns)   --->   "%store_ln63 = store i4 %select_ln63_3, i4 %y" [cnn_accel.cpp:63]   --->   Operation 95 'store' 'store_ln63' <Predicate = true> <Delay = 1.61>
ST_2 : Operation 96 [1/1] (1.61ns)   --->   "%store_ln64 = store i4 %select_ln64, i4 %x" [cnn_accel.cpp:64]   --->   Operation 96 'store' 'store_ln64' <Predicate = true> <Delay = 1.61>
ST_2 : Operation 97 [1/1] (1.61ns)   --->   "%store_ln65 = store i5 %add_ln65, i5 %oc" [cnn_accel.cpp:65]   --->   Operation 97 'store' 'store_ln65' <Predicate = true> <Delay = 1.61>

State 3 <SV = 2> <Delay = 3.83>
ST_3 : Operation 98 [7/8] (2.36ns)   --->   "%urem_ln63 = urem i4 %select_ln63_3, i4 3" [cnn_accel.cpp:63]   --->   Operation 98 'urem' 'urem_ln63' <Predicate = true> <Delay = 2.36> <CoreInst = "Divider">   --->   Core 6 'Divider' <Latency = 7> <II = 1> <Delay = 2.36> <FuncUnit> <Opcode : 'udiv' 'sdiv' 'urem' 'srem'> <InPorts = 2> <OutPorts = 1>
ST_3 : Operation 99 [7/8] (2.36ns)   --->   "%urem_ln64 = urem i4 %select_ln64, i4 3" [cnn_accel.cpp:64]   --->   Operation 99 'urem' 'urem_ln64' <Predicate = true> <Delay = 2.36> <CoreInst = "Divider">   --->   Core 6 'Divider' <Latency = 7> <II = 1> <Delay = 2.36> <FuncUnit> <Opcode : 'udiv' 'sdiv' 'urem' 'srem'> <InPorts = 2> <OutPorts = 1>
ST_3 : Operation 100 [1/1] (0.00ns)   --->   "%indvars_iv_next164_mid2_cast = zext i4 %indvars_iv_next164_mid2" [cnn_accel.cpp:63]   --->   Operation 100 'zext' 'indvars_iv_next164_mid2_cast' <Predicate = true> <Delay = 0.00>
ST_3 : Operation 101 [1/1] (3.83ns)   --->   "%mul157 = mul i9 %indvars_iv_next164_mid2_cast, i9 22" [cnn_accel.cpp:63]   --->   Operation 101 'mul' 'mul157' <Predicate = true> <Delay = 3.83> <CoreInst = "Multiplier">   --->   Core 3 'Multiplier' <Latency = 0> <II = 1> <Delay = 3.83> <FuncUnit> <Opcode : 'mul'> <InPorts = 2> <OutPorts = 1>
ST_3 : Operation 102 [1/1] (0.00ns)   --->   "%tmp_86 = partselect i3 @_ssdm_op_PartSelect.i3.i9.i32.i32, i9 %mul157, i32 6, i32 8" [cnn_accel.cpp:63]   --->   Operation 102 'partselect' 'tmp_86' <Predicate = true> <Delay = 0.00>

State 4 <SV = 3> <Delay = 2.36>
ST_4 : Operation 103 [6/8] (2.36ns)   --->   "%urem_ln63 = urem i4 %select_ln63_3, i4 3" [cnn_accel.cpp:63]   --->   Operation 103 'urem' 'urem_ln63' <Predicate = true> <Delay = 2.36> <CoreInst = "Divider">   --->   Core 6 'Divider' <Latency = 7> <II = 1> <Delay = 2.36> <FuncUnit> <Opcode : 'udiv' 'sdiv' 'urem' 'srem'> <InPorts = 2> <OutPorts = 1>
ST_4 : Operation 104 [6/8] (2.36ns)   --->   "%urem_ln64 = urem i4 %select_ln64, i4 3" [cnn_accel.cpp:64]   --->   Operation 104 'urem' 'urem_ln64' <Predicate = true> <Delay = 2.36> <CoreInst = "Divider">   --->   Core 6 'Divider' <Latency = 7> <II = 1> <Delay = 2.36> <FuncUnit> <Opcode : 'udiv' 'sdiv' 'urem' 'srem'> <InPorts = 2> <OutPorts = 1>

State 5 <SV = 4> <Delay = 2.36>
ST_5 : Operation 105 [5/8] (2.36ns)   --->   "%urem_ln63 = urem i4 %select_ln63_3, i4 3" [cnn_accel.cpp:63]   --->   Operation 105 'urem' 'urem_ln63' <Predicate = true> <Delay = 2.36> <CoreInst = "Divider">   --->   Core 6 'Divider' <Latency = 7> <II = 1> <Delay = 2.36> <FuncUnit> <Opcode : 'udiv' 'sdiv' 'urem' 'srem'> <InPorts = 2> <OutPorts = 1>
ST_5 : Operation 106 [5/8] (2.36ns)   --->   "%urem_ln64 = urem i4 %select_ln64, i4 3" [cnn_accel.cpp:64]   --->   Operation 106 'urem' 'urem_ln64' <Predicate = true> <Delay = 2.36> <CoreInst = "Divider">   --->   Core 6 'Divider' <Latency = 7> <II = 1> <Delay = 2.36> <FuncUnit> <Opcode : 'udiv' 'sdiv' 'urem' 'srem'> <InPorts = 2> <OutPorts = 1>

State 6 <SV = 5> <Delay = 2.36>
ST_6 : Operation 107 [4/8] (2.36ns)   --->   "%urem_ln63 = urem i4 %select_ln63_3, i4 3" [cnn_accel.cpp:63]   --->   Operation 107 'urem' 'urem_ln63' <Predicate = true> <Delay = 2.36> <CoreInst = "Divider">   --->   Core 6 'Divider' <Latency = 7> <II = 1> <Delay = 2.36> <FuncUnit> <Opcode : 'udiv' 'sdiv' 'urem' 'srem'> <InPorts = 2> <OutPorts = 1>
ST_6 : Operation 108 [4/8] (2.36ns)   --->   "%urem_ln64 = urem i4 %select_ln64, i4 3" [cnn_accel.cpp:64]   --->   Operation 108 'urem' 'urem_ln64' <Predicate = true> <Delay = 2.36> <CoreInst = "Divider">   --->   Core 6 'Divider' <Latency = 7> <II = 1> <Delay = 2.36> <FuncUnit> <Opcode : 'udiv' 'sdiv' 'urem' 'srem'> <InPorts = 2> <OutPorts = 1>

State 7 <SV = 6> <Delay = 2.36>
ST_7 : Operation 109 [3/8] (2.36ns)   --->   "%urem_ln63 = urem i4 %select_ln63_3, i4 3" [cnn_accel.cpp:63]   --->   Operation 109 'urem' 'urem_ln63' <Predicate = true> <Delay = 2.36> <CoreInst = "Divider">   --->   Core 6 'Divider' <Latency = 7> <II = 1> <Delay = 2.36> <FuncUnit> <Opcode : 'udiv' 'sdiv' 'urem' 'srem'> <InPorts = 2> <OutPorts = 1>
ST_7 : Operation 110 [3/8] (2.36ns)   --->   "%urem_ln64 = urem i4 %select_ln64, i4 3" [cnn_accel.cpp:64]   --->   Operation 110 'urem' 'urem_ln64' <Predicate = true> <Delay = 2.36> <CoreInst = "Divider">   --->   Core 6 'Divider' <Latency = 7> <II = 1> <Delay = 2.36> <FuncUnit> <Opcode : 'udiv' 'sdiv' 'urem' 'srem'> <InPorts = 2> <OutPorts = 1>

State 8 <SV = 7> <Delay = 2.36>
ST_8 : Operation 111 [2/8] (2.36ns)   --->   "%urem_ln63 = urem i4 %select_ln63_3, i4 3" [cnn_accel.cpp:63]   --->   Operation 111 'urem' 'urem_ln63' <Predicate = true> <Delay = 2.36> <CoreInst = "Divider">   --->   Core 6 'Divider' <Latency = 7> <II = 1> <Delay = 2.36> <FuncUnit> <Opcode : 'udiv' 'sdiv' 'urem' 'srem'> <InPorts = 2> <OutPorts = 1>
ST_8 : Operation 112 [2/8] (2.36ns)   --->   "%urem_ln64 = urem i4 %select_ln64, i4 3" [cnn_accel.cpp:64]   --->   Operation 112 'urem' 'urem_ln64' <Predicate = true> <Delay = 2.36> <CoreInst = "Divider">   --->   Core 6 'Divider' <Latency = 7> <II = 1> <Delay = 2.36> <FuncUnit> <Opcode : 'udiv' 'sdiv' 'urem' 'srem'> <InPorts = 2> <OutPorts = 1>

State 9 <SV = 8> <Delay = 5.60>
ST_9 : Operation 113 [1/1] (0.00ns)   --->   "%tmp_81 = bitconcatenate i6 @_ssdm_op_BitConcatenate.i6.i3.i3, i3 %empty, i3 0" [cnn_accel.cpp:98]   --->   Operation 113 'bitconcatenate' 'tmp_81' <Predicate = true> <Delay = 0.00>
ST_9 : Operation 114 [1/1] (0.00ns)   --->   "%zext_ln63 = zext i4 %select_ln63_3" [cnn_accel.cpp:63]   --->   Operation 114 'zext' 'zext_ln63' <Predicate = true> <Delay = 0.00>
ST_9 : Operation 115 [1/1] (3.83ns)   --->   "%mul_ln63 = mul i9 %zext_ln63, i9 22" [cnn_accel.cpp:63]   --->   Operation 115 'mul' 'mul_ln63' <Predicate = true> <Delay = 3.83> <CoreInst = "Multiplier">   --->   Core 3 'Multiplier' <Latency = 0> <II = 1> <Delay = 3.83> <FuncUnit> <Opcode : 'mul'> <InPorts = 2> <OutPorts = 1>
ST_9 : Operation 116 [1/1] (0.00ns)   --->   "%tmp_85_cast = partselect i2 @_ssdm_op_PartSelect.i2.i9.i32.i32, i9 %mul_ln63, i32 6, i32 7" [cnn_accel.cpp:63]   --->   Operation 116 'partselect' 'tmp_85_cast' <Predicate = true> <Delay = 0.00>
ST_9 : Operation 117 [1/8] (2.36ns)   --->   "%urem_ln63 = urem i4 %select_ln63_3, i4 3" [cnn_accel.cpp:63]   --->   Operation 117 'urem' 'urem_ln63' <Predicate = true> <Delay = 2.36> <CoreInst = "Divider">   --->   Core 6 'Divider' <Latency = 7> <II = 1> <Delay = 2.36> <FuncUnit> <Opcode : 'udiv' 'sdiv' 'urem' 'srem'> <InPorts = 2> <OutPorts = 1>
ST_9 : Operation 118 [1/1] (0.00ns)   --->   "%trunc_ln63 = trunc i2 %urem_ln63" [cnn_accel.cpp:63]   --->   Operation 118 'trunc' 'trunc_ln63' <Predicate = true> <Delay = 0.00>
ST_9 : Operation 119 [1/1] (1.77ns)   --->   "%empty_24 = add i4 %select_ln63_3, i4 2" [cnn_accel.cpp:63]   --->   Operation 119 'add' 'empty_24' <Predicate = true> <Delay = 1.77> <CoreInst = "Adder">   --->   Core 1 'Adder' <Latency = 0> <II = 1> <Delay = 1.77> <FuncUnit> <Opcode : 'add' 'sub'> <InPorts = 2> <OutPorts = 1>
ST_9 : Operation 120 [1/1] (0.00ns)   --->   "%zext_ln64 = zext i4 %empty_24" [cnn_accel.cpp:64]   --->   Operation 120 'zext' 'zext_ln64' <Predicate = true> <Delay = 0.00>
ST_9 : Operation 121 [1/1] (3.83ns)   --->   "%mul_ln64 = mul i9 %zext_ln64, i9 22" [cnn_accel.cpp:64]   --->   Operation 121 'mul' 'mul_ln64' <Predicate = true> <Delay = 3.83> <CoreInst = "Multiplier">   --->   Core 3 'Multiplier' <Latency = 0> <II = 1> <Delay = 3.83> <FuncUnit> <Opcode : 'mul'> <InPorts = 2> <OutPorts = 1>
ST_9 : Operation 122 [1/1] (0.00ns)   --->   "%tmp_89_cast = partselect i2 @_ssdm_op_PartSelect.i2.i9.i32.i32, i9 %mul_ln64, i32 6, i32 7" [cnn_accel.cpp:64]   --->   Operation 122 'partselect' 'tmp_89_cast' <Predicate = true> <Delay = 0.00>
ST_9 : Operation 123 [1/1] (0.00ns)   --->   "%zext_ln98 = zext i4 %select_ln64" [cnn_accel.cpp:98]   --->   Operation 123 'zext' 'zext_ln98' <Predicate = true> <Delay = 0.00>
ST_9 : Operation 124 [1/1] (1.94ns)   --->   "%add_ln98 = add i6 %tmp_81, i6 %zext_ln98" [cnn_accel.cpp:98]   --->   Operation 124 'add' 'add_ln98' <Predicate = true> <Delay = 1.94> <CoreInst = "Adder">   --->   Core 1 'Adder' <Latency = 0> <II = 1> <Delay = 1.94> <FuncUnit> <Opcode : 'add' 'sub'> <InPorts = 2> <OutPorts = 1>
ST_9 : Operation 125 [1/1] (0.00ns)   --->   "%zext_ln64_1 = zext i4 %select_ln64" [cnn_accel.cpp:64]   --->   Operation 125 'zext' 'zext_ln64_1' <Predicate = true> <Delay = 0.00>
ST_9 : Operation 126 [1/1] (3.83ns)   --->   "%mul_ln64_1 = mul i9 %zext_ln64_1, i9 22" [cnn_accel.cpp:64]   --->   Operation 126 'mul' 'mul_ln64_1' <Predicate = true> <Delay = 3.83> <CoreInst = "Multiplier">   --->   Core 3 'Multiplier' <Latency = 0> <II = 1> <Delay = 3.83> <FuncUnit> <Opcode : 'mul'> <InPorts = 2> <OutPorts = 1>
ST_9 : Operation 127 [1/1] (0.00ns)   --->   "%tmp_85 = partselect i3 @_ssdm_op_PartSelect.i3.i9.i32.i32, i9 %mul_ln64_1, i32 6, i32 8" [cnn_accel.cpp:64]   --->   Operation 127 'partselect' 'tmp_85' <Predicate = true> <Delay = 0.00>
ST_9 : Operation 128 [1/8] (2.36ns)   --->   "%urem_ln64 = urem i4 %select_ln64, i4 3" [cnn_accel.cpp:64]   --->   Operation 128 'urem' 'urem_ln64' <Predicate = true> <Delay = 2.36> <CoreInst = "Divider">   --->   Core 6 'Divider' <Latency = 7> <II = 1> <Delay = 2.36> <FuncUnit> <Opcode : 'udiv' 'sdiv' 'urem' 'srem'> <InPorts = 2> <OutPorts = 1>
ST_9 : Operation 129 [1/1] (0.00ns)   --->   "%trunc_ln64 = trunc i2 %urem_ln64" [cnn_accel.cpp:64]   --->   Operation 129 'trunc' 'trunc_ln64' <Predicate = true> <Delay = 0.00>
ST_9 : Operation 130 [1/1] (1.77ns)   --->   "%empty_31 = add i4 %select_ln64, i4 2" [cnn_accel.cpp:64]   --->   Operation 130 'add' 'empty_31' <Predicate = true> <Delay = 1.77> <CoreInst = "Adder">   --->   Core 1 'Adder' <Latency = 0> <II = 1> <Delay = 1.77> <FuncUnit> <Opcode : 'add' 'sub'> <InPorts = 2> <OutPorts = 1>
ST_9 : Operation 131 [1/1] (0.00ns)   --->   "%p_cast3 = zext i4 %empty_31" [cnn_accel.cpp:64]   --->   Operation 131 'zext' 'p_cast3' <Predicate = true> <Delay = 0.00>
ST_9 : Operation 132 [1/1] (3.83ns)   --->   "%mul155 = mul i9 %p_cast3, i9 22" [cnn_accel.cpp:64]   --->   Operation 132 'mul' 'mul155' <Predicate = true> <Delay = 3.83> <CoreInst = "Multiplier">   --->   Core 3 'Multiplier' <Latency = 0> <II = 1> <Delay = 3.83> <FuncUnit> <Opcode : 'mul'> <InPorts = 2> <OutPorts = 1>
ST_9 : Operation 133 [1/1] (0.00ns)   --->   "%tmp_87 = partselect i3 @_ssdm_op_PartSelect.i3.i9.i32.i32, i9 %mul155, i32 6, i32 8" [cnn_accel.cpp:64]   --->   Operation 133 'partselect' 'tmp_87' <Predicate = true> <Delay = 0.00>

State 10 <SV = 9> <Delay = 5.03>
ST_10 : Operation 134 [1/1] (0.00ns)   --->   "%tmp_82 = bitconcatenate i4 @_ssdm_op_BitConcatenate.i4.i2.i2, i2 %tmp_85_cast, i2 0" [cnn_accel.cpp:63]   --->   Operation 134 'bitconcatenate' 'tmp_82' <Predicate = true> <Delay = 0.00>
ST_10 : Operation 135 [1/1] (0.00ns)   --->   "%tmp_83 = bitconcatenate i4 @_ssdm_op_BitConcatenate.i4.i2.i2, i2 %tmp_87_cast, i2 0" [cnn_accel.cpp:63]   --->   Operation 135 'bitconcatenate' 'tmp_83' <Predicate = true> <Delay = 0.00>
ST_10 : Operation 136 [1/1] (0.00ns)   --->   "%tmp_84 = bitconcatenate i4 @_ssdm_op_BitConcatenate.i4.i2.i2, i2 %tmp_89_cast, i2 0" [cnn_accel.cpp:64]   --->   Operation 136 'bitconcatenate' 'tmp_84' <Predicate = true> <Delay = 0.00>
ST_10 : Operation 137 [1/1] (0.00ns)   --->   "%zext_ln64_2 = zext i3 %tmp_85" [cnn_accel.cpp:64]   --->   Operation 137 'zext' 'zext_ln64_2' <Predicate = true> <Delay = 0.00>
ST_10 : Operation 138 [1/1] (1.77ns)   --->   "%empty_25 = add i4 %tmp_82, i4 %zext_ln64_2" [cnn_accel.cpp:63]   --->   Operation 138 'add' 'empty_25' <Predicate = true> <Delay = 1.77> <CoreInst = "Adder">   --->   Core 1 'Adder' <Latency = 0> <II = 1> <Delay = 1.77> <FuncUnit> <Opcode : 'add' 'sub'> <InPorts = 2> <OutPorts = 1>
ST_10 : Operation 139 [1/1] (0.00ns)   --->   "%p_cast4 = zext i4 %empty_25" [cnn_accel.cpp:63]   --->   Operation 139 'zext' 'p_cast4' <Predicate = true> <Delay = 0.00>
ST_10 : Operation 140 [1/1] (0.00ns)   --->   "%tile_in_addr = getelementptr i8 %tile_in, i64 0, i64 %p_cast4" [cnn_accel.cpp:63]   --->   Operation 140 'getelementptr' 'tile_in_addr' <Predicate = (trunc_ln63 == 0 & trunc_ln64 == 0)> <Delay = 0.00>
ST_10 : Operation 141 [1/1] (1.77ns)   --->   "%empty_26 = add i4 %tmp_83, i4 %zext_ln64_2" [cnn_accel.cpp:63]   --->   Operation 141 'add' 'empty_26' <Predicate = true> <Delay = 1.77> <CoreInst = "Adder">   --->   Core 1 'Adder' <Latency = 0> <II = 1> <Delay = 1.77> <FuncUnit> <Opcode : 'add' 'sub'> <InPorts = 2> <OutPorts = 1>
ST_10 : Operation 142 [1/1] (0.00ns)   --->   "%p_cast5 = zext i4 %empty_26" [cnn_accel.cpp:63]   --->   Operation 142 'zext' 'p_cast5' <Predicate = true> <Delay = 0.00>
ST_10 : Operation 143 [1/1] (0.00ns)   --->   "%tile_in_addr_1 = getelementptr i8 %tile_in, i64 0, i64 %p_cast5" [cnn_accel.cpp:63]   --->   Operation 143 'getelementptr' 'tile_in_addr_1' <Predicate = (trunc_ln64 == 0 & trunc_ln63 == 2)> <Delay = 0.00>
ST_10 : Operation 144 [1/1] (1.77ns)   --->   "%empty_27 = add i4 %tmp_84, i4 %zext_ln64_2" [cnn_accel.cpp:64]   --->   Operation 144 'add' 'empty_27' <Predicate = true> <Delay = 1.77> <CoreInst = "Adder">   --->   Core 1 'Adder' <Latency = 0> <II = 1> <Delay = 1.77> <FuncUnit> <Opcode : 'add' 'sub'> <InPorts = 2> <OutPorts = 1>
ST_10 : Operation 145 [1/1] (0.00ns)   --->   "%p_cast6 = zext i4 %empty_27" [cnn_accel.cpp:64]   --->   Operation 145 'zext' 'p_cast6' <Predicate = true> <Delay = 0.00>
ST_10 : Operation 146 [1/1] (0.00ns)   --->   "%tile_in_addr_2 = getelementptr i8 %tile_in, i64 0, i64 %p_cast6" [cnn_accel.cpp:64]   --->   Operation 146 'getelementptr' 'tile_in_addr_2' <Predicate = (trunc_ln64 == 0 & trunc_ln63 == 1)> <Delay = 0.00>
ST_10 : Operation 147 [1/1] (0.00ns)   --->   "%tile_in_1_addr = getelementptr i8 %tile_in_1, i64 0, i64 %p_cast4" [cnn_accel.cpp:63]   --->   Operation 147 'getelementptr' 'tile_in_1_addr' <Predicate = (trunc_ln63 == 0 & trunc_ln64 == 0)> <Delay = 0.00>
ST_10 : Operation 148 [1/1] (0.00ns)   --->   "%tile_in_1_addr_1 = getelementptr i8 %tile_in_1, i64 0, i64 %p_cast5" [cnn_accel.cpp:63]   --->   Operation 148 'getelementptr' 'tile_in_1_addr_1' <Predicate = (trunc_ln64 == 0 & trunc_ln63 == 2)> <Delay = 0.00>
ST_10 : Operation 149 [1/1] (0.00ns)   --->   "%tile_in_1_addr_2 = getelementptr i8 %tile_in_1, i64 0, i64 %p_cast6" [cnn_accel.cpp:64]   --->   Operation 149 'getelementptr' 'tile_in_1_addr_2' <Predicate = (trunc_ln64 == 0 & trunc_ln63 == 1)> <Delay = 0.00>
ST_10 : Operation 150 [1/1] (0.00ns)   --->   "%tile_in_2_addr = getelementptr i8 %tile_in_2, i64 0, i64 %p_cast4" [cnn_accel.cpp:63]   --->   Operation 150 'getelementptr' 'tile_in_2_addr' <Predicate = (trunc_ln63 == 0 & trunc_ln64 == 0)> <Delay = 0.00>
ST_10 : Operation 151 [1/1] (0.00ns)   --->   "%tile_in_2_addr_1 = getelementptr i8 %tile_in_2, i64 0, i64 %p_cast5" [cnn_accel.cpp:63]   --->   Operation 151 'getelementptr' 'tile_in_2_addr_1' <Predicate = (trunc_ln64 == 0 & trunc_ln63 == 2)> <Delay = 0.00>
ST_10 : Operation 152 [1/1] (0.00ns)   --->   "%tile_in_2_addr_2 = getelementptr i8 %tile_in_2, i64 0, i64 %p_cast6" [cnn_accel.cpp:64]   --->   Operation 152 'getelementptr' 'tile_in_2_addr_2' <Predicate = (trunc_ln64 == 0 & trunc_ln63 == 1)> <Delay = 0.00>
ST_10 : Operation 153 [1/1] (0.00ns)   --->   "%tile_in_3_addr = getelementptr i8 %tile_in_3, i64 0, i64 %p_cast4" [cnn_accel.cpp:63]   --->   Operation 153 'getelementptr' 'tile_in_3_addr' <Predicate = (trunc_ln63 == 0 & trunc_ln64 == 1)> <Delay = 0.00>
ST_10 : Operation 154 [1/1] (0.00ns)   --->   "%tile_in_3_addr_1 = getelementptr i8 %tile_in_3, i64 0, i64 %p_cast5" [cnn_accel.cpp:63]   --->   Operation 154 'getelementptr' 'tile_in_3_addr_1' <Predicate = (trunc_ln64 == 1 & trunc_ln63 == 2)> <Delay = 0.00>
ST_10 : Operation 155 [1/1] (0.00ns)   --->   "%tile_in_3_addr_2 = getelementptr i8 %tile_in_3, i64 0, i64 %p_cast6" [cnn_accel.cpp:64]   --->   Operation 155 'getelementptr' 'tile_in_3_addr_2' <Predicate = (trunc_ln64 == 1 & trunc_ln63 == 1)> <Delay = 0.00>
ST_10 : Operation 156 [1/1] (0.00ns)   --->   "%tile_in_4_addr = getelementptr i8 %tile_in_4, i64 0, i64 %p_cast4" [cnn_accel.cpp:63]   --->   Operation 156 'getelementptr' 'tile_in_4_addr' <Predicate = (trunc_ln63 == 0 & trunc_ln64 == 1)> <Delay = 0.00>
ST_10 : Operation 157 [1/1] (0.00ns)   --->   "%tile_in_4_addr_1 = getelementptr i8 %tile_in_4, i64 0, i64 %p_cast5" [cnn_accel.cpp:63]   --->   Operation 157 'getelementptr' 'tile_in_4_addr_1' <Predicate = (trunc_ln64 == 1 & trunc_ln63 == 2)> <Delay = 0.00>
ST_10 : Operation 158 [1/1] (0.00ns)   --->   "%tile_in_4_addr_2 = getelementptr i8 %tile_in_4, i64 0, i64 %p_cast6" [cnn_accel.cpp:64]   --->   Operation 158 'getelementptr' 'tile_in_4_addr_2' <Predicate = (trunc_ln64 == 1 & trunc_ln63 == 1)> <Delay = 0.00>
ST_10 : Operation 159 [1/1] (0.00ns)   --->   "%tile_in_5_addr = getelementptr i8 %tile_in_5, i64 0, i64 %p_cast4" [cnn_accel.cpp:63]   --->   Operation 159 'getelementptr' 'tile_in_5_addr' <Predicate = (trunc_ln63 == 0 & trunc_ln64 == 1)> <Delay = 0.00>
ST_10 : Operation 160 [1/1] (0.00ns)   --->   "%tile_in_5_addr_1 = getelementptr i8 %tile_in_5, i64 0, i64 %p_cast5" [cnn_accel.cpp:63]   --->   Operation 160 'getelementptr' 'tile_in_5_addr_1' <Predicate = (trunc_ln64 == 1 & trunc_ln63 == 2)> <Delay = 0.00>
ST_10 : Operation 161 [1/1] (0.00ns)   --->   "%tile_in_5_addr_2 = getelementptr i8 %tile_in_5, i64 0, i64 %p_cast6" [cnn_accel.cpp:64]   --->   Operation 161 'getelementptr' 'tile_in_5_addr_2' <Predicate = (trunc_ln64 == 1 & trunc_ln63 == 1)> <Delay = 0.00>
ST_10 : Operation 162 [1/1] (0.00ns)   --->   "%tile_in_6_addr = getelementptr i8 %tile_in_6, i64 0, i64 %p_cast4" [cnn_accel.cpp:63]   --->   Operation 162 'getelementptr' 'tile_in_6_addr' <Predicate = (trunc_ln63 == 0 & trunc_ln64 == 2)> <Delay = 0.00>
ST_10 : Operation 163 [1/1] (0.00ns)   --->   "%tile_in_6_addr_1 = getelementptr i8 %tile_in_6, i64 0, i64 %p_cast5" [cnn_accel.cpp:63]   --->   Operation 163 'getelementptr' 'tile_in_6_addr_1' <Predicate = (trunc_ln64 == 2 & trunc_ln63 == 2)> <Delay = 0.00>
ST_10 : Operation 164 [1/1] (0.00ns)   --->   "%tile_in_6_addr_2 = getelementptr i8 %tile_in_6, i64 0, i64 %p_cast6" [cnn_accel.cpp:64]   --->   Operation 164 'getelementptr' 'tile_in_6_addr_2' <Predicate = (trunc_ln64 == 2 & trunc_ln63 == 1)> <Delay = 0.00>
ST_10 : Operation 165 [1/1] (0.00ns)   --->   "%tile_in_7_addr = getelementptr i8 %tile_in_7, i64 0, i64 %p_cast4" [cnn_accel.cpp:63]   --->   Operation 165 'getelementptr' 'tile_in_7_addr' <Predicate = (trunc_ln63 == 0 & trunc_ln64 == 2)> <Delay = 0.00>
ST_10 : Operation 166 [1/1] (0.00ns)   --->   "%tile_in_7_addr_1 = getelementptr i8 %tile_in_7, i64 0, i64 %p_cast5" [cnn_accel.cpp:63]   --->   Operation 166 'getelementptr' 'tile_in_7_addr_1' <Predicate = (trunc_ln64 == 2 & trunc_ln63 == 2)> <Delay = 0.00>
ST_10 : Operation 167 [1/1] (0.00ns)   --->   "%tile_in_7_addr_2 = getelementptr i8 %tile_in_7, i64 0, i64 %p_cast6" [cnn_accel.cpp:64]   --->   Operation 167 'getelementptr' 'tile_in_7_addr_2' <Predicate = (trunc_ln64 == 2 & trunc_ln63 == 1)> <Delay = 0.00>
ST_10 : Operation 168 [1/1] (0.00ns)   --->   "%tile_in_8_addr = getelementptr i8 %tile_in_8, i64 0, i64 %p_cast4" [cnn_accel.cpp:63]   --->   Operation 168 'getelementptr' 'tile_in_8_addr' <Predicate = (trunc_ln63 == 0 & trunc_ln64 == 2)> <Delay = 0.00>
ST_10 : Operation 169 [1/1] (0.00ns)   --->   "%tile_in_8_addr_1 = getelementptr i8 %tile_in_8, i64 0, i64 %p_cast5" [cnn_accel.cpp:63]   --->   Operation 169 'getelementptr' 'tile_in_8_addr_1' <Predicate = (trunc_ln64 == 2 & trunc_ln63 == 2)> <Delay = 0.00>
ST_10 : Operation 170 [1/1] (0.00ns)   --->   "%tile_in_8_addr_2 = getelementptr i8 %tile_in_8, i64 0, i64 %p_cast6" [cnn_accel.cpp:64]   --->   Operation 170 'getelementptr' 'tile_in_8_addr_2' <Predicate = (trunc_ln64 == 2 & trunc_ln63 == 1)> <Delay = 0.00>
ST_10 : Operation 171 [1/1] (0.00ns)   --->   "%tile_in_9_addr = getelementptr i8 %tile_in_9, i64 0, i64 %p_cast4" [cnn_accel.cpp:63]   --->   Operation 171 'getelementptr' 'tile_in_9_addr' <Predicate = (trunc_ln64 == 0 & trunc_ln63 == 1)> <Delay = 0.00>
ST_10 : Operation 172 [1/1] (0.00ns)   --->   "%tile_in_9_addr_1 = getelementptr i8 %tile_in_9, i64 0, i64 %p_cast5" [cnn_accel.cpp:63]   --->   Operation 172 'getelementptr' 'tile_in_9_addr_1' <Predicate = (trunc_ln63 == 0 & trunc_ln64 == 0)> <Delay = 0.00>
ST_10 : Operation 173 [1/1] (0.00ns)   --->   "%tile_in_9_addr_2 = getelementptr i8 %tile_in_9, i64 0, i64 %p_cast6" [cnn_accel.cpp:64]   --->   Operation 173 'getelementptr' 'tile_in_9_addr_2' <Predicate = (trunc_ln64 == 0 & trunc_ln63 == 2)> <Delay = 0.00>
ST_10 : Operation 174 [1/1] (0.00ns)   --->   "%tile_in_10_addr = getelementptr i8 %tile_in_10, i64 0, i64 %p_cast4" [cnn_accel.cpp:63]   --->   Operation 174 'getelementptr' 'tile_in_10_addr' <Predicate = (trunc_ln64 == 0 & trunc_ln63 == 1)> <Delay = 0.00>
ST_10 : Operation 175 [1/1] (0.00ns)   --->   "%tile_in_10_addr_1 = getelementptr i8 %tile_in_10, i64 0, i64 %p_cast5" [cnn_accel.cpp:63]   --->   Operation 175 'getelementptr' 'tile_in_10_addr_1' <Predicate = (trunc_ln63 == 0 & trunc_ln64 == 0)> <Delay = 0.00>
ST_10 : Operation 176 [1/1] (0.00ns)   --->   "%tile_in_10_addr_2 = getelementptr i8 %tile_in_10, i64 0, i64 %p_cast6" [cnn_accel.cpp:64]   --->   Operation 176 'getelementptr' 'tile_in_10_addr_2' <Predicate = (trunc_ln64 == 0 & trunc_ln63 == 2)> <Delay = 0.00>
ST_10 : Operation 177 [1/1] (0.00ns)   --->   "%tile_in_11_addr = getelementptr i8 %tile_in_11, i64 0, i64 %p_cast4" [cnn_accel.cpp:63]   --->   Operation 177 'getelementptr' 'tile_in_11_addr' <Predicate = (trunc_ln64 == 0 & trunc_ln63 == 1)> <Delay = 0.00>
ST_10 : Operation 178 [1/1] (0.00ns)   --->   "%tile_in_11_addr_1 = getelementptr i8 %tile_in_11, i64 0, i64 %p_cast5" [cnn_accel.cpp:63]   --->   Operation 178 'getelementptr' 'tile_in_11_addr_1' <Predicate = (trunc_ln63 == 0 & trunc_ln64 == 0)> <Delay = 0.00>
ST_10 : Operation 179 [1/1] (0.00ns)   --->   "%tile_in_11_addr_2 = getelementptr i8 %tile_in_11, i64 0, i64 %p_cast6" [cnn_accel.cpp:64]   --->   Operation 179 'getelementptr' 'tile_in_11_addr_2' <Predicate = (trunc_ln64 == 0 & trunc_ln63 == 2)> <Delay = 0.00>
ST_10 : Operation 180 [1/1] (0.00ns)   --->   "%tile_in_12_addr = getelementptr i8 %tile_in_12, i64 0, i64 %p_cast4" [cnn_accel.cpp:63]   --->   Operation 180 'getelementptr' 'tile_in_12_addr' <Predicate = (trunc_ln64 == 1 & trunc_ln63 == 1)> <Delay = 0.00>
ST_10 : Operation 181 [1/1] (0.00ns)   --->   "%tile_in_12_addr_1 = getelementptr i8 %tile_in_12, i64 0, i64 %p_cast5" [cnn_accel.cpp:63]   --->   Operation 181 'getelementptr' 'tile_in_12_addr_1' <Predicate = (trunc_ln63 == 0 & trunc_ln64 == 1)> <Delay = 0.00>
ST_10 : Operation 182 [1/1] (0.00ns)   --->   "%tile_in_12_addr_2 = getelementptr i8 %tile_in_12, i64 0, i64 %p_cast6" [cnn_accel.cpp:64]   --->   Operation 182 'getelementptr' 'tile_in_12_addr_2' <Predicate = (trunc_ln64 == 1 & trunc_ln63 == 2)> <Delay = 0.00>
ST_10 : Operation 183 [1/1] (0.00ns)   --->   "%tile_in_13_addr = getelementptr i8 %tile_in_13, i64 0, i64 %p_cast4" [cnn_accel.cpp:63]   --->   Operation 183 'getelementptr' 'tile_in_13_addr' <Predicate = (trunc_ln64 == 1 & trunc_ln63 == 1)> <Delay = 0.00>
ST_10 : Operation 184 [1/1] (0.00ns)   --->   "%tile_in_13_addr_1 = getelementptr i8 %tile_in_13, i64 0, i64 %p_cast5" [cnn_accel.cpp:63]   --->   Operation 184 'getelementptr' 'tile_in_13_addr_1' <Predicate = (trunc_ln63 == 0 & trunc_ln64 == 1)> <Delay = 0.00>
ST_10 : Operation 185 [1/1] (0.00ns)   --->   "%tile_in_13_addr_2 = getelementptr i8 %tile_in_13, i64 0, i64 %p_cast6" [cnn_accel.cpp:64]   --->   Operation 185 'getelementptr' 'tile_in_13_addr_2' <Predicate = (trunc_ln64 == 1 & trunc_ln63 == 2)> <Delay = 0.00>
ST_10 : Operation 186 [1/1] (0.00ns)   --->   "%tile_in_14_addr = getelementptr i8 %tile_in_14, i64 0, i64 %p_cast4" [cnn_accel.cpp:63]   --->   Operation 186 'getelementptr' 'tile_in_14_addr' <Predicate = (trunc_ln64 == 1 & trunc_ln63 == 1)> <Delay = 0.00>
ST_10 : Operation 187 [1/1] (0.00ns)   --->   "%tile_in_14_addr_1 = getelementptr i8 %tile_in_14, i64 0, i64 %p_cast5" [cnn_accel.cpp:63]   --->   Operation 187 'getelementptr' 'tile_in_14_addr_1' <Predicate = (trunc_ln63 == 0 & trunc_ln64 == 1)> <Delay = 0.00>
ST_10 : Operation 188 [1/1] (0.00ns)   --->   "%tile_in_14_addr_2 = getelementptr i8 %tile_in_14, i64 0, i64 %p_cast6" [cnn_accel.cpp:64]   --->   Operation 188 'getelementptr' 'tile_in_14_addr_2' <Predicate = (trunc_ln64 == 1 & trunc_ln63 == 2)> <Delay = 0.00>
ST_10 : Operation 189 [1/1] (0.00ns)   --->   "%tile_in_15_addr = getelementptr i8 %tile_in_15, i64 0, i64 %p_cast4" [cnn_accel.cpp:63]   --->   Operation 189 'getelementptr' 'tile_in_15_addr' <Predicate = (trunc_ln64 == 2 & trunc_ln63 == 1)> <Delay = 0.00>
ST_10 : Operation 190 [1/1] (0.00ns)   --->   "%tile_in_15_addr_1 = getelementptr i8 %tile_in_15, i64 0, i64 %p_cast5" [cnn_accel.cpp:63]   --->   Operation 190 'getelementptr' 'tile_in_15_addr_1' <Predicate = (trunc_ln63 == 0 & trunc_ln64 == 2)> <Delay = 0.00>
ST_10 : Operation 191 [1/1] (0.00ns)   --->   "%tile_in_15_addr_2 = getelementptr i8 %tile_in_15, i64 0, i64 %p_cast6" [cnn_accel.cpp:64]   --->   Operation 191 'getelementptr' 'tile_in_15_addr_2' <Predicate = (trunc_ln64 == 2 & trunc_ln63 == 2)> <Delay = 0.00>
ST_10 : Operation 192 [1/1] (0.00ns)   --->   "%tile_in_16_addr = getelementptr i8 %tile_in_16, i64 0, i64 %p_cast4" [cnn_accel.cpp:63]   --->   Operation 192 'getelementptr' 'tile_in_16_addr' <Predicate = (trunc_ln64 == 2 & trunc_ln63 == 1)> <Delay = 0.00>
ST_10 : Operation 193 [1/1] (0.00ns)   --->   "%tile_in_16_addr_1 = getelementptr i8 %tile_in_16, i64 0, i64 %p_cast5" [cnn_accel.cpp:63]   --->   Operation 193 'getelementptr' 'tile_in_16_addr_1' <Predicate = (trunc_ln63 == 0 & trunc_ln64 == 2)> <Delay = 0.00>
ST_10 : Operation 194 [1/1] (0.00ns)   --->   "%tile_in_16_addr_2 = getelementptr i8 %tile_in_16, i64 0, i64 %p_cast6" [cnn_accel.cpp:64]   --->   Operation 194 'getelementptr' 'tile_in_16_addr_2' <Predicate = (trunc_ln64 == 2 & trunc_ln63 == 2)> <Delay = 0.00>
ST_10 : Operation 195 [1/1] (0.00ns)   --->   "%tile_in_17_addr = getelementptr i8 %tile_in_17, i64 0, i64 %p_cast4" [cnn_accel.cpp:63]   --->   Operation 195 'getelementptr' 'tile_in_17_addr' <Predicate = (trunc_ln64 == 2 & trunc_ln63 == 1)> <Delay = 0.00>
ST_10 : Operation 196 [1/1] (0.00ns)   --->   "%tile_in_17_addr_1 = getelementptr i8 %tile_in_17, i64 0, i64 %p_cast5" [cnn_accel.cpp:63]   --->   Operation 196 'getelementptr' 'tile_in_17_addr_1' <Predicate = (trunc_ln63 == 0 & trunc_ln64 == 2)> <Delay = 0.00>
ST_10 : Operation 197 [1/1] (0.00ns)   --->   "%tile_in_17_addr_2 = getelementptr i8 %tile_in_17, i64 0, i64 %p_cast6" [cnn_accel.cpp:64]   --->   Operation 197 'getelementptr' 'tile_in_17_addr_2' <Predicate = (trunc_ln64 == 2 & trunc_ln63 == 2)> <Delay = 0.00>
ST_10 : Operation 198 [1/1] (0.00ns)   --->   "%tile_in_18_addr = getelementptr i8 %tile_in_18, i64 0, i64 %p_cast4" [cnn_accel.cpp:63]   --->   Operation 198 'getelementptr' 'tile_in_18_addr' <Predicate = (trunc_ln64 == 0 & trunc_ln63 == 2)> <Delay = 0.00>
ST_10 : Operation 199 [1/1] (0.00ns)   --->   "%tile_in_18_addr_1 = getelementptr i8 %tile_in_18, i64 0, i64 %p_cast5" [cnn_accel.cpp:63]   --->   Operation 199 'getelementptr' 'tile_in_18_addr_1' <Predicate = (trunc_ln64 == 0 & trunc_ln63 == 1)> <Delay = 0.00>
ST_10 : Operation 200 [1/1] (0.00ns)   --->   "%tile_in_18_addr_2 = getelementptr i8 %tile_in_18, i64 0, i64 %p_cast6" [cnn_accel.cpp:64]   --->   Operation 200 'getelementptr' 'tile_in_18_addr_2' <Predicate = (trunc_ln63 == 0 & trunc_ln64 == 0)> <Delay = 0.00>
ST_10 : Operation 201 [1/1] (0.00ns)   --->   "%tile_in_19_addr = getelementptr i8 %tile_in_19, i64 0, i64 %p_cast4" [cnn_accel.cpp:63]   --->   Operation 201 'getelementptr' 'tile_in_19_addr' <Predicate = (trunc_ln64 == 0 & trunc_ln63 == 2)> <Delay = 0.00>
ST_10 : Operation 202 [1/1] (0.00ns)   --->   "%tile_in_19_addr_1 = getelementptr i8 %tile_in_19, i64 0, i64 %p_cast5" [cnn_accel.cpp:63]   --->   Operation 202 'getelementptr' 'tile_in_19_addr_1' <Predicate = (trunc_ln64 == 0 & trunc_ln63 == 1)> <Delay = 0.00>
ST_10 : Operation 203 [1/1] (0.00ns)   --->   "%tile_in_19_addr_2 = getelementptr i8 %tile_in_19, i64 0, i64 %p_cast6" [cnn_accel.cpp:64]   --->   Operation 203 'getelementptr' 'tile_in_19_addr_2' <Predicate = (trunc_ln63 == 0 & trunc_ln64 == 0)> <Delay = 0.00>
ST_10 : Operation 204 [1/1] (0.00ns)   --->   "%tile_in_20_addr = getelementptr i8 %tile_in_20, i64 0, i64 %p_cast4" [cnn_accel.cpp:63]   --->   Operation 204 'getelementptr' 'tile_in_20_addr' <Predicate = (trunc_ln64 == 0 & trunc_ln63 == 2)> <Delay = 0.00>
ST_10 : Operation 205 [1/1] (0.00ns)   --->   "%tile_in_20_addr_1 = getelementptr i8 %tile_in_20, i64 0, i64 %p_cast5" [cnn_accel.cpp:63]   --->   Operation 205 'getelementptr' 'tile_in_20_addr_1' <Predicate = (trunc_ln64 == 0 & trunc_ln63 == 1)> <Delay = 0.00>
ST_10 : Operation 206 [1/1] (0.00ns)   --->   "%tile_in_20_addr_2 = getelementptr i8 %tile_in_20, i64 0, i64 %p_cast6" [cnn_accel.cpp:64]   --->   Operation 206 'getelementptr' 'tile_in_20_addr_2' <Predicate = (trunc_ln63 == 0 & trunc_ln64 == 0)> <Delay = 0.00>
ST_10 : Operation 207 [1/1] (0.00ns)   --->   "%tile_in_21_addr = getelementptr i8 %tile_in_21, i64 0, i64 %p_cast4" [cnn_accel.cpp:63]   --->   Operation 207 'getelementptr' 'tile_in_21_addr' <Predicate = (trunc_ln64 == 1 & trunc_ln63 == 2)> <Delay = 0.00>
ST_10 : Operation 208 [1/1] (0.00ns)   --->   "%tile_in_21_addr_1 = getelementptr i8 %tile_in_21, i64 0, i64 %p_cast5" [cnn_accel.cpp:63]   --->   Operation 208 'getelementptr' 'tile_in_21_addr_1' <Predicate = (trunc_ln64 == 1 & trunc_ln63 == 1)> <Delay = 0.00>
ST_10 : Operation 209 [1/1] (0.00ns)   --->   "%tile_in_21_addr_2 = getelementptr i8 %tile_in_21, i64 0, i64 %p_cast6" [cnn_accel.cpp:64]   --->   Operation 209 'getelementptr' 'tile_in_21_addr_2' <Predicate = (trunc_ln63 == 0 & trunc_ln64 == 1)> <Delay = 0.00>
ST_10 : Operation 210 [1/1] (0.00ns)   --->   "%tile_in_22_addr = getelementptr i8 %tile_in_22, i64 0, i64 %p_cast4" [cnn_accel.cpp:63]   --->   Operation 210 'getelementptr' 'tile_in_22_addr' <Predicate = (trunc_ln64 == 1 & trunc_ln63 == 2)> <Delay = 0.00>
ST_10 : Operation 211 [1/1] (0.00ns)   --->   "%tile_in_22_addr_1 = getelementptr i8 %tile_in_22, i64 0, i64 %p_cast5" [cnn_accel.cpp:63]   --->   Operation 211 'getelementptr' 'tile_in_22_addr_1' <Predicate = (trunc_ln64 == 1 & trunc_ln63 == 1)> <Delay = 0.00>
ST_10 : Operation 212 [1/1] (0.00ns)   --->   "%tile_in_22_addr_2 = getelementptr i8 %tile_in_22, i64 0, i64 %p_cast6" [cnn_accel.cpp:64]   --->   Operation 212 'getelementptr' 'tile_in_22_addr_2' <Predicate = (trunc_ln63 == 0 & trunc_ln64 == 1)> <Delay = 0.00>
ST_10 : Operation 213 [1/1] (0.00ns)   --->   "%tile_in_23_addr = getelementptr i8 %tile_in_23, i64 0, i64 %p_cast4" [cnn_accel.cpp:63]   --->   Operation 213 'getelementptr' 'tile_in_23_addr' <Predicate = (trunc_ln64 == 1 & trunc_ln63 == 2)> <Delay = 0.00>
ST_10 : Operation 214 [1/1] (0.00ns)   --->   "%tile_in_23_addr_1 = getelementptr i8 %tile_in_23, i64 0, i64 %p_cast5" [cnn_accel.cpp:63]   --->   Operation 214 'getelementptr' 'tile_in_23_addr_1' <Predicate = (trunc_ln64 == 1 & trunc_ln63 == 1)> <Delay = 0.00>
ST_10 : Operation 215 [1/1] (0.00ns)   --->   "%tile_in_23_addr_2 = getelementptr i8 %tile_in_23, i64 0, i64 %p_cast6" [cnn_accel.cpp:64]   --->   Operation 215 'getelementptr' 'tile_in_23_addr_2' <Predicate = (trunc_ln63 == 0 & trunc_ln64 == 1)> <Delay = 0.00>
ST_10 : Operation 216 [1/1] (0.00ns)   --->   "%tile_in_24_addr = getelementptr i8 %tile_in_24, i64 0, i64 %p_cast4" [cnn_accel.cpp:63]   --->   Operation 216 'getelementptr' 'tile_in_24_addr' <Predicate = (trunc_ln64 == 2 & trunc_ln63 == 2)> <Delay = 0.00>
ST_10 : Operation 217 [1/1] (0.00ns)   --->   "%tile_in_24_addr_1 = getelementptr i8 %tile_in_24, i64 0, i64 %p_cast5" [cnn_accel.cpp:63]   --->   Operation 217 'getelementptr' 'tile_in_24_addr_1' <Predicate = (trunc_ln64 == 2 & trunc_ln63 == 1)> <Delay = 0.00>
ST_10 : Operation 218 [1/1] (0.00ns)   --->   "%tile_in_24_addr_2 = getelementptr i8 %tile_in_24, i64 0, i64 %p_cast6" [cnn_accel.cpp:64]   --->   Operation 218 'getelementptr' 'tile_in_24_addr_2' <Predicate = (trunc_ln63 == 0 & trunc_ln64 == 2)> <Delay = 0.00>
ST_10 : Operation 219 [1/1] (0.00ns)   --->   "%tile_in_25_addr = getelementptr i8 %tile_in_25, i64 0, i64 %p_cast4" [cnn_accel.cpp:63]   --->   Operation 219 'getelementptr' 'tile_in_25_addr' <Predicate = (trunc_ln64 == 2 & trunc_ln63 == 2)> <Delay = 0.00>
ST_10 : Operation 220 [1/1] (0.00ns)   --->   "%tile_in_25_addr_1 = getelementptr i8 %tile_in_25, i64 0, i64 %p_cast5" [cnn_accel.cpp:63]   --->   Operation 220 'getelementptr' 'tile_in_25_addr_1' <Predicate = (trunc_ln64 == 2 & trunc_ln63 == 1)> <Delay = 0.00>
ST_10 : Operation 221 [1/1] (0.00ns)   --->   "%tile_in_25_addr_2 = getelementptr i8 %tile_in_25, i64 0, i64 %p_cast6" [cnn_accel.cpp:64]   --->   Operation 221 'getelementptr' 'tile_in_25_addr_2' <Predicate = (trunc_ln63 == 0 & trunc_ln64 == 2)> <Delay = 0.00>
ST_10 : Operation 222 [1/1] (0.00ns)   --->   "%tile_in_26_addr = getelementptr i8 %tile_in_26, i64 0, i64 %p_cast4" [cnn_accel.cpp:63]   --->   Operation 222 'getelementptr' 'tile_in_26_addr' <Predicate = (trunc_ln64 == 2 & trunc_ln63 == 2)> <Delay = 0.00>
ST_10 : Operation 223 [1/1] (0.00ns)   --->   "%tile_in_26_addr_1 = getelementptr i8 %tile_in_26, i64 0, i64 %p_cast5" [cnn_accel.cpp:63]   --->   Operation 223 'getelementptr' 'tile_in_26_addr_1' <Predicate = (trunc_ln64 == 2 & trunc_ln63 == 1)> <Delay = 0.00>
ST_10 : Operation 224 [1/1] (0.00ns)   --->   "%tile_in_26_addr_2 = getelementptr i8 %tile_in_26, i64 0, i64 %p_cast6" [cnn_accel.cpp:64]   --->   Operation 224 'getelementptr' 'tile_in_26_addr_2' <Predicate = (trunc_ln63 == 0 & trunc_ln64 == 2)> <Delay = 0.00>
ST_10 : Operation 225 [1/1] (0.00ns)   --->   "%tmp_93 = zext i3 %tmp_86" [cnn_accel.cpp:63]   --->   Operation 225 'zext' 'tmp_93' <Predicate = true> <Delay = 0.00>
ST_10 : Operation 226 [1/1] (1.77ns)   --->   "%empty_28 = add i4 %tmp_82, i4 %tmp_93" [cnn_accel.cpp:63]   --->   Operation 226 'add' 'empty_28' <Predicate = true> <Delay = 1.77> <CoreInst = "Adder">   --->   Core 1 'Adder' <Latency = 0> <II = 1> <Delay = 1.77> <FuncUnit> <Opcode : 'add' 'sub'> <InPorts = 2> <OutPorts = 1>
ST_10 : Operation 227 [1/1] (0.00ns)   --->   "%p_cast7 = zext i4 %empty_28" [cnn_accel.cpp:63]   --->   Operation 227 'zext' 'p_cast7' <Predicate = true> <Delay = 0.00>
ST_10 : Operation 228 [1/1] (0.00ns)   --->   "%tile_in_addr_3 = getelementptr i8 %tile_in, i64 0, i64 %p_cast7" [cnn_accel.cpp:63]   --->   Operation 228 'getelementptr' 'tile_in_addr_3' <Predicate = (trunc_ln63 == 0 & trunc_ln64 == 2)> <Delay = 0.00>
ST_10 : Operation 229 [1/1] (1.77ns)   --->   "%empty_29 = add i4 %tmp_83, i4 %tmp_93" [cnn_accel.cpp:63]   --->   Operation 229 'add' 'empty_29' <Predicate = true> <Delay = 1.77> <CoreInst = "Adder">   --->   Core 1 'Adder' <Latency = 0> <II = 1> <Delay = 1.77> <FuncUnit> <Opcode : 'add' 'sub'> <InPorts = 2> <OutPorts = 1>
ST_10 : Operation 230 [1/1] (0.00ns)   --->   "%p_cast8 = zext i4 %empty_29" [cnn_accel.cpp:63]   --->   Operation 230 'zext' 'p_cast8' <Predicate = true> <Delay = 0.00>
ST_10 : Operation 231 [1/1] (0.00ns)   --->   "%tile_in_addr_5 = getelementptr i8 %tile_in, i64 0, i64 %p_cast8" [cnn_accel.cpp:63]   --->   Operation 231 'getelementptr' 'tile_in_addr_5' <Predicate = (trunc_ln64 == 2 & trunc_ln63 == 2)> <Delay = 0.00>
ST_10 : Operation 232 [1/1] (1.77ns)   --->   "%empty_30 = add i4 %tmp_84, i4 %tmp_93" [cnn_accel.cpp:64]   --->   Operation 232 'add' 'empty_30' <Predicate = true> <Delay = 1.77> <CoreInst = "Adder">   --->   Core 1 'Adder' <Latency = 0> <II = 1> <Delay = 1.77> <FuncUnit> <Opcode : 'add' 'sub'> <InPorts = 2> <OutPorts = 1>
ST_10 : Operation 233 [1/1] (0.00ns)   --->   "%p_cast9 = zext i4 %empty_30" [cnn_accel.cpp:64]   --->   Operation 233 'zext' 'p_cast9' <Predicate = true> <Delay = 0.00>
ST_10 : Operation 234 [1/1] (0.00ns)   --->   "%tile_in_addr_6 = getelementptr i8 %tile_in, i64 0, i64 %p_cast9" [cnn_accel.cpp:64]   --->   Operation 234 'getelementptr' 'tile_in_addr_6' <Predicate = (trunc_ln64 == 2 & trunc_ln63 == 1)> <Delay = 0.00>
ST_10 : Operation 235 [1/1] (0.00ns)   --->   "%tile_in_1_addr_3 = getelementptr i8 %tile_in_1, i64 0, i64 %p_cast7" [cnn_accel.cpp:63]   --->   Operation 235 'getelementptr' 'tile_in_1_addr_3' <Predicate = (trunc_ln63 == 0 & trunc_ln64 == 2)> <Delay = 0.00>
ST_10 : Operation 236 [1/1] (0.00ns)   --->   "%tile_in_1_addr_5 = getelementptr i8 %tile_in_1, i64 0, i64 %p_cast8" [cnn_accel.cpp:63]   --->   Operation 236 'getelementptr' 'tile_in_1_addr_5' <Predicate = (trunc_ln64 == 2 & trunc_ln63 == 2)> <Delay = 0.00>
ST_10 : Operation 237 [1/1] (0.00ns)   --->   "%tile_in_1_addr_6 = getelementptr i8 %tile_in_1, i64 0, i64 %p_cast9" [cnn_accel.cpp:64]   --->   Operation 237 'getelementptr' 'tile_in_1_addr_6' <Predicate = (trunc_ln64 == 2 & trunc_ln63 == 1)> <Delay = 0.00>
ST_10 : Operation 238 [1/1] (0.00ns)   --->   "%tile_in_2_addr_3 = getelementptr i8 %tile_in_2, i64 0, i64 %p_cast7" [cnn_accel.cpp:63]   --->   Operation 238 'getelementptr' 'tile_in_2_addr_3' <Predicate = (trunc_ln63 == 0 & trunc_ln64 == 2)> <Delay = 0.00>
ST_10 : Operation 239 [1/1] (0.00ns)   --->   "%tile_in_2_addr_5 = getelementptr i8 %tile_in_2, i64 0, i64 %p_cast8" [cnn_accel.cpp:63]   --->   Operation 239 'getelementptr' 'tile_in_2_addr_5' <Predicate = (trunc_ln64 == 2 & trunc_ln63 == 2)> <Delay = 0.00>
ST_10 : Operation 240 [1/1] (0.00ns)   --->   "%tile_in_2_addr_6 = getelementptr i8 %tile_in_2, i64 0, i64 %p_cast9" [cnn_accel.cpp:64]   --->   Operation 240 'getelementptr' 'tile_in_2_addr_6' <Predicate = (trunc_ln64 == 2 & trunc_ln63 == 1)> <Delay = 0.00>
ST_10 : Operation 241 [1/1] (0.00ns)   --->   "%tile_in_3_addr_3 = getelementptr i8 %tile_in_3, i64 0, i64 %p_cast7" [cnn_accel.cpp:63]   --->   Operation 241 'getelementptr' 'tile_in_3_addr_3' <Predicate = (trunc_ln63 == 0 & trunc_ln64 == 0)> <Delay = 0.00>
ST_10 : Operation 242 [1/1] (0.00ns)   --->   "%tile_in_3_addr_5 = getelementptr i8 %tile_in_3, i64 0, i64 %p_cast8" [cnn_accel.cpp:63]   --->   Operation 242 'getelementptr' 'tile_in_3_addr_5' <Predicate = (trunc_ln64 == 0 & trunc_ln63 == 2)> <Delay = 0.00>
ST_10 : Operation 243 [1/1] (0.00ns)   --->   "%tile_in_3_addr_6 = getelementptr i8 %tile_in_3, i64 0, i64 %p_cast9" [cnn_accel.cpp:64]   --->   Operation 243 'getelementptr' 'tile_in_3_addr_6' <Predicate = (trunc_ln64 == 0 & trunc_ln63 == 1)> <Delay = 0.00>
ST_10 : Operation 244 [1/1] (0.00ns)   --->   "%tile_in_4_addr_3 = getelementptr i8 %tile_in_4, i64 0, i64 %p_cast7" [cnn_accel.cpp:63]   --->   Operation 244 'getelementptr' 'tile_in_4_addr_3' <Predicate = (trunc_ln63 == 0 & trunc_ln64 == 0)> <Delay = 0.00>
ST_10 : Operation 245 [1/1] (0.00ns)   --->   "%tile_in_4_addr_5 = getelementptr i8 %tile_in_4, i64 0, i64 %p_cast8" [cnn_accel.cpp:63]   --->   Operation 245 'getelementptr' 'tile_in_4_addr_5' <Predicate = (trunc_ln64 == 0 & trunc_ln63 == 2)> <Delay = 0.00>
ST_10 : Operation 246 [1/1] (0.00ns)   --->   "%tile_in_4_addr_6 = getelementptr i8 %tile_in_4, i64 0, i64 %p_cast9" [cnn_accel.cpp:64]   --->   Operation 246 'getelementptr' 'tile_in_4_addr_6' <Predicate = (trunc_ln64 == 0 & trunc_ln63 == 1)> <Delay = 0.00>
ST_10 : Operation 247 [1/1] (0.00ns)   --->   "%tile_in_5_addr_3 = getelementptr i8 %tile_in_5, i64 0, i64 %p_cast7" [cnn_accel.cpp:63]   --->   Operation 247 'getelementptr' 'tile_in_5_addr_3' <Predicate = (trunc_ln63 == 0 & trunc_ln64 == 0)> <Delay = 0.00>
ST_10 : Operation 248 [1/1] (0.00ns)   --->   "%tile_in_5_addr_5 = getelementptr i8 %tile_in_5, i64 0, i64 %p_cast8" [cnn_accel.cpp:63]   --->   Operation 248 'getelementptr' 'tile_in_5_addr_5' <Predicate = (trunc_ln64 == 0 & trunc_ln63 == 2)> <Delay = 0.00>
ST_10 : Operation 249 [1/1] (0.00ns)   --->   "%tile_in_5_addr_6 = getelementptr i8 %tile_in_5, i64 0, i64 %p_cast9" [cnn_accel.cpp:64]   --->   Operation 249 'getelementptr' 'tile_in_5_addr_6' <Predicate = (trunc_ln64 == 0 & trunc_ln63 == 1)> <Delay = 0.00>
ST_10 : Operation 250 [1/1] (0.00ns)   --->   "%tile_in_6_addr_3 = getelementptr i8 %tile_in_6, i64 0, i64 %p_cast7" [cnn_accel.cpp:63]   --->   Operation 250 'getelementptr' 'tile_in_6_addr_3' <Predicate = (trunc_ln63 == 0 & trunc_ln64 == 1)> <Delay = 0.00>
ST_10 : Operation 251 [1/1] (0.00ns)   --->   "%tile_in_6_addr_5 = getelementptr i8 %tile_in_6, i64 0, i64 %p_cast8" [cnn_accel.cpp:63]   --->   Operation 251 'getelementptr' 'tile_in_6_addr_5' <Predicate = (trunc_ln64 == 1 & trunc_ln63 == 2)> <Delay = 0.00>
ST_10 : Operation 252 [1/1] (0.00ns)   --->   "%tile_in_6_addr_6 = getelementptr i8 %tile_in_6, i64 0, i64 %p_cast9" [cnn_accel.cpp:64]   --->   Operation 252 'getelementptr' 'tile_in_6_addr_6' <Predicate = (trunc_ln64 == 1 & trunc_ln63 == 1)> <Delay = 0.00>
ST_10 : Operation 253 [1/1] (0.00ns)   --->   "%tile_in_7_addr_3 = getelementptr i8 %tile_in_7, i64 0, i64 %p_cast7" [cnn_accel.cpp:63]   --->   Operation 253 'getelementptr' 'tile_in_7_addr_3' <Predicate = (trunc_ln63 == 0 & trunc_ln64 == 1)> <Delay = 0.00>
ST_10 : Operation 254 [1/1] (0.00ns)   --->   "%tile_in_7_addr_5 = getelementptr i8 %tile_in_7, i64 0, i64 %p_cast8" [cnn_accel.cpp:63]   --->   Operation 254 'getelementptr' 'tile_in_7_addr_5' <Predicate = (trunc_ln64 == 1 & trunc_ln63 == 2)> <Delay = 0.00>
ST_10 : Operation 255 [1/1] (0.00ns)   --->   "%tile_in_7_addr_6 = getelementptr i8 %tile_in_7, i64 0, i64 %p_cast9" [cnn_accel.cpp:64]   --->   Operation 255 'getelementptr' 'tile_in_7_addr_6' <Predicate = (trunc_ln64 == 1 & trunc_ln63 == 1)> <Delay = 0.00>
ST_10 : Operation 256 [1/1] (0.00ns)   --->   "%tile_in_8_addr_3 = getelementptr i8 %tile_in_8, i64 0, i64 %p_cast7" [cnn_accel.cpp:63]   --->   Operation 256 'getelementptr' 'tile_in_8_addr_3' <Predicate = (trunc_ln63 == 0 & trunc_ln64 == 1)> <Delay = 0.00>
ST_10 : Operation 257 [1/1] (0.00ns)   --->   "%tile_in_8_addr_5 = getelementptr i8 %tile_in_8, i64 0, i64 %p_cast8" [cnn_accel.cpp:63]   --->   Operation 257 'getelementptr' 'tile_in_8_addr_5' <Predicate = (trunc_ln64 == 1 & trunc_ln63 == 2)> <Delay = 0.00>
ST_10 : Operation 258 [1/1] (0.00ns)   --->   "%tile_in_8_addr_6 = getelementptr i8 %tile_in_8, i64 0, i64 %p_cast9" [cnn_accel.cpp:64]   --->   Operation 258 'getelementptr' 'tile_in_8_addr_6' <Predicate = (trunc_ln64 == 1 & trunc_ln63 == 1)> <Delay = 0.00>
ST_10 : Operation 259 [1/1] (0.00ns)   --->   "%tile_in_9_addr_3 = getelementptr i8 %tile_in_9, i64 0, i64 %p_cast7" [cnn_accel.cpp:63]   --->   Operation 259 'getelementptr' 'tile_in_9_addr_3' <Predicate = (trunc_ln64 == 2 & trunc_ln63 == 1)> <Delay = 0.00>
ST_10 : Operation 260 [1/1] (0.00ns)   --->   "%tile_in_9_addr_5 = getelementptr i8 %tile_in_9, i64 0, i64 %p_cast8" [cnn_accel.cpp:63]   --->   Operation 260 'getelementptr' 'tile_in_9_addr_5' <Predicate = (trunc_ln63 == 0 & trunc_ln64 == 2)> <Delay = 0.00>
ST_10 : Operation 261 [1/1] (0.00ns)   --->   "%tile_in_9_addr_6 = getelementptr i8 %tile_in_9, i64 0, i64 %p_cast9" [cnn_accel.cpp:64]   --->   Operation 261 'getelementptr' 'tile_in_9_addr_6' <Predicate = (trunc_ln64 == 2 & trunc_ln63 == 2)> <Delay = 0.00>
ST_10 : Operation 262 [1/1] (0.00ns)   --->   "%tile_in_10_addr_3 = getelementptr i8 %tile_in_10, i64 0, i64 %p_cast7" [cnn_accel.cpp:63]   --->   Operation 262 'getelementptr' 'tile_in_10_addr_3' <Predicate = (trunc_ln64 == 2 & trunc_ln63 == 1)> <Delay = 0.00>
ST_10 : Operation 263 [1/1] (0.00ns)   --->   "%tile_in_10_addr_5 = getelementptr i8 %tile_in_10, i64 0, i64 %p_cast8" [cnn_accel.cpp:63]   --->   Operation 263 'getelementptr' 'tile_in_10_addr_5' <Predicate = (trunc_ln63 == 0 & trunc_ln64 == 2)> <Delay = 0.00>
ST_10 : Operation 264 [1/1] (0.00ns)   --->   "%tile_in_10_addr_6 = getelementptr i8 %tile_in_10, i64 0, i64 %p_cast9" [cnn_accel.cpp:64]   --->   Operation 264 'getelementptr' 'tile_in_10_addr_6' <Predicate = (trunc_ln64 == 2 & trunc_ln63 == 2)> <Delay = 0.00>
ST_10 : Operation 265 [1/1] (0.00ns)   --->   "%tile_in_11_addr_3 = getelementptr i8 %tile_in_11, i64 0, i64 %p_cast7" [cnn_accel.cpp:63]   --->   Operation 265 'getelementptr' 'tile_in_11_addr_3' <Predicate = (trunc_ln64 == 2 & trunc_ln63 == 1)> <Delay = 0.00>
ST_10 : Operation 266 [1/1] (0.00ns)   --->   "%tile_in_11_addr_5 = getelementptr i8 %tile_in_11, i64 0, i64 %p_cast8" [cnn_accel.cpp:63]   --->   Operation 266 'getelementptr' 'tile_in_11_addr_5' <Predicate = (trunc_ln63 == 0 & trunc_ln64 == 2)> <Delay = 0.00>
ST_10 : Operation 267 [1/1] (0.00ns)   --->   "%tile_in_11_addr_6 = getelementptr i8 %tile_in_11, i64 0, i64 %p_cast9" [cnn_accel.cpp:64]   --->   Operation 267 'getelementptr' 'tile_in_11_addr_6' <Predicate = (trunc_ln64 == 2 & trunc_ln63 == 2)> <Delay = 0.00>
ST_10 : Operation 268 [1/1] (0.00ns)   --->   "%tile_in_12_addr_3 = getelementptr i8 %tile_in_12, i64 0, i64 %p_cast7" [cnn_accel.cpp:63]   --->   Operation 268 'getelementptr' 'tile_in_12_addr_3' <Predicate = (trunc_ln64 == 0 & trunc_ln63 == 1)> <Delay = 0.00>
ST_10 : Operation 269 [1/1] (0.00ns)   --->   "%tile_in_12_addr_5 = getelementptr i8 %tile_in_12, i64 0, i64 %p_cast8" [cnn_accel.cpp:63]   --->   Operation 269 'getelementptr' 'tile_in_12_addr_5' <Predicate = (trunc_ln63 == 0 & trunc_ln64 == 0)> <Delay = 0.00>
ST_10 : Operation 270 [1/1] (0.00ns)   --->   "%tile_in_12_addr_6 = getelementptr i8 %tile_in_12, i64 0, i64 %p_cast9" [cnn_accel.cpp:64]   --->   Operation 270 'getelementptr' 'tile_in_12_addr_6' <Predicate = (trunc_ln64 == 0 & trunc_ln63 == 2)> <Delay = 0.00>
ST_10 : Operation 271 [1/1] (0.00ns)   --->   "%tile_in_13_addr_3 = getelementptr i8 %tile_in_13, i64 0, i64 %p_cast7" [cnn_accel.cpp:63]   --->   Operation 271 'getelementptr' 'tile_in_13_addr_3' <Predicate = (trunc_ln64 == 0 & trunc_ln63 == 1)> <Delay = 0.00>
ST_10 : Operation 272 [1/1] (0.00ns)   --->   "%tile_in_13_addr_5 = getelementptr i8 %tile_in_13, i64 0, i64 %p_cast8" [cnn_accel.cpp:63]   --->   Operation 272 'getelementptr' 'tile_in_13_addr_5' <Predicate = (trunc_ln63 == 0 & trunc_ln64 == 0)> <Delay = 0.00>
ST_10 : Operation 273 [1/1] (0.00ns)   --->   "%tile_in_13_addr_6 = getelementptr i8 %tile_in_13, i64 0, i64 %p_cast9" [cnn_accel.cpp:64]   --->   Operation 273 'getelementptr' 'tile_in_13_addr_6' <Predicate = (trunc_ln64 == 0 & trunc_ln63 == 2)> <Delay = 0.00>
ST_10 : Operation 274 [1/1] (0.00ns)   --->   "%tile_in_14_addr_3 = getelementptr i8 %tile_in_14, i64 0, i64 %p_cast7" [cnn_accel.cpp:63]   --->   Operation 274 'getelementptr' 'tile_in_14_addr_3' <Predicate = (trunc_ln64 == 0 & trunc_ln63 == 1)> <Delay = 0.00>
ST_10 : Operation 275 [1/1] (0.00ns)   --->   "%tile_in_14_addr_5 = getelementptr i8 %tile_in_14, i64 0, i64 %p_cast8" [cnn_accel.cpp:63]   --->   Operation 275 'getelementptr' 'tile_in_14_addr_5' <Predicate = (trunc_ln63 == 0 & trunc_ln64 == 0)> <Delay = 0.00>
ST_10 : Operation 276 [1/1] (0.00ns)   --->   "%tile_in_14_addr_6 = getelementptr i8 %tile_in_14, i64 0, i64 %p_cast9" [cnn_accel.cpp:64]   --->   Operation 276 'getelementptr' 'tile_in_14_addr_6' <Predicate = (trunc_ln64 == 0 & trunc_ln63 == 2)> <Delay = 0.00>
ST_10 : Operation 277 [1/1] (0.00ns)   --->   "%tile_in_15_addr_3 = getelementptr i8 %tile_in_15, i64 0, i64 %p_cast7" [cnn_accel.cpp:63]   --->   Operation 277 'getelementptr' 'tile_in_15_addr_3' <Predicate = (trunc_ln64 == 1 & trunc_ln63 == 1)> <Delay = 0.00>
ST_10 : Operation 278 [1/1] (0.00ns)   --->   "%tile_in_15_addr_5 = getelementptr i8 %tile_in_15, i64 0, i64 %p_cast8" [cnn_accel.cpp:63]   --->   Operation 278 'getelementptr' 'tile_in_15_addr_5' <Predicate = (trunc_ln63 == 0 & trunc_ln64 == 1)> <Delay = 0.00>
ST_10 : Operation 279 [1/1] (0.00ns)   --->   "%tile_in_15_addr_6 = getelementptr i8 %tile_in_15, i64 0, i64 %p_cast9" [cnn_accel.cpp:64]   --->   Operation 279 'getelementptr' 'tile_in_15_addr_6' <Predicate = (trunc_ln64 == 1 & trunc_ln63 == 2)> <Delay = 0.00>
ST_10 : Operation 280 [1/1] (0.00ns)   --->   "%tile_in_16_addr_3 = getelementptr i8 %tile_in_16, i64 0, i64 %p_cast7" [cnn_accel.cpp:63]   --->   Operation 280 'getelementptr' 'tile_in_16_addr_3' <Predicate = (trunc_ln64 == 1 & trunc_ln63 == 1)> <Delay = 0.00>
ST_10 : Operation 281 [1/1] (0.00ns)   --->   "%tile_in_16_addr_5 = getelementptr i8 %tile_in_16, i64 0, i64 %p_cast8" [cnn_accel.cpp:63]   --->   Operation 281 'getelementptr' 'tile_in_16_addr_5' <Predicate = (trunc_ln63 == 0 & trunc_ln64 == 1)> <Delay = 0.00>
ST_10 : Operation 282 [1/1] (0.00ns)   --->   "%tile_in_16_addr_6 = getelementptr i8 %tile_in_16, i64 0, i64 %p_cast9" [cnn_accel.cpp:64]   --->   Operation 282 'getelementptr' 'tile_in_16_addr_6' <Predicate = (trunc_ln64 == 1 & trunc_ln63 == 2)> <Delay = 0.00>
ST_10 : Operation 283 [1/1] (0.00ns)   --->   "%tile_in_17_addr_3 = getelementptr i8 %tile_in_17, i64 0, i64 %p_cast7" [cnn_accel.cpp:63]   --->   Operation 283 'getelementptr' 'tile_in_17_addr_3' <Predicate = (trunc_ln64 == 1 & trunc_ln63 == 1)> <Delay = 0.00>
ST_10 : Operation 284 [1/1] (0.00ns)   --->   "%tile_in_17_addr_5 = getelementptr i8 %tile_in_17, i64 0, i64 %p_cast8" [cnn_accel.cpp:63]   --->   Operation 284 'getelementptr' 'tile_in_17_addr_5' <Predicate = (trunc_ln63 == 0 & trunc_ln64 == 1)> <Delay = 0.00>
ST_10 : Operation 285 [1/1] (0.00ns)   --->   "%tile_in_17_addr_6 = getelementptr i8 %tile_in_17, i64 0, i64 %p_cast9" [cnn_accel.cpp:64]   --->   Operation 285 'getelementptr' 'tile_in_17_addr_6' <Predicate = (trunc_ln64 == 1 & trunc_ln63 == 2)> <Delay = 0.00>
ST_10 : Operation 286 [1/1] (0.00ns)   --->   "%tile_in_18_addr_3 = getelementptr i8 %tile_in_18, i64 0, i64 %p_cast7" [cnn_accel.cpp:63]   --->   Operation 286 'getelementptr' 'tile_in_18_addr_3' <Predicate = (trunc_ln64 == 2 & trunc_ln63 == 2)> <Delay = 0.00>
ST_10 : Operation 287 [1/1] (0.00ns)   --->   "%tile_in_18_addr_5 = getelementptr i8 %tile_in_18, i64 0, i64 %p_cast8" [cnn_accel.cpp:63]   --->   Operation 287 'getelementptr' 'tile_in_18_addr_5' <Predicate = (trunc_ln64 == 2 & trunc_ln63 == 1)> <Delay = 0.00>
ST_10 : Operation 288 [1/1] (0.00ns)   --->   "%tile_in_18_addr_6 = getelementptr i8 %tile_in_18, i64 0, i64 %p_cast9" [cnn_accel.cpp:64]   --->   Operation 288 'getelementptr' 'tile_in_18_addr_6' <Predicate = (trunc_ln63 == 0 & trunc_ln64 == 2)> <Delay = 0.00>
ST_10 : Operation 289 [1/1] (0.00ns)   --->   "%tile_in_19_addr_3 = getelementptr i8 %tile_in_19, i64 0, i64 %p_cast7" [cnn_accel.cpp:63]   --->   Operation 289 'getelementptr' 'tile_in_19_addr_3' <Predicate = (trunc_ln64 == 2 & trunc_ln63 == 2)> <Delay = 0.00>
ST_10 : Operation 290 [1/1] (0.00ns)   --->   "%tile_in_19_addr_5 = getelementptr i8 %tile_in_19, i64 0, i64 %p_cast8" [cnn_accel.cpp:63]   --->   Operation 290 'getelementptr' 'tile_in_19_addr_5' <Predicate = (trunc_ln64 == 2 & trunc_ln63 == 1)> <Delay = 0.00>
ST_10 : Operation 291 [1/1] (0.00ns)   --->   "%tile_in_19_addr_6 = getelementptr i8 %tile_in_19, i64 0, i64 %p_cast9" [cnn_accel.cpp:64]   --->   Operation 291 'getelementptr' 'tile_in_19_addr_6' <Predicate = (trunc_ln63 == 0 & trunc_ln64 == 2)> <Delay = 0.00>
ST_10 : Operation 292 [1/1] (0.00ns)   --->   "%tile_in_20_addr_3 = getelementptr i8 %tile_in_20, i64 0, i64 %p_cast7" [cnn_accel.cpp:63]   --->   Operation 292 'getelementptr' 'tile_in_20_addr_3' <Predicate = (trunc_ln64 == 2 & trunc_ln63 == 2)> <Delay = 0.00>
ST_10 : Operation 293 [1/1] (0.00ns)   --->   "%tile_in_20_addr_5 = getelementptr i8 %tile_in_20, i64 0, i64 %p_cast8" [cnn_accel.cpp:63]   --->   Operation 293 'getelementptr' 'tile_in_20_addr_5' <Predicate = (trunc_ln64 == 2 & trunc_ln63 == 1)> <Delay = 0.00>
ST_10 : Operation 294 [1/1] (0.00ns)   --->   "%tile_in_20_addr_6 = getelementptr i8 %tile_in_20, i64 0, i64 %p_cast9" [cnn_accel.cpp:64]   --->   Operation 294 'getelementptr' 'tile_in_20_addr_6' <Predicate = (trunc_ln63 == 0 & trunc_ln64 == 2)> <Delay = 0.00>
ST_10 : Operation 295 [1/1] (0.00ns)   --->   "%tile_in_21_addr_3 = getelementptr i8 %tile_in_21, i64 0, i64 %p_cast7" [cnn_accel.cpp:63]   --->   Operation 295 'getelementptr' 'tile_in_21_addr_3' <Predicate = (trunc_ln64 == 0 & trunc_ln63 == 2)> <Delay = 0.00>
ST_10 : Operation 296 [1/1] (0.00ns)   --->   "%tile_in_21_addr_5 = getelementptr i8 %tile_in_21, i64 0, i64 %p_cast8" [cnn_accel.cpp:63]   --->   Operation 296 'getelementptr' 'tile_in_21_addr_5' <Predicate = (trunc_ln64 == 0 & trunc_ln63 == 1)> <Delay = 0.00>
ST_10 : Operation 297 [1/1] (0.00ns)   --->   "%tile_in_21_addr_6 = getelementptr i8 %tile_in_21, i64 0, i64 %p_cast9" [cnn_accel.cpp:64]   --->   Operation 297 'getelementptr' 'tile_in_21_addr_6' <Predicate = (trunc_ln63 == 0 & trunc_ln64 == 0)> <Delay = 0.00>
ST_10 : Operation 298 [1/1] (0.00ns)   --->   "%tile_in_22_addr_3 = getelementptr i8 %tile_in_22, i64 0, i64 %p_cast7" [cnn_accel.cpp:63]   --->   Operation 298 'getelementptr' 'tile_in_22_addr_3' <Predicate = (trunc_ln64 == 0 & trunc_ln63 == 2)> <Delay = 0.00>
ST_10 : Operation 299 [1/1] (0.00ns)   --->   "%tile_in_22_addr_5 = getelementptr i8 %tile_in_22, i64 0, i64 %p_cast8" [cnn_accel.cpp:63]   --->   Operation 299 'getelementptr' 'tile_in_22_addr_5' <Predicate = (trunc_ln64 == 0 & trunc_ln63 == 1)> <Delay = 0.00>
ST_10 : Operation 300 [1/1] (0.00ns)   --->   "%tile_in_22_addr_6 = getelementptr i8 %tile_in_22, i64 0, i64 %p_cast9" [cnn_accel.cpp:64]   --->   Operation 300 'getelementptr' 'tile_in_22_addr_6' <Predicate = (trunc_ln63 == 0 & trunc_ln64 == 0)> <Delay = 0.00>
ST_10 : Operation 301 [1/1] (0.00ns)   --->   "%tile_in_23_addr_3 = getelementptr i8 %tile_in_23, i64 0, i64 %p_cast7" [cnn_accel.cpp:63]   --->   Operation 301 'getelementptr' 'tile_in_23_addr_3' <Predicate = (trunc_ln64 == 0 & trunc_ln63 == 2)> <Delay = 0.00>
ST_10 : Operation 302 [1/1] (0.00ns)   --->   "%tile_in_23_addr_5 = getelementptr i8 %tile_in_23, i64 0, i64 %p_cast8" [cnn_accel.cpp:63]   --->   Operation 302 'getelementptr' 'tile_in_23_addr_5' <Predicate = (trunc_ln64 == 0 & trunc_ln63 == 1)> <Delay = 0.00>
ST_10 : Operation 303 [1/1] (0.00ns)   --->   "%tile_in_23_addr_6 = getelementptr i8 %tile_in_23, i64 0, i64 %p_cast9" [cnn_accel.cpp:64]   --->   Operation 303 'getelementptr' 'tile_in_23_addr_6' <Predicate = (trunc_ln63 == 0 & trunc_ln64 == 0)> <Delay = 0.00>
ST_10 : Operation 304 [1/1] (0.00ns)   --->   "%tile_in_24_addr_3 = getelementptr i8 %tile_in_24, i64 0, i64 %p_cast7" [cnn_accel.cpp:63]   --->   Operation 304 'getelementptr' 'tile_in_24_addr_3' <Predicate = (trunc_ln64 == 1 & trunc_ln63 == 2)> <Delay = 0.00>
ST_10 : Operation 305 [1/1] (0.00ns)   --->   "%tile_in_24_addr_5 = getelementptr i8 %tile_in_24, i64 0, i64 %p_cast8" [cnn_accel.cpp:63]   --->   Operation 305 'getelementptr' 'tile_in_24_addr_5' <Predicate = (trunc_ln64 == 1 & trunc_ln63 == 1)> <Delay = 0.00>
ST_10 : Operation 306 [1/1] (0.00ns)   --->   "%tile_in_24_addr_6 = getelementptr i8 %tile_in_24, i64 0, i64 %p_cast9" [cnn_accel.cpp:64]   --->   Operation 306 'getelementptr' 'tile_in_24_addr_6' <Predicate = (trunc_ln63 == 0 & trunc_ln64 == 1)> <Delay = 0.00>
ST_10 : Operation 307 [1/1] (0.00ns)   --->   "%tile_in_25_addr_3 = getelementptr i8 %tile_in_25, i64 0, i64 %p_cast7" [cnn_accel.cpp:63]   --->   Operation 307 'getelementptr' 'tile_in_25_addr_3' <Predicate = (trunc_ln64 == 1 & trunc_ln63 == 2)> <Delay = 0.00>
ST_10 : Operation 308 [1/1] (0.00ns)   --->   "%tile_in_25_addr_5 = getelementptr i8 %tile_in_25, i64 0, i64 %p_cast8" [cnn_accel.cpp:63]   --->   Operation 308 'getelementptr' 'tile_in_25_addr_5' <Predicate = (trunc_ln64 == 1 & trunc_ln63 == 1)> <Delay = 0.00>
ST_10 : Operation 309 [1/1] (0.00ns)   --->   "%tile_in_25_addr_6 = getelementptr i8 %tile_in_25, i64 0, i64 %p_cast9" [cnn_accel.cpp:64]   --->   Operation 309 'getelementptr' 'tile_in_25_addr_6' <Predicate = (trunc_ln63 == 0 & trunc_ln64 == 1)> <Delay = 0.00>
ST_10 : Operation 310 [1/1] (0.00ns)   --->   "%tile_in_26_addr_3 = getelementptr i8 %tile_in_26, i64 0, i64 %p_cast7" [cnn_accel.cpp:63]   --->   Operation 310 'getelementptr' 'tile_in_26_addr_3' <Predicate = (trunc_ln64 == 1 & trunc_ln63 == 2)> <Delay = 0.00>
ST_10 : Operation 311 [1/1] (0.00ns)   --->   "%tile_in_26_addr_5 = getelementptr i8 %tile_in_26, i64 0, i64 %p_cast8" [cnn_accel.cpp:63]   --->   Operation 311 'getelementptr' 'tile_in_26_addr_5' <Predicate = (trunc_ln64 == 1 & trunc_ln63 == 1)> <Delay = 0.00>
ST_10 : Operation 312 [1/1] (0.00ns)   --->   "%tile_in_26_addr_6 = getelementptr i8 %tile_in_26, i64 0, i64 %p_cast9" [cnn_accel.cpp:64]   --->   Operation 312 'getelementptr' 'tile_in_26_addr_6' <Predicate = (trunc_ln63 == 0 & trunc_ln64 == 1)> <Delay = 0.00>
ST_10 : Operation 313 [2/2] (3.25ns)   --->   "%tile_in_load = load i4 %tile_in_addr" [cnn_accel.cpp:63]   --->   Operation 313 'load' 'tile_in_load' <Predicate = (trunc_ln63 == 0 & trunc_ln64 == 0)> <Delay = 3.25> <CoreInst = "RAM_T2P_BRAM">   --->   Core 93 'RAM_T2P_BRAM' <Latency = 1> <II = 1> <Delay = 3.25> <Storage> <Opcode : 'load' 'store'> <Ports = 2> <Width = 8> <Depth = 16> <RAM>
ST_10 : Operation 314 [2/2] (3.25ns)   --->   "%tile_in_3_load = load i4 %tile_in_3_addr" [cnn_accel.cpp:63]   --->   Operation 314 'load' 'tile_in_3_load' <Predicate = (trunc_ln63 == 0 & trunc_ln64 == 1)> <Delay = 3.25> <CoreInst = "RAM_T2P_BRAM">   --->   Core 93 'RAM_T2P_BRAM' <Latency = 1> <II = 1> <Delay = 3.25> <Storage> <Opcode : 'load' 'store'> <Ports = 2> <Width = 8> <Depth = 16> <RAM>
ST_10 : Operation 315 [2/2] (3.25ns)   --->   "%tile_in_6_load = load i4 %tile_in_6_addr" [cnn_accel.cpp:63]   --->   Operation 315 'load' 'tile_in_6_load' <Predicate = (trunc_ln63 == 0 & trunc_ln64 == 2)> <Delay = 3.25> <CoreInst = "RAM_T2P_BRAM">   --->   Core 93 'RAM_T2P_BRAM' <Latency = 1> <II = 1> <Delay = 3.25> <Storage> <Opcode : 'load' 'store'> <Ports = 2> <Width = 8> <Depth = 16> <RAM>
ST_10 : Operation 316 [2/2] (3.25ns)   --->   "%tile_in_9_load = load i4 %tile_in_9_addr" [cnn_accel.cpp:63]   --->   Operation 316 'load' 'tile_in_9_load' <Predicate = (trunc_ln64 == 0 & trunc_ln63 == 1)> <Delay = 3.25> <CoreInst = "RAM_T2P_BRAM">   --->   Core 93 'RAM_T2P_BRAM' <Latency = 1> <II = 1> <Delay = 3.25> <Storage> <Opcode : 'load' 'store'> <Ports = 2> <Width = 8> <Depth = 16> <RAM>
ST_10 : Operation 317 [2/2] (3.25ns)   --->   "%tile_in_12_load = load i4 %tile_in_12_addr" [cnn_accel.cpp:63]   --->   Operation 317 'load' 'tile_in_12_load' <Predicate = (trunc_ln64 == 1 & trunc_ln63 == 1)> <Delay = 3.25> <CoreInst = "RAM_T2P_BRAM">   --->   Core 93 'RAM_T2P_BRAM' <Latency = 1> <II = 1> <Delay = 3.25> <Storage> <Opcode : 'load' 'store'> <Ports = 2> <Width = 8> <Depth = 16> <RAM>
ST_10 : Operation 318 [2/2] (3.25ns)   --->   "%tile_in_15_load = load i4 %tile_in_15_addr" [cnn_accel.cpp:63]   --->   Operation 318 'load' 'tile_in_15_load' <Predicate = (trunc_ln64 == 2 & trunc_ln63 == 1)> <Delay = 3.25> <CoreInst = "RAM_T2P_BRAM">   --->   Core 93 'RAM_T2P_BRAM' <Latency = 1> <II = 1> <Delay = 3.25> <Storage> <Opcode : 'load' 'store'> <Ports = 2> <Width = 8> <Depth = 16> <RAM>
ST_10 : Operation 319 [2/2] (3.25ns)   --->   "%tile_in_18_load = load i4 %tile_in_18_addr" [cnn_accel.cpp:63]   --->   Operation 319 'load' 'tile_in_18_load' <Predicate = (trunc_ln64 == 0 & trunc_ln63 == 2)> <Delay = 3.25> <CoreInst = "RAM_T2P_BRAM">   --->   Core 93 'RAM_T2P_BRAM' <Latency = 1> <II = 1> <Delay = 3.25> <Storage> <Opcode : 'load' 'store'> <Ports = 2> <Width = 8> <Depth = 16> <RAM>
ST_10 : Operation 320 [2/2] (3.25ns)   --->   "%tile_in_21_load = load i4 %tile_in_21_addr" [cnn_accel.cpp:63]   --->   Operation 320 'load' 'tile_in_21_load' <Predicate = (trunc_ln64 == 1 & trunc_ln63 == 2)> <Delay = 3.25> <CoreInst = "RAM_T2P_BRAM">   --->   Core 93 'RAM_T2P_BRAM' <Latency = 1> <II = 1> <Delay = 3.25> <Storage> <Opcode : 'load' 'store'> <Ports = 2> <Width = 8> <Depth = 16> <RAM>
ST_10 : Operation 321 [2/2] (3.25ns)   --->   "%tile_in_24_load = load i4 %tile_in_24_addr" [cnn_accel.cpp:63]   --->   Operation 321 'load' 'tile_in_24_load' <Predicate = (trunc_ln64 == 2 & trunc_ln63 == 2)> <Delay = 3.25> <CoreInst = "RAM_T2P_BRAM">   --->   Core 93 'RAM_T2P_BRAM' <Latency = 1> <II = 1> <Delay = 3.25> <Storage> <Opcode : 'load' 'store'> <Ports = 2> <Width = 8> <Depth = 16> <RAM>
ST_10 : Operation 322 [2/2] (3.25ns)   --->   "%tile_in_1_load = load i4 %tile_in_1_addr" [cnn_accel.cpp:63]   --->   Operation 322 'load' 'tile_in_1_load' <Predicate = (trunc_ln63 == 0 & trunc_ln64 == 0)> <Delay = 3.25> <CoreInst = "RAM_T2P_BRAM">   --->   Core 93 'RAM_T2P_BRAM' <Latency = 1> <II = 1> <Delay = 3.25> <Storage> <Opcode : 'load' 'store'> <Ports = 2> <Width = 8> <Depth = 16> <RAM>
ST_10 : Operation 323 [2/2] (3.25ns)   --->   "%tile_in_4_load = load i4 %tile_in_4_addr" [cnn_accel.cpp:63]   --->   Operation 323 'load' 'tile_in_4_load' <Predicate = (trunc_ln63 == 0 & trunc_ln64 == 1)> <Delay = 3.25> <CoreInst = "RAM_T2P_BRAM">   --->   Core 93 'RAM_T2P_BRAM' <Latency = 1> <II = 1> <Delay = 3.25> <Storage> <Opcode : 'load' 'store'> <Ports = 2> <Width = 8> <Depth = 16> <RAM>
ST_10 : Operation 324 [2/2] (3.25ns)   --->   "%tile_in_7_load = load i4 %tile_in_7_addr" [cnn_accel.cpp:63]   --->   Operation 324 'load' 'tile_in_7_load' <Predicate = (trunc_ln63 == 0 & trunc_ln64 == 2)> <Delay = 3.25> <CoreInst = "RAM_T2P_BRAM">   --->   Core 93 'RAM_T2P_BRAM' <Latency = 1> <II = 1> <Delay = 3.25> <Storage> <Opcode : 'load' 'store'> <Ports = 2> <Width = 8> <Depth = 16> <RAM>
ST_10 : Operation 325 [2/2] (3.25ns)   --->   "%tile_in_10_load = load i4 %tile_in_10_addr" [cnn_accel.cpp:63]   --->   Operation 325 'load' 'tile_in_10_load' <Predicate = (trunc_ln64 == 0 & trunc_ln63 == 1)> <Delay = 3.25> <CoreInst = "RAM_T2P_BRAM">   --->   Core 93 'RAM_T2P_BRAM' <Latency = 1> <II = 1> <Delay = 3.25> <Storage> <Opcode : 'load' 'store'> <Ports = 2> <Width = 8> <Depth = 16> <RAM>
ST_10 : Operation 326 [2/2] (3.25ns)   --->   "%tile_in_13_load = load i4 %tile_in_13_addr" [cnn_accel.cpp:63]   --->   Operation 326 'load' 'tile_in_13_load' <Predicate = (trunc_ln64 == 1 & trunc_ln63 == 1)> <Delay = 3.25> <CoreInst = "RAM_T2P_BRAM">   --->   Core 93 'RAM_T2P_BRAM' <Latency = 1> <II = 1> <Delay = 3.25> <Storage> <Opcode : 'load' 'store'> <Ports = 2> <Width = 8> <Depth = 16> <RAM>
ST_10 : Operation 327 [2/2] (3.25ns)   --->   "%tile_in_16_load = load i4 %tile_in_16_addr" [cnn_accel.cpp:63]   --->   Operation 327 'load' 'tile_in_16_load' <Predicate = (trunc_ln64 == 2 & trunc_ln63 == 1)> <Delay = 3.25> <CoreInst = "RAM_T2P_BRAM">   --->   Core 93 'RAM_T2P_BRAM' <Latency = 1> <II = 1> <Delay = 3.25> <Storage> <Opcode : 'load' 'store'> <Ports = 2> <Width = 8> <Depth = 16> <RAM>
ST_10 : Operation 328 [2/2] (3.25ns)   --->   "%tile_in_19_load = load i4 %tile_in_19_addr" [cnn_accel.cpp:63]   --->   Operation 328 'load' 'tile_in_19_load' <Predicate = (trunc_ln64 == 0 & trunc_ln63 == 2)> <Delay = 3.25> <CoreInst = "RAM_T2P_BRAM">   --->   Core 93 'RAM_T2P_BRAM' <Latency = 1> <II = 1> <Delay = 3.25> <Storage> <Opcode : 'load' 'store'> <Ports = 2> <Width = 8> <Depth = 16> <RAM>
ST_10 : Operation 329 [2/2] (3.25ns)   --->   "%tile_in_22_load = load i4 %tile_in_22_addr" [cnn_accel.cpp:63]   --->   Operation 329 'load' 'tile_in_22_load' <Predicate = (trunc_ln64 == 1 & trunc_ln63 == 2)> <Delay = 3.25> <CoreInst = "RAM_T2P_BRAM">   --->   Core 93 'RAM_T2P_BRAM' <Latency = 1> <II = 1> <Delay = 3.25> <Storage> <Opcode : 'load' 'store'> <Ports = 2> <Width = 8> <Depth = 16> <RAM>
ST_10 : Operation 330 [2/2] (3.25ns)   --->   "%tile_in_25_load = load i4 %tile_in_25_addr" [cnn_accel.cpp:63]   --->   Operation 330 'load' 'tile_in_25_load' <Predicate = (trunc_ln64 == 2 & trunc_ln63 == 2)> <Delay = 3.25> <CoreInst = "RAM_T2P_BRAM">   --->   Core 93 'RAM_T2P_BRAM' <Latency = 1> <II = 1> <Delay = 3.25> <Storage> <Opcode : 'load' 'store'> <Ports = 2> <Width = 8> <Depth = 16> <RAM>
ST_10 : Operation 331 [2/2] (3.25ns)   --->   "%tile_in_2_load = load i4 %tile_in_2_addr" [cnn_accel.cpp:63]   --->   Operation 331 'load' 'tile_in_2_load' <Predicate = (trunc_ln63 == 0 & trunc_ln64 == 0)> <Delay = 3.25> <CoreInst = "RAM_T2P_BRAM">   --->   Core 93 'RAM_T2P_BRAM' <Latency = 1> <II = 1> <Delay = 3.25> <Storage> <Opcode : 'load' 'store'> <Ports = 2> <Width = 8> <Depth = 16> <RAM>
ST_10 : Operation 332 [2/2] (3.25ns)   --->   "%tile_in_5_load = load i4 %tile_in_5_addr" [cnn_accel.cpp:63]   --->   Operation 332 'load' 'tile_in_5_load' <Predicate = (trunc_ln63 == 0 & trunc_ln64 == 1)> <Delay = 3.25> <CoreInst = "RAM_T2P_BRAM">   --->   Core 93 'RAM_T2P_BRAM' <Latency = 1> <II = 1> <Delay = 3.25> <Storage> <Opcode : 'load' 'store'> <Ports = 2> <Width = 8> <Depth = 16> <RAM>
ST_10 : Operation 333 [2/2] (3.25ns)   --->   "%tile_in_8_load = load i4 %tile_in_8_addr" [cnn_accel.cpp:63]   --->   Operation 333 'load' 'tile_in_8_load' <Predicate = (trunc_ln63 == 0 & trunc_ln64 == 2)> <Delay = 3.25> <CoreInst = "RAM_T2P_BRAM">   --->   Core 93 'RAM_T2P_BRAM' <Latency = 1> <II = 1> <Delay = 3.25> <Storage> <Opcode : 'load' 'store'> <Ports = 2> <Width = 8> <Depth = 16> <RAM>
ST_10 : Operation 334 [2/2] (3.25ns)   --->   "%tile_in_11_load = load i4 %tile_in_11_addr" [cnn_accel.cpp:63]   --->   Operation 334 'load' 'tile_in_11_load' <Predicate = (trunc_ln64 == 0 & trunc_ln63 == 1)> <Delay = 3.25> <CoreInst = "RAM_T2P_BRAM">   --->   Core 93 'RAM_T2P_BRAM' <Latency = 1> <II = 1> <Delay = 3.25> <Storage> <Opcode : 'load' 'store'> <Ports = 2> <Width = 8> <Depth = 16> <RAM>
ST_10 : Operation 335 [2/2] (3.25ns)   --->   "%tile_in_14_load = load i4 %tile_in_14_addr" [cnn_accel.cpp:63]   --->   Operation 335 'load' 'tile_in_14_load' <Predicate = (trunc_ln64 == 1 & trunc_ln63 == 1)> <Delay = 3.25> <CoreInst = "RAM_T2P_BRAM">   --->   Core 93 'RAM_T2P_BRAM' <Latency = 1> <II = 1> <Delay = 3.25> <Storage> <Opcode : 'load' 'store'> <Ports = 2> <Width = 8> <Depth = 16> <RAM>
ST_10 : Operation 336 [2/2] (3.25ns)   --->   "%tile_in_17_load = load i4 %tile_in_17_addr" [cnn_accel.cpp:63]   --->   Operation 336 'load' 'tile_in_17_load' <Predicate = (trunc_ln64 == 2 & trunc_ln63 == 1)> <Delay = 3.25> <CoreInst = "RAM_T2P_BRAM">   --->   Core 93 'RAM_T2P_BRAM' <Latency = 1> <II = 1> <Delay = 3.25> <Storage> <Opcode : 'load' 'store'> <Ports = 2> <Width = 8> <Depth = 16> <RAM>
ST_10 : Operation 337 [2/2] (3.25ns)   --->   "%tile_in_20_load = load i4 %tile_in_20_addr" [cnn_accel.cpp:63]   --->   Operation 337 'load' 'tile_in_20_load' <Predicate = (trunc_ln64 == 0 & trunc_ln63 == 2)> <Delay = 3.25> <CoreInst = "RAM_T2P_BRAM">   --->   Core 93 'RAM_T2P_BRAM' <Latency = 1> <II = 1> <Delay = 3.25> <Storage> <Opcode : 'load' 'store'> <Ports = 2> <Width = 8> <Depth = 16> <RAM>
ST_10 : Operation 338 [2/2] (3.25ns)   --->   "%tile_in_23_load = load i4 %tile_in_23_addr" [cnn_accel.cpp:63]   --->   Operation 338 'load' 'tile_in_23_load' <Predicate = (trunc_ln64 == 1 & trunc_ln63 == 2)> <Delay = 3.25> <CoreInst = "RAM_T2P_BRAM">   --->   Core 93 'RAM_T2P_BRAM' <Latency = 1> <II = 1> <Delay = 3.25> <Storage> <Opcode : 'load' 'store'> <Ports = 2> <Width = 8> <Depth = 16> <RAM>
ST_10 : Operation 339 [2/2] (3.25ns)   --->   "%tile_in_26_load = load i4 %tile_in_26_addr" [cnn_accel.cpp:63]   --->   Operation 339 'load' 'tile_in_26_load' <Predicate = (trunc_ln64 == 2 & trunc_ln63 == 2)> <Delay = 3.25> <CoreInst = "RAM_T2P_BRAM">   --->   Core 93 'RAM_T2P_BRAM' <Latency = 1> <II = 1> <Delay = 3.25> <Storage> <Opcode : 'load' 'store'> <Ports = 2> <Width = 8> <Depth = 16> <RAM>
ST_10 : Operation 340 [2/2] (3.25ns)   --->   "%tile_in_load_1 = load i4 %tile_in_addr_3" [cnn_accel.cpp:63]   --->   Operation 340 'load' 'tile_in_load_1' <Predicate = (trunc_ln63 == 0 & trunc_ln64 == 2)> <Delay = 3.25> <CoreInst = "RAM_T2P_BRAM">   --->   Core 93 'RAM_T2P_BRAM' <Latency = 1> <II = 1> <Delay = 3.25> <Storage> <Opcode : 'load' 'store'> <Ports = 2> <Width = 8> <Depth = 16> <RAM>
ST_10 : Operation 341 [2/2] (3.25ns)   --->   "%tile_in_3_load_1 = load i4 %tile_in_3_addr_3" [cnn_accel.cpp:63]   --->   Operation 341 'load' 'tile_in_3_load_1' <Predicate = (trunc_ln63 == 0 & trunc_ln64 == 0)> <Delay = 3.25> <CoreInst = "RAM_T2P_BRAM">   --->   Core 93 'RAM_T2P_BRAM' <Latency = 1> <II = 1> <Delay = 3.25> <Storage> <Opcode : 'load' 'store'> <Ports = 2> <Width = 8> <Depth = 16> <RAM>
ST_10 : Operation 342 [2/2] (3.25ns)   --->   "%tile_in_6_load_1 = load i4 %tile_in_6_addr_3" [cnn_accel.cpp:63]   --->   Operation 342 'load' 'tile_in_6_load_1' <Predicate = (trunc_ln63 == 0 & trunc_ln64 == 1)> <Delay = 3.25> <CoreInst = "RAM_T2P_BRAM">   --->   Core 93 'RAM_T2P_BRAM' <Latency = 1> <II = 1> <Delay = 3.25> <Storage> <Opcode : 'load' 'store'> <Ports = 2> <Width = 8> <Depth = 16> <RAM>
ST_10 : Operation 343 [2/2] (3.25ns)   --->   "%tile_in_9_load_1 = load i4 %tile_in_9_addr_3" [cnn_accel.cpp:63]   --->   Operation 343 'load' 'tile_in_9_load_1' <Predicate = (trunc_ln64 == 2 & trunc_ln63 == 1)> <Delay = 3.25> <CoreInst = "RAM_T2P_BRAM">   --->   Core 93 'RAM_T2P_BRAM' <Latency = 1> <II = 1> <Delay = 3.25> <Storage> <Opcode : 'load' 'store'> <Ports = 2> <Width = 8> <Depth = 16> <RAM>
ST_10 : Operation 344 [2/2] (3.25ns)   --->   "%tile_in_12_load_1 = load i4 %tile_in_12_addr_3" [cnn_accel.cpp:63]   --->   Operation 344 'load' 'tile_in_12_load_1' <Predicate = (trunc_ln64 == 0 & trunc_ln63 == 1)> <Delay = 3.25> <CoreInst = "RAM_T2P_BRAM">   --->   Core 93 'RAM_T2P_BRAM' <Latency = 1> <II = 1> <Delay = 3.25> <Storage> <Opcode : 'load' 'store'> <Ports = 2> <Width = 8> <Depth = 16> <RAM>
ST_10 : Operation 345 [2/2] (3.25ns)   --->   "%tile_in_15_load_1 = load i4 %tile_in_15_addr_3" [cnn_accel.cpp:63]   --->   Operation 345 'load' 'tile_in_15_load_1' <Predicate = (trunc_ln64 == 1 & trunc_ln63 == 1)> <Delay = 3.25> <CoreInst = "RAM_T2P_BRAM">   --->   Core 93 'RAM_T2P_BRAM' <Latency = 1> <II = 1> <Delay = 3.25> <Storage> <Opcode : 'load' 'store'> <Ports = 2> <Width = 8> <Depth = 16> <RAM>
ST_10 : Operation 346 [2/2] (3.25ns)   --->   "%tile_in_18_load_1 = load i4 %tile_in_18_addr_3" [cnn_accel.cpp:63]   --->   Operation 346 'load' 'tile_in_18_load_1' <Predicate = (trunc_ln64 == 2 & trunc_ln63 == 2)> <Delay = 3.25> <CoreInst = "RAM_T2P_BRAM">   --->   Core 93 'RAM_T2P_BRAM' <Latency = 1> <II = 1> <Delay = 3.25> <Storage> <Opcode : 'load' 'store'> <Ports = 2> <Width = 8> <Depth = 16> <RAM>
ST_10 : Operation 347 [2/2] (3.25ns)   --->   "%tile_in_21_load_1 = load i4 %tile_in_21_addr_3" [cnn_accel.cpp:63]   --->   Operation 347 'load' 'tile_in_21_load_1' <Predicate = (trunc_ln64 == 0 & trunc_ln63 == 2)> <Delay = 3.25> <CoreInst = "RAM_T2P_BRAM">   --->   Core 93 'RAM_T2P_BRAM' <Latency = 1> <II = 1> <Delay = 3.25> <Storage> <Opcode : 'load' 'store'> <Ports = 2> <Width = 8> <Depth = 16> <RAM>
ST_10 : Operation 348 [2/2] (3.25ns)   --->   "%tile_in_24_load_1 = load i4 %tile_in_24_addr_3" [cnn_accel.cpp:63]   --->   Operation 348 'load' 'tile_in_24_load_1' <Predicate = (trunc_ln64 == 1 & trunc_ln63 == 2)> <Delay = 3.25> <CoreInst = "RAM_T2P_BRAM">   --->   Core 93 'RAM_T2P_BRAM' <Latency = 1> <II = 1> <Delay = 3.25> <Storage> <Opcode : 'load' 'store'> <Ports = 2> <Width = 8> <Depth = 16> <RAM>
ST_10 : Operation 349 [2/2] (3.25ns)   --->   "%tile_in_1_load_1 = load i4 %tile_in_1_addr_3" [cnn_accel.cpp:63]   --->   Operation 349 'load' 'tile_in_1_load_1' <Predicate = (trunc_ln63 == 0 & trunc_ln64 == 2)> <Delay = 3.25> <CoreInst = "RAM_T2P_BRAM">   --->   Core 93 'RAM_T2P_BRAM' <Latency = 1> <II = 1> <Delay = 3.25> <Storage> <Opcode : 'load' 'store'> <Ports = 2> <Width = 8> <Depth = 16> <RAM>
ST_10 : Operation 350 [2/2] (3.25ns)   --->   "%tile_in_4_load_1 = load i4 %tile_in_4_addr_3" [cnn_accel.cpp:63]   --->   Operation 350 'load' 'tile_in_4_load_1' <Predicate = (trunc_ln63 == 0 & trunc_ln64 == 0)> <Delay = 3.25> <CoreInst = "RAM_T2P_BRAM">   --->   Core 93 'RAM_T2P_BRAM' <Latency = 1> <II = 1> <Delay = 3.25> <Storage> <Opcode : 'load' 'store'> <Ports = 2> <Width = 8> <Depth = 16> <RAM>
ST_10 : Operation 351 [2/2] (3.25ns)   --->   "%tile_in_7_load_1 = load i4 %tile_in_7_addr_3" [cnn_accel.cpp:63]   --->   Operation 351 'load' 'tile_in_7_load_1' <Predicate = (trunc_ln63 == 0 & trunc_ln64 == 1)> <Delay = 3.25> <CoreInst = "RAM_T2P_BRAM">   --->   Core 93 'RAM_T2P_BRAM' <Latency = 1> <II = 1> <Delay = 3.25> <Storage> <Opcode : 'load' 'store'> <Ports = 2> <Width = 8> <Depth = 16> <RAM>
ST_10 : Operation 352 [2/2] (3.25ns)   --->   "%tile_in_10_load_1 = load i4 %tile_in_10_addr_3" [cnn_accel.cpp:63]   --->   Operation 352 'load' 'tile_in_10_load_1' <Predicate = (trunc_ln64 == 2 & trunc_ln63 == 1)> <Delay = 3.25> <CoreInst = "RAM_T2P_BRAM">   --->   Core 93 'RAM_T2P_BRAM' <Latency = 1> <II = 1> <Delay = 3.25> <Storage> <Opcode : 'load' 'store'> <Ports = 2> <Width = 8> <Depth = 16> <RAM>
ST_10 : Operation 353 [2/2] (3.25ns)   --->   "%tile_in_13_load_1 = load i4 %tile_in_13_addr_3" [cnn_accel.cpp:63]   --->   Operation 353 'load' 'tile_in_13_load_1' <Predicate = (trunc_ln64 == 0 & trunc_ln63 == 1)> <Delay = 3.25> <CoreInst = "RAM_T2P_BRAM">   --->   Core 93 'RAM_T2P_BRAM' <Latency = 1> <II = 1> <Delay = 3.25> <Storage> <Opcode : 'load' 'store'> <Ports = 2> <Width = 8> <Depth = 16> <RAM>
ST_10 : Operation 354 [2/2] (3.25ns)   --->   "%tile_in_16_load_1 = load i4 %tile_in_16_addr_3" [cnn_accel.cpp:63]   --->   Operation 354 'load' 'tile_in_16_load_1' <Predicate = (trunc_ln64 == 1 & trunc_ln63 == 1)> <Delay = 3.25> <CoreInst = "RAM_T2P_BRAM">   --->   Core 93 'RAM_T2P_BRAM' <Latency = 1> <II = 1> <Delay = 3.25> <Storage> <Opcode : 'load' 'store'> <Ports = 2> <Width = 8> <Depth = 16> <RAM>
ST_10 : Operation 355 [2/2] (3.25ns)   --->   "%tile_in_19_load_1 = load i4 %tile_in_19_addr_3" [cnn_accel.cpp:63]   --->   Operation 355 'load' 'tile_in_19_load_1' <Predicate = (trunc_ln64 == 2 & trunc_ln63 == 2)> <Delay = 3.25> <CoreInst = "RAM_T2P_BRAM">   --->   Core 93 'RAM_T2P_BRAM' <Latency = 1> <II = 1> <Delay = 3.25> <Storage> <Opcode : 'load' 'store'> <Ports = 2> <Width = 8> <Depth = 16> <RAM>
ST_10 : Operation 356 [2/2] (3.25ns)   --->   "%tile_in_22_load_1 = load i4 %tile_in_22_addr_3" [cnn_accel.cpp:63]   --->   Operation 356 'load' 'tile_in_22_load_1' <Predicate = (trunc_ln64 == 0 & trunc_ln63 == 2)> <Delay = 3.25> <CoreInst = "RAM_T2P_BRAM">   --->   Core 93 'RAM_T2P_BRAM' <Latency = 1> <II = 1> <Delay = 3.25> <Storage> <Opcode : 'load' 'store'> <Ports = 2> <Width = 8> <Depth = 16> <RAM>
ST_10 : Operation 357 [2/2] (3.25ns)   --->   "%tile_in_25_load_1 = load i4 %tile_in_25_addr_3" [cnn_accel.cpp:63]   --->   Operation 357 'load' 'tile_in_25_load_1' <Predicate = (trunc_ln64 == 1 & trunc_ln63 == 2)> <Delay = 3.25> <CoreInst = "RAM_T2P_BRAM">   --->   Core 93 'RAM_T2P_BRAM' <Latency = 1> <II = 1> <Delay = 3.25> <Storage> <Opcode : 'load' 'store'> <Ports = 2> <Width = 8> <Depth = 16> <RAM>
ST_10 : Operation 358 [2/2] (3.25ns)   --->   "%tile_in_2_load_1 = load i4 %tile_in_2_addr_3" [cnn_accel.cpp:63]   --->   Operation 358 'load' 'tile_in_2_load_1' <Predicate = (trunc_ln63 == 0 & trunc_ln64 == 2)> <Delay = 3.25> <CoreInst = "RAM_T2P_BRAM">   --->   Core 93 'RAM_T2P_BRAM' <Latency = 1> <II = 1> <Delay = 3.25> <Storage> <Opcode : 'load' 'store'> <Ports = 2> <Width = 8> <Depth = 16> <RAM>
ST_10 : Operation 359 [2/2] (3.25ns)   --->   "%tile_in_5_load_1 = load i4 %tile_in_5_addr_3" [cnn_accel.cpp:63]   --->   Operation 359 'load' 'tile_in_5_load_1' <Predicate = (trunc_ln63 == 0 & trunc_ln64 == 0)> <Delay = 3.25> <CoreInst = "RAM_T2P_BRAM">   --->   Core 93 'RAM_T2P_BRAM' <Latency = 1> <II = 1> <Delay = 3.25> <Storage> <Opcode : 'load' 'store'> <Ports = 2> <Width = 8> <Depth = 16> <RAM>
ST_10 : Operation 360 [2/2] (3.25ns)   --->   "%tile_in_8_load_1 = load i4 %tile_in_8_addr_3" [cnn_accel.cpp:63]   --->   Operation 360 'load' 'tile_in_8_load_1' <Predicate = (trunc_ln63 == 0 & trunc_ln64 == 1)> <Delay = 3.25> <CoreInst = "RAM_T2P_BRAM">   --->   Core 93 'RAM_T2P_BRAM' <Latency = 1> <II = 1> <Delay = 3.25> <Storage> <Opcode : 'load' 'store'> <Ports = 2> <Width = 8> <Depth = 16> <RAM>
ST_10 : Operation 361 [2/2] (3.25ns)   --->   "%tile_in_11_load_1 = load i4 %tile_in_11_addr_3" [cnn_accel.cpp:63]   --->   Operation 361 'load' 'tile_in_11_load_1' <Predicate = (trunc_ln64 == 2 & trunc_ln63 == 1)> <Delay = 3.25> <CoreInst = "RAM_T2P_BRAM">   --->   Core 93 'RAM_T2P_BRAM' <Latency = 1> <II = 1> <Delay = 3.25> <Storage> <Opcode : 'load' 'store'> <Ports = 2> <Width = 8> <Depth = 16> <RAM>
ST_10 : Operation 362 [2/2] (3.25ns)   --->   "%tile_in_14_load_1 = load i4 %tile_in_14_addr_3" [cnn_accel.cpp:63]   --->   Operation 362 'load' 'tile_in_14_load_1' <Predicate = (trunc_ln64 == 0 & trunc_ln63 == 1)> <Delay = 3.25> <CoreInst = "RAM_T2P_BRAM">   --->   Core 93 'RAM_T2P_BRAM' <Latency = 1> <II = 1> <Delay = 3.25> <Storage> <Opcode : 'load' 'store'> <Ports = 2> <Width = 8> <Depth = 16> <RAM>
ST_10 : Operation 363 [2/2] (3.25ns)   --->   "%tile_in_17_load_1 = load i4 %tile_in_17_addr_3" [cnn_accel.cpp:63]   --->   Operation 363 'load' 'tile_in_17_load_1' <Predicate = (trunc_ln64 == 1 & trunc_ln63 == 1)> <Delay = 3.25> <CoreInst = "RAM_T2P_BRAM">   --->   Core 93 'RAM_T2P_BRAM' <Latency = 1> <II = 1> <Delay = 3.25> <Storage> <Opcode : 'load' 'store'> <Ports = 2> <Width = 8> <Depth = 16> <RAM>
ST_10 : Operation 364 [2/2] (3.25ns)   --->   "%tile_in_20_load_1 = load i4 %tile_in_20_addr_3" [cnn_accel.cpp:63]   --->   Operation 364 'load' 'tile_in_20_load_1' <Predicate = (trunc_ln64 == 2 & trunc_ln63 == 2)> <Delay = 3.25> <CoreInst = "RAM_T2P_BRAM">   --->   Core 93 'RAM_T2P_BRAM' <Latency = 1> <II = 1> <Delay = 3.25> <Storage> <Opcode : 'load' 'store'> <Ports = 2> <Width = 8> <Depth = 16> <RAM>
ST_10 : Operation 365 [2/2] (3.25ns)   --->   "%tile_in_23_load_1 = load i4 %tile_in_23_addr_3" [cnn_accel.cpp:63]   --->   Operation 365 'load' 'tile_in_23_load_1' <Predicate = (trunc_ln64 == 0 & trunc_ln63 == 2)> <Delay = 3.25> <CoreInst = "RAM_T2P_BRAM">   --->   Core 93 'RAM_T2P_BRAM' <Latency = 1> <II = 1> <Delay = 3.25> <Storage> <Opcode : 'load' 'store'> <Ports = 2> <Width = 8> <Depth = 16> <RAM>
ST_10 : Operation 366 [2/2] (3.25ns)   --->   "%tile_in_26_load_1 = load i4 %tile_in_26_addr_3" [cnn_accel.cpp:63]   --->   Operation 366 'load' 'tile_in_26_load_1' <Predicate = (trunc_ln64 == 1 & trunc_ln63 == 2)> <Delay = 3.25> <CoreInst = "RAM_T2P_BRAM">   --->   Core 93 'RAM_T2P_BRAM' <Latency = 1> <II = 1> <Delay = 3.25> <Storage> <Opcode : 'load' 'store'> <Ports = 2> <Width = 8> <Depth = 16> <RAM>
ST_10 : Operation 367 [1/1] (0.00ns)   --->   "%tmp_94 = zext i3 %tmp_87" [cnn_accel.cpp:64]   --->   Operation 367 'zext' 'tmp_94' <Predicate = true> <Delay = 0.00>
ST_10 : Operation 368 [1/1] (1.77ns)   --->   "%empty_32 = add i4 %tmp_82, i4 %tmp_94" [cnn_accel.cpp:63]   --->   Operation 368 'add' 'empty_32' <Predicate = true> <Delay = 1.77> <CoreInst = "Adder">   --->   Core 1 'Adder' <Latency = 0> <II = 1> <Delay = 1.77> <FuncUnit> <Opcode : 'add' 'sub'> <InPorts = 2> <OutPorts = 1>
ST_10 : Operation 369 [1/1] (0.00ns)   --->   "%p_cast15 = zext i4 %empty_32" [cnn_accel.cpp:63]   --->   Operation 369 'zext' 'p_cast15' <Predicate = true> <Delay = 0.00>
ST_10 : Operation 370 [1/1] (0.00ns)   --->   "%tile_in_addr_4 = getelementptr i8 %tile_in, i64 0, i64 %p_cast15" [cnn_accel.cpp:63]   --->   Operation 370 'getelementptr' 'tile_in_addr_4' <Predicate = (trunc_ln63 == 0 & trunc_ln64 == 1)> <Delay = 0.00>
ST_10 : Operation 371 [1/1] (1.77ns)   --->   "%empty_33 = add i4 %tmp_83, i4 %tmp_94" [cnn_accel.cpp:63]   --->   Operation 371 'add' 'empty_33' <Predicate = true> <Delay = 1.77> <CoreInst = "Adder">   --->   Core 1 'Adder' <Latency = 0> <II = 1> <Delay = 1.77> <FuncUnit> <Opcode : 'add' 'sub'> <InPorts = 2> <OutPorts = 1>
ST_10 : Operation 372 [1/1] (0.00ns)   --->   "%p_cast16 = zext i4 %empty_33" [cnn_accel.cpp:63]   --->   Operation 372 'zext' 'p_cast16' <Predicate = true> <Delay = 0.00>
ST_10 : Operation 373 [1/1] (0.00ns)   --->   "%tile_in_addr_7 = getelementptr i8 %tile_in, i64 0, i64 %p_cast16" [cnn_accel.cpp:63]   --->   Operation 373 'getelementptr' 'tile_in_addr_7' <Predicate = (trunc_ln64 == 1 & trunc_ln63 == 2)> <Delay = 0.00>
ST_10 : Operation 374 [1/1] (1.77ns)   --->   "%empty_34 = add i4 %tmp_84, i4 %tmp_94" [cnn_accel.cpp:64]   --->   Operation 374 'add' 'empty_34' <Predicate = true> <Delay = 1.77> <CoreInst = "Adder">   --->   Core 1 'Adder' <Latency = 0> <II = 1> <Delay = 1.77> <FuncUnit> <Opcode : 'add' 'sub'> <InPorts = 2> <OutPorts = 1>
ST_10 : Operation 375 [1/1] (0.00ns)   --->   "%p_cast17 = zext i4 %empty_34" [cnn_accel.cpp:64]   --->   Operation 375 'zext' 'p_cast17' <Predicate = true> <Delay = 0.00>
ST_10 : Operation 376 [1/1] (0.00ns)   --->   "%tile_in_addr_8 = getelementptr i8 %tile_in, i64 0, i64 %p_cast17" [cnn_accel.cpp:64]   --->   Operation 376 'getelementptr' 'tile_in_addr_8' <Predicate = (trunc_ln64 == 1 & trunc_ln63 == 1)> <Delay = 0.00>
ST_10 : Operation 377 [1/1] (0.00ns)   --->   "%tile_in_1_addr_4 = getelementptr i8 %tile_in_1, i64 0, i64 %p_cast15" [cnn_accel.cpp:63]   --->   Operation 377 'getelementptr' 'tile_in_1_addr_4' <Predicate = (trunc_ln63 == 0 & trunc_ln64 == 1)> <Delay = 0.00>
ST_10 : Operation 378 [1/1] (0.00ns)   --->   "%tile_in_1_addr_7 = getelementptr i8 %tile_in_1, i64 0, i64 %p_cast16" [cnn_accel.cpp:63]   --->   Operation 378 'getelementptr' 'tile_in_1_addr_7' <Predicate = (trunc_ln64 == 1 & trunc_ln63 == 2)> <Delay = 0.00>
ST_10 : Operation 379 [1/1] (0.00ns)   --->   "%tile_in_1_addr_8 = getelementptr i8 %tile_in_1, i64 0, i64 %p_cast17" [cnn_accel.cpp:64]   --->   Operation 379 'getelementptr' 'tile_in_1_addr_8' <Predicate = (trunc_ln64 == 1 & trunc_ln63 == 1)> <Delay = 0.00>
ST_10 : Operation 380 [1/1] (0.00ns)   --->   "%tile_in_2_addr_4 = getelementptr i8 %tile_in_2, i64 0, i64 %p_cast15" [cnn_accel.cpp:63]   --->   Operation 380 'getelementptr' 'tile_in_2_addr_4' <Predicate = (trunc_ln63 == 0 & trunc_ln64 == 1)> <Delay = 0.00>
ST_10 : Operation 381 [1/1] (0.00ns)   --->   "%tile_in_2_addr_7 = getelementptr i8 %tile_in_2, i64 0, i64 %p_cast16" [cnn_accel.cpp:63]   --->   Operation 381 'getelementptr' 'tile_in_2_addr_7' <Predicate = (trunc_ln64 == 1 & trunc_ln63 == 2)> <Delay = 0.00>
ST_10 : Operation 382 [1/1] (0.00ns)   --->   "%tile_in_2_addr_8 = getelementptr i8 %tile_in_2, i64 0, i64 %p_cast17" [cnn_accel.cpp:64]   --->   Operation 382 'getelementptr' 'tile_in_2_addr_8' <Predicate = (trunc_ln64 == 1 & trunc_ln63 == 1)> <Delay = 0.00>
ST_10 : Operation 383 [1/1] (0.00ns)   --->   "%tile_in_3_addr_4 = getelementptr i8 %tile_in_3, i64 0, i64 %p_cast15" [cnn_accel.cpp:63]   --->   Operation 383 'getelementptr' 'tile_in_3_addr_4' <Predicate = (trunc_ln63 == 0 & trunc_ln64 == 2)> <Delay = 0.00>
ST_10 : Operation 384 [1/1] (0.00ns)   --->   "%tile_in_3_addr_7 = getelementptr i8 %tile_in_3, i64 0, i64 %p_cast16" [cnn_accel.cpp:63]   --->   Operation 384 'getelementptr' 'tile_in_3_addr_7' <Predicate = (trunc_ln64 == 2 & trunc_ln63 == 2)> <Delay = 0.00>
ST_10 : Operation 385 [1/1] (0.00ns)   --->   "%tile_in_3_addr_8 = getelementptr i8 %tile_in_3, i64 0, i64 %p_cast17" [cnn_accel.cpp:64]   --->   Operation 385 'getelementptr' 'tile_in_3_addr_8' <Predicate = (trunc_ln64 == 2 & trunc_ln63 == 1)> <Delay = 0.00>
ST_10 : Operation 386 [1/1] (0.00ns)   --->   "%tile_in_4_addr_4 = getelementptr i8 %tile_in_4, i64 0, i64 %p_cast15" [cnn_accel.cpp:63]   --->   Operation 386 'getelementptr' 'tile_in_4_addr_4' <Predicate = (trunc_ln63 == 0 & trunc_ln64 == 2)> <Delay = 0.00>
ST_10 : Operation 387 [1/1] (0.00ns)   --->   "%tile_in_4_addr_7 = getelementptr i8 %tile_in_4, i64 0, i64 %p_cast16" [cnn_accel.cpp:63]   --->   Operation 387 'getelementptr' 'tile_in_4_addr_7' <Predicate = (trunc_ln64 == 2 & trunc_ln63 == 2)> <Delay = 0.00>
ST_10 : Operation 388 [1/1] (0.00ns)   --->   "%tile_in_4_addr_8 = getelementptr i8 %tile_in_4, i64 0, i64 %p_cast17" [cnn_accel.cpp:64]   --->   Operation 388 'getelementptr' 'tile_in_4_addr_8' <Predicate = (trunc_ln64 == 2 & trunc_ln63 == 1)> <Delay = 0.00>
ST_10 : Operation 389 [1/1] (0.00ns)   --->   "%tile_in_5_addr_4 = getelementptr i8 %tile_in_5, i64 0, i64 %p_cast15" [cnn_accel.cpp:63]   --->   Operation 389 'getelementptr' 'tile_in_5_addr_4' <Predicate = (trunc_ln63 == 0 & trunc_ln64 == 2)> <Delay = 0.00>
ST_10 : Operation 390 [1/1] (0.00ns)   --->   "%tile_in_5_addr_7 = getelementptr i8 %tile_in_5, i64 0, i64 %p_cast16" [cnn_accel.cpp:63]   --->   Operation 390 'getelementptr' 'tile_in_5_addr_7' <Predicate = (trunc_ln64 == 2 & trunc_ln63 == 2)> <Delay = 0.00>
ST_10 : Operation 391 [1/1] (0.00ns)   --->   "%tile_in_5_addr_8 = getelementptr i8 %tile_in_5, i64 0, i64 %p_cast17" [cnn_accel.cpp:64]   --->   Operation 391 'getelementptr' 'tile_in_5_addr_8' <Predicate = (trunc_ln64 == 2 & trunc_ln63 == 1)> <Delay = 0.00>
ST_10 : Operation 392 [1/1] (0.00ns)   --->   "%tile_in_6_addr_4 = getelementptr i8 %tile_in_6, i64 0, i64 %p_cast15" [cnn_accel.cpp:63]   --->   Operation 392 'getelementptr' 'tile_in_6_addr_4' <Predicate = (trunc_ln63 == 0 & trunc_ln64 == 0)> <Delay = 0.00>
ST_10 : Operation 393 [1/1] (0.00ns)   --->   "%tile_in_6_addr_7 = getelementptr i8 %tile_in_6, i64 0, i64 %p_cast16" [cnn_accel.cpp:63]   --->   Operation 393 'getelementptr' 'tile_in_6_addr_7' <Predicate = (trunc_ln64 == 0 & trunc_ln63 == 2)> <Delay = 0.00>
ST_10 : Operation 394 [1/1] (0.00ns)   --->   "%tile_in_6_addr_8 = getelementptr i8 %tile_in_6, i64 0, i64 %p_cast17" [cnn_accel.cpp:64]   --->   Operation 394 'getelementptr' 'tile_in_6_addr_8' <Predicate = (trunc_ln64 == 0 & trunc_ln63 == 1)> <Delay = 0.00>
ST_10 : Operation 395 [1/1] (0.00ns)   --->   "%tile_in_7_addr_4 = getelementptr i8 %tile_in_7, i64 0, i64 %p_cast15" [cnn_accel.cpp:63]   --->   Operation 395 'getelementptr' 'tile_in_7_addr_4' <Predicate = (trunc_ln63 == 0 & trunc_ln64 == 0)> <Delay = 0.00>
ST_10 : Operation 396 [1/1] (0.00ns)   --->   "%tile_in_7_addr_7 = getelementptr i8 %tile_in_7, i64 0, i64 %p_cast16" [cnn_accel.cpp:63]   --->   Operation 396 'getelementptr' 'tile_in_7_addr_7' <Predicate = (trunc_ln64 == 0 & trunc_ln63 == 2)> <Delay = 0.00>
ST_10 : Operation 397 [1/1] (0.00ns)   --->   "%tile_in_7_addr_8 = getelementptr i8 %tile_in_7, i64 0, i64 %p_cast17" [cnn_accel.cpp:64]   --->   Operation 397 'getelementptr' 'tile_in_7_addr_8' <Predicate = (trunc_ln64 == 0 & trunc_ln63 == 1)> <Delay = 0.00>
ST_10 : Operation 398 [1/1] (0.00ns)   --->   "%tile_in_8_addr_4 = getelementptr i8 %tile_in_8, i64 0, i64 %p_cast15" [cnn_accel.cpp:63]   --->   Operation 398 'getelementptr' 'tile_in_8_addr_4' <Predicate = (trunc_ln63 == 0 & trunc_ln64 == 0)> <Delay = 0.00>
ST_10 : Operation 399 [1/1] (0.00ns)   --->   "%tile_in_8_addr_7 = getelementptr i8 %tile_in_8, i64 0, i64 %p_cast16" [cnn_accel.cpp:63]   --->   Operation 399 'getelementptr' 'tile_in_8_addr_7' <Predicate = (trunc_ln64 == 0 & trunc_ln63 == 2)> <Delay = 0.00>
ST_10 : Operation 400 [1/1] (0.00ns)   --->   "%tile_in_8_addr_8 = getelementptr i8 %tile_in_8, i64 0, i64 %p_cast17" [cnn_accel.cpp:64]   --->   Operation 400 'getelementptr' 'tile_in_8_addr_8' <Predicate = (trunc_ln64 == 0 & trunc_ln63 == 1)> <Delay = 0.00>
ST_10 : Operation 401 [1/1] (0.00ns)   --->   "%tile_in_9_addr_4 = getelementptr i8 %tile_in_9, i64 0, i64 %p_cast15" [cnn_accel.cpp:63]   --->   Operation 401 'getelementptr' 'tile_in_9_addr_4' <Predicate = (trunc_ln64 == 1 & trunc_ln63 == 1)> <Delay = 0.00>
ST_10 : Operation 402 [1/1] (0.00ns)   --->   "%tile_in_9_addr_7 = getelementptr i8 %tile_in_9, i64 0, i64 %p_cast16" [cnn_accel.cpp:63]   --->   Operation 402 'getelementptr' 'tile_in_9_addr_7' <Predicate = (trunc_ln63 == 0 & trunc_ln64 == 1)> <Delay = 0.00>
ST_10 : Operation 403 [1/1] (0.00ns)   --->   "%tile_in_9_addr_8 = getelementptr i8 %tile_in_9, i64 0, i64 %p_cast17" [cnn_accel.cpp:64]   --->   Operation 403 'getelementptr' 'tile_in_9_addr_8' <Predicate = (trunc_ln64 == 1 & trunc_ln63 == 2)> <Delay = 0.00>
ST_10 : Operation 404 [1/1] (0.00ns)   --->   "%tile_in_10_addr_4 = getelementptr i8 %tile_in_10, i64 0, i64 %p_cast15" [cnn_accel.cpp:63]   --->   Operation 404 'getelementptr' 'tile_in_10_addr_4' <Predicate = (trunc_ln64 == 1 & trunc_ln63 == 1)> <Delay = 0.00>
ST_10 : Operation 405 [1/1] (0.00ns)   --->   "%tile_in_10_addr_7 = getelementptr i8 %tile_in_10, i64 0, i64 %p_cast16" [cnn_accel.cpp:63]   --->   Operation 405 'getelementptr' 'tile_in_10_addr_7' <Predicate = (trunc_ln63 == 0 & trunc_ln64 == 1)> <Delay = 0.00>
ST_10 : Operation 406 [1/1] (0.00ns)   --->   "%tile_in_10_addr_8 = getelementptr i8 %tile_in_10, i64 0, i64 %p_cast17" [cnn_accel.cpp:64]   --->   Operation 406 'getelementptr' 'tile_in_10_addr_8' <Predicate = (trunc_ln64 == 1 & trunc_ln63 == 2)> <Delay = 0.00>
ST_10 : Operation 407 [1/1] (0.00ns)   --->   "%tile_in_11_addr_4 = getelementptr i8 %tile_in_11, i64 0, i64 %p_cast15" [cnn_accel.cpp:63]   --->   Operation 407 'getelementptr' 'tile_in_11_addr_4' <Predicate = (trunc_ln64 == 1 & trunc_ln63 == 1)> <Delay = 0.00>
ST_10 : Operation 408 [1/1] (0.00ns)   --->   "%tile_in_11_addr_7 = getelementptr i8 %tile_in_11, i64 0, i64 %p_cast16" [cnn_accel.cpp:63]   --->   Operation 408 'getelementptr' 'tile_in_11_addr_7' <Predicate = (trunc_ln63 == 0 & trunc_ln64 == 1)> <Delay = 0.00>
ST_10 : Operation 409 [1/1] (0.00ns)   --->   "%tile_in_11_addr_8 = getelementptr i8 %tile_in_11, i64 0, i64 %p_cast17" [cnn_accel.cpp:64]   --->   Operation 409 'getelementptr' 'tile_in_11_addr_8' <Predicate = (trunc_ln64 == 1 & trunc_ln63 == 2)> <Delay = 0.00>
ST_10 : Operation 410 [1/1] (0.00ns)   --->   "%tile_in_12_addr_4 = getelementptr i8 %tile_in_12, i64 0, i64 %p_cast15" [cnn_accel.cpp:63]   --->   Operation 410 'getelementptr' 'tile_in_12_addr_4' <Predicate = (trunc_ln64 == 2 & trunc_ln63 == 1)> <Delay = 0.00>
ST_10 : Operation 411 [1/1] (0.00ns)   --->   "%tile_in_12_addr_7 = getelementptr i8 %tile_in_12, i64 0, i64 %p_cast16" [cnn_accel.cpp:63]   --->   Operation 411 'getelementptr' 'tile_in_12_addr_7' <Predicate = (trunc_ln63 == 0 & trunc_ln64 == 2)> <Delay = 0.00>
ST_10 : Operation 412 [1/1] (0.00ns)   --->   "%tile_in_12_addr_8 = getelementptr i8 %tile_in_12, i64 0, i64 %p_cast17" [cnn_accel.cpp:64]   --->   Operation 412 'getelementptr' 'tile_in_12_addr_8' <Predicate = (trunc_ln64 == 2 & trunc_ln63 == 2)> <Delay = 0.00>
ST_10 : Operation 413 [1/1] (0.00ns)   --->   "%tile_in_13_addr_4 = getelementptr i8 %tile_in_13, i64 0, i64 %p_cast15" [cnn_accel.cpp:63]   --->   Operation 413 'getelementptr' 'tile_in_13_addr_4' <Predicate = (trunc_ln64 == 2 & trunc_ln63 == 1)> <Delay = 0.00>
ST_10 : Operation 414 [1/1] (0.00ns)   --->   "%tile_in_13_addr_7 = getelementptr i8 %tile_in_13, i64 0, i64 %p_cast16" [cnn_accel.cpp:63]   --->   Operation 414 'getelementptr' 'tile_in_13_addr_7' <Predicate = (trunc_ln63 == 0 & trunc_ln64 == 2)> <Delay = 0.00>
ST_10 : Operation 415 [1/1] (0.00ns)   --->   "%tile_in_13_addr_8 = getelementptr i8 %tile_in_13, i64 0, i64 %p_cast17" [cnn_accel.cpp:64]   --->   Operation 415 'getelementptr' 'tile_in_13_addr_8' <Predicate = (trunc_ln64 == 2 & trunc_ln63 == 2)> <Delay = 0.00>
ST_10 : Operation 416 [1/1] (0.00ns)   --->   "%tile_in_14_addr_4 = getelementptr i8 %tile_in_14, i64 0, i64 %p_cast15" [cnn_accel.cpp:63]   --->   Operation 416 'getelementptr' 'tile_in_14_addr_4' <Predicate = (trunc_ln64 == 2 & trunc_ln63 == 1)> <Delay = 0.00>
ST_10 : Operation 417 [1/1] (0.00ns)   --->   "%tile_in_14_addr_7 = getelementptr i8 %tile_in_14, i64 0, i64 %p_cast16" [cnn_accel.cpp:63]   --->   Operation 417 'getelementptr' 'tile_in_14_addr_7' <Predicate = (trunc_ln63 == 0 & trunc_ln64 == 2)> <Delay = 0.00>
ST_10 : Operation 418 [1/1] (0.00ns)   --->   "%tile_in_14_addr_8 = getelementptr i8 %tile_in_14, i64 0, i64 %p_cast17" [cnn_accel.cpp:64]   --->   Operation 418 'getelementptr' 'tile_in_14_addr_8' <Predicate = (trunc_ln64 == 2 & trunc_ln63 == 2)> <Delay = 0.00>
ST_10 : Operation 419 [1/1] (0.00ns)   --->   "%tile_in_15_addr_4 = getelementptr i8 %tile_in_15, i64 0, i64 %p_cast15" [cnn_accel.cpp:63]   --->   Operation 419 'getelementptr' 'tile_in_15_addr_4' <Predicate = (trunc_ln64 == 0 & trunc_ln63 == 1)> <Delay = 0.00>
ST_10 : Operation 420 [1/1] (0.00ns)   --->   "%tile_in_15_addr_7 = getelementptr i8 %tile_in_15, i64 0, i64 %p_cast16" [cnn_accel.cpp:63]   --->   Operation 420 'getelementptr' 'tile_in_15_addr_7' <Predicate = (trunc_ln63 == 0 & trunc_ln64 == 0)> <Delay = 0.00>
ST_10 : Operation 421 [1/1] (0.00ns)   --->   "%tile_in_15_addr_8 = getelementptr i8 %tile_in_15, i64 0, i64 %p_cast17" [cnn_accel.cpp:64]   --->   Operation 421 'getelementptr' 'tile_in_15_addr_8' <Predicate = (trunc_ln64 == 0 & trunc_ln63 == 2)> <Delay = 0.00>
ST_10 : Operation 422 [1/1] (0.00ns)   --->   "%tile_in_16_addr_4 = getelementptr i8 %tile_in_16, i64 0, i64 %p_cast15" [cnn_accel.cpp:63]   --->   Operation 422 'getelementptr' 'tile_in_16_addr_4' <Predicate = (trunc_ln64 == 0 & trunc_ln63 == 1)> <Delay = 0.00>
ST_10 : Operation 423 [1/1] (0.00ns)   --->   "%tile_in_16_addr_7 = getelementptr i8 %tile_in_16, i64 0, i64 %p_cast16" [cnn_accel.cpp:63]   --->   Operation 423 'getelementptr' 'tile_in_16_addr_7' <Predicate = (trunc_ln63 == 0 & trunc_ln64 == 0)> <Delay = 0.00>
ST_10 : Operation 424 [1/1] (0.00ns)   --->   "%tile_in_16_addr_8 = getelementptr i8 %tile_in_16, i64 0, i64 %p_cast17" [cnn_accel.cpp:64]   --->   Operation 424 'getelementptr' 'tile_in_16_addr_8' <Predicate = (trunc_ln64 == 0 & trunc_ln63 == 2)> <Delay = 0.00>
ST_10 : Operation 425 [1/1] (0.00ns)   --->   "%tile_in_17_addr_4 = getelementptr i8 %tile_in_17, i64 0, i64 %p_cast15" [cnn_accel.cpp:63]   --->   Operation 425 'getelementptr' 'tile_in_17_addr_4' <Predicate = (trunc_ln64 == 0 & trunc_ln63 == 1)> <Delay = 0.00>
ST_10 : Operation 426 [1/1] (0.00ns)   --->   "%tile_in_17_addr_7 = getelementptr i8 %tile_in_17, i64 0, i64 %p_cast16" [cnn_accel.cpp:63]   --->   Operation 426 'getelementptr' 'tile_in_17_addr_7' <Predicate = (trunc_ln63 == 0 & trunc_ln64 == 0)> <Delay = 0.00>
ST_10 : Operation 427 [1/1] (0.00ns)   --->   "%tile_in_17_addr_8 = getelementptr i8 %tile_in_17, i64 0, i64 %p_cast17" [cnn_accel.cpp:64]   --->   Operation 427 'getelementptr' 'tile_in_17_addr_8' <Predicate = (trunc_ln64 == 0 & trunc_ln63 == 2)> <Delay = 0.00>
ST_10 : Operation 428 [1/1] (0.00ns)   --->   "%tile_in_18_addr_4 = getelementptr i8 %tile_in_18, i64 0, i64 %p_cast15" [cnn_accel.cpp:63]   --->   Operation 428 'getelementptr' 'tile_in_18_addr_4' <Predicate = (trunc_ln64 == 1 & trunc_ln63 == 2)> <Delay = 0.00>
ST_10 : Operation 429 [1/1] (0.00ns)   --->   "%tile_in_18_addr_7 = getelementptr i8 %tile_in_18, i64 0, i64 %p_cast16" [cnn_accel.cpp:63]   --->   Operation 429 'getelementptr' 'tile_in_18_addr_7' <Predicate = (trunc_ln64 == 1 & trunc_ln63 == 1)> <Delay = 0.00>
ST_10 : Operation 430 [1/1] (0.00ns)   --->   "%tile_in_18_addr_8 = getelementptr i8 %tile_in_18, i64 0, i64 %p_cast17" [cnn_accel.cpp:64]   --->   Operation 430 'getelementptr' 'tile_in_18_addr_8' <Predicate = (trunc_ln63 == 0 & trunc_ln64 == 1)> <Delay = 0.00>
ST_10 : Operation 431 [1/1] (0.00ns)   --->   "%tile_in_19_addr_4 = getelementptr i8 %tile_in_19, i64 0, i64 %p_cast15" [cnn_accel.cpp:63]   --->   Operation 431 'getelementptr' 'tile_in_19_addr_4' <Predicate = (trunc_ln64 == 1 & trunc_ln63 == 2)> <Delay = 0.00>
ST_10 : Operation 432 [1/1] (0.00ns)   --->   "%tile_in_19_addr_7 = getelementptr i8 %tile_in_19, i64 0, i64 %p_cast16" [cnn_accel.cpp:63]   --->   Operation 432 'getelementptr' 'tile_in_19_addr_7' <Predicate = (trunc_ln64 == 1 & trunc_ln63 == 1)> <Delay = 0.00>
ST_10 : Operation 433 [1/1] (0.00ns)   --->   "%tile_in_19_addr_8 = getelementptr i8 %tile_in_19, i64 0, i64 %p_cast17" [cnn_accel.cpp:64]   --->   Operation 433 'getelementptr' 'tile_in_19_addr_8' <Predicate = (trunc_ln63 == 0 & trunc_ln64 == 1)> <Delay = 0.00>
ST_10 : Operation 434 [1/1] (0.00ns)   --->   "%tile_in_20_addr_4 = getelementptr i8 %tile_in_20, i64 0, i64 %p_cast15" [cnn_accel.cpp:63]   --->   Operation 434 'getelementptr' 'tile_in_20_addr_4' <Predicate = (trunc_ln64 == 1 & trunc_ln63 == 2)> <Delay = 0.00>
ST_10 : Operation 435 [1/1] (0.00ns)   --->   "%tile_in_20_addr_7 = getelementptr i8 %tile_in_20, i64 0, i64 %p_cast16" [cnn_accel.cpp:63]   --->   Operation 435 'getelementptr' 'tile_in_20_addr_7' <Predicate = (trunc_ln64 == 1 & trunc_ln63 == 1)> <Delay = 0.00>
ST_10 : Operation 436 [1/1] (0.00ns)   --->   "%tile_in_20_addr_8 = getelementptr i8 %tile_in_20, i64 0, i64 %p_cast17" [cnn_accel.cpp:64]   --->   Operation 436 'getelementptr' 'tile_in_20_addr_8' <Predicate = (trunc_ln63 == 0 & trunc_ln64 == 1)> <Delay = 0.00>
ST_10 : Operation 437 [1/1] (0.00ns)   --->   "%tile_in_21_addr_4 = getelementptr i8 %tile_in_21, i64 0, i64 %p_cast15" [cnn_accel.cpp:63]   --->   Operation 437 'getelementptr' 'tile_in_21_addr_4' <Predicate = (trunc_ln64 == 2 & trunc_ln63 == 2)> <Delay = 0.00>
ST_10 : Operation 438 [1/1] (0.00ns)   --->   "%tile_in_21_addr_7 = getelementptr i8 %tile_in_21, i64 0, i64 %p_cast16" [cnn_accel.cpp:63]   --->   Operation 438 'getelementptr' 'tile_in_21_addr_7' <Predicate = (trunc_ln64 == 2 & trunc_ln63 == 1)> <Delay = 0.00>
ST_10 : Operation 439 [1/1] (0.00ns)   --->   "%tile_in_21_addr_8 = getelementptr i8 %tile_in_21, i64 0, i64 %p_cast17" [cnn_accel.cpp:64]   --->   Operation 439 'getelementptr' 'tile_in_21_addr_8' <Predicate = (trunc_ln63 == 0 & trunc_ln64 == 2)> <Delay = 0.00>
ST_10 : Operation 440 [1/1] (0.00ns)   --->   "%tile_in_22_addr_4 = getelementptr i8 %tile_in_22, i64 0, i64 %p_cast15" [cnn_accel.cpp:63]   --->   Operation 440 'getelementptr' 'tile_in_22_addr_4' <Predicate = (trunc_ln64 == 2 & trunc_ln63 == 2)> <Delay = 0.00>
ST_10 : Operation 441 [1/1] (0.00ns)   --->   "%tile_in_22_addr_7 = getelementptr i8 %tile_in_22, i64 0, i64 %p_cast16" [cnn_accel.cpp:63]   --->   Operation 441 'getelementptr' 'tile_in_22_addr_7' <Predicate = (trunc_ln64 == 2 & trunc_ln63 == 1)> <Delay = 0.00>
ST_10 : Operation 442 [1/1] (0.00ns)   --->   "%tile_in_22_addr_8 = getelementptr i8 %tile_in_22, i64 0, i64 %p_cast17" [cnn_accel.cpp:64]   --->   Operation 442 'getelementptr' 'tile_in_22_addr_8' <Predicate = (trunc_ln63 == 0 & trunc_ln64 == 2)> <Delay = 0.00>
ST_10 : Operation 443 [1/1] (0.00ns)   --->   "%tile_in_23_addr_4 = getelementptr i8 %tile_in_23, i64 0, i64 %p_cast15" [cnn_accel.cpp:63]   --->   Operation 443 'getelementptr' 'tile_in_23_addr_4' <Predicate = (trunc_ln64 == 2 & trunc_ln63 == 2)> <Delay = 0.00>
ST_10 : Operation 444 [1/1] (0.00ns)   --->   "%tile_in_23_addr_7 = getelementptr i8 %tile_in_23, i64 0, i64 %p_cast16" [cnn_accel.cpp:63]   --->   Operation 444 'getelementptr' 'tile_in_23_addr_7' <Predicate = (trunc_ln64 == 2 & trunc_ln63 == 1)> <Delay = 0.00>
ST_10 : Operation 445 [1/1] (0.00ns)   --->   "%tile_in_23_addr_8 = getelementptr i8 %tile_in_23, i64 0, i64 %p_cast17" [cnn_accel.cpp:64]   --->   Operation 445 'getelementptr' 'tile_in_23_addr_8' <Predicate = (trunc_ln63 == 0 & trunc_ln64 == 2)> <Delay = 0.00>
ST_10 : Operation 446 [1/1] (0.00ns)   --->   "%tile_in_24_addr_4 = getelementptr i8 %tile_in_24, i64 0, i64 %p_cast15" [cnn_accel.cpp:63]   --->   Operation 446 'getelementptr' 'tile_in_24_addr_4' <Predicate = (trunc_ln64 == 0 & trunc_ln63 == 2)> <Delay = 0.00>
ST_10 : Operation 447 [1/1] (0.00ns)   --->   "%tile_in_24_addr_7 = getelementptr i8 %tile_in_24, i64 0, i64 %p_cast16" [cnn_accel.cpp:63]   --->   Operation 447 'getelementptr' 'tile_in_24_addr_7' <Predicate = (trunc_ln64 == 0 & trunc_ln63 == 1)> <Delay = 0.00>
ST_10 : Operation 448 [1/1] (0.00ns)   --->   "%tile_in_24_addr_8 = getelementptr i8 %tile_in_24, i64 0, i64 %p_cast17" [cnn_accel.cpp:64]   --->   Operation 448 'getelementptr' 'tile_in_24_addr_8' <Predicate = (trunc_ln63 == 0 & trunc_ln64 == 0)> <Delay = 0.00>
ST_10 : Operation 449 [1/1] (0.00ns)   --->   "%tile_in_25_addr_4 = getelementptr i8 %tile_in_25, i64 0, i64 %p_cast15" [cnn_accel.cpp:63]   --->   Operation 449 'getelementptr' 'tile_in_25_addr_4' <Predicate = (trunc_ln64 == 0 & trunc_ln63 == 2)> <Delay = 0.00>
ST_10 : Operation 450 [1/1] (0.00ns)   --->   "%tile_in_25_addr_7 = getelementptr i8 %tile_in_25, i64 0, i64 %p_cast16" [cnn_accel.cpp:63]   --->   Operation 450 'getelementptr' 'tile_in_25_addr_7' <Predicate = (trunc_ln64 == 0 & trunc_ln63 == 1)> <Delay = 0.00>
ST_10 : Operation 451 [1/1] (0.00ns)   --->   "%tile_in_25_addr_8 = getelementptr i8 %tile_in_25, i64 0, i64 %p_cast17" [cnn_accel.cpp:64]   --->   Operation 451 'getelementptr' 'tile_in_25_addr_8' <Predicate = (trunc_ln63 == 0 & trunc_ln64 == 0)> <Delay = 0.00>
ST_10 : Operation 452 [1/1] (0.00ns)   --->   "%tile_in_26_addr_4 = getelementptr i8 %tile_in_26, i64 0, i64 %p_cast15" [cnn_accel.cpp:63]   --->   Operation 452 'getelementptr' 'tile_in_26_addr_4' <Predicate = (trunc_ln64 == 0 & trunc_ln63 == 2)> <Delay = 0.00>
ST_10 : Operation 453 [1/1] (0.00ns)   --->   "%tile_in_26_addr_7 = getelementptr i8 %tile_in_26, i64 0, i64 %p_cast16" [cnn_accel.cpp:63]   --->   Operation 453 'getelementptr' 'tile_in_26_addr_7' <Predicate = (trunc_ln64 == 0 & trunc_ln63 == 1)> <Delay = 0.00>
ST_10 : Operation 454 [1/1] (0.00ns)   --->   "%tile_in_26_addr_8 = getelementptr i8 %tile_in_26, i64 0, i64 %p_cast17" [cnn_accel.cpp:64]   --->   Operation 454 'getelementptr' 'tile_in_26_addr_8' <Predicate = (trunc_ln63 == 0 & trunc_ln64 == 0)> <Delay = 0.00>
ST_10 : Operation 455 [2/2] (3.25ns)   --->   "%tile_in_load_2 = load i4 %tile_in_addr_4" [cnn_accel.cpp:63]   --->   Operation 455 'load' 'tile_in_load_2' <Predicate = (trunc_ln63 == 0 & trunc_ln64 == 1)> <Delay = 3.25> <CoreInst = "RAM_T2P_BRAM">   --->   Core 93 'RAM_T2P_BRAM' <Latency = 1> <II = 1> <Delay = 3.25> <Storage> <Opcode : 'load' 'store'> <Ports = 2> <Width = 8> <Depth = 16> <RAM>
ST_10 : Operation 456 [2/2] (3.25ns)   --->   "%tile_in_3_load_2 = load i4 %tile_in_3_addr_4" [cnn_accel.cpp:63]   --->   Operation 456 'load' 'tile_in_3_load_2' <Predicate = (trunc_ln63 == 0 & trunc_ln64 == 2)> <Delay = 3.25> <CoreInst = "RAM_T2P_BRAM">   --->   Core 93 'RAM_T2P_BRAM' <Latency = 1> <II = 1> <Delay = 3.25> <Storage> <Opcode : 'load' 'store'> <Ports = 2> <Width = 8> <Depth = 16> <RAM>
ST_10 : Operation 457 [2/2] (3.25ns)   --->   "%tile_in_6_load_2 = load i4 %tile_in_6_addr_4" [cnn_accel.cpp:63]   --->   Operation 457 'load' 'tile_in_6_load_2' <Predicate = (trunc_ln63 == 0 & trunc_ln64 == 0)> <Delay = 3.25> <CoreInst = "RAM_T2P_BRAM">   --->   Core 93 'RAM_T2P_BRAM' <Latency = 1> <II = 1> <Delay = 3.25> <Storage> <Opcode : 'load' 'store'> <Ports = 2> <Width = 8> <Depth = 16> <RAM>
ST_10 : Operation 458 [2/2] (3.25ns)   --->   "%tile_in_9_load_2 = load i4 %tile_in_9_addr_4" [cnn_accel.cpp:63]   --->   Operation 458 'load' 'tile_in_9_load_2' <Predicate = (trunc_ln64 == 1 & trunc_ln63 == 1)> <Delay = 3.25> <CoreInst = "RAM_T2P_BRAM">   --->   Core 93 'RAM_T2P_BRAM' <Latency = 1> <II = 1> <Delay = 3.25> <Storage> <Opcode : 'load' 'store'> <Ports = 2> <Width = 8> <Depth = 16> <RAM>
ST_10 : Operation 459 [2/2] (3.25ns)   --->   "%tile_in_12_load_2 = load i4 %tile_in_12_addr_4" [cnn_accel.cpp:63]   --->   Operation 459 'load' 'tile_in_12_load_2' <Predicate = (trunc_ln64 == 2 & trunc_ln63 == 1)> <Delay = 3.25> <CoreInst = "RAM_T2P_BRAM">   --->   Core 93 'RAM_T2P_BRAM' <Latency = 1> <II = 1> <Delay = 3.25> <Storage> <Opcode : 'load' 'store'> <Ports = 2> <Width = 8> <Depth = 16> <RAM>
ST_10 : Operation 460 [2/2] (3.25ns)   --->   "%tile_in_15_load_2 = load i4 %tile_in_15_addr_4" [cnn_accel.cpp:63]   --->   Operation 460 'load' 'tile_in_15_load_2' <Predicate = (trunc_ln64 == 0 & trunc_ln63 == 1)> <Delay = 3.25> <CoreInst = "RAM_T2P_BRAM">   --->   Core 93 'RAM_T2P_BRAM' <Latency = 1> <II = 1> <Delay = 3.25> <Storage> <Opcode : 'load' 'store'> <Ports = 2> <Width = 8> <Depth = 16> <RAM>
ST_10 : Operation 461 [2/2] (3.25ns)   --->   "%tile_in_18_load_2 = load i4 %tile_in_18_addr_4" [cnn_accel.cpp:63]   --->   Operation 461 'load' 'tile_in_18_load_2' <Predicate = (trunc_ln64 == 1 & trunc_ln63 == 2)> <Delay = 3.25> <CoreInst = "RAM_T2P_BRAM">   --->   Core 93 'RAM_T2P_BRAM' <Latency = 1> <II = 1> <Delay = 3.25> <Storage> <Opcode : 'load' 'store'> <Ports = 2> <Width = 8> <Depth = 16> <RAM>
ST_10 : Operation 462 [2/2] (3.25ns)   --->   "%tile_in_21_load_2 = load i4 %tile_in_21_addr_4" [cnn_accel.cpp:63]   --->   Operation 462 'load' 'tile_in_21_load_2' <Predicate = (trunc_ln64 == 2 & trunc_ln63 == 2)> <Delay = 3.25> <CoreInst = "RAM_T2P_BRAM">   --->   Core 93 'RAM_T2P_BRAM' <Latency = 1> <II = 1> <Delay = 3.25> <Storage> <Opcode : 'load' 'store'> <Ports = 2> <Width = 8> <Depth = 16> <RAM>
ST_10 : Operation 463 [2/2] (3.25ns)   --->   "%tile_in_24_load_2 = load i4 %tile_in_24_addr_4" [cnn_accel.cpp:63]   --->   Operation 463 'load' 'tile_in_24_load_2' <Predicate = (trunc_ln64 == 0 & trunc_ln63 == 2)> <Delay = 3.25> <CoreInst = "RAM_T2P_BRAM">   --->   Core 93 'RAM_T2P_BRAM' <Latency = 1> <II = 1> <Delay = 3.25> <Storage> <Opcode : 'load' 'store'> <Ports = 2> <Width = 8> <Depth = 16> <RAM>
ST_10 : Operation 464 [2/2] (3.25ns)   --->   "%tile_in_1_load_2 = load i4 %tile_in_1_addr_4" [cnn_accel.cpp:63]   --->   Operation 464 'load' 'tile_in_1_load_2' <Predicate = (trunc_ln63 == 0 & trunc_ln64 == 1)> <Delay = 3.25> <CoreInst = "RAM_T2P_BRAM">   --->   Core 93 'RAM_T2P_BRAM' <Latency = 1> <II = 1> <Delay = 3.25> <Storage> <Opcode : 'load' 'store'> <Ports = 2> <Width = 8> <Depth = 16> <RAM>
ST_10 : Operation 465 [2/2] (3.25ns)   --->   "%tile_in_4_load_2 = load i4 %tile_in_4_addr_4" [cnn_accel.cpp:63]   --->   Operation 465 'load' 'tile_in_4_load_2' <Predicate = (trunc_ln63 == 0 & trunc_ln64 == 2)> <Delay = 3.25> <CoreInst = "RAM_T2P_BRAM">   --->   Core 93 'RAM_T2P_BRAM' <Latency = 1> <II = 1> <Delay = 3.25> <Storage> <Opcode : 'load' 'store'> <Ports = 2> <Width = 8> <Depth = 16> <RAM>
ST_10 : Operation 466 [2/2] (3.25ns)   --->   "%tile_in_7_load_2 = load i4 %tile_in_7_addr_4" [cnn_accel.cpp:63]   --->   Operation 466 'load' 'tile_in_7_load_2' <Predicate = (trunc_ln63 == 0 & trunc_ln64 == 0)> <Delay = 3.25> <CoreInst = "RAM_T2P_BRAM">   --->   Core 93 'RAM_T2P_BRAM' <Latency = 1> <II = 1> <Delay = 3.25> <Storage> <Opcode : 'load' 'store'> <Ports = 2> <Width = 8> <Depth = 16> <RAM>
ST_10 : Operation 467 [2/2] (3.25ns)   --->   "%tile_in_10_load_2 = load i4 %tile_in_10_addr_4" [cnn_accel.cpp:63]   --->   Operation 467 'load' 'tile_in_10_load_2' <Predicate = (trunc_ln64 == 1 & trunc_ln63 == 1)> <Delay = 3.25> <CoreInst = "RAM_T2P_BRAM">   --->   Core 93 'RAM_T2P_BRAM' <Latency = 1> <II = 1> <Delay = 3.25> <Storage> <Opcode : 'load' 'store'> <Ports = 2> <Width = 8> <Depth = 16> <RAM>
ST_10 : Operation 468 [2/2] (3.25ns)   --->   "%tile_in_13_load_2 = load i4 %tile_in_13_addr_4" [cnn_accel.cpp:63]   --->   Operation 468 'load' 'tile_in_13_load_2' <Predicate = (trunc_ln64 == 2 & trunc_ln63 == 1)> <Delay = 3.25> <CoreInst = "RAM_T2P_BRAM">   --->   Core 93 'RAM_T2P_BRAM' <Latency = 1> <II = 1> <Delay = 3.25> <Storage> <Opcode : 'load' 'store'> <Ports = 2> <Width = 8> <Depth = 16> <RAM>
ST_10 : Operation 469 [2/2] (3.25ns)   --->   "%tile_in_16_load_2 = load i4 %tile_in_16_addr_4" [cnn_accel.cpp:63]   --->   Operation 469 'load' 'tile_in_16_load_2' <Predicate = (trunc_ln64 == 0 & trunc_ln63 == 1)> <Delay = 3.25> <CoreInst = "RAM_T2P_BRAM">   --->   Core 93 'RAM_T2P_BRAM' <Latency = 1> <II = 1> <Delay = 3.25> <Storage> <Opcode : 'load' 'store'> <Ports = 2> <Width = 8> <Depth = 16> <RAM>
ST_10 : Operation 470 [2/2] (3.25ns)   --->   "%tile_in_19_load_2 = load i4 %tile_in_19_addr_4" [cnn_accel.cpp:63]   --->   Operation 470 'load' 'tile_in_19_load_2' <Predicate = (trunc_ln64 == 1 & trunc_ln63 == 2)> <Delay = 3.25> <CoreInst = "RAM_T2P_BRAM">   --->   Core 93 'RAM_T2P_BRAM' <Latency = 1> <II = 1> <Delay = 3.25> <Storage> <Opcode : 'load' 'store'> <Ports = 2> <Width = 8> <Depth = 16> <RAM>
ST_10 : Operation 471 [2/2] (3.25ns)   --->   "%tile_in_22_load_2 = load i4 %tile_in_22_addr_4" [cnn_accel.cpp:63]   --->   Operation 471 'load' 'tile_in_22_load_2' <Predicate = (trunc_ln64 == 2 & trunc_ln63 == 2)> <Delay = 3.25> <CoreInst = "RAM_T2P_BRAM">   --->   Core 93 'RAM_T2P_BRAM' <Latency = 1> <II = 1> <Delay = 3.25> <Storage> <Opcode : 'load' 'store'> <Ports = 2> <Width = 8> <Depth = 16> <RAM>
ST_10 : Operation 472 [2/2] (3.25ns)   --->   "%tile_in_25_load_2 = load i4 %tile_in_25_addr_4" [cnn_accel.cpp:63]   --->   Operation 472 'load' 'tile_in_25_load_2' <Predicate = (trunc_ln64 == 0 & trunc_ln63 == 2)> <Delay = 3.25> <CoreInst = "RAM_T2P_BRAM">   --->   Core 93 'RAM_T2P_BRAM' <Latency = 1> <II = 1> <Delay = 3.25> <Storage> <Opcode : 'load' 'store'> <Ports = 2> <Width = 8> <Depth = 16> <RAM>
ST_10 : Operation 473 [2/2] (3.25ns)   --->   "%tile_in_2_load_2 = load i4 %tile_in_2_addr_4" [cnn_accel.cpp:63]   --->   Operation 473 'load' 'tile_in_2_load_2' <Predicate = (trunc_ln63 == 0 & trunc_ln64 == 1)> <Delay = 3.25> <CoreInst = "RAM_T2P_BRAM">   --->   Core 93 'RAM_T2P_BRAM' <Latency = 1> <II = 1> <Delay = 3.25> <Storage> <Opcode : 'load' 'store'> <Ports = 2> <Width = 8> <Depth = 16> <RAM>
ST_10 : Operation 474 [2/2] (3.25ns)   --->   "%tile_in_5_load_2 = load i4 %tile_in_5_addr_4" [cnn_accel.cpp:63]   --->   Operation 474 'load' 'tile_in_5_load_2' <Predicate = (trunc_ln63 == 0 & trunc_ln64 == 2)> <Delay = 3.25> <CoreInst = "RAM_T2P_BRAM">   --->   Core 93 'RAM_T2P_BRAM' <Latency = 1> <II = 1> <Delay = 3.25> <Storage> <Opcode : 'load' 'store'> <Ports = 2> <Width = 8> <Depth = 16> <RAM>
ST_10 : Operation 475 [2/2] (3.25ns)   --->   "%tile_in_8_load_2 = load i4 %tile_in_8_addr_4" [cnn_accel.cpp:63]   --->   Operation 475 'load' 'tile_in_8_load_2' <Predicate = (trunc_ln63 == 0 & trunc_ln64 == 0)> <Delay = 3.25> <CoreInst = "RAM_T2P_BRAM">   --->   Core 93 'RAM_T2P_BRAM' <Latency = 1> <II = 1> <Delay = 3.25> <Storage> <Opcode : 'load' 'store'> <Ports = 2> <Width = 8> <Depth = 16> <RAM>
ST_10 : Operation 476 [2/2] (3.25ns)   --->   "%tile_in_11_load_2 = load i4 %tile_in_11_addr_4" [cnn_accel.cpp:63]   --->   Operation 476 'load' 'tile_in_11_load_2' <Predicate = (trunc_ln64 == 1 & trunc_ln63 == 1)> <Delay = 3.25> <CoreInst = "RAM_T2P_BRAM">   --->   Core 93 'RAM_T2P_BRAM' <Latency = 1> <II = 1> <Delay = 3.25> <Storage> <Opcode : 'load' 'store'> <Ports = 2> <Width = 8> <Depth = 16> <RAM>
ST_10 : Operation 477 [2/2] (3.25ns)   --->   "%tile_in_14_load_2 = load i4 %tile_in_14_addr_4" [cnn_accel.cpp:63]   --->   Operation 477 'load' 'tile_in_14_load_2' <Predicate = (trunc_ln64 == 2 & trunc_ln63 == 1)> <Delay = 3.25> <CoreInst = "RAM_T2P_BRAM">   --->   Core 93 'RAM_T2P_BRAM' <Latency = 1> <II = 1> <Delay = 3.25> <Storage> <Opcode : 'load' 'store'> <Ports = 2> <Width = 8> <Depth = 16> <RAM>
ST_10 : Operation 478 [2/2] (3.25ns)   --->   "%tile_in_17_load_2 = load i4 %tile_in_17_addr_4" [cnn_accel.cpp:63]   --->   Operation 478 'load' 'tile_in_17_load_2' <Predicate = (trunc_ln64 == 0 & trunc_ln63 == 1)> <Delay = 3.25> <CoreInst = "RAM_T2P_BRAM">   --->   Core 93 'RAM_T2P_BRAM' <Latency = 1> <II = 1> <Delay = 3.25> <Storage> <Opcode : 'load' 'store'> <Ports = 2> <Width = 8> <Depth = 16> <RAM>
ST_10 : Operation 479 [2/2] (3.25ns)   --->   "%tile_in_20_load_2 = load i4 %tile_in_20_addr_4" [cnn_accel.cpp:63]   --->   Operation 479 'load' 'tile_in_20_load_2' <Predicate = (trunc_ln64 == 1 & trunc_ln63 == 2)> <Delay = 3.25> <CoreInst = "RAM_T2P_BRAM">   --->   Core 93 'RAM_T2P_BRAM' <Latency = 1> <II = 1> <Delay = 3.25> <Storage> <Opcode : 'load' 'store'> <Ports = 2> <Width = 8> <Depth = 16> <RAM>
ST_10 : Operation 480 [2/2] (3.25ns)   --->   "%tile_in_23_load_2 = load i4 %tile_in_23_addr_4" [cnn_accel.cpp:63]   --->   Operation 480 'load' 'tile_in_23_load_2' <Predicate = (trunc_ln64 == 2 & trunc_ln63 == 2)> <Delay = 3.25> <CoreInst = "RAM_T2P_BRAM">   --->   Core 93 'RAM_T2P_BRAM' <Latency = 1> <II = 1> <Delay = 3.25> <Storage> <Opcode : 'load' 'store'> <Ports = 2> <Width = 8> <Depth = 16> <RAM>
ST_10 : Operation 481 [2/2] (3.25ns)   --->   "%tile_in_26_load_2 = load i4 %tile_in_26_addr_4" [cnn_accel.cpp:63]   --->   Operation 481 'load' 'tile_in_26_load_2' <Predicate = (trunc_ln64 == 0 & trunc_ln63 == 2)> <Delay = 3.25> <CoreInst = "RAM_T2P_BRAM">   --->   Core 93 'RAM_T2P_BRAM' <Latency = 1> <II = 1> <Delay = 3.25> <Storage> <Opcode : 'load' 'store'> <Ports = 2> <Width = 8> <Depth = 16> <RAM>
ST_10 : Operation 482 [2/2] (3.25ns)   --->   "%tile_in_load_3 = load i4 %tile_in_addr_1" [cnn_accel.cpp:63]   --->   Operation 482 'load' 'tile_in_load_3' <Predicate = (trunc_ln64 == 0 & trunc_ln63 == 2)> <Delay = 3.25> <CoreInst = "RAM_T2P_BRAM">   --->   Core 93 'RAM_T2P_BRAM' <Latency = 1> <II = 1> <Delay = 3.25> <Storage> <Opcode : 'load' 'store'> <Ports = 2> <Width = 8> <Depth = 16> <RAM>
ST_10 : Operation 483 [2/2] (3.25ns)   --->   "%tile_in_3_load_3 = load i4 %tile_in_3_addr_1" [cnn_accel.cpp:63]   --->   Operation 483 'load' 'tile_in_3_load_3' <Predicate = (trunc_ln64 == 1 & trunc_ln63 == 2)> <Delay = 3.25> <CoreInst = "RAM_T2P_BRAM">   --->   Core 93 'RAM_T2P_BRAM' <Latency = 1> <II = 1> <Delay = 3.25> <Storage> <Opcode : 'load' 'store'> <Ports = 2> <Width = 8> <Depth = 16> <RAM>
ST_10 : Operation 484 [2/2] (3.25ns)   --->   "%tile_in_6_load_3 = load i4 %tile_in_6_addr_1" [cnn_accel.cpp:63]   --->   Operation 484 'load' 'tile_in_6_load_3' <Predicate = (trunc_ln64 == 2 & trunc_ln63 == 2)> <Delay = 3.25> <CoreInst = "RAM_T2P_BRAM">   --->   Core 93 'RAM_T2P_BRAM' <Latency = 1> <II = 1> <Delay = 3.25> <Storage> <Opcode : 'load' 'store'> <Ports = 2> <Width = 8> <Depth = 16> <RAM>
ST_10 : Operation 485 [2/2] (3.25ns)   --->   "%tile_in_9_load_3 = load i4 %tile_in_9_addr_1" [cnn_accel.cpp:63]   --->   Operation 485 'load' 'tile_in_9_load_3' <Predicate = (trunc_ln63 == 0 & trunc_ln64 == 0)> <Delay = 3.25> <CoreInst = "RAM_T2P_BRAM">   --->   Core 93 'RAM_T2P_BRAM' <Latency = 1> <II = 1> <Delay = 3.25> <Storage> <Opcode : 'load' 'store'> <Ports = 2> <Width = 8> <Depth = 16> <RAM>
ST_10 : Operation 486 [2/2] (3.25ns)   --->   "%tile_in_12_load_3 = load i4 %tile_in_12_addr_1" [cnn_accel.cpp:63]   --->   Operation 486 'load' 'tile_in_12_load_3' <Predicate = (trunc_ln63 == 0 & trunc_ln64 == 1)> <Delay = 3.25> <CoreInst = "RAM_T2P_BRAM">   --->   Core 93 'RAM_T2P_BRAM' <Latency = 1> <II = 1> <Delay = 3.25> <Storage> <Opcode : 'load' 'store'> <Ports = 2> <Width = 8> <Depth = 16> <RAM>
ST_10 : Operation 487 [2/2] (3.25ns)   --->   "%tile_in_15_load_3 = load i4 %tile_in_15_addr_1" [cnn_accel.cpp:63]   --->   Operation 487 'load' 'tile_in_15_load_3' <Predicate = (trunc_ln63 == 0 & trunc_ln64 == 2)> <Delay = 3.25> <CoreInst = "RAM_T2P_BRAM">   --->   Core 93 'RAM_T2P_BRAM' <Latency = 1> <II = 1> <Delay = 3.25> <Storage> <Opcode : 'load' 'store'> <Ports = 2> <Width = 8> <Depth = 16> <RAM>
ST_10 : Operation 488 [2/2] (3.25ns)   --->   "%tile_in_18_load_3 = load i4 %tile_in_18_addr_1" [cnn_accel.cpp:63]   --->   Operation 488 'load' 'tile_in_18_load_3' <Predicate = (trunc_ln64 == 0 & trunc_ln63 == 1)> <Delay = 3.25> <CoreInst = "RAM_T2P_BRAM">   --->   Core 93 'RAM_T2P_BRAM' <Latency = 1> <II = 1> <Delay = 3.25> <Storage> <Opcode : 'load' 'store'> <Ports = 2> <Width = 8> <Depth = 16> <RAM>
ST_10 : Operation 489 [2/2] (3.25ns)   --->   "%tile_in_21_load_3 = load i4 %tile_in_21_addr_1" [cnn_accel.cpp:63]   --->   Operation 489 'load' 'tile_in_21_load_3' <Predicate = (trunc_ln64 == 1 & trunc_ln63 == 1)> <Delay = 3.25> <CoreInst = "RAM_T2P_BRAM">   --->   Core 93 'RAM_T2P_BRAM' <Latency = 1> <II = 1> <Delay = 3.25> <Storage> <Opcode : 'load' 'store'> <Ports = 2> <Width = 8> <Depth = 16> <RAM>
ST_10 : Operation 490 [2/2] (3.25ns)   --->   "%tile_in_24_load_3 = load i4 %tile_in_24_addr_1" [cnn_accel.cpp:63]   --->   Operation 490 'load' 'tile_in_24_load_3' <Predicate = (trunc_ln64 == 2 & trunc_ln63 == 1)> <Delay = 3.25> <CoreInst = "RAM_T2P_BRAM">   --->   Core 93 'RAM_T2P_BRAM' <Latency = 1> <II = 1> <Delay = 3.25> <Storage> <Opcode : 'load' 'store'> <Ports = 2> <Width = 8> <Depth = 16> <RAM>
ST_10 : Operation 491 [2/2] (3.25ns)   --->   "%tile_in_1_load_3 = load i4 %tile_in_1_addr_1" [cnn_accel.cpp:63]   --->   Operation 491 'load' 'tile_in_1_load_3' <Predicate = (trunc_ln64 == 0 & trunc_ln63 == 2)> <Delay = 3.25> <CoreInst = "RAM_T2P_BRAM">   --->   Core 93 'RAM_T2P_BRAM' <Latency = 1> <II = 1> <Delay = 3.25> <Storage> <Opcode : 'load' 'store'> <Ports = 2> <Width = 8> <Depth = 16> <RAM>
ST_10 : Operation 492 [2/2] (3.25ns)   --->   "%tile_in_4_load_3 = load i4 %tile_in_4_addr_1" [cnn_accel.cpp:63]   --->   Operation 492 'load' 'tile_in_4_load_3' <Predicate = (trunc_ln64 == 1 & trunc_ln63 == 2)> <Delay = 3.25> <CoreInst = "RAM_T2P_BRAM">   --->   Core 93 'RAM_T2P_BRAM' <Latency = 1> <II = 1> <Delay = 3.25> <Storage> <Opcode : 'load' 'store'> <Ports = 2> <Width = 8> <Depth = 16> <RAM>
ST_10 : Operation 493 [2/2] (3.25ns)   --->   "%tile_in_7_load_3 = load i4 %tile_in_7_addr_1" [cnn_accel.cpp:63]   --->   Operation 493 'load' 'tile_in_7_load_3' <Predicate = (trunc_ln64 == 2 & trunc_ln63 == 2)> <Delay = 3.25> <CoreInst = "RAM_T2P_BRAM">   --->   Core 93 'RAM_T2P_BRAM' <Latency = 1> <II = 1> <Delay = 3.25> <Storage> <Opcode : 'load' 'store'> <Ports = 2> <Width = 8> <Depth = 16> <RAM>
ST_10 : Operation 494 [2/2] (3.25ns)   --->   "%tile_in_10_load_3 = load i4 %tile_in_10_addr_1" [cnn_accel.cpp:63]   --->   Operation 494 'load' 'tile_in_10_load_3' <Predicate = (trunc_ln63 == 0 & trunc_ln64 == 0)> <Delay = 3.25> <CoreInst = "RAM_T2P_BRAM">   --->   Core 93 'RAM_T2P_BRAM' <Latency = 1> <II = 1> <Delay = 3.25> <Storage> <Opcode : 'load' 'store'> <Ports = 2> <Width = 8> <Depth = 16> <RAM>
ST_10 : Operation 495 [2/2] (3.25ns)   --->   "%tile_in_13_load_3 = load i4 %tile_in_13_addr_1" [cnn_accel.cpp:63]   --->   Operation 495 'load' 'tile_in_13_load_3' <Predicate = (trunc_ln63 == 0 & trunc_ln64 == 1)> <Delay = 3.25> <CoreInst = "RAM_T2P_BRAM">   --->   Core 93 'RAM_T2P_BRAM' <Latency = 1> <II = 1> <Delay = 3.25> <Storage> <Opcode : 'load' 'store'> <Ports = 2> <Width = 8> <Depth = 16> <RAM>
ST_10 : Operation 496 [2/2] (3.25ns)   --->   "%tile_in_16_load_3 = load i4 %tile_in_16_addr_1" [cnn_accel.cpp:63]   --->   Operation 496 'load' 'tile_in_16_load_3' <Predicate = (trunc_ln63 == 0 & trunc_ln64 == 2)> <Delay = 3.25> <CoreInst = "RAM_T2P_BRAM">   --->   Core 93 'RAM_T2P_BRAM' <Latency = 1> <II = 1> <Delay = 3.25> <Storage> <Opcode : 'load' 'store'> <Ports = 2> <Width = 8> <Depth = 16> <RAM>
ST_10 : Operation 497 [2/2] (3.25ns)   --->   "%tile_in_19_load_3 = load i4 %tile_in_19_addr_1" [cnn_accel.cpp:63]   --->   Operation 497 'load' 'tile_in_19_load_3' <Predicate = (trunc_ln64 == 0 & trunc_ln63 == 1)> <Delay = 3.25> <CoreInst = "RAM_T2P_BRAM">   --->   Core 93 'RAM_T2P_BRAM' <Latency = 1> <II = 1> <Delay = 3.25> <Storage> <Opcode : 'load' 'store'> <Ports = 2> <Width = 8> <Depth = 16> <RAM>
ST_10 : Operation 498 [2/2] (3.25ns)   --->   "%tile_in_22_load_3 = load i4 %tile_in_22_addr_1" [cnn_accel.cpp:63]   --->   Operation 498 'load' 'tile_in_22_load_3' <Predicate = (trunc_ln64 == 1 & trunc_ln63 == 1)> <Delay = 3.25> <CoreInst = "RAM_T2P_BRAM">   --->   Core 93 'RAM_T2P_BRAM' <Latency = 1> <II = 1> <Delay = 3.25> <Storage> <Opcode : 'load' 'store'> <Ports = 2> <Width = 8> <Depth = 16> <RAM>
ST_10 : Operation 499 [2/2] (3.25ns)   --->   "%tile_in_25_load_3 = load i4 %tile_in_25_addr_1" [cnn_accel.cpp:63]   --->   Operation 499 'load' 'tile_in_25_load_3' <Predicate = (trunc_ln64 == 2 & trunc_ln63 == 1)> <Delay = 3.25> <CoreInst = "RAM_T2P_BRAM">   --->   Core 93 'RAM_T2P_BRAM' <Latency = 1> <II = 1> <Delay = 3.25> <Storage> <Opcode : 'load' 'store'> <Ports = 2> <Width = 8> <Depth = 16> <RAM>
ST_10 : Operation 500 [2/2] (3.25ns)   --->   "%tile_in_2_load_3 = load i4 %tile_in_2_addr_1" [cnn_accel.cpp:63]   --->   Operation 500 'load' 'tile_in_2_load_3' <Predicate = (trunc_ln64 == 0 & trunc_ln63 == 2)> <Delay = 3.25> <CoreInst = "RAM_T2P_BRAM">   --->   Core 93 'RAM_T2P_BRAM' <Latency = 1> <II = 1> <Delay = 3.25> <Storage> <Opcode : 'load' 'store'> <Ports = 2> <Width = 8> <Depth = 16> <RAM>
ST_10 : Operation 501 [2/2] (3.25ns)   --->   "%tile_in_5_load_3 = load i4 %tile_in_5_addr_1" [cnn_accel.cpp:63]   --->   Operation 501 'load' 'tile_in_5_load_3' <Predicate = (trunc_ln64 == 1 & trunc_ln63 == 2)> <Delay = 3.25> <CoreInst = "RAM_T2P_BRAM">   --->   Core 93 'RAM_T2P_BRAM' <Latency = 1> <II = 1> <Delay = 3.25> <Storage> <Opcode : 'load' 'store'> <Ports = 2> <Width = 8> <Depth = 16> <RAM>
ST_10 : Operation 502 [2/2] (3.25ns)   --->   "%tile_in_8_load_3 = load i4 %tile_in_8_addr_1" [cnn_accel.cpp:63]   --->   Operation 502 'load' 'tile_in_8_load_3' <Predicate = (trunc_ln64 == 2 & trunc_ln63 == 2)> <Delay = 3.25> <CoreInst = "RAM_T2P_BRAM">   --->   Core 93 'RAM_T2P_BRAM' <Latency = 1> <II = 1> <Delay = 3.25> <Storage> <Opcode : 'load' 'store'> <Ports = 2> <Width = 8> <Depth = 16> <RAM>
ST_10 : Operation 503 [2/2] (3.25ns)   --->   "%tile_in_11_load_3 = load i4 %tile_in_11_addr_1" [cnn_accel.cpp:63]   --->   Operation 503 'load' 'tile_in_11_load_3' <Predicate = (trunc_ln63 == 0 & trunc_ln64 == 0)> <Delay = 3.25> <CoreInst = "RAM_T2P_BRAM">   --->   Core 93 'RAM_T2P_BRAM' <Latency = 1> <II = 1> <Delay = 3.25> <Storage> <Opcode : 'load' 'store'> <Ports = 2> <Width = 8> <Depth = 16> <RAM>
ST_10 : Operation 504 [2/2] (3.25ns)   --->   "%tile_in_14_load_3 = load i4 %tile_in_14_addr_1" [cnn_accel.cpp:63]   --->   Operation 504 'load' 'tile_in_14_load_3' <Predicate = (trunc_ln63 == 0 & trunc_ln64 == 1)> <Delay = 3.25> <CoreInst = "RAM_T2P_BRAM">   --->   Core 93 'RAM_T2P_BRAM' <Latency = 1> <II = 1> <Delay = 3.25> <Storage> <Opcode : 'load' 'store'> <Ports = 2> <Width = 8> <Depth = 16> <RAM>
ST_10 : Operation 505 [2/2] (3.25ns)   --->   "%tile_in_17_load_3 = load i4 %tile_in_17_addr_1" [cnn_accel.cpp:63]   --->   Operation 505 'load' 'tile_in_17_load_3' <Predicate = (trunc_ln63 == 0 & trunc_ln64 == 2)> <Delay = 3.25> <CoreInst = "RAM_T2P_BRAM">   --->   Core 93 'RAM_T2P_BRAM' <Latency = 1> <II = 1> <Delay = 3.25> <Storage> <Opcode : 'load' 'store'> <Ports = 2> <Width = 8> <Depth = 16> <RAM>
ST_10 : Operation 506 [2/2] (3.25ns)   --->   "%tile_in_20_load_3 = load i4 %tile_in_20_addr_1" [cnn_accel.cpp:63]   --->   Operation 506 'load' 'tile_in_20_load_3' <Predicate = (trunc_ln64 == 0 & trunc_ln63 == 1)> <Delay = 3.25> <CoreInst = "RAM_T2P_BRAM">   --->   Core 93 'RAM_T2P_BRAM' <Latency = 1> <II = 1> <Delay = 3.25> <Storage> <Opcode : 'load' 'store'> <Ports = 2> <Width = 8> <Depth = 16> <RAM>
ST_10 : Operation 507 [2/2] (3.25ns)   --->   "%tile_in_23_load_3 = load i4 %tile_in_23_addr_1" [cnn_accel.cpp:63]   --->   Operation 507 'load' 'tile_in_23_load_3' <Predicate = (trunc_ln64 == 1 & trunc_ln63 == 1)> <Delay = 3.25> <CoreInst = "RAM_T2P_BRAM">   --->   Core 93 'RAM_T2P_BRAM' <Latency = 1> <II = 1> <Delay = 3.25> <Storage> <Opcode : 'load' 'store'> <Ports = 2> <Width = 8> <Depth = 16> <RAM>
ST_10 : Operation 508 [2/2] (3.25ns)   --->   "%tile_in_26_load_3 = load i4 %tile_in_26_addr_1" [cnn_accel.cpp:63]   --->   Operation 508 'load' 'tile_in_26_load_3' <Predicate = (trunc_ln64 == 2 & trunc_ln63 == 1)> <Delay = 3.25> <CoreInst = "RAM_T2P_BRAM">   --->   Core 93 'RAM_T2P_BRAM' <Latency = 1> <II = 1> <Delay = 3.25> <Storage> <Opcode : 'load' 'store'> <Ports = 2> <Width = 8> <Depth = 16> <RAM>
ST_10 : Operation 509 [2/2] (3.25ns)   --->   "%tile_in_load_4 = load i4 %tile_in_addr_5" [cnn_accel.cpp:63]   --->   Operation 509 'load' 'tile_in_load_4' <Predicate = (trunc_ln64 == 2 & trunc_ln63 == 2)> <Delay = 3.25> <CoreInst = "RAM_T2P_BRAM">   --->   Core 93 'RAM_T2P_BRAM' <Latency = 1> <II = 1> <Delay = 3.25> <Storage> <Opcode : 'load' 'store'> <Ports = 2> <Width = 8> <Depth = 16> <RAM>
ST_10 : Operation 510 [2/2] (3.25ns)   --->   "%tile_in_3_load_4 = load i4 %tile_in_3_addr_5" [cnn_accel.cpp:63]   --->   Operation 510 'load' 'tile_in_3_load_4' <Predicate = (trunc_ln64 == 0 & trunc_ln63 == 2)> <Delay = 3.25> <CoreInst = "RAM_T2P_BRAM">   --->   Core 93 'RAM_T2P_BRAM' <Latency = 1> <II = 1> <Delay = 3.25> <Storage> <Opcode : 'load' 'store'> <Ports = 2> <Width = 8> <Depth = 16> <RAM>
ST_10 : Operation 511 [2/2] (3.25ns)   --->   "%tile_in_6_load_4 = load i4 %tile_in_6_addr_5" [cnn_accel.cpp:63]   --->   Operation 511 'load' 'tile_in_6_load_4' <Predicate = (trunc_ln64 == 1 & trunc_ln63 == 2)> <Delay = 3.25> <CoreInst = "RAM_T2P_BRAM">   --->   Core 93 'RAM_T2P_BRAM' <Latency = 1> <II = 1> <Delay = 3.25> <Storage> <Opcode : 'load' 'store'> <Ports = 2> <Width = 8> <Depth = 16> <RAM>
ST_10 : Operation 512 [2/2] (3.25ns)   --->   "%tile_in_9_load_4 = load i4 %tile_in_9_addr_5" [cnn_accel.cpp:63]   --->   Operation 512 'load' 'tile_in_9_load_4' <Predicate = (trunc_ln63 == 0 & trunc_ln64 == 2)> <Delay = 3.25> <CoreInst = "RAM_T2P_BRAM">   --->   Core 93 'RAM_T2P_BRAM' <Latency = 1> <II = 1> <Delay = 3.25> <Storage> <Opcode : 'load' 'store'> <Ports = 2> <Width = 8> <Depth = 16> <RAM>
ST_10 : Operation 513 [2/2] (3.25ns)   --->   "%tile_in_12_load_4 = load i4 %tile_in_12_addr_5" [cnn_accel.cpp:63]   --->   Operation 513 'load' 'tile_in_12_load_4' <Predicate = (trunc_ln63 == 0 & trunc_ln64 == 0)> <Delay = 3.25> <CoreInst = "RAM_T2P_BRAM">   --->   Core 93 'RAM_T2P_BRAM' <Latency = 1> <II = 1> <Delay = 3.25> <Storage> <Opcode : 'load' 'store'> <Ports = 2> <Width = 8> <Depth = 16> <RAM>
ST_10 : Operation 514 [2/2] (3.25ns)   --->   "%tile_in_15_load_4 = load i4 %tile_in_15_addr_5" [cnn_accel.cpp:63]   --->   Operation 514 'load' 'tile_in_15_load_4' <Predicate = (trunc_ln63 == 0 & trunc_ln64 == 1)> <Delay = 3.25> <CoreInst = "RAM_T2P_BRAM">   --->   Core 93 'RAM_T2P_BRAM' <Latency = 1> <II = 1> <Delay = 3.25> <Storage> <Opcode : 'load' 'store'> <Ports = 2> <Width = 8> <Depth = 16> <RAM>
ST_10 : Operation 515 [2/2] (3.25ns)   --->   "%tile_in_18_load_4 = load i4 %tile_in_18_addr_5" [cnn_accel.cpp:63]   --->   Operation 515 'load' 'tile_in_18_load_4' <Predicate = (trunc_ln64 == 2 & trunc_ln63 == 1)> <Delay = 3.25> <CoreInst = "RAM_T2P_BRAM">   --->   Core 93 'RAM_T2P_BRAM' <Latency = 1> <II = 1> <Delay = 3.25> <Storage> <Opcode : 'load' 'store'> <Ports = 2> <Width = 8> <Depth = 16> <RAM>
ST_10 : Operation 516 [2/2] (3.25ns)   --->   "%tile_in_21_load_4 = load i4 %tile_in_21_addr_5" [cnn_accel.cpp:63]   --->   Operation 516 'load' 'tile_in_21_load_4' <Predicate = (trunc_ln64 == 0 & trunc_ln63 == 1)> <Delay = 3.25> <CoreInst = "RAM_T2P_BRAM">   --->   Core 93 'RAM_T2P_BRAM' <Latency = 1> <II = 1> <Delay = 3.25> <Storage> <Opcode : 'load' 'store'> <Ports = 2> <Width = 8> <Depth = 16> <RAM>
ST_10 : Operation 517 [2/2] (3.25ns)   --->   "%tile_in_24_load_4 = load i4 %tile_in_24_addr_5" [cnn_accel.cpp:63]   --->   Operation 517 'load' 'tile_in_24_load_4' <Predicate = (trunc_ln64 == 1 & trunc_ln63 == 1)> <Delay = 3.25> <CoreInst = "RAM_T2P_BRAM">   --->   Core 93 'RAM_T2P_BRAM' <Latency = 1> <II = 1> <Delay = 3.25> <Storage> <Opcode : 'load' 'store'> <Ports = 2> <Width = 8> <Depth = 16> <RAM>
ST_10 : Operation 518 [2/2] (3.25ns)   --->   "%tile_in_1_load_4 = load i4 %tile_in_1_addr_5" [cnn_accel.cpp:63]   --->   Operation 518 'load' 'tile_in_1_load_4' <Predicate = (trunc_ln64 == 2 & trunc_ln63 == 2)> <Delay = 3.25> <CoreInst = "RAM_T2P_BRAM">   --->   Core 93 'RAM_T2P_BRAM' <Latency = 1> <II = 1> <Delay = 3.25> <Storage> <Opcode : 'load' 'store'> <Ports = 2> <Width = 8> <Depth = 16> <RAM>
ST_10 : Operation 519 [2/2] (3.25ns)   --->   "%tile_in_4_load_4 = load i4 %tile_in_4_addr_5" [cnn_accel.cpp:63]   --->   Operation 519 'load' 'tile_in_4_load_4' <Predicate = (trunc_ln64 == 0 & trunc_ln63 == 2)> <Delay = 3.25> <CoreInst = "RAM_T2P_BRAM">   --->   Core 93 'RAM_T2P_BRAM' <Latency = 1> <II = 1> <Delay = 3.25> <Storage> <Opcode : 'load' 'store'> <Ports = 2> <Width = 8> <Depth = 16> <RAM>
ST_10 : Operation 520 [2/2] (3.25ns)   --->   "%tile_in_7_load_4 = load i4 %tile_in_7_addr_5" [cnn_accel.cpp:63]   --->   Operation 520 'load' 'tile_in_7_load_4' <Predicate = (trunc_ln64 == 1 & trunc_ln63 == 2)> <Delay = 3.25> <CoreInst = "RAM_T2P_BRAM">   --->   Core 93 'RAM_T2P_BRAM' <Latency = 1> <II = 1> <Delay = 3.25> <Storage> <Opcode : 'load' 'store'> <Ports = 2> <Width = 8> <Depth = 16> <RAM>
ST_10 : Operation 521 [2/2] (3.25ns)   --->   "%tile_in_10_load_4 = load i4 %tile_in_10_addr_5" [cnn_accel.cpp:63]   --->   Operation 521 'load' 'tile_in_10_load_4' <Predicate = (trunc_ln63 == 0 & trunc_ln64 == 2)> <Delay = 3.25> <CoreInst = "RAM_T2P_BRAM">   --->   Core 93 'RAM_T2P_BRAM' <Latency = 1> <II = 1> <Delay = 3.25> <Storage> <Opcode : 'load' 'store'> <Ports = 2> <Width = 8> <Depth = 16> <RAM>
ST_10 : Operation 522 [2/2] (3.25ns)   --->   "%tile_in_13_load_4 = load i4 %tile_in_13_addr_5" [cnn_accel.cpp:63]   --->   Operation 522 'load' 'tile_in_13_load_4' <Predicate = (trunc_ln63 == 0 & trunc_ln64 == 0)> <Delay = 3.25> <CoreInst = "RAM_T2P_BRAM">   --->   Core 93 'RAM_T2P_BRAM' <Latency = 1> <II = 1> <Delay = 3.25> <Storage> <Opcode : 'load' 'store'> <Ports = 2> <Width = 8> <Depth = 16> <RAM>
ST_10 : Operation 523 [2/2] (3.25ns)   --->   "%tile_in_16_load_4 = load i4 %tile_in_16_addr_5" [cnn_accel.cpp:63]   --->   Operation 523 'load' 'tile_in_16_load_4' <Predicate = (trunc_ln63 == 0 & trunc_ln64 == 1)> <Delay = 3.25> <CoreInst = "RAM_T2P_BRAM">   --->   Core 93 'RAM_T2P_BRAM' <Latency = 1> <II = 1> <Delay = 3.25> <Storage> <Opcode : 'load' 'store'> <Ports = 2> <Width = 8> <Depth = 16> <RAM>
ST_10 : Operation 524 [2/2] (3.25ns)   --->   "%tile_in_19_load_4 = load i4 %tile_in_19_addr_5" [cnn_accel.cpp:63]   --->   Operation 524 'load' 'tile_in_19_load_4' <Predicate = (trunc_ln64 == 2 & trunc_ln63 == 1)> <Delay = 3.25> <CoreInst = "RAM_T2P_BRAM">   --->   Core 93 'RAM_T2P_BRAM' <Latency = 1> <II = 1> <Delay = 3.25> <Storage> <Opcode : 'load' 'store'> <Ports = 2> <Width = 8> <Depth = 16> <RAM>
ST_10 : Operation 525 [2/2] (3.25ns)   --->   "%tile_in_22_load_4 = load i4 %tile_in_22_addr_5" [cnn_accel.cpp:63]   --->   Operation 525 'load' 'tile_in_22_load_4' <Predicate = (trunc_ln64 == 0 & trunc_ln63 == 1)> <Delay = 3.25> <CoreInst = "RAM_T2P_BRAM">   --->   Core 93 'RAM_T2P_BRAM' <Latency = 1> <II = 1> <Delay = 3.25> <Storage> <Opcode : 'load' 'store'> <Ports = 2> <Width = 8> <Depth = 16> <RAM>
ST_10 : Operation 526 [2/2] (3.25ns)   --->   "%tile_in_25_load_4 = load i4 %tile_in_25_addr_5" [cnn_accel.cpp:63]   --->   Operation 526 'load' 'tile_in_25_load_4' <Predicate = (trunc_ln64 == 1 & trunc_ln63 == 1)> <Delay = 3.25> <CoreInst = "RAM_T2P_BRAM">   --->   Core 93 'RAM_T2P_BRAM' <Latency = 1> <II = 1> <Delay = 3.25> <Storage> <Opcode : 'load' 'store'> <Ports = 2> <Width = 8> <Depth = 16> <RAM>
ST_10 : Operation 527 [2/2] (3.25ns)   --->   "%tile_in_2_load_4 = load i4 %tile_in_2_addr_5" [cnn_accel.cpp:63]   --->   Operation 527 'load' 'tile_in_2_load_4' <Predicate = (trunc_ln64 == 2 & trunc_ln63 == 2)> <Delay = 3.25> <CoreInst = "RAM_T2P_BRAM">   --->   Core 93 'RAM_T2P_BRAM' <Latency = 1> <II = 1> <Delay = 3.25> <Storage> <Opcode : 'load' 'store'> <Ports = 2> <Width = 8> <Depth = 16> <RAM>
ST_10 : Operation 528 [2/2] (3.25ns)   --->   "%tile_in_5_load_4 = load i4 %tile_in_5_addr_5" [cnn_accel.cpp:63]   --->   Operation 528 'load' 'tile_in_5_load_4' <Predicate = (trunc_ln64 == 0 & trunc_ln63 == 2)> <Delay = 3.25> <CoreInst = "RAM_T2P_BRAM">   --->   Core 93 'RAM_T2P_BRAM' <Latency = 1> <II = 1> <Delay = 3.25> <Storage> <Opcode : 'load' 'store'> <Ports = 2> <Width = 8> <Depth = 16> <RAM>
ST_10 : Operation 529 [2/2] (3.25ns)   --->   "%tile_in_8_load_4 = load i4 %tile_in_8_addr_5" [cnn_accel.cpp:63]   --->   Operation 529 'load' 'tile_in_8_load_4' <Predicate = (trunc_ln64 == 1 & trunc_ln63 == 2)> <Delay = 3.25> <CoreInst = "RAM_T2P_BRAM">   --->   Core 93 'RAM_T2P_BRAM' <Latency = 1> <II = 1> <Delay = 3.25> <Storage> <Opcode : 'load' 'store'> <Ports = 2> <Width = 8> <Depth = 16> <RAM>
ST_10 : Operation 530 [2/2] (3.25ns)   --->   "%tile_in_11_load_4 = load i4 %tile_in_11_addr_5" [cnn_accel.cpp:63]   --->   Operation 530 'load' 'tile_in_11_load_4' <Predicate = (trunc_ln63 == 0 & trunc_ln64 == 2)> <Delay = 3.25> <CoreInst = "RAM_T2P_BRAM">   --->   Core 93 'RAM_T2P_BRAM' <Latency = 1> <II = 1> <Delay = 3.25> <Storage> <Opcode : 'load' 'store'> <Ports = 2> <Width = 8> <Depth = 16> <RAM>
ST_10 : Operation 531 [2/2] (3.25ns)   --->   "%tile_in_14_load_4 = load i4 %tile_in_14_addr_5" [cnn_accel.cpp:63]   --->   Operation 531 'load' 'tile_in_14_load_4' <Predicate = (trunc_ln63 == 0 & trunc_ln64 == 0)> <Delay = 3.25> <CoreInst = "RAM_T2P_BRAM">   --->   Core 93 'RAM_T2P_BRAM' <Latency = 1> <II = 1> <Delay = 3.25> <Storage> <Opcode : 'load' 'store'> <Ports = 2> <Width = 8> <Depth = 16> <RAM>
ST_10 : Operation 532 [2/2] (3.25ns)   --->   "%tile_in_17_load_4 = load i4 %tile_in_17_addr_5" [cnn_accel.cpp:63]   --->   Operation 532 'load' 'tile_in_17_load_4' <Predicate = (trunc_ln63 == 0 & trunc_ln64 == 1)> <Delay = 3.25> <CoreInst = "RAM_T2P_BRAM">   --->   Core 93 'RAM_T2P_BRAM' <Latency = 1> <II = 1> <Delay = 3.25> <Storage> <Opcode : 'load' 'store'> <Ports = 2> <Width = 8> <Depth = 16> <RAM>
ST_10 : Operation 533 [2/2] (3.25ns)   --->   "%tile_in_20_load_4 = load i4 %tile_in_20_addr_5" [cnn_accel.cpp:63]   --->   Operation 533 'load' 'tile_in_20_load_4' <Predicate = (trunc_ln64 == 2 & trunc_ln63 == 1)> <Delay = 3.25> <CoreInst = "RAM_T2P_BRAM">   --->   Core 93 'RAM_T2P_BRAM' <Latency = 1> <II = 1> <Delay = 3.25> <Storage> <Opcode : 'load' 'store'> <Ports = 2> <Width = 8> <Depth = 16> <RAM>
ST_10 : Operation 534 [2/2] (3.25ns)   --->   "%tile_in_23_load_4 = load i4 %tile_in_23_addr_5" [cnn_accel.cpp:63]   --->   Operation 534 'load' 'tile_in_23_load_4' <Predicate = (trunc_ln64 == 0 & trunc_ln63 == 1)> <Delay = 3.25> <CoreInst = "RAM_T2P_BRAM">   --->   Core 93 'RAM_T2P_BRAM' <Latency = 1> <II = 1> <Delay = 3.25> <Storage> <Opcode : 'load' 'store'> <Ports = 2> <Width = 8> <Depth = 16> <RAM>
ST_10 : Operation 535 [2/2] (3.25ns)   --->   "%tile_in_26_load_4 = load i4 %tile_in_26_addr_5" [cnn_accel.cpp:63]   --->   Operation 535 'load' 'tile_in_26_load_4' <Predicate = (trunc_ln64 == 1 & trunc_ln63 == 1)> <Delay = 3.25> <CoreInst = "RAM_T2P_BRAM">   --->   Core 93 'RAM_T2P_BRAM' <Latency = 1> <II = 1> <Delay = 3.25> <Storage> <Opcode : 'load' 'store'> <Ports = 2> <Width = 8> <Depth = 16> <RAM>
ST_10 : Operation 536 [2/2] (3.25ns)   --->   "%tile_in_load_5 = load i4 %tile_in_addr_7" [cnn_accel.cpp:63]   --->   Operation 536 'load' 'tile_in_load_5' <Predicate = (trunc_ln64 == 1 & trunc_ln63 == 2)> <Delay = 3.25> <CoreInst = "RAM_T2P_BRAM">   --->   Core 93 'RAM_T2P_BRAM' <Latency = 1> <II = 1> <Delay = 3.25> <Storage> <Opcode : 'load' 'store'> <Ports = 2> <Width = 8> <Depth = 16> <RAM>
ST_10 : Operation 537 [2/2] (3.25ns)   --->   "%tile_in_3_load_5 = load i4 %tile_in_3_addr_7" [cnn_accel.cpp:63]   --->   Operation 537 'load' 'tile_in_3_load_5' <Predicate = (trunc_ln64 == 2 & trunc_ln63 == 2)> <Delay = 3.25> <CoreInst = "RAM_T2P_BRAM">   --->   Core 93 'RAM_T2P_BRAM' <Latency = 1> <II = 1> <Delay = 3.25> <Storage> <Opcode : 'load' 'store'> <Ports = 2> <Width = 8> <Depth = 16> <RAM>
ST_10 : Operation 538 [2/2] (3.25ns)   --->   "%tile_in_6_load_5 = load i4 %tile_in_6_addr_7" [cnn_accel.cpp:63]   --->   Operation 538 'load' 'tile_in_6_load_5' <Predicate = (trunc_ln64 == 0 & trunc_ln63 == 2)> <Delay = 3.25> <CoreInst = "RAM_T2P_BRAM">   --->   Core 93 'RAM_T2P_BRAM' <Latency = 1> <II = 1> <Delay = 3.25> <Storage> <Opcode : 'load' 'store'> <Ports = 2> <Width = 8> <Depth = 16> <RAM>
ST_10 : Operation 539 [2/2] (3.25ns)   --->   "%tile_in_9_load_5 = load i4 %tile_in_9_addr_7" [cnn_accel.cpp:63]   --->   Operation 539 'load' 'tile_in_9_load_5' <Predicate = (trunc_ln63 == 0 & trunc_ln64 == 1)> <Delay = 3.25> <CoreInst = "RAM_T2P_BRAM">   --->   Core 93 'RAM_T2P_BRAM' <Latency = 1> <II = 1> <Delay = 3.25> <Storage> <Opcode : 'load' 'store'> <Ports = 2> <Width = 8> <Depth = 16> <RAM>
ST_10 : Operation 540 [2/2] (3.25ns)   --->   "%tile_in_12_load_5 = load i4 %tile_in_12_addr_7" [cnn_accel.cpp:63]   --->   Operation 540 'load' 'tile_in_12_load_5' <Predicate = (trunc_ln63 == 0 & trunc_ln64 == 2)> <Delay = 3.25> <CoreInst = "RAM_T2P_BRAM">   --->   Core 93 'RAM_T2P_BRAM' <Latency = 1> <II = 1> <Delay = 3.25> <Storage> <Opcode : 'load' 'store'> <Ports = 2> <Width = 8> <Depth = 16> <RAM>
ST_10 : Operation 541 [2/2] (3.25ns)   --->   "%tile_in_15_load_5 = load i4 %tile_in_15_addr_7" [cnn_accel.cpp:63]   --->   Operation 541 'load' 'tile_in_15_load_5' <Predicate = (trunc_ln63 == 0 & trunc_ln64 == 0)> <Delay = 3.25> <CoreInst = "RAM_T2P_BRAM">   --->   Core 93 'RAM_T2P_BRAM' <Latency = 1> <II = 1> <Delay = 3.25> <Storage> <Opcode : 'load' 'store'> <Ports = 2> <Width = 8> <Depth = 16> <RAM>
ST_10 : Operation 542 [2/2] (3.25ns)   --->   "%tile_in_18_load_5 = load i4 %tile_in_18_addr_7" [cnn_accel.cpp:63]   --->   Operation 542 'load' 'tile_in_18_load_5' <Predicate = (trunc_ln64 == 1 & trunc_ln63 == 1)> <Delay = 3.25> <CoreInst = "RAM_T2P_BRAM">   --->   Core 93 'RAM_T2P_BRAM' <Latency = 1> <II = 1> <Delay = 3.25> <Storage> <Opcode : 'load' 'store'> <Ports = 2> <Width = 8> <Depth = 16> <RAM>
ST_10 : Operation 543 [2/2] (3.25ns)   --->   "%tile_in_21_load_5 = load i4 %tile_in_21_addr_7" [cnn_accel.cpp:63]   --->   Operation 543 'load' 'tile_in_21_load_5' <Predicate = (trunc_ln64 == 2 & trunc_ln63 == 1)> <Delay = 3.25> <CoreInst = "RAM_T2P_BRAM">   --->   Core 93 'RAM_T2P_BRAM' <Latency = 1> <II = 1> <Delay = 3.25> <Storage> <Opcode : 'load' 'store'> <Ports = 2> <Width = 8> <Depth = 16> <RAM>
ST_10 : Operation 544 [2/2] (3.25ns)   --->   "%tile_in_24_load_5 = load i4 %tile_in_24_addr_7" [cnn_accel.cpp:63]   --->   Operation 544 'load' 'tile_in_24_load_5' <Predicate = (trunc_ln64 == 0 & trunc_ln63 == 1)> <Delay = 3.25> <CoreInst = "RAM_T2P_BRAM">   --->   Core 93 'RAM_T2P_BRAM' <Latency = 1> <II = 1> <Delay = 3.25> <Storage> <Opcode : 'load' 'store'> <Ports = 2> <Width = 8> <Depth = 16> <RAM>
ST_10 : Operation 545 [2/2] (3.25ns)   --->   "%tile_in_1_load_5 = load i4 %tile_in_1_addr_7" [cnn_accel.cpp:63]   --->   Operation 545 'load' 'tile_in_1_load_5' <Predicate = (trunc_ln64 == 1 & trunc_ln63 == 2)> <Delay = 3.25> <CoreInst = "RAM_T2P_BRAM">   --->   Core 93 'RAM_T2P_BRAM' <Latency = 1> <II = 1> <Delay = 3.25> <Storage> <Opcode : 'load' 'store'> <Ports = 2> <Width = 8> <Depth = 16> <RAM>
ST_10 : Operation 546 [2/2] (3.25ns)   --->   "%tile_in_4_load_5 = load i4 %tile_in_4_addr_7" [cnn_accel.cpp:63]   --->   Operation 546 'load' 'tile_in_4_load_5' <Predicate = (trunc_ln64 == 2 & trunc_ln63 == 2)> <Delay = 3.25> <CoreInst = "RAM_T2P_BRAM">   --->   Core 93 'RAM_T2P_BRAM' <Latency = 1> <II = 1> <Delay = 3.25> <Storage> <Opcode : 'load' 'store'> <Ports = 2> <Width = 8> <Depth = 16> <RAM>
ST_10 : Operation 547 [2/2] (3.25ns)   --->   "%tile_in_7_load_5 = load i4 %tile_in_7_addr_7" [cnn_accel.cpp:63]   --->   Operation 547 'load' 'tile_in_7_load_5' <Predicate = (trunc_ln64 == 0 & trunc_ln63 == 2)> <Delay = 3.25> <CoreInst = "RAM_T2P_BRAM">   --->   Core 93 'RAM_T2P_BRAM' <Latency = 1> <II = 1> <Delay = 3.25> <Storage> <Opcode : 'load' 'store'> <Ports = 2> <Width = 8> <Depth = 16> <RAM>
ST_10 : Operation 548 [2/2] (3.25ns)   --->   "%tile_in_10_load_5 = load i4 %tile_in_10_addr_7" [cnn_accel.cpp:63]   --->   Operation 548 'load' 'tile_in_10_load_5' <Predicate = (trunc_ln63 == 0 & trunc_ln64 == 1)> <Delay = 3.25> <CoreInst = "RAM_T2P_BRAM">   --->   Core 93 'RAM_T2P_BRAM' <Latency = 1> <II = 1> <Delay = 3.25> <Storage> <Opcode : 'load' 'store'> <Ports = 2> <Width = 8> <Depth = 16> <RAM>
ST_10 : Operation 549 [2/2] (3.25ns)   --->   "%tile_in_13_load_5 = load i4 %tile_in_13_addr_7" [cnn_accel.cpp:63]   --->   Operation 549 'load' 'tile_in_13_load_5' <Predicate = (trunc_ln63 == 0 & trunc_ln64 == 2)> <Delay = 3.25> <CoreInst = "RAM_T2P_BRAM">   --->   Core 93 'RAM_T2P_BRAM' <Latency = 1> <II = 1> <Delay = 3.25> <Storage> <Opcode : 'load' 'store'> <Ports = 2> <Width = 8> <Depth = 16> <RAM>
ST_10 : Operation 550 [2/2] (3.25ns)   --->   "%tile_in_16_load_5 = load i4 %tile_in_16_addr_7" [cnn_accel.cpp:63]   --->   Operation 550 'load' 'tile_in_16_load_5' <Predicate = (trunc_ln63 == 0 & trunc_ln64 == 0)> <Delay = 3.25> <CoreInst = "RAM_T2P_BRAM">   --->   Core 93 'RAM_T2P_BRAM' <Latency = 1> <II = 1> <Delay = 3.25> <Storage> <Opcode : 'load' 'store'> <Ports = 2> <Width = 8> <Depth = 16> <RAM>
ST_10 : Operation 551 [2/2] (3.25ns)   --->   "%tile_in_19_load_5 = load i4 %tile_in_19_addr_7" [cnn_accel.cpp:63]   --->   Operation 551 'load' 'tile_in_19_load_5' <Predicate = (trunc_ln64 == 1 & trunc_ln63 == 1)> <Delay = 3.25> <CoreInst = "RAM_T2P_BRAM">   --->   Core 93 'RAM_T2P_BRAM' <Latency = 1> <II = 1> <Delay = 3.25> <Storage> <Opcode : 'load' 'store'> <Ports = 2> <Width = 8> <Depth = 16> <RAM>
ST_10 : Operation 552 [2/2] (3.25ns)   --->   "%tile_in_22_load_5 = load i4 %tile_in_22_addr_7" [cnn_accel.cpp:63]   --->   Operation 552 'load' 'tile_in_22_load_5' <Predicate = (trunc_ln64 == 2 & trunc_ln63 == 1)> <Delay = 3.25> <CoreInst = "RAM_T2P_BRAM">   --->   Core 93 'RAM_T2P_BRAM' <Latency = 1> <II = 1> <Delay = 3.25> <Storage> <Opcode : 'load' 'store'> <Ports = 2> <Width = 8> <Depth = 16> <RAM>
ST_10 : Operation 553 [2/2] (3.25ns)   --->   "%tile_in_25_load_5 = load i4 %tile_in_25_addr_7" [cnn_accel.cpp:63]   --->   Operation 553 'load' 'tile_in_25_load_5' <Predicate = (trunc_ln64 == 0 & trunc_ln63 == 1)> <Delay = 3.25> <CoreInst = "RAM_T2P_BRAM">   --->   Core 93 'RAM_T2P_BRAM' <Latency = 1> <II = 1> <Delay = 3.25> <Storage> <Opcode : 'load' 'store'> <Ports = 2> <Width = 8> <Depth = 16> <RAM>
ST_10 : Operation 554 [2/2] (3.25ns)   --->   "%tile_in_2_load_5 = load i4 %tile_in_2_addr_7" [cnn_accel.cpp:63]   --->   Operation 554 'load' 'tile_in_2_load_5' <Predicate = (trunc_ln64 == 1 & trunc_ln63 == 2)> <Delay = 3.25> <CoreInst = "RAM_T2P_BRAM">   --->   Core 93 'RAM_T2P_BRAM' <Latency = 1> <II = 1> <Delay = 3.25> <Storage> <Opcode : 'load' 'store'> <Ports = 2> <Width = 8> <Depth = 16> <RAM>
ST_10 : Operation 555 [2/2] (3.25ns)   --->   "%tile_in_5_load_5 = load i4 %tile_in_5_addr_7" [cnn_accel.cpp:63]   --->   Operation 555 'load' 'tile_in_5_load_5' <Predicate = (trunc_ln64 == 2 & trunc_ln63 == 2)> <Delay = 3.25> <CoreInst = "RAM_T2P_BRAM">   --->   Core 93 'RAM_T2P_BRAM' <Latency = 1> <II = 1> <Delay = 3.25> <Storage> <Opcode : 'load' 'store'> <Ports = 2> <Width = 8> <Depth = 16> <RAM>
ST_10 : Operation 556 [2/2] (3.25ns)   --->   "%tile_in_8_load_5 = load i4 %tile_in_8_addr_7" [cnn_accel.cpp:63]   --->   Operation 556 'load' 'tile_in_8_load_5' <Predicate = (trunc_ln64 == 0 & trunc_ln63 == 2)> <Delay = 3.25> <CoreInst = "RAM_T2P_BRAM">   --->   Core 93 'RAM_T2P_BRAM' <Latency = 1> <II = 1> <Delay = 3.25> <Storage> <Opcode : 'load' 'store'> <Ports = 2> <Width = 8> <Depth = 16> <RAM>
ST_10 : Operation 557 [2/2] (3.25ns)   --->   "%tile_in_11_load_5 = load i4 %tile_in_11_addr_7" [cnn_accel.cpp:63]   --->   Operation 557 'load' 'tile_in_11_load_5' <Predicate = (trunc_ln63 == 0 & trunc_ln64 == 1)> <Delay = 3.25> <CoreInst = "RAM_T2P_BRAM">   --->   Core 93 'RAM_T2P_BRAM' <Latency = 1> <II = 1> <Delay = 3.25> <Storage> <Opcode : 'load' 'store'> <Ports = 2> <Width = 8> <Depth = 16> <RAM>
ST_10 : Operation 558 [2/2] (3.25ns)   --->   "%tile_in_14_load_5 = load i4 %tile_in_14_addr_7" [cnn_accel.cpp:63]   --->   Operation 558 'load' 'tile_in_14_load_5' <Predicate = (trunc_ln63 == 0 & trunc_ln64 == 2)> <Delay = 3.25> <CoreInst = "RAM_T2P_BRAM">   --->   Core 93 'RAM_T2P_BRAM' <Latency = 1> <II = 1> <Delay = 3.25> <Storage> <Opcode : 'load' 'store'> <Ports = 2> <Width = 8> <Depth = 16> <RAM>
ST_10 : Operation 559 [2/2] (3.25ns)   --->   "%tile_in_17_load_5 = load i4 %tile_in_17_addr_7" [cnn_accel.cpp:63]   --->   Operation 559 'load' 'tile_in_17_load_5' <Predicate = (trunc_ln63 == 0 & trunc_ln64 == 0)> <Delay = 3.25> <CoreInst = "RAM_T2P_BRAM">   --->   Core 93 'RAM_T2P_BRAM' <Latency = 1> <II = 1> <Delay = 3.25> <Storage> <Opcode : 'load' 'store'> <Ports = 2> <Width = 8> <Depth = 16> <RAM>
ST_10 : Operation 560 [2/2] (3.25ns)   --->   "%tile_in_20_load_5 = load i4 %tile_in_20_addr_7" [cnn_accel.cpp:63]   --->   Operation 560 'load' 'tile_in_20_load_5' <Predicate = (trunc_ln64 == 1 & trunc_ln63 == 1)> <Delay = 3.25> <CoreInst = "RAM_T2P_BRAM">   --->   Core 93 'RAM_T2P_BRAM' <Latency = 1> <II = 1> <Delay = 3.25> <Storage> <Opcode : 'load' 'store'> <Ports = 2> <Width = 8> <Depth = 16> <RAM>
ST_10 : Operation 561 [2/2] (3.25ns)   --->   "%tile_in_23_load_5 = load i4 %tile_in_23_addr_7" [cnn_accel.cpp:63]   --->   Operation 561 'load' 'tile_in_23_load_5' <Predicate = (trunc_ln64 == 2 & trunc_ln63 == 1)> <Delay = 3.25> <CoreInst = "RAM_T2P_BRAM">   --->   Core 93 'RAM_T2P_BRAM' <Latency = 1> <II = 1> <Delay = 3.25> <Storage> <Opcode : 'load' 'store'> <Ports = 2> <Width = 8> <Depth = 16> <RAM>
ST_10 : Operation 562 [2/2] (3.25ns)   --->   "%tile_in_26_load_5 = load i4 %tile_in_26_addr_7" [cnn_accel.cpp:63]   --->   Operation 562 'load' 'tile_in_26_load_5' <Predicate = (trunc_ln64 == 0 & trunc_ln63 == 1)> <Delay = 3.25> <CoreInst = "RAM_T2P_BRAM">   --->   Core 93 'RAM_T2P_BRAM' <Latency = 1> <II = 1> <Delay = 3.25> <Storage> <Opcode : 'load' 'store'> <Ports = 2> <Width = 8> <Depth = 16> <RAM>
ST_10 : Operation 563 [2/2] (3.25ns)   --->   "%tile_in_load_6 = load i4 %tile_in_addr_2" [cnn_accel.cpp:64]   --->   Operation 563 'load' 'tile_in_load_6' <Predicate = (trunc_ln64 == 0 & trunc_ln63 == 1)> <Delay = 3.25> <CoreInst = "RAM_T2P_BRAM">   --->   Core 93 'RAM_T2P_BRAM' <Latency = 1> <II = 1> <Delay = 3.25> <Storage> <Opcode : 'load' 'store'> <Ports = 2> <Width = 8> <Depth = 16> <RAM>
ST_10 : Operation 564 [2/2] (3.25ns)   --->   "%tile_in_3_load_6 = load i4 %tile_in_3_addr_2" [cnn_accel.cpp:64]   --->   Operation 564 'load' 'tile_in_3_load_6' <Predicate = (trunc_ln64 == 1 & trunc_ln63 == 1)> <Delay = 3.25> <CoreInst = "RAM_T2P_BRAM">   --->   Core 93 'RAM_T2P_BRAM' <Latency = 1> <II = 1> <Delay = 3.25> <Storage> <Opcode : 'load' 'store'> <Ports = 2> <Width = 8> <Depth = 16> <RAM>
ST_10 : Operation 565 [2/2] (3.25ns)   --->   "%tile_in_6_load_6 = load i4 %tile_in_6_addr_2" [cnn_accel.cpp:64]   --->   Operation 565 'load' 'tile_in_6_load_6' <Predicate = (trunc_ln64 == 2 & trunc_ln63 == 1)> <Delay = 3.25> <CoreInst = "RAM_T2P_BRAM">   --->   Core 93 'RAM_T2P_BRAM' <Latency = 1> <II = 1> <Delay = 3.25> <Storage> <Opcode : 'load' 'store'> <Ports = 2> <Width = 8> <Depth = 16> <RAM>
ST_10 : Operation 566 [2/2] (3.25ns)   --->   "%tile_in_9_load_6 = load i4 %tile_in_9_addr_2" [cnn_accel.cpp:64]   --->   Operation 566 'load' 'tile_in_9_load_6' <Predicate = (trunc_ln64 == 0 & trunc_ln63 == 2)> <Delay = 3.25> <CoreInst = "RAM_T2P_BRAM">   --->   Core 93 'RAM_T2P_BRAM' <Latency = 1> <II = 1> <Delay = 3.25> <Storage> <Opcode : 'load' 'store'> <Ports = 2> <Width = 8> <Depth = 16> <RAM>
ST_10 : Operation 567 [2/2] (3.25ns)   --->   "%tile_in_12_load_6 = load i4 %tile_in_12_addr_2" [cnn_accel.cpp:64]   --->   Operation 567 'load' 'tile_in_12_load_6' <Predicate = (trunc_ln64 == 1 & trunc_ln63 == 2)> <Delay = 3.25> <CoreInst = "RAM_T2P_BRAM">   --->   Core 93 'RAM_T2P_BRAM' <Latency = 1> <II = 1> <Delay = 3.25> <Storage> <Opcode : 'load' 'store'> <Ports = 2> <Width = 8> <Depth = 16> <RAM>
ST_10 : Operation 568 [2/2] (3.25ns)   --->   "%tile_in_15_load_6 = load i4 %tile_in_15_addr_2" [cnn_accel.cpp:64]   --->   Operation 568 'load' 'tile_in_15_load_6' <Predicate = (trunc_ln64 == 2 & trunc_ln63 == 2)> <Delay = 3.25> <CoreInst = "RAM_T2P_BRAM">   --->   Core 93 'RAM_T2P_BRAM' <Latency = 1> <II = 1> <Delay = 3.25> <Storage> <Opcode : 'load' 'store'> <Ports = 2> <Width = 8> <Depth = 16> <RAM>
ST_10 : Operation 569 [2/2] (3.25ns)   --->   "%tile_in_18_load_6 = load i4 %tile_in_18_addr_2" [cnn_accel.cpp:64]   --->   Operation 569 'load' 'tile_in_18_load_6' <Predicate = (trunc_ln63 == 0 & trunc_ln64 == 0)> <Delay = 3.25> <CoreInst = "RAM_T2P_BRAM">   --->   Core 93 'RAM_T2P_BRAM' <Latency = 1> <II = 1> <Delay = 3.25> <Storage> <Opcode : 'load' 'store'> <Ports = 2> <Width = 8> <Depth = 16> <RAM>
ST_10 : Operation 570 [2/2] (3.25ns)   --->   "%tile_in_21_load_6 = load i4 %tile_in_21_addr_2" [cnn_accel.cpp:64]   --->   Operation 570 'load' 'tile_in_21_load_6' <Predicate = (trunc_ln63 == 0 & trunc_ln64 == 1)> <Delay = 3.25> <CoreInst = "RAM_T2P_BRAM">   --->   Core 93 'RAM_T2P_BRAM' <Latency = 1> <II = 1> <Delay = 3.25> <Storage> <Opcode : 'load' 'store'> <Ports = 2> <Width = 8> <Depth = 16> <RAM>
ST_10 : Operation 571 [2/2] (3.25ns)   --->   "%tile_in_24_load_6 = load i4 %tile_in_24_addr_2" [cnn_accel.cpp:64]   --->   Operation 571 'load' 'tile_in_24_load_6' <Predicate = (trunc_ln63 == 0 & trunc_ln64 == 2)> <Delay = 3.25> <CoreInst = "RAM_T2P_BRAM">   --->   Core 93 'RAM_T2P_BRAM' <Latency = 1> <II = 1> <Delay = 3.25> <Storage> <Opcode : 'load' 'store'> <Ports = 2> <Width = 8> <Depth = 16> <RAM>
ST_10 : Operation 572 [2/2] (3.25ns)   --->   "%tile_in_1_load_6 = load i4 %tile_in_1_addr_2" [cnn_accel.cpp:64]   --->   Operation 572 'load' 'tile_in_1_load_6' <Predicate = (trunc_ln64 == 0 & trunc_ln63 == 1)> <Delay = 3.25> <CoreInst = "RAM_T2P_BRAM">   --->   Core 93 'RAM_T2P_BRAM' <Latency = 1> <II = 1> <Delay = 3.25> <Storage> <Opcode : 'load' 'store'> <Ports = 2> <Width = 8> <Depth = 16> <RAM>
ST_10 : Operation 573 [2/2] (3.25ns)   --->   "%tile_in_4_load_6 = load i4 %tile_in_4_addr_2" [cnn_accel.cpp:64]   --->   Operation 573 'load' 'tile_in_4_load_6' <Predicate = (trunc_ln64 == 1 & trunc_ln63 == 1)> <Delay = 3.25> <CoreInst = "RAM_T2P_BRAM">   --->   Core 93 'RAM_T2P_BRAM' <Latency = 1> <II = 1> <Delay = 3.25> <Storage> <Opcode : 'load' 'store'> <Ports = 2> <Width = 8> <Depth = 16> <RAM>
ST_10 : Operation 574 [2/2] (3.25ns)   --->   "%tile_in_7_load_6 = load i4 %tile_in_7_addr_2" [cnn_accel.cpp:64]   --->   Operation 574 'load' 'tile_in_7_load_6' <Predicate = (trunc_ln64 == 2 & trunc_ln63 == 1)> <Delay = 3.25> <CoreInst = "RAM_T2P_BRAM">   --->   Core 93 'RAM_T2P_BRAM' <Latency = 1> <II = 1> <Delay = 3.25> <Storage> <Opcode : 'load' 'store'> <Ports = 2> <Width = 8> <Depth = 16> <RAM>
ST_10 : Operation 575 [2/2] (3.25ns)   --->   "%tile_in_10_load_6 = load i4 %tile_in_10_addr_2" [cnn_accel.cpp:64]   --->   Operation 575 'load' 'tile_in_10_load_6' <Predicate = (trunc_ln64 == 0 & trunc_ln63 == 2)> <Delay = 3.25> <CoreInst = "RAM_T2P_BRAM">   --->   Core 93 'RAM_T2P_BRAM' <Latency = 1> <II = 1> <Delay = 3.25> <Storage> <Opcode : 'load' 'store'> <Ports = 2> <Width = 8> <Depth = 16> <RAM>
ST_10 : Operation 576 [2/2] (3.25ns)   --->   "%tile_in_13_load_6 = load i4 %tile_in_13_addr_2" [cnn_accel.cpp:64]   --->   Operation 576 'load' 'tile_in_13_load_6' <Predicate = (trunc_ln64 == 1 & trunc_ln63 == 2)> <Delay = 3.25> <CoreInst = "RAM_T2P_BRAM">   --->   Core 93 'RAM_T2P_BRAM' <Latency = 1> <II = 1> <Delay = 3.25> <Storage> <Opcode : 'load' 'store'> <Ports = 2> <Width = 8> <Depth = 16> <RAM>
ST_10 : Operation 577 [2/2] (3.25ns)   --->   "%tile_in_16_load_6 = load i4 %tile_in_16_addr_2" [cnn_accel.cpp:64]   --->   Operation 577 'load' 'tile_in_16_load_6' <Predicate = (trunc_ln64 == 2 & trunc_ln63 == 2)> <Delay = 3.25> <CoreInst = "RAM_T2P_BRAM">   --->   Core 93 'RAM_T2P_BRAM' <Latency = 1> <II = 1> <Delay = 3.25> <Storage> <Opcode : 'load' 'store'> <Ports = 2> <Width = 8> <Depth = 16> <RAM>
ST_10 : Operation 578 [2/2] (3.25ns)   --->   "%tile_in_19_load_6 = load i4 %tile_in_19_addr_2" [cnn_accel.cpp:64]   --->   Operation 578 'load' 'tile_in_19_load_6' <Predicate = (trunc_ln63 == 0 & trunc_ln64 == 0)> <Delay = 3.25> <CoreInst = "RAM_T2P_BRAM">   --->   Core 93 'RAM_T2P_BRAM' <Latency = 1> <II = 1> <Delay = 3.25> <Storage> <Opcode : 'load' 'store'> <Ports = 2> <Width = 8> <Depth = 16> <RAM>
ST_10 : Operation 579 [2/2] (3.25ns)   --->   "%tile_in_22_load_6 = load i4 %tile_in_22_addr_2" [cnn_accel.cpp:64]   --->   Operation 579 'load' 'tile_in_22_load_6' <Predicate = (trunc_ln63 == 0 & trunc_ln64 == 1)> <Delay = 3.25> <CoreInst = "RAM_T2P_BRAM">   --->   Core 93 'RAM_T2P_BRAM' <Latency = 1> <II = 1> <Delay = 3.25> <Storage> <Opcode : 'load' 'store'> <Ports = 2> <Width = 8> <Depth = 16> <RAM>
ST_10 : Operation 580 [2/2] (3.25ns)   --->   "%tile_in_25_load_6 = load i4 %tile_in_25_addr_2" [cnn_accel.cpp:64]   --->   Operation 580 'load' 'tile_in_25_load_6' <Predicate = (trunc_ln63 == 0 & trunc_ln64 == 2)> <Delay = 3.25> <CoreInst = "RAM_T2P_BRAM">   --->   Core 93 'RAM_T2P_BRAM' <Latency = 1> <II = 1> <Delay = 3.25> <Storage> <Opcode : 'load' 'store'> <Ports = 2> <Width = 8> <Depth = 16> <RAM>
ST_10 : Operation 581 [2/2] (3.25ns)   --->   "%tile_in_2_load_6 = load i4 %tile_in_2_addr_2" [cnn_accel.cpp:64]   --->   Operation 581 'load' 'tile_in_2_load_6' <Predicate = (trunc_ln64 == 0 & trunc_ln63 == 1)> <Delay = 3.25> <CoreInst = "RAM_T2P_BRAM">   --->   Core 93 'RAM_T2P_BRAM' <Latency = 1> <II = 1> <Delay = 3.25> <Storage> <Opcode : 'load' 'store'> <Ports = 2> <Width = 8> <Depth = 16> <RAM>
ST_10 : Operation 582 [2/2] (3.25ns)   --->   "%tile_in_5_load_6 = load i4 %tile_in_5_addr_2" [cnn_accel.cpp:64]   --->   Operation 582 'load' 'tile_in_5_load_6' <Predicate = (trunc_ln64 == 1 & trunc_ln63 == 1)> <Delay = 3.25> <CoreInst = "RAM_T2P_BRAM">   --->   Core 93 'RAM_T2P_BRAM' <Latency = 1> <II = 1> <Delay = 3.25> <Storage> <Opcode : 'load' 'store'> <Ports = 2> <Width = 8> <Depth = 16> <RAM>
ST_10 : Operation 583 [2/2] (3.25ns)   --->   "%tile_in_8_load_6 = load i4 %tile_in_8_addr_2" [cnn_accel.cpp:64]   --->   Operation 583 'load' 'tile_in_8_load_6' <Predicate = (trunc_ln64 == 2 & trunc_ln63 == 1)> <Delay = 3.25> <CoreInst = "RAM_T2P_BRAM">   --->   Core 93 'RAM_T2P_BRAM' <Latency = 1> <II = 1> <Delay = 3.25> <Storage> <Opcode : 'load' 'store'> <Ports = 2> <Width = 8> <Depth = 16> <RAM>
ST_10 : Operation 584 [2/2] (3.25ns)   --->   "%tile_in_11_load_6 = load i4 %tile_in_11_addr_2" [cnn_accel.cpp:64]   --->   Operation 584 'load' 'tile_in_11_load_6' <Predicate = (trunc_ln64 == 0 & trunc_ln63 == 2)> <Delay = 3.25> <CoreInst = "RAM_T2P_BRAM">   --->   Core 93 'RAM_T2P_BRAM' <Latency = 1> <II = 1> <Delay = 3.25> <Storage> <Opcode : 'load' 'store'> <Ports = 2> <Width = 8> <Depth = 16> <RAM>
ST_10 : Operation 585 [2/2] (3.25ns)   --->   "%tile_in_14_load_6 = load i4 %tile_in_14_addr_2" [cnn_accel.cpp:64]   --->   Operation 585 'load' 'tile_in_14_load_6' <Predicate = (trunc_ln64 == 1 & trunc_ln63 == 2)> <Delay = 3.25> <CoreInst = "RAM_T2P_BRAM">   --->   Core 93 'RAM_T2P_BRAM' <Latency = 1> <II = 1> <Delay = 3.25> <Storage> <Opcode : 'load' 'store'> <Ports = 2> <Width = 8> <Depth = 16> <RAM>
ST_10 : Operation 586 [2/2] (3.25ns)   --->   "%tile_in_17_load_6 = load i4 %tile_in_17_addr_2" [cnn_accel.cpp:64]   --->   Operation 586 'load' 'tile_in_17_load_6' <Predicate = (trunc_ln64 == 2 & trunc_ln63 == 2)> <Delay = 3.25> <CoreInst = "RAM_T2P_BRAM">   --->   Core 93 'RAM_T2P_BRAM' <Latency = 1> <II = 1> <Delay = 3.25> <Storage> <Opcode : 'load' 'store'> <Ports = 2> <Width = 8> <Depth = 16> <RAM>
ST_10 : Operation 587 [2/2] (3.25ns)   --->   "%tile_in_20_load_6 = load i4 %tile_in_20_addr_2" [cnn_accel.cpp:64]   --->   Operation 587 'load' 'tile_in_20_load_6' <Predicate = (trunc_ln63 == 0 & trunc_ln64 == 0)> <Delay = 3.25> <CoreInst = "RAM_T2P_BRAM">   --->   Core 93 'RAM_T2P_BRAM' <Latency = 1> <II = 1> <Delay = 3.25> <Storage> <Opcode : 'load' 'store'> <Ports = 2> <Width = 8> <Depth = 16> <RAM>
ST_10 : Operation 588 [2/2] (3.25ns)   --->   "%tile_in_23_load_6 = load i4 %tile_in_23_addr_2" [cnn_accel.cpp:64]   --->   Operation 588 'load' 'tile_in_23_load_6' <Predicate = (trunc_ln63 == 0 & trunc_ln64 == 1)> <Delay = 3.25> <CoreInst = "RAM_T2P_BRAM">   --->   Core 93 'RAM_T2P_BRAM' <Latency = 1> <II = 1> <Delay = 3.25> <Storage> <Opcode : 'load' 'store'> <Ports = 2> <Width = 8> <Depth = 16> <RAM>
ST_10 : Operation 589 [2/2] (3.25ns)   --->   "%tile_in_26_load_6 = load i4 %tile_in_26_addr_2" [cnn_accel.cpp:64]   --->   Operation 589 'load' 'tile_in_26_load_6' <Predicate = (trunc_ln63 == 0 & trunc_ln64 == 2)> <Delay = 3.25> <CoreInst = "RAM_T2P_BRAM">   --->   Core 93 'RAM_T2P_BRAM' <Latency = 1> <II = 1> <Delay = 3.25> <Storage> <Opcode : 'load' 'store'> <Ports = 2> <Width = 8> <Depth = 16> <RAM>
ST_10 : Operation 590 [2/2] (3.25ns)   --->   "%tile_in_load_7 = load i4 %tile_in_addr_6" [cnn_accel.cpp:64]   --->   Operation 590 'load' 'tile_in_load_7' <Predicate = (trunc_ln64 == 2 & trunc_ln63 == 1)> <Delay = 3.25> <CoreInst = "RAM_T2P_BRAM">   --->   Core 93 'RAM_T2P_BRAM' <Latency = 1> <II = 1> <Delay = 3.25> <Storage> <Opcode : 'load' 'store'> <Ports = 2> <Width = 8> <Depth = 16> <RAM>
ST_10 : Operation 591 [2/2] (3.25ns)   --->   "%tile_in_3_load_7 = load i4 %tile_in_3_addr_6" [cnn_accel.cpp:64]   --->   Operation 591 'load' 'tile_in_3_load_7' <Predicate = (trunc_ln64 == 0 & trunc_ln63 == 1)> <Delay = 3.25> <CoreInst = "RAM_T2P_BRAM">   --->   Core 93 'RAM_T2P_BRAM' <Latency = 1> <II = 1> <Delay = 3.25> <Storage> <Opcode : 'load' 'store'> <Ports = 2> <Width = 8> <Depth = 16> <RAM>
ST_10 : Operation 592 [2/2] (3.25ns)   --->   "%tile_in_6_load_7 = load i4 %tile_in_6_addr_6" [cnn_accel.cpp:64]   --->   Operation 592 'load' 'tile_in_6_load_7' <Predicate = (trunc_ln64 == 1 & trunc_ln63 == 1)> <Delay = 3.25> <CoreInst = "RAM_T2P_BRAM">   --->   Core 93 'RAM_T2P_BRAM' <Latency = 1> <II = 1> <Delay = 3.25> <Storage> <Opcode : 'load' 'store'> <Ports = 2> <Width = 8> <Depth = 16> <RAM>
ST_10 : Operation 593 [2/2] (3.25ns)   --->   "%tile_in_9_load_7 = load i4 %tile_in_9_addr_6" [cnn_accel.cpp:64]   --->   Operation 593 'load' 'tile_in_9_load_7' <Predicate = (trunc_ln64 == 2 & trunc_ln63 == 2)> <Delay = 3.25> <CoreInst = "RAM_T2P_BRAM">   --->   Core 93 'RAM_T2P_BRAM' <Latency = 1> <II = 1> <Delay = 3.25> <Storage> <Opcode : 'load' 'store'> <Ports = 2> <Width = 8> <Depth = 16> <RAM>
ST_10 : Operation 594 [2/2] (3.25ns)   --->   "%tile_in_12_load_7 = load i4 %tile_in_12_addr_6" [cnn_accel.cpp:64]   --->   Operation 594 'load' 'tile_in_12_load_7' <Predicate = (trunc_ln64 == 0 & trunc_ln63 == 2)> <Delay = 3.25> <CoreInst = "RAM_T2P_BRAM">   --->   Core 93 'RAM_T2P_BRAM' <Latency = 1> <II = 1> <Delay = 3.25> <Storage> <Opcode : 'load' 'store'> <Ports = 2> <Width = 8> <Depth = 16> <RAM>
ST_10 : Operation 595 [2/2] (3.25ns)   --->   "%tile_in_15_load_7 = load i4 %tile_in_15_addr_6" [cnn_accel.cpp:64]   --->   Operation 595 'load' 'tile_in_15_load_7' <Predicate = (trunc_ln64 == 1 & trunc_ln63 == 2)> <Delay = 3.25> <CoreInst = "RAM_T2P_BRAM">   --->   Core 93 'RAM_T2P_BRAM' <Latency = 1> <II = 1> <Delay = 3.25> <Storage> <Opcode : 'load' 'store'> <Ports = 2> <Width = 8> <Depth = 16> <RAM>
ST_10 : Operation 596 [2/2] (3.25ns)   --->   "%tile_in_18_load_7 = load i4 %tile_in_18_addr_6" [cnn_accel.cpp:64]   --->   Operation 596 'load' 'tile_in_18_load_7' <Predicate = (trunc_ln63 == 0 & trunc_ln64 == 2)> <Delay = 3.25> <CoreInst = "RAM_T2P_BRAM">   --->   Core 93 'RAM_T2P_BRAM' <Latency = 1> <II = 1> <Delay = 3.25> <Storage> <Opcode : 'load' 'store'> <Ports = 2> <Width = 8> <Depth = 16> <RAM>
ST_10 : Operation 597 [2/2] (3.25ns)   --->   "%tile_in_21_load_7 = load i4 %tile_in_21_addr_6" [cnn_accel.cpp:64]   --->   Operation 597 'load' 'tile_in_21_load_7' <Predicate = (trunc_ln63 == 0 & trunc_ln64 == 0)> <Delay = 3.25> <CoreInst = "RAM_T2P_BRAM">   --->   Core 93 'RAM_T2P_BRAM' <Latency = 1> <II = 1> <Delay = 3.25> <Storage> <Opcode : 'load' 'store'> <Ports = 2> <Width = 8> <Depth = 16> <RAM>
ST_10 : Operation 598 [2/2] (3.25ns)   --->   "%tile_in_24_load_7 = load i4 %tile_in_24_addr_6" [cnn_accel.cpp:64]   --->   Operation 598 'load' 'tile_in_24_load_7' <Predicate = (trunc_ln63 == 0 & trunc_ln64 == 1)> <Delay = 3.25> <CoreInst = "RAM_T2P_BRAM">   --->   Core 93 'RAM_T2P_BRAM' <Latency = 1> <II = 1> <Delay = 3.25> <Storage> <Opcode : 'load' 'store'> <Ports = 2> <Width = 8> <Depth = 16> <RAM>
ST_10 : Operation 599 [2/2] (3.25ns)   --->   "%tile_in_1_load_7 = load i4 %tile_in_1_addr_6" [cnn_accel.cpp:64]   --->   Operation 599 'load' 'tile_in_1_load_7' <Predicate = (trunc_ln64 == 2 & trunc_ln63 == 1)> <Delay = 3.25> <CoreInst = "RAM_T2P_BRAM">   --->   Core 93 'RAM_T2P_BRAM' <Latency = 1> <II = 1> <Delay = 3.25> <Storage> <Opcode : 'load' 'store'> <Ports = 2> <Width = 8> <Depth = 16> <RAM>
ST_10 : Operation 600 [2/2] (3.25ns)   --->   "%tile_in_4_load_7 = load i4 %tile_in_4_addr_6" [cnn_accel.cpp:64]   --->   Operation 600 'load' 'tile_in_4_load_7' <Predicate = (trunc_ln64 == 0 & trunc_ln63 == 1)> <Delay = 3.25> <CoreInst = "RAM_T2P_BRAM">   --->   Core 93 'RAM_T2P_BRAM' <Latency = 1> <II = 1> <Delay = 3.25> <Storage> <Opcode : 'load' 'store'> <Ports = 2> <Width = 8> <Depth = 16> <RAM>
ST_10 : Operation 601 [2/2] (3.25ns)   --->   "%tile_in_7_load_7 = load i4 %tile_in_7_addr_6" [cnn_accel.cpp:64]   --->   Operation 601 'load' 'tile_in_7_load_7' <Predicate = (trunc_ln64 == 1 & trunc_ln63 == 1)> <Delay = 3.25> <CoreInst = "RAM_T2P_BRAM">   --->   Core 93 'RAM_T2P_BRAM' <Latency = 1> <II = 1> <Delay = 3.25> <Storage> <Opcode : 'load' 'store'> <Ports = 2> <Width = 8> <Depth = 16> <RAM>
ST_10 : Operation 602 [2/2] (3.25ns)   --->   "%tile_in_10_load_7 = load i4 %tile_in_10_addr_6" [cnn_accel.cpp:64]   --->   Operation 602 'load' 'tile_in_10_load_7' <Predicate = (trunc_ln64 == 2 & trunc_ln63 == 2)> <Delay = 3.25> <CoreInst = "RAM_T2P_BRAM">   --->   Core 93 'RAM_T2P_BRAM' <Latency = 1> <II = 1> <Delay = 3.25> <Storage> <Opcode : 'load' 'store'> <Ports = 2> <Width = 8> <Depth = 16> <RAM>
ST_10 : Operation 603 [2/2] (3.25ns)   --->   "%tile_in_13_load_7 = load i4 %tile_in_13_addr_6" [cnn_accel.cpp:64]   --->   Operation 603 'load' 'tile_in_13_load_7' <Predicate = (trunc_ln64 == 0 & trunc_ln63 == 2)> <Delay = 3.25> <CoreInst = "RAM_T2P_BRAM">   --->   Core 93 'RAM_T2P_BRAM' <Latency = 1> <II = 1> <Delay = 3.25> <Storage> <Opcode : 'load' 'store'> <Ports = 2> <Width = 8> <Depth = 16> <RAM>
ST_10 : Operation 604 [2/2] (3.25ns)   --->   "%tile_in_16_load_7 = load i4 %tile_in_16_addr_6" [cnn_accel.cpp:64]   --->   Operation 604 'load' 'tile_in_16_load_7' <Predicate = (trunc_ln64 == 1 & trunc_ln63 == 2)> <Delay = 3.25> <CoreInst = "RAM_T2P_BRAM">   --->   Core 93 'RAM_T2P_BRAM' <Latency = 1> <II = 1> <Delay = 3.25> <Storage> <Opcode : 'load' 'store'> <Ports = 2> <Width = 8> <Depth = 16> <RAM>
ST_10 : Operation 605 [2/2] (3.25ns)   --->   "%tile_in_19_load_7 = load i4 %tile_in_19_addr_6" [cnn_accel.cpp:64]   --->   Operation 605 'load' 'tile_in_19_load_7' <Predicate = (trunc_ln63 == 0 & trunc_ln64 == 2)> <Delay = 3.25> <CoreInst = "RAM_T2P_BRAM">   --->   Core 93 'RAM_T2P_BRAM' <Latency = 1> <II = 1> <Delay = 3.25> <Storage> <Opcode : 'load' 'store'> <Ports = 2> <Width = 8> <Depth = 16> <RAM>
ST_10 : Operation 606 [2/2] (3.25ns)   --->   "%tile_in_22_load_7 = load i4 %tile_in_22_addr_6" [cnn_accel.cpp:64]   --->   Operation 606 'load' 'tile_in_22_load_7' <Predicate = (trunc_ln63 == 0 & trunc_ln64 == 0)> <Delay = 3.25> <CoreInst = "RAM_T2P_BRAM">   --->   Core 93 'RAM_T2P_BRAM' <Latency = 1> <II = 1> <Delay = 3.25> <Storage> <Opcode : 'load' 'store'> <Ports = 2> <Width = 8> <Depth = 16> <RAM>
ST_10 : Operation 607 [2/2] (3.25ns)   --->   "%tile_in_25_load_7 = load i4 %tile_in_25_addr_6" [cnn_accel.cpp:64]   --->   Operation 607 'load' 'tile_in_25_load_7' <Predicate = (trunc_ln63 == 0 & trunc_ln64 == 1)> <Delay = 3.25> <CoreInst = "RAM_T2P_BRAM">   --->   Core 93 'RAM_T2P_BRAM' <Latency = 1> <II = 1> <Delay = 3.25> <Storage> <Opcode : 'load' 'store'> <Ports = 2> <Width = 8> <Depth = 16> <RAM>
ST_10 : Operation 608 [2/2] (3.25ns)   --->   "%tile_in_2_load_7 = load i4 %tile_in_2_addr_6" [cnn_accel.cpp:64]   --->   Operation 608 'load' 'tile_in_2_load_7' <Predicate = (trunc_ln64 == 2 & trunc_ln63 == 1)> <Delay = 3.25> <CoreInst = "RAM_T2P_BRAM">   --->   Core 93 'RAM_T2P_BRAM' <Latency = 1> <II = 1> <Delay = 3.25> <Storage> <Opcode : 'load' 'store'> <Ports = 2> <Width = 8> <Depth = 16> <RAM>
ST_10 : Operation 609 [2/2] (3.25ns)   --->   "%tile_in_5_load_7 = load i4 %tile_in_5_addr_6" [cnn_accel.cpp:64]   --->   Operation 609 'load' 'tile_in_5_load_7' <Predicate = (trunc_ln64 == 0 & trunc_ln63 == 1)> <Delay = 3.25> <CoreInst = "RAM_T2P_BRAM">   --->   Core 93 'RAM_T2P_BRAM' <Latency = 1> <II = 1> <Delay = 3.25> <Storage> <Opcode : 'load' 'store'> <Ports = 2> <Width = 8> <Depth = 16> <RAM>
ST_10 : Operation 610 [2/2] (3.25ns)   --->   "%tile_in_8_load_7 = load i4 %tile_in_8_addr_6" [cnn_accel.cpp:64]   --->   Operation 610 'load' 'tile_in_8_load_7' <Predicate = (trunc_ln64 == 1 & trunc_ln63 == 1)> <Delay = 3.25> <CoreInst = "RAM_T2P_BRAM">   --->   Core 93 'RAM_T2P_BRAM' <Latency = 1> <II = 1> <Delay = 3.25> <Storage> <Opcode : 'load' 'store'> <Ports = 2> <Width = 8> <Depth = 16> <RAM>
ST_10 : Operation 611 [2/2] (3.25ns)   --->   "%tile_in_11_load_7 = load i4 %tile_in_11_addr_6" [cnn_accel.cpp:64]   --->   Operation 611 'load' 'tile_in_11_load_7' <Predicate = (trunc_ln64 == 2 & trunc_ln63 == 2)> <Delay = 3.25> <CoreInst = "RAM_T2P_BRAM">   --->   Core 93 'RAM_T2P_BRAM' <Latency = 1> <II = 1> <Delay = 3.25> <Storage> <Opcode : 'load' 'store'> <Ports = 2> <Width = 8> <Depth = 16> <RAM>
ST_10 : Operation 612 [2/2] (3.25ns)   --->   "%tile_in_14_load_7 = load i4 %tile_in_14_addr_6" [cnn_accel.cpp:64]   --->   Operation 612 'load' 'tile_in_14_load_7' <Predicate = (trunc_ln64 == 0 & trunc_ln63 == 2)> <Delay = 3.25> <CoreInst = "RAM_T2P_BRAM">   --->   Core 93 'RAM_T2P_BRAM' <Latency = 1> <II = 1> <Delay = 3.25> <Storage> <Opcode : 'load' 'store'> <Ports = 2> <Width = 8> <Depth = 16> <RAM>
ST_10 : Operation 613 [2/2] (3.25ns)   --->   "%tile_in_17_load_7 = load i4 %tile_in_17_addr_6" [cnn_accel.cpp:64]   --->   Operation 613 'load' 'tile_in_17_load_7' <Predicate = (trunc_ln64 == 1 & trunc_ln63 == 2)> <Delay = 3.25> <CoreInst = "RAM_T2P_BRAM">   --->   Core 93 'RAM_T2P_BRAM' <Latency = 1> <II = 1> <Delay = 3.25> <Storage> <Opcode : 'load' 'store'> <Ports = 2> <Width = 8> <Depth = 16> <RAM>
ST_10 : Operation 614 [2/2] (3.25ns)   --->   "%tile_in_20_load_7 = load i4 %tile_in_20_addr_6" [cnn_accel.cpp:64]   --->   Operation 614 'load' 'tile_in_20_load_7' <Predicate = (trunc_ln63 == 0 & trunc_ln64 == 2)> <Delay = 3.25> <CoreInst = "RAM_T2P_BRAM">   --->   Core 93 'RAM_T2P_BRAM' <Latency = 1> <II = 1> <Delay = 3.25> <Storage> <Opcode : 'load' 'store'> <Ports = 2> <Width = 8> <Depth = 16> <RAM>
ST_10 : Operation 615 [2/2] (3.25ns)   --->   "%tile_in_23_load_7 = load i4 %tile_in_23_addr_6" [cnn_accel.cpp:64]   --->   Operation 615 'load' 'tile_in_23_load_7' <Predicate = (trunc_ln63 == 0 & trunc_ln64 == 0)> <Delay = 3.25> <CoreInst = "RAM_T2P_BRAM">   --->   Core 93 'RAM_T2P_BRAM' <Latency = 1> <II = 1> <Delay = 3.25> <Storage> <Opcode : 'load' 'store'> <Ports = 2> <Width = 8> <Depth = 16> <RAM>
ST_10 : Operation 616 [2/2] (3.25ns)   --->   "%tile_in_26_load_7 = load i4 %tile_in_26_addr_6" [cnn_accel.cpp:64]   --->   Operation 616 'load' 'tile_in_26_load_7' <Predicate = (trunc_ln63 == 0 & trunc_ln64 == 1)> <Delay = 3.25> <CoreInst = "RAM_T2P_BRAM">   --->   Core 93 'RAM_T2P_BRAM' <Latency = 1> <II = 1> <Delay = 3.25> <Storage> <Opcode : 'load' 'store'> <Ports = 2> <Width = 8> <Depth = 16> <RAM>
ST_10 : Operation 617 [2/2] (3.25ns)   --->   "%tile_in_load_8 = load i4 %tile_in_addr_8" [cnn_accel.cpp:64]   --->   Operation 617 'load' 'tile_in_load_8' <Predicate = (trunc_ln64 == 1 & trunc_ln63 == 1)> <Delay = 3.25> <CoreInst = "RAM_T2P_BRAM">   --->   Core 93 'RAM_T2P_BRAM' <Latency = 1> <II = 1> <Delay = 3.25> <Storage> <Opcode : 'load' 'store'> <Ports = 2> <Width = 8> <Depth = 16> <RAM>
ST_10 : Operation 618 [2/2] (3.25ns)   --->   "%tile_in_3_load_8 = load i4 %tile_in_3_addr_8" [cnn_accel.cpp:64]   --->   Operation 618 'load' 'tile_in_3_load_8' <Predicate = (trunc_ln64 == 2 & trunc_ln63 == 1)> <Delay = 3.25> <CoreInst = "RAM_T2P_BRAM">   --->   Core 93 'RAM_T2P_BRAM' <Latency = 1> <II = 1> <Delay = 3.25> <Storage> <Opcode : 'load' 'store'> <Ports = 2> <Width = 8> <Depth = 16> <RAM>
ST_10 : Operation 619 [2/2] (3.25ns)   --->   "%tile_in_6_load_8 = load i4 %tile_in_6_addr_8" [cnn_accel.cpp:64]   --->   Operation 619 'load' 'tile_in_6_load_8' <Predicate = (trunc_ln64 == 0 & trunc_ln63 == 1)> <Delay = 3.25> <CoreInst = "RAM_T2P_BRAM">   --->   Core 93 'RAM_T2P_BRAM' <Latency = 1> <II = 1> <Delay = 3.25> <Storage> <Opcode : 'load' 'store'> <Ports = 2> <Width = 8> <Depth = 16> <RAM>
ST_10 : Operation 620 [2/2] (3.25ns)   --->   "%tile_in_9_load_8 = load i4 %tile_in_9_addr_8" [cnn_accel.cpp:64]   --->   Operation 620 'load' 'tile_in_9_load_8' <Predicate = (trunc_ln64 == 1 & trunc_ln63 == 2)> <Delay = 3.25> <CoreInst = "RAM_T2P_BRAM">   --->   Core 93 'RAM_T2P_BRAM' <Latency = 1> <II = 1> <Delay = 3.25> <Storage> <Opcode : 'load' 'store'> <Ports = 2> <Width = 8> <Depth = 16> <RAM>
ST_10 : Operation 621 [2/2] (3.25ns)   --->   "%tile_in_12_load_8 = load i4 %tile_in_12_addr_8" [cnn_accel.cpp:64]   --->   Operation 621 'load' 'tile_in_12_load_8' <Predicate = (trunc_ln64 == 2 & trunc_ln63 == 2)> <Delay = 3.25> <CoreInst = "RAM_T2P_BRAM">   --->   Core 93 'RAM_T2P_BRAM' <Latency = 1> <II = 1> <Delay = 3.25> <Storage> <Opcode : 'load' 'store'> <Ports = 2> <Width = 8> <Depth = 16> <RAM>
ST_10 : Operation 622 [2/2] (3.25ns)   --->   "%tile_in_15_load_8 = load i4 %tile_in_15_addr_8" [cnn_accel.cpp:64]   --->   Operation 622 'load' 'tile_in_15_load_8' <Predicate = (trunc_ln64 == 0 & trunc_ln63 == 2)> <Delay = 3.25> <CoreInst = "RAM_T2P_BRAM">   --->   Core 93 'RAM_T2P_BRAM' <Latency = 1> <II = 1> <Delay = 3.25> <Storage> <Opcode : 'load' 'store'> <Ports = 2> <Width = 8> <Depth = 16> <RAM>
ST_10 : Operation 623 [2/2] (3.25ns)   --->   "%tile_in_18_load_8 = load i4 %tile_in_18_addr_8" [cnn_accel.cpp:64]   --->   Operation 623 'load' 'tile_in_18_load_8' <Predicate = (trunc_ln63 == 0 & trunc_ln64 == 1)> <Delay = 3.25> <CoreInst = "RAM_T2P_BRAM">   --->   Core 93 'RAM_T2P_BRAM' <Latency = 1> <II = 1> <Delay = 3.25> <Storage> <Opcode : 'load' 'store'> <Ports = 2> <Width = 8> <Depth = 16> <RAM>
ST_10 : Operation 624 [2/2] (3.25ns)   --->   "%tile_in_21_load_8 = load i4 %tile_in_21_addr_8" [cnn_accel.cpp:64]   --->   Operation 624 'load' 'tile_in_21_load_8' <Predicate = (trunc_ln63 == 0 & trunc_ln64 == 2)> <Delay = 3.25> <CoreInst = "RAM_T2P_BRAM">   --->   Core 93 'RAM_T2P_BRAM' <Latency = 1> <II = 1> <Delay = 3.25> <Storage> <Opcode : 'load' 'store'> <Ports = 2> <Width = 8> <Depth = 16> <RAM>
ST_10 : Operation 625 [2/2] (3.25ns)   --->   "%tile_in_24_load_8 = load i4 %tile_in_24_addr_8" [cnn_accel.cpp:64]   --->   Operation 625 'load' 'tile_in_24_load_8' <Predicate = (trunc_ln63 == 0 & trunc_ln64 == 0)> <Delay = 3.25> <CoreInst = "RAM_T2P_BRAM">   --->   Core 93 'RAM_T2P_BRAM' <Latency = 1> <II = 1> <Delay = 3.25> <Storage> <Opcode : 'load' 'store'> <Ports = 2> <Width = 8> <Depth = 16> <RAM>
ST_10 : Operation 626 [2/2] (3.25ns)   --->   "%tile_in_1_load_8 = load i4 %tile_in_1_addr_8" [cnn_accel.cpp:64]   --->   Operation 626 'load' 'tile_in_1_load_8' <Predicate = (trunc_ln64 == 1 & trunc_ln63 == 1)> <Delay = 3.25> <CoreInst = "RAM_T2P_BRAM">   --->   Core 93 'RAM_T2P_BRAM' <Latency = 1> <II = 1> <Delay = 3.25> <Storage> <Opcode : 'load' 'store'> <Ports = 2> <Width = 8> <Depth = 16> <RAM>
ST_10 : Operation 627 [2/2] (3.25ns)   --->   "%tile_in_4_load_8 = load i4 %tile_in_4_addr_8" [cnn_accel.cpp:64]   --->   Operation 627 'load' 'tile_in_4_load_8' <Predicate = (trunc_ln64 == 2 & trunc_ln63 == 1)> <Delay = 3.25> <CoreInst = "RAM_T2P_BRAM">   --->   Core 93 'RAM_T2P_BRAM' <Latency = 1> <II = 1> <Delay = 3.25> <Storage> <Opcode : 'load' 'store'> <Ports = 2> <Width = 8> <Depth = 16> <RAM>
ST_10 : Operation 628 [2/2] (3.25ns)   --->   "%tile_in_7_load_8 = load i4 %tile_in_7_addr_8" [cnn_accel.cpp:64]   --->   Operation 628 'load' 'tile_in_7_load_8' <Predicate = (trunc_ln64 == 0 & trunc_ln63 == 1)> <Delay = 3.25> <CoreInst = "RAM_T2P_BRAM">   --->   Core 93 'RAM_T2P_BRAM' <Latency = 1> <II = 1> <Delay = 3.25> <Storage> <Opcode : 'load' 'store'> <Ports = 2> <Width = 8> <Depth = 16> <RAM>
ST_10 : Operation 629 [2/2] (3.25ns)   --->   "%tile_in_10_load_8 = load i4 %tile_in_10_addr_8" [cnn_accel.cpp:64]   --->   Operation 629 'load' 'tile_in_10_load_8' <Predicate = (trunc_ln64 == 1 & trunc_ln63 == 2)> <Delay = 3.25> <CoreInst = "RAM_T2P_BRAM">   --->   Core 93 'RAM_T2P_BRAM' <Latency = 1> <II = 1> <Delay = 3.25> <Storage> <Opcode : 'load' 'store'> <Ports = 2> <Width = 8> <Depth = 16> <RAM>
ST_10 : Operation 630 [2/2] (3.25ns)   --->   "%tile_in_13_load_8 = load i4 %tile_in_13_addr_8" [cnn_accel.cpp:64]   --->   Operation 630 'load' 'tile_in_13_load_8' <Predicate = (trunc_ln64 == 2 & trunc_ln63 == 2)> <Delay = 3.25> <CoreInst = "RAM_T2P_BRAM">   --->   Core 93 'RAM_T2P_BRAM' <Latency = 1> <II = 1> <Delay = 3.25> <Storage> <Opcode : 'load' 'store'> <Ports = 2> <Width = 8> <Depth = 16> <RAM>
ST_10 : Operation 631 [2/2] (3.25ns)   --->   "%tile_in_16_load_8 = load i4 %tile_in_16_addr_8" [cnn_accel.cpp:64]   --->   Operation 631 'load' 'tile_in_16_load_8' <Predicate = (trunc_ln64 == 0 & trunc_ln63 == 2)> <Delay = 3.25> <CoreInst = "RAM_T2P_BRAM">   --->   Core 93 'RAM_T2P_BRAM' <Latency = 1> <II = 1> <Delay = 3.25> <Storage> <Opcode : 'load' 'store'> <Ports = 2> <Width = 8> <Depth = 16> <RAM>
ST_10 : Operation 632 [2/2] (3.25ns)   --->   "%tile_in_19_load_8 = load i4 %tile_in_19_addr_8" [cnn_accel.cpp:64]   --->   Operation 632 'load' 'tile_in_19_load_8' <Predicate = (trunc_ln63 == 0 & trunc_ln64 == 1)> <Delay = 3.25> <CoreInst = "RAM_T2P_BRAM">   --->   Core 93 'RAM_T2P_BRAM' <Latency = 1> <II = 1> <Delay = 3.25> <Storage> <Opcode : 'load' 'store'> <Ports = 2> <Width = 8> <Depth = 16> <RAM>
ST_10 : Operation 633 [2/2] (3.25ns)   --->   "%tile_in_22_load_8 = load i4 %tile_in_22_addr_8" [cnn_accel.cpp:64]   --->   Operation 633 'load' 'tile_in_22_load_8' <Predicate = (trunc_ln63 == 0 & trunc_ln64 == 2)> <Delay = 3.25> <CoreInst = "RAM_T2P_BRAM">   --->   Core 93 'RAM_T2P_BRAM' <Latency = 1> <II = 1> <Delay = 3.25> <Storage> <Opcode : 'load' 'store'> <Ports = 2> <Width = 8> <Depth = 16> <RAM>
ST_10 : Operation 634 [2/2] (3.25ns)   --->   "%tile_in_25_load_8 = load i4 %tile_in_25_addr_8" [cnn_accel.cpp:64]   --->   Operation 634 'load' 'tile_in_25_load_8' <Predicate = (trunc_ln63 == 0 & trunc_ln64 == 0)> <Delay = 3.25> <CoreInst = "RAM_T2P_BRAM">   --->   Core 93 'RAM_T2P_BRAM' <Latency = 1> <II = 1> <Delay = 3.25> <Storage> <Opcode : 'load' 'store'> <Ports = 2> <Width = 8> <Depth = 16> <RAM>
ST_10 : Operation 635 [2/2] (3.25ns)   --->   "%tile_in_2_load_8 = load i4 %tile_in_2_addr_8" [cnn_accel.cpp:64]   --->   Operation 635 'load' 'tile_in_2_load_8' <Predicate = (trunc_ln64 == 1 & trunc_ln63 == 1)> <Delay = 3.25> <CoreInst = "RAM_T2P_BRAM">   --->   Core 93 'RAM_T2P_BRAM' <Latency = 1> <II = 1> <Delay = 3.25> <Storage> <Opcode : 'load' 'store'> <Ports = 2> <Width = 8> <Depth = 16> <RAM>
ST_10 : Operation 636 [2/2] (3.25ns)   --->   "%tile_in_5_load_8 = load i4 %tile_in_5_addr_8" [cnn_accel.cpp:64]   --->   Operation 636 'load' 'tile_in_5_load_8' <Predicate = (trunc_ln64 == 2 & trunc_ln63 == 1)> <Delay = 3.25> <CoreInst = "RAM_T2P_BRAM">   --->   Core 93 'RAM_T2P_BRAM' <Latency = 1> <II = 1> <Delay = 3.25> <Storage> <Opcode : 'load' 'store'> <Ports = 2> <Width = 8> <Depth = 16> <RAM>
ST_10 : Operation 637 [2/2] (3.25ns)   --->   "%tile_in_8_load_8 = load i4 %tile_in_8_addr_8" [cnn_accel.cpp:64]   --->   Operation 637 'load' 'tile_in_8_load_8' <Predicate = (trunc_ln64 == 0 & trunc_ln63 == 1)> <Delay = 3.25> <CoreInst = "RAM_T2P_BRAM">   --->   Core 93 'RAM_T2P_BRAM' <Latency = 1> <II = 1> <Delay = 3.25> <Storage> <Opcode : 'load' 'store'> <Ports = 2> <Width = 8> <Depth = 16> <RAM>
ST_10 : Operation 638 [2/2] (3.25ns)   --->   "%tile_in_11_load_8 = load i4 %tile_in_11_addr_8" [cnn_accel.cpp:64]   --->   Operation 638 'load' 'tile_in_11_load_8' <Predicate = (trunc_ln64 == 1 & trunc_ln63 == 2)> <Delay = 3.25> <CoreInst = "RAM_T2P_BRAM">   --->   Core 93 'RAM_T2P_BRAM' <Latency = 1> <II = 1> <Delay = 3.25> <Storage> <Opcode : 'load' 'store'> <Ports = 2> <Width = 8> <Depth = 16> <RAM>
ST_10 : Operation 639 [2/2] (3.25ns)   --->   "%tile_in_14_load_8 = load i4 %tile_in_14_addr_8" [cnn_accel.cpp:64]   --->   Operation 639 'load' 'tile_in_14_load_8' <Predicate = (trunc_ln64 == 2 & trunc_ln63 == 2)> <Delay = 3.25> <CoreInst = "RAM_T2P_BRAM">   --->   Core 93 'RAM_T2P_BRAM' <Latency = 1> <II = 1> <Delay = 3.25> <Storage> <Opcode : 'load' 'store'> <Ports = 2> <Width = 8> <Depth = 16> <RAM>
ST_10 : Operation 640 [2/2] (3.25ns)   --->   "%tile_in_17_load_8 = load i4 %tile_in_17_addr_8" [cnn_accel.cpp:64]   --->   Operation 640 'load' 'tile_in_17_load_8' <Predicate = (trunc_ln64 == 0 & trunc_ln63 == 2)> <Delay = 3.25> <CoreInst = "RAM_T2P_BRAM">   --->   Core 93 'RAM_T2P_BRAM' <Latency = 1> <II = 1> <Delay = 3.25> <Storage> <Opcode : 'load' 'store'> <Ports = 2> <Width = 8> <Depth = 16> <RAM>
ST_10 : Operation 641 [2/2] (3.25ns)   --->   "%tile_in_20_load_8 = load i4 %tile_in_20_addr_8" [cnn_accel.cpp:64]   --->   Operation 641 'load' 'tile_in_20_load_8' <Predicate = (trunc_ln63 == 0 & trunc_ln64 == 1)> <Delay = 3.25> <CoreInst = "RAM_T2P_BRAM">   --->   Core 93 'RAM_T2P_BRAM' <Latency = 1> <II = 1> <Delay = 3.25> <Storage> <Opcode : 'load' 'store'> <Ports = 2> <Width = 8> <Depth = 16> <RAM>
ST_10 : Operation 642 [2/2] (3.25ns)   --->   "%tile_in_23_load_8 = load i4 %tile_in_23_addr_8" [cnn_accel.cpp:64]   --->   Operation 642 'load' 'tile_in_23_load_8' <Predicate = (trunc_ln63 == 0 & trunc_ln64 == 2)> <Delay = 3.25> <CoreInst = "RAM_T2P_BRAM">   --->   Core 93 'RAM_T2P_BRAM' <Latency = 1> <II = 1> <Delay = 3.25> <Storage> <Opcode : 'load' 'store'> <Ports = 2> <Width = 8> <Depth = 16> <RAM>
ST_10 : Operation 643 [2/2] (3.25ns)   --->   "%tile_in_26_load_8 = load i4 %tile_in_26_addr_8" [cnn_accel.cpp:64]   --->   Operation 643 'load' 'tile_in_26_load_8' <Predicate = (trunc_ln63 == 0 & trunc_ln64 == 0)> <Delay = 3.25> <CoreInst = "RAM_T2P_BRAM">   --->   Core 93 'RAM_T2P_BRAM' <Latency = 1> <II = 1> <Delay = 3.25> <Storage> <Opcode : 'load' 'store'> <Ports = 2> <Width = 8> <Depth = 16> <RAM>

State 11 <SV = 10> <Delay = 6.47>
ST_11 : Operation 644 [1/1] (0.00ns)   --->   "%tmp = bitconcatenate i10 @_ssdm_op_BitConcatenate.i10.i6.i4, i6 %add_ln98, i4 0" [cnn_accel.cpp:98]   --->   Operation 644 'bitconcatenate' 'tmp' <Predicate = true> <Delay = 0.00>
ST_11 : Operation 645 [1/2] ( I:3.25ns O:3.25ns )   --->   "%tile_in_load = load i4 %tile_in_addr" [cnn_accel.cpp:63]   --->   Operation 645 'load' 'tile_in_load' <Predicate = (trunc_ln63 == 0 & trunc_ln64 == 0)> <Delay = 3.25> <CoreInst = "RAM_T2P_BRAM">   --->   Core 93 'RAM_T2P_BRAM' <Latency = 1> <II = 1> <Delay = 3.25> <Storage> <Opcode : 'load' 'store'> <Ports = 2> <Width = 8> <Depth = 16> <RAM>
ST_11 : Operation 646 [1/2] ( I:3.25ns O:3.25ns )   --->   "%tile_in_3_load = load i4 %tile_in_3_addr" [cnn_accel.cpp:63]   --->   Operation 646 'load' 'tile_in_3_load' <Predicate = (trunc_ln63 == 0 & trunc_ln64 == 1)> <Delay = 3.25> <CoreInst = "RAM_T2P_BRAM">   --->   Core 93 'RAM_T2P_BRAM' <Latency = 1> <II = 1> <Delay = 3.25> <Storage> <Opcode : 'load' 'store'> <Ports = 2> <Width = 8> <Depth = 16> <RAM>
ST_11 : Operation 647 [1/2] ( I:3.25ns O:3.25ns )   --->   "%tile_in_6_load = load i4 %tile_in_6_addr" [cnn_accel.cpp:63]   --->   Operation 647 'load' 'tile_in_6_load' <Predicate = (trunc_ln63 == 0 & trunc_ln64 == 2)> <Delay = 3.25> <CoreInst = "RAM_T2P_BRAM">   --->   Core 93 'RAM_T2P_BRAM' <Latency = 1> <II = 1> <Delay = 3.25> <Storage> <Opcode : 'load' 'store'> <Ports = 2> <Width = 8> <Depth = 16> <RAM>
ST_11 : Operation 648 [1/1] (1.61ns)   --->   "%tmp_1 = sparsemux i8 @_ssdm_op_SparseMux.ap_auto.3i8.i8.i2, i2 0, i8 %tile_in_load, i2 1, i8 %tile_in_3_load, i2 2, i8 %tile_in_6_load, i8 0, i2 %trunc_ln64" [cnn_accel.cpp:63]   --->   Operation 648 'sparsemux' 'tmp_1' <Predicate = (trunc_ln63 == 0)> <Delay = 1.61> <CoreInst = "OneHotSparseMux_HasDef">   --->   Core 140 'OneHotSparseMux_HasDef' <Latency = 0> <II = 1> <Delay = 1.61> <FuncUnit> <Opcode : 'sparsemux'> <InPorts = 2> <OutPorts = 1>
ST_11 : Operation 649 [1/2] ( I:3.25ns O:3.25ns )   --->   "%tile_in_9_load = load i4 %tile_in_9_addr" [cnn_accel.cpp:63]   --->   Operation 649 'load' 'tile_in_9_load' <Predicate = (trunc_ln64 == 0 & trunc_ln63 == 1)> <Delay = 3.25> <CoreInst = "RAM_T2P_BRAM">   --->   Core 93 'RAM_T2P_BRAM' <Latency = 1> <II = 1> <Delay = 3.25> <Storage> <Opcode : 'load' 'store'> <Ports = 2> <Width = 8> <Depth = 16> <RAM>
ST_11 : Operation 650 [1/2] ( I:3.25ns O:3.25ns )   --->   "%tile_in_12_load = load i4 %tile_in_12_addr" [cnn_accel.cpp:63]   --->   Operation 650 'load' 'tile_in_12_load' <Predicate = (trunc_ln64 == 1 & trunc_ln63 == 1)> <Delay = 3.25> <CoreInst = "RAM_T2P_BRAM">   --->   Core 93 'RAM_T2P_BRAM' <Latency = 1> <II = 1> <Delay = 3.25> <Storage> <Opcode : 'load' 'store'> <Ports = 2> <Width = 8> <Depth = 16> <RAM>
ST_11 : Operation 651 [1/2] ( I:3.25ns O:3.25ns )   --->   "%tile_in_15_load = load i4 %tile_in_15_addr" [cnn_accel.cpp:63]   --->   Operation 651 'load' 'tile_in_15_load' <Predicate = (trunc_ln64 == 2 & trunc_ln63 == 1)> <Delay = 3.25> <CoreInst = "RAM_T2P_BRAM">   --->   Core 93 'RAM_T2P_BRAM' <Latency = 1> <II = 1> <Delay = 3.25> <Storage> <Opcode : 'load' 'store'> <Ports = 2> <Width = 8> <Depth = 16> <RAM>
ST_11 : Operation 652 [1/1] (1.61ns)   --->   "%tmp_2 = sparsemux i8 @_ssdm_op_SparseMux.ap_auto.3i8.i8.i2, i2 0, i8 %tile_in_9_load, i2 1, i8 %tile_in_12_load, i2 2, i8 %tile_in_15_load, i8 0, i2 %trunc_ln64" [cnn_accel.cpp:63]   --->   Operation 652 'sparsemux' 'tmp_2' <Predicate = (trunc_ln63 == 1)> <Delay = 1.61> <CoreInst = "OneHotSparseMux_HasDef">   --->   Core 140 'OneHotSparseMux_HasDef' <Latency = 0> <II = 1> <Delay = 1.61> <FuncUnit> <Opcode : 'sparsemux'> <InPorts = 2> <OutPorts = 1>
ST_11 : Operation 653 [1/2] ( I:3.25ns O:3.25ns )   --->   "%tile_in_18_load = load i4 %tile_in_18_addr" [cnn_accel.cpp:63]   --->   Operation 653 'load' 'tile_in_18_load' <Predicate = (trunc_ln64 == 0 & trunc_ln63 == 2)> <Delay = 3.25> <CoreInst = "RAM_T2P_BRAM">   --->   Core 93 'RAM_T2P_BRAM' <Latency = 1> <II = 1> <Delay = 3.25> <Storage> <Opcode : 'load' 'store'> <Ports = 2> <Width = 8> <Depth = 16> <RAM>
ST_11 : Operation 654 [1/2] ( I:3.25ns O:3.25ns )   --->   "%tile_in_21_load = load i4 %tile_in_21_addr" [cnn_accel.cpp:63]   --->   Operation 654 'load' 'tile_in_21_load' <Predicate = (trunc_ln64 == 1 & trunc_ln63 == 2)> <Delay = 3.25> <CoreInst = "RAM_T2P_BRAM">   --->   Core 93 'RAM_T2P_BRAM' <Latency = 1> <II = 1> <Delay = 3.25> <Storage> <Opcode : 'load' 'store'> <Ports = 2> <Width = 8> <Depth = 16> <RAM>
ST_11 : Operation 655 [1/2] ( I:3.25ns O:3.25ns )   --->   "%tile_in_24_load = load i4 %tile_in_24_addr" [cnn_accel.cpp:63]   --->   Operation 655 'load' 'tile_in_24_load' <Predicate = (trunc_ln64 == 2 & trunc_ln63 == 2)> <Delay = 3.25> <CoreInst = "RAM_T2P_BRAM">   --->   Core 93 'RAM_T2P_BRAM' <Latency = 1> <II = 1> <Delay = 3.25> <Storage> <Opcode : 'load' 'store'> <Ports = 2> <Width = 8> <Depth = 16> <RAM>
ST_11 : Operation 656 [1/1] (1.61ns)   --->   "%tmp_3 = sparsemux i8 @_ssdm_op_SparseMux.ap_auto.3i8.i8.i2, i2 0, i8 %tile_in_18_load, i2 1, i8 %tile_in_21_load, i2 2, i8 %tile_in_24_load, i8 0, i2 %trunc_ln64" [cnn_accel.cpp:63]   --->   Operation 656 'sparsemux' 'tmp_3' <Predicate = (trunc_ln63 == 2)> <Delay = 1.61> <CoreInst = "OneHotSparseMux_HasDef">   --->   Core 140 'OneHotSparseMux_HasDef' <Latency = 0> <II = 1> <Delay = 1.61> <FuncUnit> <Opcode : 'sparsemux'> <InPorts = 2> <OutPorts = 1>
ST_11 : Operation 657 [1/1] (1.61ns)   --->   "%in_val = sparsemux i8 @_ssdm_op_SparseMux.ap_auto.3i8.i8.i2, i2 0, i8 %tmp_1, i2 1, i8 %tmp_2, i2 2, i8 %tmp_3, i8 0, i2 %trunc_ln63" [cnn_accel.cpp:63]   --->   Operation 657 'sparsemux' 'in_val' <Predicate = true> <Delay = 1.61> <CoreInst = "OneHotSparseMux_HasDef">   --->   Core 140 'OneHotSparseMux_HasDef' <Latency = 0> <II = 1> <Delay = 1.61> <FuncUnit> <Opcode : 'sparsemux'> <InPorts = 2> <OutPorts = 1>
ST_11 : Operation 658 [1/2] ( I:3.25ns O:3.25ns )   --->   "%tile_in_1_load = load i4 %tile_in_1_addr" [cnn_accel.cpp:63]   --->   Operation 658 'load' 'tile_in_1_load' <Predicate = (trunc_ln63 == 0 & trunc_ln64 == 0)> <Delay = 3.25> <CoreInst = "RAM_T2P_BRAM">   --->   Core 93 'RAM_T2P_BRAM' <Latency = 1> <II = 1> <Delay = 3.25> <Storage> <Opcode : 'load' 'store'> <Ports = 2> <Width = 8> <Depth = 16> <RAM>
ST_11 : Operation 659 [1/2] ( I:3.25ns O:3.25ns )   --->   "%tile_in_4_load = load i4 %tile_in_4_addr" [cnn_accel.cpp:63]   --->   Operation 659 'load' 'tile_in_4_load' <Predicate = (trunc_ln63 == 0 & trunc_ln64 == 1)> <Delay = 3.25> <CoreInst = "RAM_T2P_BRAM">   --->   Core 93 'RAM_T2P_BRAM' <Latency = 1> <II = 1> <Delay = 3.25> <Storage> <Opcode : 'load' 'store'> <Ports = 2> <Width = 8> <Depth = 16> <RAM>
ST_11 : Operation 660 [1/2] ( I:3.25ns O:3.25ns )   --->   "%tile_in_7_load = load i4 %tile_in_7_addr" [cnn_accel.cpp:63]   --->   Operation 660 'load' 'tile_in_7_load' <Predicate = (trunc_ln63 == 0 & trunc_ln64 == 2)> <Delay = 3.25> <CoreInst = "RAM_T2P_BRAM">   --->   Core 93 'RAM_T2P_BRAM' <Latency = 1> <II = 1> <Delay = 3.25> <Storage> <Opcode : 'load' 'store'> <Ports = 2> <Width = 8> <Depth = 16> <RAM>
ST_11 : Operation 661 [1/1] (1.61ns)   --->   "%tmp_5 = sparsemux i8 @_ssdm_op_SparseMux.ap_auto.3i8.i8.i2, i2 0, i8 %tile_in_1_load, i2 1, i8 %tile_in_4_load, i2 2, i8 %tile_in_7_load, i8 0, i2 %trunc_ln64" [cnn_accel.cpp:63]   --->   Operation 661 'sparsemux' 'tmp_5' <Predicate = (trunc_ln63 == 0)> <Delay = 1.61> <CoreInst = "OneHotSparseMux_HasDef">   --->   Core 140 'OneHotSparseMux_HasDef' <Latency = 0> <II = 1> <Delay = 1.61> <FuncUnit> <Opcode : 'sparsemux'> <InPorts = 2> <OutPorts = 1>
ST_11 : Operation 662 [1/2] ( I:3.25ns O:3.25ns )   --->   "%tile_in_10_load = load i4 %tile_in_10_addr" [cnn_accel.cpp:63]   --->   Operation 662 'load' 'tile_in_10_load' <Predicate = (trunc_ln64 == 0 & trunc_ln63 == 1)> <Delay = 3.25> <CoreInst = "RAM_T2P_BRAM">   --->   Core 93 'RAM_T2P_BRAM' <Latency = 1> <II = 1> <Delay = 3.25> <Storage> <Opcode : 'load' 'store'> <Ports = 2> <Width = 8> <Depth = 16> <RAM>
ST_11 : Operation 663 [1/2] ( I:3.25ns O:3.25ns )   --->   "%tile_in_13_load = load i4 %tile_in_13_addr" [cnn_accel.cpp:63]   --->   Operation 663 'load' 'tile_in_13_load' <Predicate = (trunc_ln64 == 1 & trunc_ln63 == 1)> <Delay = 3.25> <CoreInst = "RAM_T2P_BRAM">   --->   Core 93 'RAM_T2P_BRAM' <Latency = 1> <II = 1> <Delay = 3.25> <Storage> <Opcode : 'load' 'store'> <Ports = 2> <Width = 8> <Depth = 16> <RAM>
ST_11 : Operation 664 [1/2] ( I:3.25ns O:3.25ns )   --->   "%tile_in_16_load = load i4 %tile_in_16_addr" [cnn_accel.cpp:63]   --->   Operation 664 'load' 'tile_in_16_load' <Predicate = (trunc_ln64 == 2 & trunc_ln63 == 1)> <Delay = 3.25> <CoreInst = "RAM_T2P_BRAM">   --->   Core 93 'RAM_T2P_BRAM' <Latency = 1> <II = 1> <Delay = 3.25> <Storage> <Opcode : 'load' 'store'> <Ports = 2> <Width = 8> <Depth = 16> <RAM>
ST_11 : Operation 665 [1/1] (1.61ns)   --->   "%tmp_6 = sparsemux i8 @_ssdm_op_SparseMux.ap_auto.3i8.i8.i2, i2 0, i8 %tile_in_10_load, i2 1, i8 %tile_in_13_load, i2 2, i8 %tile_in_16_load, i8 0, i2 %trunc_ln64" [cnn_accel.cpp:63]   --->   Operation 665 'sparsemux' 'tmp_6' <Predicate = (trunc_ln63 == 1)> <Delay = 1.61> <CoreInst = "OneHotSparseMux_HasDef">   --->   Core 140 'OneHotSparseMux_HasDef' <Latency = 0> <II = 1> <Delay = 1.61> <FuncUnit> <Opcode : 'sparsemux'> <InPorts = 2> <OutPorts = 1>
ST_11 : Operation 666 [1/2] ( I:3.25ns O:3.25ns )   --->   "%tile_in_19_load = load i4 %tile_in_19_addr" [cnn_accel.cpp:63]   --->   Operation 666 'load' 'tile_in_19_load' <Predicate = (trunc_ln64 == 0 & trunc_ln63 == 2)> <Delay = 3.25> <CoreInst = "RAM_T2P_BRAM">   --->   Core 93 'RAM_T2P_BRAM' <Latency = 1> <II = 1> <Delay = 3.25> <Storage> <Opcode : 'load' 'store'> <Ports = 2> <Width = 8> <Depth = 16> <RAM>
ST_11 : Operation 667 [1/2] ( I:3.25ns O:3.25ns )   --->   "%tile_in_22_load = load i4 %tile_in_22_addr" [cnn_accel.cpp:63]   --->   Operation 667 'load' 'tile_in_22_load' <Predicate = (trunc_ln64 == 1 & trunc_ln63 == 2)> <Delay = 3.25> <CoreInst = "RAM_T2P_BRAM">   --->   Core 93 'RAM_T2P_BRAM' <Latency = 1> <II = 1> <Delay = 3.25> <Storage> <Opcode : 'load' 'store'> <Ports = 2> <Width = 8> <Depth = 16> <RAM>
ST_11 : Operation 668 [1/2] ( I:3.25ns O:3.25ns )   --->   "%tile_in_25_load = load i4 %tile_in_25_addr" [cnn_accel.cpp:63]   --->   Operation 668 'load' 'tile_in_25_load' <Predicate = (trunc_ln64 == 2 & trunc_ln63 == 2)> <Delay = 3.25> <CoreInst = "RAM_T2P_BRAM">   --->   Core 93 'RAM_T2P_BRAM' <Latency = 1> <II = 1> <Delay = 3.25> <Storage> <Opcode : 'load' 'store'> <Ports = 2> <Width = 8> <Depth = 16> <RAM>
ST_11 : Operation 669 [1/1] (1.61ns)   --->   "%tmp_7 = sparsemux i8 @_ssdm_op_SparseMux.ap_auto.3i8.i8.i2, i2 0, i8 %tile_in_19_load, i2 1, i8 %tile_in_22_load, i2 2, i8 %tile_in_25_load, i8 0, i2 %trunc_ln64" [cnn_accel.cpp:63]   --->   Operation 669 'sparsemux' 'tmp_7' <Predicate = (trunc_ln63 == 2)> <Delay = 1.61> <CoreInst = "OneHotSparseMux_HasDef">   --->   Core 140 'OneHotSparseMux_HasDef' <Latency = 0> <II = 1> <Delay = 1.61> <FuncUnit> <Opcode : 'sparsemux'> <InPorts = 2> <OutPorts = 1>
ST_11 : Operation 670 [1/1] (1.61ns)   --->   "%in_val_1 = sparsemux i8 @_ssdm_op_SparseMux.ap_auto.3i8.i8.i2, i2 0, i8 %tmp_5, i2 1, i8 %tmp_6, i2 2, i8 %tmp_7, i8 0, i2 %trunc_ln63" [cnn_accel.cpp:63]   --->   Operation 670 'sparsemux' 'in_val_1' <Predicate = true> <Delay = 1.61> <CoreInst = "OneHotSparseMux_HasDef">   --->   Core 140 'OneHotSparseMux_HasDef' <Latency = 0> <II = 1> <Delay = 1.61> <FuncUnit> <Opcode : 'sparsemux'> <InPorts = 2> <OutPorts = 1>
ST_11 : Operation 671 [1/2] ( I:3.25ns O:3.25ns )   --->   "%tile_in_2_load = load i4 %tile_in_2_addr" [cnn_accel.cpp:63]   --->   Operation 671 'load' 'tile_in_2_load' <Predicate = (trunc_ln63 == 0 & trunc_ln64 == 0)> <Delay = 3.25> <CoreInst = "RAM_T2P_BRAM">   --->   Core 93 'RAM_T2P_BRAM' <Latency = 1> <II = 1> <Delay = 3.25> <Storage> <Opcode : 'load' 'store'> <Ports = 2> <Width = 8> <Depth = 16> <RAM>
ST_11 : Operation 672 [1/2] ( I:3.25ns O:3.25ns )   --->   "%tile_in_5_load = load i4 %tile_in_5_addr" [cnn_accel.cpp:63]   --->   Operation 672 'load' 'tile_in_5_load' <Predicate = (trunc_ln63 == 0 & trunc_ln64 == 1)> <Delay = 3.25> <CoreInst = "RAM_T2P_BRAM">   --->   Core 93 'RAM_T2P_BRAM' <Latency = 1> <II = 1> <Delay = 3.25> <Storage> <Opcode : 'load' 'store'> <Ports = 2> <Width = 8> <Depth = 16> <RAM>
ST_11 : Operation 673 [1/2] ( I:3.25ns O:3.25ns )   --->   "%tile_in_8_load = load i4 %tile_in_8_addr" [cnn_accel.cpp:63]   --->   Operation 673 'load' 'tile_in_8_load' <Predicate = (trunc_ln63 == 0 & trunc_ln64 == 2)> <Delay = 3.25> <CoreInst = "RAM_T2P_BRAM">   --->   Core 93 'RAM_T2P_BRAM' <Latency = 1> <II = 1> <Delay = 3.25> <Storage> <Opcode : 'load' 'store'> <Ports = 2> <Width = 8> <Depth = 16> <RAM>
ST_11 : Operation 674 [1/1] (1.61ns)   --->   "%tmp_9 = sparsemux i8 @_ssdm_op_SparseMux.ap_auto.3i8.i8.i2, i2 0, i8 %tile_in_2_load, i2 1, i8 %tile_in_5_load, i2 2, i8 %tile_in_8_load, i8 0, i2 %trunc_ln64" [cnn_accel.cpp:63]   --->   Operation 674 'sparsemux' 'tmp_9' <Predicate = (trunc_ln63 == 0)> <Delay = 1.61> <CoreInst = "OneHotSparseMux_HasDef">   --->   Core 140 'OneHotSparseMux_HasDef' <Latency = 0> <II = 1> <Delay = 1.61> <FuncUnit> <Opcode : 'sparsemux'> <InPorts = 2> <OutPorts = 1>
ST_11 : Operation 675 [1/2] ( I:3.25ns O:3.25ns )   --->   "%tile_in_11_load = load i4 %tile_in_11_addr" [cnn_accel.cpp:63]   --->   Operation 675 'load' 'tile_in_11_load' <Predicate = (trunc_ln64 == 0 & trunc_ln63 == 1)> <Delay = 3.25> <CoreInst = "RAM_T2P_BRAM">   --->   Core 93 'RAM_T2P_BRAM' <Latency = 1> <II = 1> <Delay = 3.25> <Storage> <Opcode : 'load' 'store'> <Ports = 2> <Width = 8> <Depth = 16> <RAM>
ST_11 : Operation 676 [1/2] ( I:3.25ns O:3.25ns )   --->   "%tile_in_14_load = load i4 %tile_in_14_addr" [cnn_accel.cpp:63]   --->   Operation 676 'load' 'tile_in_14_load' <Predicate = (trunc_ln64 == 1 & trunc_ln63 == 1)> <Delay = 3.25> <CoreInst = "RAM_T2P_BRAM">   --->   Core 93 'RAM_T2P_BRAM' <Latency = 1> <II = 1> <Delay = 3.25> <Storage> <Opcode : 'load' 'store'> <Ports = 2> <Width = 8> <Depth = 16> <RAM>
ST_11 : Operation 677 [1/2] ( I:3.25ns O:3.25ns )   --->   "%tile_in_17_load = load i4 %tile_in_17_addr" [cnn_accel.cpp:63]   --->   Operation 677 'load' 'tile_in_17_load' <Predicate = (trunc_ln64 == 2 & trunc_ln63 == 1)> <Delay = 3.25> <CoreInst = "RAM_T2P_BRAM">   --->   Core 93 'RAM_T2P_BRAM' <Latency = 1> <II = 1> <Delay = 3.25> <Storage> <Opcode : 'load' 'store'> <Ports = 2> <Width = 8> <Depth = 16> <RAM>
ST_11 : Operation 678 [1/1] (1.61ns)   --->   "%tmp_s = sparsemux i8 @_ssdm_op_SparseMux.ap_auto.3i8.i8.i2, i2 0, i8 %tile_in_11_load, i2 1, i8 %tile_in_14_load, i2 2, i8 %tile_in_17_load, i8 0, i2 %trunc_ln64" [cnn_accel.cpp:63]   --->   Operation 678 'sparsemux' 'tmp_s' <Predicate = (trunc_ln63 == 1)> <Delay = 1.61> <CoreInst = "OneHotSparseMux_HasDef">   --->   Core 140 'OneHotSparseMux_HasDef' <Latency = 0> <II = 1> <Delay = 1.61> <FuncUnit> <Opcode : 'sparsemux'> <InPorts = 2> <OutPorts = 1>
ST_11 : Operation 679 [1/2] ( I:3.25ns O:3.25ns )   --->   "%tile_in_20_load = load i4 %tile_in_20_addr" [cnn_accel.cpp:63]   --->   Operation 679 'load' 'tile_in_20_load' <Predicate = (trunc_ln64 == 0 & trunc_ln63 == 2)> <Delay = 3.25> <CoreInst = "RAM_T2P_BRAM">   --->   Core 93 'RAM_T2P_BRAM' <Latency = 1> <II = 1> <Delay = 3.25> <Storage> <Opcode : 'load' 'store'> <Ports = 2> <Width = 8> <Depth = 16> <RAM>
ST_11 : Operation 680 [1/2] ( I:3.25ns O:3.25ns )   --->   "%tile_in_23_load = load i4 %tile_in_23_addr" [cnn_accel.cpp:63]   --->   Operation 680 'load' 'tile_in_23_load' <Predicate = (trunc_ln64 == 1 & trunc_ln63 == 2)> <Delay = 3.25> <CoreInst = "RAM_T2P_BRAM">   --->   Core 93 'RAM_T2P_BRAM' <Latency = 1> <II = 1> <Delay = 3.25> <Storage> <Opcode : 'load' 'store'> <Ports = 2> <Width = 8> <Depth = 16> <RAM>
ST_11 : Operation 681 [1/2] ( I:3.25ns O:3.25ns )   --->   "%tile_in_26_load = load i4 %tile_in_26_addr" [cnn_accel.cpp:63]   --->   Operation 681 'load' 'tile_in_26_load' <Predicate = (trunc_ln64 == 2 & trunc_ln63 == 2)> <Delay = 3.25> <CoreInst = "RAM_T2P_BRAM">   --->   Core 93 'RAM_T2P_BRAM' <Latency = 1> <II = 1> <Delay = 3.25> <Storage> <Opcode : 'load' 'store'> <Ports = 2> <Width = 8> <Depth = 16> <RAM>
ST_11 : Operation 682 [1/1] (1.61ns)   --->   "%tmp_4 = sparsemux i8 @_ssdm_op_SparseMux.ap_auto.3i8.i8.i2, i2 0, i8 %tile_in_20_load, i2 1, i8 %tile_in_23_load, i2 2, i8 %tile_in_26_load, i8 0, i2 %trunc_ln64" [cnn_accel.cpp:63]   --->   Operation 682 'sparsemux' 'tmp_4' <Predicate = (trunc_ln63 == 2)> <Delay = 1.61> <CoreInst = "OneHotSparseMux_HasDef">   --->   Core 140 'OneHotSparseMux_HasDef' <Latency = 0> <II = 1> <Delay = 1.61> <FuncUnit> <Opcode : 'sparsemux'> <InPorts = 2> <OutPorts = 1>
ST_11 : Operation 683 [1/1] (1.61ns)   --->   "%in_val_2 = sparsemux i8 @_ssdm_op_SparseMux.ap_auto.3i8.i8.i2, i2 0, i8 %tmp_9, i2 1, i8 %tmp_s, i2 2, i8 %tmp_4, i8 0, i2 %trunc_ln63" [cnn_accel.cpp:63]   --->   Operation 683 'sparsemux' 'in_val_2' <Predicate = true> <Delay = 1.61> <CoreInst = "OneHotSparseMux_HasDef">   --->   Core 140 'OneHotSparseMux_HasDef' <Latency = 0> <II = 1> <Delay = 1.61> <FuncUnit> <Opcode : 'sparsemux'> <InPorts = 2> <OutPorts = 1>
ST_11 : Operation 684 [1/2] ( I:3.25ns O:3.25ns )   --->   "%tile_in_load_1 = load i4 %tile_in_addr_3" [cnn_accel.cpp:63]   --->   Operation 684 'load' 'tile_in_load_1' <Predicate = (trunc_ln63 == 0 & trunc_ln64 == 2)> <Delay = 3.25> <CoreInst = "RAM_T2P_BRAM">   --->   Core 93 'RAM_T2P_BRAM' <Latency = 1> <II = 1> <Delay = 3.25> <Storage> <Opcode : 'load' 'store'> <Ports = 2> <Width = 8> <Depth = 16> <RAM>
ST_11 : Operation 685 [1/2] ( I:3.25ns O:3.25ns )   --->   "%tile_in_3_load_1 = load i4 %tile_in_3_addr_3" [cnn_accel.cpp:63]   --->   Operation 685 'load' 'tile_in_3_load_1' <Predicate = (trunc_ln63 == 0 & trunc_ln64 == 0)> <Delay = 3.25> <CoreInst = "RAM_T2P_BRAM">   --->   Core 93 'RAM_T2P_BRAM' <Latency = 1> <II = 1> <Delay = 3.25> <Storage> <Opcode : 'load' 'store'> <Ports = 2> <Width = 8> <Depth = 16> <RAM>
ST_11 : Operation 686 [1/2] ( I:3.25ns O:3.25ns )   --->   "%tile_in_6_load_1 = load i4 %tile_in_6_addr_3" [cnn_accel.cpp:63]   --->   Operation 686 'load' 'tile_in_6_load_1' <Predicate = (trunc_ln63 == 0 & trunc_ln64 == 1)> <Delay = 3.25> <CoreInst = "RAM_T2P_BRAM">   --->   Core 93 'RAM_T2P_BRAM' <Latency = 1> <II = 1> <Delay = 3.25> <Storage> <Opcode : 'load' 'store'> <Ports = 2> <Width = 8> <Depth = 16> <RAM>
ST_11 : Operation 687 [1/1] (1.61ns)   --->   "%tmp_8 = sparsemux i8 @_ssdm_op_SparseMux.ap_auto.3i8.i8.i2, i2 2, i8 %tile_in_load_1, i2 0, i8 %tile_in_3_load_1, i2 1, i8 %tile_in_6_load_1, i8 0, i2 %trunc_ln64" [cnn_accel.cpp:63]   --->   Operation 687 'sparsemux' 'tmp_8' <Predicate = (trunc_ln63 == 0)> <Delay = 1.61> <CoreInst = "OneHotSparseMux_HasDef">   --->   Core 140 'OneHotSparseMux_HasDef' <Latency = 0> <II = 1> <Delay = 1.61> <FuncUnit> <Opcode : 'sparsemux'> <InPorts = 2> <OutPorts = 1>
ST_11 : Operation 688 [1/2] ( I:3.25ns O:3.25ns )   --->   "%tile_in_9_load_1 = load i4 %tile_in_9_addr_3" [cnn_accel.cpp:63]   --->   Operation 688 'load' 'tile_in_9_load_1' <Predicate = (trunc_ln64 == 2 & trunc_ln63 == 1)> <Delay = 3.25> <CoreInst = "RAM_T2P_BRAM">   --->   Core 93 'RAM_T2P_BRAM' <Latency = 1> <II = 1> <Delay = 3.25> <Storage> <Opcode : 'load' 'store'> <Ports = 2> <Width = 8> <Depth = 16> <RAM>
ST_11 : Operation 689 [1/2] ( I:3.25ns O:3.25ns )   --->   "%tile_in_12_load_1 = load i4 %tile_in_12_addr_3" [cnn_accel.cpp:63]   --->   Operation 689 'load' 'tile_in_12_load_1' <Predicate = (trunc_ln64 == 0 & trunc_ln63 == 1)> <Delay = 3.25> <CoreInst = "RAM_T2P_BRAM">   --->   Core 93 'RAM_T2P_BRAM' <Latency = 1> <II = 1> <Delay = 3.25> <Storage> <Opcode : 'load' 'store'> <Ports = 2> <Width = 8> <Depth = 16> <RAM>
ST_11 : Operation 690 [1/2] ( I:3.25ns O:3.25ns )   --->   "%tile_in_15_load_1 = load i4 %tile_in_15_addr_3" [cnn_accel.cpp:63]   --->   Operation 690 'load' 'tile_in_15_load_1' <Predicate = (trunc_ln64 == 1 & trunc_ln63 == 1)> <Delay = 3.25> <CoreInst = "RAM_T2P_BRAM">   --->   Core 93 'RAM_T2P_BRAM' <Latency = 1> <II = 1> <Delay = 3.25> <Storage> <Opcode : 'load' 'store'> <Ports = 2> <Width = 8> <Depth = 16> <RAM>
ST_11 : Operation 691 [1/1] (1.61ns)   --->   "%tmp_10 = sparsemux i8 @_ssdm_op_SparseMux.ap_auto.3i8.i8.i2, i2 2, i8 %tile_in_9_load_1, i2 0, i8 %tile_in_12_load_1, i2 1, i8 %tile_in_15_load_1, i8 0, i2 %trunc_ln64" [cnn_accel.cpp:63]   --->   Operation 691 'sparsemux' 'tmp_10' <Predicate = (trunc_ln63 == 1)> <Delay = 1.61> <CoreInst = "OneHotSparseMux_HasDef">   --->   Core 140 'OneHotSparseMux_HasDef' <Latency = 0> <II = 1> <Delay = 1.61> <FuncUnit> <Opcode : 'sparsemux'> <InPorts = 2> <OutPorts = 1>
ST_11 : Operation 692 [1/2] ( I:3.25ns O:3.25ns )   --->   "%tile_in_18_load_1 = load i4 %tile_in_18_addr_3" [cnn_accel.cpp:63]   --->   Operation 692 'load' 'tile_in_18_load_1' <Predicate = (trunc_ln64 == 2 & trunc_ln63 == 2)> <Delay = 3.25> <CoreInst = "RAM_T2P_BRAM">   --->   Core 93 'RAM_T2P_BRAM' <Latency = 1> <II = 1> <Delay = 3.25> <Storage> <Opcode : 'load' 'store'> <Ports = 2> <Width = 8> <Depth = 16> <RAM>
ST_11 : Operation 693 [1/2] ( I:3.25ns O:3.25ns )   --->   "%tile_in_21_load_1 = load i4 %tile_in_21_addr_3" [cnn_accel.cpp:63]   --->   Operation 693 'load' 'tile_in_21_load_1' <Predicate = (trunc_ln64 == 0 & trunc_ln63 == 2)> <Delay = 3.25> <CoreInst = "RAM_T2P_BRAM">   --->   Core 93 'RAM_T2P_BRAM' <Latency = 1> <II = 1> <Delay = 3.25> <Storage> <Opcode : 'load' 'store'> <Ports = 2> <Width = 8> <Depth = 16> <RAM>
ST_11 : Operation 694 [1/2] ( I:3.25ns O:3.25ns )   --->   "%tile_in_24_load_1 = load i4 %tile_in_24_addr_3" [cnn_accel.cpp:63]   --->   Operation 694 'load' 'tile_in_24_load_1' <Predicate = (trunc_ln64 == 1 & trunc_ln63 == 2)> <Delay = 3.25> <CoreInst = "RAM_T2P_BRAM">   --->   Core 93 'RAM_T2P_BRAM' <Latency = 1> <II = 1> <Delay = 3.25> <Storage> <Opcode : 'load' 'store'> <Ports = 2> <Width = 8> <Depth = 16> <RAM>
ST_11 : Operation 695 [1/1] (1.61ns)   --->   "%tmp_11 = sparsemux i8 @_ssdm_op_SparseMux.ap_auto.3i8.i8.i2, i2 2, i8 %tile_in_18_load_1, i2 0, i8 %tile_in_21_load_1, i2 1, i8 %tile_in_24_load_1, i8 0, i2 %trunc_ln64" [cnn_accel.cpp:63]   --->   Operation 695 'sparsemux' 'tmp_11' <Predicate = (trunc_ln63 == 2)> <Delay = 1.61> <CoreInst = "OneHotSparseMux_HasDef">   --->   Core 140 'OneHotSparseMux_HasDef' <Latency = 0> <II = 1> <Delay = 1.61> <FuncUnit> <Opcode : 'sparsemux'> <InPorts = 2> <OutPorts = 1>
ST_11 : Operation 696 [1/1] (1.61ns)   --->   "%in_val_3 = sparsemux i8 @_ssdm_op_SparseMux.ap_auto.3i8.i8.i2, i2 0, i8 %tmp_8, i2 1, i8 %tmp_10, i2 2, i8 %tmp_11, i8 0, i2 %trunc_ln63" [cnn_accel.cpp:63]   --->   Operation 696 'sparsemux' 'in_val_3' <Predicate = true> <Delay = 1.61> <CoreInst = "OneHotSparseMux_HasDef">   --->   Core 140 'OneHotSparseMux_HasDef' <Latency = 0> <II = 1> <Delay = 1.61> <FuncUnit> <Opcode : 'sparsemux'> <InPorts = 2> <OutPorts = 1>
ST_11 : Operation 697 [1/2] ( I:3.25ns O:3.25ns )   --->   "%tile_in_1_load_1 = load i4 %tile_in_1_addr_3" [cnn_accel.cpp:63]   --->   Operation 697 'load' 'tile_in_1_load_1' <Predicate = (trunc_ln63 == 0 & trunc_ln64 == 2)> <Delay = 3.25> <CoreInst = "RAM_T2P_BRAM">   --->   Core 93 'RAM_T2P_BRAM' <Latency = 1> <II = 1> <Delay = 3.25> <Storage> <Opcode : 'load' 'store'> <Ports = 2> <Width = 8> <Depth = 16> <RAM>
ST_11 : Operation 698 [1/2] ( I:3.25ns O:3.25ns )   --->   "%tile_in_4_load_1 = load i4 %tile_in_4_addr_3" [cnn_accel.cpp:63]   --->   Operation 698 'load' 'tile_in_4_load_1' <Predicate = (trunc_ln63 == 0 & trunc_ln64 == 0)> <Delay = 3.25> <CoreInst = "RAM_T2P_BRAM">   --->   Core 93 'RAM_T2P_BRAM' <Latency = 1> <II = 1> <Delay = 3.25> <Storage> <Opcode : 'load' 'store'> <Ports = 2> <Width = 8> <Depth = 16> <RAM>
ST_11 : Operation 699 [1/2] ( I:3.25ns O:3.25ns )   --->   "%tile_in_7_load_1 = load i4 %tile_in_7_addr_3" [cnn_accel.cpp:63]   --->   Operation 699 'load' 'tile_in_7_load_1' <Predicate = (trunc_ln63 == 0 & trunc_ln64 == 1)> <Delay = 3.25> <CoreInst = "RAM_T2P_BRAM">   --->   Core 93 'RAM_T2P_BRAM' <Latency = 1> <II = 1> <Delay = 3.25> <Storage> <Opcode : 'load' 'store'> <Ports = 2> <Width = 8> <Depth = 16> <RAM>
ST_11 : Operation 700 [1/1] (1.61ns)   --->   "%tmp_12 = sparsemux i8 @_ssdm_op_SparseMux.ap_auto.3i8.i8.i2, i2 2, i8 %tile_in_1_load_1, i2 0, i8 %tile_in_4_load_1, i2 1, i8 %tile_in_7_load_1, i8 0, i2 %trunc_ln64" [cnn_accel.cpp:63]   --->   Operation 700 'sparsemux' 'tmp_12' <Predicate = (trunc_ln63 == 0)> <Delay = 1.61> <CoreInst = "OneHotSparseMux_HasDef">   --->   Core 140 'OneHotSparseMux_HasDef' <Latency = 0> <II = 1> <Delay = 1.61> <FuncUnit> <Opcode : 'sparsemux'> <InPorts = 2> <OutPorts = 1>
ST_11 : Operation 701 [1/2] ( I:3.25ns O:3.25ns )   --->   "%tile_in_10_load_1 = load i4 %tile_in_10_addr_3" [cnn_accel.cpp:63]   --->   Operation 701 'load' 'tile_in_10_load_1' <Predicate = (trunc_ln64 == 2 & trunc_ln63 == 1)> <Delay = 3.25> <CoreInst = "RAM_T2P_BRAM">   --->   Core 93 'RAM_T2P_BRAM' <Latency = 1> <II = 1> <Delay = 3.25> <Storage> <Opcode : 'load' 'store'> <Ports = 2> <Width = 8> <Depth = 16> <RAM>
ST_11 : Operation 702 [1/2] ( I:3.25ns O:3.25ns )   --->   "%tile_in_13_load_1 = load i4 %tile_in_13_addr_3" [cnn_accel.cpp:63]   --->   Operation 702 'load' 'tile_in_13_load_1' <Predicate = (trunc_ln64 == 0 & trunc_ln63 == 1)> <Delay = 3.25> <CoreInst = "RAM_T2P_BRAM">   --->   Core 93 'RAM_T2P_BRAM' <Latency = 1> <II = 1> <Delay = 3.25> <Storage> <Opcode : 'load' 'store'> <Ports = 2> <Width = 8> <Depth = 16> <RAM>
ST_11 : Operation 703 [1/2] ( I:3.25ns O:3.25ns )   --->   "%tile_in_16_load_1 = load i4 %tile_in_16_addr_3" [cnn_accel.cpp:63]   --->   Operation 703 'load' 'tile_in_16_load_1' <Predicate = (trunc_ln64 == 1 & trunc_ln63 == 1)> <Delay = 3.25> <CoreInst = "RAM_T2P_BRAM">   --->   Core 93 'RAM_T2P_BRAM' <Latency = 1> <II = 1> <Delay = 3.25> <Storage> <Opcode : 'load' 'store'> <Ports = 2> <Width = 8> <Depth = 16> <RAM>
ST_11 : Operation 704 [1/1] (1.61ns)   --->   "%tmp_13 = sparsemux i8 @_ssdm_op_SparseMux.ap_auto.3i8.i8.i2, i2 2, i8 %tile_in_10_load_1, i2 0, i8 %tile_in_13_load_1, i2 1, i8 %tile_in_16_load_1, i8 0, i2 %trunc_ln64" [cnn_accel.cpp:63]   --->   Operation 704 'sparsemux' 'tmp_13' <Predicate = (trunc_ln63 == 1)> <Delay = 1.61> <CoreInst = "OneHotSparseMux_HasDef">   --->   Core 140 'OneHotSparseMux_HasDef' <Latency = 0> <II = 1> <Delay = 1.61> <FuncUnit> <Opcode : 'sparsemux'> <InPorts = 2> <OutPorts = 1>
ST_11 : Operation 705 [1/2] ( I:3.25ns O:3.25ns )   --->   "%tile_in_19_load_1 = load i4 %tile_in_19_addr_3" [cnn_accel.cpp:63]   --->   Operation 705 'load' 'tile_in_19_load_1' <Predicate = (trunc_ln64 == 2 & trunc_ln63 == 2)> <Delay = 3.25> <CoreInst = "RAM_T2P_BRAM">   --->   Core 93 'RAM_T2P_BRAM' <Latency = 1> <II = 1> <Delay = 3.25> <Storage> <Opcode : 'load' 'store'> <Ports = 2> <Width = 8> <Depth = 16> <RAM>
ST_11 : Operation 706 [1/2] ( I:3.25ns O:3.25ns )   --->   "%tile_in_22_load_1 = load i4 %tile_in_22_addr_3" [cnn_accel.cpp:63]   --->   Operation 706 'load' 'tile_in_22_load_1' <Predicate = (trunc_ln64 == 0 & trunc_ln63 == 2)> <Delay = 3.25> <CoreInst = "RAM_T2P_BRAM">   --->   Core 93 'RAM_T2P_BRAM' <Latency = 1> <II = 1> <Delay = 3.25> <Storage> <Opcode : 'load' 'store'> <Ports = 2> <Width = 8> <Depth = 16> <RAM>
ST_11 : Operation 707 [1/2] ( I:3.25ns O:3.25ns )   --->   "%tile_in_25_load_1 = load i4 %tile_in_25_addr_3" [cnn_accel.cpp:63]   --->   Operation 707 'load' 'tile_in_25_load_1' <Predicate = (trunc_ln64 == 1 & trunc_ln63 == 2)> <Delay = 3.25> <CoreInst = "RAM_T2P_BRAM">   --->   Core 93 'RAM_T2P_BRAM' <Latency = 1> <II = 1> <Delay = 3.25> <Storage> <Opcode : 'load' 'store'> <Ports = 2> <Width = 8> <Depth = 16> <RAM>
ST_11 : Operation 708 [1/1] (1.61ns)   --->   "%tmp_14 = sparsemux i8 @_ssdm_op_SparseMux.ap_auto.3i8.i8.i2, i2 2, i8 %tile_in_19_load_1, i2 0, i8 %tile_in_22_load_1, i2 1, i8 %tile_in_25_load_1, i8 0, i2 %trunc_ln64" [cnn_accel.cpp:63]   --->   Operation 708 'sparsemux' 'tmp_14' <Predicate = (trunc_ln63 == 2)> <Delay = 1.61> <CoreInst = "OneHotSparseMux_HasDef">   --->   Core 140 'OneHotSparseMux_HasDef' <Latency = 0> <II = 1> <Delay = 1.61> <FuncUnit> <Opcode : 'sparsemux'> <InPorts = 2> <OutPorts = 1>
ST_11 : Operation 709 [1/1] (1.61ns)   --->   "%in_val_4 = sparsemux i8 @_ssdm_op_SparseMux.ap_auto.3i8.i8.i2, i2 0, i8 %tmp_12, i2 1, i8 %tmp_13, i2 2, i8 %tmp_14, i8 0, i2 %trunc_ln63" [cnn_accel.cpp:63]   --->   Operation 709 'sparsemux' 'in_val_4' <Predicate = true> <Delay = 1.61> <CoreInst = "OneHotSparseMux_HasDef">   --->   Core 140 'OneHotSparseMux_HasDef' <Latency = 0> <II = 1> <Delay = 1.61> <FuncUnit> <Opcode : 'sparsemux'> <InPorts = 2> <OutPorts = 1>
ST_11 : Operation 710 [1/2] ( I:3.25ns O:3.25ns )   --->   "%tile_in_2_load_1 = load i4 %tile_in_2_addr_3" [cnn_accel.cpp:63]   --->   Operation 710 'load' 'tile_in_2_load_1' <Predicate = (trunc_ln63 == 0 & trunc_ln64 == 2)> <Delay = 3.25> <CoreInst = "RAM_T2P_BRAM">   --->   Core 93 'RAM_T2P_BRAM' <Latency = 1> <II = 1> <Delay = 3.25> <Storage> <Opcode : 'load' 'store'> <Ports = 2> <Width = 8> <Depth = 16> <RAM>
ST_11 : Operation 711 [1/2] ( I:3.25ns O:3.25ns )   --->   "%tile_in_5_load_1 = load i4 %tile_in_5_addr_3" [cnn_accel.cpp:63]   --->   Operation 711 'load' 'tile_in_5_load_1' <Predicate = (trunc_ln63 == 0 & trunc_ln64 == 0)> <Delay = 3.25> <CoreInst = "RAM_T2P_BRAM">   --->   Core 93 'RAM_T2P_BRAM' <Latency = 1> <II = 1> <Delay = 3.25> <Storage> <Opcode : 'load' 'store'> <Ports = 2> <Width = 8> <Depth = 16> <RAM>
ST_11 : Operation 712 [1/2] ( I:3.25ns O:3.25ns )   --->   "%tile_in_8_load_1 = load i4 %tile_in_8_addr_3" [cnn_accel.cpp:63]   --->   Operation 712 'load' 'tile_in_8_load_1' <Predicate = (trunc_ln63 == 0 & trunc_ln64 == 1)> <Delay = 3.25> <CoreInst = "RAM_T2P_BRAM">   --->   Core 93 'RAM_T2P_BRAM' <Latency = 1> <II = 1> <Delay = 3.25> <Storage> <Opcode : 'load' 'store'> <Ports = 2> <Width = 8> <Depth = 16> <RAM>
ST_11 : Operation 713 [1/1] (1.61ns)   --->   "%tmp_15 = sparsemux i8 @_ssdm_op_SparseMux.ap_auto.3i8.i8.i2, i2 2, i8 %tile_in_2_load_1, i2 0, i8 %tile_in_5_load_1, i2 1, i8 %tile_in_8_load_1, i8 0, i2 %trunc_ln64" [cnn_accel.cpp:63]   --->   Operation 713 'sparsemux' 'tmp_15' <Predicate = (trunc_ln63 == 0)> <Delay = 1.61> <CoreInst = "OneHotSparseMux_HasDef">   --->   Core 140 'OneHotSparseMux_HasDef' <Latency = 0> <II = 1> <Delay = 1.61> <FuncUnit> <Opcode : 'sparsemux'> <InPorts = 2> <OutPorts = 1>
ST_11 : Operation 714 [1/2] ( I:3.25ns O:3.25ns )   --->   "%tile_in_11_load_1 = load i4 %tile_in_11_addr_3" [cnn_accel.cpp:63]   --->   Operation 714 'load' 'tile_in_11_load_1' <Predicate = (trunc_ln64 == 2 & trunc_ln63 == 1)> <Delay = 3.25> <CoreInst = "RAM_T2P_BRAM">   --->   Core 93 'RAM_T2P_BRAM' <Latency = 1> <II = 1> <Delay = 3.25> <Storage> <Opcode : 'load' 'store'> <Ports = 2> <Width = 8> <Depth = 16> <RAM>
ST_11 : Operation 715 [1/2] ( I:3.25ns O:3.25ns )   --->   "%tile_in_14_load_1 = load i4 %tile_in_14_addr_3" [cnn_accel.cpp:63]   --->   Operation 715 'load' 'tile_in_14_load_1' <Predicate = (trunc_ln64 == 0 & trunc_ln63 == 1)> <Delay = 3.25> <CoreInst = "RAM_T2P_BRAM">   --->   Core 93 'RAM_T2P_BRAM' <Latency = 1> <II = 1> <Delay = 3.25> <Storage> <Opcode : 'load' 'store'> <Ports = 2> <Width = 8> <Depth = 16> <RAM>
ST_11 : Operation 716 [1/2] ( I:3.25ns O:3.25ns )   --->   "%tile_in_17_load_1 = load i4 %tile_in_17_addr_3" [cnn_accel.cpp:63]   --->   Operation 716 'load' 'tile_in_17_load_1' <Predicate = (trunc_ln64 == 1 & trunc_ln63 == 1)> <Delay = 3.25> <CoreInst = "RAM_T2P_BRAM">   --->   Core 93 'RAM_T2P_BRAM' <Latency = 1> <II = 1> <Delay = 3.25> <Storage> <Opcode : 'load' 'store'> <Ports = 2> <Width = 8> <Depth = 16> <RAM>
ST_11 : Operation 717 [1/1] (1.61ns)   --->   "%tmp_16 = sparsemux i8 @_ssdm_op_SparseMux.ap_auto.3i8.i8.i2, i2 2, i8 %tile_in_11_load_1, i2 0, i8 %tile_in_14_load_1, i2 1, i8 %tile_in_17_load_1, i8 0, i2 %trunc_ln64" [cnn_accel.cpp:63]   --->   Operation 717 'sparsemux' 'tmp_16' <Predicate = (trunc_ln63 == 1)> <Delay = 1.61> <CoreInst = "OneHotSparseMux_HasDef">   --->   Core 140 'OneHotSparseMux_HasDef' <Latency = 0> <II = 1> <Delay = 1.61> <FuncUnit> <Opcode : 'sparsemux'> <InPorts = 2> <OutPorts = 1>
ST_11 : Operation 718 [1/2] ( I:3.25ns O:3.25ns )   --->   "%tile_in_20_load_1 = load i4 %tile_in_20_addr_3" [cnn_accel.cpp:63]   --->   Operation 718 'load' 'tile_in_20_load_1' <Predicate = (trunc_ln64 == 2 & trunc_ln63 == 2)> <Delay = 3.25> <CoreInst = "RAM_T2P_BRAM">   --->   Core 93 'RAM_T2P_BRAM' <Latency = 1> <II = 1> <Delay = 3.25> <Storage> <Opcode : 'load' 'store'> <Ports = 2> <Width = 8> <Depth = 16> <RAM>
ST_11 : Operation 719 [1/2] ( I:3.25ns O:3.25ns )   --->   "%tile_in_23_load_1 = load i4 %tile_in_23_addr_3" [cnn_accel.cpp:63]   --->   Operation 719 'load' 'tile_in_23_load_1' <Predicate = (trunc_ln64 == 0 & trunc_ln63 == 2)> <Delay = 3.25> <CoreInst = "RAM_T2P_BRAM">   --->   Core 93 'RAM_T2P_BRAM' <Latency = 1> <II = 1> <Delay = 3.25> <Storage> <Opcode : 'load' 'store'> <Ports = 2> <Width = 8> <Depth = 16> <RAM>
ST_11 : Operation 720 [1/2] ( I:3.25ns O:3.25ns )   --->   "%tile_in_26_load_1 = load i4 %tile_in_26_addr_3" [cnn_accel.cpp:63]   --->   Operation 720 'load' 'tile_in_26_load_1' <Predicate = (trunc_ln64 == 1 & trunc_ln63 == 2)> <Delay = 3.25> <CoreInst = "RAM_T2P_BRAM">   --->   Core 93 'RAM_T2P_BRAM' <Latency = 1> <II = 1> <Delay = 3.25> <Storage> <Opcode : 'load' 'store'> <Ports = 2> <Width = 8> <Depth = 16> <RAM>
ST_11 : Operation 721 [1/1] (1.61ns)   --->   "%tmp_17 = sparsemux i8 @_ssdm_op_SparseMux.ap_auto.3i8.i8.i2, i2 2, i8 %tile_in_20_load_1, i2 0, i8 %tile_in_23_load_1, i2 1, i8 %tile_in_26_load_1, i8 0, i2 %trunc_ln64" [cnn_accel.cpp:63]   --->   Operation 721 'sparsemux' 'tmp_17' <Predicate = (trunc_ln63 == 2)> <Delay = 1.61> <CoreInst = "OneHotSparseMux_HasDef">   --->   Core 140 'OneHotSparseMux_HasDef' <Latency = 0> <II = 1> <Delay = 1.61> <FuncUnit> <Opcode : 'sparsemux'> <InPorts = 2> <OutPorts = 1>
ST_11 : Operation 722 [1/1] (1.61ns)   --->   "%in_val_5 = sparsemux i8 @_ssdm_op_SparseMux.ap_auto.3i8.i8.i2, i2 0, i8 %tmp_15, i2 1, i8 %tmp_16, i2 2, i8 %tmp_17, i8 0, i2 %trunc_ln63" [cnn_accel.cpp:63]   --->   Operation 722 'sparsemux' 'in_val_5' <Predicate = true> <Delay = 1.61> <CoreInst = "OneHotSparseMux_HasDef">   --->   Core 140 'OneHotSparseMux_HasDef' <Latency = 0> <II = 1> <Delay = 1.61> <FuncUnit> <Opcode : 'sparsemux'> <InPorts = 2> <OutPorts = 1>
ST_11 : Operation 723 [1/2] ( I:3.25ns O:3.25ns )   --->   "%tile_in_load_2 = load i4 %tile_in_addr_4" [cnn_accel.cpp:63]   --->   Operation 723 'load' 'tile_in_load_2' <Predicate = (trunc_ln63 == 0 & trunc_ln64 == 1)> <Delay = 3.25> <CoreInst = "RAM_T2P_BRAM">   --->   Core 93 'RAM_T2P_BRAM' <Latency = 1> <II = 1> <Delay = 3.25> <Storage> <Opcode : 'load' 'store'> <Ports = 2> <Width = 8> <Depth = 16> <RAM>
ST_11 : Operation 724 [1/2] ( I:3.25ns O:3.25ns )   --->   "%tile_in_3_load_2 = load i4 %tile_in_3_addr_4" [cnn_accel.cpp:63]   --->   Operation 724 'load' 'tile_in_3_load_2' <Predicate = (trunc_ln63 == 0 & trunc_ln64 == 2)> <Delay = 3.25> <CoreInst = "RAM_T2P_BRAM">   --->   Core 93 'RAM_T2P_BRAM' <Latency = 1> <II = 1> <Delay = 3.25> <Storage> <Opcode : 'load' 'store'> <Ports = 2> <Width = 8> <Depth = 16> <RAM>
ST_11 : Operation 725 [1/2] ( I:3.25ns O:3.25ns )   --->   "%tile_in_6_load_2 = load i4 %tile_in_6_addr_4" [cnn_accel.cpp:63]   --->   Operation 725 'load' 'tile_in_6_load_2' <Predicate = (trunc_ln63 == 0 & trunc_ln64 == 0)> <Delay = 3.25> <CoreInst = "RAM_T2P_BRAM">   --->   Core 93 'RAM_T2P_BRAM' <Latency = 1> <II = 1> <Delay = 3.25> <Storage> <Opcode : 'load' 'store'> <Ports = 2> <Width = 8> <Depth = 16> <RAM>
ST_11 : Operation 726 [1/1] (1.61ns)   --->   "%tmp_18 = sparsemux i8 @_ssdm_op_SparseMux.ap_auto.3i8.i8.i2, i2 1, i8 %tile_in_load_2, i2 2, i8 %tile_in_3_load_2, i2 0, i8 %tile_in_6_load_2, i8 0, i2 %trunc_ln64" [cnn_accel.cpp:63]   --->   Operation 726 'sparsemux' 'tmp_18' <Predicate = (trunc_ln63 == 0)> <Delay = 1.61> <CoreInst = "OneHotSparseMux_HasDef">   --->   Core 140 'OneHotSparseMux_HasDef' <Latency = 0> <II = 1> <Delay = 1.61> <FuncUnit> <Opcode : 'sparsemux'> <InPorts = 2> <OutPorts = 1>
ST_11 : Operation 727 [1/2] ( I:3.25ns O:3.25ns )   --->   "%tile_in_9_load_2 = load i4 %tile_in_9_addr_4" [cnn_accel.cpp:63]   --->   Operation 727 'load' 'tile_in_9_load_2' <Predicate = (trunc_ln64 == 1 & trunc_ln63 == 1)> <Delay = 3.25> <CoreInst = "RAM_T2P_BRAM">   --->   Core 93 'RAM_T2P_BRAM' <Latency = 1> <II = 1> <Delay = 3.25> <Storage> <Opcode : 'load' 'store'> <Ports = 2> <Width = 8> <Depth = 16> <RAM>
ST_11 : Operation 728 [1/2] ( I:3.25ns O:3.25ns )   --->   "%tile_in_12_load_2 = load i4 %tile_in_12_addr_4" [cnn_accel.cpp:63]   --->   Operation 728 'load' 'tile_in_12_load_2' <Predicate = (trunc_ln64 == 2 & trunc_ln63 == 1)> <Delay = 3.25> <CoreInst = "RAM_T2P_BRAM">   --->   Core 93 'RAM_T2P_BRAM' <Latency = 1> <II = 1> <Delay = 3.25> <Storage> <Opcode : 'load' 'store'> <Ports = 2> <Width = 8> <Depth = 16> <RAM>
ST_11 : Operation 729 [1/2] ( I:3.25ns O:3.25ns )   --->   "%tile_in_15_load_2 = load i4 %tile_in_15_addr_4" [cnn_accel.cpp:63]   --->   Operation 729 'load' 'tile_in_15_load_2' <Predicate = (trunc_ln64 == 0 & trunc_ln63 == 1)> <Delay = 3.25> <CoreInst = "RAM_T2P_BRAM">   --->   Core 93 'RAM_T2P_BRAM' <Latency = 1> <II = 1> <Delay = 3.25> <Storage> <Opcode : 'load' 'store'> <Ports = 2> <Width = 8> <Depth = 16> <RAM>
ST_11 : Operation 730 [1/1] (1.61ns)   --->   "%tmp_19 = sparsemux i8 @_ssdm_op_SparseMux.ap_auto.3i8.i8.i2, i2 1, i8 %tile_in_9_load_2, i2 2, i8 %tile_in_12_load_2, i2 0, i8 %tile_in_15_load_2, i8 0, i2 %trunc_ln64" [cnn_accel.cpp:63]   --->   Operation 730 'sparsemux' 'tmp_19' <Predicate = (trunc_ln63 == 1)> <Delay = 1.61> <CoreInst = "OneHotSparseMux_HasDef">   --->   Core 140 'OneHotSparseMux_HasDef' <Latency = 0> <II = 1> <Delay = 1.61> <FuncUnit> <Opcode : 'sparsemux'> <InPorts = 2> <OutPorts = 1>
ST_11 : Operation 731 [1/2] ( I:3.25ns O:3.25ns )   --->   "%tile_in_18_load_2 = load i4 %tile_in_18_addr_4" [cnn_accel.cpp:63]   --->   Operation 731 'load' 'tile_in_18_load_2' <Predicate = (trunc_ln64 == 1 & trunc_ln63 == 2)> <Delay = 3.25> <CoreInst = "RAM_T2P_BRAM">   --->   Core 93 'RAM_T2P_BRAM' <Latency = 1> <II = 1> <Delay = 3.25> <Storage> <Opcode : 'load' 'store'> <Ports = 2> <Width = 8> <Depth = 16> <RAM>
ST_11 : Operation 732 [1/2] ( I:3.25ns O:3.25ns )   --->   "%tile_in_21_load_2 = load i4 %tile_in_21_addr_4" [cnn_accel.cpp:63]   --->   Operation 732 'load' 'tile_in_21_load_2' <Predicate = (trunc_ln64 == 2 & trunc_ln63 == 2)> <Delay = 3.25> <CoreInst = "RAM_T2P_BRAM">   --->   Core 93 'RAM_T2P_BRAM' <Latency = 1> <II = 1> <Delay = 3.25> <Storage> <Opcode : 'load' 'store'> <Ports = 2> <Width = 8> <Depth = 16> <RAM>
ST_11 : Operation 733 [1/2] ( I:3.25ns O:3.25ns )   --->   "%tile_in_24_load_2 = load i4 %tile_in_24_addr_4" [cnn_accel.cpp:63]   --->   Operation 733 'load' 'tile_in_24_load_2' <Predicate = (trunc_ln64 == 0 & trunc_ln63 == 2)> <Delay = 3.25> <CoreInst = "RAM_T2P_BRAM">   --->   Core 93 'RAM_T2P_BRAM' <Latency = 1> <II = 1> <Delay = 3.25> <Storage> <Opcode : 'load' 'store'> <Ports = 2> <Width = 8> <Depth = 16> <RAM>
ST_11 : Operation 734 [1/1] (1.61ns)   --->   "%tmp_20 = sparsemux i8 @_ssdm_op_SparseMux.ap_auto.3i8.i8.i2, i2 1, i8 %tile_in_18_load_2, i2 2, i8 %tile_in_21_load_2, i2 0, i8 %tile_in_24_load_2, i8 0, i2 %trunc_ln64" [cnn_accel.cpp:63]   --->   Operation 734 'sparsemux' 'tmp_20' <Predicate = (trunc_ln63 == 2)> <Delay = 1.61> <CoreInst = "OneHotSparseMux_HasDef">   --->   Core 140 'OneHotSparseMux_HasDef' <Latency = 0> <II = 1> <Delay = 1.61> <FuncUnit> <Opcode : 'sparsemux'> <InPorts = 2> <OutPorts = 1>
ST_11 : Operation 735 [1/1] (1.61ns)   --->   "%in_val_6 = sparsemux i8 @_ssdm_op_SparseMux.ap_auto.3i8.i8.i2, i2 0, i8 %tmp_18, i2 1, i8 %tmp_19, i2 2, i8 %tmp_20, i8 0, i2 %trunc_ln63" [cnn_accel.cpp:63]   --->   Operation 735 'sparsemux' 'in_val_6' <Predicate = true> <Delay = 1.61> <CoreInst = "OneHotSparseMux_HasDef">   --->   Core 140 'OneHotSparseMux_HasDef' <Latency = 0> <II = 1> <Delay = 1.61> <FuncUnit> <Opcode : 'sparsemux'> <InPorts = 2> <OutPorts = 1>
ST_11 : Operation 736 [1/2] ( I:3.25ns O:3.25ns )   --->   "%tile_in_1_load_2 = load i4 %tile_in_1_addr_4" [cnn_accel.cpp:63]   --->   Operation 736 'load' 'tile_in_1_load_2' <Predicate = (trunc_ln63 == 0 & trunc_ln64 == 1)> <Delay = 3.25> <CoreInst = "RAM_T2P_BRAM">   --->   Core 93 'RAM_T2P_BRAM' <Latency = 1> <II = 1> <Delay = 3.25> <Storage> <Opcode : 'load' 'store'> <Ports = 2> <Width = 8> <Depth = 16> <RAM>
ST_11 : Operation 737 [1/2] ( I:3.25ns O:3.25ns )   --->   "%tile_in_4_load_2 = load i4 %tile_in_4_addr_4" [cnn_accel.cpp:63]   --->   Operation 737 'load' 'tile_in_4_load_2' <Predicate = (trunc_ln63 == 0 & trunc_ln64 == 2)> <Delay = 3.25> <CoreInst = "RAM_T2P_BRAM">   --->   Core 93 'RAM_T2P_BRAM' <Latency = 1> <II = 1> <Delay = 3.25> <Storage> <Opcode : 'load' 'store'> <Ports = 2> <Width = 8> <Depth = 16> <RAM>
ST_11 : Operation 738 [1/2] ( I:3.25ns O:3.25ns )   --->   "%tile_in_7_load_2 = load i4 %tile_in_7_addr_4" [cnn_accel.cpp:63]   --->   Operation 738 'load' 'tile_in_7_load_2' <Predicate = (trunc_ln63 == 0 & trunc_ln64 == 0)> <Delay = 3.25> <CoreInst = "RAM_T2P_BRAM">   --->   Core 93 'RAM_T2P_BRAM' <Latency = 1> <II = 1> <Delay = 3.25> <Storage> <Opcode : 'load' 'store'> <Ports = 2> <Width = 8> <Depth = 16> <RAM>
ST_11 : Operation 739 [1/1] (1.61ns)   --->   "%tmp_21 = sparsemux i8 @_ssdm_op_SparseMux.ap_auto.3i8.i8.i2, i2 1, i8 %tile_in_1_load_2, i2 2, i8 %tile_in_4_load_2, i2 0, i8 %tile_in_7_load_2, i8 0, i2 %trunc_ln64" [cnn_accel.cpp:63]   --->   Operation 739 'sparsemux' 'tmp_21' <Predicate = (trunc_ln63 == 0)> <Delay = 1.61> <CoreInst = "OneHotSparseMux_HasDef">   --->   Core 140 'OneHotSparseMux_HasDef' <Latency = 0> <II = 1> <Delay = 1.61> <FuncUnit> <Opcode : 'sparsemux'> <InPorts = 2> <OutPorts = 1>
ST_11 : Operation 740 [1/2] ( I:3.25ns O:3.25ns )   --->   "%tile_in_10_load_2 = load i4 %tile_in_10_addr_4" [cnn_accel.cpp:63]   --->   Operation 740 'load' 'tile_in_10_load_2' <Predicate = (trunc_ln64 == 1 & trunc_ln63 == 1)> <Delay = 3.25> <CoreInst = "RAM_T2P_BRAM">   --->   Core 93 'RAM_T2P_BRAM' <Latency = 1> <II = 1> <Delay = 3.25> <Storage> <Opcode : 'load' 'store'> <Ports = 2> <Width = 8> <Depth = 16> <RAM>
ST_11 : Operation 741 [1/2] ( I:3.25ns O:3.25ns )   --->   "%tile_in_13_load_2 = load i4 %tile_in_13_addr_4" [cnn_accel.cpp:63]   --->   Operation 741 'load' 'tile_in_13_load_2' <Predicate = (trunc_ln64 == 2 & trunc_ln63 == 1)> <Delay = 3.25> <CoreInst = "RAM_T2P_BRAM">   --->   Core 93 'RAM_T2P_BRAM' <Latency = 1> <II = 1> <Delay = 3.25> <Storage> <Opcode : 'load' 'store'> <Ports = 2> <Width = 8> <Depth = 16> <RAM>
ST_11 : Operation 742 [1/2] ( I:3.25ns O:3.25ns )   --->   "%tile_in_16_load_2 = load i4 %tile_in_16_addr_4" [cnn_accel.cpp:63]   --->   Operation 742 'load' 'tile_in_16_load_2' <Predicate = (trunc_ln64 == 0 & trunc_ln63 == 1)> <Delay = 3.25> <CoreInst = "RAM_T2P_BRAM">   --->   Core 93 'RAM_T2P_BRAM' <Latency = 1> <II = 1> <Delay = 3.25> <Storage> <Opcode : 'load' 'store'> <Ports = 2> <Width = 8> <Depth = 16> <RAM>
ST_11 : Operation 743 [1/1] (1.61ns)   --->   "%tmp_22 = sparsemux i8 @_ssdm_op_SparseMux.ap_auto.3i8.i8.i2, i2 1, i8 %tile_in_10_load_2, i2 2, i8 %tile_in_13_load_2, i2 0, i8 %tile_in_16_load_2, i8 0, i2 %trunc_ln64" [cnn_accel.cpp:63]   --->   Operation 743 'sparsemux' 'tmp_22' <Predicate = (trunc_ln63 == 1)> <Delay = 1.61> <CoreInst = "OneHotSparseMux_HasDef">   --->   Core 140 'OneHotSparseMux_HasDef' <Latency = 0> <II = 1> <Delay = 1.61> <FuncUnit> <Opcode : 'sparsemux'> <InPorts = 2> <OutPorts = 1>
ST_11 : Operation 744 [1/2] ( I:3.25ns O:3.25ns )   --->   "%tile_in_19_load_2 = load i4 %tile_in_19_addr_4" [cnn_accel.cpp:63]   --->   Operation 744 'load' 'tile_in_19_load_2' <Predicate = (trunc_ln64 == 1 & trunc_ln63 == 2)> <Delay = 3.25> <CoreInst = "RAM_T2P_BRAM">   --->   Core 93 'RAM_T2P_BRAM' <Latency = 1> <II = 1> <Delay = 3.25> <Storage> <Opcode : 'load' 'store'> <Ports = 2> <Width = 8> <Depth = 16> <RAM>
ST_11 : Operation 745 [1/2] ( I:3.25ns O:3.25ns )   --->   "%tile_in_22_load_2 = load i4 %tile_in_22_addr_4" [cnn_accel.cpp:63]   --->   Operation 745 'load' 'tile_in_22_load_2' <Predicate = (trunc_ln64 == 2 & trunc_ln63 == 2)> <Delay = 3.25> <CoreInst = "RAM_T2P_BRAM">   --->   Core 93 'RAM_T2P_BRAM' <Latency = 1> <II = 1> <Delay = 3.25> <Storage> <Opcode : 'load' 'store'> <Ports = 2> <Width = 8> <Depth = 16> <RAM>
ST_11 : Operation 746 [1/2] ( I:3.25ns O:3.25ns )   --->   "%tile_in_25_load_2 = load i4 %tile_in_25_addr_4" [cnn_accel.cpp:63]   --->   Operation 746 'load' 'tile_in_25_load_2' <Predicate = (trunc_ln64 == 0 & trunc_ln63 == 2)> <Delay = 3.25> <CoreInst = "RAM_T2P_BRAM">   --->   Core 93 'RAM_T2P_BRAM' <Latency = 1> <II = 1> <Delay = 3.25> <Storage> <Opcode : 'load' 'store'> <Ports = 2> <Width = 8> <Depth = 16> <RAM>
ST_11 : Operation 747 [1/1] (1.61ns)   --->   "%tmp_23 = sparsemux i8 @_ssdm_op_SparseMux.ap_auto.3i8.i8.i2, i2 1, i8 %tile_in_19_load_2, i2 2, i8 %tile_in_22_load_2, i2 0, i8 %tile_in_25_load_2, i8 0, i2 %trunc_ln64" [cnn_accel.cpp:63]   --->   Operation 747 'sparsemux' 'tmp_23' <Predicate = (trunc_ln63 == 2)> <Delay = 1.61> <CoreInst = "OneHotSparseMux_HasDef">   --->   Core 140 'OneHotSparseMux_HasDef' <Latency = 0> <II = 1> <Delay = 1.61> <FuncUnit> <Opcode : 'sparsemux'> <InPorts = 2> <OutPorts = 1>
ST_11 : Operation 748 [1/1] (1.61ns)   --->   "%in_val_7 = sparsemux i8 @_ssdm_op_SparseMux.ap_auto.3i8.i8.i2, i2 0, i8 %tmp_21, i2 1, i8 %tmp_22, i2 2, i8 %tmp_23, i8 0, i2 %trunc_ln63" [cnn_accel.cpp:63]   --->   Operation 748 'sparsemux' 'in_val_7' <Predicate = true> <Delay = 1.61> <CoreInst = "OneHotSparseMux_HasDef">   --->   Core 140 'OneHotSparseMux_HasDef' <Latency = 0> <II = 1> <Delay = 1.61> <FuncUnit> <Opcode : 'sparsemux'> <InPorts = 2> <OutPorts = 1>
ST_11 : Operation 749 [1/2] ( I:3.25ns O:3.25ns )   --->   "%tile_in_2_load_2 = load i4 %tile_in_2_addr_4" [cnn_accel.cpp:63]   --->   Operation 749 'load' 'tile_in_2_load_2' <Predicate = (trunc_ln63 == 0 & trunc_ln64 == 1)> <Delay = 3.25> <CoreInst = "RAM_T2P_BRAM">   --->   Core 93 'RAM_T2P_BRAM' <Latency = 1> <II = 1> <Delay = 3.25> <Storage> <Opcode : 'load' 'store'> <Ports = 2> <Width = 8> <Depth = 16> <RAM>
ST_11 : Operation 750 [1/2] ( I:3.25ns O:3.25ns )   --->   "%tile_in_5_load_2 = load i4 %tile_in_5_addr_4" [cnn_accel.cpp:63]   --->   Operation 750 'load' 'tile_in_5_load_2' <Predicate = (trunc_ln63 == 0 & trunc_ln64 == 2)> <Delay = 3.25> <CoreInst = "RAM_T2P_BRAM">   --->   Core 93 'RAM_T2P_BRAM' <Latency = 1> <II = 1> <Delay = 3.25> <Storage> <Opcode : 'load' 'store'> <Ports = 2> <Width = 8> <Depth = 16> <RAM>
ST_11 : Operation 751 [1/2] ( I:3.25ns O:3.25ns )   --->   "%tile_in_8_load_2 = load i4 %tile_in_8_addr_4" [cnn_accel.cpp:63]   --->   Operation 751 'load' 'tile_in_8_load_2' <Predicate = (trunc_ln63 == 0 & trunc_ln64 == 0)> <Delay = 3.25> <CoreInst = "RAM_T2P_BRAM">   --->   Core 93 'RAM_T2P_BRAM' <Latency = 1> <II = 1> <Delay = 3.25> <Storage> <Opcode : 'load' 'store'> <Ports = 2> <Width = 8> <Depth = 16> <RAM>
ST_11 : Operation 752 [1/1] (1.61ns)   --->   "%tmp_24 = sparsemux i8 @_ssdm_op_SparseMux.ap_auto.3i8.i8.i2, i2 1, i8 %tile_in_2_load_2, i2 2, i8 %tile_in_5_load_2, i2 0, i8 %tile_in_8_load_2, i8 0, i2 %trunc_ln64" [cnn_accel.cpp:63]   --->   Operation 752 'sparsemux' 'tmp_24' <Predicate = (trunc_ln63 == 0)> <Delay = 1.61> <CoreInst = "OneHotSparseMux_HasDef">   --->   Core 140 'OneHotSparseMux_HasDef' <Latency = 0> <II = 1> <Delay = 1.61> <FuncUnit> <Opcode : 'sparsemux'> <InPorts = 2> <OutPorts = 1>
ST_11 : Operation 753 [1/2] ( I:3.25ns O:3.25ns )   --->   "%tile_in_11_load_2 = load i4 %tile_in_11_addr_4" [cnn_accel.cpp:63]   --->   Operation 753 'load' 'tile_in_11_load_2' <Predicate = (trunc_ln64 == 1 & trunc_ln63 == 1)> <Delay = 3.25> <CoreInst = "RAM_T2P_BRAM">   --->   Core 93 'RAM_T2P_BRAM' <Latency = 1> <II = 1> <Delay = 3.25> <Storage> <Opcode : 'load' 'store'> <Ports = 2> <Width = 8> <Depth = 16> <RAM>
ST_11 : Operation 754 [1/2] ( I:3.25ns O:3.25ns )   --->   "%tile_in_14_load_2 = load i4 %tile_in_14_addr_4" [cnn_accel.cpp:63]   --->   Operation 754 'load' 'tile_in_14_load_2' <Predicate = (trunc_ln64 == 2 & trunc_ln63 == 1)> <Delay = 3.25> <CoreInst = "RAM_T2P_BRAM">   --->   Core 93 'RAM_T2P_BRAM' <Latency = 1> <II = 1> <Delay = 3.25> <Storage> <Opcode : 'load' 'store'> <Ports = 2> <Width = 8> <Depth = 16> <RAM>
ST_11 : Operation 755 [1/2] ( I:3.25ns O:3.25ns )   --->   "%tile_in_17_load_2 = load i4 %tile_in_17_addr_4" [cnn_accel.cpp:63]   --->   Operation 755 'load' 'tile_in_17_load_2' <Predicate = (trunc_ln64 == 0 & trunc_ln63 == 1)> <Delay = 3.25> <CoreInst = "RAM_T2P_BRAM">   --->   Core 93 'RAM_T2P_BRAM' <Latency = 1> <II = 1> <Delay = 3.25> <Storage> <Opcode : 'load' 'store'> <Ports = 2> <Width = 8> <Depth = 16> <RAM>
ST_11 : Operation 756 [1/1] (1.61ns)   --->   "%tmp_25 = sparsemux i8 @_ssdm_op_SparseMux.ap_auto.3i8.i8.i2, i2 1, i8 %tile_in_11_load_2, i2 2, i8 %tile_in_14_load_2, i2 0, i8 %tile_in_17_load_2, i8 0, i2 %trunc_ln64" [cnn_accel.cpp:63]   --->   Operation 756 'sparsemux' 'tmp_25' <Predicate = (trunc_ln63 == 1)> <Delay = 1.61> <CoreInst = "OneHotSparseMux_HasDef">   --->   Core 140 'OneHotSparseMux_HasDef' <Latency = 0> <II = 1> <Delay = 1.61> <FuncUnit> <Opcode : 'sparsemux'> <InPorts = 2> <OutPorts = 1>
ST_11 : Operation 757 [1/2] ( I:3.25ns O:3.25ns )   --->   "%tile_in_20_load_2 = load i4 %tile_in_20_addr_4" [cnn_accel.cpp:63]   --->   Operation 757 'load' 'tile_in_20_load_2' <Predicate = (trunc_ln64 == 1 & trunc_ln63 == 2)> <Delay = 3.25> <CoreInst = "RAM_T2P_BRAM">   --->   Core 93 'RAM_T2P_BRAM' <Latency = 1> <II = 1> <Delay = 3.25> <Storage> <Opcode : 'load' 'store'> <Ports = 2> <Width = 8> <Depth = 16> <RAM>
ST_11 : Operation 758 [1/2] ( I:3.25ns O:3.25ns )   --->   "%tile_in_23_load_2 = load i4 %tile_in_23_addr_4" [cnn_accel.cpp:63]   --->   Operation 758 'load' 'tile_in_23_load_2' <Predicate = (trunc_ln64 == 2 & trunc_ln63 == 2)> <Delay = 3.25> <CoreInst = "RAM_T2P_BRAM">   --->   Core 93 'RAM_T2P_BRAM' <Latency = 1> <II = 1> <Delay = 3.25> <Storage> <Opcode : 'load' 'store'> <Ports = 2> <Width = 8> <Depth = 16> <RAM>
ST_11 : Operation 759 [1/2] ( I:3.25ns O:3.25ns )   --->   "%tile_in_26_load_2 = load i4 %tile_in_26_addr_4" [cnn_accel.cpp:63]   --->   Operation 759 'load' 'tile_in_26_load_2' <Predicate = (trunc_ln64 == 0 & trunc_ln63 == 2)> <Delay = 3.25> <CoreInst = "RAM_T2P_BRAM">   --->   Core 93 'RAM_T2P_BRAM' <Latency = 1> <II = 1> <Delay = 3.25> <Storage> <Opcode : 'load' 'store'> <Ports = 2> <Width = 8> <Depth = 16> <RAM>
ST_11 : Operation 760 [1/1] (1.61ns)   --->   "%tmp_26 = sparsemux i8 @_ssdm_op_SparseMux.ap_auto.3i8.i8.i2, i2 1, i8 %tile_in_20_load_2, i2 2, i8 %tile_in_23_load_2, i2 0, i8 %tile_in_26_load_2, i8 0, i2 %trunc_ln64" [cnn_accel.cpp:63]   --->   Operation 760 'sparsemux' 'tmp_26' <Predicate = (trunc_ln63 == 2)> <Delay = 1.61> <CoreInst = "OneHotSparseMux_HasDef">   --->   Core 140 'OneHotSparseMux_HasDef' <Latency = 0> <II = 1> <Delay = 1.61> <FuncUnit> <Opcode : 'sparsemux'> <InPorts = 2> <OutPorts = 1>
ST_11 : Operation 761 [1/1] (1.61ns)   --->   "%in_val_8 = sparsemux i8 @_ssdm_op_SparseMux.ap_auto.3i8.i8.i2, i2 0, i8 %tmp_24, i2 1, i8 %tmp_25, i2 2, i8 %tmp_26, i8 0, i2 %trunc_ln63" [cnn_accel.cpp:63]   --->   Operation 761 'sparsemux' 'in_val_8' <Predicate = true> <Delay = 1.61> <CoreInst = "OneHotSparseMux_HasDef">   --->   Core 140 'OneHotSparseMux_HasDef' <Latency = 0> <II = 1> <Delay = 1.61> <FuncUnit> <Opcode : 'sparsemux'> <InPorts = 2> <OutPorts = 1>
ST_11 : Operation 762 [1/2] ( I:3.25ns O:3.25ns )   --->   "%tile_in_load_3 = load i4 %tile_in_addr_1" [cnn_accel.cpp:63]   --->   Operation 762 'load' 'tile_in_load_3' <Predicate = (trunc_ln64 == 0 & trunc_ln63 == 2)> <Delay = 3.25> <CoreInst = "RAM_T2P_BRAM">   --->   Core 93 'RAM_T2P_BRAM' <Latency = 1> <II = 1> <Delay = 3.25> <Storage> <Opcode : 'load' 'store'> <Ports = 2> <Width = 8> <Depth = 16> <RAM>
ST_11 : Operation 763 [1/2] ( I:3.25ns O:3.25ns )   --->   "%tile_in_3_load_3 = load i4 %tile_in_3_addr_1" [cnn_accel.cpp:63]   --->   Operation 763 'load' 'tile_in_3_load_3' <Predicate = (trunc_ln64 == 1 & trunc_ln63 == 2)> <Delay = 3.25> <CoreInst = "RAM_T2P_BRAM">   --->   Core 93 'RAM_T2P_BRAM' <Latency = 1> <II = 1> <Delay = 3.25> <Storage> <Opcode : 'load' 'store'> <Ports = 2> <Width = 8> <Depth = 16> <RAM>
ST_11 : Operation 764 [1/2] ( I:3.25ns O:3.25ns )   --->   "%tile_in_6_load_3 = load i4 %tile_in_6_addr_1" [cnn_accel.cpp:63]   --->   Operation 764 'load' 'tile_in_6_load_3' <Predicate = (trunc_ln64 == 2 & trunc_ln63 == 2)> <Delay = 3.25> <CoreInst = "RAM_T2P_BRAM">   --->   Core 93 'RAM_T2P_BRAM' <Latency = 1> <II = 1> <Delay = 3.25> <Storage> <Opcode : 'load' 'store'> <Ports = 2> <Width = 8> <Depth = 16> <RAM>
ST_11 : Operation 765 [1/1] (1.61ns)   --->   "%tmp_27 = sparsemux i8 @_ssdm_op_SparseMux.ap_auto.3i8.i8.i2, i2 0, i8 %tile_in_load_3, i2 1, i8 %tile_in_3_load_3, i2 2, i8 %tile_in_6_load_3, i8 0, i2 %trunc_ln64" [cnn_accel.cpp:63]   --->   Operation 765 'sparsemux' 'tmp_27' <Predicate = (trunc_ln63 == 2)> <Delay = 1.61> <CoreInst = "OneHotSparseMux_HasDef">   --->   Core 140 'OneHotSparseMux_HasDef' <Latency = 0> <II = 1> <Delay = 1.61> <FuncUnit> <Opcode : 'sparsemux'> <InPorts = 2> <OutPorts = 1>
ST_11 : Operation 766 [1/2] ( I:3.25ns O:3.25ns )   --->   "%tile_in_9_load_3 = load i4 %tile_in_9_addr_1" [cnn_accel.cpp:63]   --->   Operation 766 'load' 'tile_in_9_load_3' <Predicate = (trunc_ln63 == 0 & trunc_ln64 == 0)> <Delay = 3.25> <CoreInst = "RAM_T2P_BRAM">   --->   Core 93 'RAM_T2P_BRAM' <Latency = 1> <II = 1> <Delay = 3.25> <Storage> <Opcode : 'load' 'store'> <Ports = 2> <Width = 8> <Depth = 16> <RAM>
ST_11 : Operation 767 [1/2] ( I:3.25ns O:3.25ns )   --->   "%tile_in_12_load_3 = load i4 %tile_in_12_addr_1" [cnn_accel.cpp:63]   --->   Operation 767 'load' 'tile_in_12_load_3' <Predicate = (trunc_ln63 == 0 & trunc_ln64 == 1)> <Delay = 3.25> <CoreInst = "RAM_T2P_BRAM">   --->   Core 93 'RAM_T2P_BRAM' <Latency = 1> <II = 1> <Delay = 3.25> <Storage> <Opcode : 'load' 'store'> <Ports = 2> <Width = 8> <Depth = 16> <RAM>
ST_11 : Operation 768 [1/2] ( I:3.25ns O:3.25ns )   --->   "%tile_in_15_load_3 = load i4 %tile_in_15_addr_1" [cnn_accel.cpp:63]   --->   Operation 768 'load' 'tile_in_15_load_3' <Predicate = (trunc_ln63 == 0 & trunc_ln64 == 2)> <Delay = 3.25> <CoreInst = "RAM_T2P_BRAM">   --->   Core 93 'RAM_T2P_BRAM' <Latency = 1> <II = 1> <Delay = 3.25> <Storage> <Opcode : 'load' 'store'> <Ports = 2> <Width = 8> <Depth = 16> <RAM>
ST_11 : Operation 769 [1/1] (1.61ns)   --->   "%tmp_28 = sparsemux i8 @_ssdm_op_SparseMux.ap_auto.3i8.i8.i2, i2 0, i8 %tile_in_9_load_3, i2 1, i8 %tile_in_12_load_3, i2 2, i8 %tile_in_15_load_3, i8 0, i2 %trunc_ln64" [cnn_accel.cpp:63]   --->   Operation 769 'sparsemux' 'tmp_28' <Predicate = (trunc_ln63 == 0)> <Delay = 1.61> <CoreInst = "OneHotSparseMux_HasDef">   --->   Core 140 'OneHotSparseMux_HasDef' <Latency = 0> <II = 1> <Delay = 1.61> <FuncUnit> <Opcode : 'sparsemux'> <InPorts = 2> <OutPorts = 1>
ST_11 : Operation 770 [1/2] ( I:3.25ns O:3.25ns )   --->   "%tile_in_18_load_3 = load i4 %tile_in_18_addr_1" [cnn_accel.cpp:63]   --->   Operation 770 'load' 'tile_in_18_load_3' <Predicate = (trunc_ln64 == 0 & trunc_ln63 == 1)> <Delay = 3.25> <CoreInst = "RAM_T2P_BRAM">   --->   Core 93 'RAM_T2P_BRAM' <Latency = 1> <II = 1> <Delay = 3.25> <Storage> <Opcode : 'load' 'store'> <Ports = 2> <Width = 8> <Depth = 16> <RAM>
ST_11 : Operation 771 [1/2] ( I:3.25ns O:3.25ns )   --->   "%tile_in_21_load_3 = load i4 %tile_in_21_addr_1" [cnn_accel.cpp:63]   --->   Operation 771 'load' 'tile_in_21_load_3' <Predicate = (trunc_ln64 == 1 & trunc_ln63 == 1)> <Delay = 3.25> <CoreInst = "RAM_T2P_BRAM">   --->   Core 93 'RAM_T2P_BRAM' <Latency = 1> <II = 1> <Delay = 3.25> <Storage> <Opcode : 'load' 'store'> <Ports = 2> <Width = 8> <Depth = 16> <RAM>
ST_11 : Operation 772 [1/2] ( I:3.25ns O:3.25ns )   --->   "%tile_in_24_load_3 = load i4 %tile_in_24_addr_1" [cnn_accel.cpp:63]   --->   Operation 772 'load' 'tile_in_24_load_3' <Predicate = (trunc_ln64 == 2 & trunc_ln63 == 1)> <Delay = 3.25> <CoreInst = "RAM_T2P_BRAM">   --->   Core 93 'RAM_T2P_BRAM' <Latency = 1> <II = 1> <Delay = 3.25> <Storage> <Opcode : 'load' 'store'> <Ports = 2> <Width = 8> <Depth = 16> <RAM>
ST_11 : Operation 773 [1/1] (1.61ns)   --->   "%tmp_29 = sparsemux i8 @_ssdm_op_SparseMux.ap_auto.3i8.i8.i2, i2 0, i8 %tile_in_18_load_3, i2 1, i8 %tile_in_21_load_3, i2 2, i8 %tile_in_24_load_3, i8 0, i2 %trunc_ln64" [cnn_accel.cpp:63]   --->   Operation 773 'sparsemux' 'tmp_29' <Predicate = (trunc_ln63 == 1)> <Delay = 1.61> <CoreInst = "OneHotSparseMux_HasDef">   --->   Core 140 'OneHotSparseMux_HasDef' <Latency = 0> <II = 1> <Delay = 1.61> <FuncUnit> <Opcode : 'sparsemux'> <InPorts = 2> <OutPorts = 1>
ST_11 : Operation 774 [1/1] (1.61ns)   --->   "%in_val_9 = sparsemux i8 @_ssdm_op_SparseMux.ap_auto.3i8.i8.i2, i2 2, i8 %tmp_27, i2 0, i8 %tmp_28, i2 1, i8 %tmp_29, i8 0, i2 %trunc_ln63" [cnn_accel.cpp:63]   --->   Operation 774 'sparsemux' 'in_val_9' <Predicate = true> <Delay = 1.61> <CoreInst = "OneHotSparseMux_HasDef">   --->   Core 140 'OneHotSparseMux_HasDef' <Latency = 0> <II = 1> <Delay = 1.61> <FuncUnit> <Opcode : 'sparsemux'> <InPorts = 2> <OutPorts = 1>
ST_11 : Operation 775 [1/2] ( I:3.25ns O:3.25ns )   --->   "%tile_in_1_load_3 = load i4 %tile_in_1_addr_1" [cnn_accel.cpp:63]   --->   Operation 775 'load' 'tile_in_1_load_3' <Predicate = (trunc_ln64 == 0 & trunc_ln63 == 2)> <Delay = 3.25> <CoreInst = "RAM_T2P_BRAM">   --->   Core 93 'RAM_T2P_BRAM' <Latency = 1> <II = 1> <Delay = 3.25> <Storage> <Opcode : 'load' 'store'> <Ports = 2> <Width = 8> <Depth = 16> <RAM>
ST_11 : Operation 776 [1/2] ( I:3.25ns O:3.25ns )   --->   "%tile_in_4_load_3 = load i4 %tile_in_4_addr_1" [cnn_accel.cpp:63]   --->   Operation 776 'load' 'tile_in_4_load_3' <Predicate = (trunc_ln64 == 1 & trunc_ln63 == 2)> <Delay = 3.25> <CoreInst = "RAM_T2P_BRAM">   --->   Core 93 'RAM_T2P_BRAM' <Latency = 1> <II = 1> <Delay = 3.25> <Storage> <Opcode : 'load' 'store'> <Ports = 2> <Width = 8> <Depth = 16> <RAM>
ST_11 : Operation 777 [1/2] ( I:3.25ns O:3.25ns )   --->   "%tile_in_7_load_3 = load i4 %tile_in_7_addr_1" [cnn_accel.cpp:63]   --->   Operation 777 'load' 'tile_in_7_load_3' <Predicate = (trunc_ln64 == 2 & trunc_ln63 == 2)> <Delay = 3.25> <CoreInst = "RAM_T2P_BRAM">   --->   Core 93 'RAM_T2P_BRAM' <Latency = 1> <II = 1> <Delay = 3.25> <Storage> <Opcode : 'load' 'store'> <Ports = 2> <Width = 8> <Depth = 16> <RAM>
ST_11 : Operation 778 [1/1] (1.61ns)   --->   "%tmp_30 = sparsemux i8 @_ssdm_op_SparseMux.ap_auto.3i8.i8.i2, i2 0, i8 %tile_in_1_load_3, i2 1, i8 %tile_in_4_load_3, i2 2, i8 %tile_in_7_load_3, i8 0, i2 %trunc_ln64" [cnn_accel.cpp:63]   --->   Operation 778 'sparsemux' 'tmp_30' <Predicate = (trunc_ln63 == 2)> <Delay = 1.61> <CoreInst = "OneHotSparseMux_HasDef">   --->   Core 140 'OneHotSparseMux_HasDef' <Latency = 0> <II = 1> <Delay = 1.61> <FuncUnit> <Opcode : 'sparsemux'> <InPorts = 2> <OutPorts = 1>
ST_11 : Operation 779 [1/2] ( I:3.25ns O:3.25ns )   --->   "%tile_in_10_load_3 = load i4 %tile_in_10_addr_1" [cnn_accel.cpp:63]   --->   Operation 779 'load' 'tile_in_10_load_3' <Predicate = (trunc_ln63 == 0 & trunc_ln64 == 0)> <Delay = 3.25> <CoreInst = "RAM_T2P_BRAM">   --->   Core 93 'RAM_T2P_BRAM' <Latency = 1> <II = 1> <Delay = 3.25> <Storage> <Opcode : 'load' 'store'> <Ports = 2> <Width = 8> <Depth = 16> <RAM>
ST_11 : Operation 780 [1/2] ( I:3.25ns O:3.25ns )   --->   "%tile_in_13_load_3 = load i4 %tile_in_13_addr_1" [cnn_accel.cpp:63]   --->   Operation 780 'load' 'tile_in_13_load_3' <Predicate = (trunc_ln63 == 0 & trunc_ln64 == 1)> <Delay = 3.25> <CoreInst = "RAM_T2P_BRAM">   --->   Core 93 'RAM_T2P_BRAM' <Latency = 1> <II = 1> <Delay = 3.25> <Storage> <Opcode : 'load' 'store'> <Ports = 2> <Width = 8> <Depth = 16> <RAM>
ST_11 : Operation 781 [1/2] ( I:3.25ns O:3.25ns )   --->   "%tile_in_16_load_3 = load i4 %tile_in_16_addr_1" [cnn_accel.cpp:63]   --->   Operation 781 'load' 'tile_in_16_load_3' <Predicate = (trunc_ln63 == 0 & trunc_ln64 == 2)> <Delay = 3.25> <CoreInst = "RAM_T2P_BRAM">   --->   Core 93 'RAM_T2P_BRAM' <Latency = 1> <II = 1> <Delay = 3.25> <Storage> <Opcode : 'load' 'store'> <Ports = 2> <Width = 8> <Depth = 16> <RAM>
ST_11 : Operation 782 [1/1] (1.61ns)   --->   "%tmp_31 = sparsemux i8 @_ssdm_op_SparseMux.ap_auto.3i8.i8.i2, i2 0, i8 %tile_in_10_load_3, i2 1, i8 %tile_in_13_load_3, i2 2, i8 %tile_in_16_load_3, i8 0, i2 %trunc_ln64" [cnn_accel.cpp:63]   --->   Operation 782 'sparsemux' 'tmp_31' <Predicate = (trunc_ln63 == 0)> <Delay = 1.61> <CoreInst = "OneHotSparseMux_HasDef">   --->   Core 140 'OneHotSparseMux_HasDef' <Latency = 0> <II = 1> <Delay = 1.61> <FuncUnit> <Opcode : 'sparsemux'> <InPorts = 2> <OutPorts = 1>
ST_11 : Operation 783 [1/2] ( I:3.25ns O:3.25ns )   --->   "%tile_in_19_load_3 = load i4 %tile_in_19_addr_1" [cnn_accel.cpp:63]   --->   Operation 783 'load' 'tile_in_19_load_3' <Predicate = (trunc_ln64 == 0 & trunc_ln63 == 1)> <Delay = 3.25> <CoreInst = "RAM_T2P_BRAM">   --->   Core 93 'RAM_T2P_BRAM' <Latency = 1> <II = 1> <Delay = 3.25> <Storage> <Opcode : 'load' 'store'> <Ports = 2> <Width = 8> <Depth = 16> <RAM>
ST_11 : Operation 784 [1/2] ( I:3.25ns O:3.25ns )   --->   "%tile_in_22_load_3 = load i4 %tile_in_22_addr_1" [cnn_accel.cpp:63]   --->   Operation 784 'load' 'tile_in_22_load_3' <Predicate = (trunc_ln64 == 1 & trunc_ln63 == 1)> <Delay = 3.25> <CoreInst = "RAM_T2P_BRAM">   --->   Core 93 'RAM_T2P_BRAM' <Latency = 1> <II = 1> <Delay = 3.25> <Storage> <Opcode : 'load' 'store'> <Ports = 2> <Width = 8> <Depth = 16> <RAM>
ST_11 : Operation 785 [1/2] ( I:3.25ns O:3.25ns )   --->   "%tile_in_25_load_3 = load i4 %tile_in_25_addr_1" [cnn_accel.cpp:63]   --->   Operation 785 'load' 'tile_in_25_load_3' <Predicate = (trunc_ln64 == 2 & trunc_ln63 == 1)> <Delay = 3.25> <CoreInst = "RAM_T2P_BRAM">   --->   Core 93 'RAM_T2P_BRAM' <Latency = 1> <II = 1> <Delay = 3.25> <Storage> <Opcode : 'load' 'store'> <Ports = 2> <Width = 8> <Depth = 16> <RAM>
ST_11 : Operation 786 [1/1] (1.61ns)   --->   "%tmp_32 = sparsemux i8 @_ssdm_op_SparseMux.ap_auto.3i8.i8.i2, i2 0, i8 %tile_in_19_load_3, i2 1, i8 %tile_in_22_load_3, i2 2, i8 %tile_in_25_load_3, i8 0, i2 %trunc_ln64" [cnn_accel.cpp:63]   --->   Operation 786 'sparsemux' 'tmp_32' <Predicate = (trunc_ln63 == 1)> <Delay = 1.61> <CoreInst = "OneHotSparseMux_HasDef">   --->   Core 140 'OneHotSparseMux_HasDef' <Latency = 0> <II = 1> <Delay = 1.61> <FuncUnit> <Opcode : 'sparsemux'> <InPorts = 2> <OutPorts = 1>
ST_11 : Operation 787 [1/1] (1.61ns)   --->   "%in_val_10 = sparsemux i8 @_ssdm_op_SparseMux.ap_auto.3i8.i8.i2, i2 2, i8 %tmp_30, i2 0, i8 %tmp_31, i2 1, i8 %tmp_32, i8 0, i2 %trunc_ln63" [cnn_accel.cpp:63]   --->   Operation 787 'sparsemux' 'in_val_10' <Predicate = true> <Delay = 1.61> <CoreInst = "OneHotSparseMux_HasDef">   --->   Core 140 'OneHotSparseMux_HasDef' <Latency = 0> <II = 1> <Delay = 1.61> <FuncUnit> <Opcode : 'sparsemux'> <InPorts = 2> <OutPorts = 1>
ST_11 : Operation 788 [1/2] ( I:3.25ns O:3.25ns )   --->   "%tile_in_2_load_3 = load i4 %tile_in_2_addr_1" [cnn_accel.cpp:63]   --->   Operation 788 'load' 'tile_in_2_load_3' <Predicate = (trunc_ln64 == 0 & trunc_ln63 == 2)> <Delay = 3.25> <CoreInst = "RAM_T2P_BRAM">   --->   Core 93 'RAM_T2P_BRAM' <Latency = 1> <II = 1> <Delay = 3.25> <Storage> <Opcode : 'load' 'store'> <Ports = 2> <Width = 8> <Depth = 16> <RAM>
ST_11 : Operation 789 [1/2] ( I:3.25ns O:3.25ns )   --->   "%tile_in_5_load_3 = load i4 %tile_in_5_addr_1" [cnn_accel.cpp:63]   --->   Operation 789 'load' 'tile_in_5_load_3' <Predicate = (trunc_ln64 == 1 & trunc_ln63 == 2)> <Delay = 3.25> <CoreInst = "RAM_T2P_BRAM">   --->   Core 93 'RAM_T2P_BRAM' <Latency = 1> <II = 1> <Delay = 3.25> <Storage> <Opcode : 'load' 'store'> <Ports = 2> <Width = 8> <Depth = 16> <RAM>
ST_11 : Operation 790 [1/2] ( I:3.25ns O:3.25ns )   --->   "%tile_in_8_load_3 = load i4 %tile_in_8_addr_1" [cnn_accel.cpp:63]   --->   Operation 790 'load' 'tile_in_8_load_3' <Predicate = (trunc_ln64 == 2 & trunc_ln63 == 2)> <Delay = 3.25> <CoreInst = "RAM_T2P_BRAM">   --->   Core 93 'RAM_T2P_BRAM' <Latency = 1> <II = 1> <Delay = 3.25> <Storage> <Opcode : 'load' 'store'> <Ports = 2> <Width = 8> <Depth = 16> <RAM>
ST_11 : Operation 791 [1/1] (1.61ns)   --->   "%tmp_33 = sparsemux i8 @_ssdm_op_SparseMux.ap_auto.3i8.i8.i2, i2 0, i8 %tile_in_2_load_3, i2 1, i8 %tile_in_5_load_3, i2 2, i8 %tile_in_8_load_3, i8 0, i2 %trunc_ln64" [cnn_accel.cpp:63]   --->   Operation 791 'sparsemux' 'tmp_33' <Predicate = (trunc_ln63 == 2)> <Delay = 1.61> <CoreInst = "OneHotSparseMux_HasDef">   --->   Core 140 'OneHotSparseMux_HasDef' <Latency = 0> <II = 1> <Delay = 1.61> <FuncUnit> <Opcode : 'sparsemux'> <InPorts = 2> <OutPorts = 1>
ST_11 : Operation 792 [1/2] ( I:3.25ns O:3.25ns )   --->   "%tile_in_11_load_3 = load i4 %tile_in_11_addr_1" [cnn_accel.cpp:63]   --->   Operation 792 'load' 'tile_in_11_load_3' <Predicate = (trunc_ln63 == 0 & trunc_ln64 == 0)> <Delay = 3.25> <CoreInst = "RAM_T2P_BRAM">   --->   Core 93 'RAM_T2P_BRAM' <Latency = 1> <II = 1> <Delay = 3.25> <Storage> <Opcode : 'load' 'store'> <Ports = 2> <Width = 8> <Depth = 16> <RAM>
ST_11 : Operation 793 [1/2] ( I:3.25ns O:3.25ns )   --->   "%tile_in_14_load_3 = load i4 %tile_in_14_addr_1" [cnn_accel.cpp:63]   --->   Operation 793 'load' 'tile_in_14_load_3' <Predicate = (trunc_ln63 == 0 & trunc_ln64 == 1)> <Delay = 3.25> <CoreInst = "RAM_T2P_BRAM">   --->   Core 93 'RAM_T2P_BRAM' <Latency = 1> <II = 1> <Delay = 3.25> <Storage> <Opcode : 'load' 'store'> <Ports = 2> <Width = 8> <Depth = 16> <RAM>
ST_11 : Operation 794 [1/2] ( I:3.25ns O:3.25ns )   --->   "%tile_in_17_load_3 = load i4 %tile_in_17_addr_1" [cnn_accel.cpp:63]   --->   Operation 794 'load' 'tile_in_17_load_3' <Predicate = (trunc_ln63 == 0 & trunc_ln64 == 2)> <Delay = 3.25> <CoreInst = "RAM_T2P_BRAM">   --->   Core 93 'RAM_T2P_BRAM' <Latency = 1> <II = 1> <Delay = 3.25> <Storage> <Opcode : 'load' 'store'> <Ports = 2> <Width = 8> <Depth = 16> <RAM>
ST_11 : Operation 795 [1/1] (1.61ns)   --->   "%tmp_34 = sparsemux i8 @_ssdm_op_SparseMux.ap_auto.3i8.i8.i2, i2 0, i8 %tile_in_11_load_3, i2 1, i8 %tile_in_14_load_3, i2 2, i8 %tile_in_17_load_3, i8 0, i2 %trunc_ln64" [cnn_accel.cpp:63]   --->   Operation 795 'sparsemux' 'tmp_34' <Predicate = (trunc_ln63 == 0)> <Delay = 1.61> <CoreInst = "OneHotSparseMux_HasDef">   --->   Core 140 'OneHotSparseMux_HasDef' <Latency = 0> <II = 1> <Delay = 1.61> <FuncUnit> <Opcode : 'sparsemux'> <InPorts = 2> <OutPorts = 1>
ST_11 : Operation 796 [1/2] ( I:3.25ns O:3.25ns )   --->   "%tile_in_20_load_3 = load i4 %tile_in_20_addr_1" [cnn_accel.cpp:63]   --->   Operation 796 'load' 'tile_in_20_load_3' <Predicate = (trunc_ln64 == 0 & trunc_ln63 == 1)> <Delay = 3.25> <CoreInst = "RAM_T2P_BRAM">   --->   Core 93 'RAM_T2P_BRAM' <Latency = 1> <II = 1> <Delay = 3.25> <Storage> <Opcode : 'load' 'store'> <Ports = 2> <Width = 8> <Depth = 16> <RAM>
ST_11 : Operation 797 [1/2] ( I:3.25ns O:3.25ns )   --->   "%tile_in_23_load_3 = load i4 %tile_in_23_addr_1" [cnn_accel.cpp:63]   --->   Operation 797 'load' 'tile_in_23_load_3' <Predicate = (trunc_ln64 == 1 & trunc_ln63 == 1)> <Delay = 3.25> <CoreInst = "RAM_T2P_BRAM">   --->   Core 93 'RAM_T2P_BRAM' <Latency = 1> <II = 1> <Delay = 3.25> <Storage> <Opcode : 'load' 'store'> <Ports = 2> <Width = 8> <Depth = 16> <RAM>
ST_11 : Operation 798 [1/2] ( I:3.25ns O:3.25ns )   --->   "%tile_in_26_load_3 = load i4 %tile_in_26_addr_1" [cnn_accel.cpp:63]   --->   Operation 798 'load' 'tile_in_26_load_3' <Predicate = (trunc_ln64 == 2 & trunc_ln63 == 1)> <Delay = 3.25> <CoreInst = "RAM_T2P_BRAM">   --->   Core 93 'RAM_T2P_BRAM' <Latency = 1> <II = 1> <Delay = 3.25> <Storage> <Opcode : 'load' 'store'> <Ports = 2> <Width = 8> <Depth = 16> <RAM>
ST_11 : Operation 799 [1/1] (1.61ns)   --->   "%tmp_35 = sparsemux i8 @_ssdm_op_SparseMux.ap_auto.3i8.i8.i2, i2 0, i8 %tile_in_20_load_3, i2 1, i8 %tile_in_23_load_3, i2 2, i8 %tile_in_26_load_3, i8 0, i2 %trunc_ln64" [cnn_accel.cpp:63]   --->   Operation 799 'sparsemux' 'tmp_35' <Predicate = (trunc_ln63 == 1)> <Delay = 1.61> <CoreInst = "OneHotSparseMux_HasDef">   --->   Core 140 'OneHotSparseMux_HasDef' <Latency = 0> <II = 1> <Delay = 1.61> <FuncUnit> <Opcode : 'sparsemux'> <InPorts = 2> <OutPorts = 1>
ST_11 : Operation 800 [1/1] (1.61ns)   --->   "%in_val_11 = sparsemux i8 @_ssdm_op_SparseMux.ap_auto.3i8.i8.i2, i2 2, i8 %tmp_33, i2 0, i8 %tmp_34, i2 1, i8 %tmp_35, i8 0, i2 %trunc_ln63" [cnn_accel.cpp:63]   --->   Operation 800 'sparsemux' 'in_val_11' <Predicate = true> <Delay = 1.61> <CoreInst = "OneHotSparseMux_HasDef">   --->   Core 140 'OneHotSparseMux_HasDef' <Latency = 0> <II = 1> <Delay = 1.61> <FuncUnit> <Opcode : 'sparsemux'> <InPorts = 2> <OutPorts = 1>
ST_11 : Operation 801 [1/2] ( I:3.25ns O:3.25ns )   --->   "%tile_in_load_4 = load i4 %tile_in_addr_5" [cnn_accel.cpp:63]   --->   Operation 801 'load' 'tile_in_load_4' <Predicate = (trunc_ln64 == 2 & trunc_ln63 == 2)> <Delay = 3.25> <CoreInst = "RAM_T2P_BRAM">   --->   Core 93 'RAM_T2P_BRAM' <Latency = 1> <II = 1> <Delay = 3.25> <Storage> <Opcode : 'load' 'store'> <Ports = 2> <Width = 8> <Depth = 16> <RAM>
ST_11 : Operation 802 [1/2] ( I:3.25ns O:3.25ns )   --->   "%tile_in_3_load_4 = load i4 %tile_in_3_addr_5" [cnn_accel.cpp:63]   --->   Operation 802 'load' 'tile_in_3_load_4' <Predicate = (trunc_ln64 == 0 & trunc_ln63 == 2)> <Delay = 3.25> <CoreInst = "RAM_T2P_BRAM">   --->   Core 93 'RAM_T2P_BRAM' <Latency = 1> <II = 1> <Delay = 3.25> <Storage> <Opcode : 'load' 'store'> <Ports = 2> <Width = 8> <Depth = 16> <RAM>
ST_11 : Operation 803 [1/2] ( I:3.25ns O:3.25ns )   --->   "%tile_in_6_load_4 = load i4 %tile_in_6_addr_5" [cnn_accel.cpp:63]   --->   Operation 803 'load' 'tile_in_6_load_4' <Predicate = (trunc_ln64 == 1 & trunc_ln63 == 2)> <Delay = 3.25> <CoreInst = "RAM_T2P_BRAM">   --->   Core 93 'RAM_T2P_BRAM' <Latency = 1> <II = 1> <Delay = 3.25> <Storage> <Opcode : 'load' 'store'> <Ports = 2> <Width = 8> <Depth = 16> <RAM>
ST_11 : Operation 804 [1/1] (1.61ns)   --->   "%tmp_36 = sparsemux i8 @_ssdm_op_SparseMux.ap_auto.3i8.i8.i2, i2 2, i8 %tile_in_load_4, i2 0, i8 %tile_in_3_load_4, i2 1, i8 %tile_in_6_load_4, i8 0, i2 %trunc_ln64" [cnn_accel.cpp:63]   --->   Operation 804 'sparsemux' 'tmp_36' <Predicate = (trunc_ln63 == 2)> <Delay = 1.61> <CoreInst = "OneHotSparseMux_HasDef">   --->   Core 140 'OneHotSparseMux_HasDef' <Latency = 0> <II = 1> <Delay = 1.61> <FuncUnit> <Opcode : 'sparsemux'> <InPorts = 2> <OutPorts = 1>
ST_11 : Operation 805 [1/2] ( I:3.25ns O:3.25ns )   --->   "%tile_in_9_load_4 = load i4 %tile_in_9_addr_5" [cnn_accel.cpp:63]   --->   Operation 805 'load' 'tile_in_9_load_4' <Predicate = (trunc_ln63 == 0 & trunc_ln64 == 2)> <Delay = 3.25> <CoreInst = "RAM_T2P_BRAM">   --->   Core 93 'RAM_T2P_BRAM' <Latency = 1> <II = 1> <Delay = 3.25> <Storage> <Opcode : 'load' 'store'> <Ports = 2> <Width = 8> <Depth = 16> <RAM>
ST_11 : Operation 806 [1/2] ( I:3.25ns O:3.25ns )   --->   "%tile_in_12_load_4 = load i4 %tile_in_12_addr_5" [cnn_accel.cpp:63]   --->   Operation 806 'load' 'tile_in_12_load_4' <Predicate = (trunc_ln63 == 0 & trunc_ln64 == 0)> <Delay = 3.25> <CoreInst = "RAM_T2P_BRAM">   --->   Core 93 'RAM_T2P_BRAM' <Latency = 1> <II = 1> <Delay = 3.25> <Storage> <Opcode : 'load' 'store'> <Ports = 2> <Width = 8> <Depth = 16> <RAM>
ST_11 : Operation 807 [1/2] ( I:3.25ns O:3.25ns )   --->   "%tile_in_15_load_4 = load i4 %tile_in_15_addr_5" [cnn_accel.cpp:63]   --->   Operation 807 'load' 'tile_in_15_load_4' <Predicate = (trunc_ln63 == 0 & trunc_ln64 == 1)> <Delay = 3.25> <CoreInst = "RAM_T2P_BRAM">   --->   Core 93 'RAM_T2P_BRAM' <Latency = 1> <II = 1> <Delay = 3.25> <Storage> <Opcode : 'load' 'store'> <Ports = 2> <Width = 8> <Depth = 16> <RAM>
ST_11 : Operation 808 [1/1] (1.61ns)   --->   "%tmp_37 = sparsemux i8 @_ssdm_op_SparseMux.ap_auto.3i8.i8.i2, i2 2, i8 %tile_in_9_load_4, i2 0, i8 %tile_in_12_load_4, i2 1, i8 %tile_in_15_load_4, i8 0, i2 %trunc_ln64" [cnn_accel.cpp:63]   --->   Operation 808 'sparsemux' 'tmp_37' <Predicate = (trunc_ln63 == 0)> <Delay = 1.61> <CoreInst = "OneHotSparseMux_HasDef">   --->   Core 140 'OneHotSparseMux_HasDef' <Latency = 0> <II = 1> <Delay = 1.61> <FuncUnit> <Opcode : 'sparsemux'> <InPorts = 2> <OutPorts = 1>
ST_11 : Operation 809 [1/2] ( I:3.25ns O:3.25ns )   --->   "%tile_in_18_load_4 = load i4 %tile_in_18_addr_5" [cnn_accel.cpp:63]   --->   Operation 809 'load' 'tile_in_18_load_4' <Predicate = (trunc_ln64 == 2 & trunc_ln63 == 1)> <Delay = 3.25> <CoreInst = "RAM_T2P_BRAM">   --->   Core 93 'RAM_T2P_BRAM' <Latency = 1> <II = 1> <Delay = 3.25> <Storage> <Opcode : 'load' 'store'> <Ports = 2> <Width = 8> <Depth = 16> <RAM>
ST_11 : Operation 810 [1/2] ( I:3.25ns O:3.25ns )   --->   "%tile_in_21_load_4 = load i4 %tile_in_21_addr_5" [cnn_accel.cpp:63]   --->   Operation 810 'load' 'tile_in_21_load_4' <Predicate = (trunc_ln64 == 0 & trunc_ln63 == 1)> <Delay = 3.25> <CoreInst = "RAM_T2P_BRAM">   --->   Core 93 'RAM_T2P_BRAM' <Latency = 1> <II = 1> <Delay = 3.25> <Storage> <Opcode : 'load' 'store'> <Ports = 2> <Width = 8> <Depth = 16> <RAM>
ST_11 : Operation 811 [1/2] ( I:3.25ns O:3.25ns )   --->   "%tile_in_24_load_4 = load i4 %tile_in_24_addr_5" [cnn_accel.cpp:63]   --->   Operation 811 'load' 'tile_in_24_load_4' <Predicate = (trunc_ln64 == 1 & trunc_ln63 == 1)> <Delay = 3.25> <CoreInst = "RAM_T2P_BRAM">   --->   Core 93 'RAM_T2P_BRAM' <Latency = 1> <II = 1> <Delay = 3.25> <Storage> <Opcode : 'load' 'store'> <Ports = 2> <Width = 8> <Depth = 16> <RAM>
ST_11 : Operation 812 [1/1] (1.61ns)   --->   "%tmp_38 = sparsemux i8 @_ssdm_op_SparseMux.ap_auto.3i8.i8.i2, i2 2, i8 %tile_in_18_load_4, i2 0, i8 %tile_in_21_load_4, i2 1, i8 %tile_in_24_load_4, i8 0, i2 %trunc_ln64" [cnn_accel.cpp:63]   --->   Operation 812 'sparsemux' 'tmp_38' <Predicate = (trunc_ln63 == 1)> <Delay = 1.61> <CoreInst = "OneHotSparseMux_HasDef">   --->   Core 140 'OneHotSparseMux_HasDef' <Latency = 0> <II = 1> <Delay = 1.61> <FuncUnit> <Opcode : 'sparsemux'> <InPorts = 2> <OutPorts = 1>
ST_11 : Operation 813 [1/1] (1.61ns)   --->   "%in_val_12 = sparsemux i8 @_ssdm_op_SparseMux.ap_auto.3i8.i8.i2, i2 2, i8 %tmp_36, i2 0, i8 %tmp_37, i2 1, i8 %tmp_38, i8 0, i2 %trunc_ln63" [cnn_accel.cpp:63]   --->   Operation 813 'sparsemux' 'in_val_12' <Predicate = true> <Delay = 1.61> <CoreInst = "OneHotSparseMux_HasDef">   --->   Core 140 'OneHotSparseMux_HasDef' <Latency = 0> <II = 1> <Delay = 1.61> <FuncUnit> <Opcode : 'sparsemux'> <InPorts = 2> <OutPorts = 1>
ST_11 : Operation 814 [1/2] ( I:3.25ns O:3.25ns )   --->   "%tile_in_1_load_4 = load i4 %tile_in_1_addr_5" [cnn_accel.cpp:63]   --->   Operation 814 'load' 'tile_in_1_load_4' <Predicate = (trunc_ln64 == 2 & trunc_ln63 == 2)> <Delay = 3.25> <CoreInst = "RAM_T2P_BRAM">   --->   Core 93 'RAM_T2P_BRAM' <Latency = 1> <II = 1> <Delay = 3.25> <Storage> <Opcode : 'load' 'store'> <Ports = 2> <Width = 8> <Depth = 16> <RAM>
ST_11 : Operation 815 [1/2] ( I:3.25ns O:3.25ns )   --->   "%tile_in_4_load_4 = load i4 %tile_in_4_addr_5" [cnn_accel.cpp:63]   --->   Operation 815 'load' 'tile_in_4_load_4' <Predicate = (trunc_ln64 == 0 & trunc_ln63 == 2)> <Delay = 3.25> <CoreInst = "RAM_T2P_BRAM">   --->   Core 93 'RAM_T2P_BRAM' <Latency = 1> <II = 1> <Delay = 3.25> <Storage> <Opcode : 'load' 'store'> <Ports = 2> <Width = 8> <Depth = 16> <RAM>
ST_11 : Operation 816 [1/2] ( I:3.25ns O:3.25ns )   --->   "%tile_in_7_load_4 = load i4 %tile_in_7_addr_5" [cnn_accel.cpp:63]   --->   Operation 816 'load' 'tile_in_7_load_4' <Predicate = (trunc_ln64 == 1 & trunc_ln63 == 2)> <Delay = 3.25> <CoreInst = "RAM_T2P_BRAM">   --->   Core 93 'RAM_T2P_BRAM' <Latency = 1> <II = 1> <Delay = 3.25> <Storage> <Opcode : 'load' 'store'> <Ports = 2> <Width = 8> <Depth = 16> <RAM>
ST_11 : Operation 817 [1/1] (1.61ns)   --->   "%tmp_39 = sparsemux i8 @_ssdm_op_SparseMux.ap_auto.3i8.i8.i2, i2 2, i8 %tile_in_1_load_4, i2 0, i8 %tile_in_4_load_4, i2 1, i8 %tile_in_7_load_4, i8 0, i2 %trunc_ln64" [cnn_accel.cpp:63]   --->   Operation 817 'sparsemux' 'tmp_39' <Predicate = (trunc_ln63 == 2)> <Delay = 1.61> <CoreInst = "OneHotSparseMux_HasDef">   --->   Core 140 'OneHotSparseMux_HasDef' <Latency = 0> <II = 1> <Delay = 1.61> <FuncUnit> <Opcode : 'sparsemux'> <InPorts = 2> <OutPorts = 1>
ST_11 : Operation 818 [1/2] ( I:3.25ns O:3.25ns )   --->   "%tile_in_10_load_4 = load i4 %tile_in_10_addr_5" [cnn_accel.cpp:63]   --->   Operation 818 'load' 'tile_in_10_load_4' <Predicate = (trunc_ln63 == 0 & trunc_ln64 == 2)> <Delay = 3.25> <CoreInst = "RAM_T2P_BRAM">   --->   Core 93 'RAM_T2P_BRAM' <Latency = 1> <II = 1> <Delay = 3.25> <Storage> <Opcode : 'load' 'store'> <Ports = 2> <Width = 8> <Depth = 16> <RAM>
ST_11 : Operation 819 [1/2] ( I:3.25ns O:3.25ns )   --->   "%tile_in_13_load_4 = load i4 %tile_in_13_addr_5" [cnn_accel.cpp:63]   --->   Operation 819 'load' 'tile_in_13_load_4' <Predicate = (trunc_ln63 == 0 & trunc_ln64 == 0)> <Delay = 3.25> <CoreInst = "RAM_T2P_BRAM">   --->   Core 93 'RAM_T2P_BRAM' <Latency = 1> <II = 1> <Delay = 3.25> <Storage> <Opcode : 'load' 'store'> <Ports = 2> <Width = 8> <Depth = 16> <RAM>
ST_11 : Operation 820 [1/2] ( I:3.25ns O:3.25ns )   --->   "%tile_in_16_load_4 = load i4 %tile_in_16_addr_5" [cnn_accel.cpp:63]   --->   Operation 820 'load' 'tile_in_16_load_4' <Predicate = (trunc_ln63 == 0 & trunc_ln64 == 1)> <Delay = 3.25> <CoreInst = "RAM_T2P_BRAM">   --->   Core 93 'RAM_T2P_BRAM' <Latency = 1> <II = 1> <Delay = 3.25> <Storage> <Opcode : 'load' 'store'> <Ports = 2> <Width = 8> <Depth = 16> <RAM>
ST_11 : Operation 821 [1/1] (1.61ns)   --->   "%tmp_40 = sparsemux i8 @_ssdm_op_SparseMux.ap_auto.3i8.i8.i2, i2 2, i8 %tile_in_10_load_4, i2 0, i8 %tile_in_13_load_4, i2 1, i8 %tile_in_16_load_4, i8 0, i2 %trunc_ln64" [cnn_accel.cpp:63]   --->   Operation 821 'sparsemux' 'tmp_40' <Predicate = (trunc_ln63 == 0)> <Delay = 1.61> <CoreInst = "OneHotSparseMux_HasDef">   --->   Core 140 'OneHotSparseMux_HasDef' <Latency = 0> <II = 1> <Delay = 1.61> <FuncUnit> <Opcode : 'sparsemux'> <InPorts = 2> <OutPorts = 1>
ST_11 : Operation 822 [1/2] ( I:3.25ns O:3.25ns )   --->   "%tile_in_19_load_4 = load i4 %tile_in_19_addr_5" [cnn_accel.cpp:63]   --->   Operation 822 'load' 'tile_in_19_load_4' <Predicate = (trunc_ln64 == 2 & trunc_ln63 == 1)> <Delay = 3.25> <CoreInst = "RAM_T2P_BRAM">   --->   Core 93 'RAM_T2P_BRAM' <Latency = 1> <II = 1> <Delay = 3.25> <Storage> <Opcode : 'load' 'store'> <Ports = 2> <Width = 8> <Depth = 16> <RAM>
ST_11 : Operation 823 [1/2] ( I:3.25ns O:3.25ns )   --->   "%tile_in_22_load_4 = load i4 %tile_in_22_addr_5" [cnn_accel.cpp:63]   --->   Operation 823 'load' 'tile_in_22_load_4' <Predicate = (trunc_ln64 == 0 & trunc_ln63 == 1)> <Delay = 3.25> <CoreInst = "RAM_T2P_BRAM">   --->   Core 93 'RAM_T2P_BRAM' <Latency = 1> <II = 1> <Delay = 3.25> <Storage> <Opcode : 'load' 'store'> <Ports = 2> <Width = 8> <Depth = 16> <RAM>
ST_11 : Operation 824 [1/2] ( I:3.25ns O:3.25ns )   --->   "%tile_in_25_load_4 = load i4 %tile_in_25_addr_5" [cnn_accel.cpp:63]   --->   Operation 824 'load' 'tile_in_25_load_4' <Predicate = (trunc_ln64 == 1 & trunc_ln63 == 1)> <Delay = 3.25> <CoreInst = "RAM_T2P_BRAM">   --->   Core 93 'RAM_T2P_BRAM' <Latency = 1> <II = 1> <Delay = 3.25> <Storage> <Opcode : 'load' 'store'> <Ports = 2> <Width = 8> <Depth = 16> <RAM>
ST_11 : Operation 825 [1/1] (1.61ns)   --->   "%tmp_41 = sparsemux i8 @_ssdm_op_SparseMux.ap_auto.3i8.i8.i2, i2 2, i8 %tile_in_19_load_4, i2 0, i8 %tile_in_22_load_4, i2 1, i8 %tile_in_25_load_4, i8 0, i2 %trunc_ln64" [cnn_accel.cpp:63]   --->   Operation 825 'sparsemux' 'tmp_41' <Predicate = (trunc_ln63 == 1)> <Delay = 1.61> <CoreInst = "OneHotSparseMux_HasDef">   --->   Core 140 'OneHotSparseMux_HasDef' <Latency = 0> <II = 1> <Delay = 1.61> <FuncUnit> <Opcode : 'sparsemux'> <InPorts = 2> <OutPorts = 1>
ST_11 : Operation 826 [1/1] (1.61ns)   --->   "%in_val_13 = sparsemux i8 @_ssdm_op_SparseMux.ap_auto.3i8.i8.i2, i2 2, i8 %tmp_39, i2 0, i8 %tmp_40, i2 1, i8 %tmp_41, i8 0, i2 %trunc_ln63" [cnn_accel.cpp:63]   --->   Operation 826 'sparsemux' 'in_val_13' <Predicate = true> <Delay = 1.61> <CoreInst = "OneHotSparseMux_HasDef">   --->   Core 140 'OneHotSparseMux_HasDef' <Latency = 0> <II = 1> <Delay = 1.61> <FuncUnit> <Opcode : 'sparsemux'> <InPorts = 2> <OutPorts = 1>
ST_11 : Operation 827 [1/2] ( I:3.25ns O:3.25ns )   --->   "%tile_in_2_load_4 = load i4 %tile_in_2_addr_5" [cnn_accel.cpp:63]   --->   Operation 827 'load' 'tile_in_2_load_4' <Predicate = (trunc_ln64 == 2 & trunc_ln63 == 2)> <Delay = 3.25> <CoreInst = "RAM_T2P_BRAM">   --->   Core 93 'RAM_T2P_BRAM' <Latency = 1> <II = 1> <Delay = 3.25> <Storage> <Opcode : 'load' 'store'> <Ports = 2> <Width = 8> <Depth = 16> <RAM>
ST_11 : Operation 828 [1/2] ( I:3.25ns O:3.25ns )   --->   "%tile_in_5_load_4 = load i4 %tile_in_5_addr_5" [cnn_accel.cpp:63]   --->   Operation 828 'load' 'tile_in_5_load_4' <Predicate = (trunc_ln64 == 0 & trunc_ln63 == 2)> <Delay = 3.25> <CoreInst = "RAM_T2P_BRAM">   --->   Core 93 'RAM_T2P_BRAM' <Latency = 1> <II = 1> <Delay = 3.25> <Storage> <Opcode : 'load' 'store'> <Ports = 2> <Width = 8> <Depth = 16> <RAM>
ST_11 : Operation 829 [1/2] ( I:3.25ns O:3.25ns )   --->   "%tile_in_8_load_4 = load i4 %tile_in_8_addr_5" [cnn_accel.cpp:63]   --->   Operation 829 'load' 'tile_in_8_load_4' <Predicate = (trunc_ln64 == 1 & trunc_ln63 == 2)> <Delay = 3.25> <CoreInst = "RAM_T2P_BRAM">   --->   Core 93 'RAM_T2P_BRAM' <Latency = 1> <II = 1> <Delay = 3.25> <Storage> <Opcode : 'load' 'store'> <Ports = 2> <Width = 8> <Depth = 16> <RAM>
ST_11 : Operation 830 [1/1] (1.61ns)   --->   "%tmp_42 = sparsemux i8 @_ssdm_op_SparseMux.ap_auto.3i8.i8.i2, i2 2, i8 %tile_in_2_load_4, i2 0, i8 %tile_in_5_load_4, i2 1, i8 %tile_in_8_load_4, i8 0, i2 %trunc_ln64" [cnn_accel.cpp:63]   --->   Operation 830 'sparsemux' 'tmp_42' <Predicate = (trunc_ln63 == 2)> <Delay = 1.61> <CoreInst = "OneHotSparseMux_HasDef">   --->   Core 140 'OneHotSparseMux_HasDef' <Latency = 0> <II = 1> <Delay = 1.61> <FuncUnit> <Opcode : 'sparsemux'> <InPorts = 2> <OutPorts = 1>
ST_11 : Operation 831 [1/2] ( I:3.25ns O:3.25ns )   --->   "%tile_in_11_load_4 = load i4 %tile_in_11_addr_5" [cnn_accel.cpp:63]   --->   Operation 831 'load' 'tile_in_11_load_4' <Predicate = (trunc_ln63 == 0 & trunc_ln64 == 2)> <Delay = 3.25> <CoreInst = "RAM_T2P_BRAM">   --->   Core 93 'RAM_T2P_BRAM' <Latency = 1> <II = 1> <Delay = 3.25> <Storage> <Opcode : 'load' 'store'> <Ports = 2> <Width = 8> <Depth = 16> <RAM>
ST_11 : Operation 832 [1/2] ( I:3.25ns O:3.25ns )   --->   "%tile_in_14_load_4 = load i4 %tile_in_14_addr_5" [cnn_accel.cpp:63]   --->   Operation 832 'load' 'tile_in_14_load_4' <Predicate = (trunc_ln63 == 0 & trunc_ln64 == 0)> <Delay = 3.25> <CoreInst = "RAM_T2P_BRAM">   --->   Core 93 'RAM_T2P_BRAM' <Latency = 1> <II = 1> <Delay = 3.25> <Storage> <Opcode : 'load' 'store'> <Ports = 2> <Width = 8> <Depth = 16> <RAM>
ST_11 : Operation 833 [1/2] ( I:3.25ns O:3.25ns )   --->   "%tile_in_17_load_4 = load i4 %tile_in_17_addr_5" [cnn_accel.cpp:63]   --->   Operation 833 'load' 'tile_in_17_load_4' <Predicate = (trunc_ln63 == 0 & trunc_ln64 == 1)> <Delay = 3.25> <CoreInst = "RAM_T2P_BRAM">   --->   Core 93 'RAM_T2P_BRAM' <Latency = 1> <II = 1> <Delay = 3.25> <Storage> <Opcode : 'load' 'store'> <Ports = 2> <Width = 8> <Depth = 16> <RAM>
ST_11 : Operation 834 [1/1] (1.61ns)   --->   "%tmp_43 = sparsemux i8 @_ssdm_op_SparseMux.ap_auto.3i8.i8.i2, i2 2, i8 %tile_in_11_load_4, i2 0, i8 %tile_in_14_load_4, i2 1, i8 %tile_in_17_load_4, i8 0, i2 %trunc_ln64" [cnn_accel.cpp:63]   --->   Operation 834 'sparsemux' 'tmp_43' <Predicate = (trunc_ln63 == 0)> <Delay = 1.61> <CoreInst = "OneHotSparseMux_HasDef">   --->   Core 140 'OneHotSparseMux_HasDef' <Latency = 0> <II = 1> <Delay = 1.61> <FuncUnit> <Opcode : 'sparsemux'> <InPorts = 2> <OutPorts = 1>
ST_11 : Operation 835 [1/2] ( I:3.25ns O:3.25ns )   --->   "%tile_in_20_load_4 = load i4 %tile_in_20_addr_5" [cnn_accel.cpp:63]   --->   Operation 835 'load' 'tile_in_20_load_4' <Predicate = (trunc_ln64 == 2 & trunc_ln63 == 1)> <Delay = 3.25> <CoreInst = "RAM_T2P_BRAM">   --->   Core 93 'RAM_T2P_BRAM' <Latency = 1> <II = 1> <Delay = 3.25> <Storage> <Opcode : 'load' 'store'> <Ports = 2> <Width = 8> <Depth = 16> <RAM>
ST_11 : Operation 836 [1/2] ( I:3.25ns O:3.25ns )   --->   "%tile_in_23_load_4 = load i4 %tile_in_23_addr_5" [cnn_accel.cpp:63]   --->   Operation 836 'load' 'tile_in_23_load_4' <Predicate = (trunc_ln64 == 0 & trunc_ln63 == 1)> <Delay = 3.25> <CoreInst = "RAM_T2P_BRAM">   --->   Core 93 'RAM_T2P_BRAM' <Latency = 1> <II = 1> <Delay = 3.25> <Storage> <Opcode : 'load' 'store'> <Ports = 2> <Width = 8> <Depth = 16> <RAM>
ST_11 : Operation 837 [1/2] ( I:3.25ns O:3.25ns )   --->   "%tile_in_26_load_4 = load i4 %tile_in_26_addr_5" [cnn_accel.cpp:63]   --->   Operation 837 'load' 'tile_in_26_load_4' <Predicate = (trunc_ln64 == 1 & trunc_ln63 == 1)> <Delay = 3.25> <CoreInst = "RAM_T2P_BRAM">   --->   Core 93 'RAM_T2P_BRAM' <Latency = 1> <II = 1> <Delay = 3.25> <Storage> <Opcode : 'load' 'store'> <Ports = 2> <Width = 8> <Depth = 16> <RAM>
ST_11 : Operation 838 [1/1] (1.61ns)   --->   "%tmp_44 = sparsemux i8 @_ssdm_op_SparseMux.ap_auto.3i8.i8.i2, i2 2, i8 %tile_in_20_load_4, i2 0, i8 %tile_in_23_load_4, i2 1, i8 %tile_in_26_load_4, i8 0, i2 %trunc_ln64" [cnn_accel.cpp:63]   --->   Operation 838 'sparsemux' 'tmp_44' <Predicate = (trunc_ln63 == 1)> <Delay = 1.61> <CoreInst = "OneHotSparseMux_HasDef">   --->   Core 140 'OneHotSparseMux_HasDef' <Latency = 0> <II = 1> <Delay = 1.61> <FuncUnit> <Opcode : 'sparsemux'> <InPorts = 2> <OutPorts = 1>
ST_11 : Operation 839 [1/1] (1.61ns)   --->   "%in_val_14 = sparsemux i8 @_ssdm_op_SparseMux.ap_auto.3i8.i8.i2, i2 2, i8 %tmp_42, i2 0, i8 %tmp_43, i2 1, i8 %tmp_44, i8 0, i2 %trunc_ln63" [cnn_accel.cpp:63]   --->   Operation 839 'sparsemux' 'in_val_14' <Predicate = true> <Delay = 1.61> <CoreInst = "OneHotSparseMux_HasDef">   --->   Core 140 'OneHotSparseMux_HasDef' <Latency = 0> <II = 1> <Delay = 1.61> <FuncUnit> <Opcode : 'sparsemux'> <InPorts = 2> <OutPorts = 1>
ST_11 : Operation 840 [1/2] ( I:3.25ns O:3.25ns )   --->   "%tile_in_load_5 = load i4 %tile_in_addr_7" [cnn_accel.cpp:63]   --->   Operation 840 'load' 'tile_in_load_5' <Predicate = (trunc_ln64 == 1 & trunc_ln63 == 2)> <Delay = 3.25> <CoreInst = "RAM_T2P_BRAM">   --->   Core 93 'RAM_T2P_BRAM' <Latency = 1> <II = 1> <Delay = 3.25> <Storage> <Opcode : 'load' 'store'> <Ports = 2> <Width = 8> <Depth = 16> <RAM>
ST_11 : Operation 841 [1/2] ( I:3.25ns O:3.25ns )   --->   "%tile_in_3_load_5 = load i4 %tile_in_3_addr_7" [cnn_accel.cpp:63]   --->   Operation 841 'load' 'tile_in_3_load_5' <Predicate = (trunc_ln64 == 2 & trunc_ln63 == 2)> <Delay = 3.25> <CoreInst = "RAM_T2P_BRAM">   --->   Core 93 'RAM_T2P_BRAM' <Latency = 1> <II = 1> <Delay = 3.25> <Storage> <Opcode : 'load' 'store'> <Ports = 2> <Width = 8> <Depth = 16> <RAM>
ST_11 : Operation 842 [1/2] ( I:3.25ns O:3.25ns )   --->   "%tile_in_6_load_5 = load i4 %tile_in_6_addr_7" [cnn_accel.cpp:63]   --->   Operation 842 'load' 'tile_in_6_load_5' <Predicate = (trunc_ln64 == 0 & trunc_ln63 == 2)> <Delay = 3.25> <CoreInst = "RAM_T2P_BRAM">   --->   Core 93 'RAM_T2P_BRAM' <Latency = 1> <II = 1> <Delay = 3.25> <Storage> <Opcode : 'load' 'store'> <Ports = 2> <Width = 8> <Depth = 16> <RAM>
ST_11 : Operation 843 [1/1] (1.61ns)   --->   "%tmp_45 = sparsemux i8 @_ssdm_op_SparseMux.ap_auto.3i8.i8.i2, i2 1, i8 %tile_in_load_5, i2 2, i8 %tile_in_3_load_5, i2 0, i8 %tile_in_6_load_5, i8 0, i2 %trunc_ln64" [cnn_accel.cpp:63]   --->   Operation 843 'sparsemux' 'tmp_45' <Predicate = (trunc_ln63 == 2)> <Delay = 1.61> <CoreInst = "OneHotSparseMux_HasDef">   --->   Core 140 'OneHotSparseMux_HasDef' <Latency = 0> <II = 1> <Delay = 1.61> <FuncUnit> <Opcode : 'sparsemux'> <InPorts = 2> <OutPorts = 1>
ST_11 : Operation 844 [1/2] ( I:3.25ns O:3.25ns )   --->   "%tile_in_9_load_5 = load i4 %tile_in_9_addr_7" [cnn_accel.cpp:63]   --->   Operation 844 'load' 'tile_in_9_load_5' <Predicate = (trunc_ln63 == 0 & trunc_ln64 == 1)> <Delay = 3.25> <CoreInst = "RAM_T2P_BRAM">   --->   Core 93 'RAM_T2P_BRAM' <Latency = 1> <II = 1> <Delay = 3.25> <Storage> <Opcode : 'load' 'store'> <Ports = 2> <Width = 8> <Depth = 16> <RAM>
ST_11 : Operation 845 [1/2] ( I:3.25ns O:3.25ns )   --->   "%tile_in_12_load_5 = load i4 %tile_in_12_addr_7" [cnn_accel.cpp:63]   --->   Operation 845 'load' 'tile_in_12_load_5' <Predicate = (trunc_ln63 == 0 & trunc_ln64 == 2)> <Delay = 3.25> <CoreInst = "RAM_T2P_BRAM">   --->   Core 93 'RAM_T2P_BRAM' <Latency = 1> <II = 1> <Delay = 3.25> <Storage> <Opcode : 'load' 'store'> <Ports = 2> <Width = 8> <Depth = 16> <RAM>
ST_11 : Operation 846 [1/2] ( I:3.25ns O:3.25ns )   --->   "%tile_in_15_load_5 = load i4 %tile_in_15_addr_7" [cnn_accel.cpp:63]   --->   Operation 846 'load' 'tile_in_15_load_5' <Predicate = (trunc_ln63 == 0 & trunc_ln64 == 0)> <Delay = 3.25> <CoreInst = "RAM_T2P_BRAM">   --->   Core 93 'RAM_T2P_BRAM' <Latency = 1> <II = 1> <Delay = 3.25> <Storage> <Opcode : 'load' 'store'> <Ports = 2> <Width = 8> <Depth = 16> <RAM>
ST_11 : Operation 847 [1/1] (1.61ns)   --->   "%tmp_46 = sparsemux i8 @_ssdm_op_SparseMux.ap_auto.3i8.i8.i2, i2 1, i8 %tile_in_9_load_5, i2 2, i8 %tile_in_12_load_5, i2 0, i8 %tile_in_15_load_5, i8 0, i2 %trunc_ln64" [cnn_accel.cpp:63]   --->   Operation 847 'sparsemux' 'tmp_46' <Predicate = (trunc_ln63 == 0)> <Delay = 1.61> <CoreInst = "OneHotSparseMux_HasDef">   --->   Core 140 'OneHotSparseMux_HasDef' <Latency = 0> <II = 1> <Delay = 1.61> <FuncUnit> <Opcode : 'sparsemux'> <InPorts = 2> <OutPorts = 1>
ST_11 : Operation 848 [1/2] ( I:3.25ns O:3.25ns )   --->   "%tile_in_18_load_5 = load i4 %tile_in_18_addr_7" [cnn_accel.cpp:63]   --->   Operation 848 'load' 'tile_in_18_load_5' <Predicate = (trunc_ln64 == 1 & trunc_ln63 == 1)> <Delay = 3.25> <CoreInst = "RAM_T2P_BRAM">   --->   Core 93 'RAM_T2P_BRAM' <Latency = 1> <II = 1> <Delay = 3.25> <Storage> <Opcode : 'load' 'store'> <Ports = 2> <Width = 8> <Depth = 16> <RAM>
ST_11 : Operation 849 [1/2] ( I:3.25ns O:3.25ns )   --->   "%tile_in_21_load_5 = load i4 %tile_in_21_addr_7" [cnn_accel.cpp:63]   --->   Operation 849 'load' 'tile_in_21_load_5' <Predicate = (trunc_ln64 == 2 & trunc_ln63 == 1)> <Delay = 3.25> <CoreInst = "RAM_T2P_BRAM">   --->   Core 93 'RAM_T2P_BRAM' <Latency = 1> <II = 1> <Delay = 3.25> <Storage> <Opcode : 'load' 'store'> <Ports = 2> <Width = 8> <Depth = 16> <RAM>
ST_11 : Operation 850 [1/2] ( I:3.25ns O:3.25ns )   --->   "%tile_in_24_load_5 = load i4 %tile_in_24_addr_7" [cnn_accel.cpp:63]   --->   Operation 850 'load' 'tile_in_24_load_5' <Predicate = (trunc_ln64 == 0 & trunc_ln63 == 1)> <Delay = 3.25> <CoreInst = "RAM_T2P_BRAM">   --->   Core 93 'RAM_T2P_BRAM' <Latency = 1> <II = 1> <Delay = 3.25> <Storage> <Opcode : 'load' 'store'> <Ports = 2> <Width = 8> <Depth = 16> <RAM>
ST_11 : Operation 851 [1/1] (1.61ns)   --->   "%tmp_47 = sparsemux i8 @_ssdm_op_SparseMux.ap_auto.3i8.i8.i2, i2 1, i8 %tile_in_18_load_5, i2 2, i8 %tile_in_21_load_5, i2 0, i8 %tile_in_24_load_5, i8 0, i2 %trunc_ln64" [cnn_accel.cpp:63]   --->   Operation 851 'sparsemux' 'tmp_47' <Predicate = (trunc_ln63 == 1)> <Delay = 1.61> <CoreInst = "OneHotSparseMux_HasDef">   --->   Core 140 'OneHotSparseMux_HasDef' <Latency = 0> <II = 1> <Delay = 1.61> <FuncUnit> <Opcode : 'sparsemux'> <InPorts = 2> <OutPorts = 1>
ST_11 : Operation 852 [1/1] (1.61ns)   --->   "%in_val_15 = sparsemux i8 @_ssdm_op_SparseMux.ap_auto.3i8.i8.i2, i2 2, i8 %tmp_45, i2 0, i8 %tmp_46, i2 1, i8 %tmp_47, i8 0, i2 %trunc_ln63" [cnn_accel.cpp:63]   --->   Operation 852 'sparsemux' 'in_val_15' <Predicate = true> <Delay = 1.61> <CoreInst = "OneHotSparseMux_HasDef">   --->   Core 140 'OneHotSparseMux_HasDef' <Latency = 0> <II = 1> <Delay = 1.61> <FuncUnit> <Opcode : 'sparsemux'> <InPorts = 2> <OutPorts = 1>
ST_11 : Operation 853 [1/2] ( I:3.25ns O:3.25ns )   --->   "%tile_in_1_load_5 = load i4 %tile_in_1_addr_7" [cnn_accel.cpp:63]   --->   Operation 853 'load' 'tile_in_1_load_5' <Predicate = (trunc_ln64 == 1 & trunc_ln63 == 2)> <Delay = 3.25> <CoreInst = "RAM_T2P_BRAM">   --->   Core 93 'RAM_T2P_BRAM' <Latency = 1> <II = 1> <Delay = 3.25> <Storage> <Opcode : 'load' 'store'> <Ports = 2> <Width = 8> <Depth = 16> <RAM>
ST_11 : Operation 854 [1/2] ( I:3.25ns O:3.25ns )   --->   "%tile_in_4_load_5 = load i4 %tile_in_4_addr_7" [cnn_accel.cpp:63]   --->   Operation 854 'load' 'tile_in_4_load_5' <Predicate = (trunc_ln64 == 2 & trunc_ln63 == 2)> <Delay = 3.25> <CoreInst = "RAM_T2P_BRAM">   --->   Core 93 'RAM_T2P_BRAM' <Latency = 1> <II = 1> <Delay = 3.25> <Storage> <Opcode : 'load' 'store'> <Ports = 2> <Width = 8> <Depth = 16> <RAM>
ST_11 : Operation 855 [1/2] ( I:3.25ns O:3.25ns )   --->   "%tile_in_7_load_5 = load i4 %tile_in_7_addr_7" [cnn_accel.cpp:63]   --->   Operation 855 'load' 'tile_in_7_load_5' <Predicate = (trunc_ln64 == 0 & trunc_ln63 == 2)> <Delay = 3.25> <CoreInst = "RAM_T2P_BRAM">   --->   Core 93 'RAM_T2P_BRAM' <Latency = 1> <II = 1> <Delay = 3.25> <Storage> <Opcode : 'load' 'store'> <Ports = 2> <Width = 8> <Depth = 16> <RAM>
ST_11 : Operation 856 [1/1] (1.61ns)   --->   "%tmp_48 = sparsemux i8 @_ssdm_op_SparseMux.ap_auto.3i8.i8.i2, i2 1, i8 %tile_in_1_load_5, i2 2, i8 %tile_in_4_load_5, i2 0, i8 %tile_in_7_load_5, i8 0, i2 %trunc_ln64" [cnn_accel.cpp:63]   --->   Operation 856 'sparsemux' 'tmp_48' <Predicate = (trunc_ln63 == 2)> <Delay = 1.61> <CoreInst = "OneHotSparseMux_HasDef">   --->   Core 140 'OneHotSparseMux_HasDef' <Latency = 0> <II = 1> <Delay = 1.61> <FuncUnit> <Opcode : 'sparsemux'> <InPorts = 2> <OutPorts = 1>
ST_11 : Operation 857 [1/2] ( I:3.25ns O:3.25ns )   --->   "%tile_in_10_load_5 = load i4 %tile_in_10_addr_7" [cnn_accel.cpp:63]   --->   Operation 857 'load' 'tile_in_10_load_5' <Predicate = (trunc_ln63 == 0 & trunc_ln64 == 1)> <Delay = 3.25> <CoreInst = "RAM_T2P_BRAM">   --->   Core 93 'RAM_T2P_BRAM' <Latency = 1> <II = 1> <Delay = 3.25> <Storage> <Opcode : 'load' 'store'> <Ports = 2> <Width = 8> <Depth = 16> <RAM>
ST_11 : Operation 858 [1/2] ( I:3.25ns O:3.25ns )   --->   "%tile_in_13_load_5 = load i4 %tile_in_13_addr_7" [cnn_accel.cpp:63]   --->   Operation 858 'load' 'tile_in_13_load_5' <Predicate = (trunc_ln63 == 0 & trunc_ln64 == 2)> <Delay = 3.25> <CoreInst = "RAM_T2P_BRAM">   --->   Core 93 'RAM_T2P_BRAM' <Latency = 1> <II = 1> <Delay = 3.25> <Storage> <Opcode : 'load' 'store'> <Ports = 2> <Width = 8> <Depth = 16> <RAM>
ST_11 : Operation 859 [1/2] ( I:3.25ns O:3.25ns )   --->   "%tile_in_16_load_5 = load i4 %tile_in_16_addr_7" [cnn_accel.cpp:63]   --->   Operation 859 'load' 'tile_in_16_load_5' <Predicate = (trunc_ln63 == 0 & trunc_ln64 == 0)> <Delay = 3.25> <CoreInst = "RAM_T2P_BRAM">   --->   Core 93 'RAM_T2P_BRAM' <Latency = 1> <II = 1> <Delay = 3.25> <Storage> <Opcode : 'load' 'store'> <Ports = 2> <Width = 8> <Depth = 16> <RAM>
ST_11 : Operation 860 [1/1] (1.61ns)   --->   "%tmp_49 = sparsemux i8 @_ssdm_op_SparseMux.ap_auto.3i8.i8.i2, i2 1, i8 %tile_in_10_load_5, i2 2, i8 %tile_in_13_load_5, i2 0, i8 %tile_in_16_load_5, i8 0, i2 %trunc_ln64" [cnn_accel.cpp:63]   --->   Operation 860 'sparsemux' 'tmp_49' <Predicate = (trunc_ln63 == 0)> <Delay = 1.61> <CoreInst = "OneHotSparseMux_HasDef">   --->   Core 140 'OneHotSparseMux_HasDef' <Latency = 0> <II = 1> <Delay = 1.61> <FuncUnit> <Opcode : 'sparsemux'> <InPorts = 2> <OutPorts = 1>
ST_11 : Operation 861 [1/2] ( I:3.25ns O:3.25ns )   --->   "%tile_in_19_load_5 = load i4 %tile_in_19_addr_7" [cnn_accel.cpp:63]   --->   Operation 861 'load' 'tile_in_19_load_5' <Predicate = (trunc_ln64 == 1 & trunc_ln63 == 1)> <Delay = 3.25> <CoreInst = "RAM_T2P_BRAM">   --->   Core 93 'RAM_T2P_BRAM' <Latency = 1> <II = 1> <Delay = 3.25> <Storage> <Opcode : 'load' 'store'> <Ports = 2> <Width = 8> <Depth = 16> <RAM>
ST_11 : Operation 862 [1/2] ( I:3.25ns O:3.25ns )   --->   "%tile_in_22_load_5 = load i4 %tile_in_22_addr_7" [cnn_accel.cpp:63]   --->   Operation 862 'load' 'tile_in_22_load_5' <Predicate = (trunc_ln64 == 2 & trunc_ln63 == 1)> <Delay = 3.25> <CoreInst = "RAM_T2P_BRAM">   --->   Core 93 'RAM_T2P_BRAM' <Latency = 1> <II = 1> <Delay = 3.25> <Storage> <Opcode : 'load' 'store'> <Ports = 2> <Width = 8> <Depth = 16> <RAM>
ST_11 : Operation 863 [1/2] ( I:3.25ns O:3.25ns )   --->   "%tile_in_25_load_5 = load i4 %tile_in_25_addr_7" [cnn_accel.cpp:63]   --->   Operation 863 'load' 'tile_in_25_load_5' <Predicate = (trunc_ln64 == 0 & trunc_ln63 == 1)> <Delay = 3.25> <CoreInst = "RAM_T2P_BRAM">   --->   Core 93 'RAM_T2P_BRAM' <Latency = 1> <II = 1> <Delay = 3.25> <Storage> <Opcode : 'load' 'store'> <Ports = 2> <Width = 8> <Depth = 16> <RAM>
ST_11 : Operation 864 [1/1] (1.61ns)   --->   "%tmp_50 = sparsemux i8 @_ssdm_op_SparseMux.ap_auto.3i8.i8.i2, i2 1, i8 %tile_in_19_load_5, i2 2, i8 %tile_in_22_load_5, i2 0, i8 %tile_in_25_load_5, i8 0, i2 %trunc_ln64" [cnn_accel.cpp:63]   --->   Operation 864 'sparsemux' 'tmp_50' <Predicate = (trunc_ln63 == 1)> <Delay = 1.61> <CoreInst = "OneHotSparseMux_HasDef">   --->   Core 140 'OneHotSparseMux_HasDef' <Latency = 0> <II = 1> <Delay = 1.61> <FuncUnit> <Opcode : 'sparsemux'> <InPorts = 2> <OutPorts = 1>
ST_11 : Operation 865 [1/1] (1.61ns)   --->   "%in_val_16 = sparsemux i8 @_ssdm_op_SparseMux.ap_auto.3i8.i8.i2, i2 2, i8 %tmp_48, i2 0, i8 %tmp_49, i2 1, i8 %tmp_50, i8 0, i2 %trunc_ln63" [cnn_accel.cpp:63]   --->   Operation 865 'sparsemux' 'in_val_16' <Predicate = true> <Delay = 1.61> <CoreInst = "OneHotSparseMux_HasDef">   --->   Core 140 'OneHotSparseMux_HasDef' <Latency = 0> <II = 1> <Delay = 1.61> <FuncUnit> <Opcode : 'sparsemux'> <InPorts = 2> <OutPorts = 1>
ST_11 : Operation 866 [1/2] ( I:3.25ns O:3.25ns )   --->   "%tile_in_2_load_5 = load i4 %tile_in_2_addr_7" [cnn_accel.cpp:63]   --->   Operation 866 'load' 'tile_in_2_load_5' <Predicate = (trunc_ln64 == 1 & trunc_ln63 == 2)> <Delay = 3.25> <CoreInst = "RAM_T2P_BRAM">   --->   Core 93 'RAM_T2P_BRAM' <Latency = 1> <II = 1> <Delay = 3.25> <Storage> <Opcode : 'load' 'store'> <Ports = 2> <Width = 8> <Depth = 16> <RAM>
ST_11 : Operation 867 [1/2] ( I:3.25ns O:3.25ns )   --->   "%tile_in_5_load_5 = load i4 %tile_in_5_addr_7" [cnn_accel.cpp:63]   --->   Operation 867 'load' 'tile_in_5_load_5' <Predicate = (trunc_ln64 == 2 & trunc_ln63 == 2)> <Delay = 3.25> <CoreInst = "RAM_T2P_BRAM">   --->   Core 93 'RAM_T2P_BRAM' <Latency = 1> <II = 1> <Delay = 3.25> <Storage> <Opcode : 'load' 'store'> <Ports = 2> <Width = 8> <Depth = 16> <RAM>
ST_11 : Operation 868 [1/2] ( I:3.25ns O:3.25ns )   --->   "%tile_in_8_load_5 = load i4 %tile_in_8_addr_7" [cnn_accel.cpp:63]   --->   Operation 868 'load' 'tile_in_8_load_5' <Predicate = (trunc_ln64 == 0 & trunc_ln63 == 2)> <Delay = 3.25> <CoreInst = "RAM_T2P_BRAM">   --->   Core 93 'RAM_T2P_BRAM' <Latency = 1> <II = 1> <Delay = 3.25> <Storage> <Opcode : 'load' 'store'> <Ports = 2> <Width = 8> <Depth = 16> <RAM>
ST_11 : Operation 869 [1/1] (1.61ns)   --->   "%tmp_51 = sparsemux i8 @_ssdm_op_SparseMux.ap_auto.3i8.i8.i2, i2 1, i8 %tile_in_2_load_5, i2 2, i8 %tile_in_5_load_5, i2 0, i8 %tile_in_8_load_5, i8 0, i2 %trunc_ln64" [cnn_accel.cpp:63]   --->   Operation 869 'sparsemux' 'tmp_51' <Predicate = (trunc_ln63 == 2)> <Delay = 1.61> <CoreInst = "OneHotSparseMux_HasDef">   --->   Core 140 'OneHotSparseMux_HasDef' <Latency = 0> <II = 1> <Delay = 1.61> <FuncUnit> <Opcode : 'sparsemux'> <InPorts = 2> <OutPorts = 1>
ST_11 : Operation 870 [1/2] ( I:3.25ns O:3.25ns )   --->   "%tile_in_11_load_5 = load i4 %tile_in_11_addr_7" [cnn_accel.cpp:63]   --->   Operation 870 'load' 'tile_in_11_load_5' <Predicate = (trunc_ln63 == 0 & trunc_ln64 == 1)> <Delay = 3.25> <CoreInst = "RAM_T2P_BRAM">   --->   Core 93 'RAM_T2P_BRAM' <Latency = 1> <II = 1> <Delay = 3.25> <Storage> <Opcode : 'load' 'store'> <Ports = 2> <Width = 8> <Depth = 16> <RAM>
ST_11 : Operation 871 [1/2] ( I:3.25ns O:3.25ns )   --->   "%tile_in_14_load_5 = load i4 %tile_in_14_addr_7" [cnn_accel.cpp:63]   --->   Operation 871 'load' 'tile_in_14_load_5' <Predicate = (trunc_ln63 == 0 & trunc_ln64 == 2)> <Delay = 3.25> <CoreInst = "RAM_T2P_BRAM">   --->   Core 93 'RAM_T2P_BRAM' <Latency = 1> <II = 1> <Delay = 3.25> <Storage> <Opcode : 'load' 'store'> <Ports = 2> <Width = 8> <Depth = 16> <RAM>
ST_11 : Operation 872 [1/2] ( I:3.25ns O:3.25ns )   --->   "%tile_in_17_load_5 = load i4 %tile_in_17_addr_7" [cnn_accel.cpp:63]   --->   Operation 872 'load' 'tile_in_17_load_5' <Predicate = (trunc_ln63 == 0 & trunc_ln64 == 0)> <Delay = 3.25> <CoreInst = "RAM_T2P_BRAM">   --->   Core 93 'RAM_T2P_BRAM' <Latency = 1> <II = 1> <Delay = 3.25> <Storage> <Opcode : 'load' 'store'> <Ports = 2> <Width = 8> <Depth = 16> <RAM>
ST_11 : Operation 873 [1/1] (1.61ns)   --->   "%tmp_52 = sparsemux i8 @_ssdm_op_SparseMux.ap_auto.3i8.i8.i2, i2 1, i8 %tile_in_11_load_5, i2 2, i8 %tile_in_14_load_5, i2 0, i8 %tile_in_17_load_5, i8 0, i2 %trunc_ln64" [cnn_accel.cpp:63]   --->   Operation 873 'sparsemux' 'tmp_52' <Predicate = (trunc_ln63 == 0)> <Delay = 1.61> <CoreInst = "OneHotSparseMux_HasDef">   --->   Core 140 'OneHotSparseMux_HasDef' <Latency = 0> <II = 1> <Delay = 1.61> <FuncUnit> <Opcode : 'sparsemux'> <InPorts = 2> <OutPorts = 1>
ST_11 : Operation 874 [1/2] ( I:3.25ns O:3.25ns )   --->   "%tile_in_20_load_5 = load i4 %tile_in_20_addr_7" [cnn_accel.cpp:63]   --->   Operation 874 'load' 'tile_in_20_load_5' <Predicate = (trunc_ln64 == 1 & trunc_ln63 == 1)> <Delay = 3.25> <CoreInst = "RAM_T2P_BRAM">   --->   Core 93 'RAM_T2P_BRAM' <Latency = 1> <II = 1> <Delay = 3.25> <Storage> <Opcode : 'load' 'store'> <Ports = 2> <Width = 8> <Depth = 16> <RAM>
ST_11 : Operation 875 [1/2] ( I:3.25ns O:3.25ns )   --->   "%tile_in_23_load_5 = load i4 %tile_in_23_addr_7" [cnn_accel.cpp:63]   --->   Operation 875 'load' 'tile_in_23_load_5' <Predicate = (trunc_ln64 == 2 & trunc_ln63 == 1)> <Delay = 3.25> <CoreInst = "RAM_T2P_BRAM">   --->   Core 93 'RAM_T2P_BRAM' <Latency = 1> <II = 1> <Delay = 3.25> <Storage> <Opcode : 'load' 'store'> <Ports = 2> <Width = 8> <Depth = 16> <RAM>
ST_11 : Operation 876 [1/2] ( I:3.25ns O:3.25ns )   --->   "%tile_in_26_load_5 = load i4 %tile_in_26_addr_7" [cnn_accel.cpp:63]   --->   Operation 876 'load' 'tile_in_26_load_5' <Predicate = (trunc_ln64 == 0 & trunc_ln63 == 1)> <Delay = 3.25> <CoreInst = "RAM_T2P_BRAM">   --->   Core 93 'RAM_T2P_BRAM' <Latency = 1> <II = 1> <Delay = 3.25> <Storage> <Opcode : 'load' 'store'> <Ports = 2> <Width = 8> <Depth = 16> <RAM>
ST_11 : Operation 877 [1/1] (1.61ns)   --->   "%tmp_53 = sparsemux i8 @_ssdm_op_SparseMux.ap_auto.3i8.i8.i2, i2 1, i8 %tile_in_20_load_5, i2 2, i8 %tile_in_23_load_5, i2 0, i8 %tile_in_26_load_5, i8 0, i2 %trunc_ln64" [cnn_accel.cpp:63]   --->   Operation 877 'sparsemux' 'tmp_53' <Predicate = (trunc_ln63 == 1)> <Delay = 1.61> <CoreInst = "OneHotSparseMux_HasDef">   --->   Core 140 'OneHotSparseMux_HasDef' <Latency = 0> <II = 1> <Delay = 1.61> <FuncUnit> <Opcode : 'sparsemux'> <InPorts = 2> <OutPorts = 1>
ST_11 : Operation 878 [1/1] (1.61ns)   --->   "%in_val_17 = sparsemux i8 @_ssdm_op_SparseMux.ap_auto.3i8.i8.i2, i2 2, i8 %tmp_51, i2 0, i8 %tmp_52, i2 1, i8 %tmp_53, i8 0, i2 %trunc_ln63" [cnn_accel.cpp:63]   --->   Operation 878 'sparsemux' 'in_val_17' <Predicate = true> <Delay = 1.61> <CoreInst = "OneHotSparseMux_HasDef">   --->   Core 140 'OneHotSparseMux_HasDef' <Latency = 0> <II = 1> <Delay = 1.61> <FuncUnit> <Opcode : 'sparsemux'> <InPorts = 2> <OutPorts = 1>
ST_11 : Operation 879 [1/2] ( I:3.25ns O:3.25ns )   --->   "%tile_in_load_6 = load i4 %tile_in_addr_2" [cnn_accel.cpp:64]   --->   Operation 879 'load' 'tile_in_load_6' <Predicate = (trunc_ln64 == 0 & trunc_ln63 == 1)> <Delay = 3.25> <CoreInst = "RAM_T2P_BRAM">   --->   Core 93 'RAM_T2P_BRAM' <Latency = 1> <II = 1> <Delay = 3.25> <Storage> <Opcode : 'load' 'store'> <Ports = 2> <Width = 8> <Depth = 16> <RAM>
ST_11 : Operation 880 [1/2] ( I:3.25ns O:3.25ns )   --->   "%tile_in_3_load_6 = load i4 %tile_in_3_addr_2" [cnn_accel.cpp:64]   --->   Operation 880 'load' 'tile_in_3_load_6' <Predicate = (trunc_ln64 == 1 & trunc_ln63 == 1)> <Delay = 3.25> <CoreInst = "RAM_T2P_BRAM">   --->   Core 93 'RAM_T2P_BRAM' <Latency = 1> <II = 1> <Delay = 3.25> <Storage> <Opcode : 'load' 'store'> <Ports = 2> <Width = 8> <Depth = 16> <RAM>
ST_11 : Operation 881 [1/2] ( I:3.25ns O:3.25ns )   --->   "%tile_in_6_load_6 = load i4 %tile_in_6_addr_2" [cnn_accel.cpp:64]   --->   Operation 881 'load' 'tile_in_6_load_6' <Predicate = (trunc_ln64 == 2 & trunc_ln63 == 1)> <Delay = 3.25> <CoreInst = "RAM_T2P_BRAM">   --->   Core 93 'RAM_T2P_BRAM' <Latency = 1> <II = 1> <Delay = 3.25> <Storage> <Opcode : 'load' 'store'> <Ports = 2> <Width = 8> <Depth = 16> <RAM>
ST_11 : Operation 882 [1/1] (1.61ns)   --->   "%tmp_54 = sparsemux i8 @_ssdm_op_SparseMux.ap_auto.3i8.i8.i2, i2 0, i8 %tile_in_load_6, i2 1, i8 %tile_in_3_load_6, i2 2, i8 %tile_in_6_load_6, i8 0, i2 %trunc_ln64" [cnn_accel.cpp:64]   --->   Operation 882 'sparsemux' 'tmp_54' <Predicate = (trunc_ln63 == 1)> <Delay = 1.61> <CoreInst = "OneHotSparseMux_HasDef">   --->   Core 140 'OneHotSparseMux_HasDef' <Latency = 0> <II = 1> <Delay = 1.61> <FuncUnit> <Opcode : 'sparsemux'> <InPorts = 2> <OutPorts = 1>
ST_11 : Operation 883 [1/2] ( I:3.25ns O:3.25ns )   --->   "%tile_in_9_load_6 = load i4 %tile_in_9_addr_2" [cnn_accel.cpp:64]   --->   Operation 883 'load' 'tile_in_9_load_6' <Predicate = (trunc_ln64 == 0 & trunc_ln63 == 2)> <Delay = 3.25> <CoreInst = "RAM_T2P_BRAM">   --->   Core 93 'RAM_T2P_BRAM' <Latency = 1> <II = 1> <Delay = 3.25> <Storage> <Opcode : 'load' 'store'> <Ports = 2> <Width = 8> <Depth = 16> <RAM>
ST_11 : Operation 884 [1/2] ( I:3.25ns O:3.25ns )   --->   "%tile_in_12_load_6 = load i4 %tile_in_12_addr_2" [cnn_accel.cpp:64]   --->   Operation 884 'load' 'tile_in_12_load_6' <Predicate = (trunc_ln64 == 1 & trunc_ln63 == 2)> <Delay = 3.25> <CoreInst = "RAM_T2P_BRAM">   --->   Core 93 'RAM_T2P_BRAM' <Latency = 1> <II = 1> <Delay = 3.25> <Storage> <Opcode : 'load' 'store'> <Ports = 2> <Width = 8> <Depth = 16> <RAM>
ST_11 : Operation 885 [1/2] ( I:3.25ns O:3.25ns )   --->   "%tile_in_15_load_6 = load i4 %tile_in_15_addr_2" [cnn_accel.cpp:64]   --->   Operation 885 'load' 'tile_in_15_load_6' <Predicate = (trunc_ln64 == 2 & trunc_ln63 == 2)> <Delay = 3.25> <CoreInst = "RAM_T2P_BRAM">   --->   Core 93 'RAM_T2P_BRAM' <Latency = 1> <II = 1> <Delay = 3.25> <Storage> <Opcode : 'load' 'store'> <Ports = 2> <Width = 8> <Depth = 16> <RAM>
ST_11 : Operation 886 [1/1] (1.61ns)   --->   "%tmp_55 = sparsemux i8 @_ssdm_op_SparseMux.ap_auto.3i8.i8.i2, i2 0, i8 %tile_in_9_load_6, i2 1, i8 %tile_in_12_load_6, i2 2, i8 %tile_in_15_load_6, i8 0, i2 %trunc_ln64" [cnn_accel.cpp:64]   --->   Operation 886 'sparsemux' 'tmp_55' <Predicate = (trunc_ln63 == 2)> <Delay = 1.61> <CoreInst = "OneHotSparseMux_HasDef">   --->   Core 140 'OneHotSparseMux_HasDef' <Latency = 0> <II = 1> <Delay = 1.61> <FuncUnit> <Opcode : 'sparsemux'> <InPorts = 2> <OutPorts = 1>
ST_11 : Operation 887 [1/2] ( I:3.25ns O:3.25ns )   --->   "%tile_in_18_load_6 = load i4 %tile_in_18_addr_2" [cnn_accel.cpp:64]   --->   Operation 887 'load' 'tile_in_18_load_6' <Predicate = (trunc_ln63 == 0 & trunc_ln64 == 0)> <Delay = 3.25> <CoreInst = "RAM_T2P_BRAM">   --->   Core 93 'RAM_T2P_BRAM' <Latency = 1> <II = 1> <Delay = 3.25> <Storage> <Opcode : 'load' 'store'> <Ports = 2> <Width = 8> <Depth = 16> <RAM>
ST_11 : Operation 888 [1/2] ( I:3.25ns O:3.25ns )   --->   "%tile_in_21_load_6 = load i4 %tile_in_21_addr_2" [cnn_accel.cpp:64]   --->   Operation 888 'load' 'tile_in_21_load_6' <Predicate = (trunc_ln63 == 0 & trunc_ln64 == 1)> <Delay = 3.25> <CoreInst = "RAM_T2P_BRAM">   --->   Core 93 'RAM_T2P_BRAM' <Latency = 1> <II = 1> <Delay = 3.25> <Storage> <Opcode : 'load' 'store'> <Ports = 2> <Width = 8> <Depth = 16> <RAM>
ST_11 : Operation 889 [1/2] ( I:3.25ns O:3.25ns )   --->   "%tile_in_24_load_6 = load i4 %tile_in_24_addr_2" [cnn_accel.cpp:64]   --->   Operation 889 'load' 'tile_in_24_load_6' <Predicate = (trunc_ln63 == 0 & trunc_ln64 == 2)> <Delay = 3.25> <CoreInst = "RAM_T2P_BRAM">   --->   Core 93 'RAM_T2P_BRAM' <Latency = 1> <II = 1> <Delay = 3.25> <Storage> <Opcode : 'load' 'store'> <Ports = 2> <Width = 8> <Depth = 16> <RAM>
ST_11 : Operation 890 [1/1] (1.61ns)   --->   "%tmp_56 = sparsemux i8 @_ssdm_op_SparseMux.ap_auto.3i8.i8.i2, i2 0, i8 %tile_in_18_load_6, i2 1, i8 %tile_in_21_load_6, i2 2, i8 %tile_in_24_load_6, i8 0, i2 %trunc_ln64" [cnn_accel.cpp:64]   --->   Operation 890 'sparsemux' 'tmp_56' <Predicate = (trunc_ln63 == 0)> <Delay = 1.61> <CoreInst = "OneHotSparseMux_HasDef">   --->   Core 140 'OneHotSparseMux_HasDef' <Latency = 0> <II = 1> <Delay = 1.61> <FuncUnit> <Opcode : 'sparsemux'> <InPorts = 2> <OutPorts = 1>
ST_11 : Operation 891 [1/1] (1.61ns)   --->   "%in_val_18 = sparsemux i8 @_ssdm_op_SparseMux.ap_auto.3i8.i8.i2, i2 1, i8 %tmp_54, i2 2, i8 %tmp_55, i2 0, i8 %tmp_56, i8 0, i2 %trunc_ln63" [cnn_accel.cpp:64]   --->   Operation 891 'sparsemux' 'in_val_18' <Predicate = true> <Delay = 1.61> <CoreInst = "OneHotSparseMux_HasDef">   --->   Core 140 'OneHotSparseMux_HasDef' <Latency = 0> <II = 1> <Delay = 1.61> <FuncUnit> <Opcode : 'sparsemux'> <InPorts = 2> <OutPorts = 1>
ST_11 : Operation 892 [1/2] ( I:3.25ns O:3.25ns )   --->   "%tile_in_1_load_6 = load i4 %tile_in_1_addr_2" [cnn_accel.cpp:64]   --->   Operation 892 'load' 'tile_in_1_load_6' <Predicate = (trunc_ln64 == 0 & trunc_ln63 == 1)> <Delay = 3.25> <CoreInst = "RAM_T2P_BRAM">   --->   Core 93 'RAM_T2P_BRAM' <Latency = 1> <II = 1> <Delay = 3.25> <Storage> <Opcode : 'load' 'store'> <Ports = 2> <Width = 8> <Depth = 16> <RAM>
ST_11 : Operation 893 [1/2] ( I:3.25ns O:3.25ns )   --->   "%tile_in_4_load_6 = load i4 %tile_in_4_addr_2" [cnn_accel.cpp:64]   --->   Operation 893 'load' 'tile_in_4_load_6' <Predicate = (trunc_ln64 == 1 & trunc_ln63 == 1)> <Delay = 3.25> <CoreInst = "RAM_T2P_BRAM">   --->   Core 93 'RAM_T2P_BRAM' <Latency = 1> <II = 1> <Delay = 3.25> <Storage> <Opcode : 'load' 'store'> <Ports = 2> <Width = 8> <Depth = 16> <RAM>
ST_11 : Operation 894 [1/2] ( I:3.25ns O:3.25ns )   --->   "%tile_in_7_load_6 = load i4 %tile_in_7_addr_2" [cnn_accel.cpp:64]   --->   Operation 894 'load' 'tile_in_7_load_6' <Predicate = (trunc_ln64 == 2 & trunc_ln63 == 1)> <Delay = 3.25> <CoreInst = "RAM_T2P_BRAM">   --->   Core 93 'RAM_T2P_BRAM' <Latency = 1> <II = 1> <Delay = 3.25> <Storage> <Opcode : 'load' 'store'> <Ports = 2> <Width = 8> <Depth = 16> <RAM>
ST_11 : Operation 895 [1/1] (1.61ns)   --->   "%tmp_57 = sparsemux i8 @_ssdm_op_SparseMux.ap_auto.3i8.i8.i2, i2 0, i8 %tile_in_1_load_6, i2 1, i8 %tile_in_4_load_6, i2 2, i8 %tile_in_7_load_6, i8 0, i2 %trunc_ln64" [cnn_accel.cpp:64]   --->   Operation 895 'sparsemux' 'tmp_57' <Predicate = (trunc_ln63 == 1)> <Delay = 1.61> <CoreInst = "OneHotSparseMux_HasDef">   --->   Core 140 'OneHotSparseMux_HasDef' <Latency = 0> <II = 1> <Delay = 1.61> <FuncUnit> <Opcode : 'sparsemux'> <InPorts = 2> <OutPorts = 1>
ST_11 : Operation 896 [1/2] ( I:3.25ns O:3.25ns )   --->   "%tile_in_10_load_6 = load i4 %tile_in_10_addr_2" [cnn_accel.cpp:64]   --->   Operation 896 'load' 'tile_in_10_load_6' <Predicate = (trunc_ln64 == 0 & trunc_ln63 == 2)> <Delay = 3.25> <CoreInst = "RAM_T2P_BRAM">   --->   Core 93 'RAM_T2P_BRAM' <Latency = 1> <II = 1> <Delay = 3.25> <Storage> <Opcode : 'load' 'store'> <Ports = 2> <Width = 8> <Depth = 16> <RAM>
ST_11 : Operation 897 [1/2] ( I:3.25ns O:3.25ns )   --->   "%tile_in_13_load_6 = load i4 %tile_in_13_addr_2" [cnn_accel.cpp:64]   --->   Operation 897 'load' 'tile_in_13_load_6' <Predicate = (trunc_ln64 == 1 & trunc_ln63 == 2)> <Delay = 3.25> <CoreInst = "RAM_T2P_BRAM">   --->   Core 93 'RAM_T2P_BRAM' <Latency = 1> <II = 1> <Delay = 3.25> <Storage> <Opcode : 'load' 'store'> <Ports = 2> <Width = 8> <Depth = 16> <RAM>
ST_11 : Operation 898 [1/2] ( I:3.25ns O:3.25ns )   --->   "%tile_in_16_load_6 = load i4 %tile_in_16_addr_2" [cnn_accel.cpp:64]   --->   Operation 898 'load' 'tile_in_16_load_6' <Predicate = (trunc_ln64 == 2 & trunc_ln63 == 2)> <Delay = 3.25> <CoreInst = "RAM_T2P_BRAM">   --->   Core 93 'RAM_T2P_BRAM' <Latency = 1> <II = 1> <Delay = 3.25> <Storage> <Opcode : 'load' 'store'> <Ports = 2> <Width = 8> <Depth = 16> <RAM>
ST_11 : Operation 899 [1/1] (1.61ns)   --->   "%tmp_58 = sparsemux i8 @_ssdm_op_SparseMux.ap_auto.3i8.i8.i2, i2 0, i8 %tile_in_10_load_6, i2 1, i8 %tile_in_13_load_6, i2 2, i8 %tile_in_16_load_6, i8 0, i2 %trunc_ln64" [cnn_accel.cpp:64]   --->   Operation 899 'sparsemux' 'tmp_58' <Predicate = (trunc_ln63 == 2)> <Delay = 1.61> <CoreInst = "OneHotSparseMux_HasDef">   --->   Core 140 'OneHotSparseMux_HasDef' <Latency = 0> <II = 1> <Delay = 1.61> <FuncUnit> <Opcode : 'sparsemux'> <InPorts = 2> <OutPorts = 1>
ST_11 : Operation 900 [1/2] ( I:3.25ns O:3.25ns )   --->   "%tile_in_19_load_6 = load i4 %tile_in_19_addr_2" [cnn_accel.cpp:64]   --->   Operation 900 'load' 'tile_in_19_load_6' <Predicate = (trunc_ln63 == 0 & trunc_ln64 == 0)> <Delay = 3.25> <CoreInst = "RAM_T2P_BRAM">   --->   Core 93 'RAM_T2P_BRAM' <Latency = 1> <II = 1> <Delay = 3.25> <Storage> <Opcode : 'load' 'store'> <Ports = 2> <Width = 8> <Depth = 16> <RAM>
ST_11 : Operation 901 [1/2] ( I:3.25ns O:3.25ns )   --->   "%tile_in_22_load_6 = load i4 %tile_in_22_addr_2" [cnn_accel.cpp:64]   --->   Operation 901 'load' 'tile_in_22_load_6' <Predicate = (trunc_ln63 == 0 & trunc_ln64 == 1)> <Delay = 3.25> <CoreInst = "RAM_T2P_BRAM">   --->   Core 93 'RAM_T2P_BRAM' <Latency = 1> <II = 1> <Delay = 3.25> <Storage> <Opcode : 'load' 'store'> <Ports = 2> <Width = 8> <Depth = 16> <RAM>
ST_11 : Operation 902 [1/2] ( I:3.25ns O:3.25ns )   --->   "%tile_in_25_load_6 = load i4 %tile_in_25_addr_2" [cnn_accel.cpp:64]   --->   Operation 902 'load' 'tile_in_25_load_6' <Predicate = (trunc_ln63 == 0 & trunc_ln64 == 2)> <Delay = 3.25> <CoreInst = "RAM_T2P_BRAM">   --->   Core 93 'RAM_T2P_BRAM' <Latency = 1> <II = 1> <Delay = 3.25> <Storage> <Opcode : 'load' 'store'> <Ports = 2> <Width = 8> <Depth = 16> <RAM>
ST_11 : Operation 903 [1/1] (1.61ns)   --->   "%tmp_59 = sparsemux i8 @_ssdm_op_SparseMux.ap_auto.3i8.i8.i2, i2 0, i8 %tile_in_19_load_6, i2 1, i8 %tile_in_22_load_6, i2 2, i8 %tile_in_25_load_6, i8 0, i2 %trunc_ln64" [cnn_accel.cpp:64]   --->   Operation 903 'sparsemux' 'tmp_59' <Predicate = (trunc_ln63 == 0)> <Delay = 1.61> <CoreInst = "OneHotSparseMux_HasDef">   --->   Core 140 'OneHotSparseMux_HasDef' <Latency = 0> <II = 1> <Delay = 1.61> <FuncUnit> <Opcode : 'sparsemux'> <InPorts = 2> <OutPorts = 1>
ST_11 : Operation 904 [1/1] (1.61ns)   --->   "%in_val_19 = sparsemux i8 @_ssdm_op_SparseMux.ap_auto.3i8.i8.i2, i2 1, i8 %tmp_57, i2 2, i8 %tmp_58, i2 0, i8 %tmp_59, i8 0, i2 %trunc_ln63" [cnn_accel.cpp:64]   --->   Operation 904 'sparsemux' 'in_val_19' <Predicate = true> <Delay = 1.61> <CoreInst = "OneHotSparseMux_HasDef">   --->   Core 140 'OneHotSparseMux_HasDef' <Latency = 0> <II = 1> <Delay = 1.61> <FuncUnit> <Opcode : 'sparsemux'> <InPorts = 2> <OutPorts = 1>
ST_11 : Operation 905 [1/2] ( I:3.25ns O:3.25ns )   --->   "%tile_in_2_load_6 = load i4 %tile_in_2_addr_2" [cnn_accel.cpp:64]   --->   Operation 905 'load' 'tile_in_2_load_6' <Predicate = (trunc_ln64 == 0 & trunc_ln63 == 1)> <Delay = 3.25> <CoreInst = "RAM_T2P_BRAM">   --->   Core 93 'RAM_T2P_BRAM' <Latency = 1> <II = 1> <Delay = 3.25> <Storage> <Opcode : 'load' 'store'> <Ports = 2> <Width = 8> <Depth = 16> <RAM>
ST_11 : Operation 906 [1/2] ( I:3.25ns O:3.25ns )   --->   "%tile_in_5_load_6 = load i4 %tile_in_5_addr_2" [cnn_accel.cpp:64]   --->   Operation 906 'load' 'tile_in_5_load_6' <Predicate = (trunc_ln64 == 1 & trunc_ln63 == 1)> <Delay = 3.25> <CoreInst = "RAM_T2P_BRAM">   --->   Core 93 'RAM_T2P_BRAM' <Latency = 1> <II = 1> <Delay = 3.25> <Storage> <Opcode : 'load' 'store'> <Ports = 2> <Width = 8> <Depth = 16> <RAM>
ST_11 : Operation 907 [1/2] ( I:3.25ns O:3.25ns )   --->   "%tile_in_8_load_6 = load i4 %tile_in_8_addr_2" [cnn_accel.cpp:64]   --->   Operation 907 'load' 'tile_in_8_load_6' <Predicate = (trunc_ln64 == 2 & trunc_ln63 == 1)> <Delay = 3.25> <CoreInst = "RAM_T2P_BRAM">   --->   Core 93 'RAM_T2P_BRAM' <Latency = 1> <II = 1> <Delay = 3.25> <Storage> <Opcode : 'load' 'store'> <Ports = 2> <Width = 8> <Depth = 16> <RAM>
ST_11 : Operation 908 [1/1] (1.61ns)   --->   "%tmp_60 = sparsemux i8 @_ssdm_op_SparseMux.ap_auto.3i8.i8.i2, i2 0, i8 %tile_in_2_load_6, i2 1, i8 %tile_in_5_load_6, i2 2, i8 %tile_in_8_load_6, i8 0, i2 %trunc_ln64" [cnn_accel.cpp:64]   --->   Operation 908 'sparsemux' 'tmp_60' <Predicate = (trunc_ln63 == 1)> <Delay = 1.61> <CoreInst = "OneHotSparseMux_HasDef">   --->   Core 140 'OneHotSparseMux_HasDef' <Latency = 0> <II = 1> <Delay = 1.61> <FuncUnit> <Opcode : 'sparsemux'> <InPorts = 2> <OutPorts = 1>
ST_11 : Operation 909 [1/2] ( I:3.25ns O:3.25ns )   --->   "%tile_in_11_load_6 = load i4 %tile_in_11_addr_2" [cnn_accel.cpp:64]   --->   Operation 909 'load' 'tile_in_11_load_6' <Predicate = (trunc_ln64 == 0 & trunc_ln63 == 2)> <Delay = 3.25> <CoreInst = "RAM_T2P_BRAM">   --->   Core 93 'RAM_T2P_BRAM' <Latency = 1> <II = 1> <Delay = 3.25> <Storage> <Opcode : 'load' 'store'> <Ports = 2> <Width = 8> <Depth = 16> <RAM>
ST_11 : Operation 910 [1/2] ( I:3.25ns O:3.25ns )   --->   "%tile_in_14_load_6 = load i4 %tile_in_14_addr_2" [cnn_accel.cpp:64]   --->   Operation 910 'load' 'tile_in_14_load_6' <Predicate = (trunc_ln64 == 1 & trunc_ln63 == 2)> <Delay = 3.25> <CoreInst = "RAM_T2P_BRAM">   --->   Core 93 'RAM_T2P_BRAM' <Latency = 1> <II = 1> <Delay = 3.25> <Storage> <Opcode : 'load' 'store'> <Ports = 2> <Width = 8> <Depth = 16> <RAM>
ST_11 : Operation 911 [1/2] ( I:3.25ns O:3.25ns )   --->   "%tile_in_17_load_6 = load i4 %tile_in_17_addr_2" [cnn_accel.cpp:64]   --->   Operation 911 'load' 'tile_in_17_load_6' <Predicate = (trunc_ln64 == 2 & trunc_ln63 == 2)> <Delay = 3.25> <CoreInst = "RAM_T2P_BRAM">   --->   Core 93 'RAM_T2P_BRAM' <Latency = 1> <II = 1> <Delay = 3.25> <Storage> <Opcode : 'load' 'store'> <Ports = 2> <Width = 8> <Depth = 16> <RAM>
ST_11 : Operation 912 [1/1] (1.61ns)   --->   "%tmp_61 = sparsemux i8 @_ssdm_op_SparseMux.ap_auto.3i8.i8.i2, i2 0, i8 %tile_in_11_load_6, i2 1, i8 %tile_in_14_load_6, i2 2, i8 %tile_in_17_load_6, i8 0, i2 %trunc_ln64" [cnn_accel.cpp:64]   --->   Operation 912 'sparsemux' 'tmp_61' <Predicate = (trunc_ln63 == 2)> <Delay = 1.61> <CoreInst = "OneHotSparseMux_HasDef">   --->   Core 140 'OneHotSparseMux_HasDef' <Latency = 0> <II = 1> <Delay = 1.61> <FuncUnit> <Opcode : 'sparsemux'> <InPorts = 2> <OutPorts = 1>
ST_11 : Operation 913 [1/2] ( I:3.25ns O:3.25ns )   --->   "%tile_in_20_load_6 = load i4 %tile_in_20_addr_2" [cnn_accel.cpp:64]   --->   Operation 913 'load' 'tile_in_20_load_6' <Predicate = (trunc_ln63 == 0 & trunc_ln64 == 0)> <Delay = 3.25> <CoreInst = "RAM_T2P_BRAM">   --->   Core 93 'RAM_T2P_BRAM' <Latency = 1> <II = 1> <Delay = 3.25> <Storage> <Opcode : 'load' 'store'> <Ports = 2> <Width = 8> <Depth = 16> <RAM>
ST_11 : Operation 914 [1/2] ( I:3.25ns O:3.25ns )   --->   "%tile_in_23_load_6 = load i4 %tile_in_23_addr_2" [cnn_accel.cpp:64]   --->   Operation 914 'load' 'tile_in_23_load_6' <Predicate = (trunc_ln63 == 0 & trunc_ln64 == 1)> <Delay = 3.25> <CoreInst = "RAM_T2P_BRAM">   --->   Core 93 'RAM_T2P_BRAM' <Latency = 1> <II = 1> <Delay = 3.25> <Storage> <Opcode : 'load' 'store'> <Ports = 2> <Width = 8> <Depth = 16> <RAM>
ST_11 : Operation 915 [1/2] ( I:3.25ns O:3.25ns )   --->   "%tile_in_26_load_6 = load i4 %tile_in_26_addr_2" [cnn_accel.cpp:64]   --->   Operation 915 'load' 'tile_in_26_load_6' <Predicate = (trunc_ln63 == 0 & trunc_ln64 == 2)> <Delay = 3.25> <CoreInst = "RAM_T2P_BRAM">   --->   Core 93 'RAM_T2P_BRAM' <Latency = 1> <II = 1> <Delay = 3.25> <Storage> <Opcode : 'load' 'store'> <Ports = 2> <Width = 8> <Depth = 16> <RAM>
ST_11 : Operation 916 [1/1] (1.61ns)   --->   "%tmp_62 = sparsemux i8 @_ssdm_op_SparseMux.ap_auto.3i8.i8.i2, i2 0, i8 %tile_in_20_load_6, i2 1, i8 %tile_in_23_load_6, i2 2, i8 %tile_in_26_load_6, i8 0, i2 %trunc_ln64" [cnn_accel.cpp:64]   --->   Operation 916 'sparsemux' 'tmp_62' <Predicate = (trunc_ln63 == 0)> <Delay = 1.61> <CoreInst = "OneHotSparseMux_HasDef">   --->   Core 140 'OneHotSparseMux_HasDef' <Latency = 0> <II = 1> <Delay = 1.61> <FuncUnit> <Opcode : 'sparsemux'> <InPorts = 2> <OutPorts = 1>
ST_11 : Operation 917 [1/1] (1.61ns)   --->   "%in_val_20 = sparsemux i8 @_ssdm_op_SparseMux.ap_auto.3i8.i8.i2, i2 1, i8 %tmp_60, i2 2, i8 %tmp_61, i2 0, i8 %tmp_62, i8 0, i2 %trunc_ln63" [cnn_accel.cpp:64]   --->   Operation 917 'sparsemux' 'in_val_20' <Predicate = true> <Delay = 1.61> <CoreInst = "OneHotSparseMux_HasDef">   --->   Core 140 'OneHotSparseMux_HasDef' <Latency = 0> <II = 1> <Delay = 1.61> <FuncUnit> <Opcode : 'sparsemux'> <InPorts = 2> <OutPorts = 1>
ST_11 : Operation 918 [1/2] ( I:3.25ns O:3.25ns )   --->   "%tile_in_load_7 = load i4 %tile_in_addr_6" [cnn_accel.cpp:64]   --->   Operation 918 'load' 'tile_in_load_7' <Predicate = (trunc_ln64 == 2 & trunc_ln63 == 1)> <Delay = 3.25> <CoreInst = "RAM_T2P_BRAM">   --->   Core 93 'RAM_T2P_BRAM' <Latency = 1> <II = 1> <Delay = 3.25> <Storage> <Opcode : 'load' 'store'> <Ports = 2> <Width = 8> <Depth = 16> <RAM>
ST_11 : Operation 919 [1/2] ( I:3.25ns O:3.25ns )   --->   "%tile_in_3_load_7 = load i4 %tile_in_3_addr_6" [cnn_accel.cpp:64]   --->   Operation 919 'load' 'tile_in_3_load_7' <Predicate = (trunc_ln64 == 0 & trunc_ln63 == 1)> <Delay = 3.25> <CoreInst = "RAM_T2P_BRAM">   --->   Core 93 'RAM_T2P_BRAM' <Latency = 1> <II = 1> <Delay = 3.25> <Storage> <Opcode : 'load' 'store'> <Ports = 2> <Width = 8> <Depth = 16> <RAM>
ST_11 : Operation 920 [1/2] ( I:3.25ns O:3.25ns )   --->   "%tile_in_6_load_7 = load i4 %tile_in_6_addr_6" [cnn_accel.cpp:64]   --->   Operation 920 'load' 'tile_in_6_load_7' <Predicate = (trunc_ln64 == 1 & trunc_ln63 == 1)> <Delay = 3.25> <CoreInst = "RAM_T2P_BRAM">   --->   Core 93 'RAM_T2P_BRAM' <Latency = 1> <II = 1> <Delay = 3.25> <Storage> <Opcode : 'load' 'store'> <Ports = 2> <Width = 8> <Depth = 16> <RAM>
ST_11 : Operation 921 [1/1] (1.61ns)   --->   "%tmp_63 = sparsemux i8 @_ssdm_op_SparseMux.ap_auto.3i8.i8.i2, i2 2, i8 %tile_in_load_7, i2 0, i8 %tile_in_3_load_7, i2 1, i8 %tile_in_6_load_7, i8 0, i2 %trunc_ln64" [cnn_accel.cpp:64]   --->   Operation 921 'sparsemux' 'tmp_63' <Predicate = (trunc_ln63 == 1)> <Delay = 1.61> <CoreInst = "OneHotSparseMux_HasDef">   --->   Core 140 'OneHotSparseMux_HasDef' <Latency = 0> <II = 1> <Delay = 1.61> <FuncUnit> <Opcode : 'sparsemux'> <InPorts = 2> <OutPorts = 1>
ST_11 : Operation 922 [1/2] ( I:3.25ns O:3.25ns )   --->   "%tile_in_9_load_7 = load i4 %tile_in_9_addr_6" [cnn_accel.cpp:64]   --->   Operation 922 'load' 'tile_in_9_load_7' <Predicate = (trunc_ln64 == 2 & trunc_ln63 == 2)> <Delay = 3.25> <CoreInst = "RAM_T2P_BRAM">   --->   Core 93 'RAM_T2P_BRAM' <Latency = 1> <II = 1> <Delay = 3.25> <Storage> <Opcode : 'load' 'store'> <Ports = 2> <Width = 8> <Depth = 16> <RAM>
ST_11 : Operation 923 [1/2] ( I:3.25ns O:3.25ns )   --->   "%tile_in_12_load_7 = load i4 %tile_in_12_addr_6" [cnn_accel.cpp:64]   --->   Operation 923 'load' 'tile_in_12_load_7' <Predicate = (trunc_ln64 == 0 & trunc_ln63 == 2)> <Delay = 3.25> <CoreInst = "RAM_T2P_BRAM">   --->   Core 93 'RAM_T2P_BRAM' <Latency = 1> <II = 1> <Delay = 3.25> <Storage> <Opcode : 'load' 'store'> <Ports = 2> <Width = 8> <Depth = 16> <RAM>
ST_11 : Operation 924 [1/2] ( I:3.25ns O:3.25ns )   --->   "%tile_in_15_load_7 = load i4 %tile_in_15_addr_6" [cnn_accel.cpp:64]   --->   Operation 924 'load' 'tile_in_15_load_7' <Predicate = (trunc_ln64 == 1 & trunc_ln63 == 2)> <Delay = 3.25> <CoreInst = "RAM_T2P_BRAM">   --->   Core 93 'RAM_T2P_BRAM' <Latency = 1> <II = 1> <Delay = 3.25> <Storage> <Opcode : 'load' 'store'> <Ports = 2> <Width = 8> <Depth = 16> <RAM>
ST_11 : Operation 925 [1/1] (1.61ns)   --->   "%tmp_64 = sparsemux i8 @_ssdm_op_SparseMux.ap_auto.3i8.i8.i2, i2 2, i8 %tile_in_9_load_7, i2 0, i8 %tile_in_12_load_7, i2 1, i8 %tile_in_15_load_7, i8 0, i2 %trunc_ln64" [cnn_accel.cpp:64]   --->   Operation 925 'sparsemux' 'tmp_64' <Predicate = (trunc_ln63 == 2)> <Delay = 1.61> <CoreInst = "OneHotSparseMux_HasDef">   --->   Core 140 'OneHotSparseMux_HasDef' <Latency = 0> <II = 1> <Delay = 1.61> <FuncUnit> <Opcode : 'sparsemux'> <InPorts = 2> <OutPorts = 1>
ST_11 : Operation 926 [1/2] ( I:3.25ns O:3.25ns )   --->   "%tile_in_18_load_7 = load i4 %tile_in_18_addr_6" [cnn_accel.cpp:64]   --->   Operation 926 'load' 'tile_in_18_load_7' <Predicate = (trunc_ln63 == 0 & trunc_ln64 == 2)> <Delay = 3.25> <CoreInst = "RAM_T2P_BRAM">   --->   Core 93 'RAM_T2P_BRAM' <Latency = 1> <II = 1> <Delay = 3.25> <Storage> <Opcode : 'load' 'store'> <Ports = 2> <Width = 8> <Depth = 16> <RAM>
ST_11 : Operation 927 [1/2] ( I:3.25ns O:3.25ns )   --->   "%tile_in_21_load_7 = load i4 %tile_in_21_addr_6" [cnn_accel.cpp:64]   --->   Operation 927 'load' 'tile_in_21_load_7' <Predicate = (trunc_ln63 == 0 & trunc_ln64 == 0)> <Delay = 3.25> <CoreInst = "RAM_T2P_BRAM">   --->   Core 93 'RAM_T2P_BRAM' <Latency = 1> <II = 1> <Delay = 3.25> <Storage> <Opcode : 'load' 'store'> <Ports = 2> <Width = 8> <Depth = 16> <RAM>
ST_11 : Operation 928 [1/2] ( I:3.25ns O:3.25ns )   --->   "%tile_in_24_load_7 = load i4 %tile_in_24_addr_6" [cnn_accel.cpp:64]   --->   Operation 928 'load' 'tile_in_24_load_7' <Predicate = (trunc_ln63 == 0 & trunc_ln64 == 1)> <Delay = 3.25> <CoreInst = "RAM_T2P_BRAM">   --->   Core 93 'RAM_T2P_BRAM' <Latency = 1> <II = 1> <Delay = 3.25> <Storage> <Opcode : 'load' 'store'> <Ports = 2> <Width = 8> <Depth = 16> <RAM>
ST_11 : Operation 929 [1/1] (1.61ns)   --->   "%tmp_65 = sparsemux i8 @_ssdm_op_SparseMux.ap_auto.3i8.i8.i2, i2 2, i8 %tile_in_18_load_7, i2 0, i8 %tile_in_21_load_7, i2 1, i8 %tile_in_24_load_7, i8 0, i2 %trunc_ln64" [cnn_accel.cpp:64]   --->   Operation 929 'sparsemux' 'tmp_65' <Predicate = (trunc_ln63 == 0)> <Delay = 1.61> <CoreInst = "OneHotSparseMux_HasDef">   --->   Core 140 'OneHotSparseMux_HasDef' <Latency = 0> <II = 1> <Delay = 1.61> <FuncUnit> <Opcode : 'sparsemux'> <InPorts = 2> <OutPorts = 1>
ST_11 : Operation 930 [1/1] (1.61ns)   --->   "%in_val_21 = sparsemux i8 @_ssdm_op_SparseMux.ap_auto.3i8.i8.i2, i2 1, i8 %tmp_63, i2 2, i8 %tmp_64, i2 0, i8 %tmp_65, i8 0, i2 %trunc_ln63" [cnn_accel.cpp:64]   --->   Operation 930 'sparsemux' 'in_val_21' <Predicate = true> <Delay = 1.61> <CoreInst = "OneHotSparseMux_HasDef">   --->   Core 140 'OneHotSparseMux_HasDef' <Latency = 0> <II = 1> <Delay = 1.61> <FuncUnit> <Opcode : 'sparsemux'> <InPorts = 2> <OutPorts = 1>
ST_11 : Operation 931 [1/2] ( I:3.25ns O:3.25ns )   --->   "%tile_in_1_load_7 = load i4 %tile_in_1_addr_6" [cnn_accel.cpp:64]   --->   Operation 931 'load' 'tile_in_1_load_7' <Predicate = (trunc_ln64 == 2 & trunc_ln63 == 1)> <Delay = 3.25> <CoreInst = "RAM_T2P_BRAM">   --->   Core 93 'RAM_T2P_BRAM' <Latency = 1> <II = 1> <Delay = 3.25> <Storage> <Opcode : 'load' 'store'> <Ports = 2> <Width = 8> <Depth = 16> <RAM>
ST_11 : Operation 932 [1/2] ( I:3.25ns O:3.25ns )   --->   "%tile_in_4_load_7 = load i4 %tile_in_4_addr_6" [cnn_accel.cpp:64]   --->   Operation 932 'load' 'tile_in_4_load_7' <Predicate = (trunc_ln64 == 0 & trunc_ln63 == 1)> <Delay = 3.25> <CoreInst = "RAM_T2P_BRAM">   --->   Core 93 'RAM_T2P_BRAM' <Latency = 1> <II = 1> <Delay = 3.25> <Storage> <Opcode : 'load' 'store'> <Ports = 2> <Width = 8> <Depth = 16> <RAM>
ST_11 : Operation 933 [1/2] ( I:3.25ns O:3.25ns )   --->   "%tile_in_7_load_7 = load i4 %tile_in_7_addr_6" [cnn_accel.cpp:64]   --->   Operation 933 'load' 'tile_in_7_load_7' <Predicate = (trunc_ln64 == 1 & trunc_ln63 == 1)> <Delay = 3.25> <CoreInst = "RAM_T2P_BRAM">   --->   Core 93 'RAM_T2P_BRAM' <Latency = 1> <II = 1> <Delay = 3.25> <Storage> <Opcode : 'load' 'store'> <Ports = 2> <Width = 8> <Depth = 16> <RAM>
ST_11 : Operation 934 [1/1] (1.61ns)   --->   "%tmp_66 = sparsemux i8 @_ssdm_op_SparseMux.ap_auto.3i8.i8.i2, i2 2, i8 %tile_in_1_load_7, i2 0, i8 %tile_in_4_load_7, i2 1, i8 %tile_in_7_load_7, i8 0, i2 %trunc_ln64" [cnn_accel.cpp:64]   --->   Operation 934 'sparsemux' 'tmp_66' <Predicate = (trunc_ln63 == 1)> <Delay = 1.61> <CoreInst = "OneHotSparseMux_HasDef">   --->   Core 140 'OneHotSparseMux_HasDef' <Latency = 0> <II = 1> <Delay = 1.61> <FuncUnit> <Opcode : 'sparsemux'> <InPorts = 2> <OutPorts = 1>
ST_11 : Operation 935 [1/2] ( I:3.25ns O:3.25ns )   --->   "%tile_in_10_load_7 = load i4 %tile_in_10_addr_6" [cnn_accel.cpp:64]   --->   Operation 935 'load' 'tile_in_10_load_7' <Predicate = (trunc_ln64 == 2 & trunc_ln63 == 2)> <Delay = 3.25> <CoreInst = "RAM_T2P_BRAM">   --->   Core 93 'RAM_T2P_BRAM' <Latency = 1> <II = 1> <Delay = 3.25> <Storage> <Opcode : 'load' 'store'> <Ports = 2> <Width = 8> <Depth = 16> <RAM>
ST_11 : Operation 936 [1/2] ( I:3.25ns O:3.25ns )   --->   "%tile_in_13_load_7 = load i4 %tile_in_13_addr_6" [cnn_accel.cpp:64]   --->   Operation 936 'load' 'tile_in_13_load_7' <Predicate = (trunc_ln64 == 0 & trunc_ln63 == 2)> <Delay = 3.25> <CoreInst = "RAM_T2P_BRAM">   --->   Core 93 'RAM_T2P_BRAM' <Latency = 1> <II = 1> <Delay = 3.25> <Storage> <Opcode : 'load' 'store'> <Ports = 2> <Width = 8> <Depth = 16> <RAM>
ST_11 : Operation 937 [1/2] ( I:3.25ns O:3.25ns )   --->   "%tile_in_16_load_7 = load i4 %tile_in_16_addr_6" [cnn_accel.cpp:64]   --->   Operation 937 'load' 'tile_in_16_load_7' <Predicate = (trunc_ln64 == 1 & trunc_ln63 == 2)> <Delay = 3.25> <CoreInst = "RAM_T2P_BRAM">   --->   Core 93 'RAM_T2P_BRAM' <Latency = 1> <II = 1> <Delay = 3.25> <Storage> <Opcode : 'load' 'store'> <Ports = 2> <Width = 8> <Depth = 16> <RAM>
ST_11 : Operation 938 [1/1] (1.61ns)   --->   "%tmp_67 = sparsemux i8 @_ssdm_op_SparseMux.ap_auto.3i8.i8.i2, i2 2, i8 %tile_in_10_load_7, i2 0, i8 %tile_in_13_load_7, i2 1, i8 %tile_in_16_load_7, i8 0, i2 %trunc_ln64" [cnn_accel.cpp:64]   --->   Operation 938 'sparsemux' 'tmp_67' <Predicate = (trunc_ln63 == 2)> <Delay = 1.61> <CoreInst = "OneHotSparseMux_HasDef">   --->   Core 140 'OneHotSparseMux_HasDef' <Latency = 0> <II = 1> <Delay = 1.61> <FuncUnit> <Opcode : 'sparsemux'> <InPorts = 2> <OutPorts = 1>
ST_11 : Operation 939 [1/2] ( I:3.25ns O:3.25ns )   --->   "%tile_in_19_load_7 = load i4 %tile_in_19_addr_6" [cnn_accel.cpp:64]   --->   Operation 939 'load' 'tile_in_19_load_7' <Predicate = (trunc_ln63 == 0 & trunc_ln64 == 2)> <Delay = 3.25> <CoreInst = "RAM_T2P_BRAM">   --->   Core 93 'RAM_T2P_BRAM' <Latency = 1> <II = 1> <Delay = 3.25> <Storage> <Opcode : 'load' 'store'> <Ports = 2> <Width = 8> <Depth = 16> <RAM>
ST_11 : Operation 940 [1/2] ( I:3.25ns O:3.25ns )   --->   "%tile_in_22_load_7 = load i4 %tile_in_22_addr_6" [cnn_accel.cpp:64]   --->   Operation 940 'load' 'tile_in_22_load_7' <Predicate = (trunc_ln63 == 0 & trunc_ln64 == 0)> <Delay = 3.25> <CoreInst = "RAM_T2P_BRAM">   --->   Core 93 'RAM_T2P_BRAM' <Latency = 1> <II = 1> <Delay = 3.25> <Storage> <Opcode : 'load' 'store'> <Ports = 2> <Width = 8> <Depth = 16> <RAM>
ST_11 : Operation 941 [1/2] ( I:3.25ns O:3.25ns )   --->   "%tile_in_25_load_7 = load i4 %tile_in_25_addr_6" [cnn_accel.cpp:64]   --->   Operation 941 'load' 'tile_in_25_load_7' <Predicate = (trunc_ln63 == 0 & trunc_ln64 == 1)> <Delay = 3.25> <CoreInst = "RAM_T2P_BRAM">   --->   Core 93 'RAM_T2P_BRAM' <Latency = 1> <II = 1> <Delay = 3.25> <Storage> <Opcode : 'load' 'store'> <Ports = 2> <Width = 8> <Depth = 16> <RAM>
ST_11 : Operation 942 [1/1] (1.61ns)   --->   "%tmp_68 = sparsemux i8 @_ssdm_op_SparseMux.ap_auto.3i8.i8.i2, i2 2, i8 %tile_in_19_load_7, i2 0, i8 %tile_in_22_load_7, i2 1, i8 %tile_in_25_load_7, i8 0, i2 %trunc_ln64" [cnn_accel.cpp:64]   --->   Operation 942 'sparsemux' 'tmp_68' <Predicate = (trunc_ln63 == 0)> <Delay = 1.61> <CoreInst = "OneHotSparseMux_HasDef">   --->   Core 140 'OneHotSparseMux_HasDef' <Latency = 0> <II = 1> <Delay = 1.61> <FuncUnit> <Opcode : 'sparsemux'> <InPorts = 2> <OutPorts = 1>
ST_11 : Operation 943 [1/1] (1.61ns)   --->   "%in_val_22 = sparsemux i8 @_ssdm_op_SparseMux.ap_auto.3i8.i8.i2, i2 1, i8 %tmp_66, i2 2, i8 %tmp_67, i2 0, i8 %tmp_68, i8 0, i2 %trunc_ln63" [cnn_accel.cpp:64]   --->   Operation 943 'sparsemux' 'in_val_22' <Predicate = true> <Delay = 1.61> <CoreInst = "OneHotSparseMux_HasDef">   --->   Core 140 'OneHotSparseMux_HasDef' <Latency = 0> <II = 1> <Delay = 1.61> <FuncUnit> <Opcode : 'sparsemux'> <InPorts = 2> <OutPorts = 1>
ST_11 : Operation 944 [1/2] ( I:3.25ns O:3.25ns )   --->   "%tile_in_2_load_7 = load i4 %tile_in_2_addr_6" [cnn_accel.cpp:64]   --->   Operation 944 'load' 'tile_in_2_load_7' <Predicate = (trunc_ln64 == 2 & trunc_ln63 == 1)> <Delay = 3.25> <CoreInst = "RAM_T2P_BRAM">   --->   Core 93 'RAM_T2P_BRAM' <Latency = 1> <II = 1> <Delay = 3.25> <Storage> <Opcode : 'load' 'store'> <Ports = 2> <Width = 8> <Depth = 16> <RAM>
ST_11 : Operation 945 [1/2] ( I:3.25ns O:3.25ns )   --->   "%tile_in_5_load_7 = load i4 %tile_in_5_addr_6" [cnn_accel.cpp:64]   --->   Operation 945 'load' 'tile_in_5_load_7' <Predicate = (trunc_ln64 == 0 & trunc_ln63 == 1)> <Delay = 3.25> <CoreInst = "RAM_T2P_BRAM">   --->   Core 93 'RAM_T2P_BRAM' <Latency = 1> <II = 1> <Delay = 3.25> <Storage> <Opcode : 'load' 'store'> <Ports = 2> <Width = 8> <Depth = 16> <RAM>
ST_11 : Operation 946 [1/2] ( I:3.25ns O:3.25ns )   --->   "%tile_in_8_load_7 = load i4 %tile_in_8_addr_6" [cnn_accel.cpp:64]   --->   Operation 946 'load' 'tile_in_8_load_7' <Predicate = (trunc_ln64 == 1 & trunc_ln63 == 1)> <Delay = 3.25> <CoreInst = "RAM_T2P_BRAM">   --->   Core 93 'RAM_T2P_BRAM' <Latency = 1> <II = 1> <Delay = 3.25> <Storage> <Opcode : 'load' 'store'> <Ports = 2> <Width = 8> <Depth = 16> <RAM>
ST_11 : Operation 947 [1/1] (1.61ns)   --->   "%tmp_69 = sparsemux i8 @_ssdm_op_SparseMux.ap_auto.3i8.i8.i2, i2 2, i8 %tile_in_2_load_7, i2 0, i8 %tile_in_5_load_7, i2 1, i8 %tile_in_8_load_7, i8 0, i2 %trunc_ln64" [cnn_accel.cpp:64]   --->   Operation 947 'sparsemux' 'tmp_69' <Predicate = (trunc_ln63 == 1)> <Delay = 1.61> <CoreInst = "OneHotSparseMux_HasDef">   --->   Core 140 'OneHotSparseMux_HasDef' <Latency = 0> <II = 1> <Delay = 1.61> <FuncUnit> <Opcode : 'sparsemux'> <InPorts = 2> <OutPorts = 1>
ST_11 : Operation 948 [1/2] ( I:3.25ns O:3.25ns )   --->   "%tile_in_11_load_7 = load i4 %tile_in_11_addr_6" [cnn_accel.cpp:64]   --->   Operation 948 'load' 'tile_in_11_load_7' <Predicate = (trunc_ln64 == 2 & trunc_ln63 == 2)> <Delay = 3.25> <CoreInst = "RAM_T2P_BRAM">   --->   Core 93 'RAM_T2P_BRAM' <Latency = 1> <II = 1> <Delay = 3.25> <Storage> <Opcode : 'load' 'store'> <Ports = 2> <Width = 8> <Depth = 16> <RAM>
ST_11 : Operation 949 [1/2] ( I:3.25ns O:3.25ns )   --->   "%tile_in_14_load_7 = load i4 %tile_in_14_addr_6" [cnn_accel.cpp:64]   --->   Operation 949 'load' 'tile_in_14_load_7' <Predicate = (trunc_ln64 == 0 & trunc_ln63 == 2)> <Delay = 3.25> <CoreInst = "RAM_T2P_BRAM">   --->   Core 93 'RAM_T2P_BRAM' <Latency = 1> <II = 1> <Delay = 3.25> <Storage> <Opcode : 'load' 'store'> <Ports = 2> <Width = 8> <Depth = 16> <RAM>
ST_11 : Operation 950 [1/2] ( I:3.25ns O:3.25ns )   --->   "%tile_in_17_load_7 = load i4 %tile_in_17_addr_6" [cnn_accel.cpp:64]   --->   Operation 950 'load' 'tile_in_17_load_7' <Predicate = (trunc_ln64 == 1 & trunc_ln63 == 2)> <Delay = 3.25> <CoreInst = "RAM_T2P_BRAM">   --->   Core 93 'RAM_T2P_BRAM' <Latency = 1> <II = 1> <Delay = 3.25> <Storage> <Opcode : 'load' 'store'> <Ports = 2> <Width = 8> <Depth = 16> <RAM>
ST_11 : Operation 951 [1/1] (1.61ns)   --->   "%tmp_70 = sparsemux i8 @_ssdm_op_SparseMux.ap_auto.3i8.i8.i2, i2 2, i8 %tile_in_11_load_7, i2 0, i8 %tile_in_14_load_7, i2 1, i8 %tile_in_17_load_7, i8 0, i2 %trunc_ln64" [cnn_accel.cpp:64]   --->   Operation 951 'sparsemux' 'tmp_70' <Predicate = (trunc_ln63 == 2)> <Delay = 1.61> <CoreInst = "OneHotSparseMux_HasDef">   --->   Core 140 'OneHotSparseMux_HasDef' <Latency = 0> <II = 1> <Delay = 1.61> <FuncUnit> <Opcode : 'sparsemux'> <InPorts = 2> <OutPorts = 1>
ST_11 : Operation 952 [1/2] ( I:3.25ns O:3.25ns )   --->   "%tile_in_20_load_7 = load i4 %tile_in_20_addr_6" [cnn_accel.cpp:64]   --->   Operation 952 'load' 'tile_in_20_load_7' <Predicate = (trunc_ln63 == 0 & trunc_ln64 == 2)> <Delay = 3.25> <CoreInst = "RAM_T2P_BRAM">   --->   Core 93 'RAM_T2P_BRAM' <Latency = 1> <II = 1> <Delay = 3.25> <Storage> <Opcode : 'load' 'store'> <Ports = 2> <Width = 8> <Depth = 16> <RAM>
ST_11 : Operation 953 [1/2] ( I:3.25ns O:3.25ns )   --->   "%tile_in_23_load_7 = load i4 %tile_in_23_addr_6" [cnn_accel.cpp:64]   --->   Operation 953 'load' 'tile_in_23_load_7' <Predicate = (trunc_ln63 == 0 & trunc_ln64 == 0)> <Delay = 3.25> <CoreInst = "RAM_T2P_BRAM">   --->   Core 93 'RAM_T2P_BRAM' <Latency = 1> <II = 1> <Delay = 3.25> <Storage> <Opcode : 'load' 'store'> <Ports = 2> <Width = 8> <Depth = 16> <RAM>
ST_11 : Operation 954 [1/2] ( I:3.25ns O:3.25ns )   --->   "%tile_in_26_load_7 = load i4 %tile_in_26_addr_6" [cnn_accel.cpp:64]   --->   Operation 954 'load' 'tile_in_26_load_7' <Predicate = (trunc_ln63 == 0 & trunc_ln64 == 1)> <Delay = 3.25> <CoreInst = "RAM_T2P_BRAM">   --->   Core 93 'RAM_T2P_BRAM' <Latency = 1> <II = 1> <Delay = 3.25> <Storage> <Opcode : 'load' 'store'> <Ports = 2> <Width = 8> <Depth = 16> <RAM>
ST_11 : Operation 955 [1/1] (1.61ns)   --->   "%tmp_71 = sparsemux i8 @_ssdm_op_SparseMux.ap_auto.3i8.i8.i2, i2 2, i8 %tile_in_20_load_7, i2 0, i8 %tile_in_23_load_7, i2 1, i8 %tile_in_26_load_7, i8 0, i2 %trunc_ln64" [cnn_accel.cpp:64]   --->   Operation 955 'sparsemux' 'tmp_71' <Predicate = (trunc_ln63 == 0)> <Delay = 1.61> <CoreInst = "OneHotSparseMux_HasDef">   --->   Core 140 'OneHotSparseMux_HasDef' <Latency = 0> <II = 1> <Delay = 1.61> <FuncUnit> <Opcode : 'sparsemux'> <InPorts = 2> <OutPorts = 1>
ST_11 : Operation 956 [1/1] (1.61ns)   --->   "%in_val_23 = sparsemux i8 @_ssdm_op_SparseMux.ap_auto.3i8.i8.i2, i2 1, i8 %tmp_69, i2 2, i8 %tmp_70, i2 0, i8 %tmp_71, i8 0, i2 %trunc_ln63" [cnn_accel.cpp:64]   --->   Operation 956 'sparsemux' 'in_val_23' <Predicate = true> <Delay = 1.61> <CoreInst = "OneHotSparseMux_HasDef">   --->   Core 140 'OneHotSparseMux_HasDef' <Latency = 0> <II = 1> <Delay = 1.61> <FuncUnit> <Opcode : 'sparsemux'> <InPorts = 2> <OutPorts = 1>
ST_11 : Operation 957 [1/2] ( I:3.25ns O:3.25ns )   --->   "%tile_in_load_8 = load i4 %tile_in_addr_8" [cnn_accel.cpp:64]   --->   Operation 957 'load' 'tile_in_load_8' <Predicate = (trunc_ln64 == 1 & trunc_ln63 == 1)> <Delay = 3.25> <CoreInst = "RAM_T2P_BRAM">   --->   Core 93 'RAM_T2P_BRAM' <Latency = 1> <II = 1> <Delay = 3.25> <Storage> <Opcode : 'load' 'store'> <Ports = 2> <Width = 8> <Depth = 16> <RAM>
ST_11 : Operation 958 [1/2] ( I:3.25ns O:3.25ns )   --->   "%tile_in_3_load_8 = load i4 %tile_in_3_addr_8" [cnn_accel.cpp:64]   --->   Operation 958 'load' 'tile_in_3_load_8' <Predicate = (trunc_ln64 == 2 & trunc_ln63 == 1)> <Delay = 3.25> <CoreInst = "RAM_T2P_BRAM">   --->   Core 93 'RAM_T2P_BRAM' <Latency = 1> <II = 1> <Delay = 3.25> <Storage> <Opcode : 'load' 'store'> <Ports = 2> <Width = 8> <Depth = 16> <RAM>
ST_11 : Operation 959 [1/2] ( I:3.25ns O:3.25ns )   --->   "%tile_in_6_load_8 = load i4 %tile_in_6_addr_8" [cnn_accel.cpp:64]   --->   Operation 959 'load' 'tile_in_6_load_8' <Predicate = (trunc_ln64 == 0 & trunc_ln63 == 1)> <Delay = 3.25> <CoreInst = "RAM_T2P_BRAM">   --->   Core 93 'RAM_T2P_BRAM' <Latency = 1> <II = 1> <Delay = 3.25> <Storage> <Opcode : 'load' 'store'> <Ports = 2> <Width = 8> <Depth = 16> <RAM>
ST_11 : Operation 960 [1/1] (1.61ns)   --->   "%tmp_72 = sparsemux i8 @_ssdm_op_SparseMux.ap_auto.3i8.i8.i2, i2 1, i8 %tile_in_load_8, i2 2, i8 %tile_in_3_load_8, i2 0, i8 %tile_in_6_load_8, i8 0, i2 %trunc_ln64" [cnn_accel.cpp:64]   --->   Operation 960 'sparsemux' 'tmp_72' <Predicate = (trunc_ln63 == 1)> <Delay = 1.61> <CoreInst = "OneHotSparseMux_HasDef">   --->   Core 140 'OneHotSparseMux_HasDef' <Latency = 0> <II = 1> <Delay = 1.61> <FuncUnit> <Opcode : 'sparsemux'> <InPorts = 2> <OutPorts = 1>
ST_11 : Operation 961 [1/2] ( I:3.25ns O:3.25ns )   --->   "%tile_in_9_load_8 = load i4 %tile_in_9_addr_8" [cnn_accel.cpp:64]   --->   Operation 961 'load' 'tile_in_9_load_8' <Predicate = (trunc_ln64 == 1 & trunc_ln63 == 2)> <Delay = 3.25> <CoreInst = "RAM_T2P_BRAM">   --->   Core 93 'RAM_T2P_BRAM' <Latency = 1> <II = 1> <Delay = 3.25> <Storage> <Opcode : 'load' 'store'> <Ports = 2> <Width = 8> <Depth = 16> <RAM>
ST_11 : Operation 962 [1/2] ( I:3.25ns O:3.25ns )   --->   "%tile_in_12_load_8 = load i4 %tile_in_12_addr_8" [cnn_accel.cpp:64]   --->   Operation 962 'load' 'tile_in_12_load_8' <Predicate = (trunc_ln64 == 2 & trunc_ln63 == 2)> <Delay = 3.25> <CoreInst = "RAM_T2P_BRAM">   --->   Core 93 'RAM_T2P_BRAM' <Latency = 1> <II = 1> <Delay = 3.25> <Storage> <Opcode : 'load' 'store'> <Ports = 2> <Width = 8> <Depth = 16> <RAM>
ST_11 : Operation 963 [1/2] ( I:3.25ns O:3.25ns )   --->   "%tile_in_15_load_8 = load i4 %tile_in_15_addr_8" [cnn_accel.cpp:64]   --->   Operation 963 'load' 'tile_in_15_load_8' <Predicate = (trunc_ln64 == 0 & trunc_ln63 == 2)> <Delay = 3.25> <CoreInst = "RAM_T2P_BRAM">   --->   Core 93 'RAM_T2P_BRAM' <Latency = 1> <II = 1> <Delay = 3.25> <Storage> <Opcode : 'load' 'store'> <Ports = 2> <Width = 8> <Depth = 16> <RAM>
ST_11 : Operation 964 [1/1] (1.61ns)   --->   "%tmp_73 = sparsemux i8 @_ssdm_op_SparseMux.ap_auto.3i8.i8.i2, i2 1, i8 %tile_in_9_load_8, i2 2, i8 %tile_in_12_load_8, i2 0, i8 %tile_in_15_load_8, i8 0, i2 %trunc_ln64" [cnn_accel.cpp:64]   --->   Operation 964 'sparsemux' 'tmp_73' <Predicate = (trunc_ln63 == 2)> <Delay = 1.61> <CoreInst = "OneHotSparseMux_HasDef">   --->   Core 140 'OneHotSparseMux_HasDef' <Latency = 0> <II = 1> <Delay = 1.61> <FuncUnit> <Opcode : 'sparsemux'> <InPorts = 2> <OutPorts = 1>
ST_11 : Operation 965 [1/2] ( I:3.25ns O:3.25ns )   --->   "%tile_in_18_load_8 = load i4 %tile_in_18_addr_8" [cnn_accel.cpp:64]   --->   Operation 965 'load' 'tile_in_18_load_8' <Predicate = (trunc_ln63 == 0 & trunc_ln64 == 1)> <Delay = 3.25> <CoreInst = "RAM_T2P_BRAM">   --->   Core 93 'RAM_T2P_BRAM' <Latency = 1> <II = 1> <Delay = 3.25> <Storage> <Opcode : 'load' 'store'> <Ports = 2> <Width = 8> <Depth = 16> <RAM>
ST_11 : Operation 966 [1/2] ( I:3.25ns O:3.25ns )   --->   "%tile_in_21_load_8 = load i4 %tile_in_21_addr_8" [cnn_accel.cpp:64]   --->   Operation 966 'load' 'tile_in_21_load_8' <Predicate = (trunc_ln63 == 0 & trunc_ln64 == 2)> <Delay = 3.25> <CoreInst = "RAM_T2P_BRAM">   --->   Core 93 'RAM_T2P_BRAM' <Latency = 1> <II = 1> <Delay = 3.25> <Storage> <Opcode : 'load' 'store'> <Ports = 2> <Width = 8> <Depth = 16> <RAM>
ST_11 : Operation 967 [1/2] ( I:3.25ns O:3.25ns )   --->   "%tile_in_24_load_8 = load i4 %tile_in_24_addr_8" [cnn_accel.cpp:64]   --->   Operation 967 'load' 'tile_in_24_load_8' <Predicate = (trunc_ln63 == 0 & trunc_ln64 == 0)> <Delay = 3.25> <CoreInst = "RAM_T2P_BRAM">   --->   Core 93 'RAM_T2P_BRAM' <Latency = 1> <II = 1> <Delay = 3.25> <Storage> <Opcode : 'load' 'store'> <Ports = 2> <Width = 8> <Depth = 16> <RAM>
ST_11 : Operation 968 [1/1] (1.61ns)   --->   "%tmp_74 = sparsemux i8 @_ssdm_op_SparseMux.ap_auto.3i8.i8.i2, i2 1, i8 %tile_in_18_load_8, i2 2, i8 %tile_in_21_load_8, i2 0, i8 %tile_in_24_load_8, i8 0, i2 %trunc_ln64" [cnn_accel.cpp:64]   --->   Operation 968 'sparsemux' 'tmp_74' <Predicate = (trunc_ln63 == 0)> <Delay = 1.61> <CoreInst = "OneHotSparseMux_HasDef">   --->   Core 140 'OneHotSparseMux_HasDef' <Latency = 0> <II = 1> <Delay = 1.61> <FuncUnit> <Opcode : 'sparsemux'> <InPorts = 2> <OutPorts = 1>
ST_11 : Operation 969 [1/1] (1.61ns)   --->   "%in_val_24 = sparsemux i8 @_ssdm_op_SparseMux.ap_auto.3i8.i8.i2, i2 1, i8 %tmp_72, i2 2, i8 %tmp_73, i2 0, i8 %tmp_74, i8 0, i2 %trunc_ln63" [cnn_accel.cpp:64]   --->   Operation 969 'sparsemux' 'in_val_24' <Predicate = true> <Delay = 1.61> <CoreInst = "OneHotSparseMux_HasDef">   --->   Core 140 'OneHotSparseMux_HasDef' <Latency = 0> <II = 1> <Delay = 1.61> <FuncUnit> <Opcode : 'sparsemux'> <InPorts = 2> <OutPorts = 1>
ST_11 : Operation 970 [1/2] ( I:3.25ns O:3.25ns )   --->   "%tile_in_1_load_8 = load i4 %tile_in_1_addr_8" [cnn_accel.cpp:64]   --->   Operation 970 'load' 'tile_in_1_load_8' <Predicate = (trunc_ln64 == 1 & trunc_ln63 == 1)> <Delay = 3.25> <CoreInst = "RAM_T2P_BRAM">   --->   Core 93 'RAM_T2P_BRAM' <Latency = 1> <II = 1> <Delay = 3.25> <Storage> <Opcode : 'load' 'store'> <Ports = 2> <Width = 8> <Depth = 16> <RAM>
ST_11 : Operation 971 [1/2] ( I:3.25ns O:3.25ns )   --->   "%tile_in_4_load_8 = load i4 %tile_in_4_addr_8" [cnn_accel.cpp:64]   --->   Operation 971 'load' 'tile_in_4_load_8' <Predicate = (trunc_ln64 == 2 & trunc_ln63 == 1)> <Delay = 3.25> <CoreInst = "RAM_T2P_BRAM">   --->   Core 93 'RAM_T2P_BRAM' <Latency = 1> <II = 1> <Delay = 3.25> <Storage> <Opcode : 'load' 'store'> <Ports = 2> <Width = 8> <Depth = 16> <RAM>
ST_11 : Operation 972 [1/2] ( I:3.25ns O:3.25ns )   --->   "%tile_in_7_load_8 = load i4 %tile_in_7_addr_8" [cnn_accel.cpp:64]   --->   Operation 972 'load' 'tile_in_7_load_8' <Predicate = (trunc_ln64 == 0 & trunc_ln63 == 1)> <Delay = 3.25> <CoreInst = "RAM_T2P_BRAM">   --->   Core 93 'RAM_T2P_BRAM' <Latency = 1> <II = 1> <Delay = 3.25> <Storage> <Opcode : 'load' 'store'> <Ports = 2> <Width = 8> <Depth = 16> <RAM>
ST_11 : Operation 973 [1/1] (1.61ns)   --->   "%tmp_75 = sparsemux i8 @_ssdm_op_SparseMux.ap_auto.3i8.i8.i2, i2 1, i8 %tile_in_1_load_8, i2 2, i8 %tile_in_4_load_8, i2 0, i8 %tile_in_7_load_8, i8 0, i2 %trunc_ln64" [cnn_accel.cpp:64]   --->   Operation 973 'sparsemux' 'tmp_75' <Predicate = (trunc_ln63 == 1)> <Delay = 1.61> <CoreInst = "OneHotSparseMux_HasDef">   --->   Core 140 'OneHotSparseMux_HasDef' <Latency = 0> <II = 1> <Delay = 1.61> <FuncUnit> <Opcode : 'sparsemux'> <InPorts = 2> <OutPorts = 1>
ST_11 : Operation 974 [1/2] ( I:3.25ns O:3.25ns )   --->   "%tile_in_10_load_8 = load i4 %tile_in_10_addr_8" [cnn_accel.cpp:64]   --->   Operation 974 'load' 'tile_in_10_load_8' <Predicate = (trunc_ln64 == 1 & trunc_ln63 == 2)> <Delay = 3.25> <CoreInst = "RAM_T2P_BRAM">   --->   Core 93 'RAM_T2P_BRAM' <Latency = 1> <II = 1> <Delay = 3.25> <Storage> <Opcode : 'load' 'store'> <Ports = 2> <Width = 8> <Depth = 16> <RAM>
ST_11 : Operation 975 [1/2] ( I:3.25ns O:3.25ns )   --->   "%tile_in_13_load_8 = load i4 %tile_in_13_addr_8" [cnn_accel.cpp:64]   --->   Operation 975 'load' 'tile_in_13_load_8' <Predicate = (trunc_ln64 == 2 & trunc_ln63 == 2)> <Delay = 3.25> <CoreInst = "RAM_T2P_BRAM">   --->   Core 93 'RAM_T2P_BRAM' <Latency = 1> <II = 1> <Delay = 3.25> <Storage> <Opcode : 'load' 'store'> <Ports = 2> <Width = 8> <Depth = 16> <RAM>
ST_11 : Operation 976 [1/2] ( I:3.25ns O:3.25ns )   --->   "%tile_in_16_load_8 = load i4 %tile_in_16_addr_8" [cnn_accel.cpp:64]   --->   Operation 976 'load' 'tile_in_16_load_8' <Predicate = (trunc_ln64 == 0 & trunc_ln63 == 2)> <Delay = 3.25> <CoreInst = "RAM_T2P_BRAM">   --->   Core 93 'RAM_T2P_BRAM' <Latency = 1> <II = 1> <Delay = 3.25> <Storage> <Opcode : 'load' 'store'> <Ports = 2> <Width = 8> <Depth = 16> <RAM>
ST_11 : Operation 977 [1/1] (1.61ns)   --->   "%tmp_76 = sparsemux i8 @_ssdm_op_SparseMux.ap_auto.3i8.i8.i2, i2 1, i8 %tile_in_10_load_8, i2 2, i8 %tile_in_13_load_8, i2 0, i8 %tile_in_16_load_8, i8 0, i2 %trunc_ln64" [cnn_accel.cpp:64]   --->   Operation 977 'sparsemux' 'tmp_76' <Predicate = (trunc_ln63 == 2)> <Delay = 1.61> <CoreInst = "OneHotSparseMux_HasDef">   --->   Core 140 'OneHotSparseMux_HasDef' <Latency = 0> <II = 1> <Delay = 1.61> <FuncUnit> <Opcode : 'sparsemux'> <InPorts = 2> <OutPorts = 1>
ST_11 : Operation 978 [1/2] ( I:3.25ns O:3.25ns )   --->   "%tile_in_19_load_8 = load i4 %tile_in_19_addr_8" [cnn_accel.cpp:64]   --->   Operation 978 'load' 'tile_in_19_load_8' <Predicate = (trunc_ln63 == 0 & trunc_ln64 == 1)> <Delay = 3.25> <CoreInst = "RAM_T2P_BRAM">   --->   Core 93 'RAM_T2P_BRAM' <Latency = 1> <II = 1> <Delay = 3.25> <Storage> <Opcode : 'load' 'store'> <Ports = 2> <Width = 8> <Depth = 16> <RAM>
ST_11 : Operation 979 [1/2] ( I:3.25ns O:3.25ns )   --->   "%tile_in_22_load_8 = load i4 %tile_in_22_addr_8" [cnn_accel.cpp:64]   --->   Operation 979 'load' 'tile_in_22_load_8' <Predicate = (trunc_ln63 == 0 & trunc_ln64 == 2)> <Delay = 3.25> <CoreInst = "RAM_T2P_BRAM">   --->   Core 93 'RAM_T2P_BRAM' <Latency = 1> <II = 1> <Delay = 3.25> <Storage> <Opcode : 'load' 'store'> <Ports = 2> <Width = 8> <Depth = 16> <RAM>
ST_11 : Operation 980 [1/2] ( I:3.25ns O:3.25ns )   --->   "%tile_in_25_load_8 = load i4 %tile_in_25_addr_8" [cnn_accel.cpp:64]   --->   Operation 980 'load' 'tile_in_25_load_8' <Predicate = (trunc_ln63 == 0 & trunc_ln64 == 0)> <Delay = 3.25> <CoreInst = "RAM_T2P_BRAM">   --->   Core 93 'RAM_T2P_BRAM' <Latency = 1> <II = 1> <Delay = 3.25> <Storage> <Opcode : 'load' 'store'> <Ports = 2> <Width = 8> <Depth = 16> <RAM>
ST_11 : Operation 981 [1/1] (1.61ns)   --->   "%tmp_77 = sparsemux i8 @_ssdm_op_SparseMux.ap_auto.3i8.i8.i2, i2 1, i8 %tile_in_19_load_8, i2 2, i8 %tile_in_22_load_8, i2 0, i8 %tile_in_25_load_8, i8 0, i2 %trunc_ln64" [cnn_accel.cpp:64]   --->   Operation 981 'sparsemux' 'tmp_77' <Predicate = (trunc_ln63 == 0)> <Delay = 1.61> <CoreInst = "OneHotSparseMux_HasDef">   --->   Core 140 'OneHotSparseMux_HasDef' <Latency = 0> <II = 1> <Delay = 1.61> <FuncUnit> <Opcode : 'sparsemux'> <InPorts = 2> <OutPorts = 1>
ST_11 : Operation 982 [1/1] (1.61ns)   --->   "%in_val_25 = sparsemux i8 @_ssdm_op_SparseMux.ap_auto.3i8.i8.i2, i2 1, i8 %tmp_75, i2 2, i8 %tmp_76, i2 0, i8 %tmp_77, i8 0, i2 %trunc_ln63" [cnn_accel.cpp:64]   --->   Operation 982 'sparsemux' 'in_val_25' <Predicate = true> <Delay = 1.61> <CoreInst = "OneHotSparseMux_HasDef">   --->   Core 140 'OneHotSparseMux_HasDef' <Latency = 0> <II = 1> <Delay = 1.61> <FuncUnit> <Opcode : 'sparsemux'> <InPorts = 2> <OutPorts = 1>
ST_11 : Operation 983 [1/2] ( I:3.25ns O:3.25ns )   --->   "%tile_in_2_load_8 = load i4 %tile_in_2_addr_8" [cnn_accel.cpp:64]   --->   Operation 983 'load' 'tile_in_2_load_8' <Predicate = (trunc_ln64 == 1 & trunc_ln63 == 1)> <Delay = 3.25> <CoreInst = "RAM_T2P_BRAM">   --->   Core 93 'RAM_T2P_BRAM' <Latency = 1> <II = 1> <Delay = 3.25> <Storage> <Opcode : 'load' 'store'> <Ports = 2> <Width = 8> <Depth = 16> <RAM>
ST_11 : Operation 984 [1/2] ( I:3.25ns O:3.25ns )   --->   "%tile_in_5_load_8 = load i4 %tile_in_5_addr_8" [cnn_accel.cpp:64]   --->   Operation 984 'load' 'tile_in_5_load_8' <Predicate = (trunc_ln64 == 2 & trunc_ln63 == 1)> <Delay = 3.25> <CoreInst = "RAM_T2P_BRAM">   --->   Core 93 'RAM_T2P_BRAM' <Latency = 1> <II = 1> <Delay = 3.25> <Storage> <Opcode : 'load' 'store'> <Ports = 2> <Width = 8> <Depth = 16> <RAM>
ST_11 : Operation 985 [1/2] ( I:3.25ns O:3.25ns )   --->   "%tile_in_8_load_8 = load i4 %tile_in_8_addr_8" [cnn_accel.cpp:64]   --->   Operation 985 'load' 'tile_in_8_load_8' <Predicate = (trunc_ln64 == 0 & trunc_ln63 == 1)> <Delay = 3.25> <CoreInst = "RAM_T2P_BRAM">   --->   Core 93 'RAM_T2P_BRAM' <Latency = 1> <II = 1> <Delay = 3.25> <Storage> <Opcode : 'load' 'store'> <Ports = 2> <Width = 8> <Depth = 16> <RAM>
ST_11 : Operation 986 [1/1] (1.61ns)   --->   "%tmp_78 = sparsemux i8 @_ssdm_op_SparseMux.ap_auto.3i8.i8.i2, i2 1, i8 %tile_in_2_load_8, i2 2, i8 %tile_in_5_load_8, i2 0, i8 %tile_in_8_load_8, i8 0, i2 %trunc_ln64" [cnn_accel.cpp:64]   --->   Operation 986 'sparsemux' 'tmp_78' <Predicate = (trunc_ln63 == 1)> <Delay = 1.61> <CoreInst = "OneHotSparseMux_HasDef">   --->   Core 140 'OneHotSparseMux_HasDef' <Latency = 0> <II = 1> <Delay = 1.61> <FuncUnit> <Opcode : 'sparsemux'> <InPorts = 2> <OutPorts = 1>
ST_11 : Operation 987 [1/2] ( I:3.25ns O:3.25ns )   --->   "%tile_in_11_load_8 = load i4 %tile_in_11_addr_8" [cnn_accel.cpp:64]   --->   Operation 987 'load' 'tile_in_11_load_8' <Predicate = (trunc_ln64 == 1 & trunc_ln63 == 2)> <Delay = 3.25> <CoreInst = "RAM_T2P_BRAM">   --->   Core 93 'RAM_T2P_BRAM' <Latency = 1> <II = 1> <Delay = 3.25> <Storage> <Opcode : 'load' 'store'> <Ports = 2> <Width = 8> <Depth = 16> <RAM>
ST_11 : Operation 988 [1/2] ( I:3.25ns O:3.25ns )   --->   "%tile_in_14_load_8 = load i4 %tile_in_14_addr_8" [cnn_accel.cpp:64]   --->   Operation 988 'load' 'tile_in_14_load_8' <Predicate = (trunc_ln64 == 2 & trunc_ln63 == 2)> <Delay = 3.25> <CoreInst = "RAM_T2P_BRAM">   --->   Core 93 'RAM_T2P_BRAM' <Latency = 1> <II = 1> <Delay = 3.25> <Storage> <Opcode : 'load' 'store'> <Ports = 2> <Width = 8> <Depth = 16> <RAM>
ST_11 : Operation 989 [1/2] ( I:3.25ns O:3.25ns )   --->   "%tile_in_17_load_8 = load i4 %tile_in_17_addr_8" [cnn_accel.cpp:64]   --->   Operation 989 'load' 'tile_in_17_load_8' <Predicate = (trunc_ln64 == 0 & trunc_ln63 == 2)> <Delay = 3.25> <CoreInst = "RAM_T2P_BRAM">   --->   Core 93 'RAM_T2P_BRAM' <Latency = 1> <II = 1> <Delay = 3.25> <Storage> <Opcode : 'load' 'store'> <Ports = 2> <Width = 8> <Depth = 16> <RAM>
ST_11 : Operation 990 [1/1] (1.61ns)   --->   "%tmp_79 = sparsemux i8 @_ssdm_op_SparseMux.ap_auto.3i8.i8.i2, i2 1, i8 %tile_in_11_load_8, i2 2, i8 %tile_in_14_load_8, i2 0, i8 %tile_in_17_load_8, i8 0, i2 %trunc_ln64" [cnn_accel.cpp:64]   --->   Operation 990 'sparsemux' 'tmp_79' <Predicate = (trunc_ln63 == 2)> <Delay = 1.61> <CoreInst = "OneHotSparseMux_HasDef">   --->   Core 140 'OneHotSparseMux_HasDef' <Latency = 0> <II = 1> <Delay = 1.61> <FuncUnit> <Opcode : 'sparsemux'> <InPorts = 2> <OutPorts = 1>
ST_11 : Operation 991 [1/2] ( I:3.25ns O:3.25ns )   --->   "%tile_in_20_load_8 = load i4 %tile_in_20_addr_8" [cnn_accel.cpp:64]   --->   Operation 991 'load' 'tile_in_20_load_8' <Predicate = (trunc_ln63 == 0 & trunc_ln64 == 1)> <Delay = 3.25> <CoreInst = "RAM_T2P_BRAM">   --->   Core 93 'RAM_T2P_BRAM' <Latency = 1> <II = 1> <Delay = 3.25> <Storage> <Opcode : 'load' 'store'> <Ports = 2> <Width = 8> <Depth = 16> <RAM>
ST_11 : Operation 992 [1/2] ( I:3.25ns O:3.25ns )   --->   "%tile_in_23_load_8 = load i4 %tile_in_23_addr_8" [cnn_accel.cpp:64]   --->   Operation 992 'load' 'tile_in_23_load_8' <Predicate = (trunc_ln63 == 0 & trunc_ln64 == 2)> <Delay = 3.25> <CoreInst = "RAM_T2P_BRAM">   --->   Core 93 'RAM_T2P_BRAM' <Latency = 1> <II = 1> <Delay = 3.25> <Storage> <Opcode : 'load' 'store'> <Ports = 2> <Width = 8> <Depth = 16> <RAM>
ST_11 : Operation 993 [1/2] ( I:3.25ns O:3.25ns )   --->   "%tile_in_26_load_8 = load i4 %tile_in_26_addr_8" [cnn_accel.cpp:64]   --->   Operation 993 'load' 'tile_in_26_load_8' <Predicate = (trunc_ln63 == 0 & trunc_ln64 == 0)> <Delay = 3.25> <CoreInst = "RAM_T2P_BRAM">   --->   Core 93 'RAM_T2P_BRAM' <Latency = 1> <II = 1> <Delay = 3.25> <Storage> <Opcode : 'load' 'store'> <Ports = 2> <Width = 8> <Depth = 16> <RAM>
ST_11 : Operation 994 [1/1] (1.61ns)   --->   "%tmp_80 = sparsemux i8 @_ssdm_op_SparseMux.ap_auto.3i8.i8.i2, i2 1, i8 %tile_in_20_load_8, i2 2, i8 %tile_in_23_load_8, i2 0, i8 %tile_in_26_load_8, i8 0, i2 %trunc_ln64" [cnn_accel.cpp:64]   --->   Operation 994 'sparsemux' 'tmp_80' <Predicate = (trunc_ln63 == 0)> <Delay = 1.61> <CoreInst = "OneHotSparseMux_HasDef">   --->   Core 140 'OneHotSparseMux_HasDef' <Latency = 0> <II = 1> <Delay = 1.61> <FuncUnit> <Opcode : 'sparsemux'> <InPorts = 2> <OutPorts = 1>
ST_11 : Operation 995 [1/1] (1.61ns)   --->   "%in_val_26 = sparsemux i8 @_ssdm_op_SparseMux.ap_auto.3i8.i8.i2, i2 1, i8 %tmp_78, i2 2, i8 %tmp_79, i2 0, i8 %tmp_80, i8 0, i2 %trunc_ln63" [cnn_accel.cpp:64]   --->   Operation 995 'sparsemux' 'in_val_26' <Predicate = true> <Delay = 1.61> <CoreInst = "OneHotSparseMux_HasDef">   --->   Core 140 'OneHotSparseMux_HasDef' <Latency = 0> <II = 1> <Delay = 1.61> <FuncUnit> <Opcode : 'sparsemux'> <InPorts = 2> <OutPorts = 1>
ST_11 : Operation 996 [1/1] (0.00ns)   --->   "%zext_ln65 = zext i5 %oc_mid2" [cnn_accel.cpp:65]   --->   Operation 996 'zext' 'zext_ln65' <Predicate = true> <Delay = 0.00>
ST_11 : Operation 997 [1/1] (0.00ns)   --->   "%zext_ln98_1 = zext i5 %oc_mid2" [cnn_accel.cpp:98]   --->   Operation 997 'zext' 'zext_ln98_1' <Predicate = true> <Delay = 0.00>
ST_11 : Operation 998 [1/1] (2.12ns)   --->   "%add_ln98_1 = add i10 %tmp, i10 %zext_ln98_1" [cnn_accel.cpp:98]   --->   Operation 998 'add' 'add_ln98_1' <Predicate = true> <Delay = 2.12> <CoreInst = "Adder">   --->   Core 1 'Adder' <Latency = 0> <II = 1> <Delay = 2.12> <FuncUnit> <Opcode : 'add' 'sub'> <InPorts = 2> <OutPorts = 1>
ST_11 : Operation 999 [1/1] (0.00ns)   --->   "%w_0_conv_weight_0_addr = getelementptr i7 %w_0_conv_weight_0, i64 0, i64 %zext_ln65" [cnn_accel.cpp:80]   --->   Operation 999 'getelementptr' 'w_0_conv_weight_0_addr' <Predicate = true> <Delay = 0.00>
ST_11 : Operation 1000 [2/2] (2.15ns)   --->   "%w_val = load i4 %w_0_conv_weight_0_addr" [cnn_accel.cpp:80]   --->   Operation 1000 'load' 'w_val' <Predicate = true> <Delay = 2.15> <CoreInst = "ROM">   --->   Core 94 'ROM' <Latency = 1> <II = 1> <Delay = 2.15> <Storage> <Opcode : 'load'> <Ports = 0> <Width = 7> <Depth = 16> <ROM>
ST_11 : Operation 1001 [1/1] (0.00ns)   --->   "%w_0_conv_weight_19_addr = getelementptr i6 %w_0_conv_weight_19, i64 0, i64 %zext_ln65" [cnn_accel.cpp:80]   --->   Operation 1001 'getelementptr' 'w_0_conv_weight_19_addr' <Predicate = true> <Delay = 0.00>
ST_11 : Operation 1002 [2/2] (2.15ns)   --->   "%w_val_5 = load i4 %w_0_conv_weight_19_addr" [cnn_accel.cpp:80]   --->   Operation 1002 'load' 'w_val_5' <Predicate = true> <Delay = 2.15> <CoreInst = "ROM">   --->   Core 94 'ROM' <Latency = 1> <II = 1> <Delay = 2.15> <Storage> <Opcode : 'load'> <Ports = 0> <Width = 6> <Depth = 16> <ROM>
ST_11 : Operation 1003 [1/1] (0.00ns)   --->   "%w_0_conv_weight_2_addr = getelementptr i7 %w_0_conv_weight_2, i64 0, i64 %zext_ln65" [cnn_accel.cpp:80]   --->   Operation 1003 'getelementptr' 'w_0_conv_weight_2_addr' <Predicate = true> <Delay = 0.00>
ST_11 : Operation 1004 [2/2] (2.15ns)   --->   "%w_val_6 = load i4 %w_0_conv_weight_2_addr" [cnn_accel.cpp:80]   --->   Operation 1004 'load' 'w_val_6' <Predicate = true> <Delay = 2.15> <CoreInst = "ROM">   --->   Core 94 'ROM' <Latency = 1> <II = 1> <Delay = 2.15> <Storage> <Opcode : 'load'> <Ports = 0> <Width = 7> <Depth = 16> <ROM>
ST_11 : Operation 1005 [1/1] (0.00ns)   --->   "%w_0_conv_weight_3_addr = getelementptr i7 %w_0_conv_weight_3, i64 0, i64 %zext_ln65" [cnn_accel.cpp:80]   --->   Operation 1005 'getelementptr' 'w_0_conv_weight_3_addr' <Predicate = true> <Delay = 0.00>
ST_11 : Operation 1006 [2/2] (2.15ns)   --->   "%w_val_9 = load i4 %w_0_conv_weight_3_addr" [cnn_accel.cpp:80]   --->   Operation 1006 'load' 'w_val_9' <Predicate = true> <Delay = 2.15> <CoreInst = "ROM">   --->   Core 94 'ROM' <Latency = 1> <II = 1> <Delay = 2.15> <Storage> <Opcode : 'load'> <Ports = 0> <Width = 7> <Depth = 16> <ROM>
ST_11 : Operation 1007 [1/1] (0.00ns)   --->   "%w_0_conv_weight_12_addr = getelementptr i7 %w_0_conv_weight_12, i64 0, i64 %zext_ln65" [cnn_accel.cpp:80]   --->   Operation 1007 'getelementptr' 'w_0_conv_weight_12_addr' <Predicate = true> <Delay = 0.00>
ST_11 : Operation 1008 [2/2] (2.15ns)   --->   "%w_val_10 = load i4 %w_0_conv_weight_12_addr" [cnn_accel.cpp:80]   --->   Operation 1008 'load' 'w_val_10' <Predicate = true> <Delay = 2.15> <CoreInst = "ROM">   --->   Core 94 'ROM' <Latency = 1> <II = 1> <Delay = 2.15> <Storage> <Opcode : 'load'> <Ports = 0> <Width = 7> <Depth = 16> <ROM>
ST_11 : Operation 1009 [1/1] (0.00ns)   --->   "%w_0_conv_weight_21_addr = getelementptr i6 %w_0_conv_weight_21, i64 0, i64 %zext_ln65" [cnn_accel.cpp:80]   --->   Operation 1009 'getelementptr' 'w_0_conv_weight_21_addr' <Predicate = true> <Delay = 0.00>
ST_11 : Operation 1010 [2/2] (2.15ns)   --->   "%w_val_11 = load i4 %w_0_conv_weight_21_addr" [cnn_accel.cpp:80]   --->   Operation 1010 'load' 'w_val_11' <Predicate = true> <Delay = 2.15> <CoreInst = "ROM">   --->   Core 94 'ROM' <Latency = 1> <II = 1> <Delay = 2.15> <Storage> <Opcode : 'load'> <Ports = 0> <Width = 6> <Depth = 16> <ROM>
ST_11 : Operation 1011 [1/1] (0.00ns)   --->   "%w_0_conv_weight_22_addr = getelementptr i7 %w_0_conv_weight_22, i64 0, i64 %zext_ln65" [cnn_accel.cpp:80]   --->   Operation 1011 'getelementptr' 'w_0_conv_weight_22_addr' <Predicate = true> <Delay = 0.00>
ST_11 : Operation 1012 [2/2] (2.15ns)   --->   "%w_val_14 = load i4 %w_0_conv_weight_22_addr" [cnn_accel.cpp:80]   --->   Operation 1012 'load' 'w_val_14' <Predicate = true> <Delay = 2.15> <CoreInst = "ROM">   --->   Core 94 'ROM' <Latency = 1> <II = 1> <Delay = 2.15> <Storage> <Opcode : 'load'> <Ports = 0> <Width = 7> <Depth = 16> <ROM>
ST_11 : Operation 1013 [1/1] (0.00ns)   --->   "%w_0_conv_weight_23_addr = getelementptr i6 %w_0_conv_weight_23, i64 0, i64 %zext_ln65" [cnn_accel.cpp:80]   --->   Operation 1013 'getelementptr' 'w_0_conv_weight_23_addr' <Predicate = true> <Delay = 0.00>
ST_11 : Operation 1014 [2/2] (2.15ns)   --->   "%w_val_17 = load i4 %w_0_conv_weight_23_addr" [cnn_accel.cpp:80]   --->   Operation 1014 'load' 'w_val_17' <Predicate = true> <Delay = 2.15> <CoreInst = "ROM">   --->   Core 94 'ROM' <Latency = 1> <II = 1> <Delay = 2.15> <Storage> <Opcode : 'load'> <Ports = 0> <Width = 6> <Depth = 16> <ROM>
ST_11 : Operation 1015 [1/1] (0.00ns)   --->   "%w_0_conv_weight_6_addr = getelementptr i7 %w_0_conv_weight_6, i64 0, i64 %zext_ln65" [cnn_accel.cpp:80]   --->   Operation 1015 'getelementptr' 'w_0_conv_weight_6_addr' <Predicate = true> <Delay = 0.00>
ST_11 : Operation 1016 [2/2] (2.15ns)   --->   "%w_val_18 = load i4 %w_0_conv_weight_6_addr" [cnn_accel.cpp:80]   --->   Operation 1016 'load' 'w_val_18' <Predicate = true> <Delay = 2.15> <CoreInst = "ROM">   --->   Core 94 'ROM' <Latency = 1> <II = 1> <Delay = 2.15> <Storage> <Opcode : 'load'> <Ports = 0> <Width = 7> <Depth = 16> <ROM>
ST_11 : Operation 1017 [1/1] (0.00ns)   --->   "%w_0_conv_weight_24_addr = getelementptr i6 %w_0_conv_weight_24, i64 0, i64 %zext_ln65" [cnn_accel.cpp:80]   --->   Operation 1017 'getelementptr' 'w_0_conv_weight_24_addr' <Predicate = true> <Delay = 0.00>
ST_11 : Operation 1018 [2/2] (2.15ns)   --->   "%w_val_20 = load i4 %w_0_conv_weight_24_addr" [cnn_accel.cpp:80]   --->   Operation 1018 'load' 'w_val_20' <Predicate = true> <Delay = 2.15> <CoreInst = "ROM">   --->   Core 94 'ROM' <Latency = 1> <II = 1> <Delay = 2.15> <Storage> <Opcode : 'load'> <Ports = 0> <Width = 6> <Depth = 16> <ROM>
ST_11 : Operation 1019 [1/1] (0.00ns)   --->   "%w_0_conv_weight_7_addr = getelementptr i7 %w_0_conv_weight_7, i64 0, i64 %zext_ln65" [cnn_accel.cpp:80]   --->   Operation 1019 'getelementptr' 'w_0_conv_weight_7_addr' <Predicate = true> <Delay = 0.00>
ST_11 : Operation 1020 [2/2] (2.15ns)   --->   "%w_val_21 = load i4 %w_0_conv_weight_7_addr" [cnn_accel.cpp:80]   --->   Operation 1020 'load' 'w_val_21' <Predicate = true> <Delay = 2.15> <CoreInst = "ROM">   --->   Core 94 'ROM' <Latency = 1> <II = 1> <Delay = 2.15> <Storage> <Opcode : 'load'> <Ports = 0> <Width = 7> <Depth = 16> <ROM>
ST_11 : Operation 1021 [1/1] (0.00ns)   --->   "%w_0_conv_weight_8_addr = getelementptr i7 %w_0_conv_weight_8, i64 0, i64 %zext_ln65" [cnn_accel.cpp:80]   --->   Operation 1021 'getelementptr' 'w_0_conv_weight_8_addr' <Predicate = true> <Delay = 0.00>
ST_11 : Operation 1022 [2/2] (2.15ns)   --->   "%w_val_24 = load i4 %w_0_conv_weight_8_addr" [cnn_accel.cpp:80]   --->   Operation 1022 'load' 'w_val_24' <Predicate = true> <Delay = 2.15> <CoreInst = "ROM">   --->   Core 94 'ROM' <Latency = 1> <II = 1> <Delay = 2.15> <Storage> <Opcode : 'load'> <Ports = 0> <Width = 7> <Depth = 16> <ROM>

State 12 <SV = 11> <Delay = 3.60>
ST_12 : Operation 1023 [1/1] (0.00ns)   --->   "%sext_ln69 = sext i8 %in_val" [cnn_accel.cpp:69]   --->   Operation 1023 'sext' 'sext_ln69' <Predicate = true> <Delay = 0.00>
ST_12 : Operation 1024 [1/1] (0.00ns)   --->   "%in_val_5_cast = sext i8 %in_val_5" [cnn_accel.cpp:63]   --->   Operation 1024 'sext' 'in_val_5_cast' <Predicate = true> <Delay = 0.00>
ST_12 : Operation 1025 [1/1] (0.00ns)   --->   "%in_val_6_cast = sext i8 %in_val_6" [cnn_accel.cpp:63]   --->   Operation 1025 'sext' 'in_val_6_cast' <Predicate = true> <Delay = 0.00>
ST_12 : Operation 1026 [1/1] (0.00ns)   --->   "%in_val_9_cast = sext i8 %in_val_9" [cnn_accel.cpp:63]   --->   Operation 1026 'sext' 'in_val_9_cast' <Predicate = true> <Delay = 0.00>
ST_12 : Operation 1027 [1/1] (0.00ns)   --->   "%in_val_26_cast = sext i8 %in_val_10" [cnn_accel.cpp:63]   --->   Operation 1027 'sext' 'in_val_26_cast' <Predicate = true> <Delay = 0.00>
ST_12 : Operation 1028 [1/1] (0.00ns)   --->   "%sext_ln77 = sext i8 %in_val_11" [cnn_accel.cpp:77]   --->   Operation 1028 'sext' 'sext_ln77' <Predicate = true> <Delay = 0.00>
ST_12 : Operation 1029 [1/1] (0.00ns)   --->   "%in_val_13_cast = sext i8 %in_val_14" [cnn_accel.cpp:63]   --->   Operation 1029 'sext' 'in_val_13_cast' <Predicate = true> <Delay = 0.00>
ST_12 : Operation 1030 [1/1] (0.00ns)   --->   "%in_val_16_cast = sext i8 %in_val_17" [cnn_accel.cpp:63]   --->   Operation 1030 'sext' 'in_val_16_cast' <Predicate = true> <Delay = 0.00>
ST_12 : Operation 1031 [1/1] (0.00ns)   --->   "%in_val_17_cast = sext i8 %in_val_18" [cnn_accel.cpp:64]   --->   Operation 1031 'sext' 'in_val_17_cast' <Predicate = true> <Delay = 0.00>
ST_12 : Operation 1032 [1/1] (0.00ns)   --->   "%in_val_19_cast = sext i8 %in_val_20" [cnn_accel.cpp:64]   --->   Operation 1032 'sext' 'in_val_19_cast' <Predicate = true> <Delay = 0.00>
ST_12 : Operation 1033 [1/1] (0.00ns)   --->   "%in_val_20_cast = sext i8 %in_val_21" [cnn_accel.cpp:64]   --->   Operation 1033 'sext' 'in_val_20_cast' <Predicate = true> <Delay = 0.00>
ST_12 : Operation 1034 [1/1] (0.00ns)   --->   "%sext_ln77_1 = sext i8 %in_val_24" [cnn_accel.cpp:77]   --->   Operation 1034 'sext' 'sext_ln77_1' <Predicate = true> <Delay = 0.00>
ST_12 : Operation 1035 [1/2] ( I:2.15ns O:2.15ns )   --->   "%w_val = load i4 %w_0_conv_weight_0_addr" [cnn_accel.cpp:80]   --->   Operation 1035 'load' 'w_val' <Predicate = true> <Delay = 2.15> <CoreInst = "ROM">   --->   Core 94 'ROM' <Latency = 1> <II = 1> <Delay = 2.15> <Storage> <Opcode : 'load'> <Ports = 0> <Width = 7> <Depth = 16> <ROM>
ST_12 : Operation 1036 [1/1] (0.00ns)   --->   "%sext_ln69_1 = sext i7 %w_val" [cnn_accel.cpp:69]   --->   Operation 1036 'sext' 'sext_ln69_1' <Predicate = true> <Delay = 0.00>
ST_12 : Operation 1037 [3/3] (1.45ns) (grouped into DSP with root node add_ln93_13)   --->   "%mul_ln69 = mul i14 %sext_ln69_1, i14 %sext_ln69" [cnn_accel.cpp:69]   --->   Operation 1037 'mul' 'mul_ln69' <Predicate = true> <Delay = 1.45> <CoreInst = "DSP48">   --->   Core 116 'DSP48' <Latency = 3> <II = 1> <Delay = 2.15> <IPBlock> <Opcode : '' 'add' 'sub' 'mul' 'select'> <InPorts = 0> <OutPorts = 1> <Sync> <CReg>
ST_12 : Operation 1038 [1/1] (0.00ns)   --->   "%w_0_conv_weight_9_addr = getelementptr i7 %w_0_conv_weight_9, i64 0, i64 %zext_ln65" [cnn_accel.cpp:80]   --->   Operation 1038 'getelementptr' 'w_0_conv_weight_9_addr' <Predicate = true> <Delay = 0.00>
ST_12 : Operation 1039 [2/2] (2.15ns)   --->   "%w_val_1 = load i4 %w_0_conv_weight_9_addr" [cnn_accel.cpp:80]   --->   Operation 1039 'load' 'w_val_1' <Predicate = true> <Delay = 2.15> <CoreInst = "ROM">   --->   Core 94 'ROM' <Latency = 1> <II = 1> <Delay = 2.15> <Storage> <Opcode : 'load'> <Ports = 0> <Width = 7> <Depth = 16> <ROM>
ST_12 : Operation 1040 [1/1] (0.00ns)   --->   "%w_0_conv_weight_18_addr = getelementptr i6 %w_0_conv_weight_18, i64 0, i64 %zext_ln65" [cnn_accel.cpp:80]   --->   Operation 1040 'getelementptr' 'w_0_conv_weight_18_addr' <Predicate = true> <Delay = 0.00>
ST_12 : Operation 1041 [2/2] (2.15ns)   --->   "%w_val_2 = load i4 %w_0_conv_weight_18_addr" [cnn_accel.cpp:80]   --->   Operation 1041 'load' 'w_val_2' <Predicate = true> <Delay = 2.15> <CoreInst = "ROM">   --->   Core 94 'ROM' <Latency = 1> <II = 1> <Delay = 2.15> <Storage> <Opcode : 'load'> <Ports = 0> <Width = 6> <Depth = 16> <ROM>
ST_12 : Operation 1042 [1/1] (0.00ns)   --->   "%w_0_conv_weight_1_addr = getelementptr i7 %w_0_conv_weight_1, i64 0, i64 %zext_ln65" [cnn_accel.cpp:80]   --->   Operation 1042 'getelementptr' 'w_0_conv_weight_1_addr' <Predicate = true> <Delay = 0.00>
ST_12 : Operation 1043 [2/2] (2.15ns)   --->   "%w_val_3 = load i4 %w_0_conv_weight_1_addr" [cnn_accel.cpp:80]   --->   Operation 1043 'load' 'w_val_3' <Predicate = true> <Delay = 2.15> <CoreInst = "ROM">   --->   Core 94 'ROM' <Latency = 1> <II = 1> <Delay = 2.15> <Storage> <Opcode : 'load'> <Ports = 0> <Width = 7> <Depth = 16> <ROM>
ST_12 : Operation 1044 [1/1] (0.00ns)   --->   "%w_0_conv_weight_10_addr = getelementptr i7 %w_0_conv_weight_10, i64 0, i64 %zext_ln65" [cnn_accel.cpp:80]   --->   Operation 1044 'getelementptr' 'w_0_conv_weight_10_addr' <Predicate = true> <Delay = 0.00>
ST_12 : Operation 1045 [2/2] (2.15ns)   --->   "%w_val_4 = load i4 %w_0_conv_weight_10_addr" [cnn_accel.cpp:80]   --->   Operation 1045 'load' 'w_val_4' <Predicate = true> <Delay = 2.15> <CoreInst = "ROM">   --->   Core 94 'ROM' <Latency = 1> <II = 1> <Delay = 2.15> <Storage> <Opcode : 'load'> <Ports = 0> <Width = 7> <Depth = 16> <ROM>
ST_12 : Operation 1046 [1/2] ( I:2.15ns O:2.15ns )   --->   "%w_val_5 = load i4 %w_0_conv_weight_19_addr" [cnn_accel.cpp:80]   --->   Operation 1046 'load' 'w_val_5' <Predicate = true> <Delay = 2.15> <CoreInst = "ROM">   --->   Core 94 'ROM' <Latency = 1> <II = 1> <Delay = 2.15> <Storage> <Opcode : 'load'> <Ports = 0> <Width = 6> <Depth = 16> <ROM>
ST_12 : Operation 1047 [1/1] (0.00ns)   --->   "%sext_ln87_4 = sext i6 %w_val_5" [cnn_accel.cpp:87]   --->   Operation 1047 'sext' 'sext_ln87_4' <Predicate = true> <Delay = 0.00>
ST_12 : Operation 1048 [3/3] (1.45ns) (grouped into DSP with root node add_ln93_15)   --->   "%mul_ln87_4 = mul i14 %sext_ln87_4, i14 %in_val_5_cast" [cnn_accel.cpp:87]   --->   Operation 1048 'mul' 'mul_ln87_4' <Predicate = true> <Delay = 1.45> <CoreInst = "DSP48">   --->   Core 116 'DSP48' <Latency = 3> <II = 1> <Delay = 2.15> <IPBlock> <Opcode : '' 'add' 'sub' 'mul' 'select'> <InPorts = 0> <OutPorts = 1> <Sync> <CReg>
ST_12 : Operation 1049 [1/2] ( I:2.15ns O:2.15ns )   --->   "%w_val_6 = load i4 %w_0_conv_weight_2_addr" [cnn_accel.cpp:80]   --->   Operation 1049 'load' 'w_val_6' <Predicate = true> <Delay = 2.15> <CoreInst = "ROM">   --->   Core 94 'ROM' <Latency = 1> <II = 1> <Delay = 2.15> <Storage> <Opcode : 'load'> <Ports = 0> <Width = 7> <Depth = 16> <ROM>
ST_12 : Operation 1050 [1/1] (0.00ns)   --->   "%sext_ln87_5 = sext i7 %w_val_6" [cnn_accel.cpp:87]   --->   Operation 1050 'sext' 'sext_ln87_5' <Predicate = true> <Delay = 0.00>
ST_12 : Operation 1051 [3/3] (1.45ns) (grouped into DSP with root node add_ln93_16)   --->   "%mul_ln87_5 = mul i15 %sext_ln87_5, i15 %in_val_6_cast" [cnn_accel.cpp:87]   --->   Operation 1051 'mul' 'mul_ln87_5' <Predicate = true> <Delay = 1.45> <CoreInst = "DSP48">   --->   Core 116 'DSP48' <Latency = 3> <II = 1> <Delay = 2.15> <IPBlock> <Opcode : '' 'add' 'sub' 'mul' 'select'> <InPorts = 0> <OutPorts = 1> <Sync> <CReg>
ST_12 : Operation 1052 [1/1] (0.00ns)   --->   "%w_0_conv_weight_11_addr = getelementptr i7 %w_0_conv_weight_11, i64 0, i64 %zext_ln65" [cnn_accel.cpp:80]   --->   Operation 1052 'getelementptr' 'w_0_conv_weight_11_addr' <Predicate = true> <Delay = 0.00>
ST_12 : Operation 1053 [2/2] (2.15ns)   --->   "%w_val_7 = load i4 %w_0_conv_weight_11_addr" [cnn_accel.cpp:80]   --->   Operation 1053 'load' 'w_val_7' <Predicate = true> <Delay = 2.15> <CoreInst = "ROM">   --->   Core 94 'ROM' <Latency = 1> <II = 1> <Delay = 2.15> <Storage> <Opcode : 'load'> <Ports = 0> <Width = 7> <Depth = 16> <ROM>
ST_12 : Operation 1054 [1/1] (0.00ns)   --->   "%w_0_conv_weight_20_addr = getelementptr i6 %w_0_conv_weight_20, i64 0, i64 %zext_ln65" [cnn_accel.cpp:80]   --->   Operation 1054 'getelementptr' 'w_0_conv_weight_20_addr' <Predicate = true> <Delay = 0.00>
ST_12 : Operation 1055 [2/2] (2.15ns)   --->   "%w_val_8 = load i4 %w_0_conv_weight_20_addr" [cnn_accel.cpp:80]   --->   Operation 1055 'load' 'w_val_8' <Predicate = true> <Delay = 2.15> <CoreInst = "ROM">   --->   Core 94 'ROM' <Latency = 1> <II = 1> <Delay = 2.15> <Storage> <Opcode : 'load'> <Ports = 0> <Width = 6> <Depth = 16> <ROM>
ST_12 : Operation 1056 [1/2] ( I:2.15ns O:2.15ns )   --->   "%w_val_9 = load i4 %w_0_conv_weight_3_addr" [cnn_accel.cpp:80]   --->   Operation 1056 'load' 'w_val_9' <Predicate = true> <Delay = 2.15> <CoreInst = "ROM">   --->   Core 94 'ROM' <Latency = 1> <II = 1> <Delay = 2.15> <Storage> <Opcode : 'load'> <Ports = 0> <Width = 7> <Depth = 16> <ROM>
ST_12 : Operation 1057 [1/1] (0.00ns)   --->   "%sext_ln87_8 = sext i7 %w_val_9" [cnn_accel.cpp:87]   --->   Operation 1057 'sext' 'sext_ln87_8' <Predicate = true> <Delay = 0.00>
ST_12 : Operation 1058 [3/3] (1.45ns) (grouped into DSP with root node add_ln93_21)   --->   "%mul_ln87_8 = mul i15 %sext_ln87_8, i15 %in_val_9_cast" [cnn_accel.cpp:87]   --->   Operation 1058 'mul' 'mul_ln87_8' <Predicate = true> <Delay = 1.45> <CoreInst = "DSP48">   --->   Core 116 'DSP48' <Latency = 3> <II = 1> <Delay = 2.15> <IPBlock> <Opcode : '' 'add' 'sub' 'mul' 'select'> <InPorts = 0> <OutPorts = 1> <Sync> <CReg>
ST_12 : Operation 1059 [1/2] ( I:2.15ns O:2.15ns )   --->   "%w_val_10 = load i4 %w_0_conv_weight_12_addr" [cnn_accel.cpp:80]   --->   Operation 1059 'load' 'w_val_10' <Predicate = true> <Delay = 2.15> <CoreInst = "ROM">   --->   Core 94 'ROM' <Latency = 1> <II = 1> <Delay = 2.15> <Storage> <Opcode : 'load'> <Ports = 0> <Width = 7> <Depth = 16> <ROM>
ST_12 : Operation 1060 [1/1] (0.00ns)   --->   "%sext_ln87_9 = sext i7 %w_val_10" [cnn_accel.cpp:87]   --->   Operation 1060 'sext' 'sext_ln87_9' <Predicate = true> <Delay = 0.00>
ST_12 : Operation 1061 [3/3] (1.45ns) (grouped into DSP with root node add_ln93_19)   --->   "%mul_ln87_9 = mul i15 %sext_ln87_9, i15 %in_val_26_cast" [cnn_accel.cpp:87]   --->   Operation 1061 'mul' 'mul_ln87_9' <Predicate = true> <Delay = 1.45> <CoreInst = "DSP48">   --->   Core 116 'DSP48' <Latency = 3> <II = 1> <Delay = 2.15> <IPBlock> <Opcode : '' 'add' 'sub' 'mul' 'select'> <InPorts = 0> <OutPorts = 1> <Sync> <CReg>
ST_12 : Operation 1062 [1/2] ( I:2.15ns O:2.15ns )   --->   "%w_val_11 = load i4 %w_0_conv_weight_21_addr" [cnn_accel.cpp:80]   --->   Operation 1062 'load' 'w_val_11' <Predicate = true> <Delay = 2.15> <CoreInst = "ROM">   --->   Core 94 'ROM' <Latency = 1> <II = 1> <Delay = 2.15> <Storage> <Opcode : 'load'> <Ports = 0> <Width = 6> <Depth = 16> <ROM>
ST_12 : Operation 1063 [1/1] (0.00ns)   --->   "%sext_ln77_5 = sext i6 %w_val_11" [cnn_accel.cpp:77]   --->   Operation 1063 'sext' 'sext_ln77_5' <Predicate = true> <Delay = 0.00>
ST_12 : Operation 1064 [3/3] (1.45ns) (grouped into DSP with root node add_ln93_22)   --->   "%mul_ln77 = mul i13 %sext_ln77_5, i13 %sext_ln77" [cnn_accel.cpp:77]   --->   Operation 1064 'mul' 'mul_ln77' <Predicate = true> <Delay = 1.45> <CoreInst = "DSP48">   --->   Core 116 'DSP48' <Latency = 3> <II = 1> <Delay = 2.15> <IPBlock> <Opcode : '' 'add' 'sub' 'mul' 'select'> <InPorts = 0> <OutPorts = 1> <Sync> <CReg>
ST_12 : Operation 1065 [1/1] (0.00ns)   --->   "%w_0_conv_weight_4_addr = getelementptr i8 %w_0_conv_weight_4, i64 0, i64 %zext_ln65" [cnn_accel.cpp:80]   --->   Operation 1065 'getelementptr' 'w_0_conv_weight_4_addr' <Predicate = true> <Delay = 0.00>
ST_12 : Operation 1066 [2/2] (2.15ns)   --->   "%w_val_12 = load i4 %w_0_conv_weight_4_addr" [cnn_accel.cpp:80]   --->   Operation 1066 'load' 'w_val_12' <Predicate = true> <Delay = 2.15> <CoreInst = "ROM">   --->   Core 94 'ROM' <Latency = 1> <II = 1> <Delay = 2.15> <Storage> <Opcode : 'load'> <Ports = 0> <Width = 8> <Depth = 16> <ROM>
ST_12 : Operation 1067 [1/1] (0.00ns)   --->   "%w_0_conv_weight_13_addr = getelementptr i8 %w_0_conv_weight_13, i64 0, i64 %zext_ln65" [cnn_accel.cpp:80]   --->   Operation 1067 'getelementptr' 'w_0_conv_weight_13_addr' <Predicate = true> <Delay = 0.00>
ST_12 : Operation 1068 [2/2] (2.15ns)   --->   "%w_val_13 = load i4 %w_0_conv_weight_13_addr" [cnn_accel.cpp:80]   --->   Operation 1068 'load' 'w_val_13' <Predicate = true> <Delay = 2.15> <CoreInst = "ROM">   --->   Core 94 'ROM' <Latency = 1> <II = 1> <Delay = 2.15> <Storage> <Opcode : 'load'> <Ports = 0> <Width = 8> <Depth = 16> <ROM>
ST_12 : Operation 1069 [1/2] ( I:2.15ns O:2.15ns )   --->   "%w_val_14 = load i4 %w_0_conv_weight_22_addr" [cnn_accel.cpp:80]   --->   Operation 1069 'load' 'w_val_14' <Predicate = true> <Delay = 2.15> <CoreInst = "ROM">   --->   Core 94 'ROM' <Latency = 1> <II = 1> <Delay = 2.15> <Storage> <Opcode : 'load'> <Ports = 0> <Width = 7> <Depth = 16> <ROM>
ST_12 : Operation 1070 [1/1] (0.00ns)   --->   "%sext_ln87_12 = sext i7 %w_val_14" [cnn_accel.cpp:87]   --->   Operation 1070 'sext' 'sext_ln87_12' <Predicate = true> <Delay = 0.00>
ST_12 : Operation 1071 [3/3] (1.45ns) (grouped into DSP with root node add_ln93_6)   --->   "%mul_ln87_12 = mul i15 %sext_ln87_12, i15 %in_val_13_cast" [cnn_accel.cpp:87]   --->   Operation 1071 'mul' 'mul_ln87_12' <Predicate = true> <Delay = 1.45> <CoreInst = "DSP48">   --->   Core 116 'DSP48' <Latency = 3> <II = 1> <Delay = 2.15> <IPBlock> <Opcode : '' 'add' 'sub' 'mul' 'select'> <InPorts = 0> <OutPorts = 1> <Sync> <CReg>
ST_12 : Operation 1072 [1/1] (0.00ns)   --->   "%w_0_conv_weight_5_addr = getelementptr i7 %w_0_conv_weight_5, i64 0, i64 %zext_ln65" [cnn_accel.cpp:80]   --->   Operation 1072 'getelementptr' 'w_0_conv_weight_5_addr' <Predicate = true> <Delay = 0.00>
ST_12 : Operation 1073 [2/2] (2.15ns)   --->   "%w_val_15 = load i4 %w_0_conv_weight_5_addr" [cnn_accel.cpp:80]   --->   Operation 1073 'load' 'w_val_15' <Predicate = true> <Delay = 2.15> <CoreInst = "ROM">   --->   Core 94 'ROM' <Latency = 1> <II = 1> <Delay = 2.15> <Storage> <Opcode : 'load'> <Ports = 0> <Width = 7> <Depth = 16> <ROM>
ST_12 : Operation 1074 [1/1] (0.00ns)   --->   "%w_0_conv_weight_14_addr = getelementptr i7 %w_0_conv_weight_14, i64 0, i64 %zext_ln65" [cnn_accel.cpp:80]   --->   Operation 1074 'getelementptr' 'w_0_conv_weight_14_addr' <Predicate = true> <Delay = 0.00>
ST_12 : Operation 1075 [2/2] (2.15ns)   --->   "%w_val_16 = load i4 %w_0_conv_weight_14_addr" [cnn_accel.cpp:80]   --->   Operation 1075 'load' 'w_val_16' <Predicate = true> <Delay = 2.15> <CoreInst = "ROM">   --->   Core 94 'ROM' <Latency = 1> <II = 1> <Delay = 2.15> <Storage> <Opcode : 'load'> <Ports = 0> <Width = 7> <Depth = 16> <ROM>
ST_12 : Operation 1076 [1/2] ( I:2.15ns O:2.15ns )   --->   "%w_val_17 = load i4 %w_0_conv_weight_23_addr" [cnn_accel.cpp:80]   --->   Operation 1076 'load' 'w_val_17' <Predicate = true> <Delay = 2.15> <CoreInst = "ROM">   --->   Core 94 'ROM' <Latency = 1> <II = 1> <Delay = 2.15> <Storage> <Opcode : 'load'> <Ports = 0> <Width = 6> <Depth = 16> <ROM>
ST_12 : Operation 1077 [1/1] (0.00ns)   --->   "%sext_ln87_15 = sext i6 %w_val_17" [cnn_accel.cpp:87]   --->   Operation 1077 'sext' 'sext_ln87_15' <Predicate = true> <Delay = 0.00>
ST_12 : Operation 1078 [3/3] (1.45ns) (grouped into DSP with root node add_ln93_8)   --->   "%mul_ln87_15 = mul i14 %sext_ln87_15, i14 %in_val_16_cast" [cnn_accel.cpp:87]   --->   Operation 1078 'mul' 'mul_ln87_15' <Predicate = true> <Delay = 1.45> <CoreInst = "DSP48">   --->   Core 116 'DSP48' <Latency = 3> <II = 1> <Delay = 2.15> <IPBlock> <Opcode : '' 'add' 'sub' 'mul' 'select'> <InPorts = 0> <OutPorts = 1> <Sync> <CReg>
ST_12 : Operation 1079 [1/2] ( I:2.15ns O:2.15ns )   --->   "%w_val_18 = load i4 %w_0_conv_weight_6_addr" [cnn_accel.cpp:80]   --->   Operation 1079 'load' 'w_val_18' <Predicate = true> <Delay = 2.15> <CoreInst = "ROM">   --->   Core 94 'ROM' <Latency = 1> <II = 1> <Delay = 2.15> <Storage> <Opcode : 'load'> <Ports = 0> <Width = 7> <Depth = 16> <ROM>
ST_12 : Operation 1080 [1/1] (0.00ns)   --->   "%sext_ln87_16 = sext i7 %w_val_18" [cnn_accel.cpp:87]   --->   Operation 1080 'sext' 'sext_ln87_16' <Predicate = true> <Delay = 0.00>
ST_12 : Operation 1081 [3/3] (1.45ns) (grouped into DSP with root node add_ln93_9)   --->   "%mul_ln87_16 = mul i15 %sext_ln87_16, i15 %in_val_17_cast" [cnn_accel.cpp:87]   --->   Operation 1081 'mul' 'mul_ln87_16' <Predicate = true> <Delay = 1.45> <CoreInst = "DSP48">   --->   Core 116 'DSP48' <Latency = 3> <II = 1> <Delay = 2.15> <IPBlock> <Opcode : '' 'add' 'sub' 'mul' 'select'> <InPorts = 0> <OutPorts = 1> <Sync> <CReg>
ST_12 : Operation 1082 [1/1] (0.00ns)   --->   "%w_0_conv_weight_15_addr = getelementptr i7 %w_0_conv_weight_15, i64 0, i64 %zext_ln65" [cnn_accel.cpp:80]   --->   Operation 1082 'getelementptr' 'w_0_conv_weight_15_addr' <Predicate = true> <Delay = 0.00>
ST_12 : Operation 1083 [2/2] (2.15ns)   --->   "%w_val_19 = load i4 %w_0_conv_weight_15_addr" [cnn_accel.cpp:80]   --->   Operation 1083 'load' 'w_val_19' <Predicate = true> <Delay = 2.15> <CoreInst = "ROM">   --->   Core 94 'ROM' <Latency = 1> <II = 1> <Delay = 2.15> <Storage> <Opcode : 'load'> <Ports = 0> <Width = 7> <Depth = 16> <ROM>
ST_12 : Operation 1084 [1/2] ( I:2.15ns O:2.15ns )   --->   "%w_val_20 = load i4 %w_0_conv_weight_24_addr" [cnn_accel.cpp:80]   --->   Operation 1084 'load' 'w_val_20' <Predicate = true> <Delay = 2.15> <CoreInst = "ROM">   --->   Core 94 'ROM' <Latency = 1> <II = 1> <Delay = 2.15> <Storage> <Opcode : 'load'> <Ports = 0> <Width = 6> <Depth = 16> <ROM>
ST_12 : Operation 1085 [1/1] (0.00ns)   --->   "%sext_ln87_18 = sext i6 %w_val_20" [cnn_accel.cpp:87]   --->   Operation 1085 'sext' 'sext_ln87_18' <Predicate = true> <Delay = 0.00>
ST_12 : Operation 1086 [3/3] (1.45ns) (grouped into DSP with root node add_ln93_2)   --->   "%mul_ln87_18 = mul i14 %sext_ln87_18, i14 %in_val_19_cast" [cnn_accel.cpp:87]   --->   Operation 1086 'mul' 'mul_ln87_18' <Predicate = true> <Delay = 1.45> <CoreInst = "DSP48">   --->   Core 116 'DSP48' <Latency = 3> <II = 1> <Delay = 2.15> <IPBlock> <Opcode : '' 'add' 'sub' 'mul' 'select'> <InPorts = 0> <OutPorts = 1> <Sync> <CReg>
ST_12 : Operation 1087 [1/2] ( I:2.15ns O:2.15ns )   --->   "%w_val_21 = load i4 %w_0_conv_weight_7_addr" [cnn_accel.cpp:80]   --->   Operation 1087 'load' 'w_val_21' <Predicate = true> <Delay = 2.15> <CoreInst = "ROM">   --->   Core 94 'ROM' <Latency = 1> <II = 1> <Delay = 2.15> <Storage> <Opcode : 'load'> <Ports = 0> <Width = 7> <Depth = 16> <ROM>
ST_12 : Operation 1088 [1/1] (0.00ns)   --->   "%sext_ln87_19 = sext i7 %w_val_21" [cnn_accel.cpp:87]   --->   Operation 1088 'sext' 'sext_ln87_19' <Predicate = true> <Delay = 0.00>
ST_12 : Operation 1089 [3/3] (1.45ns) (grouped into DSP with root node add_ln93_3)   --->   "%mul_ln87_19 = mul i15 %sext_ln87_19, i15 %in_val_20_cast" [cnn_accel.cpp:87]   --->   Operation 1089 'mul' 'mul_ln87_19' <Predicate = true> <Delay = 1.45> <CoreInst = "DSP48">   --->   Core 116 'DSP48' <Latency = 3> <II = 1> <Delay = 2.15> <IPBlock> <Opcode : '' 'add' 'sub' 'mul' 'select'> <InPorts = 0> <OutPorts = 1> <Sync> <CReg>
ST_12 : Operation 1090 [1/1] (0.00ns)   --->   "%w_0_conv_weight_16_addr = getelementptr i7 %w_0_conv_weight_16, i64 0, i64 %zext_ln65" [cnn_accel.cpp:80]   --->   Operation 1090 'getelementptr' 'w_0_conv_weight_16_addr' <Predicate = true> <Delay = 0.00>
ST_12 : Operation 1091 [2/2] (2.15ns)   --->   "%w_val_22 = load i4 %w_0_conv_weight_16_addr" [cnn_accel.cpp:80]   --->   Operation 1091 'load' 'w_val_22' <Predicate = true> <Delay = 2.15> <CoreInst = "ROM">   --->   Core 94 'ROM' <Latency = 1> <II = 1> <Delay = 2.15> <Storage> <Opcode : 'load'> <Ports = 0> <Width = 7> <Depth = 16> <ROM>
ST_12 : Operation 1092 [1/1] (0.00ns)   --->   "%w_0_conv_weight_25_addr = getelementptr i6 %w_0_conv_weight_25, i64 0, i64 %zext_ln65" [cnn_accel.cpp:80]   --->   Operation 1092 'getelementptr' 'w_0_conv_weight_25_addr' <Predicate = true> <Delay = 0.00>
ST_12 : Operation 1093 [2/2] (2.15ns)   --->   "%w_val_23 = load i4 %w_0_conv_weight_25_addr" [cnn_accel.cpp:80]   --->   Operation 1093 'load' 'w_val_23' <Predicate = true> <Delay = 2.15> <CoreInst = "ROM">   --->   Core 94 'ROM' <Latency = 1> <II = 1> <Delay = 2.15> <Storage> <Opcode : 'load'> <Ports = 0> <Width = 6> <Depth = 16> <ROM>
ST_12 : Operation 1094 [1/2] ( I:2.15ns O:2.15ns )   --->   "%w_val_24 = load i4 %w_0_conv_weight_8_addr" [cnn_accel.cpp:80]   --->   Operation 1094 'load' 'w_val_24' <Predicate = true> <Delay = 2.15> <CoreInst = "ROM">   --->   Core 94 'ROM' <Latency = 1> <II = 1> <Delay = 2.15> <Storage> <Opcode : 'load'> <Ports = 0> <Width = 7> <Depth = 16> <ROM>
ST_12 : Operation 1095 [1/1] (0.00ns)   --->   "%sext_ln77_7 = sext i7 %w_val_24" [cnn_accel.cpp:77]   --->   Operation 1095 'sext' 'sext_ln77_7' <Predicate = true> <Delay = 0.00>
ST_12 : Operation 1096 [3/3] (1.45ns) (grouped into DSP with root node add_ln93)   --->   "%mul_ln77_1 = mul i14 %sext_ln77_7, i14 %sext_ln77_1" [cnn_accel.cpp:77]   --->   Operation 1096 'mul' 'mul_ln77_1' <Predicate = true> <Delay = 1.45> <CoreInst = "DSP48">   --->   Core 116 'DSP48' <Latency = 3> <II = 1> <Delay = 2.15> <IPBlock> <Opcode : '' 'add' 'sub' 'mul' 'select'> <InPorts = 0> <OutPorts = 1> <Sync> <CReg>
ST_12 : Operation 1097 [1/1] (0.00ns)   --->   "%w_0_conv_weight_17_addr = getelementptr i7 %w_0_conv_weight_17, i64 0, i64 %zext_ln65" [cnn_accel.cpp:80]   --->   Operation 1097 'getelementptr' 'w_0_conv_weight_17_addr' <Predicate = true> <Delay = 0.00>
ST_12 : Operation 1098 [2/2] (2.15ns)   --->   "%w_val_25 = load i4 %w_0_conv_weight_17_addr" [cnn_accel.cpp:80]   --->   Operation 1098 'load' 'w_val_25' <Predicate = true> <Delay = 2.15> <CoreInst = "ROM">   --->   Core 94 'ROM' <Latency = 1> <II = 1> <Delay = 2.15> <Storage> <Opcode : 'load'> <Ports = 0> <Width = 7> <Depth = 16> <ROM>
ST_12 : Operation 1099 [1/1] (0.00ns)   --->   "%w_0_conv_weight_26_addr = getelementptr i6 %w_0_conv_weight_26, i64 0, i64 %zext_ln65" [cnn_accel.cpp:80]   --->   Operation 1099 'getelementptr' 'w_0_conv_weight_26_addr' <Predicate = true> <Delay = 0.00>
ST_12 : Operation 1100 [2/2] (2.15ns)   --->   "%w_val_26 = load i4 %w_0_conv_weight_26_addr" [cnn_accel.cpp:80]   --->   Operation 1100 'load' 'w_val_26' <Predicate = true> <Delay = 2.15> <CoreInst = "ROM">   --->   Core 94 'ROM' <Latency = 1> <II = 1> <Delay = 2.15> <Storage> <Opcode : 'load'> <Ports = 0> <Width = 6> <Depth = 16> <ROM>
ST_12 : Operation 1101 [1/1] (0.00ns)   --->   "%w_0_conv_weight_bias_addr = getelementptr i8 %w_0_conv_weight_bias, i64 0, i64 %zext_ln65" [cnn_accel.cpp:93]   --->   Operation 1101 'getelementptr' 'w_0_conv_weight_bias_addr' <Predicate = true> <Delay = 0.00>
ST_12 : Operation 1102 [2/2] (2.15ns)   --->   "%w_0_conv_weight_bias_load = load i4 %w_0_conv_weight_bias_addr" [cnn_accel.cpp:93]   --->   Operation 1102 'load' 'w_0_conv_weight_bias_load' <Predicate = true> <Delay = 2.15> <CoreInst = "ROM">   --->   Core 94 'ROM' <Latency = 1> <II = 1> <Delay = 2.15> <Storage> <Opcode : 'load'> <Ports = 0> <Width = 8> <Depth = 16> <ROM>

State 13 <SV = 12> <Delay = 3.60>
ST_13 : Operation 1103 [1/1] (0.00ns)   --->   "%in_val_1_cast = sext i8 %in_val_1" [cnn_accel.cpp:63]   --->   Operation 1103 'sext' 'in_val_1_cast' <Predicate = true> <Delay = 0.00>
ST_13 : Operation 1104 [1/1] (0.00ns)   --->   "%in_val_8_cast = sext i8 %in_val_8" [cnn_accel.cpp:63]   --->   Operation 1104 'sext' 'in_val_8_cast' <Predicate = true> <Delay = 0.00>
ST_13 : Operation 1105 [1/1] (0.00ns)   --->   "%conv3_i_i45_1_1_1 = sext i8 %in_val_13" [cnn_accel.cpp:63]   --->   Operation 1105 'sext' 'conv3_i_i45_1_1_1' <Predicate = true> <Delay = 0.00>
ST_13 : Operation 1106 [1/1] (0.00ns)   --->   "%in_val_24_cast = sext i8 %in_val_25" [cnn_accel.cpp:64]   --->   Operation 1106 'sext' 'in_val_24_cast' <Predicate = true> <Delay = 0.00>
ST_13 : Operation 1107 [2/3] (1.45ns) (grouped into DSP with root node add_ln93_13)   --->   "%mul_ln69 = mul i14 %sext_ln69_1, i14 %sext_ln69" [cnn_accel.cpp:69]   --->   Operation 1107 'mul' 'mul_ln69' <Predicate = true> <Delay = 1.45> <CoreInst = "DSP48">   --->   Core 116 'DSP48' <Latency = 3> <II = 1> <Delay = 2.15> <IPBlock> <Opcode : '' 'add' 'sub' 'mul' 'select'> <InPorts = 0> <OutPorts = 1> <Sync> <CReg>
ST_13 : Operation 1108 [1/2] ( I:2.15ns O:2.15ns )   --->   "%w_val_1 = load i4 %w_0_conv_weight_9_addr" [cnn_accel.cpp:80]   --->   Operation 1108 'load' 'w_val_1' <Predicate = true> <Delay = 2.15> <CoreInst = "ROM">   --->   Core 94 'ROM' <Latency = 1> <II = 1> <Delay = 2.15> <Storage> <Opcode : 'load'> <Ports = 0> <Width = 7> <Depth = 16> <ROM>
ST_13 : Operation 1109 [1/1] (0.00ns)   --->   "%sext_ln87 = sext i7 %w_val_1" [cnn_accel.cpp:87]   --->   Operation 1109 'sext' 'sext_ln87' <Predicate = true> <Delay = 0.00>
ST_13 : Operation 1110 [3/3] (1.45ns) (grouped into DSP with root node add_ln93_14)   --->   "%mul_ln87 = mul i15 %sext_ln87, i15 %in_val_1_cast" [cnn_accel.cpp:87]   --->   Operation 1110 'mul' 'mul_ln87' <Predicate = true> <Delay = 1.45> <CoreInst = "DSP48">   --->   Core 116 'DSP48' <Latency = 3> <II = 1> <Delay = 2.15> <IPBlock> <Opcode : '' 'add' 'sub' 'mul' 'select'> <InPorts = 0> <OutPorts = 1> <Sync> <CReg>
ST_13 : Operation 1111 [1/2] ( I:2.15ns O:2.15ns )   --->   "%w_val_2 = load i4 %w_0_conv_weight_18_addr" [cnn_accel.cpp:80]   --->   Operation 1111 'load' 'w_val_2' <Predicate = true> <Delay = 2.15> <CoreInst = "ROM">   --->   Core 94 'ROM' <Latency = 1> <II = 1> <Delay = 2.15> <Storage> <Opcode : 'load'> <Ports = 0> <Width = 6> <Depth = 16> <ROM>
ST_13 : Operation 1112 [1/2] ( I:2.15ns O:2.15ns )   --->   "%w_val_3 = load i4 %w_0_conv_weight_1_addr" [cnn_accel.cpp:80]   --->   Operation 1112 'load' 'w_val_3' <Predicate = true> <Delay = 2.15> <CoreInst = "ROM">   --->   Core 94 'ROM' <Latency = 1> <II = 1> <Delay = 2.15> <Storage> <Opcode : 'load'> <Ports = 0> <Width = 7> <Depth = 16> <ROM>
ST_13 : Operation 1113 [1/2] ( I:2.15ns O:2.15ns )   --->   "%w_val_4 = load i4 %w_0_conv_weight_10_addr" [cnn_accel.cpp:80]   --->   Operation 1113 'load' 'w_val_4' <Predicate = true> <Delay = 2.15> <CoreInst = "ROM">   --->   Core 94 'ROM' <Latency = 1> <II = 1> <Delay = 2.15> <Storage> <Opcode : 'load'> <Ports = 0> <Width = 7> <Depth = 16> <ROM>
ST_13 : Operation 1114 [2/3] (1.45ns) (grouped into DSP with root node add_ln93_15)   --->   "%mul_ln87_4 = mul i14 %sext_ln87_4, i14 %in_val_5_cast" [cnn_accel.cpp:87]   --->   Operation 1114 'mul' 'mul_ln87_4' <Predicate = true> <Delay = 1.45> <CoreInst = "DSP48">   --->   Core 116 'DSP48' <Latency = 3> <II = 1> <Delay = 2.15> <IPBlock> <Opcode : '' 'add' 'sub' 'mul' 'select'> <InPorts = 0> <OutPorts = 1> <Sync> <CReg>
ST_13 : Operation 1115 [2/3] (1.45ns) (grouped into DSP with root node add_ln93_16)   --->   "%mul_ln87_5 = mul i15 %sext_ln87_5, i15 %in_val_6_cast" [cnn_accel.cpp:87]   --->   Operation 1115 'mul' 'mul_ln87_5' <Predicate = true> <Delay = 1.45> <CoreInst = "DSP48">   --->   Core 116 'DSP48' <Latency = 3> <II = 1> <Delay = 2.15> <IPBlock> <Opcode : '' 'add' 'sub' 'mul' 'select'> <InPorts = 0> <OutPorts = 1> <Sync> <CReg>
ST_13 : Operation 1116 [1/2] ( I:2.15ns O:2.15ns )   --->   "%w_val_7 = load i4 %w_0_conv_weight_11_addr" [cnn_accel.cpp:80]   --->   Operation 1116 'load' 'w_val_7' <Predicate = true> <Delay = 2.15> <CoreInst = "ROM">   --->   Core 94 'ROM' <Latency = 1> <II = 1> <Delay = 2.15> <Storage> <Opcode : 'load'> <Ports = 0> <Width = 7> <Depth = 16> <ROM>
ST_13 : Operation 1117 [1/2] ( I:2.15ns O:2.15ns )   --->   "%w_val_8 = load i4 %w_0_conv_weight_20_addr" [cnn_accel.cpp:80]   --->   Operation 1117 'load' 'w_val_8' <Predicate = true> <Delay = 2.15> <CoreInst = "ROM">   --->   Core 94 'ROM' <Latency = 1> <II = 1> <Delay = 2.15> <Storage> <Opcode : 'load'> <Ports = 0> <Width = 6> <Depth = 16> <ROM>
ST_13 : Operation 1118 [1/1] (0.00ns)   --->   "%sext_ln87_7 = sext i6 %w_val_8" [cnn_accel.cpp:87]   --->   Operation 1118 'sext' 'sext_ln87_7' <Predicate = true> <Delay = 0.00>
ST_13 : Operation 1119 [3/3] (1.45ns) (grouped into DSP with root node add_ln93_20)   --->   "%mul_ln87_7 = mul i14 %sext_ln87_7, i14 %in_val_8_cast" [cnn_accel.cpp:87]   --->   Operation 1119 'mul' 'mul_ln87_7' <Predicate = true> <Delay = 1.45> <CoreInst = "DSP48">   --->   Core 116 'DSP48' <Latency = 3> <II = 1> <Delay = 2.15> <IPBlock> <Opcode : '' 'add' 'sub' 'mul' 'select'> <InPorts = 0> <OutPorts = 1> <Sync> <CReg>
ST_13 : Operation 1120 [2/3] (1.45ns) (grouped into DSP with root node add_ln93_21)   --->   "%mul_ln87_8 = mul i15 %sext_ln87_8, i15 %in_val_9_cast" [cnn_accel.cpp:87]   --->   Operation 1120 'mul' 'mul_ln87_8' <Predicate = true> <Delay = 1.45> <CoreInst = "DSP48">   --->   Core 116 'DSP48' <Latency = 3> <II = 1> <Delay = 2.15> <IPBlock> <Opcode : '' 'add' 'sub' 'mul' 'select'> <InPorts = 0> <OutPorts = 1> <Sync> <CReg>
ST_13 : Operation 1121 [2/3] (1.45ns) (grouped into DSP with root node add_ln93_19)   --->   "%mul_ln87_9 = mul i15 %sext_ln87_9, i15 %in_val_26_cast" [cnn_accel.cpp:87]   --->   Operation 1121 'mul' 'mul_ln87_9' <Predicate = true> <Delay = 1.45> <CoreInst = "DSP48">   --->   Core 116 'DSP48' <Latency = 3> <II = 1> <Delay = 2.15> <IPBlock> <Opcode : '' 'add' 'sub' 'mul' 'select'> <InPorts = 0> <OutPorts = 1> <Sync> <CReg>
ST_13 : Operation 1122 [2/3] (1.45ns) (grouped into DSP with root node add_ln93_22)   --->   "%mul_ln77 = mul i13 %sext_ln77_5, i13 %sext_ln77" [cnn_accel.cpp:77]   --->   Operation 1122 'mul' 'mul_ln77' <Predicate = true> <Delay = 1.45> <CoreInst = "DSP48">   --->   Core 116 'DSP48' <Latency = 3> <II = 1> <Delay = 2.15> <IPBlock> <Opcode : '' 'add' 'sub' 'mul' 'select'> <InPorts = 0> <OutPorts = 1> <Sync> <CReg>
ST_13 : Operation 1123 [1/2] ( I:2.15ns O:2.15ns )   --->   "%w_val_12 = load i4 %w_0_conv_weight_4_addr" [cnn_accel.cpp:80]   --->   Operation 1123 'load' 'w_val_12' <Predicate = true> <Delay = 2.15> <CoreInst = "ROM">   --->   Core 94 'ROM' <Latency = 1> <II = 1> <Delay = 2.15> <Storage> <Opcode : 'load'> <Ports = 0> <Width = 8> <Depth = 16> <ROM>
ST_13 : Operation 1124 [1/2] ( I:2.15ns O:2.15ns )   --->   "%w_val_13 = load i4 %w_0_conv_weight_13_addr" [cnn_accel.cpp:80]   --->   Operation 1124 'load' 'w_val_13' <Predicate = true> <Delay = 2.15> <CoreInst = "ROM">   --->   Core 94 'ROM' <Latency = 1> <II = 1> <Delay = 2.15> <Storage> <Opcode : 'load'> <Ports = 0> <Width = 8> <Depth = 16> <ROM>
ST_13 : Operation 1125 [1/1] (0.00ns)   --->   "%sext_ln87_11 = sext i8 %w_val_13" [cnn_accel.cpp:87]   --->   Operation 1125 'sext' 'sext_ln87_11' <Predicate = true> <Delay = 0.00>
ST_13 : Operation 1126 [3/3] (1.45ns) (grouped into DSP with root node add_ln93_7)   --->   "%mul_ln87_11 = mul i16 %sext_ln87_11, i16 %conv3_i_i45_1_1_1" [cnn_accel.cpp:87]   --->   Operation 1126 'mul' 'mul_ln87_11' <Predicate = true> <Delay = 1.45> <CoreInst = "DSP48">   --->   Core 116 'DSP48' <Latency = 3> <II = 1> <Delay = 2.15> <IPBlock> <Opcode : '' 'add' 'sub' 'mul' 'select'> <InPorts = 0> <OutPorts = 1> <Sync> <CReg>
ST_13 : Operation 1127 [2/3] (1.45ns) (grouped into DSP with root node add_ln93_6)   --->   "%mul_ln87_12 = mul i15 %sext_ln87_12, i15 %in_val_13_cast" [cnn_accel.cpp:87]   --->   Operation 1127 'mul' 'mul_ln87_12' <Predicate = true> <Delay = 1.45> <CoreInst = "DSP48">   --->   Core 116 'DSP48' <Latency = 3> <II = 1> <Delay = 2.15> <IPBlock> <Opcode : '' 'add' 'sub' 'mul' 'select'> <InPorts = 0> <OutPorts = 1> <Sync> <CReg>
ST_13 : Operation 1128 [1/2] ( I:2.15ns O:2.15ns )   --->   "%w_val_15 = load i4 %w_0_conv_weight_5_addr" [cnn_accel.cpp:80]   --->   Operation 1128 'load' 'w_val_15' <Predicate = true> <Delay = 2.15> <CoreInst = "ROM">   --->   Core 94 'ROM' <Latency = 1> <II = 1> <Delay = 2.15> <Storage> <Opcode : 'load'> <Ports = 0> <Width = 7> <Depth = 16> <ROM>
ST_13 : Operation 1129 [1/2] ( I:2.15ns O:2.15ns )   --->   "%w_val_16 = load i4 %w_0_conv_weight_14_addr" [cnn_accel.cpp:80]   --->   Operation 1129 'load' 'w_val_16' <Predicate = true> <Delay = 2.15> <CoreInst = "ROM">   --->   Core 94 'ROM' <Latency = 1> <II = 1> <Delay = 2.15> <Storage> <Opcode : 'load'> <Ports = 0> <Width = 7> <Depth = 16> <ROM>
ST_13 : Operation 1130 [2/3] (1.45ns) (grouped into DSP with root node add_ln93_8)   --->   "%mul_ln87_15 = mul i14 %sext_ln87_15, i14 %in_val_16_cast" [cnn_accel.cpp:87]   --->   Operation 1130 'mul' 'mul_ln87_15' <Predicate = true> <Delay = 1.45> <CoreInst = "DSP48">   --->   Core 116 'DSP48' <Latency = 3> <II = 1> <Delay = 2.15> <IPBlock> <Opcode : '' 'add' 'sub' 'mul' 'select'> <InPorts = 0> <OutPorts = 1> <Sync> <CReg>
ST_13 : Operation 1131 [2/3] (1.45ns) (grouped into DSP with root node add_ln93_9)   --->   "%mul_ln87_16 = mul i15 %sext_ln87_16, i15 %in_val_17_cast" [cnn_accel.cpp:87]   --->   Operation 1131 'mul' 'mul_ln87_16' <Predicate = true> <Delay = 1.45> <CoreInst = "DSP48">   --->   Core 116 'DSP48' <Latency = 3> <II = 1> <Delay = 2.15> <IPBlock> <Opcode : '' 'add' 'sub' 'mul' 'select'> <InPorts = 0> <OutPorts = 1> <Sync> <CReg>
ST_13 : Operation 1132 [1/2] ( I:2.15ns O:2.15ns )   --->   "%w_val_19 = load i4 %w_0_conv_weight_15_addr" [cnn_accel.cpp:80]   --->   Operation 1132 'load' 'w_val_19' <Predicate = true> <Delay = 2.15> <CoreInst = "ROM">   --->   Core 94 'ROM' <Latency = 1> <II = 1> <Delay = 2.15> <Storage> <Opcode : 'load'> <Ports = 0> <Width = 7> <Depth = 16> <ROM>
ST_13 : Operation 1133 [2/3] (1.45ns) (grouped into DSP with root node add_ln93_2)   --->   "%mul_ln87_18 = mul i14 %sext_ln87_18, i14 %in_val_19_cast" [cnn_accel.cpp:87]   --->   Operation 1133 'mul' 'mul_ln87_18' <Predicate = true> <Delay = 1.45> <CoreInst = "DSP48">   --->   Core 116 'DSP48' <Latency = 3> <II = 1> <Delay = 2.15> <IPBlock> <Opcode : '' 'add' 'sub' 'mul' 'select'> <InPorts = 0> <OutPorts = 1> <Sync> <CReg>
ST_13 : Operation 1134 [2/3] (1.45ns) (grouped into DSP with root node add_ln93_3)   --->   "%mul_ln87_19 = mul i15 %sext_ln87_19, i15 %in_val_20_cast" [cnn_accel.cpp:87]   --->   Operation 1134 'mul' 'mul_ln87_19' <Predicate = true> <Delay = 1.45> <CoreInst = "DSP48">   --->   Core 116 'DSP48' <Latency = 3> <II = 1> <Delay = 2.15> <IPBlock> <Opcode : '' 'add' 'sub' 'mul' 'select'> <InPorts = 0> <OutPorts = 1> <Sync> <CReg>
ST_13 : Operation 1135 [1/2] ( I:2.15ns O:2.15ns )   --->   "%w_val_22 = load i4 %w_0_conv_weight_16_addr" [cnn_accel.cpp:80]   --->   Operation 1135 'load' 'w_val_22' <Predicate = true> <Delay = 2.15> <CoreInst = "ROM">   --->   Core 94 'ROM' <Latency = 1> <II = 1> <Delay = 2.15> <Storage> <Opcode : 'load'> <Ports = 0> <Width = 7> <Depth = 16> <ROM>
ST_13 : Operation 1136 [1/2] ( I:2.15ns O:2.15ns )   --->   "%w_val_23 = load i4 %w_0_conv_weight_25_addr" [cnn_accel.cpp:80]   --->   Operation 1136 'load' 'w_val_23' <Predicate = true> <Delay = 2.15> <CoreInst = "ROM">   --->   Core 94 'ROM' <Latency = 1> <II = 1> <Delay = 2.15> <Storage> <Opcode : 'load'> <Ports = 0> <Width = 6> <Depth = 16> <ROM>
ST_13 : Operation 1137 [2/3] (1.45ns) (grouped into DSP with root node add_ln93)   --->   "%mul_ln77_1 = mul i14 %sext_ln77_7, i14 %sext_ln77_1" [cnn_accel.cpp:77]   --->   Operation 1137 'mul' 'mul_ln77_1' <Predicate = true> <Delay = 1.45> <CoreInst = "DSP48">   --->   Core 116 'DSP48' <Latency = 3> <II = 1> <Delay = 2.15> <IPBlock> <Opcode : '' 'add' 'sub' 'mul' 'select'> <InPorts = 0> <OutPorts = 1> <Sync> <CReg>
ST_13 : Operation 1138 [1/2] ( I:2.15ns O:2.15ns )   --->   "%w_val_25 = load i4 %w_0_conv_weight_17_addr" [cnn_accel.cpp:80]   --->   Operation 1138 'load' 'w_val_25' <Predicate = true> <Delay = 2.15> <CoreInst = "ROM">   --->   Core 94 'ROM' <Latency = 1> <II = 1> <Delay = 2.15> <Storage> <Opcode : 'load'> <Ports = 0> <Width = 7> <Depth = 16> <ROM>
ST_13 : Operation 1139 [1/1] (0.00ns)   --->   "%sext_ln87_22 = sext i7 %w_val_25" [cnn_accel.cpp:87]   --->   Operation 1139 'sext' 'sext_ln87_22' <Predicate = true> <Delay = 0.00>
ST_13 : Operation 1140 [3/3] (1.45ns) (grouped into DSP with root node add_ln93_1)   --->   "%mul_ln87_22 = mul i15 %sext_ln87_22, i15 %in_val_24_cast" [cnn_accel.cpp:87]   --->   Operation 1140 'mul' 'mul_ln87_22' <Predicate = true> <Delay = 1.45> <CoreInst = "DSP48">   --->   Core 116 'DSP48' <Latency = 3> <II = 1> <Delay = 2.15> <IPBlock> <Opcode : '' 'add' 'sub' 'mul' 'select'> <InPorts = 0> <OutPorts = 1> <Sync> <CReg>
ST_13 : Operation 1141 [1/2] ( I:2.15ns O:2.15ns )   --->   "%w_val_26 = load i4 %w_0_conv_weight_26_addr" [cnn_accel.cpp:80]   --->   Operation 1141 'load' 'w_val_26' <Predicate = true> <Delay = 2.15> <CoreInst = "ROM">   --->   Core 94 'ROM' <Latency = 1> <II = 1> <Delay = 2.15> <Storage> <Opcode : 'load'> <Ports = 0> <Width = 6> <Depth = 16> <ROM>
ST_13 : Operation 1142 [1/2] ( I:2.15ns O:2.15ns )   --->   "%w_0_conv_weight_bias_load = load i4 %w_0_conv_weight_bias_addr" [cnn_accel.cpp:93]   --->   Operation 1142 'load' 'w_0_conv_weight_bias_load' <Predicate = true> <Delay = 2.15> <CoreInst = "ROM">   --->   Core 94 'ROM' <Latency = 1> <II = 1> <Delay = 2.15> <Storage> <Opcode : 'load'> <Ports = 0> <Width = 8> <Depth = 16> <ROM>

State 14 <SV = 13> <Delay = 6.47>
ST_14 : Operation 1143 [1/1] (0.00ns)   --->   "%in_val_2_cast = sext i8 %in_val_2" [cnn_accel.cpp:63]   --->   Operation 1143 'sext' 'in_val_2_cast' <Predicate = true> <Delay = 0.00>
ST_14 : Operation 1144 [1/1] (0.00ns)   --->   "%in_val_3_cast = sext i8 %in_val_3" [cnn_accel.cpp:63]   --->   Operation 1144 'sext' 'in_val_3_cast' <Predicate = true> <Delay = 0.00>
ST_14 : Operation 1145 [1/1] (0.00ns)   --->   "%in_val_4_cast = sext i8 %in_val_4" [cnn_accel.cpp:63]   --->   Operation 1145 'sext' 'in_val_4_cast' <Predicate = true> <Delay = 0.00>
ST_14 : Operation 1146 [1/1] (0.00ns)   --->   "%in_val_7_cast = sext i8 %in_val_7" [cnn_accel.cpp:63]   --->   Operation 1146 'sext' 'in_val_7_cast' <Predicate = true> <Delay = 0.00>
ST_14 : Operation 1147 [1/1] (0.00ns)   --->   "%conv3_i_i45_1_1 = sext i8 %in_val_12" [cnn_accel.cpp:63]   --->   Operation 1147 'sext' 'conv3_i_i45_1_1' <Predicate = true> <Delay = 0.00>
ST_14 : Operation 1148 [1/1] (0.00ns)   --->   "%in_val_14_cast = sext i8 %in_val_15" [cnn_accel.cpp:63]   --->   Operation 1148 'sext' 'in_val_14_cast' <Predicate = true> <Delay = 0.00>
ST_14 : Operation 1149 [1/1] (0.00ns)   --->   "%in_val_15_cast = sext i8 %in_val_16" [cnn_accel.cpp:63]   --->   Operation 1149 'sext' 'in_val_15_cast' <Predicate = true> <Delay = 0.00>
ST_14 : Operation 1150 [1/1] (0.00ns)   --->   "%in_val_18_cast = sext i8 %in_val_19" [cnn_accel.cpp:64]   --->   Operation 1150 'sext' 'in_val_18_cast' <Predicate = true> <Delay = 0.00>
ST_14 : Operation 1151 [1/1] (0.00ns)   --->   "%in_val_21_cast = sext i8 %in_val_22" [cnn_accel.cpp:64]   --->   Operation 1151 'sext' 'in_val_21_cast' <Predicate = true> <Delay = 0.00>
ST_14 : Operation 1152 [1/1] (0.00ns)   --->   "%in_val_22_cast = sext i8 %in_val_23" [cnn_accel.cpp:64]   --->   Operation 1152 'sext' 'in_val_22_cast' <Predicate = true> <Delay = 0.00>
ST_14 : Operation 1153 [1/1] (0.00ns)   --->   "%sext_ln65 = sext i8 %in_val_26" [cnn_accel.cpp:65]   --->   Operation 1153 'sext' 'sext_ln65' <Predicate = true> <Delay = 0.00>
ST_14 : Operation 1154 [1/3] (0.00ns) (grouped into DSP with root node add_ln93_13)   --->   "%mul_ln69 = mul i14 %sext_ln69_1, i14 %sext_ln69" [cnn_accel.cpp:69]   --->   Operation 1154 'mul' 'mul_ln69' <Predicate = true> <Delay = 0.00> <CoreInst = "DSP48">   --->   Core 116 'DSP48' <Latency = 3> <II = 1> <Delay = 2.15> <IPBlock> <Opcode : '' 'add' 'sub' 'mul' 'select'> <InPorts = 0> <OutPorts = 1> <Sync> <CReg>
ST_14 : Operation 1155 [2/3] (1.45ns) (grouped into DSP with root node add_ln93_14)   --->   "%mul_ln87 = mul i15 %sext_ln87, i15 %in_val_1_cast" [cnn_accel.cpp:87]   --->   Operation 1155 'mul' 'mul_ln87' <Predicate = true> <Delay = 1.45> <CoreInst = "DSP48">   --->   Core 116 'DSP48' <Latency = 3> <II = 1> <Delay = 2.15> <IPBlock> <Opcode : '' 'add' 'sub' 'mul' 'select'> <InPorts = 0> <OutPorts = 1> <Sync> <CReg>
ST_14 : Operation 1156 [1/1] (0.00ns)   --->   "%sext_ln87_1 = sext i6 %w_val_2" [cnn_accel.cpp:87]   --->   Operation 1156 'sext' 'sext_ln87_1' <Predicate = true> <Delay = 0.00>
ST_14 : Operation 1157 [1/1] (4.37ns)   --->   "%mul_ln87_1 = mul i14 %sext_ln87_1, i14 %in_val_2_cast" [cnn_accel.cpp:87]   --->   Operation 1157 'mul' 'mul_ln87_1' <Predicate = true> <Delay = 4.37> <CoreInst = "Multiplier">   --->   Core 3 'Multiplier' <Latency = 0> <II = 1> <Delay = 4.37> <FuncUnit> <Opcode : 'mul'> <InPorts = 2> <OutPorts = 1>
ST_14 : Operation 1158 [1/1] (0.00ns)   --->   "%sext_ln87_2 = sext i7 %w_val_3" [cnn_accel.cpp:87]   --->   Operation 1158 'sext' 'sext_ln87_2' <Predicate = true> <Delay = 0.00>
ST_14 : Operation 1159 [1/1] (4.37ns)   --->   "%mul_ln87_2 = mul i15 %sext_ln87_2, i15 %in_val_3_cast" [cnn_accel.cpp:87]   --->   Operation 1159 'mul' 'mul_ln87_2' <Predicate = true> <Delay = 4.37> <CoreInst = "Multiplier">   --->   Core 3 'Multiplier' <Latency = 0> <II = 1> <Delay = 4.37> <FuncUnit> <Opcode : 'mul'> <InPorts = 2> <OutPorts = 1>
ST_14 : Operation 1160 [1/1] (0.00ns)   --->   "%sext_ln87_3 = sext i7 %w_val_4" [cnn_accel.cpp:87]   --->   Operation 1160 'sext' 'sext_ln87_3' <Predicate = true> <Delay = 0.00>
ST_14 : Operation 1161 [1/1] (4.37ns)   --->   "%mul_ln87_3 = mul i15 %sext_ln87_3, i15 %in_val_4_cast" [cnn_accel.cpp:87]   --->   Operation 1161 'mul' 'mul_ln87_3' <Predicate = true> <Delay = 4.37> <CoreInst = "Multiplier">   --->   Core 3 'Multiplier' <Latency = 0> <II = 1> <Delay = 4.37> <FuncUnit> <Opcode : 'mul'> <InPorts = 2> <OutPorts = 1>
ST_14 : Operation 1162 [1/3] (0.00ns) (grouped into DSP with root node add_ln93_15)   --->   "%mul_ln87_4 = mul i14 %sext_ln87_4, i14 %in_val_5_cast" [cnn_accel.cpp:87]   --->   Operation 1162 'mul' 'mul_ln87_4' <Predicate = true> <Delay = 0.00> <CoreInst = "DSP48">   --->   Core 116 'DSP48' <Latency = 3> <II = 1> <Delay = 2.15> <IPBlock> <Opcode : '' 'add' 'sub' 'mul' 'select'> <InPorts = 0> <OutPorts = 1> <Sync> <CReg>
ST_14 : Operation 1163 [1/1] (0.00ns) (grouped into DSP with root node add_ln93_15)   --->   "%sext_ln77_2 = sext i14 %mul_ln87_4" [cnn_accel.cpp:77]   --->   Operation 1163 'sext' 'sext_ln77_2' <Predicate = true> <Delay = 0.00>
ST_14 : Operation 1164 [1/3] (0.00ns) (grouped into DSP with root node add_ln93_16)   --->   "%mul_ln87_5 = mul i15 %sext_ln87_5, i15 %in_val_6_cast" [cnn_accel.cpp:87]   --->   Operation 1164 'mul' 'mul_ln87_5' <Predicate = true> <Delay = 0.00> <CoreInst = "DSP48">   --->   Core 116 'DSP48' <Latency = 3> <II = 1> <Delay = 2.15> <IPBlock> <Opcode : '' 'add' 'sub' 'mul' 'select'> <InPorts = 0> <OutPorts = 1> <Sync> <CReg>
ST_14 : Operation 1165 [1/1] (0.00ns)   --->   "%sext_ln87_6 = sext i7 %w_val_7" [cnn_accel.cpp:87]   --->   Operation 1165 'sext' 'sext_ln87_6' <Predicate = true> <Delay = 0.00>
ST_14 : Operation 1166 [1/1] (4.37ns)   --->   "%mul_ln87_6 = mul i15 %sext_ln87_6, i15 %in_val_7_cast" [cnn_accel.cpp:87]   --->   Operation 1166 'mul' 'mul_ln87_6' <Predicate = true> <Delay = 4.37> <CoreInst = "Multiplier">   --->   Core 3 'Multiplier' <Latency = 0> <II = 1> <Delay = 4.37> <FuncUnit> <Opcode : 'mul'> <InPorts = 2> <OutPorts = 1>
ST_14 : Operation 1167 [2/3] (1.45ns) (grouped into DSP with root node add_ln93_20)   --->   "%mul_ln87_7 = mul i14 %sext_ln87_7, i14 %in_val_8_cast" [cnn_accel.cpp:87]   --->   Operation 1167 'mul' 'mul_ln87_7' <Predicate = true> <Delay = 1.45> <CoreInst = "DSP48">   --->   Core 116 'DSP48' <Latency = 3> <II = 1> <Delay = 2.15> <IPBlock> <Opcode : '' 'add' 'sub' 'mul' 'select'> <InPorts = 0> <OutPorts = 1> <Sync> <CReg>
ST_14 : Operation 1168 [1/3] (0.00ns) (grouped into DSP with root node add_ln93_21)   --->   "%mul_ln87_8 = mul i15 %sext_ln87_8, i15 %in_val_9_cast" [cnn_accel.cpp:87]   --->   Operation 1168 'mul' 'mul_ln87_8' <Predicate = true> <Delay = 0.00> <CoreInst = "DSP48">   --->   Core 116 'DSP48' <Latency = 3> <II = 1> <Delay = 2.15> <IPBlock> <Opcode : '' 'add' 'sub' 'mul' 'select'> <InPorts = 0> <OutPorts = 1> <Sync> <CReg>
ST_14 : Operation 1169 [1/1] (0.00ns) (grouped into DSP with root node add_ln93_21)   --->   "%sext_ln77_4 = sext i15 %mul_ln87_8" [cnn_accel.cpp:77]   --->   Operation 1169 'sext' 'sext_ln77_4' <Predicate = true> <Delay = 0.00>
ST_14 : Operation 1170 [1/3] (0.00ns) (grouped into DSP with root node add_ln93_19)   --->   "%mul_ln87_9 = mul i15 %sext_ln87_9, i15 %in_val_26_cast" [cnn_accel.cpp:87]   --->   Operation 1170 'mul' 'mul_ln87_9' <Predicate = true> <Delay = 0.00> <CoreInst = "DSP48">   --->   Core 116 'DSP48' <Latency = 3> <II = 1> <Delay = 2.15> <IPBlock> <Opcode : '' 'add' 'sub' 'mul' 'select'> <InPorts = 0> <OutPorts = 1> <Sync> <CReg>
ST_14 : Operation 1171 [1/3] (0.00ns) (grouped into DSP with root node add_ln93_22)   --->   "%mul_ln77 = mul i13 %sext_ln77_5, i13 %sext_ln77" [cnn_accel.cpp:77]   --->   Operation 1171 'mul' 'mul_ln77' <Predicate = true> <Delay = 0.00> <CoreInst = "DSP48">   --->   Core 116 'DSP48' <Latency = 3> <II = 1> <Delay = 2.15> <IPBlock> <Opcode : '' 'add' 'sub' 'mul' 'select'> <InPorts = 0> <OutPorts = 1> <Sync> <CReg>
ST_14 : Operation 1172 [1/1] (0.00ns)   --->   "%sext_ln87_10 = sext i8 %w_val_12" [cnn_accel.cpp:87]   --->   Operation 1172 'sext' 'sext_ln87_10' <Predicate = true> <Delay = 0.00>
ST_14 : Operation 1173 [1/1] (4.37ns)   --->   "%mul_ln87_10 = mul i16 %sext_ln87_10, i16 %conv3_i_i45_1_1" [cnn_accel.cpp:87]   --->   Operation 1173 'mul' 'mul_ln87_10' <Predicate = true> <Delay = 4.37> <CoreInst = "Multiplier">   --->   Core 3 'Multiplier' <Latency = 0> <II = 1> <Delay = 4.37> <FuncUnit> <Opcode : 'mul'> <InPorts = 2> <OutPorts = 1>
ST_14 : Operation 1174 [2/3] (1.45ns) (grouped into DSP with root node add_ln93_7)   --->   "%mul_ln87_11 = mul i16 %sext_ln87_11, i16 %conv3_i_i45_1_1_1" [cnn_accel.cpp:87]   --->   Operation 1174 'mul' 'mul_ln87_11' <Predicate = true> <Delay = 1.45> <CoreInst = "DSP48">   --->   Core 116 'DSP48' <Latency = 3> <II = 1> <Delay = 2.15> <IPBlock> <Opcode : '' 'add' 'sub' 'mul' 'select'> <InPorts = 0> <OutPorts = 1> <Sync> <CReg>
ST_14 : Operation 1175 [1/3] (0.00ns) (grouped into DSP with root node add_ln93_6)   --->   "%mul_ln87_12 = mul i15 %sext_ln87_12, i15 %in_val_13_cast" [cnn_accel.cpp:87]   --->   Operation 1175 'mul' 'mul_ln87_12' <Predicate = true> <Delay = 0.00> <CoreInst = "DSP48">   --->   Core 116 'DSP48' <Latency = 3> <II = 1> <Delay = 2.15> <IPBlock> <Opcode : '' 'add' 'sub' 'mul' 'select'> <InPorts = 0> <OutPorts = 1> <Sync> <CReg>
ST_14 : Operation 1176 [1/1] (0.00ns)   --->   "%sext_ln87_13 = sext i7 %w_val_15" [cnn_accel.cpp:87]   --->   Operation 1176 'sext' 'sext_ln87_13' <Predicate = true> <Delay = 0.00>
ST_14 : Operation 1177 [1/1] (4.37ns)   --->   "%mul_ln87_13 = mul i15 %sext_ln87_13, i15 %in_val_14_cast" [cnn_accel.cpp:87]   --->   Operation 1177 'mul' 'mul_ln87_13' <Predicate = true> <Delay = 4.37> <CoreInst = "Multiplier">   --->   Core 3 'Multiplier' <Latency = 0> <II = 1> <Delay = 4.37> <FuncUnit> <Opcode : 'mul'> <InPorts = 2> <OutPorts = 1>
ST_14 : Operation 1178 [1/1] (0.00ns)   --->   "%sext_ln87_14 = sext i7 %w_val_16" [cnn_accel.cpp:87]   --->   Operation 1178 'sext' 'sext_ln87_14' <Predicate = true> <Delay = 0.00>
ST_14 : Operation 1179 [1/1] (4.37ns)   --->   "%mul_ln87_14 = mul i15 %sext_ln87_14, i15 %in_val_15_cast" [cnn_accel.cpp:87]   --->   Operation 1179 'mul' 'mul_ln87_14' <Predicate = true> <Delay = 4.37> <CoreInst = "Multiplier">   --->   Core 3 'Multiplier' <Latency = 0> <II = 1> <Delay = 4.37> <FuncUnit> <Opcode : 'mul'> <InPorts = 2> <OutPorts = 1>
ST_14 : Operation 1180 [1/3] (0.00ns) (grouped into DSP with root node add_ln93_8)   --->   "%mul_ln87_15 = mul i14 %sext_ln87_15, i14 %in_val_16_cast" [cnn_accel.cpp:87]   --->   Operation 1180 'mul' 'mul_ln87_15' <Predicate = true> <Delay = 0.00> <CoreInst = "DSP48">   --->   Core 116 'DSP48' <Latency = 3> <II = 1> <Delay = 2.15> <IPBlock> <Opcode : '' 'add' 'sub' 'mul' 'select'> <InPorts = 0> <OutPorts = 1> <Sync> <CReg>
ST_14 : Operation 1181 [1/1] (0.00ns) (grouped into DSP with root node add_ln93_8)   --->   "%sext_ln77_6 = sext i14 %mul_ln87_15" [cnn_accel.cpp:77]   --->   Operation 1181 'sext' 'sext_ln77_6' <Predicate = true> <Delay = 0.00>
ST_14 : Operation 1182 [1/3] (0.00ns) (grouped into DSP with root node add_ln93_9)   --->   "%mul_ln87_16 = mul i15 %sext_ln87_16, i15 %in_val_17_cast" [cnn_accel.cpp:87]   --->   Operation 1182 'mul' 'mul_ln87_16' <Predicate = true> <Delay = 0.00> <CoreInst = "DSP48">   --->   Core 116 'DSP48' <Latency = 3> <II = 1> <Delay = 2.15> <IPBlock> <Opcode : '' 'add' 'sub' 'mul' 'select'> <InPorts = 0> <OutPorts = 1> <Sync> <CReg>
ST_14 : Operation 1183 [1/1] (0.00ns)   --->   "%sext_ln87_17 = sext i7 %w_val_19" [cnn_accel.cpp:87]   --->   Operation 1183 'sext' 'sext_ln87_17' <Predicate = true> <Delay = 0.00>
ST_14 : Operation 1184 [1/1] (4.37ns)   --->   "%mul_ln87_17 = mul i15 %sext_ln87_17, i15 %in_val_18_cast" [cnn_accel.cpp:87]   --->   Operation 1184 'mul' 'mul_ln87_17' <Predicate = true> <Delay = 4.37> <CoreInst = "Multiplier">   --->   Core 3 'Multiplier' <Latency = 0> <II = 1> <Delay = 4.37> <FuncUnit> <Opcode : 'mul'> <InPorts = 2> <OutPorts = 1>
ST_14 : Operation 1185 [1/3] (0.00ns) (grouped into DSP with root node add_ln93_2)   --->   "%mul_ln87_18 = mul i14 %sext_ln87_18, i14 %in_val_19_cast" [cnn_accel.cpp:87]   --->   Operation 1185 'mul' 'mul_ln87_18' <Predicate = true> <Delay = 0.00> <CoreInst = "DSP48">   --->   Core 116 'DSP48' <Latency = 3> <II = 1> <Delay = 2.15> <IPBlock> <Opcode : '' 'add' 'sub' 'mul' 'select'> <InPorts = 0> <OutPorts = 1> <Sync> <CReg>
ST_14 : Operation 1186 [1/3] (0.00ns) (grouped into DSP with root node add_ln93_3)   --->   "%mul_ln87_19 = mul i15 %sext_ln87_19, i15 %in_val_20_cast" [cnn_accel.cpp:87]   --->   Operation 1186 'mul' 'mul_ln87_19' <Predicate = true> <Delay = 0.00> <CoreInst = "DSP48">   --->   Core 116 'DSP48' <Latency = 3> <II = 1> <Delay = 2.15> <IPBlock> <Opcode : '' 'add' 'sub' 'mul' 'select'> <InPorts = 0> <OutPorts = 1> <Sync> <CReg>
ST_14 : Operation 1187 [1/1] (0.00ns)   --->   "%sext_ln87_20 = sext i7 %w_val_22" [cnn_accel.cpp:87]   --->   Operation 1187 'sext' 'sext_ln87_20' <Predicate = true> <Delay = 0.00>
ST_14 : Operation 1188 [1/1] (4.37ns)   --->   "%mul_ln87_20 = mul i15 %sext_ln87_20, i15 %in_val_21_cast" [cnn_accel.cpp:87]   --->   Operation 1188 'mul' 'mul_ln87_20' <Predicate = true> <Delay = 4.37> <CoreInst = "Multiplier">   --->   Core 3 'Multiplier' <Latency = 0> <II = 1> <Delay = 4.37> <FuncUnit> <Opcode : 'mul'> <InPorts = 2> <OutPorts = 1>
ST_14 : Operation 1189 [1/1] (0.00ns)   --->   "%sext_ln87_21 = sext i6 %w_val_23" [cnn_accel.cpp:87]   --->   Operation 1189 'sext' 'sext_ln87_21' <Predicate = true> <Delay = 0.00>
ST_14 : Operation 1190 [1/1] (4.37ns)   --->   "%mul_ln87_21 = mul i14 %sext_ln87_21, i14 %in_val_22_cast" [cnn_accel.cpp:87]   --->   Operation 1190 'mul' 'mul_ln87_21' <Predicate = true> <Delay = 4.37> <CoreInst = "Multiplier">   --->   Core 3 'Multiplier' <Latency = 0> <II = 1> <Delay = 4.37> <FuncUnit> <Opcode : 'mul'> <InPorts = 2> <OutPorts = 1>
ST_14 : Operation 1191 [1/3] (0.00ns) (grouped into DSP with root node add_ln93)   --->   "%mul_ln77_1 = mul i14 %sext_ln77_7, i14 %sext_ln77_1" [cnn_accel.cpp:77]   --->   Operation 1191 'mul' 'mul_ln77_1' <Predicate = true> <Delay = 0.00> <CoreInst = "DSP48">   --->   Core 116 'DSP48' <Latency = 3> <II = 1> <Delay = 2.15> <IPBlock> <Opcode : '' 'add' 'sub' 'mul' 'select'> <InPorts = 0> <OutPorts = 1> <Sync> <CReg>
ST_14 : Operation 1192 [2/3] (1.45ns) (grouped into DSP with root node add_ln93_1)   --->   "%mul_ln87_22 = mul i15 %sext_ln87_22, i15 %in_val_24_cast" [cnn_accel.cpp:87]   --->   Operation 1192 'mul' 'mul_ln87_22' <Predicate = true> <Delay = 1.45> <CoreInst = "DSP48">   --->   Core 116 'DSP48' <Latency = 3> <II = 1> <Delay = 2.15> <IPBlock> <Opcode : '' 'add' 'sub' 'mul' 'select'> <InPorts = 0> <OutPorts = 1> <Sync> <CReg>
ST_14 : Operation 1193 [1/1] (0.00ns)   --->   "%sext_ln87_23 = sext i6 %w_val_26" [cnn_accel.cpp:87]   --->   Operation 1193 'sext' 'sext_ln87_23' <Predicate = true> <Delay = 0.00>
ST_14 : Operation 1194 [1/1] (4.37ns)   --->   "%mul_ln87_23 = mul i14 %sext_ln87_23, i14 %sext_ln65" [cnn_accel.cpp:87]   --->   Operation 1194 'mul' 'mul_ln87_23' <Predicate = true> <Delay = 4.37> <CoreInst = "Multiplier">   --->   Core 3 'Multiplier' <Latency = 0> <II = 1> <Delay = 4.37> <FuncUnit> <Opcode : 'mul'> <InPorts = 2> <OutPorts = 1>
ST_14 : Operation 1195 [1/1] (0.00ns)   --->   "%sext_ln93 = sext i8 %w_0_conv_weight_bias_load" [cnn_accel.cpp:93]   --->   Operation 1195 'sext' 'sext_ln93' <Predicate = true> <Delay = 0.00>
ST_14 : Operation 1196 [2/2] (2.10ns) (root node of the DSP)   --->   "%add_ln93 = add i14 %mul_ln87_23, i14 %mul_ln77_1" [cnn_accel.cpp:93]   --->   Operation 1196 'add' 'add_ln93' <Predicate = true> <Delay = 2.10> <CoreInst = "DSP48">   --->   Core 116 'DSP48' <Latency = 3> <II = 1> <Delay = 2.15> <IPBlock> <Opcode : '' 'add' 'sub' 'mul' 'select'> <InPorts = 0> <OutPorts = 1> <Sync> <CReg>
ST_14 : Operation 1197 [2/2] (2.10ns) (root node of the DSP)   --->   "%add_ln93_2 = add i14 %mul_ln87_21, i14 %mul_ln87_18" [cnn_accel.cpp:93]   --->   Operation 1197 'add' 'add_ln93_2' <Predicate = true> <Delay = 2.10> <CoreInst = "DSP48">   --->   Core 116 'DSP48' <Latency = 3> <II = 1> <Delay = 2.15> <IPBlock> <Opcode : '' 'add' 'sub' 'mul' 'select'> <InPorts = 0> <OutPorts = 1> <Sync> <CReg>
ST_14 : Operation 1198 [2/2] (2.10ns) (root node of the DSP)   --->   "%add_ln93_3 = add i15 %mul_ln87_20, i15 %mul_ln87_19" [cnn_accel.cpp:93]   --->   Operation 1198 'add' 'add_ln93_3' <Predicate = true> <Delay = 2.10> <CoreInst = "DSP48">   --->   Core 116 'DSP48' <Latency = 3> <II = 1> <Delay = 2.15> <IPBlock> <Opcode : '' 'add' 'sub' 'mul' 'select'> <InPorts = 0> <OutPorts = 1> <Sync> <CReg>
ST_14 : Operation 1199 [2/2] (2.10ns) (root node of the DSP)   --->   "%add_ln93_6 = add i15 %mul_ln87_13, i15 %mul_ln87_12" [cnn_accel.cpp:93]   --->   Operation 1199 'add' 'add_ln93_6' <Predicate = true> <Delay = 2.10> <CoreInst = "DSP48">   --->   Core 116 'DSP48' <Latency = 3> <II = 1> <Delay = 2.15> <IPBlock> <Opcode : '' 'add' 'sub' 'mul' 'select'> <InPorts = 0> <OutPorts = 1> <Sync> <CReg>
ST_14 : Operation 1200 [2/2] (2.10ns) (root node of the DSP)   --->   "%add_ln93_8 = add i15 %sext_ln77_6, i15 %mul_ln87_14" [cnn_accel.cpp:93]   --->   Operation 1200 'add' 'add_ln93_8' <Predicate = true> <Delay = 2.10> <CoreInst = "DSP48">   --->   Core 116 'DSP48' <Latency = 3> <II = 1> <Delay = 2.15> <IPBlock> <Opcode : '' 'add' 'sub' 'mul' 'select'> <InPorts = 0> <OutPorts = 1> <Sync> <CReg>
ST_14 : Operation 1201 [2/2] (2.10ns) (root node of the DSP)   --->   "%add_ln93_9 = add i15 %mul_ln87_17, i15 %mul_ln87_16" [cnn_accel.cpp:93]   --->   Operation 1201 'add' 'add_ln93_9' <Predicate = true> <Delay = 2.10> <CoreInst = "DSP48">   --->   Core 116 'DSP48' <Latency = 3> <II = 1> <Delay = 2.15> <IPBlock> <Opcode : '' 'add' 'sub' 'mul' 'select'> <InPorts = 0> <OutPorts = 1> <Sync> <CReg>
ST_14 : Operation 1202 [2/2] (2.10ns) (root node of the DSP)   --->   "%add_ln93_13 = add i14 %mul_ln87_1, i14 %mul_ln69" [cnn_accel.cpp:93]   --->   Operation 1202 'add' 'add_ln93_13' <Predicate = true> <Delay = 2.10> <CoreInst = "DSP48">   --->   Core 116 'DSP48' <Latency = 3> <II = 1> <Delay = 2.15> <IPBlock> <Opcode : '' 'add' 'sub' 'mul' 'select'> <InPorts = 0> <OutPorts = 1> <Sync> <CReg>
ST_14 : Operation 1203 [2/2] (2.10ns) (root node of the DSP)   --->   "%add_ln93_15 = add i15 %mul_ln87_2, i15 %sext_ln77_2" [cnn_accel.cpp:93]   --->   Operation 1203 'add' 'add_ln93_15' <Predicate = true> <Delay = 2.10> <CoreInst = "DSP48">   --->   Core 116 'DSP48' <Latency = 3> <II = 1> <Delay = 2.15> <IPBlock> <Opcode : '' 'add' 'sub' 'mul' 'select'> <InPorts = 0> <OutPorts = 1> <Sync> <CReg>
ST_14 : Operation 1204 [2/2] (2.10ns) (root node of the DSP)   --->   "%add_ln93_16 = add i15 %mul_ln87_3, i15 %mul_ln87_5" [cnn_accel.cpp:93]   --->   Operation 1204 'add' 'add_ln93_16' <Predicate = true> <Delay = 2.10> <CoreInst = "DSP48">   --->   Core 116 'DSP48' <Latency = 3> <II = 1> <Delay = 2.15> <IPBlock> <Opcode : '' 'add' 'sub' 'mul' 'select'> <InPorts = 0> <OutPorts = 1> <Sync> <CReg>
ST_14 : Operation 1205 [2/2] (2.10ns) (root node of the DSP)   --->   "%add_ln93_19 = add i15 %mul_ln87_6, i15 %mul_ln87_9" [cnn_accel.cpp:93]   --->   Operation 1205 'add' 'add_ln93_19' <Predicate = true> <Delay = 2.10> <CoreInst = "DSP48">   --->   Core 116 'DSP48' <Latency = 3> <II = 1> <Delay = 2.15> <IPBlock> <Opcode : '' 'add' 'sub' 'mul' 'select'> <InPorts = 0> <OutPorts = 1> <Sync> <CReg>
ST_14 : Operation 1206 [2/2] (2.10ns) (root node of the DSP)   --->   "%add_ln93_21 = add i16 %sext_ln77_4, i16 %mul_ln87_10" [cnn_accel.cpp:93]   --->   Operation 1206 'add' 'add_ln93_21' <Predicate = true> <Delay = 2.10> <CoreInst = "DSP48">   --->   Core 116 'DSP48' <Latency = 3> <II = 1> <Delay = 2.15> <IPBlock> <Opcode : '' 'add' 'sub' 'mul' 'select'> <InPorts = 0> <OutPorts = 1> <Sync> <CReg>
ST_14 : Operation 1207 [2/2] (2.10ns) (root node of the DSP)   --->   "%add_ln93_22 = add i13 %mul_ln77, i13 %sext_ln93" [cnn_accel.cpp:93]   --->   Operation 1207 'add' 'add_ln93_22' <Predicate = true> <Delay = 2.10> <CoreInst = "DSP48">   --->   Core 116 'DSP48' <Latency = 3> <II = 1> <Delay = 2.15> <IPBlock> <Opcode : '' 'add' 'sub' 'mul' 'select'> <InPorts = 0> <OutPorts = 1> <Sync> <CReg>

State 15 <SV = 14> <Delay = 4.24>
ST_15 : Operation 1208 [1/3] (0.00ns) (grouped into DSP with root node add_ln93_14)   --->   "%mul_ln87 = mul i15 %sext_ln87, i15 %in_val_1_cast" [cnn_accel.cpp:87]   --->   Operation 1208 'mul' 'mul_ln87' <Predicate = true> <Delay = 0.00> <CoreInst = "DSP48">   --->   Core 116 'DSP48' <Latency = 3> <II = 1> <Delay = 2.15> <IPBlock> <Opcode : '' 'add' 'sub' 'mul' 'select'> <InPorts = 0> <OutPorts = 1> <Sync> <CReg>
ST_15 : Operation 1209 [1/3] (0.00ns) (grouped into DSP with root node add_ln93_20)   --->   "%mul_ln87_7 = mul i14 %sext_ln87_7, i14 %in_val_8_cast" [cnn_accel.cpp:87]   --->   Operation 1209 'mul' 'mul_ln87_7' <Predicate = true> <Delay = 0.00> <CoreInst = "DSP48">   --->   Core 116 'DSP48' <Latency = 3> <II = 1> <Delay = 2.15> <IPBlock> <Opcode : '' 'add' 'sub' 'mul' 'select'> <InPorts = 0> <OutPorts = 1> <Sync> <CReg>
ST_15 : Operation 1210 [1/1] (0.00ns) (grouped into DSP with root node add_ln93_20)   --->   "%sext_ln77_3 = sext i14 %mul_ln87_7" [cnn_accel.cpp:77]   --->   Operation 1210 'sext' 'sext_ln77_3' <Predicate = true> <Delay = 0.00>
ST_15 : Operation 1211 [1/3] (0.00ns) (grouped into DSP with root node add_ln93_7)   --->   "%mul_ln87_11 = mul i16 %sext_ln87_11, i16 %conv3_i_i45_1_1_1" [cnn_accel.cpp:87]   --->   Operation 1211 'mul' 'mul_ln87_11' <Predicate = true> <Delay = 0.00> <CoreInst = "DSP48">   --->   Core 116 'DSP48' <Latency = 3> <II = 1> <Delay = 2.15> <IPBlock> <Opcode : '' 'add' 'sub' 'mul' 'select'> <InPorts = 0> <OutPorts = 1> <Sync> <CReg>
ST_15 : Operation 1212 [1/3] (0.00ns) (grouped into DSP with root node add_ln93_1)   --->   "%mul_ln87_22 = mul i15 %sext_ln87_22, i15 %in_val_24_cast" [cnn_accel.cpp:87]   --->   Operation 1212 'mul' 'mul_ln87_22' <Predicate = true> <Delay = 0.00> <CoreInst = "DSP48">   --->   Core 116 'DSP48' <Latency = 3> <II = 1> <Delay = 2.15> <IPBlock> <Opcode : '' 'add' 'sub' 'mul' 'select'> <InPorts = 0> <OutPorts = 1> <Sync> <CReg>
ST_15 : Operation 1213 [1/2] (2.10ns) (root node of the DSP)   --->   "%add_ln93 = add i14 %mul_ln87_23, i14 %mul_ln77_1" [cnn_accel.cpp:93]   --->   Operation 1213 'add' 'add_ln93' <Predicate = true> <Delay = 2.10> <CoreInst = "DSP48">   --->   Core 116 'DSP48' <Latency = 3> <II = 1> <Delay = 2.15> <IPBlock> <Opcode : '' 'add' 'sub' 'mul' 'select'> <InPorts = 0> <OutPorts = 1> <Sync> <CReg>
ST_15 : Operation 1214 [1/1] (0.00ns)   --->   "%sext_ln93_1 = sext i14 %add_ln93" [cnn_accel.cpp:93]   --->   Operation 1214 'sext' 'sext_ln93_1' <Predicate = true> <Delay = 0.00>
ST_15 : Operation 1215 [2/2] (2.10ns) (root node of the DSP)   --->   "%add_ln93_1 = add i15 %sext_ln93_1, i15 %mul_ln87_22" [cnn_accel.cpp:93]   --->   Operation 1215 'add' 'add_ln93_1' <Predicate = true> <Delay = 2.10> <CoreInst = "DSP48">   --->   Core 116 'DSP48' <Latency = 3> <II = 1> <Delay = 2.15> <IPBlock> <Opcode : '' 'add' 'sub' 'mul' 'select'> <InPorts = 0> <OutPorts = 1> <Sync> <CReg>
ST_15 : Operation 1216 [1/2] (2.10ns) (root node of the DSP)   --->   "%add_ln93_2 = add i14 %mul_ln87_21, i14 %mul_ln87_18" [cnn_accel.cpp:93]   --->   Operation 1216 'add' 'add_ln93_2' <Predicate = true> <Delay = 2.10> <CoreInst = "DSP48">   --->   Core 116 'DSP48' <Latency = 3> <II = 1> <Delay = 2.15> <IPBlock> <Opcode : '' 'add' 'sub' 'mul' 'select'> <InPorts = 0> <OutPorts = 1> <Sync> <CReg>
ST_15 : Operation 1217 [1/1] (0.00ns)   --->   "%sext_ln93_3 = sext i14 %add_ln93_2" [cnn_accel.cpp:93]   --->   Operation 1217 'sext' 'sext_ln93_3' <Predicate = true> <Delay = 0.00>
ST_15 : Operation 1218 [1/2] (2.10ns) (root node of the DSP)   --->   "%add_ln93_3 = add i15 %mul_ln87_20, i15 %mul_ln87_19" [cnn_accel.cpp:93]   --->   Operation 1218 'add' 'add_ln93_3' <Predicate = true> <Delay = 2.10> <CoreInst = "DSP48">   --->   Core 116 'DSP48' <Latency = 3> <II = 1> <Delay = 2.15> <IPBlock> <Opcode : '' 'add' 'sub' 'mul' 'select'> <InPorts = 0> <OutPorts = 1> <Sync> <CReg>
ST_15 : Operation 1219 [1/1] (0.00ns)   --->   "%sext_ln93_4 = sext i15 %add_ln93_3" [cnn_accel.cpp:93]   --->   Operation 1219 'sext' 'sext_ln93_4' <Predicate = true> <Delay = 0.00>
ST_15 : Operation 1220 [1/1] (2.14ns)   --->   "%add_ln93_4 = add i16 %sext_ln93_4, i16 %sext_ln93_3" [cnn_accel.cpp:93]   --->   Operation 1220 'add' 'add_ln93_4' <Predicate = true> <Delay = 2.14> <CoreInst = "Adder">   --->   Core 1 'Adder' <Latency = 0> <II = 1> <Delay = 2.14> <FuncUnit> <Opcode : 'add' 'sub'> <InPorts = 2> <OutPorts = 1>
ST_15 : Operation 1221 [1/2] (2.10ns) (root node of the DSP)   --->   "%add_ln93_6 = add i15 %mul_ln87_13, i15 %mul_ln87_12" [cnn_accel.cpp:93]   --->   Operation 1221 'add' 'add_ln93_6' <Predicate = true> <Delay = 2.10> <CoreInst = "DSP48">   --->   Core 116 'DSP48' <Latency = 3> <II = 1> <Delay = 2.15> <IPBlock> <Opcode : '' 'add' 'sub' 'mul' 'select'> <InPorts = 0> <OutPorts = 1> <Sync> <CReg>
ST_15 : Operation 1222 [1/1] (0.00ns)   --->   "%sext_ln93_7 = sext i15 %add_ln93_6" [cnn_accel.cpp:93]   --->   Operation 1222 'sext' 'sext_ln93_7' <Predicate = true> <Delay = 0.00>
ST_15 : Operation 1223 [2/2] (2.10ns) (root node of the DSP)   --->   "%add_ln93_7 = add i16 %sext_ln93_7, i16 %mul_ln87_11" [cnn_accel.cpp:93]   --->   Operation 1223 'add' 'add_ln93_7' <Predicate = true> <Delay = 2.10> <CoreInst = "DSP48">   --->   Core 116 'DSP48' <Latency = 3> <II = 1> <Delay = 2.15> <IPBlock> <Opcode : '' 'add' 'sub' 'mul' 'select'> <InPorts = 0> <OutPorts = 1> <Sync> <CReg>
ST_15 : Operation 1224 [1/2] (2.10ns) (root node of the DSP)   --->   "%add_ln93_8 = add i15 %sext_ln77_6, i15 %mul_ln87_14" [cnn_accel.cpp:93]   --->   Operation 1224 'add' 'add_ln93_8' <Predicate = true> <Delay = 2.10> <CoreInst = "DSP48">   --->   Core 116 'DSP48' <Latency = 3> <II = 1> <Delay = 2.15> <IPBlock> <Opcode : '' 'add' 'sub' 'mul' 'select'> <InPorts = 0> <OutPorts = 1> <Sync> <CReg>
ST_15 : Operation 1225 [1/1] (0.00ns)   --->   "%sext_ln93_9 = sext i15 %add_ln93_8" [cnn_accel.cpp:93]   --->   Operation 1225 'sext' 'sext_ln93_9' <Predicate = true> <Delay = 0.00>
ST_15 : Operation 1226 [1/2] (2.10ns) (root node of the DSP)   --->   "%add_ln93_9 = add i15 %mul_ln87_17, i15 %mul_ln87_16" [cnn_accel.cpp:93]   --->   Operation 1226 'add' 'add_ln93_9' <Predicate = true> <Delay = 2.10> <CoreInst = "DSP48">   --->   Core 116 'DSP48' <Latency = 3> <II = 1> <Delay = 2.15> <IPBlock> <Opcode : '' 'add' 'sub' 'mul' 'select'> <InPorts = 0> <OutPorts = 1> <Sync> <CReg>
ST_15 : Operation 1227 [1/1] (0.00ns)   --->   "%sext_ln93_10 = sext i15 %add_ln93_9" [cnn_accel.cpp:93]   --->   Operation 1227 'sext' 'sext_ln93_10' <Predicate = true> <Delay = 0.00>
ST_15 : Operation 1228 [1/1] (2.14ns)   --->   "%add_ln93_10 = add i16 %sext_ln93_10, i16 %sext_ln93_9" [cnn_accel.cpp:93]   --->   Operation 1228 'add' 'add_ln93_10' <Predicate = true> <Delay = 2.14> <CoreInst = "Adder">   --->   Core 1 'Adder' <Latency = 0> <II = 1> <Delay = 2.14> <FuncUnit> <Opcode : 'add' 'sub'> <InPorts = 2> <OutPorts = 1>
ST_15 : Operation 1229 [1/2] (2.10ns) (root node of the DSP)   --->   "%add_ln93_13 = add i14 %mul_ln87_1, i14 %mul_ln69" [cnn_accel.cpp:93]   --->   Operation 1229 'add' 'add_ln93_13' <Predicate = true> <Delay = 2.10> <CoreInst = "DSP48">   --->   Core 116 'DSP48' <Latency = 3> <II = 1> <Delay = 2.15> <IPBlock> <Opcode : '' 'add' 'sub' 'mul' 'select'> <InPorts = 0> <OutPorts = 1> <Sync> <CReg>
ST_15 : Operation 1230 [1/1] (0.00ns)   --->   "%sext_ln93_14 = sext i14 %add_ln93_13" [cnn_accel.cpp:93]   --->   Operation 1230 'sext' 'sext_ln93_14' <Predicate = true> <Delay = 0.00>
ST_15 : Operation 1231 [2/2] (2.10ns) (root node of the DSP)   --->   "%add_ln93_14 = add i15 %sext_ln93_14, i15 %mul_ln87" [cnn_accel.cpp:93]   --->   Operation 1231 'add' 'add_ln93_14' <Predicate = true> <Delay = 2.10> <CoreInst = "DSP48">   --->   Core 116 'DSP48' <Latency = 3> <II = 1> <Delay = 2.15> <IPBlock> <Opcode : '' 'add' 'sub' 'mul' 'select'> <InPorts = 0> <OutPorts = 1> <Sync> <CReg>
ST_15 : Operation 1232 [1/2] (2.10ns) (root node of the DSP)   --->   "%add_ln93_15 = add i15 %mul_ln87_2, i15 %sext_ln77_2" [cnn_accel.cpp:93]   --->   Operation 1232 'add' 'add_ln93_15' <Predicate = true> <Delay = 2.10> <CoreInst = "DSP48">   --->   Core 116 'DSP48' <Latency = 3> <II = 1> <Delay = 2.15> <IPBlock> <Opcode : '' 'add' 'sub' 'mul' 'select'> <InPorts = 0> <OutPorts = 1> <Sync> <CReg>
ST_15 : Operation 1233 [1/1] (0.00ns)   --->   "%sext_ln93_16 = sext i15 %add_ln93_15" [cnn_accel.cpp:93]   --->   Operation 1233 'sext' 'sext_ln93_16' <Predicate = true> <Delay = 0.00>
ST_15 : Operation 1234 [1/2] (2.10ns) (root node of the DSP)   --->   "%add_ln93_16 = add i15 %mul_ln87_3, i15 %mul_ln87_5" [cnn_accel.cpp:93]   --->   Operation 1234 'add' 'add_ln93_16' <Predicate = true> <Delay = 2.10> <CoreInst = "DSP48">   --->   Core 116 'DSP48' <Latency = 3> <II = 1> <Delay = 2.15> <IPBlock> <Opcode : '' 'add' 'sub' 'mul' 'select'> <InPorts = 0> <OutPorts = 1> <Sync> <CReg>
ST_15 : Operation 1235 [1/1] (0.00ns)   --->   "%sext_ln93_17 = sext i15 %add_ln93_16" [cnn_accel.cpp:93]   --->   Operation 1235 'sext' 'sext_ln93_17' <Predicate = true> <Delay = 0.00>
ST_15 : Operation 1236 [1/1] (2.14ns)   --->   "%add_ln93_17 = add i16 %sext_ln93_17, i16 %sext_ln93_16" [cnn_accel.cpp:93]   --->   Operation 1236 'add' 'add_ln93_17' <Predicate = true> <Delay = 2.14> <CoreInst = "Adder">   --->   Core 1 'Adder' <Latency = 0> <II = 1> <Delay = 2.14> <FuncUnit> <Opcode : 'add' 'sub'> <InPorts = 2> <OutPorts = 1>
ST_15 : Operation 1237 [1/2] (2.10ns) (root node of the DSP)   --->   "%add_ln93_19 = add i15 %mul_ln87_6, i15 %mul_ln87_9" [cnn_accel.cpp:93]   --->   Operation 1237 'add' 'add_ln93_19' <Predicate = true> <Delay = 2.10> <CoreInst = "DSP48">   --->   Core 116 'DSP48' <Latency = 3> <II = 1> <Delay = 2.15> <IPBlock> <Opcode : '' 'add' 'sub' 'mul' 'select'> <InPorts = 0> <OutPorts = 1> <Sync> <CReg>
ST_15 : Operation 1238 [2/2] (2.10ns) (root node of the DSP)   --->   "%add_ln93_20 = add i15 %add_ln93_19, i15 %sext_ln77_3" [cnn_accel.cpp:93]   --->   Operation 1238 'add' 'add_ln93_20' <Predicate = true> <Delay = 2.10> <CoreInst = "DSP48">   --->   Core 116 'DSP48' <Latency = 3> <II = 1> <Delay = 2.15> <IPBlock> <Opcode : '' 'add' 'sub' 'mul' 'select'> <InPorts = 0> <OutPorts = 1> <Sync> <CReg>
ST_15 : Operation 1239 [1/2] (2.10ns) (root node of the DSP)   --->   "%add_ln93_21 = add i16 %sext_ln77_4, i16 %mul_ln87_10" [cnn_accel.cpp:93]   --->   Operation 1239 'add' 'add_ln93_21' <Predicate = true> <Delay = 2.10> <CoreInst = "DSP48">   --->   Core 116 'DSP48' <Latency = 3> <II = 1> <Delay = 2.15> <IPBlock> <Opcode : '' 'add' 'sub' 'mul' 'select'> <InPorts = 0> <OutPorts = 1> <Sync> <CReg>
ST_15 : Operation 1240 [1/2] (2.10ns) (root node of the DSP)   --->   "%add_ln93_22 = add i13 %mul_ln77, i13 %sext_ln93" [cnn_accel.cpp:93]   --->   Operation 1240 'add' 'add_ln93_22' <Predicate = true> <Delay = 2.10> <CoreInst = "DSP48">   --->   Core 116 'DSP48' <Latency = 3> <II = 1> <Delay = 2.15> <IPBlock> <Opcode : '' 'add' 'sub' 'mul' 'select'> <InPorts = 0> <OutPorts = 1> <Sync> <CReg>
ST_15 : Operation 1241 [1/1] (0.00ns)   --->   "%sext_ln93_21 = sext i13 %add_ln93_22" [cnn_accel.cpp:93]   --->   Operation 1241 'sext' 'sext_ln93_21' <Predicate = true> <Delay = 0.00>
ST_15 : Operation 1242 [1/1] (2.14ns)   --->   "%add_ln93_23 = add i16 %sext_ln93_21, i16 %add_ln93_21" [cnn_accel.cpp:93]   --->   Operation 1242 'add' 'add_ln93_23' <Predicate = true> <Delay = 2.14> <CoreInst = "Adder">   --->   Core 1 'Adder' <Latency = 0> <II = 1> <Delay = 2.14> <FuncUnit> <Opcode : 'add' 'sub'> <InPorts = 2> <OutPorts = 1>

State 16 <SV = 15> <Delay = 6.42>
ST_16 : Operation 1243 [1/2] (2.10ns) (root node of the DSP)   --->   "%add_ln93_1 = add i15 %sext_ln93_1, i15 %mul_ln87_22" [cnn_accel.cpp:93]   --->   Operation 1243 'add' 'add_ln93_1' <Predicate = true> <Delay = 2.10> <CoreInst = "DSP48">   --->   Core 116 'DSP48' <Latency = 3> <II = 1> <Delay = 2.15> <IPBlock> <Opcode : '' 'add' 'sub' 'mul' 'select'> <InPorts = 0> <OutPorts = 1> <Sync> <CReg>
ST_16 : Operation 1244 [1/1] (0.00ns)   --->   "%sext_ln93_2 = sext i15 %add_ln93_1" [cnn_accel.cpp:93]   --->   Operation 1244 'sext' 'sext_ln93_2' <Predicate = true> <Delay = 0.00>
ST_16 : Operation 1245 [1/1] (0.00ns)   --->   "%sext_ln93_5 = sext i16 %add_ln93_4" [cnn_accel.cpp:93]   --->   Operation 1245 'sext' 'sext_ln93_5' <Predicate = true> <Delay = 0.00>
ST_16 : Operation 1246 [1/1] (2.14ns)   --->   "%add_ln93_5 = add i17 %sext_ln93_5, i17 %sext_ln93_2" [cnn_accel.cpp:93]   --->   Operation 1246 'add' 'add_ln93_5' <Predicate = true> <Delay = 2.14> <CoreInst = "Adder">   --->   Core 1 'Adder' <Latency = 0> <II = 1> <Delay = 2.14> <FuncUnit> <Opcode : 'add' 'sub'> <InPorts = 2> <OutPorts = 1>
ST_16 : Operation 1247 [1/1] (0.00ns)   --->   "%sext_ln93_6 = sext i17 %add_ln93_5" [cnn_accel.cpp:93]   --->   Operation 1247 'sext' 'sext_ln93_6' <Predicate = true> <Delay = 0.00>
ST_16 : Operation 1248 [1/2] (2.10ns) (root node of the DSP)   --->   "%add_ln93_7 = add i16 %sext_ln93_7, i16 %mul_ln87_11" [cnn_accel.cpp:93]   --->   Operation 1248 'add' 'add_ln93_7' <Predicate = true> <Delay = 2.10> <CoreInst = "DSP48">   --->   Core 116 'DSP48' <Latency = 3> <II = 1> <Delay = 2.15> <IPBlock> <Opcode : '' 'add' 'sub' 'mul' 'select'> <InPorts = 0> <OutPorts = 1> <Sync> <CReg>
ST_16 : Operation 1249 [1/1] (0.00ns)   --->   "%sext_ln93_8 = sext i16 %add_ln93_7" [cnn_accel.cpp:93]   --->   Operation 1249 'sext' 'sext_ln93_8' <Predicate = true> <Delay = 0.00>
ST_16 : Operation 1250 [1/1] (0.00ns)   --->   "%sext_ln93_11 = sext i16 %add_ln93_10" [cnn_accel.cpp:93]   --->   Operation 1250 'sext' 'sext_ln93_11' <Predicate = true> <Delay = 0.00>
ST_16 : Operation 1251 [1/1] (2.14ns)   --->   "%add_ln93_11 = add i17 %sext_ln93_11, i17 %sext_ln93_8" [cnn_accel.cpp:93]   --->   Operation 1251 'add' 'add_ln93_11' <Predicate = true> <Delay = 2.14> <CoreInst = "Adder">   --->   Core 1 'Adder' <Latency = 0> <II = 1> <Delay = 2.14> <FuncUnit> <Opcode : 'add' 'sub'> <InPorts = 2> <OutPorts = 1>
ST_16 : Operation 1252 [1/1] (0.00ns)   --->   "%sext_ln93_12 = sext i17 %add_ln93_11" [cnn_accel.cpp:93]   --->   Operation 1252 'sext' 'sext_ln93_12' <Predicate = true> <Delay = 0.00>
ST_16 : Operation 1253 [1/1] (2.18ns)   --->   "%add_ln93_27 = add i17 %add_ln93_11, i17 %add_ln93_5" [cnn_accel.cpp:93]   --->   Operation 1253 'add' 'add_ln93_27' <Predicate = true> <Delay = 2.18> <CoreInst = "Adder">   --->   Core 1 'Adder' <Latency = 0> <II = 1> <Delay = 2.18> <FuncUnit> <Opcode : 'add' 'sub'> <InPorts = 2> <OutPorts = 1>
ST_16 : Operation 1254 [1/1] (2.18ns)   --->   "%add_ln93_12 = add i18 %sext_ln93_12, i18 %sext_ln93_6" [cnn_accel.cpp:93]   --->   Operation 1254 'add' 'add_ln93_12' <Predicate = true> <Delay = 2.18> <CoreInst = "Adder">   --->   Core 1 'Adder' <Latency = 0> <II = 1> <Delay = 2.18> <FuncUnit> <Opcode : 'add' 'sub'> <InPorts = 2> <OutPorts = 1>
ST_16 : Operation 1255 [1/1] (0.00ns)   --->   "%trunc_ln93 = trunc i17 %add_ln93_27" [cnn_accel.cpp:93]   --->   Operation 1255 'trunc' 'trunc_ln93' <Predicate = true> <Delay = 0.00>
ST_16 : Operation 1256 [1/2] (2.10ns) (root node of the DSP)   --->   "%add_ln93_14 = add i15 %sext_ln93_14, i15 %mul_ln87" [cnn_accel.cpp:93]   --->   Operation 1256 'add' 'add_ln93_14' <Predicate = true> <Delay = 2.10> <CoreInst = "DSP48">   --->   Core 116 'DSP48' <Latency = 3> <II = 1> <Delay = 2.15> <IPBlock> <Opcode : '' 'add' 'sub' 'mul' 'select'> <InPorts = 0> <OutPorts = 1> <Sync> <CReg>
ST_16 : Operation 1257 [1/1] (0.00ns)   --->   "%sext_ln93_15 = sext i15 %add_ln93_14" [cnn_accel.cpp:93]   --->   Operation 1257 'sext' 'sext_ln93_15' <Predicate = true> <Delay = 0.00>
ST_16 : Operation 1258 [1/1] (0.00ns)   --->   "%sext_ln93_18 = sext i16 %add_ln93_17" [cnn_accel.cpp:93]   --->   Operation 1258 'sext' 'sext_ln93_18' <Predicate = true> <Delay = 0.00>
ST_16 : Operation 1259 [1/1] (2.14ns)   --->   "%add_ln93_18 = add i17 %sext_ln93_18, i17 %sext_ln93_15" [cnn_accel.cpp:93]   --->   Operation 1259 'add' 'add_ln93_18' <Predicate = true> <Delay = 2.14> <CoreInst = "Adder">   --->   Core 1 'Adder' <Latency = 0> <II = 1> <Delay = 2.14> <FuncUnit> <Opcode : 'add' 'sub'> <InPorts = 2> <OutPorts = 1>
ST_16 : Operation 1260 [1/1] (0.00ns)   --->   "%sext_ln93_19 = sext i17 %add_ln93_18" [cnn_accel.cpp:93]   --->   Operation 1260 'sext' 'sext_ln93_19' <Predicate = true> <Delay = 0.00>
ST_16 : Operation 1261 [1/2] (2.10ns) (root node of the DSP)   --->   "%add_ln93_20 = add i15 %add_ln93_19, i15 %sext_ln77_3" [cnn_accel.cpp:93]   --->   Operation 1261 'add' 'add_ln93_20' <Predicate = true> <Delay = 2.10> <CoreInst = "DSP48">   --->   Core 116 'DSP48' <Latency = 3> <II = 1> <Delay = 2.15> <IPBlock> <Opcode : '' 'add' 'sub' 'mul' 'select'> <InPorts = 0> <OutPorts = 1> <Sync> <CReg>
ST_16 : Operation 1262 [1/1] (0.00ns)   --->   "%sext_ln93_20 = sext i15 %add_ln93_20" [cnn_accel.cpp:93]   --->   Operation 1262 'sext' 'sext_ln93_20' <Predicate = true> <Delay = 0.00>
ST_16 : Operation 1263 [1/1] (0.00ns)   --->   "%sext_ln93_22 = sext i16 %add_ln93_23" [cnn_accel.cpp:93]   --->   Operation 1263 'sext' 'sext_ln93_22' <Predicate = true> <Delay = 0.00>
ST_16 : Operation 1264 [1/1] (2.14ns)   --->   "%add_ln93_24 = add i17 %sext_ln93_22, i17 %sext_ln93_20" [cnn_accel.cpp:93]   --->   Operation 1264 'add' 'add_ln93_24' <Predicate = true> <Delay = 2.14> <CoreInst = "Adder">   --->   Core 1 'Adder' <Latency = 0> <II = 1> <Delay = 2.14> <FuncUnit> <Opcode : 'add' 'sub'> <InPorts = 2> <OutPorts = 1>
ST_16 : Operation 1265 [1/1] (0.00ns)   --->   "%sext_ln93_23 = sext i17 %add_ln93_24" [cnn_accel.cpp:93]   --->   Operation 1265 'sext' 'sext_ln93_23' <Predicate = true> <Delay = 0.00>
ST_16 : Operation 1266 [1/1] (2.18ns)   --->   "%add_ln93_28 = add i17 %add_ln93_24, i17 %add_ln93_18" [cnn_accel.cpp:93]   --->   Operation 1266 'add' 'add_ln93_28' <Predicate = true> <Delay = 2.18> <CoreInst = "Adder">   --->   Core 1 'Adder' <Latency = 0> <II = 1> <Delay = 2.18> <FuncUnit> <Opcode : 'add' 'sub'> <InPorts = 2> <OutPorts = 1>
ST_16 : Operation 1267 [1/1] (2.18ns)   --->   "%add_ln93_25 = add i18 %sext_ln93_23, i18 %sext_ln93_19" [cnn_accel.cpp:93]   --->   Operation 1267 'add' 'add_ln93_25' <Predicate = true> <Delay = 2.18> <CoreInst = "Adder">   --->   Core 1 'Adder' <Latency = 0> <II = 1> <Delay = 2.18> <FuncUnit> <Opcode : 'add' 'sub'> <InPorts = 2> <OutPorts = 1>
ST_16 : Operation 1268 [1/1] (0.00ns)   --->   "%trunc_ln93_1 = trunc i17 %add_ln93_28" [cnn_accel.cpp:93]   --->   Operation 1268 'trunc' 'trunc_ln93_1' <Predicate = true> <Delay = 0.00>
ST_16 : Operation 1283 [1/1] (1.61ns)   --->   "%ret_ln0 = ret"   --->   Operation 1283 'ret' 'ret_ln0' <Predicate = (icmp_ln63)> <Delay = 1.61>

State 17 <SV = 16> <Delay = 6.51>
ST_17 : Operation 1269 [1/1] (0.00ns)   --->   "%specloopname_ln0 = specloopname void @_ssdm_op_SpecLoopName, void @VITIS_LOOP_63_5_VITIS_LOOP_64_6_VITIS_LOOP_65_7_str"   --->   Operation 1269 'specloopname' 'specloopname_ln0' <Predicate = true> <Delay = 0.00>
ST_17 : Operation 1270 [1/1] (0.00ns)   --->   "%speclooptripcount_ln0 = speclooptripcount void @_ssdm_op_SpecLoopTripCount, i64 1024, i64 1024, i64 1024"   --->   Operation 1270 'speclooptripcount' 'speclooptripcount_ln0' <Predicate = true> <Delay = 0.00>
ST_17 : Operation 1271 [1/1] (0.00ns)   --->   "%zext_ln98_2 = zext i10 %add_ln98_1" [cnn_accel.cpp:98]   --->   Operation 1271 'zext' 'zext_ln98_2' <Predicate = true> <Delay = 0.00>
ST_17 : Operation 1272 [1/1] (0.00ns)   --->   "%tile_out_addr = getelementptr i8 %tile_out, i64 0, i64 %zext_ln98_2" [cnn_accel.cpp:98]   --->   Operation 1272 'getelementptr' 'tile_out_addr' <Predicate = true> <Delay = 0.00>
ST_17 : Operation 1273 [1/1] (0.00ns)   --->   "%specpipeline_ln67 = specpipeline void @_ssdm_op_SpecPipeline, i32 1, i32 0, i32 0, i32 0, void @empty_13" [cnn_accel.cpp:67]   --->   Operation 1273 'specpipeline' 'specpipeline_ln67' <Predicate = true> <Delay = 0.00>
ST_17 : Operation 1274 [1/1] (0.00ns)   --->   "%sext_ln93_13 = sext i18 %add_ln93_12" [cnn_accel.cpp:93]   --->   Operation 1274 'sext' 'sext_ln93_13' <Predicate = true> <Delay = 0.00>
ST_17 : Operation 1275 [1/1] (0.00ns)   --->   "%sext_ln93_24 = sext i18 %add_ln93_25" [cnn_accel.cpp:93]   --->   Operation 1275 'sext' 'sext_ln93_24' <Predicate = true> <Delay = 0.00>
ST_17 : Operation 1276 [1/1] (2.14ns)   --->   "%add_ln93_26 = add i16 %trunc_ln93_1, i16 %trunc_ln93" [cnn_accel.cpp:93]   --->   Operation 1276 'add' 'add_ln93_26' <Predicate = true> <Delay = 2.14> <CoreInst = "Adder">   --->   Core 1 'Adder' <Latency = 0> <II = 1> <Delay = 2.14> <FuncUnit> <Opcode : 'add' 'sub'> <InPorts = 2> <OutPorts = 1>
ST_17 : Operation 1277 [1/1] (2.21ns)   --->   "%sum = add i19 %sext_ln93_24, i19 %sext_ln93_13" [cnn_accel.cpp:93]   --->   Operation 1277 'add' 'sum' <Predicate = true> <Delay = 2.21> <CoreInst = "Adder">   --->   Core 1 'Adder' <Latency = 0> <II = 1> <Delay = 2.21> <FuncUnit> <Opcode : 'add' 'sub'> <InPorts = 2> <OutPorts = 1>
ST_17 : Operation 1278 [1/1] (0.00ns)   --->   "%tmp_88 = bitselect i1 @_ssdm_op_BitSelect.i1.i19.i32, i19 %sum, i32 18" [cnn_accel.cpp:96]   --->   Operation 1278 'bitselect' 'tmp_88' <Predicate = true> <Delay = 0.00>
ST_17 : Operation 1279 [1/1] (0.00ns)   --->   "%tmp_89 = partselect i8 @_ssdm_op_PartSelect.i8.i16.i32.i32, i16 %add_ln93_26, i32 8, i32 15" [cnn_accel.cpp:98]   --->   Operation 1279 'partselect' 'tmp_89' <Predicate = true> <Delay = 0.00>
ST_17 : Operation 1280 [1/1] (1.04ns)   --->   "%select_ln96 = select i1 %tmp_88, i8 0, i8 %tmp_89" [cnn_accel.cpp:96]   --->   Operation 1280 'select' 'select_ln96' <Predicate = true> <Delay = 1.04> <CoreInst = "Sel">   --->   Core 73 'Sel' <Latency = 0> <II = 1> <Delay = 1.04> <FuncUnit> <Opcode : 'select'> <InPorts = 3> <OutPorts = 1>
ST_17 : Operation 1281 [1/1] ( I:3.25ns O:3.25ns )   --->   "%store_ln98 = store i8 %select_ln96, i10 %tile_out_addr" [cnn_accel.cpp:98]   --->   Operation 1281 'store' 'store_ln98' <Predicate = true> <Delay = 3.25> <CoreInst = "RAM_T2P_BRAM">   --->   Core 93 'RAM_T2P_BRAM' <Latency = 1> <II = 1> <Delay = 3.25> <Storage> <Opcode : 'load' 'store'> <Ports = 2> <Width = 8> <Depth = 1024> <RAM>
ST_17 : Operation 1282 [1/1] (0.00ns)   --->   "%br_ln65 = br void %VITIS_LOOP_71_8" [cnn_accel.cpp:65]   --->   Operation 1282 'br' 'br_ln65' <Predicate = true> <Delay = 0.00>


============================================================
+ Verbose Summary: Timing violations
============================================================
Target clock period: 10.000ns, clock uncertainty: 2.700ns.

 <State 1>: 6.423ns
The critical path consists of the following:
	'store' operation 0 bit ('store_ln0') of constant 0 on local variable 'indvar_flatten126' [92]  (1.610 ns)
	'load' operation 9 bit ('indvar_flatten126_load', cnn_accel.cpp:64) on local variable 'indvar_flatten126' [104]  (0.000 ns)
	'add' operation 9 bit ('add_ln64', cnn_accel.cpp:64) [981]  (2.119 ns)
	'select' operation 9 bit ('select_ln64_1', cnn_accel.cpp:64) [982]  (1.084 ns)
	'store' operation 0 bit ('store_ln64', cnn_accel.cpp:64) of variable 'select_ln64_1', cnn_accel.cpp:64 on local variable 'indvar_flatten126' [985]  (1.610 ns)

 <State 2>: 7.528ns
The critical path consists of the following:
	'load' operation 5 bit ('oc_load', cnn_accel.cpp:65) on local variable 'oc', cnn_accel.cpp:65 [102]  (0.000 ns)
	'icmp' operation 1 bit ('icmp_ln65', cnn_accel.cpp:65) [116]  (1.861 ns)
	'and' operation 1 bit ('and_ln63', cnn_accel.cpp:63) [117]  (0.978 ns)
	'or' operation 1 bit ('empty_23', cnn_accel.cpp:63) [121]  (0.000 ns)
	'select' operation 5 bit ('oc_mid2', cnn_accel.cpp:63) [122]  (1.217 ns)
	'add' operation 5 bit ('add_ln65', cnn_accel.cpp:65) [980]  (1.861 ns)
	'store' operation 0 bit ('store_ln65', cnn_accel.cpp:65) of variable 'add_ln65', cnn_accel.cpp:65 on local variable 'oc', cnn_accel.cpp:65 [987]  (1.610 ns)

 <State 3>: 3.830ns
The critical path consists of the following:
	'mul' operation 9 bit ('mul157', cnn_accel.cpp:63) [239]  (3.830 ns)

 <State 4>: 2.363ns
The critical path consists of the following:
	'urem' operation 2 bit ('urem_ln63', cnn_accel.cpp:63) [131]  (2.363 ns)

 <State 5>: 2.363ns
The critical path consists of the following:
	'urem' operation 2 bit ('urem_ln63', cnn_accel.cpp:63) [131]  (2.363 ns)

 <State 6>: 2.363ns
The critical path consists of the following:
	'urem' operation 2 bit ('urem_ln63', cnn_accel.cpp:63) [131]  (2.363 ns)

 <State 7>: 2.363ns
The critical path consists of the following:
	'urem' operation 2 bit ('urem_ln63', cnn_accel.cpp:63) [131]  (2.363 ns)

 <State 8>: 2.363ns
The critical path consists of the following:
	'urem' operation 2 bit ('urem_ln63', cnn_accel.cpp:63) [131]  (2.363 ns)

 <State 9>: 5.607ns
The critical path consists of the following:
	'add' operation 4 bit ('empty_24', cnn_accel.cpp:63) [137]  (1.777 ns)
	'mul' operation 9 bit ('mul_ln64', cnn_accel.cpp:64) [139]  (3.830 ns)

 <State 10>: 5.034ns
The critical path consists of the following:
	'add' operation 4 bit ('empty_25', cnn_accel.cpp:63) [149]  (1.777 ns)
	'getelementptr' operation 4 bit ('tile_in_addr', cnn_accel.cpp:63) [151]  (0.000 ns)
	'load' operation 8 bit ('tile_in_load', cnn_accel.cpp:63) on array 'tile_in' [329]  (3.257 ns)

 <State 11>: 6.477ns
The critical path consists of the following:
	'load' operation 8 bit ('tile_in_load', cnn_accel.cpp:63) on array 'tile_in' [329]  (3.257 ns)
	'sparsemux' operation 8 bit ('tmp_1', cnn_accel.cpp:63) [332]  (1.610 ns)
	'sparsemux' operation 8 bit ('in_val', cnn_accel.cpp:63) [341]  (1.610 ns)

 <State 12>: 3.602ns
The critical path consists of the following:
	'load' operation 7 bit ('w_val', cnn_accel.cpp:80) on array 'w_0_conv_weight_0' [806]  (2.152 ns)
	'mul' operation 14 bit of DSP[948] ('mul_ln69', cnn_accel.cpp:69) [808]  (1.450 ns)

 <State 13>: 3.602ns
The critical path consists of the following:
	'load' operation 7 bit ('w_val', cnn_accel.cpp:80) on array 'w_0_conv_weight_9' [810]  (2.152 ns)
	'mul' operation 15 bit of DSP[950] ('mul_ln87', cnn_accel.cpp:87) [812]  (1.450 ns)

 <State 14>: 6.470ns
The critical path consists of the following:
	'mul' operation 14 bit ('mul_ln87_23', cnn_accel.cpp:87) [916]  (4.370 ns)
	'add' operation 14 bit of DSP[920] ('add_ln93', cnn_accel.cpp:93) [920]  (2.100 ns)

 <State 15>: 4.246ns
The critical path consists of the following:
	'add' operation 16 bit of DSP[963] ('add_ln93_21', cnn_accel.cpp:93) [963]  (2.100 ns)
	'add' operation 16 bit ('add_ln93_23', cnn_accel.cpp:93) [966]  (2.146 ns)

 <State 16>: 6.427ns
The critical path consists of the following:
	'add' operation 15 bit of DSP[922] ('add_ln93_1', cnn_accel.cpp:93) [922]  (2.100 ns)
	'add' operation 17 bit ('add_ln93_5', cnn_accel.cpp:93) [930]  (2.146 ns)
	'add' operation 17 bit ('add_ln93_27', cnn_accel.cpp:93) [944]  (2.181 ns)

 <State 17>: 6.514ns
The critical path consists of the following:
	'add' operation 19 bit ('sum', cnn_accel.cpp:93) [975]  (2.216 ns)
	'select' operation 8 bit ('select_ln96', cnn_accel.cpp:96) [978]  (1.041 ns)
	'store' operation 0 bit ('store_ln98', cnn_accel.cpp:98) of variable 'select_ln96', cnn_accel.cpp:96 on array 'tile_out' [979]  (3.257 ns)


============================================================
+ Verbose Summary: Binding
============================================================
N/A
* FSMD analyzer results:
  - Output states:
 - Input state : 
  - Chain level:
	State 1
	State 2
	State 3
	State 4
	State 5
	State 6
	State 7
	State 8
	State 9
	State 10
	State 11
	State 12
	State 13
	State 14
	State 15
	State 16
	State 17


============================================================
+ Verbose Summary: Datapath Resource usage 
============================================================
N/A
