

================================================================
== Vitis HLS Report for 'conv_layer_1_Pipeline_VITIS_LOOP_94_12_VITIS_LOOP_95_13'
================================================================
* Date:           Tue Apr 28 00:49:03 2026

* Version:        2024.2 (Build 5238294 on Nov  8 2024)
* Project:        cnn_accel
* Solution:       solution1 (Vivado IP Flow Target)
* Product family: artix7
* Target device:  xc7a200t-sbg484-1


================================================================
== Performance Estimates
================================================================
+ Timing: 
    * Summary: 
    +--------+----------+----------+------------+
    |  Clock |  Target  | Estimated| Uncertainty|
    +--------+----------+----------+------------+
    |ap_clk  |  10.00 ns|  7.300 ns|     2.70 ns|
    +--------+----------+----------+------------+

+ Latency: 
    * Summary: 
    +---------+---------+-----------+-----------+------+------+------------------------------------------------+
    |  Latency (cycles) |   Latency (absolute)  |   Interval  |                    Pipeline                    |
    |   min   |   max   |    min    |    max    |  min |  max |                      Type                      |
    +---------+---------+-----------+-----------+------+------+------------------------------------------------+
    |     8204|     8204|  82.040 us|  82.040 us|  8203|  8203|  loop auto-rewind stp (delay=0 clock cycles(s))|
    +---------+---------+-----------+-----------+------+------+------------------------------------------------+

    + Detail: 
        * Instance: 
        N/A

        * Loop: 
        +-------------------------------------+---------+---------+----------+-----------+-----------+------+----------+
        |                                     |  Latency (cycles) | Iteration|  Initiation Interval  | Trip |          |
        |              Loop Name              |   min   |   max   |  Latency |  achieved |   target  | Count| Pipelined|
        +-------------------------------------+---------+---------+----------+-----------+-----------+------+----------+
        |- VITIS_LOOP_94_12_VITIS_LOOP_95_13  |     8202|     8202|        43|         32|          1|   256|       yes|
        +-------------------------------------+---------+---------+----------+-----------+-----------+------+----------+

============================================================
+ Verbose Summary: Synthesis Manager
============================================================
InlineROM: 1
ExposeGlobal: 0
============================================================
+ Verbose Summary: CDFG Model
============================================================
IsTopModel: 0
ResetActiveHigh: 1
IsCombinational: 0
IsDatapathOnly: 0
HasWiredReturn: 1
HasMFsm: 2
HasVarLatency: 1
IsPipeline: 0
IsRtlPipelined: 0
IsInstanceOverlapped: 0
IsDontTouch: 0
HasImplIP: 0
IsGatedGlobalClock: 0

+ Individual pipeline summary: 
  * Pipeline-0: initiation interval (II) = 32, depth = 43


============================================================
+ Verbose Summary: Schedule
============================================================
* Number of FSM states : 43
* Pipeline : 1
  Pipeline-0 : II = 32, D = 43, States = { 1 2 3 4 5 6 7 8 9 10 11 12 13 14 15 16 17 18 19 20 21 22 23 24 25 26 27 28 29 30 31 32 33 34 35 36 37 38 39 40 41 42 43 }
* Dataflow Pipeline: 0

* FSM state transitions: 
1 --> 2 
2 --> 3 
3 --> 4 
4 --> 5 
5 --> 6 
6 --> 7 
7 --> 8 
8 --> 9 
9 --> 10 
10 --> 11 
11 --> 12 
12 --> 13 
13 --> 14 
14 --> 15 
15 --> 16 
16 --> 17 
17 --> 18 
18 --> 19 
19 --> 20 
20 --> 21 
21 --> 22 
22 --> 23 
23 --> 24 
24 --> 25 
25 --> 26 
26 --> 27 
27 --> 28 
28 --> 29 
29 --> 30 
30 --> 31 
31 --> 32 
32 --> 33 
33 --> 34 
34 --> 35 
35 --> 36 
36 --> 37 
37 --> 38 
38 --> 39 
39 --> 40 
40 --> 41 
41 --> 42 
42 --> 43 
43 --> 

* FSM state operations: 

State 1 <SV = 0> <Delay = 6.29>
ST_1 : Operation 46 [1/1] (0.00ns)   --->   "%x = alloca i32 1" [cnn_accel.cpp:95]   --->   Operation 46 'alloca' 'x' <Predicate = true> <Delay = 0.00>
ST_1 : Operation 47 [1/1] (0.00ns)   --->   "%y = alloca i32 1" [cnn_accel.cpp:94]   --->   Operation 47 'alloca' 'y' <Predicate = true> <Delay = 0.00>
ST_1 : Operation 48 [1/1] (0.00ns)   --->   "%indvar_flatten14056 = alloca i32 1"   --->   Operation 48 'alloca' 'indvar_flatten14056' <Predicate = true> <Delay = 0.00>
ST_1 : Operation 49 [1/1] (0.00ns)   --->   "%input_read = read i64 @_ssdm_op_Read.ap_auto.i64, i64 %input_r"   --->   Operation 49 'read' 'input_read' <Predicate = true> <Delay = 0.00>
ST_1 : Operation 50 [1/1] (0.00ns)   --->   "%tx_read = read i31 @_ssdm_op_Read.ap_auto.i31, i31 %tx"   --->   Operation 50 'read' 'tx_read' <Predicate = true> <Delay = 0.00>
ST_1 : Operation 51 [1/1] (0.00ns)   --->   "%sext_ln36_read = read i32 @_ssdm_op_Read.ap_auto.i32, i32 %sext_ln36"   --->   Operation 51 'read' 'sext_ln36_read' <Predicate = true> <Delay = 0.00>
ST_1 : Operation 52 [1/1] (0.00ns)   --->   "%H_read = read i32 @_ssdm_op_Read.ap_auto.i32, i32 %H"   --->   Operation 52 'read' 'H_read' <Predicate = true> <Delay = 0.00>
ST_1 : Operation 53 [1/1] (0.00ns)   --->   "%ty_read = read i31 @_ssdm_op_Read.ap_auto.i31, i31 %ty"   --->   Operation 53 'read' 'ty_read' <Predicate = true> <Delay = 0.00>
ST_1 : Operation 54 [1/1] (0.00ns)   --->   "%tx_cast = zext i31 %tx_read"   --->   Operation 54 'zext' 'tx_cast' <Predicate = true> <Delay = 0.00>
ST_1 : Operation 55 [1/1] (0.00ns)   --->   "%sext_ln36_cast = sext i32 %sext_ln36_read"   --->   Operation 55 'sext' 'sext_ln36_cast' <Predicate = true> <Delay = 0.00>
ST_1 : Operation 56 [1/1] (0.00ns)   --->   "%ty_cast = zext i31 %ty_read"   --->   Operation 56 'zext' 'ty_cast' <Predicate = true> <Delay = 0.00>
ST_1 : Operation 57 [1/1] (0.00ns)   --->   "%specmemcore_ln0 = specmemcore void @_ssdm_op_SpecMemCore, i7 %tile_out, i64 666, i64 30, i64 18446744073709551615"   --->   Operation 57 'specmemcore' 'specmemcore_ln0' <Predicate = true> <Delay = 0.00>
ST_1 : Operation 58 [1/1] (0.00ns)   --->   "%specinterface_ln0 = specinterface void @_ssdm_op_SpecInterface, i8 %gmem, void @empty_0, i32 0, i32 0, void @empty_5, i32 0, i32 0, void @empty_4, void @empty_3, void @empty_5, i32 16, i32 16, i32 16, i32 16, void @empty_5, void @empty_5, i32 4294967295, i32 0, i32 0"   --->   Operation 58 'specinterface' 'specinterface_ln0' <Predicate = true> <Delay = 0.00>
ST_1 : Operation 59 [1/1] (1.61ns)   --->   "%store_ln0 = store i9 0, i9 %indvar_flatten14056"   --->   Operation 59 'store' 'store_ln0' <Predicate = true> <Delay = 1.61>
ST_1 : Operation 60 [1/1] (1.61ns)   --->   "%store_ln94 = store i5 0, i5 %y" [cnn_accel.cpp:94]   --->   Operation 60 'store' 'store_ln94' <Predicate = true> <Delay = 1.61>
ST_1 : Operation 61 [1/1] (1.61ns)   --->   "%store_ln95 = store i5 0, i5 %x" [cnn_accel.cpp:95]   --->   Operation 61 'store' 'store_ln95' <Predicate = true> <Delay = 1.61>
ST_1 : Operation 62 [1/1] (0.00ns)   --->   "%br_ln0 = br void %for.body136"   --->   Operation 62 'br' 'br_ln0' <Predicate = true> <Delay = 0.00>
ST_1 : Operation 63 [1/1] (0.00ns)   --->   "%indvar_flatten14056_load = load i9 %indvar_flatten14056" [cnn_accel.cpp:94]   --->   Operation 63 'load' 'indvar_flatten14056_load' <Predicate = true> <Delay = 0.00>
ST_1 : Operation 64 [1/1] (2.11ns)   --->   "%icmp_ln94 = icmp_eq  i9 %indvar_flatten14056_load, i9 256" [cnn_accel.cpp:94]   --->   Operation 64 'icmp' 'icmp_ln94' <Predicate = true> <Delay = 2.11> <CoreInst = "Cmp">   --->   Core 9 'Cmp' <Latency = 0> <II = 1> <Delay = 2.11> <FuncUnit> <Opcode : 'seteq' 'setne' 'setle' 'setge' 'setlt' 'setgt'> <InPorts = 2> <OutPorts = 1>
ST_1 : Operation 65 [1/1] (2.11ns)   --->   "%add_ln94_2 = add i9 %indvar_flatten14056_load, i9 1" [cnn_accel.cpp:94]   --->   Operation 65 'add' 'add_ln94_2' <Predicate = true> <Delay = 2.11> <CoreInst = "Adder">   --->   Core 1 'Adder' <Latency = 0> <II = 1> <Delay = 2.11> <FuncUnit> <Opcode : 'add' 'sub'> <InPorts = 2> <OutPorts = 1>
ST_1 : Operation 66 [1/1] (0.00ns)   --->   "%br_ln94 = br i1 %icmp_ln94, void %for.inc170, void %for.inc173.exitStub" [cnn_accel.cpp:94]   --->   Operation 66 'br' 'br_ln94' <Predicate = true> <Delay = 0.00>
ST_1 : Operation 67 [1/1] (0.00ns)   --->   "%x_load = load i5 %x" [cnn_accel.cpp:95]   --->   Operation 67 'load' 'x_load' <Predicate = (!icmp_ln94)> <Delay = 0.00>
ST_1 : Operation 68 [1/1] (0.00ns)   --->   "%y_load = load i5 %y" [cnn_accel.cpp:94]   --->   Operation 68 'load' 'y_load' <Predicate = (!icmp_ln94)> <Delay = 0.00>
ST_1 : Operation 69 [1/1] (1.86ns)   --->   "%add_ln94 = add i5 %y_load, i5 1" [cnn_accel.cpp:94]   --->   Operation 69 'add' 'add_ln94' <Predicate = (!icmp_ln94)> <Delay = 1.86> <CoreInst = "Adder">   --->   Core 1 'Adder' <Latency = 0> <II = 1> <Delay = 1.86> <FuncUnit> <Opcode : 'add' 'sub'> <InPorts = 2> <OutPorts = 1>
ST_1 : Operation 70 [1/1] (1.86ns)   --->   "%icmp_ln95 = icmp_eq  i5 %x_load, i5 16" [cnn_accel.cpp:95]   --->   Operation 70 'icmp' 'icmp_ln95' <Predicate = (!icmp_ln94)> <Delay = 1.86> <CoreInst = "Cmp">   --->   Core 9 'Cmp' <Latency = 0> <II = 1> <Delay = 1.86> <FuncUnit> <Opcode : 'seteq' 'setne' 'setle' 'setge' 'setlt' 'setgt'> <InPorts = 2> <OutPorts = 1>
ST_1 : Operation 71 [1/1] (1.21ns)   --->   "%select_ln94 = select i1 %icmp_ln95, i5 0, i5 %x_load" [cnn_accel.cpp:94]   --->   Operation 71 'select' 'select_ln94' <Predicate = (!icmp_ln94)> <Delay = 1.21> <CoreInst = "Sel">   --->   Core 73 'Sel' <Latency = 0> <II = 1> <Delay = 1.21> <FuncUnit> <Opcode : 'select'> <InPorts = 3> <OutPorts = 1>
ST_1 : Operation 72 [1/1] (1.21ns)   --->   "%select_ln94_2 = select i1 %icmp_ln95, i5 %add_ln94, i5 %y_load" [cnn_accel.cpp:94]   --->   Operation 72 'select' 'select_ln94_2' <Predicate = (!icmp_ln94)> <Delay = 1.21> <CoreInst = "Sel">   --->   Core 73 'Sel' <Latency = 0> <II = 1> <Delay = 1.21> <FuncUnit> <Opcode : 'select'> <InPorts = 3> <OutPorts = 1>
ST_1 : Operation 73 [1/1] (0.00ns)   --->   "%trunc_ln105 = trunc i5 %select_ln94_2" [cnn_accel.cpp:105]   --->   Operation 73 'trunc' 'trunc_ln105' <Predicate = (!icmp_ln94)> <Delay = 0.00>
ST_1 : Operation 74 [1/1] (1.61ns)   --->   "%store_ln94 = store i9 %add_ln94_2, i9 %indvar_flatten14056" [cnn_accel.cpp:94]   --->   Operation 74 'store' 'store_ln94' <Predicate = (!icmp_ln94)> <Delay = 1.61>
ST_1 : Operation 75 [1/1] (1.61ns)   --->   "%store_ln94 = store i5 %select_ln94_2, i5 %y" [cnn_accel.cpp:94]   --->   Operation 75 'store' 'store_ln94' <Predicate = (!icmp_ln94)> <Delay = 1.61>

State 2 <SV = 1> <Delay = 6.34>
ST_2 : Operation 76 [1/1] (0.00ns)   --->   "%tmp_s = bitconcatenate i8 @_ssdm_op_BitConcatenate.i8.i4.i4, i4 %trunc_ln105, i4 0" [cnn_accel.cpp:105]   --->   Operation 76 'bitconcatenate' 'tmp_s' <Predicate = (!icmp_ln94)> <Delay = 0.00>
ST_2 : Operation 77 [1/1] (0.00ns)   --->   "%zext_ln94 = zext i5 %select_ln94_2" [cnn_accel.cpp:94]   --->   Operation 77 'zext' 'zext_ln94' <Predicate = (!icmp_ln94)> <Delay = 0.00>
ST_2 : Operation 78 [1/1] (2.66ns)   --->   "%empty = add i32 %zext_ln94, i32 %ty_cast" [cnn_accel.cpp:94]   --->   Operation 78 'add' 'empty' <Predicate = (!icmp_ln94)> <Delay = 2.66> <CoreInst = "Adder">   --->   Core 1 'Adder' <Latency = 0> <II = 1> <Delay = 2.66> <FuncUnit> <Opcode : 'add' 'sub'> <InPorts = 2> <OutPorts = 1>
ST_2 : Operation 79 [1/1] (2.70ns)   --->   "%cmp141 = icmp_slt  i32 %empty, i32 %H_read" [cnn_accel.cpp:94]   --->   Operation 79 'icmp' 'cmp141' <Predicate = (!icmp_ln94)> <Delay = 2.70> <CoreInst = "Cmp">   --->   Core 9 'Cmp' <Latency = 0> <II = 1> <Delay = 2.70> <FuncUnit> <Opcode : 'seteq' 'setne' 'setle' 'setge' 'setlt' 'setgt'> <InPorts = 2> <OutPorts = 1>
ST_2 : Operation 80 [1/1] (0.00ns)   --->   "%zext_ln105_129 = zext i5 %select_ln94" [cnn_accel.cpp:105]   --->   Operation 80 'zext' 'zext_ln105_129' <Predicate = (!icmp_ln94)> <Delay = 0.00>
ST_2 : Operation 81 [1/1] (2.11ns)   --->   "%add_ln105_97 = add i8 %tmp_s, i8 %zext_ln105_129" [cnn_accel.cpp:105]   --->   Operation 81 'add' 'add_ln105_97' <Predicate = (!icmp_ln94)> <Delay = 2.11> <CoreInst = "Adder">   --->   Core 1 'Adder' <Latency = 0> <II = 1> <Delay = 2.11> <FuncUnit> <Opcode : 'add' 'sub'> <InPorts = 2> <OutPorts = 1>
ST_2 : Operation 82 [1/1] (0.00ns)   --->   "%tmp = bitconcatenate i13 @_ssdm_op_BitConcatenate.i13.i8.i5, i8 %add_ln105_97, i5 0" [cnn_accel.cpp:105]   --->   Operation 82 'bitconcatenate' 'tmp' <Predicate = (!icmp_ln94)> <Delay = 0.00>
ST_2 : Operation 83 [1/1] (0.00ns)   --->   "%zext_ln105_130 = zext i13 %tmp" [cnn_accel.cpp:105]   --->   Operation 83 'zext' 'zext_ln105_130' <Predicate = (!icmp_ln94)> <Delay = 0.00>
ST_2 : Operation 84 [1/1] (0.00ns)   --->   "%tile_out_addr = getelementptr i7 %tile_out, i64 0, i64 %zext_ln105_130" [cnn_accel.cpp:105]   --->   Operation 84 'getelementptr' 'tile_out_addr' <Predicate = (!icmp_ln94)> <Delay = 0.00>
ST_2 : Operation 85 [1/1] (0.00ns)   --->   "%tmp_1193 = bitconcatenate i13 @_ssdm_op_BitConcatenate.i13.i8.i5, i8 %add_ln105_97, i5 1" [cnn_accel.cpp:105]   --->   Operation 85 'bitconcatenate' 'tmp_1193' <Predicate = (!icmp_ln94)> <Delay = 0.00>
ST_2 : Operation 86 [1/1] (0.00ns)   --->   "%zext_ln105_131 = zext i13 %tmp_1193" [cnn_accel.cpp:105]   --->   Operation 86 'zext' 'zext_ln105_131' <Predicate = (!icmp_ln94)> <Delay = 0.00>
ST_2 : Operation 87 [1/1] (0.00ns)   --->   "%tile_out_addr_64 = getelementptr i7 %tile_out, i64 0, i64 %zext_ln105_131" [cnn_accel.cpp:105]   --->   Operation 87 'getelementptr' 'tile_out_addr_64' <Predicate = (!icmp_ln94)> <Delay = 0.00>
ST_2 : Operation 88 [1/1] (0.00ns)   --->   "%zext_ln95 = zext i5 %select_ln94" [cnn_accel.cpp:95]   --->   Operation 88 'zext' 'zext_ln95' <Predicate = (!icmp_ln94)> <Delay = 0.00>
ST_2 : Operation 89 [1/1] (2.66ns)   --->   "%add_ln99 = add i32 %zext_ln95, i32 %tx_cast" [cnn_accel.cpp:99]   --->   Operation 89 'add' 'add_ln99' <Predicate = (!icmp_ln94)> <Delay = 2.66> <CoreInst = "Adder">   --->   Core 1 'Adder' <Latency = 0> <II = 1> <Delay = 2.66> <FuncUnit> <Opcode : 'add' 'sub'> <InPorts = 2> <OutPorts = 1>
ST_2 : Operation 90 [1/1] (2.70ns)   --->   "%icmp_ln101 = icmp_slt  i32 %add_ln99, i32 %H_read" [cnn_accel.cpp:101]   --->   Operation 90 'icmp' 'icmp_ln101' <Predicate = (!icmp_ln94)> <Delay = 2.70> <CoreInst = "Cmp">   --->   Core 9 'Cmp' <Latency = 0> <II = 1> <Delay = 2.70> <FuncUnit> <Opcode : 'seteq' 'setne' 'setle' 'setge' 'setlt' 'setgt'> <InPorts = 2> <OutPorts = 1>
ST_2 : Operation 91 [1/1] (0.97ns)   --->   "%and_ln101 = and i1 %cmp141, i1 %icmp_ln101" [cnn_accel.cpp:101]   --->   Operation 91 'and' 'and_ln101' <Predicate = (!icmp_ln94)> <Delay = 0.97> <CoreInst = "LogicGate">   --->   Core 74 'LogicGate' <Latency = 0> <II = 1> <Delay = 0.97> <FuncUnit> <Opcode : 'and' 'or' 'xor'> <InPorts = 2> <OutPorts = 1>
ST_2 : Operation 92 [1/1] (0.00ns)   --->   "%br_ln101 = br i1 %and_ln101, void %for.inc167, void %VITIS_LOOP_104_14" [cnn_accel.cpp:101]   --->   Operation 92 'br' 'br_ln101' <Predicate = (!icmp_ln94)> <Delay = 0.00>
ST_2 : Operation 93 [2/2] (3.25ns)   --->   "%tile_out_load = load i13 %tile_out_addr" [cnn_accel.cpp:105]   --->   Operation 93 'load' 'tile_out_load' <Predicate = (!icmp_ln94 & and_ln101)> <Delay = 3.25> <CoreInst = "RAM_T2P_BRAM">   --->   Core 93 'RAM_T2P_BRAM' <Latency = 1> <II = 1> <Delay = 3.25> <Storage> <Opcode : 'load' 'store'> <Ports = 2> <Width = 7> <Depth = 8192> <RAM>
ST_2 : Operation 94 [2/2] (3.25ns)   --->   "%tile_out_load_64 = load i13 %tile_out_addr_64" [cnn_accel.cpp:105]   --->   Operation 94 'load' 'tile_out_load_64' <Predicate = (!icmp_ln94 & and_ln101)> <Delay = 3.25> <CoreInst = "RAM_T2P_BRAM">   --->   Core 93 'RAM_T2P_BRAM' <Latency = 1> <II = 1> <Delay = 3.25> <Storage> <Opcode : 'load' 'store'> <Ports = 2> <Width = 7> <Depth = 8192> <RAM>
ST_2 : Operation 95 [1/1] (1.86ns)   --->   "%add_ln95 = add i5 %select_ln94, i5 1" [cnn_accel.cpp:95]   --->   Operation 95 'add' 'add_ln95' <Predicate = (!icmp_ln94)> <Delay = 1.86> <CoreInst = "Adder">   --->   Core 1 'Adder' <Latency = 0> <II = 1> <Delay = 1.86> <FuncUnit> <Opcode : 'add' 'sub'> <InPorts = 2> <OutPorts = 1>
ST_2 : Operation 96 [1/1] (1.61ns)   --->   "%store_ln95 = store i5 %add_ln95, i5 %x" [cnn_accel.cpp:95]   --->   Operation 96 'store' 'store_ln95' <Predicate = (!icmp_ln94)> <Delay = 1.61>
ST_2 : Operation 97 [1/1] (0.00ns)   --->   "%br_ln95 = br void %for.body136" [cnn_accel.cpp:95]   --->   Operation 97 'br' 'br_ln95' <Predicate = (!icmp_ln94)> <Delay = 0.00>

State 3 <SV = 2> <Delay = 6.86>
ST_3 : Operation 98 [1/1] (0.00ns)   --->   "%p_cast148 = zext i32 %empty" [cnn_accel.cpp:94]   --->   Operation 98 'zext' 'p_cast148' <Predicate = (!icmp_ln94)> <Delay = 0.00>
ST_3 : Operation 99 [2/2] (6.86ns)   --->   "%empty_304 = mul i59 %p_cast148, i59 %sext_ln36_cast" [cnn_accel.cpp:94]   --->   Operation 99 'mul' 'empty_304' <Predicate = (!icmp_ln94)> <Delay = 6.86> <CoreInst = "Multiplier">   --->   Core 3 'Multiplier' <Latency = 1> <II = 1> <Delay = 6.86> <FuncUnit> <Opcode : 'mul'> <InPorts = 2> <OutPorts = 1>
ST_3 : Operation 100 [1/1] (0.00ns)   --->   "%tmp_1194 = bitconcatenate i13 @_ssdm_op_BitConcatenate.i13.i8.i5, i8 %add_ln105_97, i5 2" [cnn_accel.cpp:105]   --->   Operation 100 'bitconcatenate' 'tmp_1194' <Predicate = (!icmp_ln94)> <Delay = 0.00>
ST_3 : Operation 101 [1/1] (0.00ns)   --->   "%zext_ln105_132 = zext i13 %tmp_1194" [cnn_accel.cpp:105]   --->   Operation 101 'zext' 'zext_ln105_132' <Predicate = (!icmp_ln94)> <Delay = 0.00>
ST_3 : Operation 102 [1/1] (0.00ns)   --->   "%tile_out_addr_65 = getelementptr i7 %tile_out, i64 0, i64 %zext_ln105_132" [cnn_accel.cpp:105]   --->   Operation 102 'getelementptr' 'tile_out_addr_65' <Predicate = (!icmp_ln94)> <Delay = 0.00>
ST_3 : Operation 103 [1/1] (0.00ns)   --->   "%tmp_1195 = bitconcatenate i13 @_ssdm_op_BitConcatenate.i13.i8.i5, i8 %add_ln105_97, i5 3" [cnn_accel.cpp:105]   --->   Operation 103 'bitconcatenate' 'tmp_1195' <Predicate = (!icmp_ln94)> <Delay = 0.00>
ST_3 : Operation 104 [1/1] (0.00ns)   --->   "%zext_ln105_133 = zext i13 %tmp_1195" [cnn_accel.cpp:105]   --->   Operation 104 'zext' 'zext_ln105_133' <Predicate = (!icmp_ln94)> <Delay = 0.00>
ST_3 : Operation 105 [1/1] (0.00ns)   --->   "%tile_out_addr_66 = getelementptr i7 %tile_out, i64 0, i64 %zext_ln105_133" [cnn_accel.cpp:105]   --->   Operation 105 'getelementptr' 'tile_out_addr_66' <Predicate = (!icmp_ln94)> <Delay = 0.00>
ST_3 : Operation 106 [1/2] ( I:3.25ns O:3.25ns )   --->   "%tile_out_load = load i13 %tile_out_addr" [cnn_accel.cpp:105]   --->   Operation 106 'load' 'tile_out_load' <Predicate = (!icmp_ln94 & and_ln101)> <Delay = 3.25> <CoreInst = "RAM_T2P_BRAM">   --->   Core 93 'RAM_T2P_BRAM' <Latency = 1> <II = 1> <Delay = 3.25> <Storage> <Opcode : 'load' 'store'> <Ports = 2> <Width = 7> <Depth = 8192> <RAM>
ST_3 : Operation 107 [1/2] ( I:3.25ns O:3.25ns )   --->   "%tile_out_load_64 = load i13 %tile_out_addr_64" [cnn_accel.cpp:105]   --->   Operation 107 'load' 'tile_out_load_64' <Predicate = (!icmp_ln94 & and_ln101)> <Delay = 3.25> <CoreInst = "RAM_T2P_BRAM">   --->   Core 93 'RAM_T2P_BRAM' <Latency = 1> <II = 1> <Delay = 3.25> <Storage> <Opcode : 'load' 'store'> <Ports = 2> <Width = 7> <Depth = 8192> <RAM>
ST_3 : Operation 108 [2/2] (3.25ns)   --->   "%tile_out_load_65 = load i13 %tile_out_addr_65" [cnn_accel.cpp:105]   --->   Operation 108 'load' 'tile_out_load_65' <Predicate = (!icmp_ln94 & and_ln101)> <Delay = 3.25> <CoreInst = "RAM_T2P_BRAM">   --->   Core 93 'RAM_T2P_BRAM' <Latency = 1> <II = 1> <Delay = 3.25> <Storage> <Opcode : 'load' 'store'> <Ports = 2> <Width = 7> <Depth = 8192> <RAM>
ST_3 : Operation 109 [2/2] (3.25ns)   --->   "%tile_out_load_66 = load i13 %tile_out_addr_66" [cnn_accel.cpp:105]   --->   Operation 109 'load' 'tile_out_load_66' <Predicate = (!icmp_ln94 & and_ln101)> <Delay = 3.25> <CoreInst = "RAM_T2P_BRAM">   --->   Core 93 'RAM_T2P_BRAM' <Latency = 1> <II = 1> <Delay = 3.25> <Storage> <Opcode : 'load' 'store'> <Ports = 2> <Width = 7> <Depth = 8192> <RAM>

State 4 <SV = 3> <Delay = 6.86>
ST_4 : Operation 110 [1/2] (6.86ns)   --->   "%empty_304 = mul i59 %p_cast148, i59 %sext_ln36_cast" [cnn_accel.cpp:94]   --->   Operation 110 'mul' 'empty_304' <Predicate = (!icmp_ln94)> <Delay = 6.86> <CoreInst = "Multiplier">   --->   Core 3 'Multiplier' <Latency = 1> <II = 1> <Delay = 6.86> <FuncUnit> <Opcode : 'mul'> <InPorts = 2> <OutPorts = 1>
ST_4 : Operation 111 [1/1] (0.00ns)   --->   "%tmp_1196 = bitconcatenate i13 @_ssdm_op_BitConcatenate.i13.i8.i5, i8 %add_ln105_97, i5 4" [cnn_accel.cpp:105]   --->   Operation 111 'bitconcatenate' 'tmp_1196' <Predicate = (!icmp_ln94)> <Delay = 0.00>
ST_4 : Operation 112 [1/1] (0.00ns)   --->   "%zext_ln105_134 = zext i13 %tmp_1196" [cnn_accel.cpp:105]   --->   Operation 112 'zext' 'zext_ln105_134' <Predicate = (!icmp_ln94)> <Delay = 0.00>
ST_4 : Operation 113 [1/1] (0.00ns)   --->   "%tile_out_addr_67 = getelementptr i7 %tile_out, i64 0, i64 %zext_ln105_134" [cnn_accel.cpp:105]   --->   Operation 113 'getelementptr' 'tile_out_addr_67' <Predicate = (!icmp_ln94)> <Delay = 0.00>
ST_4 : Operation 114 [1/1] (0.00ns)   --->   "%tmp_1197 = bitconcatenate i13 @_ssdm_op_BitConcatenate.i13.i8.i5, i8 %add_ln105_97, i5 5" [cnn_accel.cpp:105]   --->   Operation 114 'bitconcatenate' 'tmp_1197' <Predicate = (!icmp_ln94)> <Delay = 0.00>
ST_4 : Operation 115 [1/1] (0.00ns)   --->   "%zext_ln105_135 = zext i13 %tmp_1197" [cnn_accel.cpp:105]   --->   Operation 115 'zext' 'zext_ln105_135' <Predicate = (!icmp_ln94)> <Delay = 0.00>
ST_4 : Operation 116 [1/1] (0.00ns)   --->   "%tile_out_addr_68 = getelementptr i7 %tile_out, i64 0, i64 %zext_ln105_135" [cnn_accel.cpp:105]   --->   Operation 116 'getelementptr' 'tile_out_addr_68' <Predicate = (!icmp_ln94)> <Delay = 0.00>
ST_4 : Operation 117 [1/2] ( I:3.25ns O:3.25ns )   --->   "%tile_out_load_65 = load i13 %tile_out_addr_65" [cnn_accel.cpp:105]   --->   Operation 117 'load' 'tile_out_load_65' <Predicate = (!icmp_ln94 & and_ln101)> <Delay = 3.25> <CoreInst = "RAM_T2P_BRAM">   --->   Core 93 'RAM_T2P_BRAM' <Latency = 1> <II = 1> <Delay = 3.25> <Storage> <Opcode : 'load' 'store'> <Ports = 2> <Width = 7> <Depth = 8192> <RAM>
ST_4 : Operation 118 [1/2] ( I:3.25ns O:3.25ns )   --->   "%tile_out_load_66 = load i13 %tile_out_addr_66" [cnn_accel.cpp:105]   --->   Operation 118 'load' 'tile_out_load_66' <Predicate = (!icmp_ln94 & and_ln101)> <Delay = 3.25> <CoreInst = "RAM_T2P_BRAM">   --->   Core 93 'RAM_T2P_BRAM' <Latency = 1> <II = 1> <Delay = 3.25> <Storage> <Opcode : 'load' 'store'> <Ports = 2> <Width = 7> <Depth = 8192> <RAM>
ST_4 : Operation 119 [2/2] (3.25ns)   --->   "%tile_out_load_67 = load i13 %tile_out_addr_67" [cnn_accel.cpp:105]   --->   Operation 119 'load' 'tile_out_load_67' <Predicate = (!icmp_ln94 & and_ln101)> <Delay = 3.25> <CoreInst = "RAM_T2P_BRAM">   --->   Core 93 'RAM_T2P_BRAM' <Latency = 1> <II = 1> <Delay = 3.25> <Storage> <Opcode : 'load' 'store'> <Ports = 2> <Width = 7> <Depth = 8192> <RAM>
ST_4 : Operation 120 [2/2] (3.25ns)   --->   "%tile_out_load_68 = load i13 %tile_out_addr_68" [cnn_accel.cpp:105]   --->   Operation 120 'load' 'tile_out_load_68' <Predicate = (!icmp_ln94 & and_ln101)> <Delay = 3.25> <CoreInst = "RAM_T2P_BRAM">   --->   Core 93 'RAM_T2P_BRAM' <Latency = 1> <II = 1> <Delay = 3.25> <Storage> <Opcode : 'load' 'store'> <Ports = 2> <Width = 7> <Depth = 8192> <RAM>

State 5 <SV = 4> <Delay = 6.98>
ST_5 : Operation 121 [1/1] (0.00ns)   --->   "%tmp_1198 = bitconcatenate i13 @_ssdm_op_BitConcatenate.i13.i8.i5, i8 %add_ln105_97, i5 6" [cnn_accel.cpp:105]   --->   Operation 121 'bitconcatenate' 'tmp_1198' <Predicate = (!icmp_ln94)> <Delay = 0.00>
ST_5 : Operation 122 [1/1] (0.00ns)   --->   "%zext_ln105_136 = zext i13 %tmp_1198" [cnn_accel.cpp:105]   --->   Operation 122 'zext' 'zext_ln105_136' <Predicate = (!icmp_ln94)> <Delay = 0.00>
ST_5 : Operation 123 [1/1] (0.00ns)   --->   "%tile_out_addr_69 = getelementptr i7 %tile_out, i64 0, i64 %zext_ln105_136" [cnn_accel.cpp:105]   --->   Operation 123 'getelementptr' 'tile_out_addr_69' <Predicate = (!icmp_ln94)> <Delay = 0.00>
ST_5 : Operation 124 [1/1] (0.00ns)   --->   "%tmp_1199 = bitconcatenate i13 @_ssdm_op_BitConcatenate.i13.i8.i5, i8 %add_ln105_97, i5 7" [cnn_accel.cpp:105]   --->   Operation 124 'bitconcatenate' 'tmp_1199' <Predicate = (!icmp_ln94)> <Delay = 0.00>
ST_5 : Operation 125 [1/1] (0.00ns)   --->   "%zext_ln105_137 = zext i13 %tmp_1199" [cnn_accel.cpp:105]   --->   Operation 125 'zext' 'zext_ln105_137' <Predicate = (!icmp_ln94)> <Delay = 0.00>
ST_5 : Operation 126 [1/1] (0.00ns)   --->   "%tile_out_addr_70 = getelementptr i7 %tile_out, i64 0, i64 %zext_ln105_137" [cnn_accel.cpp:105]   --->   Operation 126 'getelementptr' 'tile_out_addr_70' <Predicate = (!icmp_ln94)> <Delay = 0.00>
ST_5 : Operation 127 [1/1] (0.00ns)   --->   "%zext_ln101 = zext i32 %add_ln99" [cnn_accel.cpp:101]   --->   Operation 127 'zext' 'zext_ln101' <Predicate = (!icmp_ln94)> <Delay = 0.00>
ST_5 : Operation 128 [1/1] (3.42ns)   --->   "%add_ln102 = add i59 %zext_ln101, i59 %empty_304" [cnn_accel.cpp:102]   --->   Operation 128 'add' 'add_ln102' <Predicate = (!icmp_ln94 & and_ln101)> <Delay = 3.42> <CoreInst = "Adder">   --->   Core 1 'Adder' <Latency = 0> <II = 1> <Delay = 3.42> <FuncUnit> <Opcode : 'add' 'sub'> <InPorts = 2> <OutPorts = 1>
ST_5 : Operation 129 [1/1] (0.00ns)   --->   "%shl_ln = bitconcatenate i64 @_ssdm_op_BitConcatenate.i64.i59.i5, i59 %add_ln102, i5 0" [cnn_accel.cpp:102]   --->   Operation 129 'bitconcatenate' 'shl_ln' <Predicate = (!icmp_ln94 & and_ln101)> <Delay = 0.00>
ST_5 : Operation 130 [1/1] (3.56ns)   --->   "%add_ln105 = add i64 %shl_ln, i64 %input_read" [cnn_accel.cpp:105]   --->   Operation 130 'add' 'add_ln105' <Predicate = (!icmp_ln94 & and_ln101)> <Delay = 3.56> <CoreInst = "Adder">   --->   Core 1 'Adder' <Latency = 0> <II = 1> <Delay = 3.56> <FuncUnit> <Opcode : 'add' 'sub'> <InPorts = 2> <OutPorts = 1>
ST_5 : Operation 131 [1/1] (0.00ns)   --->   "%gmem_addr = getelementptr i8 %gmem, i64 %add_ln105" [cnn_accel.cpp:105]   --->   Operation 131 'getelementptr' 'gmem_addr' <Predicate = (!icmp_ln94 & and_ln101)> <Delay = 0.00>
ST_5 : Operation 132 [1/2] ( I:3.25ns O:3.25ns )   --->   "%tile_out_load_67 = load i13 %tile_out_addr_67" [cnn_accel.cpp:105]   --->   Operation 132 'load' 'tile_out_load_67' <Predicate = (!icmp_ln94 & and_ln101)> <Delay = 3.25> <CoreInst = "RAM_T2P_BRAM">   --->   Core 93 'RAM_T2P_BRAM' <Latency = 1> <II = 1> <Delay = 3.25> <Storage> <Opcode : 'load' 'store'> <Ports = 2> <Width = 7> <Depth = 8192> <RAM>
ST_5 : Operation 133 [1/2] ( I:3.25ns O:3.25ns )   --->   "%tile_out_load_68 = load i13 %tile_out_addr_68" [cnn_accel.cpp:105]   --->   Operation 133 'load' 'tile_out_load_68' <Predicate = (!icmp_ln94 & and_ln101)> <Delay = 3.25> <CoreInst = "RAM_T2P_BRAM">   --->   Core 93 'RAM_T2P_BRAM' <Latency = 1> <II = 1> <Delay = 3.25> <Storage> <Opcode : 'load' 'store'> <Ports = 2> <Width = 7> <Depth = 8192> <RAM>
ST_5 : Operation 134 [2/2] (3.25ns)   --->   "%tile_out_load_69 = load i13 %tile_out_addr_69" [cnn_accel.cpp:105]   --->   Operation 134 'load' 'tile_out_load_69' <Predicate = (!icmp_ln94 & and_ln101)> <Delay = 3.25> <CoreInst = "RAM_T2P_BRAM">   --->   Core 93 'RAM_T2P_BRAM' <Latency = 1> <II = 1> <Delay = 3.25> <Storage> <Opcode : 'load' 'store'> <Ports = 2> <Width = 7> <Depth = 8192> <RAM>
ST_5 : Operation 135 [2/2] (3.25ns)   --->   "%tile_out_load_70 = load i13 %tile_out_addr_70" [cnn_accel.cpp:105]   --->   Operation 135 'load' 'tile_out_load_70' <Predicate = (!icmp_ln94 & and_ln101)> <Delay = 3.25> <CoreInst = "RAM_T2P_BRAM">   --->   Core 93 'RAM_T2P_BRAM' <Latency = 1> <II = 1> <Delay = 3.25> <Storage> <Opcode : 'load' 'store'> <Ports = 2> <Width = 7> <Depth = 8192> <RAM>

State 6 <SV = 5> <Delay = 7.30>
ST_6 : Operation 136 [1/1] (0.00ns)   --->   "%tmp_1200 = bitconcatenate i13 @_ssdm_op_BitConcatenate.i13.i8.i5, i8 %add_ln105_97, i5 8" [cnn_accel.cpp:105]   --->   Operation 136 'bitconcatenate' 'tmp_1200' <Predicate = (!icmp_ln94)> <Delay = 0.00>
ST_6 : Operation 137 [1/1] (0.00ns)   --->   "%zext_ln105_138 = zext i13 %tmp_1200" [cnn_accel.cpp:105]   --->   Operation 137 'zext' 'zext_ln105_138' <Predicate = (!icmp_ln94)> <Delay = 0.00>
ST_6 : Operation 138 [1/1] (0.00ns)   --->   "%tile_out_addr_71 = getelementptr i7 %tile_out, i64 0, i64 %zext_ln105_138" [cnn_accel.cpp:105]   --->   Operation 138 'getelementptr' 'tile_out_addr_71' <Predicate = (!icmp_ln94)> <Delay = 0.00>
ST_6 : Operation 139 [1/1] (0.00ns)   --->   "%tmp_1201 = bitconcatenate i13 @_ssdm_op_BitConcatenate.i13.i8.i5, i8 %add_ln105_97, i5 9" [cnn_accel.cpp:105]   --->   Operation 139 'bitconcatenate' 'tmp_1201' <Predicate = (!icmp_ln94)> <Delay = 0.00>
ST_6 : Operation 140 [1/1] (0.00ns)   --->   "%zext_ln105_139 = zext i13 %tmp_1201" [cnn_accel.cpp:105]   --->   Operation 140 'zext' 'zext_ln105_139' <Predicate = (!icmp_ln94)> <Delay = 0.00>
ST_6 : Operation 141 [1/1] (0.00ns)   --->   "%tile_out_addr_72 = getelementptr i7 %tile_out, i64 0, i64 %zext_ln105_139" [cnn_accel.cpp:105]   --->   Operation 141 'getelementptr' 'tile_out_addr_72' <Predicate = (!icmp_ln94)> <Delay = 0.00>
ST_6 : Operation 142 [1/1] (7.30ns)   --->   "%gmem_addr_463_req = writereq i1 @_ssdm_op_WriteReq.m_axi.i8P1A, i8 %gmem_addr, i64 1" [cnn_accel.cpp:105]   --->   Operation 142 'writereq' 'gmem_addr_463_req' <Predicate = (!icmp_ln94 & and_ln101)> <Delay = 7.30> <CoreInst = "m_axi">   --->   Core 111 'm_axi' <Latency = 9> <II = 1> <Delay = 1.00> <Adapter> <Opcode : 'read' 'write' 'readreq' 'writereq' 'writeresp'>
ST_6 : Operation 143 [1/1] (0.00ns)   --->   "%or_ln2 = bitconcatenate i64 @_ssdm_op_BitConcatenate.i64.i59.i5, i59 %add_ln102, i5 1" [cnn_accel.cpp:105]   --->   Operation 143 'bitconcatenate' 'or_ln2' <Predicate = (!icmp_ln94 & and_ln101)> <Delay = 0.00>
ST_6 : Operation 144 [1/1] (3.56ns)   --->   "%add_ln105_64 = add i64 %or_ln2, i64 %input_read" [cnn_accel.cpp:105]   --->   Operation 144 'add' 'add_ln105_64' <Predicate = (!icmp_ln94 & and_ln101)> <Delay = 3.56> <CoreInst = "Adder">   --->   Core 1 'Adder' <Latency = 0> <II = 1> <Delay = 3.56> <FuncUnit> <Opcode : 'add' 'sub'> <InPorts = 2> <OutPorts = 1>
ST_6 : Operation 145 [1/1] (0.00ns)   --->   "%gmem_addr_272 = getelementptr i8 %gmem, i64 %add_ln105_64" [cnn_accel.cpp:105]   --->   Operation 145 'getelementptr' 'gmem_addr_272' <Predicate = (!icmp_ln94 & and_ln101)> <Delay = 0.00>
ST_6 : Operation 146 [1/2] ( I:3.25ns O:3.25ns )   --->   "%tile_out_load_69 = load i13 %tile_out_addr_69" [cnn_accel.cpp:105]   --->   Operation 146 'load' 'tile_out_load_69' <Predicate = (!icmp_ln94 & and_ln101)> <Delay = 3.25> <CoreInst = "RAM_T2P_BRAM">   --->   Core 93 'RAM_T2P_BRAM' <Latency = 1> <II = 1> <Delay = 3.25> <Storage> <Opcode : 'load' 'store'> <Ports = 2> <Width = 7> <Depth = 8192> <RAM>
ST_6 : Operation 147 [1/2] ( I:3.25ns O:3.25ns )   --->   "%tile_out_load_70 = load i13 %tile_out_addr_70" [cnn_accel.cpp:105]   --->   Operation 147 'load' 'tile_out_load_70' <Predicate = (!icmp_ln94 & and_ln101)> <Delay = 3.25> <CoreInst = "RAM_T2P_BRAM">   --->   Core 93 'RAM_T2P_BRAM' <Latency = 1> <II = 1> <Delay = 3.25> <Storage> <Opcode : 'load' 'store'> <Ports = 2> <Width = 7> <Depth = 8192> <RAM>
ST_6 : Operation 148 [2/2] (3.25ns)   --->   "%tile_out_load_71 = load i13 %tile_out_addr_71" [cnn_accel.cpp:105]   --->   Operation 148 'load' 'tile_out_load_71' <Predicate = (!icmp_ln94 & and_ln101)> <Delay = 3.25> <CoreInst = "RAM_T2P_BRAM">   --->   Core 93 'RAM_T2P_BRAM' <Latency = 1> <II = 1> <Delay = 3.25> <Storage> <Opcode : 'load' 'store'> <Ports = 2> <Width = 7> <Depth = 8192> <RAM>
ST_6 : Operation 149 [2/2] (3.25ns)   --->   "%tile_out_load_72 = load i13 %tile_out_addr_72" [cnn_accel.cpp:105]   --->   Operation 149 'load' 'tile_out_load_72' <Predicate = (!icmp_ln94 & and_ln101)> <Delay = 3.25> <CoreInst = "RAM_T2P_BRAM">   --->   Core 93 'RAM_T2P_BRAM' <Latency = 1> <II = 1> <Delay = 3.25> <Storage> <Opcode : 'load' 'store'> <Ports = 2> <Width = 7> <Depth = 8192> <RAM>

State 7 <SV = 6> <Delay = 7.30>
ST_7 : Operation 150 [1/1] (0.00ns)   --->   "%tmp_1202 = bitconcatenate i13 @_ssdm_op_BitConcatenate.i13.i8.i5, i8 %add_ln105_97, i5 10" [cnn_accel.cpp:105]   --->   Operation 150 'bitconcatenate' 'tmp_1202' <Predicate = (!icmp_ln94)> <Delay = 0.00>
ST_7 : Operation 151 [1/1] (0.00ns)   --->   "%zext_ln105_140 = zext i13 %tmp_1202" [cnn_accel.cpp:105]   --->   Operation 151 'zext' 'zext_ln105_140' <Predicate = (!icmp_ln94)> <Delay = 0.00>
ST_7 : Operation 152 [1/1] (0.00ns)   --->   "%tile_out_addr_73 = getelementptr i7 %tile_out, i64 0, i64 %zext_ln105_140" [cnn_accel.cpp:105]   --->   Operation 152 'getelementptr' 'tile_out_addr_73' <Predicate = (!icmp_ln94)> <Delay = 0.00>
ST_7 : Operation 153 [1/1] (0.00ns)   --->   "%tmp_1203 = bitconcatenate i13 @_ssdm_op_BitConcatenate.i13.i8.i5, i8 %add_ln105_97, i5 11" [cnn_accel.cpp:105]   --->   Operation 153 'bitconcatenate' 'tmp_1203' <Predicate = (!icmp_ln94)> <Delay = 0.00>
ST_7 : Operation 154 [1/1] (0.00ns)   --->   "%zext_ln105_141 = zext i13 %tmp_1203" [cnn_accel.cpp:105]   --->   Operation 154 'zext' 'zext_ln105_141' <Predicate = (!icmp_ln94)> <Delay = 0.00>
ST_7 : Operation 155 [1/1] (0.00ns)   --->   "%tile_out_addr_74 = getelementptr i7 %tile_out, i64 0, i64 %zext_ln105_141" [cnn_accel.cpp:105]   --->   Operation 155 'getelementptr' 'tile_out_addr_74' <Predicate = (!icmp_ln94)> <Delay = 0.00>
ST_7 : Operation 156 [1/1] (0.00ns)   --->   "%zext_ln105 = zext i7 %tile_out_load" [cnn_accel.cpp:105]   --->   Operation 156 'zext' 'zext_ln105' <Predicate = (!icmp_ln94 & and_ln101)> <Delay = 0.00>
ST_7 : Operation 157 [1/1] (7.30ns)   --->   "%write_ln105 = write void @_ssdm_op_Write.m_axi.volatile.i8P1A, i8 %gmem_addr, i8 %zext_ln105, i1 1" [cnn_accel.cpp:105]   --->   Operation 157 'write' 'write_ln105' <Predicate = (!icmp_ln94 & and_ln101)> <Delay = 7.30> <CoreInst = "m_axi">   --->   Core 111 'm_axi' <Latency = 5> <II = 1> <Delay = 1.00> <Adapter> <Opcode : 'read' 'write' 'readreq' 'writereq' 'writeresp'>
ST_7 : Operation 158 [1/1] (7.30ns)   --->   "%gmem_addr_464_req = writereq i1 @_ssdm_op_WriteReq.m_axi.i8P1A, i8 %gmem_addr_272, i64 1" [cnn_accel.cpp:105]   --->   Operation 158 'writereq' 'gmem_addr_464_req' <Predicate = (!icmp_ln94 & and_ln101)> <Delay = 7.30> <CoreInst = "m_axi">   --->   Core 111 'm_axi' <Latency = 9> <II = 1> <Delay = 1.00> <Adapter> <Opcode : 'read' 'write' 'readreq' 'writereq' 'writeresp'>
ST_7 : Operation 159 [1/1] (0.00ns)   --->   "%or_ln105_s = bitconcatenate i64 @_ssdm_op_BitConcatenate.i64.i59.i5, i59 %add_ln102, i5 2" [cnn_accel.cpp:105]   --->   Operation 159 'bitconcatenate' 'or_ln105_s' <Predicate = (!icmp_ln94 & and_ln101)> <Delay = 0.00>
ST_7 : Operation 160 [1/1] (3.56ns)   --->   "%add_ln105_65 = add i64 %or_ln105_s, i64 %input_read" [cnn_accel.cpp:105]   --->   Operation 160 'add' 'add_ln105_65' <Predicate = (!icmp_ln94 & and_ln101)> <Delay = 3.56> <CoreInst = "Adder">   --->   Core 1 'Adder' <Latency = 0> <II = 1> <Delay = 3.56> <FuncUnit> <Opcode : 'add' 'sub'> <InPorts = 2> <OutPorts = 1>
ST_7 : Operation 161 [1/1] (0.00ns)   --->   "%gmem_addr_273 = getelementptr i8 %gmem, i64 %add_ln105_65" [cnn_accel.cpp:105]   --->   Operation 161 'getelementptr' 'gmem_addr_273' <Predicate = (!icmp_ln94 & and_ln101)> <Delay = 0.00>
ST_7 : Operation 162 [1/2] ( I:3.25ns O:3.25ns )   --->   "%tile_out_load_71 = load i13 %tile_out_addr_71" [cnn_accel.cpp:105]   --->   Operation 162 'load' 'tile_out_load_71' <Predicate = (!icmp_ln94 & and_ln101)> <Delay = 3.25> <CoreInst = "RAM_T2P_BRAM">   --->   Core 93 'RAM_T2P_BRAM' <Latency = 1> <II = 1> <Delay = 3.25> <Storage> <Opcode : 'load' 'store'> <Ports = 2> <Width = 7> <Depth = 8192> <RAM>
ST_7 : Operation 163 [1/2] ( I:3.25ns O:3.25ns )   --->   "%tile_out_load_72 = load i13 %tile_out_addr_72" [cnn_accel.cpp:105]   --->   Operation 163 'load' 'tile_out_load_72' <Predicate = (!icmp_ln94 & and_ln101)> <Delay = 3.25> <CoreInst = "RAM_T2P_BRAM">   --->   Core 93 'RAM_T2P_BRAM' <Latency = 1> <II = 1> <Delay = 3.25> <Storage> <Opcode : 'load' 'store'> <Ports = 2> <Width = 7> <Depth = 8192> <RAM>
ST_7 : Operation 164 [2/2] (3.25ns)   --->   "%tile_out_load_73 = load i13 %tile_out_addr_73" [cnn_accel.cpp:105]   --->   Operation 164 'load' 'tile_out_load_73' <Predicate = (!icmp_ln94 & and_ln101)> <Delay = 3.25> <CoreInst = "RAM_T2P_BRAM">   --->   Core 93 'RAM_T2P_BRAM' <Latency = 1> <II = 1> <Delay = 3.25> <Storage> <Opcode : 'load' 'store'> <Ports = 2> <Width = 7> <Depth = 8192> <RAM>
ST_7 : Operation 165 [2/2] (3.25ns)   --->   "%tile_out_load_74 = load i13 %tile_out_addr_74" [cnn_accel.cpp:105]   --->   Operation 165 'load' 'tile_out_load_74' <Predicate = (!icmp_ln94 & and_ln101)> <Delay = 3.25> <CoreInst = "RAM_T2P_BRAM">   --->   Core 93 'RAM_T2P_BRAM' <Latency = 1> <II = 1> <Delay = 3.25> <Storage> <Opcode : 'load' 'store'> <Ports = 2> <Width = 7> <Depth = 8192> <RAM>

State 8 <SV = 7> <Delay = 7.30>
ST_8 : Operation 166 [1/1] (0.00ns)   --->   "%tmp_1204 = bitconcatenate i13 @_ssdm_op_BitConcatenate.i13.i8.i5, i8 %add_ln105_97, i5 12" [cnn_accel.cpp:105]   --->   Operation 166 'bitconcatenate' 'tmp_1204' <Predicate = (!icmp_ln94)> <Delay = 0.00>
ST_8 : Operation 167 [1/1] (0.00ns)   --->   "%zext_ln105_142 = zext i13 %tmp_1204" [cnn_accel.cpp:105]   --->   Operation 167 'zext' 'zext_ln105_142' <Predicate = (!icmp_ln94)> <Delay = 0.00>
ST_8 : Operation 168 [1/1] (0.00ns)   --->   "%tile_out_addr_75 = getelementptr i7 %tile_out, i64 0, i64 %zext_ln105_142" [cnn_accel.cpp:105]   --->   Operation 168 'getelementptr' 'tile_out_addr_75' <Predicate = (!icmp_ln94)> <Delay = 0.00>
ST_8 : Operation 169 [1/1] (0.00ns)   --->   "%tmp_1205 = bitconcatenate i13 @_ssdm_op_BitConcatenate.i13.i8.i5, i8 %add_ln105_97, i5 13" [cnn_accel.cpp:105]   --->   Operation 169 'bitconcatenate' 'tmp_1205' <Predicate = (!icmp_ln94)> <Delay = 0.00>
ST_8 : Operation 170 [1/1] (0.00ns)   --->   "%zext_ln105_143 = zext i13 %tmp_1205" [cnn_accel.cpp:105]   --->   Operation 170 'zext' 'zext_ln105_143' <Predicate = (!icmp_ln94)> <Delay = 0.00>
ST_8 : Operation 171 [1/1] (0.00ns)   --->   "%tile_out_addr_76 = getelementptr i7 %tile_out, i64 0, i64 %zext_ln105_143" [cnn_accel.cpp:105]   --->   Operation 171 'getelementptr' 'tile_out_addr_76' <Predicate = (!icmp_ln94)> <Delay = 0.00>
ST_8 : Operation 172 [5/5] (7.30ns)   --->   "%gmem_addr_463_resp = writeresp i1 @_ssdm_op_WriteResp.m_axi.i8P1A, i8 %gmem_addr" [cnn_accel.cpp:105]   --->   Operation 172 'writeresp' 'gmem_addr_463_resp' <Predicate = (!icmp_ln94 & and_ln101)> <Delay = 7.30> <CoreInst = "m_axi">   --->   Core 111 'm_axi' <Latency = 3> <II = 1> <Delay = 1.00> <Adapter> <Opcode : 'read' 'write' 'readreq' 'writereq' 'writeresp'>
ST_8 : Operation 173 [1/1] (0.00ns)   --->   "%zext_ln105_64 = zext i7 %tile_out_load_64" [cnn_accel.cpp:105]   --->   Operation 173 'zext' 'zext_ln105_64' <Predicate = (!icmp_ln94 & and_ln101)> <Delay = 0.00>
ST_8 : Operation 174 [1/1] (7.30ns)   --->   "%write_ln105 = write void @_ssdm_op_Write.m_axi.volatile.i8P1A, i8 %gmem_addr_272, i8 %zext_ln105_64, i1 1" [cnn_accel.cpp:105]   --->   Operation 174 'write' 'write_ln105' <Predicate = (!icmp_ln94 & and_ln101)> <Delay = 7.30> <CoreInst = "m_axi">   --->   Core 111 'm_axi' <Latency = 5> <II = 1> <Delay = 1.00> <Adapter> <Opcode : 'read' 'write' 'readreq' 'writereq' 'writeresp'>
ST_8 : Operation 175 [1/1] (7.30ns)   --->   "%gmem_addr_465_req = writereq i1 @_ssdm_op_WriteReq.m_axi.i8P1A, i8 %gmem_addr_273, i64 1" [cnn_accel.cpp:105]   --->   Operation 175 'writereq' 'gmem_addr_465_req' <Predicate = (!icmp_ln94 & and_ln101)> <Delay = 7.30> <CoreInst = "m_axi">   --->   Core 111 'm_axi' <Latency = 9> <II = 1> <Delay = 1.00> <Adapter> <Opcode : 'read' 'write' 'readreq' 'writereq' 'writeresp'>
ST_8 : Operation 176 [1/1] (0.00ns)   --->   "%or_ln105_62 = bitconcatenate i64 @_ssdm_op_BitConcatenate.i64.i59.i5, i59 %add_ln102, i5 3" [cnn_accel.cpp:105]   --->   Operation 176 'bitconcatenate' 'or_ln105_62' <Predicate = (!icmp_ln94 & and_ln101)> <Delay = 0.00>
ST_8 : Operation 177 [1/1] (3.56ns)   --->   "%add_ln105_66 = add i64 %or_ln105_62, i64 %input_read" [cnn_accel.cpp:105]   --->   Operation 177 'add' 'add_ln105_66' <Predicate = (!icmp_ln94 & and_ln101)> <Delay = 3.56> <CoreInst = "Adder">   --->   Core 1 'Adder' <Latency = 0> <II = 1> <Delay = 3.56> <FuncUnit> <Opcode : 'add' 'sub'> <InPorts = 2> <OutPorts = 1>
ST_8 : Operation 178 [1/1] (0.00ns)   --->   "%gmem_addr_274 = getelementptr i8 %gmem, i64 %add_ln105_66" [cnn_accel.cpp:105]   --->   Operation 178 'getelementptr' 'gmem_addr_274' <Predicate = (!icmp_ln94 & and_ln101)> <Delay = 0.00>
ST_8 : Operation 179 [1/2] ( I:3.25ns O:3.25ns )   --->   "%tile_out_load_73 = load i13 %tile_out_addr_73" [cnn_accel.cpp:105]   --->   Operation 179 'load' 'tile_out_load_73' <Predicate = (!icmp_ln94 & and_ln101)> <Delay = 3.25> <CoreInst = "RAM_T2P_BRAM">   --->   Core 93 'RAM_T2P_BRAM' <Latency = 1> <II = 1> <Delay = 3.25> <Storage> <Opcode : 'load' 'store'> <Ports = 2> <Width = 7> <Depth = 8192> <RAM>
ST_8 : Operation 180 [1/2] ( I:3.25ns O:3.25ns )   --->   "%tile_out_load_74 = load i13 %tile_out_addr_74" [cnn_accel.cpp:105]   --->   Operation 180 'load' 'tile_out_load_74' <Predicate = (!icmp_ln94 & and_ln101)> <Delay = 3.25> <CoreInst = "RAM_T2P_BRAM">   --->   Core 93 'RAM_T2P_BRAM' <Latency = 1> <II = 1> <Delay = 3.25> <Storage> <Opcode : 'load' 'store'> <Ports = 2> <Width = 7> <Depth = 8192> <RAM>
ST_8 : Operation 181 [2/2] (3.25ns)   --->   "%tile_out_load_75 = load i13 %tile_out_addr_75" [cnn_accel.cpp:105]   --->   Operation 181 'load' 'tile_out_load_75' <Predicate = (!icmp_ln94 & and_ln101)> <Delay = 3.25> <CoreInst = "RAM_T2P_BRAM">   --->   Core 93 'RAM_T2P_BRAM' <Latency = 1> <II = 1> <Delay = 3.25> <Storage> <Opcode : 'load' 'store'> <Ports = 2> <Width = 7> <Depth = 8192> <RAM>
ST_8 : Operation 182 [2/2] (3.25ns)   --->   "%tile_out_load_76 = load i13 %tile_out_addr_76" [cnn_accel.cpp:105]   --->   Operation 182 'load' 'tile_out_load_76' <Predicate = (!icmp_ln94 & and_ln101)> <Delay = 3.25> <CoreInst = "RAM_T2P_BRAM">   --->   Core 93 'RAM_T2P_BRAM' <Latency = 1> <II = 1> <Delay = 3.25> <Storage> <Opcode : 'load' 'store'> <Ports = 2> <Width = 7> <Depth = 8192> <RAM>

State 9 <SV = 8> <Delay = 7.30>
ST_9 : Operation 183 [1/1] (0.00ns)   --->   "%tmp_1206 = bitconcatenate i13 @_ssdm_op_BitConcatenate.i13.i8.i5, i8 %add_ln105_97, i5 14" [cnn_accel.cpp:105]   --->   Operation 183 'bitconcatenate' 'tmp_1206' <Predicate = (!icmp_ln94)> <Delay = 0.00>
ST_9 : Operation 184 [1/1] (0.00ns)   --->   "%zext_ln105_144 = zext i13 %tmp_1206" [cnn_accel.cpp:105]   --->   Operation 184 'zext' 'zext_ln105_144' <Predicate = (!icmp_ln94)> <Delay = 0.00>
ST_9 : Operation 185 [1/1] (0.00ns)   --->   "%tile_out_addr_77 = getelementptr i7 %tile_out, i64 0, i64 %zext_ln105_144" [cnn_accel.cpp:105]   --->   Operation 185 'getelementptr' 'tile_out_addr_77' <Predicate = (!icmp_ln94)> <Delay = 0.00>
ST_9 : Operation 186 [1/1] (0.00ns)   --->   "%tmp_1207 = bitconcatenate i13 @_ssdm_op_BitConcatenate.i13.i8.i5, i8 %add_ln105_97, i5 15" [cnn_accel.cpp:105]   --->   Operation 186 'bitconcatenate' 'tmp_1207' <Predicate = (!icmp_ln94)> <Delay = 0.00>
ST_9 : Operation 187 [1/1] (0.00ns)   --->   "%zext_ln105_145 = zext i13 %tmp_1207" [cnn_accel.cpp:105]   --->   Operation 187 'zext' 'zext_ln105_145' <Predicate = (!icmp_ln94)> <Delay = 0.00>
ST_9 : Operation 188 [1/1] (0.00ns)   --->   "%tile_out_addr_78 = getelementptr i7 %tile_out, i64 0, i64 %zext_ln105_145" [cnn_accel.cpp:105]   --->   Operation 188 'getelementptr' 'tile_out_addr_78' <Predicate = (!icmp_ln94)> <Delay = 0.00>
ST_9 : Operation 189 [4/5] (7.30ns)   --->   "%gmem_addr_463_resp = writeresp i1 @_ssdm_op_WriteResp.m_axi.i8P1A, i8 %gmem_addr" [cnn_accel.cpp:105]   --->   Operation 189 'writeresp' 'gmem_addr_463_resp' <Predicate = (!icmp_ln94 & and_ln101)> <Delay = 7.30> <CoreInst = "m_axi">   --->   Core 111 'm_axi' <Latency = 3> <II = 1> <Delay = 1.00> <Adapter> <Opcode : 'read' 'write' 'readreq' 'writereq' 'writeresp'>
ST_9 : Operation 190 [5/5] (7.30ns)   --->   "%gmem_addr_464_resp = writeresp i1 @_ssdm_op_WriteResp.m_axi.i8P1A, i8 %gmem_addr_272" [cnn_accel.cpp:105]   --->   Operation 190 'writeresp' 'gmem_addr_464_resp' <Predicate = (!icmp_ln94 & and_ln101)> <Delay = 7.30> <CoreInst = "m_axi">   --->   Core 111 'm_axi' <Latency = 3> <II = 1> <Delay = 1.00> <Adapter> <Opcode : 'read' 'write' 'readreq' 'writereq' 'writeresp'>
ST_9 : Operation 191 [1/1] (0.00ns)   --->   "%zext_ln105_65 = zext i7 %tile_out_load_65" [cnn_accel.cpp:105]   --->   Operation 191 'zext' 'zext_ln105_65' <Predicate = (!icmp_ln94 & and_ln101)> <Delay = 0.00>
ST_9 : Operation 192 [1/1] (7.30ns)   --->   "%write_ln105 = write void @_ssdm_op_Write.m_axi.volatile.i8P1A, i8 %gmem_addr_273, i8 %zext_ln105_65, i1 1" [cnn_accel.cpp:105]   --->   Operation 192 'write' 'write_ln105' <Predicate = (!icmp_ln94 & and_ln101)> <Delay = 7.30> <CoreInst = "m_axi">   --->   Core 111 'm_axi' <Latency = 5> <II = 1> <Delay = 1.00> <Adapter> <Opcode : 'read' 'write' 'readreq' 'writereq' 'writeresp'>
ST_9 : Operation 193 [1/1] (7.30ns)   --->   "%gmem_addr_466_req = writereq i1 @_ssdm_op_WriteReq.m_axi.i8P1A, i8 %gmem_addr_274, i64 1" [cnn_accel.cpp:105]   --->   Operation 193 'writereq' 'gmem_addr_466_req' <Predicate = (!icmp_ln94 & and_ln101)> <Delay = 7.30> <CoreInst = "m_axi">   --->   Core 111 'm_axi' <Latency = 9> <II = 1> <Delay = 1.00> <Adapter> <Opcode : 'read' 'write' 'readreq' 'writereq' 'writeresp'>
ST_9 : Operation 194 [1/1] (0.00ns)   --->   "%or_ln105_63 = bitconcatenate i64 @_ssdm_op_BitConcatenate.i64.i59.i5, i59 %add_ln102, i5 4" [cnn_accel.cpp:105]   --->   Operation 194 'bitconcatenate' 'or_ln105_63' <Predicate = (!icmp_ln94 & and_ln101)> <Delay = 0.00>
ST_9 : Operation 195 [1/1] (3.56ns)   --->   "%add_ln105_67 = add i64 %or_ln105_63, i64 %input_read" [cnn_accel.cpp:105]   --->   Operation 195 'add' 'add_ln105_67' <Predicate = (!icmp_ln94 & and_ln101)> <Delay = 3.56> <CoreInst = "Adder">   --->   Core 1 'Adder' <Latency = 0> <II = 1> <Delay = 3.56> <FuncUnit> <Opcode : 'add' 'sub'> <InPorts = 2> <OutPorts = 1>
ST_9 : Operation 196 [1/1] (0.00ns)   --->   "%gmem_addr_275 = getelementptr i8 %gmem, i64 %add_ln105_67" [cnn_accel.cpp:105]   --->   Operation 196 'getelementptr' 'gmem_addr_275' <Predicate = (!icmp_ln94 & and_ln101)> <Delay = 0.00>
ST_9 : Operation 197 [1/2] ( I:3.25ns O:3.25ns )   --->   "%tile_out_load_75 = load i13 %tile_out_addr_75" [cnn_accel.cpp:105]   --->   Operation 197 'load' 'tile_out_load_75' <Predicate = (!icmp_ln94 & and_ln101)> <Delay = 3.25> <CoreInst = "RAM_T2P_BRAM">   --->   Core 93 'RAM_T2P_BRAM' <Latency = 1> <II = 1> <Delay = 3.25> <Storage> <Opcode : 'load' 'store'> <Ports = 2> <Width = 7> <Depth = 8192> <RAM>
ST_9 : Operation 198 [1/2] ( I:3.25ns O:3.25ns )   --->   "%tile_out_load_76 = load i13 %tile_out_addr_76" [cnn_accel.cpp:105]   --->   Operation 198 'load' 'tile_out_load_76' <Predicate = (!icmp_ln94 & and_ln101)> <Delay = 3.25> <CoreInst = "RAM_T2P_BRAM">   --->   Core 93 'RAM_T2P_BRAM' <Latency = 1> <II = 1> <Delay = 3.25> <Storage> <Opcode : 'load' 'store'> <Ports = 2> <Width = 7> <Depth = 8192> <RAM>
ST_9 : Operation 199 [2/2] (3.25ns)   --->   "%tile_out_load_77 = load i13 %tile_out_addr_77" [cnn_accel.cpp:105]   --->   Operation 199 'load' 'tile_out_load_77' <Predicate = (!icmp_ln94 & and_ln101)> <Delay = 3.25> <CoreInst = "RAM_T2P_BRAM">   --->   Core 93 'RAM_T2P_BRAM' <Latency = 1> <II = 1> <Delay = 3.25> <Storage> <Opcode : 'load' 'store'> <Ports = 2> <Width = 7> <Depth = 8192> <RAM>
ST_9 : Operation 200 [2/2] (3.25ns)   --->   "%tile_out_load_78 = load i13 %tile_out_addr_78" [cnn_accel.cpp:105]   --->   Operation 200 'load' 'tile_out_load_78' <Predicate = (!icmp_ln94 & and_ln101)> <Delay = 3.25> <CoreInst = "RAM_T2P_BRAM">   --->   Core 93 'RAM_T2P_BRAM' <Latency = 1> <II = 1> <Delay = 3.25> <Storage> <Opcode : 'load' 'store'> <Ports = 2> <Width = 7> <Depth = 8192> <RAM>

State 10 <SV = 9> <Delay = 7.30>
ST_10 : Operation 201 [1/1] (0.00ns)   --->   "%tmp_1208 = bitconcatenate i13 @_ssdm_op_BitConcatenate.i13.i8.i5, i8 %add_ln105_97, i5 16" [cnn_accel.cpp:105]   --->   Operation 201 'bitconcatenate' 'tmp_1208' <Predicate = (!icmp_ln94)> <Delay = 0.00>
ST_10 : Operation 202 [1/1] (0.00ns)   --->   "%zext_ln105_146 = zext i13 %tmp_1208" [cnn_accel.cpp:105]   --->   Operation 202 'zext' 'zext_ln105_146' <Predicate = (!icmp_ln94)> <Delay = 0.00>
ST_10 : Operation 203 [1/1] (0.00ns)   --->   "%tile_out_addr_79 = getelementptr i7 %tile_out, i64 0, i64 %zext_ln105_146" [cnn_accel.cpp:105]   --->   Operation 203 'getelementptr' 'tile_out_addr_79' <Predicate = (!icmp_ln94)> <Delay = 0.00>
ST_10 : Operation 204 [1/1] (0.00ns)   --->   "%tmp_1209 = bitconcatenate i13 @_ssdm_op_BitConcatenate.i13.i8.i5, i8 %add_ln105_97, i5 17" [cnn_accel.cpp:105]   --->   Operation 204 'bitconcatenate' 'tmp_1209' <Predicate = (!icmp_ln94)> <Delay = 0.00>
ST_10 : Operation 205 [1/1] (0.00ns)   --->   "%zext_ln105_147 = zext i13 %tmp_1209" [cnn_accel.cpp:105]   --->   Operation 205 'zext' 'zext_ln105_147' <Predicate = (!icmp_ln94)> <Delay = 0.00>
ST_10 : Operation 206 [1/1] (0.00ns)   --->   "%tile_out_addr_80 = getelementptr i7 %tile_out, i64 0, i64 %zext_ln105_147" [cnn_accel.cpp:105]   --->   Operation 206 'getelementptr' 'tile_out_addr_80' <Predicate = (!icmp_ln94)> <Delay = 0.00>
ST_10 : Operation 207 [3/5] (7.30ns)   --->   "%gmem_addr_463_resp = writeresp i1 @_ssdm_op_WriteResp.m_axi.i8P1A, i8 %gmem_addr" [cnn_accel.cpp:105]   --->   Operation 207 'writeresp' 'gmem_addr_463_resp' <Predicate = (!icmp_ln94 & and_ln101)> <Delay = 7.30> <CoreInst = "m_axi">   --->   Core 111 'm_axi' <Latency = 3> <II = 1> <Delay = 1.00> <Adapter> <Opcode : 'read' 'write' 'readreq' 'writereq' 'writeresp'>
ST_10 : Operation 208 [4/5] (7.30ns)   --->   "%gmem_addr_464_resp = writeresp i1 @_ssdm_op_WriteResp.m_axi.i8P1A, i8 %gmem_addr_272" [cnn_accel.cpp:105]   --->   Operation 208 'writeresp' 'gmem_addr_464_resp' <Predicate = (!icmp_ln94 & and_ln101)> <Delay = 7.30> <CoreInst = "m_axi">   --->   Core 111 'm_axi' <Latency = 3> <II = 1> <Delay = 1.00> <Adapter> <Opcode : 'read' 'write' 'readreq' 'writereq' 'writeresp'>
ST_10 : Operation 209 [5/5] (7.30ns)   --->   "%gmem_addr_465_resp = writeresp i1 @_ssdm_op_WriteResp.m_axi.i8P1A, i8 %gmem_addr_273" [cnn_accel.cpp:105]   --->   Operation 209 'writeresp' 'gmem_addr_465_resp' <Predicate = (!icmp_ln94 & and_ln101)> <Delay = 7.30> <CoreInst = "m_axi">   --->   Core 111 'm_axi' <Latency = 3> <II = 1> <Delay = 1.00> <Adapter> <Opcode : 'read' 'write' 'readreq' 'writereq' 'writeresp'>
ST_10 : Operation 210 [1/1] (0.00ns)   --->   "%zext_ln105_66 = zext i7 %tile_out_load_66" [cnn_accel.cpp:105]   --->   Operation 210 'zext' 'zext_ln105_66' <Predicate = (!icmp_ln94 & and_ln101)> <Delay = 0.00>
ST_10 : Operation 211 [1/1] (7.30ns)   --->   "%write_ln105 = write void @_ssdm_op_Write.m_axi.volatile.i8P1A, i8 %gmem_addr_274, i8 %zext_ln105_66, i1 1" [cnn_accel.cpp:105]   --->   Operation 211 'write' 'write_ln105' <Predicate = (!icmp_ln94 & and_ln101)> <Delay = 7.30> <CoreInst = "m_axi">   --->   Core 111 'm_axi' <Latency = 5> <II = 1> <Delay = 1.00> <Adapter> <Opcode : 'read' 'write' 'readreq' 'writereq' 'writeresp'>
ST_10 : Operation 212 [1/1] (7.30ns)   --->   "%gmem_addr_467_req = writereq i1 @_ssdm_op_WriteReq.m_axi.i8P1A, i8 %gmem_addr_275, i64 1" [cnn_accel.cpp:105]   --->   Operation 212 'writereq' 'gmem_addr_467_req' <Predicate = (!icmp_ln94 & and_ln101)> <Delay = 7.30> <CoreInst = "m_axi">   --->   Core 111 'm_axi' <Latency = 9> <II = 1> <Delay = 1.00> <Adapter> <Opcode : 'read' 'write' 'readreq' 'writereq' 'writeresp'>
ST_10 : Operation 213 [1/1] (0.00ns)   --->   "%or_ln105_64 = bitconcatenate i64 @_ssdm_op_BitConcatenate.i64.i59.i5, i59 %add_ln102, i5 5" [cnn_accel.cpp:105]   --->   Operation 213 'bitconcatenate' 'or_ln105_64' <Predicate = (!icmp_ln94 & and_ln101)> <Delay = 0.00>
ST_10 : Operation 214 [1/1] (3.56ns)   --->   "%add_ln105_68 = add i64 %or_ln105_64, i64 %input_read" [cnn_accel.cpp:105]   --->   Operation 214 'add' 'add_ln105_68' <Predicate = (!icmp_ln94 & and_ln101)> <Delay = 3.56> <CoreInst = "Adder">   --->   Core 1 'Adder' <Latency = 0> <II = 1> <Delay = 3.56> <FuncUnit> <Opcode : 'add' 'sub'> <InPorts = 2> <OutPorts = 1>
ST_10 : Operation 215 [1/1] (0.00ns)   --->   "%gmem_addr_276 = getelementptr i8 %gmem, i64 %add_ln105_68" [cnn_accel.cpp:105]   --->   Operation 215 'getelementptr' 'gmem_addr_276' <Predicate = (!icmp_ln94 & and_ln101)> <Delay = 0.00>
ST_10 : Operation 216 [1/2] ( I:3.25ns O:3.25ns )   --->   "%tile_out_load_77 = load i13 %tile_out_addr_77" [cnn_accel.cpp:105]   --->   Operation 216 'load' 'tile_out_load_77' <Predicate = (!icmp_ln94 & and_ln101)> <Delay = 3.25> <CoreInst = "RAM_T2P_BRAM">   --->   Core 93 'RAM_T2P_BRAM' <Latency = 1> <II = 1> <Delay = 3.25> <Storage> <Opcode : 'load' 'store'> <Ports = 2> <Width = 7> <Depth = 8192> <RAM>
ST_10 : Operation 217 [1/2] ( I:3.25ns O:3.25ns )   --->   "%tile_out_load_78 = load i13 %tile_out_addr_78" [cnn_accel.cpp:105]   --->   Operation 217 'load' 'tile_out_load_78' <Predicate = (!icmp_ln94 & and_ln101)> <Delay = 3.25> <CoreInst = "RAM_T2P_BRAM">   --->   Core 93 'RAM_T2P_BRAM' <Latency = 1> <II = 1> <Delay = 3.25> <Storage> <Opcode : 'load' 'store'> <Ports = 2> <Width = 7> <Depth = 8192> <RAM>
ST_10 : Operation 218 [2/2] (3.25ns)   --->   "%tile_out_load_79 = load i13 %tile_out_addr_79" [cnn_accel.cpp:105]   --->   Operation 218 'load' 'tile_out_load_79' <Predicate = (!icmp_ln94 & and_ln101)> <Delay = 3.25> <CoreInst = "RAM_T2P_BRAM">   --->   Core 93 'RAM_T2P_BRAM' <Latency = 1> <II = 1> <Delay = 3.25> <Storage> <Opcode : 'load' 'store'> <Ports = 2> <Width = 7> <Depth = 8192> <RAM>
ST_10 : Operation 219 [2/2] (3.25ns)   --->   "%tile_out_load_80 = load i13 %tile_out_addr_80" [cnn_accel.cpp:105]   --->   Operation 219 'load' 'tile_out_load_80' <Predicate = (!icmp_ln94 & and_ln101)> <Delay = 3.25> <CoreInst = "RAM_T2P_BRAM">   --->   Core 93 'RAM_T2P_BRAM' <Latency = 1> <II = 1> <Delay = 3.25> <Storage> <Opcode : 'load' 'store'> <Ports = 2> <Width = 7> <Depth = 8192> <RAM>

State 11 <SV = 10> <Delay = 7.30>
ST_11 : Operation 220 [1/1] (0.00ns)   --->   "%tmp_1210 = bitconcatenate i13 @_ssdm_op_BitConcatenate.i13.i8.i5, i8 %add_ln105_97, i5 18" [cnn_accel.cpp:105]   --->   Operation 220 'bitconcatenate' 'tmp_1210' <Predicate = (!icmp_ln94)> <Delay = 0.00>
ST_11 : Operation 221 [1/1] (0.00ns)   --->   "%zext_ln105_148 = zext i13 %tmp_1210" [cnn_accel.cpp:105]   --->   Operation 221 'zext' 'zext_ln105_148' <Predicate = (!icmp_ln94)> <Delay = 0.00>
ST_11 : Operation 222 [1/1] (0.00ns)   --->   "%tile_out_addr_81 = getelementptr i7 %tile_out, i64 0, i64 %zext_ln105_148" [cnn_accel.cpp:105]   --->   Operation 222 'getelementptr' 'tile_out_addr_81' <Predicate = (!icmp_ln94)> <Delay = 0.00>
ST_11 : Operation 223 [1/1] (0.00ns)   --->   "%tmp_1211 = bitconcatenate i13 @_ssdm_op_BitConcatenate.i13.i8.i5, i8 %add_ln105_97, i5 19" [cnn_accel.cpp:105]   --->   Operation 223 'bitconcatenate' 'tmp_1211' <Predicate = (!icmp_ln94)> <Delay = 0.00>
ST_11 : Operation 224 [1/1] (0.00ns)   --->   "%zext_ln105_149 = zext i13 %tmp_1211" [cnn_accel.cpp:105]   --->   Operation 224 'zext' 'zext_ln105_149' <Predicate = (!icmp_ln94)> <Delay = 0.00>
ST_11 : Operation 225 [1/1] (0.00ns)   --->   "%tile_out_addr_82 = getelementptr i7 %tile_out, i64 0, i64 %zext_ln105_149" [cnn_accel.cpp:105]   --->   Operation 225 'getelementptr' 'tile_out_addr_82' <Predicate = (!icmp_ln94)> <Delay = 0.00>
ST_11 : Operation 226 [2/5] (7.30ns)   --->   "%gmem_addr_463_resp = writeresp i1 @_ssdm_op_WriteResp.m_axi.i8P1A, i8 %gmem_addr" [cnn_accel.cpp:105]   --->   Operation 226 'writeresp' 'gmem_addr_463_resp' <Predicate = (!icmp_ln94 & and_ln101)> <Delay = 7.30> <CoreInst = "m_axi">   --->   Core 111 'm_axi' <Latency = 3> <II = 1> <Delay = 1.00> <Adapter> <Opcode : 'read' 'write' 'readreq' 'writereq' 'writeresp'>
ST_11 : Operation 227 [3/5] (7.30ns)   --->   "%gmem_addr_464_resp = writeresp i1 @_ssdm_op_WriteResp.m_axi.i8P1A, i8 %gmem_addr_272" [cnn_accel.cpp:105]   --->   Operation 227 'writeresp' 'gmem_addr_464_resp' <Predicate = (!icmp_ln94 & and_ln101)> <Delay = 7.30> <CoreInst = "m_axi">   --->   Core 111 'm_axi' <Latency = 3> <II = 1> <Delay = 1.00> <Adapter> <Opcode : 'read' 'write' 'readreq' 'writereq' 'writeresp'>
ST_11 : Operation 228 [4/5] (7.30ns)   --->   "%gmem_addr_465_resp = writeresp i1 @_ssdm_op_WriteResp.m_axi.i8P1A, i8 %gmem_addr_273" [cnn_accel.cpp:105]   --->   Operation 228 'writeresp' 'gmem_addr_465_resp' <Predicate = (!icmp_ln94 & and_ln101)> <Delay = 7.30> <CoreInst = "m_axi">   --->   Core 111 'm_axi' <Latency = 3> <II = 1> <Delay = 1.00> <Adapter> <Opcode : 'read' 'write' 'readreq' 'writereq' 'writeresp'>
ST_11 : Operation 229 [5/5] (7.30ns)   --->   "%gmem_addr_466_resp = writeresp i1 @_ssdm_op_WriteResp.m_axi.i8P1A, i8 %gmem_addr_274" [cnn_accel.cpp:105]   --->   Operation 229 'writeresp' 'gmem_addr_466_resp' <Predicate = (!icmp_ln94 & and_ln101)> <Delay = 7.30> <CoreInst = "m_axi">   --->   Core 111 'm_axi' <Latency = 3> <II = 1> <Delay = 1.00> <Adapter> <Opcode : 'read' 'write' 'readreq' 'writereq' 'writeresp'>
ST_11 : Operation 230 [1/1] (0.00ns)   --->   "%zext_ln105_67 = zext i7 %tile_out_load_67" [cnn_accel.cpp:105]   --->   Operation 230 'zext' 'zext_ln105_67' <Predicate = (!icmp_ln94 & and_ln101)> <Delay = 0.00>
ST_11 : Operation 231 [1/1] (7.30ns)   --->   "%write_ln105 = write void @_ssdm_op_Write.m_axi.volatile.i8P1A, i8 %gmem_addr_275, i8 %zext_ln105_67, i1 1" [cnn_accel.cpp:105]   --->   Operation 231 'write' 'write_ln105' <Predicate = (!icmp_ln94 & and_ln101)> <Delay = 7.30> <CoreInst = "m_axi">   --->   Core 111 'm_axi' <Latency = 5> <II = 1> <Delay = 1.00> <Adapter> <Opcode : 'read' 'write' 'readreq' 'writereq' 'writeresp'>
ST_11 : Operation 232 [1/1] (7.30ns)   --->   "%gmem_addr_468_req = writereq i1 @_ssdm_op_WriteReq.m_axi.i8P1A, i8 %gmem_addr_276, i64 1" [cnn_accel.cpp:105]   --->   Operation 232 'writereq' 'gmem_addr_468_req' <Predicate = (!icmp_ln94 & and_ln101)> <Delay = 7.30> <CoreInst = "m_axi">   --->   Core 111 'm_axi' <Latency = 9> <II = 1> <Delay = 1.00> <Adapter> <Opcode : 'read' 'write' 'readreq' 'writereq' 'writeresp'>
ST_11 : Operation 233 [1/1] (0.00ns)   --->   "%or_ln105_65 = bitconcatenate i64 @_ssdm_op_BitConcatenate.i64.i59.i5, i59 %add_ln102, i5 6" [cnn_accel.cpp:105]   --->   Operation 233 'bitconcatenate' 'or_ln105_65' <Predicate = (!icmp_ln94 & and_ln101)> <Delay = 0.00>
ST_11 : Operation 234 [1/1] (3.56ns)   --->   "%add_ln105_69 = add i64 %or_ln105_65, i64 %input_read" [cnn_accel.cpp:105]   --->   Operation 234 'add' 'add_ln105_69' <Predicate = (!icmp_ln94 & and_ln101)> <Delay = 3.56> <CoreInst = "Adder">   --->   Core 1 'Adder' <Latency = 0> <II = 1> <Delay = 3.56> <FuncUnit> <Opcode : 'add' 'sub'> <InPorts = 2> <OutPorts = 1>
ST_11 : Operation 235 [1/1] (0.00ns)   --->   "%gmem_addr_277 = getelementptr i8 %gmem, i64 %add_ln105_69" [cnn_accel.cpp:105]   --->   Operation 235 'getelementptr' 'gmem_addr_277' <Predicate = (!icmp_ln94 & and_ln101)> <Delay = 0.00>
ST_11 : Operation 236 [1/2] ( I:3.25ns O:3.25ns )   --->   "%tile_out_load_79 = load i13 %tile_out_addr_79" [cnn_accel.cpp:105]   --->   Operation 236 'load' 'tile_out_load_79' <Predicate = (!icmp_ln94 & and_ln101)> <Delay = 3.25> <CoreInst = "RAM_T2P_BRAM">   --->   Core 93 'RAM_T2P_BRAM' <Latency = 1> <II = 1> <Delay = 3.25> <Storage> <Opcode : 'load' 'store'> <Ports = 2> <Width = 7> <Depth = 8192> <RAM>
ST_11 : Operation 237 [1/2] ( I:3.25ns O:3.25ns )   --->   "%tile_out_load_80 = load i13 %tile_out_addr_80" [cnn_accel.cpp:105]   --->   Operation 237 'load' 'tile_out_load_80' <Predicate = (!icmp_ln94 & and_ln101)> <Delay = 3.25> <CoreInst = "RAM_T2P_BRAM">   --->   Core 93 'RAM_T2P_BRAM' <Latency = 1> <II = 1> <Delay = 3.25> <Storage> <Opcode : 'load' 'store'> <Ports = 2> <Width = 7> <Depth = 8192> <RAM>
ST_11 : Operation 238 [2/2] (3.25ns)   --->   "%tile_out_load_81 = load i13 %tile_out_addr_81" [cnn_accel.cpp:105]   --->   Operation 238 'load' 'tile_out_load_81' <Predicate = (!icmp_ln94 & and_ln101)> <Delay = 3.25> <CoreInst = "RAM_T2P_BRAM">   --->   Core 93 'RAM_T2P_BRAM' <Latency = 1> <II = 1> <Delay = 3.25> <Storage> <Opcode : 'load' 'store'> <Ports = 2> <Width = 7> <Depth = 8192> <RAM>
ST_11 : Operation 239 [2/2] (3.25ns)   --->   "%tile_out_load_82 = load i13 %tile_out_addr_82" [cnn_accel.cpp:105]   --->   Operation 239 'load' 'tile_out_load_82' <Predicate = (!icmp_ln94 & and_ln101)> <Delay = 3.25> <CoreInst = "RAM_T2P_BRAM">   --->   Core 93 'RAM_T2P_BRAM' <Latency = 1> <II = 1> <Delay = 3.25> <Storage> <Opcode : 'load' 'store'> <Ports = 2> <Width = 7> <Depth = 8192> <RAM>
ST_11 : Operation 611 [1/1] (1.61ns)   --->   "%ret_ln0 = ret"   --->   Operation 611 'ret' 'ret_ln0' <Predicate = (icmp_ln94)> <Delay = 1.61>

State 12 <SV = 11> <Delay = 7.30>
ST_12 : Operation 240 [1/1] (0.00ns)   --->   "%tmp_1212 = bitconcatenate i13 @_ssdm_op_BitConcatenate.i13.i8.i5, i8 %add_ln105_97, i5 20" [cnn_accel.cpp:105]   --->   Operation 240 'bitconcatenate' 'tmp_1212' <Predicate = (!icmp_ln94)> <Delay = 0.00>
ST_12 : Operation 241 [1/1] (0.00ns)   --->   "%zext_ln105_150 = zext i13 %tmp_1212" [cnn_accel.cpp:105]   --->   Operation 241 'zext' 'zext_ln105_150' <Predicate = (!icmp_ln94)> <Delay = 0.00>
ST_12 : Operation 242 [1/1] (0.00ns)   --->   "%tile_out_addr_83 = getelementptr i7 %tile_out, i64 0, i64 %zext_ln105_150" [cnn_accel.cpp:105]   --->   Operation 242 'getelementptr' 'tile_out_addr_83' <Predicate = (!icmp_ln94)> <Delay = 0.00>
ST_12 : Operation 243 [1/1] (0.00ns)   --->   "%tmp_1213 = bitconcatenate i13 @_ssdm_op_BitConcatenate.i13.i8.i5, i8 %add_ln105_97, i5 21" [cnn_accel.cpp:105]   --->   Operation 243 'bitconcatenate' 'tmp_1213' <Predicate = (!icmp_ln94)> <Delay = 0.00>
ST_12 : Operation 244 [1/1] (0.00ns)   --->   "%zext_ln105_151 = zext i13 %tmp_1213" [cnn_accel.cpp:105]   --->   Operation 244 'zext' 'zext_ln105_151' <Predicate = (!icmp_ln94)> <Delay = 0.00>
ST_12 : Operation 245 [1/1] (0.00ns)   --->   "%tile_out_addr_84 = getelementptr i7 %tile_out, i64 0, i64 %zext_ln105_151" [cnn_accel.cpp:105]   --->   Operation 245 'getelementptr' 'tile_out_addr_84' <Predicate = (!icmp_ln94)> <Delay = 0.00>
ST_12 : Operation 246 [1/5] (7.30ns)   --->   "%gmem_addr_463_resp = writeresp i1 @_ssdm_op_WriteResp.m_axi.i8P1A, i8 %gmem_addr" [cnn_accel.cpp:105]   --->   Operation 246 'writeresp' 'gmem_addr_463_resp' <Predicate = (!icmp_ln94 & and_ln101)> <Delay = 7.30> <CoreInst = "m_axi">   --->   Core 111 'm_axi' <Latency = 3> <II = 1> <Delay = 1.00> <Adapter> <Opcode : 'read' 'write' 'readreq' 'writereq' 'writeresp'>
ST_12 : Operation 247 [2/5] (7.30ns)   --->   "%gmem_addr_464_resp = writeresp i1 @_ssdm_op_WriteResp.m_axi.i8P1A, i8 %gmem_addr_272" [cnn_accel.cpp:105]   --->   Operation 247 'writeresp' 'gmem_addr_464_resp' <Predicate = (!icmp_ln94 & and_ln101)> <Delay = 7.30> <CoreInst = "m_axi">   --->   Core 111 'm_axi' <Latency = 3> <II = 1> <Delay = 1.00> <Adapter> <Opcode : 'read' 'write' 'readreq' 'writereq' 'writeresp'>
ST_12 : Operation 248 [3/5] (7.30ns)   --->   "%gmem_addr_465_resp = writeresp i1 @_ssdm_op_WriteResp.m_axi.i8P1A, i8 %gmem_addr_273" [cnn_accel.cpp:105]   --->   Operation 248 'writeresp' 'gmem_addr_465_resp' <Predicate = (!icmp_ln94 & and_ln101)> <Delay = 7.30> <CoreInst = "m_axi">   --->   Core 111 'm_axi' <Latency = 3> <II = 1> <Delay = 1.00> <Adapter> <Opcode : 'read' 'write' 'readreq' 'writereq' 'writeresp'>
ST_12 : Operation 249 [4/5] (7.30ns)   --->   "%gmem_addr_466_resp = writeresp i1 @_ssdm_op_WriteResp.m_axi.i8P1A, i8 %gmem_addr_274" [cnn_accel.cpp:105]   --->   Operation 249 'writeresp' 'gmem_addr_466_resp' <Predicate = (!icmp_ln94 & and_ln101)> <Delay = 7.30> <CoreInst = "m_axi">   --->   Core 111 'm_axi' <Latency = 3> <II = 1> <Delay = 1.00> <Adapter> <Opcode : 'read' 'write' 'readreq' 'writereq' 'writeresp'>
ST_12 : Operation 250 [5/5] (7.30ns)   --->   "%gmem_addr_467_resp = writeresp i1 @_ssdm_op_WriteResp.m_axi.i8P1A, i8 %gmem_addr_275" [cnn_accel.cpp:105]   --->   Operation 250 'writeresp' 'gmem_addr_467_resp' <Predicate = (!icmp_ln94 & and_ln101)> <Delay = 7.30> <CoreInst = "m_axi">   --->   Core 111 'm_axi' <Latency = 3> <II = 1> <Delay = 1.00> <Adapter> <Opcode : 'read' 'write' 'readreq' 'writereq' 'writeresp'>
ST_12 : Operation 251 [1/1] (0.00ns)   --->   "%zext_ln105_68 = zext i7 %tile_out_load_68" [cnn_accel.cpp:105]   --->   Operation 251 'zext' 'zext_ln105_68' <Predicate = (!icmp_ln94 & and_ln101)> <Delay = 0.00>
ST_12 : Operation 252 [1/1] (7.30ns)   --->   "%write_ln105 = write void @_ssdm_op_Write.m_axi.volatile.i8P1A, i8 %gmem_addr_276, i8 %zext_ln105_68, i1 1" [cnn_accel.cpp:105]   --->   Operation 252 'write' 'write_ln105' <Predicate = (!icmp_ln94 & and_ln101)> <Delay = 7.30> <CoreInst = "m_axi">   --->   Core 111 'm_axi' <Latency = 5> <II = 1> <Delay = 1.00> <Adapter> <Opcode : 'read' 'write' 'readreq' 'writereq' 'writeresp'>
ST_12 : Operation 253 [1/1] (7.30ns)   --->   "%gmem_addr_469_req = writereq i1 @_ssdm_op_WriteReq.m_axi.i8P1A, i8 %gmem_addr_277, i64 1" [cnn_accel.cpp:105]   --->   Operation 253 'writereq' 'gmem_addr_469_req' <Predicate = (!icmp_ln94 & and_ln101)> <Delay = 7.30> <CoreInst = "m_axi">   --->   Core 111 'm_axi' <Latency = 9> <II = 1> <Delay = 1.00> <Adapter> <Opcode : 'read' 'write' 'readreq' 'writereq' 'writeresp'>
ST_12 : Operation 254 [1/1] (0.00ns)   --->   "%or_ln105_66 = bitconcatenate i64 @_ssdm_op_BitConcatenate.i64.i59.i5, i59 %add_ln102, i5 7" [cnn_accel.cpp:105]   --->   Operation 254 'bitconcatenate' 'or_ln105_66' <Predicate = (!icmp_ln94 & and_ln101)> <Delay = 0.00>
ST_12 : Operation 255 [1/1] (3.56ns)   --->   "%add_ln105_70 = add i64 %or_ln105_66, i64 %input_read" [cnn_accel.cpp:105]   --->   Operation 255 'add' 'add_ln105_70' <Predicate = (!icmp_ln94 & and_ln101)> <Delay = 3.56> <CoreInst = "Adder">   --->   Core 1 'Adder' <Latency = 0> <II = 1> <Delay = 3.56> <FuncUnit> <Opcode : 'add' 'sub'> <InPorts = 2> <OutPorts = 1>
ST_12 : Operation 256 [1/1] (0.00ns)   --->   "%gmem_addr_278 = getelementptr i8 %gmem, i64 %add_ln105_70" [cnn_accel.cpp:105]   --->   Operation 256 'getelementptr' 'gmem_addr_278' <Predicate = (!icmp_ln94 & and_ln101)> <Delay = 0.00>
ST_12 : Operation 257 [1/2] ( I:3.25ns O:3.25ns )   --->   "%tile_out_load_81 = load i13 %tile_out_addr_81" [cnn_accel.cpp:105]   --->   Operation 257 'load' 'tile_out_load_81' <Predicate = (!icmp_ln94 & and_ln101)> <Delay = 3.25> <CoreInst = "RAM_T2P_BRAM">   --->   Core 93 'RAM_T2P_BRAM' <Latency = 1> <II = 1> <Delay = 3.25> <Storage> <Opcode : 'load' 'store'> <Ports = 2> <Width = 7> <Depth = 8192> <RAM>
ST_12 : Operation 258 [1/2] ( I:3.25ns O:3.25ns )   --->   "%tile_out_load_82 = load i13 %tile_out_addr_82" [cnn_accel.cpp:105]   --->   Operation 258 'load' 'tile_out_load_82' <Predicate = (!icmp_ln94 & and_ln101)> <Delay = 3.25> <CoreInst = "RAM_T2P_BRAM">   --->   Core 93 'RAM_T2P_BRAM' <Latency = 1> <II = 1> <Delay = 3.25> <Storage> <Opcode : 'load' 'store'> <Ports = 2> <Width = 7> <Depth = 8192> <RAM>
ST_12 : Operation 259 [2/2] (3.25ns)   --->   "%tile_out_load_83 = load i13 %tile_out_addr_83" [cnn_accel.cpp:105]   --->   Operation 259 'load' 'tile_out_load_83' <Predicate = (!icmp_ln94 & and_ln101)> <Delay = 3.25> <CoreInst = "RAM_T2P_BRAM">   --->   Core 93 'RAM_T2P_BRAM' <Latency = 1> <II = 1> <Delay = 3.25> <Storage> <Opcode : 'load' 'store'> <Ports = 2> <Width = 7> <Depth = 8192> <RAM>
ST_12 : Operation 260 [2/2] (3.25ns)   --->   "%tile_out_load_84 = load i13 %tile_out_addr_84" [cnn_accel.cpp:105]   --->   Operation 260 'load' 'tile_out_load_84' <Predicate = (!icmp_ln94 & and_ln101)> <Delay = 3.25> <CoreInst = "RAM_T2P_BRAM">   --->   Core 93 'RAM_T2P_BRAM' <Latency = 1> <II = 1> <Delay = 3.25> <Storage> <Opcode : 'load' 'store'> <Ports = 2> <Width = 7> <Depth = 8192> <RAM>

State 13 <SV = 12> <Delay = 7.30>
ST_13 : Operation 261 [1/1] (0.00ns)   --->   "%tmp_1214 = bitconcatenate i13 @_ssdm_op_BitConcatenate.i13.i8.i5, i8 %add_ln105_97, i5 22" [cnn_accel.cpp:105]   --->   Operation 261 'bitconcatenate' 'tmp_1214' <Predicate = (!icmp_ln94)> <Delay = 0.00>
ST_13 : Operation 262 [1/1] (0.00ns)   --->   "%zext_ln105_152 = zext i13 %tmp_1214" [cnn_accel.cpp:105]   --->   Operation 262 'zext' 'zext_ln105_152' <Predicate = (!icmp_ln94)> <Delay = 0.00>
ST_13 : Operation 263 [1/1] (0.00ns)   --->   "%tile_out_addr_85 = getelementptr i7 %tile_out, i64 0, i64 %zext_ln105_152" [cnn_accel.cpp:105]   --->   Operation 263 'getelementptr' 'tile_out_addr_85' <Predicate = (!icmp_ln94)> <Delay = 0.00>
ST_13 : Operation 264 [1/1] (0.00ns)   --->   "%tmp_1215 = bitconcatenate i13 @_ssdm_op_BitConcatenate.i13.i8.i5, i8 %add_ln105_97, i5 23" [cnn_accel.cpp:105]   --->   Operation 264 'bitconcatenate' 'tmp_1215' <Predicate = (!icmp_ln94)> <Delay = 0.00>
ST_13 : Operation 265 [1/1] (0.00ns)   --->   "%zext_ln105_153 = zext i13 %tmp_1215" [cnn_accel.cpp:105]   --->   Operation 265 'zext' 'zext_ln105_153' <Predicate = (!icmp_ln94)> <Delay = 0.00>
ST_13 : Operation 266 [1/1] (0.00ns)   --->   "%tile_out_addr_86 = getelementptr i7 %tile_out, i64 0, i64 %zext_ln105_153" [cnn_accel.cpp:105]   --->   Operation 266 'getelementptr' 'tile_out_addr_86' <Predicate = (!icmp_ln94)> <Delay = 0.00>
ST_13 : Operation 267 [1/5] (7.30ns)   --->   "%gmem_addr_464_resp = writeresp i1 @_ssdm_op_WriteResp.m_axi.i8P1A, i8 %gmem_addr_272" [cnn_accel.cpp:105]   --->   Operation 267 'writeresp' 'gmem_addr_464_resp' <Predicate = (!icmp_ln94 & and_ln101)> <Delay = 7.30> <CoreInst = "m_axi">   --->   Core 111 'm_axi' <Latency = 3> <II = 1> <Delay = 1.00> <Adapter> <Opcode : 'read' 'write' 'readreq' 'writereq' 'writeresp'>
ST_13 : Operation 268 [2/5] (7.30ns)   --->   "%gmem_addr_465_resp = writeresp i1 @_ssdm_op_WriteResp.m_axi.i8P1A, i8 %gmem_addr_273" [cnn_accel.cpp:105]   --->   Operation 268 'writeresp' 'gmem_addr_465_resp' <Predicate = (!icmp_ln94 & and_ln101)> <Delay = 7.30> <CoreInst = "m_axi">   --->   Core 111 'm_axi' <Latency = 3> <II = 1> <Delay = 1.00> <Adapter> <Opcode : 'read' 'write' 'readreq' 'writereq' 'writeresp'>
ST_13 : Operation 269 [3/5] (7.30ns)   --->   "%gmem_addr_466_resp = writeresp i1 @_ssdm_op_WriteResp.m_axi.i8P1A, i8 %gmem_addr_274" [cnn_accel.cpp:105]   --->   Operation 269 'writeresp' 'gmem_addr_466_resp' <Predicate = (!icmp_ln94 & and_ln101)> <Delay = 7.30> <CoreInst = "m_axi">   --->   Core 111 'm_axi' <Latency = 3> <II = 1> <Delay = 1.00> <Adapter> <Opcode : 'read' 'write' 'readreq' 'writereq' 'writeresp'>
ST_13 : Operation 270 [4/5] (7.30ns)   --->   "%gmem_addr_467_resp = writeresp i1 @_ssdm_op_WriteResp.m_axi.i8P1A, i8 %gmem_addr_275" [cnn_accel.cpp:105]   --->   Operation 270 'writeresp' 'gmem_addr_467_resp' <Predicate = (!icmp_ln94 & and_ln101)> <Delay = 7.30> <CoreInst = "m_axi">   --->   Core 111 'm_axi' <Latency = 3> <II = 1> <Delay = 1.00> <Adapter> <Opcode : 'read' 'write' 'readreq' 'writereq' 'writeresp'>
ST_13 : Operation 271 [5/5] (7.30ns)   --->   "%gmem_addr_468_resp = writeresp i1 @_ssdm_op_WriteResp.m_axi.i8P1A, i8 %gmem_addr_276" [cnn_accel.cpp:105]   --->   Operation 271 'writeresp' 'gmem_addr_468_resp' <Predicate = (!icmp_ln94 & and_ln101)> <Delay = 7.30> <CoreInst = "m_axi">   --->   Core 111 'm_axi' <Latency = 3> <II = 1> <Delay = 1.00> <Adapter> <Opcode : 'read' 'write' 'readreq' 'writereq' 'writeresp'>
ST_13 : Operation 272 [1/1] (0.00ns)   --->   "%zext_ln105_69 = zext i7 %tile_out_load_69" [cnn_accel.cpp:105]   --->   Operation 272 'zext' 'zext_ln105_69' <Predicate = (!icmp_ln94 & and_ln101)> <Delay = 0.00>
ST_13 : Operation 273 [1/1] (7.30ns)   --->   "%write_ln105 = write void @_ssdm_op_Write.m_axi.volatile.i8P1A, i8 %gmem_addr_277, i8 %zext_ln105_69, i1 1" [cnn_accel.cpp:105]   --->   Operation 273 'write' 'write_ln105' <Predicate = (!icmp_ln94 & and_ln101)> <Delay = 7.30> <CoreInst = "m_axi">   --->   Core 111 'm_axi' <Latency = 5> <II = 1> <Delay = 1.00> <Adapter> <Opcode : 'read' 'write' 'readreq' 'writereq' 'writeresp'>
ST_13 : Operation 274 [1/1] (7.30ns)   --->   "%gmem_addr_470_req = writereq i1 @_ssdm_op_WriteReq.m_axi.i8P1A, i8 %gmem_addr_278, i64 1" [cnn_accel.cpp:105]   --->   Operation 274 'writereq' 'gmem_addr_470_req' <Predicate = (!icmp_ln94 & and_ln101)> <Delay = 7.30> <CoreInst = "m_axi">   --->   Core 111 'm_axi' <Latency = 9> <II = 1> <Delay = 1.00> <Adapter> <Opcode : 'read' 'write' 'readreq' 'writereq' 'writeresp'>
ST_13 : Operation 275 [1/1] (0.00ns)   --->   "%or_ln105_67 = bitconcatenate i64 @_ssdm_op_BitConcatenate.i64.i59.i5, i59 %add_ln102, i5 8" [cnn_accel.cpp:105]   --->   Operation 275 'bitconcatenate' 'or_ln105_67' <Predicate = (!icmp_ln94 & and_ln101)> <Delay = 0.00>
ST_13 : Operation 276 [1/1] (3.56ns)   --->   "%add_ln105_71 = add i64 %or_ln105_67, i64 %input_read" [cnn_accel.cpp:105]   --->   Operation 276 'add' 'add_ln105_71' <Predicate = (!icmp_ln94 & and_ln101)> <Delay = 3.56> <CoreInst = "Adder">   --->   Core 1 'Adder' <Latency = 0> <II = 1> <Delay = 3.56> <FuncUnit> <Opcode : 'add' 'sub'> <InPorts = 2> <OutPorts = 1>
ST_13 : Operation 277 [1/1] (0.00ns)   --->   "%gmem_addr_279 = getelementptr i8 %gmem, i64 %add_ln105_71" [cnn_accel.cpp:105]   --->   Operation 277 'getelementptr' 'gmem_addr_279' <Predicate = (!icmp_ln94 & and_ln101)> <Delay = 0.00>
ST_13 : Operation 278 [1/2] ( I:3.25ns O:3.25ns )   --->   "%tile_out_load_83 = load i13 %tile_out_addr_83" [cnn_accel.cpp:105]   --->   Operation 278 'load' 'tile_out_load_83' <Predicate = (!icmp_ln94 & and_ln101)> <Delay = 3.25> <CoreInst = "RAM_T2P_BRAM">   --->   Core 93 'RAM_T2P_BRAM' <Latency = 1> <II = 1> <Delay = 3.25> <Storage> <Opcode : 'load' 'store'> <Ports = 2> <Width = 7> <Depth = 8192> <RAM>
ST_13 : Operation 279 [1/2] ( I:3.25ns O:3.25ns )   --->   "%tile_out_load_84 = load i13 %tile_out_addr_84" [cnn_accel.cpp:105]   --->   Operation 279 'load' 'tile_out_load_84' <Predicate = (!icmp_ln94 & and_ln101)> <Delay = 3.25> <CoreInst = "RAM_T2P_BRAM">   --->   Core 93 'RAM_T2P_BRAM' <Latency = 1> <II = 1> <Delay = 3.25> <Storage> <Opcode : 'load' 'store'> <Ports = 2> <Width = 7> <Depth = 8192> <RAM>
ST_13 : Operation 280 [2/2] (3.25ns)   --->   "%tile_out_load_85 = load i13 %tile_out_addr_85" [cnn_accel.cpp:105]   --->   Operation 280 'load' 'tile_out_load_85' <Predicate = (!icmp_ln94 & and_ln101)> <Delay = 3.25> <CoreInst = "RAM_T2P_BRAM">   --->   Core 93 'RAM_T2P_BRAM' <Latency = 1> <II = 1> <Delay = 3.25> <Storage> <Opcode : 'load' 'store'> <Ports = 2> <Width = 7> <Depth = 8192> <RAM>
ST_13 : Operation 281 [2/2] (3.25ns)   --->   "%tile_out_load_86 = load i13 %tile_out_addr_86" [cnn_accel.cpp:105]   --->   Operation 281 'load' 'tile_out_load_86' <Predicate = (!icmp_ln94 & and_ln101)> <Delay = 3.25> <CoreInst = "RAM_T2P_BRAM">   --->   Core 93 'RAM_T2P_BRAM' <Latency = 1> <II = 1> <Delay = 3.25> <Storage> <Opcode : 'load' 'store'> <Ports = 2> <Width = 7> <Depth = 8192> <RAM>

State 14 <SV = 13> <Delay = 7.30>
ST_14 : Operation 282 [1/1] (0.00ns)   --->   "%tmp_1216 = bitconcatenate i13 @_ssdm_op_BitConcatenate.i13.i8.i5, i8 %add_ln105_97, i5 24" [cnn_accel.cpp:105]   --->   Operation 282 'bitconcatenate' 'tmp_1216' <Predicate = (!icmp_ln94)> <Delay = 0.00>
ST_14 : Operation 283 [1/1] (0.00ns)   --->   "%zext_ln105_154 = zext i13 %tmp_1216" [cnn_accel.cpp:105]   --->   Operation 283 'zext' 'zext_ln105_154' <Predicate = (!icmp_ln94)> <Delay = 0.00>
ST_14 : Operation 284 [1/1] (0.00ns)   --->   "%tile_out_addr_87 = getelementptr i7 %tile_out, i64 0, i64 %zext_ln105_154" [cnn_accel.cpp:105]   --->   Operation 284 'getelementptr' 'tile_out_addr_87' <Predicate = (!icmp_ln94)> <Delay = 0.00>
ST_14 : Operation 285 [1/1] (0.00ns)   --->   "%tmp_1217 = bitconcatenate i13 @_ssdm_op_BitConcatenate.i13.i8.i5, i8 %add_ln105_97, i5 25" [cnn_accel.cpp:105]   --->   Operation 285 'bitconcatenate' 'tmp_1217' <Predicate = (!icmp_ln94)> <Delay = 0.00>
ST_14 : Operation 286 [1/1] (0.00ns)   --->   "%zext_ln105_155 = zext i13 %tmp_1217" [cnn_accel.cpp:105]   --->   Operation 286 'zext' 'zext_ln105_155' <Predicate = (!icmp_ln94)> <Delay = 0.00>
ST_14 : Operation 287 [1/1] (0.00ns)   --->   "%tile_out_addr_88 = getelementptr i7 %tile_out, i64 0, i64 %zext_ln105_155" [cnn_accel.cpp:105]   --->   Operation 287 'getelementptr' 'tile_out_addr_88' <Predicate = (!icmp_ln94)> <Delay = 0.00>
ST_14 : Operation 288 [1/5] (7.30ns)   --->   "%gmem_addr_465_resp = writeresp i1 @_ssdm_op_WriteResp.m_axi.i8P1A, i8 %gmem_addr_273" [cnn_accel.cpp:105]   --->   Operation 288 'writeresp' 'gmem_addr_465_resp' <Predicate = (!icmp_ln94 & and_ln101)> <Delay = 7.30> <CoreInst = "m_axi">   --->   Core 111 'm_axi' <Latency = 3> <II = 1> <Delay = 1.00> <Adapter> <Opcode : 'read' 'write' 'readreq' 'writereq' 'writeresp'>
ST_14 : Operation 289 [2/5] (7.30ns)   --->   "%gmem_addr_466_resp = writeresp i1 @_ssdm_op_WriteResp.m_axi.i8P1A, i8 %gmem_addr_274" [cnn_accel.cpp:105]   --->   Operation 289 'writeresp' 'gmem_addr_466_resp' <Predicate = (!icmp_ln94 & and_ln101)> <Delay = 7.30> <CoreInst = "m_axi">   --->   Core 111 'm_axi' <Latency = 3> <II = 1> <Delay = 1.00> <Adapter> <Opcode : 'read' 'write' 'readreq' 'writereq' 'writeresp'>
ST_14 : Operation 290 [3/5] (7.30ns)   --->   "%gmem_addr_467_resp = writeresp i1 @_ssdm_op_WriteResp.m_axi.i8P1A, i8 %gmem_addr_275" [cnn_accel.cpp:105]   --->   Operation 290 'writeresp' 'gmem_addr_467_resp' <Predicate = (!icmp_ln94 & and_ln101)> <Delay = 7.30> <CoreInst = "m_axi">   --->   Core 111 'm_axi' <Latency = 3> <II = 1> <Delay = 1.00> <Adapter> <Opcode : 'read' 'write' 'readreq' 'writereq' 'writeresp'>
ST_14 : Operation 291 [4/5] (7.30ns)   --->   "%gmem_addr_468_resp = writeresp i1 @_ssdm_op_WriteResp.m_axi.i8P1A, i8 %gmem_addr_276" [cnn_accel.cpp:105]   --->   Operation 291 'writeresp' 'gmem_addr_468_resp' <Predicate = (!icmp_ln94 & and_ln101)> <Delay = 7.30> <CoreInst = "m_axi">   --->   Core 111 'm_axi' <Latency = 3> <II = 1> <Delay = 1.00> <Adapter> <Opcode : 'read' 'write' 'readreq' 'writereq' 'writeresp'>
ST_14 : Operation 292 [5/5] (7.30ns)   --->   "%gmem_addr_469_resp = writeresp i1 @_ssdm_op_WriteResp.m_axi.i8P1A, i8 %gmem_addr_277" [cnn_accel.cpp:105]   --->   Operation 292 'writeresp' 'gmem_addr_469_resp' <Predicate = (!icmp_ln94 & and_ln101)> <Delay = 7.30> <CoreInst = "m_axi">   --->   Core 111 'm_axi' <Latency = 3> <II = 1> <Delay = 1.00> <Adapter> <Opcode : 'read' 'write' 'readreq' 'writereq' 'writeresp'>
ST_14 : Operation 293 [1/1] (0.00ns)   --->   "%zext_ln105_70 = zext i7 %tile_out_load_70" [cnn_accel.cpp:105]   --->   Operation 293 'zext' 'zext_ln105_70' <Predicate = (!icmp_ln94 & and_ln101)> <Delay = 0.00>
ST_14 : Operation 294 [1/1] (7.30ns)   --->   "%write_ln105 = write void @_ssdm_op_Write.m_axi.volatile.i8P1A, i8 %gmem_addr_278, i8 %zext_ln105_70, i1 1" [cnn_accel.cpp:105]   --->   Operation 294 'write' 'write_ln105' <Predicate = (!icmp_ln94 & and_ln101)> <Delay = 7.30> <CoreInst = "m_axi">   --->   Core 111 'm_axi' <Latency = 5> <II = 1> <Delay = 1.00> <Adapter> <Opcode : 'read' 'write' 'readreq' 'writereq' 'writeresp'>
ST_14 : Operation 295 [1/1] (7.30ns)   --->   "%gmem_addr_471_req = writereq i1 @_ssdm_op_WriteReq.m_axi.i8P1A, i8 %gmem_addr_279, i64 1" [cnn_accel.cpp:105]   --->   Operation 295 'writereq' 'gmem_addr_471_req' <Predicate = (!icmp_ln94 & and_ln101)> <Delay = 7.30> <CoreInst = "m_axi">   --->   Core 111 'm_axi' <Latency = 9> <II = 1> <Delay = 1.00> <Adapter> <Opcode : 'read' 'write' 'readreq' 'writereq' 'writeresp'>
ST_14 : Operation 296 [1/1] (0.00ns)   --->   "%or_ln105_68 = bitconcatenate i64 @_ssdm_op_BitConcatenate.i64.i59.i5, i59 %add_ln102, i5 9" [cnn_accel.cpp:105]   --->   Operation 296 'bitconcatenate' 'or_ln105_68' <Predicate = (!icmp_ln94 & and_ln101)> <Delay = 0.00>
ST_14 : Operation 297 [1/1] (3.56ns)   --->   "%add_ln105_72 = add i64 %or_ln105_68, i64 %input_read" [cnn_accel.cpp:105]   --->   Operation 297 'add' 'add_ln105_72' <Predicate = (!icmp_ln94 & and_ln101)> <Delay = 3.56> <CoreInst = "Adder">   --->   Core 1 'Adder' <Latency = 0> <II = 1> <Delay = 3.56> <FuncUnit> <Opcode : 'add' 'sub'> <InPorts = 2> <OutPorts = 1>
ST_14 : Operation 298 [1/1] (0.00ns)   --->   "%gmem_addr_280 = getelementptr i8 %gmem, i64 %add_ln105_72" [cnn_accel.cpp:105]   --->   Operation 298 'getelementptr' 'gmem_addr_280' <Predicate = (!icmp_ln94 & and_ln101)> <Delay = 0.00>
ST_14 : Operation 299 [1/2] ( I:3.25ns O:3.25ns )   --->   "%tile_out_load_85 = load i13 %tile_out_addr_85" [cnn_accel.cpp:105]   --->   Operation 299 'load' 'tile_out_load_85' <Predicate = (!icmp_ln94 & and_ln101)> <Delay = 3.25> <CoreInst = "RAM_T2P_BRAM">   --->   Core 93 'RAM_T2P_BRAM' <Latency = 1> <II = 1> <Delay = 3.25> <Storage> <Opcode : 'load' 'store'> <Ports = 2> <Width = 7> <Depth = 8192> <RAM>
ST_14 : Operation 300 [1/2] ( I:3.25ns O:3.25ns )   --->   "%tile_out_load_86 = load i13 %tile_out_addr_86" [cnn_accel.cpp:105]   --->   Operation 300 'load' 'tile_out_load_86' <Predicate = (!icmp_ln94 & and_ln101)> <Delay = 3.25> <CoreInst = "RAM_T2P_BRAM">   --->   Core 93 'RAM_T2P_BRAM' <Latency = 1> <II = 1> <Delay = 3.25> <Storage> <Opcode : 'load' 'store'> <Ports = 2> <Width = 7> <Depth = 8192> <RAM>
ST_14 : Operation 301 [2/2] (3.25ns)   --->   "%tile_out_load_87 = load i13 %tile_out_addr_87" [cnn_accel.cpp:105]   --->   Operation 301 'load' 'tile_out_load_87' <Predicate = (!icmp_ln94 & and_ln101)> <Delay = 3.25> <CoreInst = "RAM_T2P_BRAM">   --->   Core 93 'RAM_T2P_BRAM' <Latency = 1> <II = 1> <Delay = 3.25> <Storage> <Opcode : 'load' 'store'> <Ports = 2> <Width = 7> <Depth = 8192> <RAM>
ST_14 : Operation 302 [2/2] (3.25ns)   --->   "%tile_out_load_88 = load i13 %tile_out_addr_88" [cnn_accel.cpp:105]   --->   Operation 302 'load' 'tile_out_load_88' <Predicate = (!icmp_ln94 & and_ln101)> <Delay = 3.25> <CoreInst = "RAM_T2P_BRAM">   --->   Core 93 'RAM_T2P_BRAM' <Latency = 1> <II = 1> <Delay = 3.25> <Storage> <Opcode : 'load' 'store'> <Ports = 2> <Width = 7> <Depth = 8192> <RAM>

State 15 <SV = 14> <Delay = 7.30>
ST_15 : Operation 303 [1/1] (0.00ns)   --->   "%tmp_1218 = bitconcatenate i13 @_ssdm_op_BitConcatenate.i13.i8.i5, i8 %add_ln105_97, i5 26" [cnn_accel.cpp:105]   --->   Operation 303 'bitconcatenate' 'tmp_1218' <Predicate = (!icmp_ln94)> <Delay = 0.00>
ST_15 : Operation 304 [1/1] (0.00ns)   --->   "%zext_ln105_156 = zext i13 %tmp_1218" [cnn_accel.cpp:105]   --->   Operation 304 'zext' 'zext_ln105_156' <Predicate = (!icmp_ln94)> <Delay = 0.00>
ST_15 : Operation 305 [1/1] (0.00ns)   --->   "%tile_out_addr_89 = getelementptr i7 %tile_out, i64 0, i64 %zext_ln105_156" [cnn_accel.cpp:105]   --->   Operation 305 'getelementptr' 'tile_out_addr_89' <Predicate = (!icmp_ln94)> <Delay = 0.00>
ST_15 : Operation 306 [1/1] (0.00ns)   --->   "%tmp_1219 = bitconcatenate i13 @_ssdm_op_BitConcatenate.i13.i8.i5, i8 %add_ln105_97, i5 27" [cnn_accel.cpp:105]   --->   Operation 306 'bitconcatenate' 'tmp_1219' <Predicate = (!icmp_ln94)> <Delay = 0.00>
ST_15 : Operation 307 [1/1] (0.00ns)   --->   "%zext_ln105_157 = zext i13 %tmp_1219" [cnn_accel.cpp:105]   --->   Operation 307 'zext' 'zext_ln105_157' <Predicate = (!icmp_ln94)> <Delay = 0.00>
ST_15 : Operation 308 [1/1] (0.00ns)   --->   "%tile_out_addr_90 = getelementptr i7 %tile_out, i64 0, i64 %zext_ln105_157" [cnn_accel.cpp:105]   --->   Operation 308 'getelementptr' 'tile_out_addr_90' <Predicate = (!icmp_ln94)> <Delay = 0.00>
ST_15 : Operation 309 [1/5] (7.30ns)   --->   "%gmem_addr_466_resp = writeresp i1 @_ssdm_op_WriteResp.m_axi.i8P1A, i8 %gmem_addr_274" [cnn_accel.cpp:105]   --->   Operation 309 'writeresp' 'gmem_addr_466_resp' <Predicate = (!icmp_ln94 & and_ln101)> <Delay = 7.30> <CoreInst = "m_axi">   --->   Core 111 'm_axi' <Latency = 3> <II = 1> <Delay = 1.00> <Adapter> <Opcode : 'read' 'write' 'readreq' 'writereq' 'writeresp'>
ST_15 : Operation 310 [2/5] (7.30ns)   --->   "%gmem_addr_467_resp = writeresp i1 @_ssdm_op_WriteResp.m_axi.i8P1A, i8 %gmem_addr_275" [cnn_accel.cpp:105]   --->   Operation 310 'writeresp' 'gmem_addr_467_resp' <Predicate = (!icmp_ln94 & and_ln101)> <Delay = 7.30> <CoreInst = "m_axi">   --->   Core 111 'm_axi' <Latency = 3> <II = 1> <Delay = 1.00> <Adapter> <Opcode : 'read' 'write' 'readreq' 'writereq' 'writeresp'>
ST_15 : Operation 311 [3/5] (7.30ns)   --->   "%gmem_addr_468_resp = writeresp i1 @_ssdm_op_WriteResp.m_axi.i8P1A, i8 %gmem_addr_276" [cnn_accel.cpp:105]   --->   Operation 311 'writeresp' 'gmem_addr_468_resp' <Predicate = (!icmp_ln94 & and_ln101)> <Delay = 7.30> <CoreInst = "m_axi">   --->   Core 111 'm_axi' <Latency = 3> <II = 1> <Delay = 1.00> <Adapter> <Opcode : 'read' 'write' 'readreq' 'writereq' 'writeresp'>
ST_15 : Operation 312 [4/5] (7.30ns)   --->   "%gmem_addr_469_resp = writeresp i1 @_ssdm_op_WriteResp.m_axi.i8P1A, i8 %gmem_addr_277" [cnn_accel.cpp:105]   --->   Operation 312 'writeresp' 'gmem_addr_469_resp' <Predicate = (!icmp_ln94 & and_ln101)> <Delay = 7.30> <CoreInst = "m_axi">   --->   Core 111 'm_axi' <Latency = 3> <II = 1> <Delay = 1.00> <Adapter> <Opcode : 'read' 'write' 'readreq' 'writereq' 'writeresp'>
ST_15 : Operation 313 [5/5] (7.30ns)   --->   "%gmem_addr_470_resp = writeresp i1 @_ssdm_op_WriteResp.m_axi.i8P1A, i8 %gmem_addr_278" [cnn_accel.cpp:105]   --->   Operation 313 'writeresp' 'gmem_addr_470_resp' <Predicate = (!icmp_ln94 & and_ln101)> <Delay = 7.30> <CoreInst = "m_axi">   --->   Core 111 'm_axi' <Latency = 3> <II = 1> <Delay = 1.00> <Adapter> <Opcode : 'read' 'write' 'readreq' 'writereq' 'writeresp'>
ST_15 : Operation 314 [1/1] (0.00ns)   --->   "%zext_ln105_71 = zext i7 %tile_out_load_71" [cnn_accel.cpp:105]   --->   Operation 314 'zext' 'zext_ln105_71' <Predicate = (!icmp_ln94 & and_ln101)> <Delay = 0.00>
ST_15 : Operation 315 [1/1] (7.30ns)   --->   "%write_ln105 = write void @_ssdm_op_Write.m_axi.volatile.i8P1A, i8 %gmem_addr_279, i8 %zext_ln105_71, i1 1" [cnn_accel.cpp:105]   --->   Operation 315 'write' 'write_ln105' <Predicate = (!icmp_ln94 & and_ln101)> <Delay = 7.30> <CoreInst = "m_axi">   --->   Core 111 'm_axi' <Latency = 5> <II = 1> <Delay = 1.00> <Adapter> <Opcode : 'read' 'write' 'readreq' 'writereq' 'writeresp'>
ST_15 : Operation 316 [1/1] (7.30ns)   --->   "%gmem_addr_472_req = writereq i1 @_ssdm_op_WriteReq.m_axi.i8P1A, i8 %gmem_addr_280, i64 1" [cnn_accel.cpp:105]   --->   Operation 316 'writereq' 'gmem_addr_472_req' <Predicate = (!icmp_ln94 & and_ln101)> <Delay = 7.30> <CoreInst = "m_axi">   --->   Core 111 'm_axi' <Latency = 9> <II = 1> <Delay = 1.00> <Adapter> <Opcode : 'read' 'write' 'readreq' 'writereq' 'writeresp'>
ST_15 : Operation 317 [1/1] (0.00ns)   --->   "%or_ln105_69 = bitconcatenate i64 @_ssdm_op_BitConcatenate.i64.i59.i5, i59 %add_ln102, i5 10" [cnn_accel.cpp:105]   --->   Operation 317 'bitconcatenate' 'or_ln105_69' <Predicate = (!icmp_ln94 & and_ln101)> <Delay = 0.00>
ST_15 : Operation 318 [1/1] (3.56ns)   --->   "%add_ln105_73 = add i64 %or_ln105_69, i64 %input_read" [cnn_accel.cpp:105]   --->   Operation 318 'add' 'add_ln105_73' <Predicate = (!icmp_ln94 & and_ln101)> <Delay = 3.56> <CoreInst = "Adder">   --->   Core 1 'Adder' <Latency = 0> <II = 1> <Delay = 3.56> <FuncUnit> <Opcode : 'add' 'sub'> <InPorts = 2> <OutPorts = 1>
ST_15 : Operation 319 [1/1] (0.00ns)   --->   "%gmem_addr_281 = getelementptr i8 %gmem, i64 %add_ln105_73" [cnn_accel.cpp:105]   --->   Operation 319 'getelementptr' 'gmem_addr_281' <Predicate = (!icmp_ln94 & and_ln101)> <Delay = 0.00>
ST_15 : Operation 320 [1/2] ( I:3.25ns O:3.25ns )   --->   "%tile_out_load_87 = load i13 %tile_out_addr_87" [cnn_accel.cpp:105]   --->   Operation 320 'load' 'tile_out_load_87' <Predicate = (!icmp_ln94 & and_ln101)> <Delay = 3.25> <CoreInst = "RAM_T2P_BRAM">   --->   Core 93 'RAM_T2P_BRAM' <Latency = 1> <II = 1> <Delay = 3.25> <Storage> <Opcode : 'load' 'store'> <Ports = 2> <Width = 7> <Depth = 8192> <RAM>
ST_15 : Operation 321 [1/2] ( I:3.25ns O:3.25ns )   --->   "%tile_out_load_88 = load i13 %tile_out_addr_88" [cnn_accel.cpp:105]   --->   Operation 321 'load' 'tile_out_load_88' <Predicate = (!icmp_ln94 & and_ln101)> <Delay = 3.25> <CoreInst = "RAM_T2P_BRAM">   --->   Core 93 'RAM_T2P_BRAM' <Latency = 1> <II = 1> <Delay = 3.25> <Storage> <Opcode : 'load' 'store'> <Ports = 2> <Width = 7> <Depth = 8192> <RAM>
ST_15 : Operation 322 [2/2] (3.25ns)   --->   "%tile_out_load_89 = load i13 %tile_out_addr_89" [cnn_accel.cpp:105]   --->   Operation 322 'load' 'tile_out_load_89' <Predicate = (!icmp_ln94 & and_ln101)> <Delay = 3.25> <CoreInst = "RAM_T2P_BRAM">   --->   Core 93 'RAM_T2P_BRAM' <Latency = 1> <II = 1> <Delay = 3.25> <Storage> <Opcode : 'load' 'store'> <Ports = 2> <Width = 7> <Depth = 8192> <RAM>
ST_15 : Operation 323 [2/2] (3.25ns)   --->   "%tile_out_load_90 = load i13 %tile_out_addr_90" [cnn_accel.cpp:105]   --->   Operation 323 'load' 'tile_out_load_90' <Predicate = (!icmp_ln94 & and_ln101)> <Delay = 3.25> <CoreInst = "RAM_T2P_BRAM">   --->   Core 93 'RAM_T2P_BRAM' <Latency = 1> <II = 1> <Delay = 3.25> <Storage> <Opcode : 'load' 'store'> <Ports = 2> <Width = 7> <Depth = 8192> <RAM>

State 16 <SV = 15> <Delay = 7.30>
ST_16 : Operation 324 [1/1] (0.00ns)   --->   "%tmp_1220 = bitconcatenate i13 @_ssdm_op_BitConcatenate.i13.i8.i5, i8 %add_ln105_97, i5 28" [cnn_accel.cpp:105]   --->   Operation 324 'bitconcatenate' 'tmp_1220' <Predicate = (!icmp_ln94)> <Delay = 0.00>
ST_16 : Operation 325 [1/1] (0.00ns)   --->   "%zext_ln105_158 = zext i13 %tmp_1220" [cnn_accel.cpp:105]   --->   Operation 325 'zext' 'zext_ln105_158' <Predicate = (!icmp_ln94)> <Delay = 0.00>
ST_16 : Operation 326 [1/1] (0.00ns)   --->   "%tile_out_addr_91 = getelementptr i7 %tile_out, i64 0, i64 %zext_ln105_158" [cnn_accel.cpp:105]   --->   Operation 326 'getelementptr' 'tile_out_addr_91' <Predicate = (!icmp_ln94)> <Delay = 0.00>
ST_16 : Operation 327 [1/1] (0.00ns)   --->   "%tmp_1221 = bitconcatenate i13 @_ssdm_op_BitConcatenate.i13.i8.i5, i8 %add_ln105_97, i5 29" [cnn_accel.cpp:105]   --->   Operation 327 'bitconcatenate' 'tmp_1221' <Predicate = (!icmp_ln94)> <Delay = 0.00>
ST_16 : Operation 328 [1/1] (0.00ns)   --->   "%zext_ln105_159 = zext i13 %tmp_1221" [cnn_accel.cpp:105]   --->   Operation 328 'zext' 'zext_ln105_159' <Predicate = (!icmp_ln94)> <Delay = 0.00>
ST_16 : Operation 329 [1/1] (0.00ns)   --->   "%tile_out_addr_92 = getelementptr i7 %tile_out, i64 0, i64 %zext_ln105_159" [cnn_accel.cpp:105]   --->   Operation 329 'getelementptr' 'tile_out_addr_92' <Predicate = (!icmp_ln94)> <Delay = 0.00>
ST_16 : Operation 330 [1/5] (7.30ns)   --->   "%gmem_addr_467_resp = writeresp i1 @_ssdm_op_WriteResp.m_axi.i8P1A, i8 %gmem_addr_275" [cnn_accel.cpp:105]   --->   Operation 330 'writeresp' 'gmem_addr_467_resp' <Predicate = (!icmp_ln94 & and_ln101)> <Delay = 7.30> <CoreInst = "m_axi">   --->   Core 111 'm_axi' <Latency = 3> <II = 1> <Delay = 1.00> <Adapter> <Opcode : 'read' 'write' 'readreq' 'writereq' 'writeresp'>
ST_16 : Operation 331 [2/5] (7.30ns)   --->   "%gmem_addr_468_resp = writeresp i1 @_ssdm_op_WriteResp.m_axi.i8P1A, i8 %gmem_addr_276" [cnn_accel.cpp:105]   --->   Operation 331 'writeresp' 'gmem_addr_468_resp' <Predicate = (!icmp_ln94 & and_ln101)> <Delay = 7.30> <CoreInst = "m_axi">   --->   Core 111 'm_axi' <Latency = 3> <II = 1> <Delay = 1.00> <Adapter> <Opcode : 'read' 'write' 'readreq' 'writereq' 'writeresp'>
ST_16 : Operation 332 [3/5] (7.30ns)   --->   "%gmem_addr_469_resp = writeresp i1 @_ssdm_op_WriteResp.m_axi.i8P1A, i8 %gmem_addr_277" [cnn_accel.cpp:105]   --->   Operation 332 'writeresp' 'gmem_addr_469_resp' <Predicate = (!icmp_ln94 & and_ln101)> <Delay = 7.30> <CoreInst = "m_axi">   --->   Core 111 'm_axi' <Latency = 3> <II = 1> <Delay = 1.00> <Adapter> <Opcode : 'read' 'write' 'readreq' 'writereq' 'writeresp'>
ST_16 : Operation 333 [4/5] (7.30ns)   --->   "%gmem_addr_470_resp = writeresp i1 @_ssdm_op_WriteResp.m_axi.i8P1A, i8 %gmem_addr_278" [cnn_accel.cpp:105]   --->   Operation 333 'writeresp' 'gmem_addr_470_resp' <Predicate = (!icmp_ln94 & and_ln101)> <Delay = 7.30> <CoreInst = "m_axi">   --->   Core 111 'm_axi' <Latency = 3> <II = 1> <Delay = 1.00> <Adapter> <Opcode : 'read' 'write' 'readreq' 'writereq' 'writeresp'>
ST_16 : Operation 334 [5/5] (7.30ns)   --->   "%gmem_addr_471_resp = writeresp i1 @_ssdm_op_WriteResp.m_axi.i8P1A, i8 %gmem_addr_279" [cnn_accel.cpp:105]   --->   Operation 334 'writeresp' 'gmem_addr_471_resp' <Predicate = (!icmp_ln94 & and_ln101)> <Delay = 7.30> <CoreInst = "m_axi">   --->   Core 111 'm_axi' <Latency = 3> <II = 1> <Delay = 1.00> <Adapter> <Opcode : 'read' 'write' 'readreq' 'writereq' 'writeresp'>
ST_16 : Operation 335 [1/1] (0.00ns)   --->   "%zext_ln105_72 = zext i7 %tile_out_load_72" [cnn_accel.cpp:105]   --->   Operation 335 'zext' 'zext_ln105_72' <Predicate = (!icmp_ln94 & and_ln101)> <Delay = 0.00>
ST_16 : Operation 336 [1/1] (7.30ns)   --->   "%write_ln105 = write void @_ssdm_op_Write.m_axi.volatile.i8P1A, i8 %gmem_addr_280, i8 %zext_ln105_72, i1 1" [cnn_accel.cpp:105]   --->   Operation 336 'write' 'write_ln105' <Predicate = (!icmp_ln94 & and_ln101)> <Delay = 7.30> <CoreInst = "m_axi">   --->   Core 111 'm_axi' <Latency = 5> <II = 1> <Delay = 1.00> <Adapter> <Opcode : 'read' 'write' 'readreq' 'writereq' 'writeresp'>
ST_16 : Operation 337 [1/1] (7.30ns)   --->   "%gmem_addr_473_req = writereq i1 @_ssdm_op_WriteReq.m_axi.i8P1A, i8 %gmem_addr_281, i64 1" [cnn_accel.cpp:105]   --->   Operation 337 'writereq' 'gmem_addr_473_req' <Predicate = (!icmp_ln94 & and_ln101)> <Delay = 7.30> <CoreInst = "m_axi">   --->   Core 111 'm_axi' <Latency = 9> <II = 1> <Delay = 1.00> <Adapter> <Opcode : 'read' 'write' 'readreq' 'writereq' 'writeresp'>
ST_16 : Operation 338 [1/1] (0.00ns)   --->   "%or_ln105_70 = bitconcatenate i64 @_ssdm_op_BitConcatenate.i64.i59.i5, i59 %add_ln102, i5 11" [cnn_accel.cpp:105]   --->   Operation 338 'bitconcatenate' 'or_ln105_70' <Predicate = (!icmp_ln94 & and_ln101)> <Delay = 0.00>
ST_16 : Operation 339 [1/1] (3.56ns)   --->   "%add_ln105_74 = add i64 %or_ln105_70, i64 %input_read" [cnn_accel.cpp:105]   --->   Operation 339 'add' 'add_ln105_74' <Predicate = (!icmp_ln94 & and_ln101)> <Delay = 3.56> <CoreInst = "Adder">   --->   Core 1 'Adder' <Latency = 0> <II = 1> <Delay = 3.56> <FuncUnit> <Opcode : 'add' 'sub'> <InPorts = 2> <OutPorts = 1>
ST_16 : Operation 340 [1/1] (0.00ns)   --->   "%gmem_addr_282 = getelementptr i8 %gmem, i64 %add_ln105_74" [cnn_accel.cpp:105]   --->   Operation 340 'getelementptr' 'gmem_addr_282' <Predicate = (!icmp_ln94 & and_ln101)> <Delay = 0.00>
ST_16 : Operation 341 [1/2] ( I:3.25ns O:3.25ns )   --->   "%tile_out_load_89 = load i13 %tile_out_addr_89" [cnn_accel.cpp:105]   --->   Operation 341 'load' 'tile_out_load_89' <Predicate = (!icmp_ln94 & and_ln101)> <Delay = 3.25> <CoreInst = "RAM_T2P_BRAM">   --->   Core 93 'RAM_T2P_BRAM' <Latency = 1> <II = 1> <Delay = 3.25> <Storage> <Opcode : 'load' 'store'> <Ports = 2> <Width = 7> <Depth = 8192> <RAM>
ST_16 : Operation 342 [1/2] ( I:3.25ns O:3.25ns )   --->   "%tile_out_load_90 = load i13 %tile_out_addr_90" [cnn_accel.cpp:105]   --->   Operation 342 'load' 'tile_out_load_90' <Predicate = (!icmp_ln94 & and_ln101)> <Delay = 3.25> <CoreInst = "RAM_T2P_BRAM">   --->   Core 93 'RAM_T2P_BRAM' <Latency = 1> <II = 1> <Delay = 3.25> <Storage> <Opcode : 'load' 'store'> <Ports = 2> <Width = 7> <Depth = 8192> <RAM>
ST_16 : Operation 343 [2/2] (3.25ns)   --->   "%tile_out_load_91 = load i13 %tile_out_addr_91" [cnn_accel.cpp:105]   --->   Operation 343 'load' 'tile_out_load_91' <Predicate = (!icmp_ln94 & and_ln101)> <Delay = 3.25> <CoreInst = "RAM_T2P_BRAM">   --->   Core 93 'RAM_T2P_BRAM' <Latency = 1> <II = 1> <Delay = 3.25> <Storage> <Opcode : 'load' 'store'> <Ports = 2> <Width = 7> <Depth = 8192> <RAM>
ST_16 : Operation 344 [2/2] (3.25ns)   --->   "%tile_out_load_92 = load i13 %tile_out_addr_92" [cnn_accel.cpp:105]   --->   Operation 344 'load' 'tile_out_load_92' <Predicate = (!icmp_ln94 & and_ln101)> <Delay = 3.25> <CoreInst = "RAM_T2P_BRAM">   --->   Core 93 'RAM_T2P_BRAM' <Latency = 1> <II = 1> <Delay = 3.25> <Storage> <Opcode : 'load' 'store'> <Ports = 2> <Width = 7> <Depth = 8192> <RAM>

State 17 <SV = 16> <Delay = 7.30>
ST_17 : Operation 345 [1/1] (0.00ns)   --->   "%specloopname_ln0 = specloopname void @_ssdm_op_SpecLoopName, void @VITIS_LOOP_94_12_VITIS_LOOP_95_13_str"   --->   Operation 345 'specloopname' 'specloopname_ln0' <Predicate = (!icmp_ln94)> <Delay = 0.00>
ST_17 : Operation 346 [1/1] (0.00ns)   --->   "%speclooptripcount_ln0 = speclooptripcount void @_ssdm_op_SpecLoopTripCount, i64 256, i64 256, i64 256"   --->   Operation 346 'speclooptripcount' 'speclooptripcount_ln0' <Predicate = (!icmp_ln94)> <Delay = 0.00>
ST_17 : Operation 347 [1/1] (0.00ns)   --->   "%tmp_1222 = bitconcatenate i13 @_ssdm_op_BitConcatenate.i13.i8.i5, i8 %add_ln105_97, i5 30" [cnn_accel.cpp:105]   --->   Operation 347 'bitconcatenate' 'tmp_1222' <Predicate = (!icmp_ln94)> <Delay = 0.00>
ST_17 : Operation 348 [1/1] (0.00ns)   --->   "%zext_ln105_160 = zext i13 %tmp_1222" [cnn_accel.cpp:105]   --->   Operation 348 'zext' 'zext_ln105_160' <Predicate = (!icmp_ln94)> <Delay = 0.00>
ST_17 : Operation 349 [1/1] (0.00ns)   --->   "%tile_out_addr_93 = getelementptr i7 %tile_out, i64 0, i64 %zext_ln105_160" [cnn_accel.cpp:105]   --->   Operation 349 'getelementptr' 'tile_out_addr_93' <Predicate = (!icmp_ln94)> <Delay = 0.00>
ST_17 : Operation 350 [1/1] (0.00ns)   --->   "%tmp_1223 = bitconcatenate i13 @_ssdm_op_BitConcatenate.i13.i8.i5, i8 %add_ln105_97, i5 31" [cnn_accel.cpp:105]   --->   Operation 350 'bitconcatenate' 'tmp_1223' <Predicate = (!icmp_ln94)> <Delay = 0.00>
ST_17 : Operation 351 [1/1] (0.00ns)   --->   "%zext_ln105_161 = zext i13 %tmp_1223" [cnn_accel.cpp:105]   --->   Operation 351 'zext' 'zext_ln105_161' <Predicate = (!icmp_ln94)> <Delay = 0.00>
ST_17 : Operation 352 [1/1] (0.00ns)   --->   "%tile_out_addr_94 = getelementptr i7 %tile_out, i64 0, i64 %zext_ln105_161" [cnn_accel.cpp:105]   --->   Operation 352 'getelementptr' 'tile_out_addr_94' <Predicate = (!icmp_ln94)> <Delay = 0.00>
ST_17 : Operation 353 [1/1] (0.00ns)   --->   "%specpipeline_ln96 = specpipeline void @_ssdm_op_SpecPipeline, i32 1, i32 0, i32 0, i32 0, void @empty_5" [cnn_accel.cpp:96]   --->   Operation 353 'specpipeline' 'specpipeline_ln96' <Predicate = (!icmp_ln94)> <Delay = 0.00>
ST_17 : Operation 354 [1/5] (7.30ns)   --->   "%gmem_addr_468_resp = writeresp i1 @_ssdm_op_WriteResp.m_axi.i8P1A, i8 %gmem_addr_276" [cnn_accel.cpp:105]   --->   Operation 354 'writeresp' 'gmem_addr_468_resp' <Predicate = (!icmp_ln94 & and_ln101)> <Delay = 7.30> <CoreInst = "m_axi">   --->   Core 111 'm_axi' <Latency = 3> <II = 1> <Delay = 1.00> <Adapter> <Opcode : 'read' 'write' 'readreq' 'writereq' 'writeresp'>
ST_17 : Operation 355 [2/5] (7.30ns)   --->   "%gmem_addr_469_resp = writeresp i1 @_ssdm_op_WriteResp.m_axi.i8P1A, i8 %gmem_addr_277" [cnn_accel.cpp:105]   --->   Operation 355 'writeresp' 'gmem_addr_469_resp' <Predicate = (!icmp_ln94 & and_ln101)> <Delay = 7.30> <CoreInst = "m_axi">   --->   Core 111 'm_axi' <Latency = 3> <II = 1> <Delay = 1.00> <Adapter> <Opcode : 'read' 'write' 'readreq' 'writereq' 'writeresp'>
ST_17 : Operation 356 [3/5] (7.30ns)   --->   "%gmem_addr_470_resp = writeresp i1 @_ssdm_op_WriteResp.m_axi.i8P1A, i8 %gmem_addr_278" [cnn_accel.cpp:105]   --->   Operation 356 'writeresp' 'gmem_addr_470_resp' <Predicate = (!icmp_ln94 & and_ln101)> <Delay = 7.30> <CoreInst = "m_axi">   --->   Core 111 'm_axi' <Latency = 3> <II = 1> <Delay = 1.00> <Adapter> <Opcode : 'read' 'write' 'readreq' 'writereq' 'writeresp'>
ST_17 : Operation 357 [4/5] (7.30ns)   --->   "%gmem_addr_471_resp = writeresp i1 @_ssdm_op_WriteResp.m_axi.i8P1A, i8 %gmem_addr_279" [cnn_accel.cpp:105]   --->   Operation 357 'writeresp' 'gmem_addr_471_resp' <Predicate = (!icmp_ln94 & and_ln101)> <Delay = 7.30> <CoreInst = "m_axi">   --->   Core 111 'm_axi' <Latency = 3> <II = 1> <Delay = 1.00> <Adapter> <Opcode : 'read' 'write' 'readreq' 'writereq' 'writeresp'>
ST_17 : Operation 358 [5/5] (7.30ns)   --->   "%gmem_addr_472_resp = writeresp i1 @_ssdm_op_WriteResp.m_axi.i8P1A, i8 %gmem_addr_280" [cnn_accel.cpp:105]   --->   Operation 358 'writeresp' 'gmem_addr_472_resp' <Predicate = (!icmp_ln94 & and_ln101)> <Delay = 7.30> <CoreInst = "m_axi">   --->   Core 111 'm_axi' <Latency = 3> <II = 1> <Delay = 1.00> <Adapter> <Opcode : 'read' 'write' 'readreq' 'writereq' 'writeresp'>
ST_17 : Operation 359 [1/1] (0.00ns)   --->   "%zext_ln105_73 = zext i7 %tile_out_load_73" [cnn_accel.cpp:105]   --->   Operation 359 'zext' 'zext_ln105_73' <Predicate = (!icmp_ln94 & and_ln101)> <Delay = 0.00>
ST_17 : Operation 360 [1/1] (7.30ns)   --->   "%write_ln105 = write void @_ssdm_op_Write.m_axi.volatile.i8P1A, i8 %gmem_addr_281, i8 %zext_ln105_73, i1 1" [cnn_accel.cpp:105]   --->   Operation 360 'write' 'write_ln105' <Predicate = (!icmp_ln94 & and_ln101)> <Delay = 7.30> <CoreInst = "m_axi">   --->   Core 111 'm_axi' <Latency = 5> <II = 1> <Delay = 1.00> <Adapter> <Opcode : 'read' 'write' 'readreq' 'writereq' 'writeresp'>
ST_17 : Operation 361 [1/1] (7.30ns)   --->   "%gmem_addr_474_req = writereq i1 @_ssdm_op_WriteReq.m_axi.i8P1A, i8 %gmem_addr_282, i64 1" [cnn_accel.cpp:105]   --->   Operation 361 'writereq' 'gmem_addr_474_req' <Predicate = (!icmp_ln94 & and_ln101)> <Delay = 7.30> <CoreInst = "m_axi">   --->   Core 111 'm_axi' <Latency = 9> <II = 1> <Delay = 1.00> <Adapter> <Opcode : 'read' 'write' 'readreq' 'writereq' 'writeresp'>
ST_17 : Operation 362 [1/1] (0.00ns)   --->   "%or_ln105_71 = bitconcatenate i64 @_ssdm_op_BitConcatenate.i64.i59.i5, i59 %add_ln102, i5 12" [cnn_accel.cpp:105]   --->   Operation 362 'bitconcatenate' 'or_ln105_71' <Predicate = (!icmp_ln94 & and_ln101)> <Delay = 0.00>
ST_17 : Operation 363 [1/1] (3.56ns)   --->   "%add_ln105_75 = add i64 %or_ln105_71, i64 %input_read" [cnn_accel.cpp:105]   --->   Operation 363 'add' 'add_ln105_75' <Predicate = (!icmp_ln94 & and_ln101)> <Delay = 3.56> <CoreInst = "Adder">   --->   Core 1 'Adder' <Latency = 0> <II = 1> <Delay = 3.56> <FuncUnit> <Opcode : 'add' 'sub'> <InPorts = 2> <OutPorts = 1>
ST_17 : Operation 364 [1/1] (0.00ns)   --->   "%gmem_addr_283 = getelementptr i8 %gmem, i64 %add_ln105_75" [cnn_accel.cpp:105]   --->   Operation 364 'getelementptr' 'gmem_addr_283' <Predicate = (!icmp_ln94 & and_ln101)> <Delay = 0.00>
ST_17 : Operation 365 [1/2] ( I:3.25ns O:3.25ns )   --->   "%tile_out_load_91 = load i13 %tile_out_addr_91" [cnn_accel.cpp:105]   --->   Operation 365 'load' 'tile_out_load_91' <Predicate = (!icmp_ln94 & and_ln101)> <Delay = 3.25> <CoreInst = "RAM_T2P_BRAM">   --->   Core 93 'RAM_T2P_BRAM' <Latency = 1> <II = 1> <Delay = 3.25> <Storage> <Opcode : 'load' 'store'> <Ports = 2> <Width = 7> <Depth = 8192> <RAM>
ST_17 : Operation 366 [1/2] ( I:3.25ns O:3.25ns )   --->   "%tile_out_load_92 = load i13 %tile_out_addr_92" [cnn_accel.cpp:105]   --->   Operation 366 'load' 'tile_out_load_92' <Predicate = (!icmp_ln94 & and_ln101)> <Delay = 3.25> <CoreInst = "RAM_T2P_BRAM">   --->   Core 93 'RAM_T2P_BRAM' <Latency = 1> <II = 1> <Delay = 3.25> <Storage> <Opcode : 'load' 'store'> <Ports = 2> <Width = 7> <Depth = 8192> <RAM>
ST_17 : Operation 367 [2/2] (3.25ns)   --->   "%tile_out_load_93 = load i13 %tile_out_addr_93" [cnn_accel.cpp:105]   --->   Operation 367 'load' 'tile_out_load_93' <Predicate = (!icmp_ln94 & and_ln101)> <Delay = 3.25> <CoreInst = "RAM_T2P_BRAM">   --->   Core 93 'RAM_T2P_BRAM' <Latency = 1> <II = 1> <Delay = 3.25> <Storage> <Opcode : 'load' 'store'> <Ports = 2> <Width = 7> <Depth = 8192> <RAM>
ST_17 : Operation 368 [2/2] (3.25ns)   --->   "%tile_out_load_94 = load i13 %tile_out_addr_94" [cnn_accel.cpp:105]   --->   Operation 368 'load' 'tile_out_load_94' <Predicate = (!icmp_ln94 & and_ln101)> <Delay = 3.25> <CoreInst = "RAM_T2P_BRAM">   --->   Core 93 'RAM_T2P_BRAM' <Latency = 1> <II = 1> <Delay = 3.25> <Storage> <Opcode : 'load' 'store'> <Ports = 2> <Width = 7> <Depth = 8192> <RAM>

State 18 <SV = 17> <Delay = 7.30>
ST_18 : Operation 369 [1/5] (7.30ns)   --->   "%gmem_addr_469_resp = writeresp i1 @_ssdm_op_WriteResp.m_axi.i8P1A, i8 %gmem_addr_277" [cnn_accel.cpp:105]   --->   Operation 369 'writeresp' 'gmem_addr_469_resp' <Predicate = (!icmp_ln94 & and_ln101)> <Delay = 7.30> <CoreInst = "m_axi">   --->   Core 111 'm_axi' <Latency = 3> <II = 1> <Delay = 1.00> <Adapter> <Opcode : 'read' 'write' 'readreq' 'writereq' 'writeresp'>
ST_18 : Operation 370 [2/5] (7.30ns)   --->   "%gmem_addr_470_resp = writeresp i1 @_ssdm_op_WriteResp.m_axi.i8P1A, i8 %gmem_addr_278" [cnn_accel.cpp:105]   --->   Operation 370 'writeresp' 'gmem_addr_470_resp' <Predicate = (!icmp_ln94 & and_ln101)> <Delay = 7.30> <CoreInst = "m_axi">   --->   Core 111 'm_axi' <Latency = 3> <II = 1> <Delay = 1.00> <Adapter> <Opcode : 'read' 'write' 'readreq' 'writereq' 'writeresp'>
ST_18 : Operation 371 [3/5] (7.30ns)   --->   "%gmem_addr_471_resp = writeresp i1 @_ssdm_op_WriteResp.m_axi.i8P1A, i8 %gmem_addr_279" [cnn_accel.cpp:105]   --->   Operation 371 'writeresp' 'gmem_addr_471_resp' <Predicate = (!icmp_ln94 & and_ln101)> <Delay = 7.30> <CoreInst = "m_axi">   --->   Core 111 'm_axi' <Latency = 3> <II = 1> <Delay = 1.00> <Adapter> <Opcode : 'read' 'write' 'readreq' 'writereq' 'writeresp'>
ST_18 : Operation 372 [4/5] (7.30ns)   --->   "%gmem_addr_472_resp = writeresp i1 @_ssdm_op_WriteResp.m_axi.i8P1A, i8 %gmem_addr_280" [cnn_accel.cpp:105]   --->   Operation 372 'writeresp' 'gmem_addr_472_resp' <Predicate = (!icmp_ln94 & and_ln101)> <Delay = 7.30> <CoreInst = "m_axi">   --->   Core 111 'm_axi' <Latency = 3> <II = 1> <Delay = 1.00> <Adapter> <Opcode : 'read' 'write' 'readreq' 'writereq' 'writeresp'>
ST_18 : Operation 373 [5/5] (7.30ns)   --->   "%gmem_addr_473_resp = writeresp i1 @_ssdm_op_WriteResp.m_axi.i8P1A, i8 %gmem_addr_281" [cnn_accel.cpp:105]   --->   Operation 373 'writeresp' 'gmem_addr_473_resp' <Predicate = (!icmp_ln94 & and_ln101)> <Delay = 7.30> <CoreInst = "m_axi">   --->   Core 111 'm_axi' <Latency = 3> <II = 1> <Delay = 1.00> <Adapter> <Opcode : 'read' 'write' 'readreq' 'writereq' 'writeresp'>
ST_18 : Operation 374 [1/1] (0.00ns)   --->   "%zext_ln105_74 = zext i7 %tile_out_load_74" [cnn_accel.cpp:105]   --->   Operation 374 'zext' 'zext_ln105_74' <Predicate = (!icmp_ln94 & and_ln101)> <Delay = 0.00>
ST_18 : Operation 375 [1/1] (7.30ns)   --->   "%write_ln105 = write void @_ssdm_op_Write.m_axi.volatile.i8P1A, i8 %gmem_addr_282, i8 %zext_ln105_74, i1 1" [cnn_accel.cpp:105]   --->   Operation 375 'write' 'write_ln105' <Predicate = (!icmp_ln94 & and_ln101)> <Delay = 7.30> <CoreInst = "m_axi">   --->   Core 111 'm_axi' <Latency = 5> <II = 1> <Delay = 1.00> <Adapter> <Opcode : 'read' 'write' 'readreq' 'writereq' 'writeresp'>
ST_18 : Operation 376 [1/1] (7.30ns)   --->   "%gmem_addr_475_req = writereq i1 @_ssdm_op_WriteReq.m_axi.i8P1A, i8 %gmem_addr_283, i64 1" [cnn_accel.cpp:105]   --->   Operation 376 'writereq' 'gmem_addr_475_req' <Predicate = (!icmp_ln94 & and_ln101)> <Delay = 7.30> <CoreInst = "m_axi">   --->   Core 111 'm_axi' <Latency = 9> <II = 1> <Delay = 1.00> <Adapter> <Opcode : 'read' 'write' 'readreq' 'writereq' 'writeresp'>
ST_18 : Operation 377 [1/1] (0.00ns)   --->   "%or_ln105_72 = bitconcatenate i64 @_ssdm_op_BitConcatenate.i64.i59.i5, i59 %add_ln102, i5 13" [cnn_accel.cpp:105]   --->   Operation 377 'bitconcatenate' 'or_ln105_72' <Predicate = (!icmp_ln94 & and_ln101)> <Delay = 0.00>
ST_18 : Operation 378 [1/1] (3.56ns)   --->   "%add_ln105_76 = add i64 %or_ln105_72, i64 %input_read" [cnn_accel.cpp:105]   --->   Operation 378 'add' 'add_ln105_76' <Predicate = (!icmp_ln94 & and_ln101)> <Delay = 3.56> <CoreInst = "Adder">   --->   Core 1 'Adder' <Latency = 0> <II = 1> <Delay = 3.56> <FuncUnit> <Opcode : 'add' 'sub'> <InPorts = 2> <OutPorts = 1>
ST_18 : Operation 379 [1/1] (0.00ns)   --->   "%gmem_addr_284 = getelementptr i8 %gmem, i64 %add_ln105_76" [cnn_accel.cpp:105]   --->   Operation 379 'getelementptr' 'gmem_addr_284' <Predicate = (!icmp_ln94 & and_ln101)> <Delay = 0.00>
ST_18 : Operation 380 [1/2] ( I:3.25ns O:3.25ns )   --->   "%tile_out_load_93 = load i13 %tile_out_addr_93" [cnn_accel.cpp:105]   --->   Operation 380 'load' 'tile_out_load_93' <Predicate = (!icmp_ln94 & and_ln101)> <Delay = 3.25> <CoreInst = "RAM_T2P_BRAM">   --->   Core 93 'RAM_T2P_BRAM' <Latency = 1> <II = 1> <Delay = 3.25> <Storage> <Opcode : 'load' 'store'> <Ports = 2> <Width = 7> <Depth = 8192> <RAM>
ST_18 : Operation 381 [1/2] ( I:3.25ns O:3.25ns )   --->   "%tile_out_load_94 = load i13 %tile_out_addr_94" [cnn_accel.cpp:105]   --->   Operation 381 'load' 'tile_out_load_94' <Predicate = (!icmp_ln94 & and_ln101)> <Delay = 3.25> <CoreInst = "RAM_T2P_BRAM">   --->   Core 93 'RAM_T2P_BRAM' <Latency = 1> <II = 1> <Delay = 3.25> <Storage> <Opcode : 'load' 'store'> <Ports = 2> <Width = 7> <Depth = 8192> <RAM>

State 19 <SV = 18> <Delay = 7.30>
ST_19 : Operation 382 [1/5] (7.30ns)   --->   "%gmem_addr_470_resp = writeresp i1 @_ssdm_op_WriteResp.m_axi.i8P1A, i8 %gmem_addr_278" [cnn_accel.cpp:105]   --->   Operation 382 'writeresp' 'gmem_addr_470_resp' <Predicate = (!icmp_ln94 & and_ln101)> <Delay = 7.30> <CoreInst = "m_axi">   --->   Core 111 'm_axi' <Latency = 3> <II = 1> <Delay = 1.00> <Adapter> <Opcode : 'read' 'write' 'readreq' 'writereq' 'writeresp'>
ST_19 : Operation 383 [2/5] (7.30ns)   --->   "%gmem_addr_471_resp = writeresp i1 @_ssdm_op_WriteResp.m_axi.i8P1A, i8 %gmem_addr_279" [cnn_accel.cpp:105]   --->   Operation 383 'writeresp' 'gmem_addr_471_resp' <Predicate = (!icmp_ln94 & and_ln101)> <Delay = 7.30> <CoreInst = "m_axi">   --->   Core 111 'm_axi' <Latency = 3> <II = 1> <Delay = 1.00> <Adapter> <Opcode : 'read' 'write' 'readreq' 'writereq' 'writeresp'>
ST_19 : Operation 384 [3/5] (7.30ns)   --->   "%gmem_addr_472_resp = writeresp i1 @_ssdm_op_WriteResp.m_axi.i8P1A, i8 %gmem_addr_280" [cnn_accel.cpp:105]   --->   Operation 384 'writeresp' 'gmem_addr_472_resp' <Predicate = (!icmp_ln94 & and_ln101)> <Delay = 7.30> <CoreInst = "m_axi">   --->   Core 111 'm_axi' <Latency = 3> <II = 1> <Delay = 1.00> <Adapter> <Opcode : 'read' 'write' 'readreq' 'writereq' 'writeresp'>
ST_19 : Operation 385 [4/5] (7.30ns)   --->   "%gmem_addr_473_resp = writeresp i1 @_ssdm_op_WriteResp.m_axi.i8P1A, i8 %gmem_addr_281" [cnn_accel.cpp:105]   --->   Operation 385 'writeresp' 'gmem_addr_473_resp' <Predicate = (!icmp_ln94 & and_ln101)> <Delay = 7.30> <CoreInst = "m_axi">   --->   Core 111 'm_axi' <Latency = 3> <II = 1> <Delay = 1.00> <Adapter> <Opcode : 'read' 'write' 'readreq' 'writereq' 'writeresp'>
ST_19 : Operation 386 [5/5] (7.30ns)   --->   "%gmem_addr_474_resp = writeresp i1 @_ssdm_op_WriteResp.m_axi.i8P1A, i8 %gmem_addr_282" [cnn_accel.cpp:105]   --->   Operation 386 'writeresp' 'gmem_addr_474_resp' <Predicate = (!icmp_ln94 & and_ln101)> <Delay = 7.30> <CoreInst = "m_axi">   --->   Core 111 'm_axi' <Latency = 3> <II = 1> <Delay = 1.00> <Adapter> <Opcode : 'read' 'write' 'readreq' 'writereq' 'writeresp'>
ST_19 : Operation 387 [1/1] (0.00ns)   --->   "%zext_ln105_75 = zext i7 %tile_out_load_75" [cnn_accel.cpp:105]   --->   Operation 387 'zext' 'zext_ln105_75' <Predicate = (!icmp_ln94 & and_ln101)> <Delay = 0.00>
ST_19 : Operation 388 [1/1] (7.30ns)   --->   "%write_ln105 = write void @_ssdm_op_Write.m_axi.volatile.i8P1A, i8 %gmem_addr_283, i8 %zext_ln105_75, i1 1" [cnn_accel.cpp:105]   --->   Operation 388 'write' 'write_ln105' <Predicate = (!icmp_ln94 & and_ln101)> <Delay = 7.30> <CoreInst = "m_axi">   --->   Core 111 'm_axi' <Latency = 5> <II = 1> <Delay = 1.00> <Adapter> <Opcode : 'read' 'write' 'readreq' 'writereq' 'writeresp'>
ST_19 : Operation 389 [1/1] (7.30ns)   --->   "%gmem_addr_476_req = writereq i1 @_ssdm_op_WriteReq.m_axi.i8P1A, i8 %gmem_addr_284, i64 1" [cnn_accel.cpp:105]   --->   Operation 389 'writereq' 'gmem_addr_476_req' <Predicate = (!icmp_ln94 & and_ln101)> <Delay = 7.30> <CoreInst = "m_axi">   --->   Core 111 'm_axi' <Latency = 9> <II = 1> <Delay = 1.00> <Adapter> <Opcode : 'read' 'write' 'readreq' 'writereq' 'writeresp'>
ST_19 : Operation 390 [1/1] (0.00ns)   --->   "%or_ln105_73 = bitconcatenate i64 @_ssdm_op_BitConcatenate.i64.i59.i5, i59 %add_ln102, i5 14" [cnn_accel.cpp:105]   --->   Operation 390 'bitconcatenate' 'or_ln105_73' <Predicate = (!icmp_ln94 & and_ln101)> <Delay = 0.00>
ST_19 : Operation 391 [1/1] (3.56ns)   --->   "%add_ln105_77 = add i64 %or_ln105_73, i64 %input_read" [cnn_accel.cpp:105]   --->   Operation 391 'add' 'add_ln105_77' <Predicate = (!icmp_ln94 & and_ln101)> <Delay = 3.56> <CoreInst = "Adder">   --->   Core 1 'Adder' <Latency = 0> <II = 1> <Delay = 3.56> <FuncUnit> <Opcode : 'add' 'sub'> <InPorts = 2> <OutPorts = 1>
ST_19 : Operation 392 [1/1] (0.00ns)   --->   "%gmem_addr_285 = getelementptr i8 %gmem, i64 %add_ln105_77" [cnn_accel.cpp:105]   --->   Operation 392 'getelementptr' 'gmem_addr_285' <Predicate = (!icmp_ln94 & and_ln101)> <Delay = 0.00>

State 20 <SV = 19> <Delay = 7.30>
ST_20 : Operation 393 [1/5] (7.30ns)   --->   "%gmem_addr_471_resp = writeresp i1 @_ssdm_op_WriteResp.m_axi.i8P1A, i8 %gmem_addr_279" [cnn_accel.cpp:105]   --->   Operation 393 'writeresp' 'gmem_addr_471_resp' <Predicate = (!icmp_ln94 & and_ln101)> <Delay = 7.30> <CoreInst = "m_axi">   --->   Core 111 'm_axi' <Latency = 3> <II = 1> <Delay = 1.00> <Adapter> <Opcode : 'read' 'write' 'readreq' 'writereq' 'writeresp'>
ST_20 : Operation 394 [2/5] (7.30ns)   --->   "%gmem_addr_472_resp = writeresp i1 @_ssdm_op_WriteResp.m_axi.i8P1A, i8 %gmem_addr_280" [cnn_accel.cpp:105]   --->   Operation 394 'writeresp' 'gmem_addr_472_resp' <Predicate = (!icmp_ln94 & and_ln101)> <Delay = 7.30> <CoreInst = "m_axi">   --->   Core 111 'm_axi' <Latency = 3> <II = 1> <Delay = 1.00> <Adapter> <Opcode : 'read' 'write' 'readreq' 'writereq' 'writeresp'>
ST_20 : Operation 395 [3/5] (7.30ns)   --->   "%gmem_addr_473_resp = writeresp i1 @_ssdm_op_WriteResp.m_axi.i8P1A, i8 %gmem_addr_281" [cnn_accel.cpp:105]   --->   Operation 395 'writeresp' 'gmem_addr_473_resp' <Predicate = (!icmp_ln94 & and_ln101)> <Delay = 7.30> <CoreInst = "m_axi">   --->   Core 111 'm_axi' <Latency = 3> <II = 1> <Delay = 1.00> <Adapter> <Opcode : 'read' 'write' 'readreq' 'writereq' 'writeresp'>
ST_20 : Operation 396 [4/5] (7.30ns)   --->   "%gmem_addr_474_resp = writeresp i1 @_ssdm_op_WriteResp.m_axi.i8P1A, i8 %gmem_addr_282" [cnn_accel.cpp:105]   --->   Operation 396 'writeresp' 'gmem_addr_474_resp' <Predicate = (!icmp_ln94 & and_ln101)> <Delay = 7.30> <CoreInst = "m_axi">   --->   Core 111 'm_axi' <Latency = 3> <II = 1> <Delay = 1.00> <Adapter> <Opcode : 'read' 'write' 'readreq' 'writereq' 'writeresp'>
ST_20 : Operation 397 [5/5] (7.30ns)   --->   "%gmem_addr_475_resp = writeresp i1 @_ssdm_op_WriteResp.m_axi.i8P1A, i8 %gmem_addr_283" [cnn_accel.cpp:105]   --->   Operation 397 'writeresp' 'gmem_addr_475_resp' <Predicate = (!icmp_ln94 & and_ln101)> <Delay = 7.30> <CoreInst = "m_axi">   --->   Core 111 'm_axi' <Latency = 3> <II = 1> <Delay = 1.00> <Adapter> <Opcode : 'read' 'write' 'readreq' 'writereq' 'writeresp'>
ST_20 : Operation 398 [1/1] (0.00ns)   --->   "%zext_ln105_76 = zext i7 %tile_out_load_76" [cnn_accel.cpp:105]   --->   Operation 398 'zext' 'zext_ln105_76' <Predicate = (!icmp_ln94 & and_ln101)> <Delay = 0.00>
ST_20 : Operation 399 [1/1] (7.30ns)   --->   "%write_ln105 = write void @_ssdm_op_Write.m_axi.volatile.i8P1A, i8 %gmem_addr_284, i8 %zext_ln105_76, i1 1" [cnn_accel.cpp:105]   --->   Operation 399 'write' 'write_ln105' <Predicate = (!icmp_ln94 & and_ln101)> <Delay = 7.30> <CoreInst = "m_axi">   --->   Core 111 'm_axi' <Latency = 5> <II = 1> <Delay = 1.00> <Adapter> <Opcode : 'read' 'write' 'readreq' 'writereq' 'writeresp'>
ST_20 : Operation 400 [1/1] (7.30ns)   --->   "%gmem_addr_477_req = writereq i1 @_ssdm_op_WriteReq.m_axi.i8P1A, i8 %gmem_addr_285, i64 1" [cnn_accel.cpp:105]   --->   Operation 400 'writereq' 'gmem_addr_477_req' <Predicate = (!icmp_ln94 & and_ln101)> <Delay = 7.30> <CoreInst = "m_axi">   --->   Core 111 'm_axi' <Latency = 9> <II = 1> <Delay = 1.00> <Adapter> <Opcode : 'read' 'write' 'readreq' 'writereq' 'writeresp'>
ST_20 : Operation 401 [1/1] (0.00ns)   --->   "%or_ln105_74 = bitconcatenate i64 @_ssdm_op_BitConcatenate.i64.i59.i5, i59 %add_ln102, i5 15" [cnn_accel.cpp:105]   --->   Operation 401 'bitconcatenate' 'or_ln105_74' <Predicate = (!icmp_ln94 & and_ln101)> <Delay = 0.00>
ST_20 : Operation 402 [1/1] (3.56ns)   --->   "%add_ln105_78 = add i64 %or_ln105_74, i64 %input_read" [cnn_accel.cpp:105]   --->   Operation 402 'add' 'add_ln105_78' <Predicate = (!icmp_ln94 & and_ln101)> <Delay = 3.56> <CoreInst = "Adder">   --->   Core 1 'Adder' <Latency = 0> <II = 1> <Delay = 3.56> <FuncUnit> <Opcode : 'add' 'sub'> <InPorts = 2> <OutPorts = 1>
ST_20 : Operation 403 [1/1] (0.00ns)   --->   "%gmem_addr_286 = getelementptr i8 %gmem, i64 %add_ln105_78" [cnn_accel.cpp:105]   --->   Operation 403 'getelementptr' 'gmem_addr_286' <Predicate = (!icmp_ln94 & and_ln101)> <Delay = 0.00>

State 21 <SV = 20> <Delay = 7.30>
ST_21 : Operation 404 [1/5] (7.30ns)   --->   "%gmem_addr_472_resp = writeresp i1 @_ssdm_op_WriteResp.m_axi.i8P1A, i8 %gmem_addr_280" [cnn_accel.cpp:105]   --->   Operation 404 'writeresp' 'gmem_addr_472_resp' <Predicate = (!icmp_ln94 & and_ln101)> <Delay = 7.30> <CoreInst = "m_axi">   --->   Core 111 'm_axi' <Latency = 3> <II = 1> <Delay = 1.00> <Adapter> <Opcode : 'read' 'write' 'readreq' 'writereq' 'writeresp'>
ST_21 : Operation 405 [2/5] (7.30ns)   --->   "%gmem_addr_473_resp = writeresp i1 @_ssdm_op_WriteResp.m_axi.i8P1A, i8 %gmem_addr_281" [cnn_accel.cpp:105]   --->   Operation 405 'writeresp' 'gmem_addr_473_resp' <Predicate = (!icmp_ln94 & and_ln101)> <Delay = 7.30> <CoreInst = "m_axi">   --->   Core 111 'm_axi' <Latency = 3> <II = 1> <Delay = 1.00> <Adapter> <Opcode : 'read' 'write' 'readreq' 'writereq' 'writeresp'>
ST_21 : Operation 406 [3/5] (7.30ns)   --->   "%gmem_addr_474_resp = writeresp i1 @_ssdm_op_WriteResp.m_axi.i8P1A, i8 %gmem_addr_282" [cnn_accel.cpp:105]   --->   Operation 406 'writeresp' 'gmem_addr_474_resp' <Predicate = (!icmp_ln94 & and_ln101)> <Delay = 7.30> <CoreInst = "m_axi">   --->   Core 111 'm_axi' <Latency = 3> <II = 1> <Delay = 1.00> <Adapter> <Opcode : 'read' 'write' 'readreq' 'writereq' 'writeresp'>
ST_21 : Operation 407 [4/5] (7.30ns)   --->   "%gmem_addr_475_resp = writeresp i1 @_ssdm_op_WriteResp.m_axi.i8P1A, i8 %gmem_addr_283" [cnn_accel.cpp:105]   --->   Operation 407 'writeresp' 'gmem_addr_475_resp' <Predicate = (!icmp_ln94 & and_ln101)> <Delay = 7.30> <CoreInst = "m_axi">   --->   Core 111 'm_axi' <Latency = 3> <II = 1> <Delay = 1.00> <Adapter> <Opcode : 'read' 'write' 'readreq' 'writereq' 'writeresp'>
ST_21 : Operation 408 [5/5] (7.30ns)   --->   "%gmem_addr_476_resp = writeresp i1 @_ssdm_op_WriteResp.m_axi.i8P1A, i8 %gmem_addr_284" [cnn_accel.cpp:105]   --->   Operation 408 'writeresp' 'gmem_addr_476_resp' <Predicate = (!icmp_ln94 & and_ln101)> <Delay = 7.30> <CoreInst = "m_axi">   --->   Core 111 'm_axi' <Latency = 3> <II = 1> <Delay = 1.00> <Adapter> <Opcode : 'read' 'write' 'readreq' 'writereq' 'writeresp'>
ST_21 : Operation 409 [1/1] (0.00ns)   --->   "%zext_ln105_77 = zext i7 %tile_out_load_77" [cnn_accel.cpp:105]   --->   Operation 409 'zext' 'zext_ln105_77' <Predicate = (!icmp_ln94 & and_ln101)> <Delay = 0.00>
ST_21 : Operation 410 [1/1] (7.30ns)   --->   "%write_ln105 = write void @_ssdm_op_Write.m_axi.volatile.i8P1A, i8 %gmem_addr_285, i8 %zext_ln105_77, i1 1" [cnn_accel.cpp:105]   --->   Operation 410 'write' 'write_ln105' <Predicate = (!icmp_ln94 & and_ln101)> <Delay = 7.30> <CoreInst = "m_axi">   --->   Core 111 'm_axi' <Latency = 5> <II = 1> <Delay = 1.00> <Adapter> <Opcode : 'read' 'write' 'readreq' 'writereq' 'writeresp'>
ST_21 : Operation 411 [1/1] (7.30ns)   --->   "%gmem_addr_478_req = writereq i1 @_ssdm_op_WriteReq.m_axi.i8P1A, i8 %gmem_addr_286, i64 1" [cnn_accel.cpp:105]   --->   Operation 411 'writereq' 'gmem_addr_478_req' <Predicate = (!icmp_ln94 & and_ln101)> <Delay = 7.30> <CoreInst = "m_axi">   --->   Core 111 'm_axi' <Latency = 9> <II = 1> <Delay = 1.00> <Adapter> <Opcode : 'read' 'write' 'readreq' 'writereq' 'writeresp'>
ST_21 : Operation 412 [1/1] (0.00ns)   --->   "%or_ln105_75 = bitconcatenate i64 @_ssdm_op_BitConcatenate.i64.i59.i5, i59 %add_ln102, i5 16" [cnn_accel.cpp:105]   --->   Operation 412 'bitconcatenate' 'or_ln105_75' <Predicate = (!icmp_ln94 & and_ln101)> <Delay = 0.00>
ST_21 : Operation 413 [1/1] (3.56ns)   --->   "%add_ln105_79 = add i64 %or_ln105_75, i64 %input_read" [cnn_accel.cpp:105]   --->   Operation 413 'add' 'add_ln105_79' <Predicate = (!icmp_ln94 & and_ln101)> <Delay = 3.56> <CoreInst = "Adder">   --->   Core 1 'Adder' <Latency = 0> <II = 1> <Delay = 3.56> <FuncUnit> <Opcode : 'add' 'sub'> <InPorts = 2> <OutPorts = 1>
ST_21 : Operation 414 [1/1] (0.00ns)   --->   "%gmem_addr_287 = getelementptr i8 %gmem, i64 %add_ln105_79" [cnn_accel.cpp:105]   --->   Operation 414 'getelementptr' 'gmem_addr_287' <Predicate = (!icmp_ln94 & and_ln101)> <Delay = 0.00>

State 22 <SV = 21> <Delay = 7.30>
ST_22 : Operation 415 [1/5] (7.30ns)   --->   "%gmem_addr_473_resp = writeresp i1 @_ssdm_op_WriteResp.m_axi.i8P1A, i8 %gmem_addr_281" [cnn_accel.cpp:105]   --->   Operation 415 'writeresp' 'gmem_addr_473_resp' <Predicate = (!icmp_ln94 & and_ln101)> <Delay = 7.30> <CoreInst = "m_axi">   --->   Core 111 'm_axi' <Latency = 3> <II = 1> <Delay = 1.00> <Adapter> <Opcode : 'read' 'write' 'readreq' 'writereq' 'writeresp'>
ST_22 : Operation 416 [2/5] (7.30ns)   --->   "%gmem_addr_474_resp = writeresp i1 @_ssdm_op_WriteResp.m_axi.i8P1A, i8 %gmem_addr_282" [cnn_accel.cpp:105]   --->   Operation 416 'writeresp' 'gmem_addr_474_resp' <Predicate = (!icmp_ln94 & and_ln101)> <Delay = 7.30> <CoreInst = "m_axi">   --->   Core 111 'm_axi' <Latency = 3> <II = 1> <Delay = 1.00> <Adapter> <Opcode : 'read' 'write' 'readreq' 'writereq' 'writeresp'>
ST_22 : Operation 417 [3/5] (7.30ns)   --->   "%gmem_addr_475_resp = writeresp i1 @_ssdm_op_WriteResp.m_axi.i8P1A, i8 %gmem_addr_283" [cnn_accel.cpp:105]   --->   Operation 417 'writeresp' 'gmem_addr_475_resp' <Predicate = (!icmp_ln94 & and_ln101)> <Delay = 7.30> <CoreInst = "m_axi">   --->   Core 111 'm_axi' <Latency = 3> <II = 1> <Delay = 1.00> <Adapter> <Opcode : 'read' 'write' 'readreq' 'writereq' 'writeresp'>
ST_22 : Operation 418 [4/5] (7.30ns)   --->   "%gmem_addr_476_resp = writeresp i1 @_ssdm_op_WriteResp.m_axi.i8P1A, i8 %gmem_addr_284" [cnn_accel.cpp:105]   --->   Operation 418 'writeresp' 'gmem_addr_476_resp' <Predicate = (!icmp_ln94 & and_ln101)> <Delay = 7.30> <CoreInst = "m_axi">   --->   Core 111 'm_axi' <Latency = 3> <II = 1> <Delay = 1.00> <Adapter> <Opcode : 'read' 'write' 'readreq' 'writereq' 'writeresp'>
ST_22 : Operation 419 [5/5] (7.30ns)   --->   "%gmem_addr_477_resp = writeresp i1 @_ssdm_op_WriteResp.m_axi.i8P1A, i8 %gmem_addr_285" [cnn_accel.cpp:105]   --->   Operation 419 'writeresp' 'gmem_addr_477_resp' <Predicate = (!icmp_ln94 & and_ln101)> <Delay = 7.30> <CoreInst = "m_axi">   --->   Core 111 'm_axi' <Latency = 3> <II = 1> <Delay = 1.00> <Adapter> <Opcode : 'read' 'write' 'readreq' 'writereq' 'writeresp'>
ST_22 : Operation 420 [1/1] (0.00ns)   --->   "%zext_ln105_78 = zext i7 %tile_out_load_78" [cnn_accel.cpp:105]   --->   Operation 420 'zext' 'zext_ln105_78' <Predicate = (!icmp_ln94 & and_ln101)> <Delay = 0.00>
ST_22 : Operation 421 [1/1] (7.30ns)   --->   "%write_ln105 = write void @_ssdm_op_Write.m_axi.volatile.i8P1A, i8 %gmem_addr_286, i8 %zext_ln105_78, i1 1" [cnn_accel.cpp:105]   --->   Operation 421 'write' 'write_ln105' <Predicate = (!icmp_ln94 & and_ln101)> <Delay = 7.30> <CoreInst = "m_axi">   --->   Core 111 'm_axi' <Latency = 5> <II = 1> <Delay = 1.00> <Adapter> <Opcode : 'read' 'write' 'readreq' 'writereq' 'writeresp'>
ST_22 : Operation 422 [1/1] (7.30ns)   --->   "%gmem_addr_479_req = writereq i1 @_ssdm_op_WriteReq.m_axi.i8P1A, i8 %gmem_addr_287, i64 1" [cnn_accel.cpp:105]   --->   Operation 422 'writereq' 'gmem_addr_479_req' <Predicate = (!icmp_ln94 & and_ln101)> <Delay = 7.30> <CoreInst = "m_axi">   --->   Core 111 'm_axi' <Latency = 9> <II = 1> <Delay = 1.00> <Adapter> <Opcode : 'read' 'write' 'readreq' 'writereq' 'writeresp'>
ST_22 : Operation 423 [1/1] (0.00ns)   --->   "%or_ln105_76 = bitconcatenate i64 @_ssdm_op_BitConcatenate.i64.i59.i5, i59 %add_ln102, i5 17" [cnn_accel.cpp:105]   --->   Operation 423 'bitconcatenate' 'or_ln105_76' <Predicate = (!icmp_ln94 & and_ln101)> <Delay = 0.00>
ST_22 : Operation 424 [1/1] (3.56ns)   --->   "%add_ln105_80 = add i64 %or_ln105_76, i64 %input_read" [cnn_accel.cpp:105]   --->   Operation 424 'add' 'add_ln105_80' <Predicate = (!icmp_ln94 & and_ln101)> <Delay = 3.56> <CoreInst = "Adder">   --->   Core 1 'Adder' <Latency = 0> <II = 1> <Delay = 3.56> <FuncUnit> <Opcode : 'add' 'sub'> <InPorts = 2> <OutPorts = 1>
ST_22 : Operation 425 [1/1] (0.00ns)   --->   "%gmem_addr_288 = getelementptr i8 %gmem, i64 %add_ln105_80" [cnn_accel.cpp:105]   --->   Operation 425 'getelementptr' 'gmem_addr_288' <Predicate = (!icmp_ln94 & and_ln101)> <Delay = 0.00>

State 23 <SV = 22> <Delay = 7.30>
ST_23 : Operation 426 [1/5] (7.30ns)   --->   "%gmem_addr_474_resp = writeresp i1 @_ssdm_op_WriteResp.m_axi.i8P1A, i8 %gmem_addr_282" [cnn_accel.cpp:105]   --->   Operation 426 'writeresp' 'gmem_addr_474_resp' <Predicate = (!icmp_ln94 & and_ln101)> <Delay = 7.30> <CoreInst = "m_axi">   --->   Core 111 'm_axi' <Latency = 3> <II = 1> <Delay = 1.00> <Adapter> <Opcode : 'read' 'write' 'readreq' 'writereq' 'writeresp'>
ST_23 : Operation 427 [2/5] (7.30ns)   --->   "%gmem_addr_475_resp = writeresp i1 @_ssdm_op_WriteResp.m_axi.i8P1A, i8 %gmem_addr_283" [cnn_accel.cpp:105]   --->   Operation 427 'writeresp' 'gmem_addr_475_resp' <Predicate = (!icmp_ln94 & and_ln101)> <Delay = 7.30> <CoreInst = "m_axi">   --->   Core 111 'm_axi' <Latency = 3> <II = 1> <Delay = 1.00> <Adapter> <Opcode : 'read' 'write' 'readreq' 'writereq' 'writeresp'>
ST_23 : Operation 428 [3/5] (7.30ns)   --->   "%gmem_addr_476_resp = writeresp i1 @_ssdm_op_WriteResp.m_axi.i8P1A, i8 %gmem_addr_284" [cnn_accel.cpp:105]   --->   Operation 428 'writeresp' 'gmem_addr_476_resp' <Predicate = (!icmp_ln94 & and_ln101)> <Delay = 7.30> <CoreInst = "m_axi">   --->   Core 111 'm_axi' <Latency = 3> <II = 1> <Delay = 1.00> <Adapter> <Opcode : 'read' 'write' 'readreq' 'writereq' 'writeresp'>
ST_23 : Operation 429 [4/5] (7.30ns)   --->   "%gmem_addr_477_resp = writeresp i1 @_ssdm_op_WriteResp.m_axi.i8P1A, i8 %gmem_addr_285" [cnn_accel.cpp:105]   --->   Operation 429 'writeresp' 'gmem_addr_477_resp' <Predicate = (!icmp_ln94 & and_ln101)> <Delay = 7.30> <CoreInst = "m_axi">   --->   Core 111 'm_axi' <Latency = 3> <II = 1> <Delay = 1.00> <Adapter> <Opcode : 'read' 'write' 'readreq' 'writereq' 'writeresp'>
ST_23 : Operation 430 [5/5] (7.30ns)   --->   "%gmem_addr_478_resp = writeresp i1 @_ssdm_op_WriteResp.m_axi.i8P1A, i8 %gmem_addr_286" [cnn_accel.cpp:105]   --->   Operation 430 'writeresp' 'gmem_addr_478_resp' <Predicate = (!icmp_ln94 & and_ln101)> <Delay = 7.30> <CoreInst = "m_axi">   --->   Core 111 'm_axi' <Latency = 3> <II = 1> <Delay = 1.00> <Adapter> <Opcode : 'read' 'write' 'readreq' 'writereq' 'writeresp'>
ST_23 : Operation 431 [1/1] (0.00ns)   --->   "%zext_ln105_79 = zext i7 %tile_out_load_79" [cnn_accel.cpp:105]   --->   Operation 431 'zext' 'zext_ln105_79' <Predicate = (!icmp_ln94 & and_ln101)> <Delay = 0.00>
ST_23 : Operation 432 [1/1] (7.30ns)   --->   "%write_ln105 = write void @_ssdm_op_Write.m_axi.volatile.i8P1A, i8 %gmem_addr_287, i8 %zext_ln105_79, i1 1" [cnn_accel.cpp:105]   --->   Operation 432 'write' 'write_ln105' <Predicate = (!icmp_ln94 & and_ln101)> <Delay = 7.30> <CoreInst = "m_axi">   --->   Core 111 'm_axi' <Latency = 5> <II = 1> <Delay = 1.00> <Adapter> <Opcode : 'read' 'write' 'readreq' 'writereq' 'writeresp'>
ST_23 : Operation 433 [1/1] (7.30ns)   --->   "%gmem_addr_480_req = writereq i1 @_ssdm_op_WriteReq.m_axi.i8P1A, i8 %gmem_addr_288, i64 1" [cnn_accel.cpp:105]   --->   Operation 433 'writereq' 'gmem_addr_480_req' <Predicate = (!icmp_ln94 & and_ln101)> <Delay = 7.30> <CoreInst = "m_axi">   --->   Core 111 'm_axi' <Latency = 9> <II = 1> <Delay = 1.00> <Adapter> <Opcode : 'read' 'write' 'readreq' 'writereq' 'writeresp'>
ST_23 : Operation 434 [1/1] (0.00ns)   --->   "%or_ln105_77 = bitconcatenate i64 @_ssdm_op_BitConcatenate.i64.i59.i5, i59 %add_ln102, i5 18" [cnn_accel.cpp:105]   --->   Operation 434 'bitconcatenate' 'or_ln105_77' <Predicate = (!icmp_ln94 & and_ln101)> <Delay = 0.00>
ST_23 : Operation 435 [1/1] (3.56ns)   --->   "%add_ln105_81 = add i64 %or_ln105_77, i64 %input_read" [cnn_accel.cpp:105]   --->   Operation 435 'add' 'add_ln105_81' <Predicate = (!icmp_ln94 & and_ln101)> <Delay = 3.56> <CoreInst = "Adder">   --->   Core 1 'Adder' <Latency = 0> <II = 1> <Delay = 3.56> <FuncUnit> <Opcode : 'add' 'sub'> <InPorts = 2> <OutPorts = 1>
ST_23 : Operation 436 [1/1] (0.00ns)   --->   "%gmem_addr_289 = getelementptr i8 %gmem, i64 %add_ln105_81" [cnn_accel.cpp:105]   --->   Operation 436 'getelementptr' 'gmem_addr_289' <Predicate = (!icmp_ln94 & and_ln101)> <Delay = 0.00>
ST_23 : Operation 437 [1/1] (0.00ns)   --->   "%or_ln105_78 = bitconcatenate i64 @_ssdm_op_BitConcatenate.i64.i59.i5, i59 %add_ln102, i5 19" [cnn_accel.cpp:105]   --->   Operation 437 'bitconcatenate' 'or_ln105_78' <Predicate = (!icmp_ln94 & and_ln101)> <Delay = 0.00>
ST_23 : Operation 438 [1/1] (3.56ns)   --->   "%add_ln105_82 = add i64 %or_ln105_78, i64 %input_read" [cnn_accel.cpp:105]   --->   Operation 438 'add' 'add_ln105_82' <Predicate = (!icmp_ln94 & and_ln101)> <Delay = 3.56> <CoreInst = "Adder">   --->   Core 1 'Adder' <Latency = 0> <II = 1> <Delay = 3.56> <FuncUnit> <Opcode : 'add' 'sub'> <InPorts = 2> <OutPorts = 1>
ST_23 : Operation 439 [1/1] (0.00ns)   --->   "%gmem_addr_290 = getelementptr i8 %gmem, i64 %add_ln105_82" [cnn_accel.cpp:105]   --->   Operation 439 'getelementptr' 'gmem_addr_290' <Predicate = (!icmp_ln94 & and_ln101)> <Delay = 0.00>
ST_23 : Operation 440 [1/1] (0.00ns)   --->   "%or_ln105_79 = bitconcatenate i64 @_ssdm_op_BitConcatenate.i64.i59.i5, i59 %add_ln102, i5 20" [cnn_accel.cpp:105]   --->   Operation 440 'bitconcatenate' 'or_ln105_79' <Predicate = (!icmp_ln94 & and_ln101)> <Delay = 0.00>
ST_23 : Operation 441 [1/1] (3.56ns)   --->   "%add_ln105_83 = add i64 %or_ln105_79, i64 %input_read" [cnn_accel.cpp:105]   --->   Operation 441 'add' 'add_ln105_83' <Predicate = (!icmp_ln94 & and_ln101)> <Delay = 3.56> <CoreInst = "Adder">   --->   Core 1 'Adder' <Latency = 0> <II = 1> <Delay = 3.56> <FuncUnit> <Opcode : 'add' 'sub'> <InPorts = 2> <OutPorts = 1>
ST_23 : Operation 442 [1/1] (0.00ns)   --->   "%gmem_addr_291 = getelementptr i8 %gmem, i64 %add_ln105_83" [cnn_accel.cpp:105]   --->   Operation 442 'getelementptr' 'gmem_addr_291' <Predicate = (!icmp_ln94 & and_ln101)> <Delay = 0.00>
ST_23 : Operation 443 [1/1] (0.00ns)   --->   "%or_ln105_80 = bitconcatenate i64 @_ssdm_op_BitConcatenate.i64.i59.i5, i59 %add_ln102, i5 21" [cnn_accel.cpp:105]   --->   Operation 443 'bitconcatenate' 'or_ln105_80' <Predicate = (!icmp_ln94 & and_ln101)> <Delay = 0.00>
ST_23 : Operation 444 [1/1] (3.56ns)   --->   "%add_ln105_84 = add i64 %or_ln105_80, i64 %input_read" [cnn_accel.cpp:105]   --->   Operation 444 'add' 'add_ln105_84' <Predicate = (!icmp_ln94 & and_ln101)> <Delay = 3.56> <CoreInst = "Adder">   --->   Core 1 'Adder' <Latency = 0> <II = 1> <Delay = 3.56> <FuncUnit> <Opcode : 'add' 'sub'> <InPorts = 2> <OutPorts = 1>
ST_23 : Operation 445 [1/1] (0.00ns)   --->   "%gmem_addr_292 = getelementptr i8 %gmem, i64 %add_ln105_84" [cnn_accel.cpp:105]   --->   Operation 445 'getelementptr' 'gmem_addr_292' <Predicate = (!icmp_ln94 & and_ln101)> <Delay = 0.00>
ST_23 : Operation 446 [1/1] (0.00ns)   --->   "%or_ln105_81 = bitconcatenate i64 @_ssdm_op_BitConcatenate.i64.i59.i5, i59 %add_ln102, i5 22" [cnn_accel.cpp:105]   --->   Operation 446 'bitconcatenate' 'or_ln105_81' <Predicate = (!icmp_ln94 & and_ln101)> <Delay = 0.00>
ST_23 : Operation 447 [1/1] (3.56ns)   --->   "%add_ln105_85 = add i64 %or_ln105_81, i64 %input_read" [cnn_accel.cpp:105]   --->   Operation 447 'add' 'add_ln105_85' <Predicate = (!icmp_ln94 & and_ln101)> <Delay = 3.56> <CoreInst = "Adder">   --->   Core 1 'Adder' <Latency = 0> <II = 1> <Delay = 3.56> <FuncUnit> <Opcode : 'add' 'sub'> <InPorts = 2> <OutPorts = 1>
ST_23 : Operation 448 [1/1] (0.00ns)   --->   "%gmem_addr_293 = getelementptr i8 %gmem, i64 %add_ln105_85" [cnn_accel.cpp:105]   --->   Operation 448 'getelementptr' 'gmem_addr_293' <Predicate = (!icmp_ln94 & and_ln101)> <Delay = 0.00>
ST_23 : Operation 449 [1/1] (0.00ns)   --->   "%or_ln105_82 = bitconcatenate i64 @_ssdm_op_BitConcatenate.i64.i59.i5, i59 %add_ln102, i5 23" [cnn_accel.cpp:105]   --->   Operation 449 'bitconcatenate' 'or_ln105_82' <Predicate = (!icmp_ln94 & and_ln101)> <Delay = 0.00>
ST_23 : Operation 450 [1/1] (3.56ns)   --->   "%add_ln105_86 = add i64 %or_ln105_82, i64 %input_read" [cnn_accel.cpp:105]   --->   Operation 450 'add' 'add_ln105_86' <Predicate = (!icmp_ln94 & and_ln101)> <Delay = 3.56> <CoreInst = "Adder">   --->   Core 1 'Adder' <Latency = 0> <II = 1> <Delay = 3.56> <FuncUnit> <Opcode : 'add' 'sub'> <InPorts = 2> <OutPorts = 1>
ST_23 : Operation 451 [1/1] (0.00ns)   --->   "%gmem_addr_294 = getelementptr i8 %gmem, i64 %add_ln105_86" [cnn_accel.cpp:105]   --->   Operation 451 'getelementptr' 'gmem_addr_294' <Predicate = (!icmp_ln94 & and_ln101)> <Delay = 0.00>
ST_23 : Operation 452 [1/1] (0.00ns)   --->   "%or_ln105_83 = bitconcatenate i64 @_ssdm_op_BitConcatenate.i64.i59.i5, i59 %add_ln102, i5 24" [cnn_accel.cpp:105]   --->   Operation 452 'bitconcatenate' 'or_ln105_83' <Predicate = (!icmp_ln94 & and_ln101)> <Delay = 0.00>
ST_23 : Operation 453 [1/1] (3.56ns)   --->   "%add_ln105_87 = add i64 %or_ln105_83, i64 %input_read" [cnn_accel.cpp:105]   --->   Operation 453 'add' 'add_ln105_87' <Predicate = (!icmp_ln94 & and_ln101)> <Delay = 3.56> <CoreInst = "Adder">   --->   Core 1 'Adder' <Latency = 0> <II = 1> <Delay = 3.56> <FuncUnit> <Opcode : 'add' 'sub'> <InPorts = 2> <OutPorts = 1>
ST_23 : Operation 454 [1/1] (0.00ns)   --->   "%gmem_addr_295 = getelementptr i8 %gmem, i64 %add_ln105_87" [cnn_accel.cpp:105]   --->   Operation 454 'getelementptr' 'gmem_addr_295' <Predicate = (!icmp_ln94 & and_ln101)> <Delay = 0.00>
ST_23 : Operation 455 [1/1] (0.00ns)   --->   "%or_ln105_84 = bitconcatenate i64 @_ssdm_op_BitConcatenate.i64.i59.i5, i59 %add_ln102, i5 25" [cnn_accel.cpp:105]   --->   Operation 455 'bitconcatenate' 'or_ln105_84' <Predicate = (!icmp_ln94 & and_ln101)> <Delay = 0.00>
ST_23 : Operation 456 [1/1] (3.56ns)   --->   "%add_ln105_88 = add i64 %or_ln105_84, i64 %input_read" [cnn_accel.cpp:105]   --->   Operation 456 'add' 'add_ln105_88' <Predicate = (!icmp_ln94 & and_ln101)> <Delay = 3.56> <CoreInst = "Adder">   --->   Core 1 'Adder' <Latency = 0> <II = 1> <Delay = 3.56> <FuncUnit> <Opcode : 'add' 'sub'> <InPorts = 2> <OutPorts = 1>
ST_23 : Operation 457 [1/1] (0.00ns)   --->   "%gmem_addr_296 = getelementptr i8 %gmem, i64 %add_ln105_88" [cnn_accel.cpp:105]   --->   Operation 457 'getelementptr' 'gmem_addr_296' <Predicate = (!icmp_ln94 & and_ln101)> <Delay = 0.00>
ST_23 : Operation 458 [1/1] (0.00ns)   --->   "%or_ln105_85 = bitconcatenate i64 @_ssdm_op_BitConcatenate.i64.i59.i5, i59 %add_ln102, i5 26" [cnn_accel.cpp:105]   --->   Operation 458 'bitconcatenate' 'or_ln105_85' <Predicate = (!icmp_ln94 & and_ln101)> <Delay = 0.00>
ST_23 : Operation 459 [1/1] (3.56ns)   --->   "%add_ln105_89 = add i64 %or_ln105_85, i64 %input_read" [cnn_accel.cpp:105]   --->   Operation 459 'add' 'add_ln105_89' <Predicate = (!icmp_ln94 & and_ln101)> <Delay = 3.56> <CoreInst = "Adder">   --->   Core 1 'Adder' <Latency = 0> <II = 1> <Delay = 3.56> <FuncUnit> <Opcode : 'add' 'sub'> <InPorts = 2> <OutPorts = 1>
ST_23 : Operation 460 [1/1] (0.00ns)   --->   "%gmem_addr_297 = getelementptr i8 %gmem, i64 %add_ln105_89" [cnn_accel.cpp:105]   --->   Operation 460 'getelementptr' 'gmem_addr_297' <Predicate = (!icmp_ln94 & and_ln101)> <Delay = 0.00>
ST_23 : Operation 461 [1/1] (0.00ns)   --->   "%or_ln105_86 = bitconcatenate i64 @_ssdm_op_BitConcatenate.i64.i59.i5, i59 %add_ln102, i5 27" [cnn_accel.cpp:105]   --->   Operation 461 'bitconcatenate' 'or_ln105_86' <Predicate = (!icmp_ln94 & and_ln101)> <Delay = 0.00>
ST_23 : Operation 462 [1/1] (3.56ns)   --->   "%add_ln105_90 = add i64 %or_ln105_86, i64 %input_read" [cnn_accel.cpp:105]   --->   Operation 462 'add' 'add_ln105_90' <Predicate = (!icmp_ln94 & and_ln101)> <Delay = 3.56> <CoreInst = "Adder">   --->   Core 1 'Adder' <Latency = 0> <II = 1> <Delay = 3.56> <FuncUnit> <Opcode : 'add' 'sub'> <InPorts = 2> <OutPorts = 1>
ST_23 : Operation 463 [1/1] (0.00ns)   --->   "%gmem_addr_298 = getelementptr i8 %gmem, i64 %add_ln105_90" [cnn_accel.cpp:105]   --->   Operation 463 'getelementptr' 'gmem_addr_298' <Predicate = (!icmp_ln94 & and_ln101)> <Delay = 0.00>
ST_23 : Operation 464 [1/1] (0.00ns)   --->   "%or_ln105_87 = bitconcatenate i64 @_ssdm_op_BitConcatenate.i64.i59.i5, i59 %add_ln102, i5 28" [cnn_accel.cpp:105]   --->   Operation 464 'bitconcatenate' 'or_ln105_87' <Predicate = (!icmp_ln94 & and_ln101)> <Delay = 0.00>
ST_23 : Operation 465 [1/1] (3.56ns)   --->   "%add_ln105_91 = add i64 %or_ln105_87, i64 %input_read" [cnn_accel.cpp:105]   --->   Operation 465 'add' 'add_ln105_91' <Predicate = (!icmp_ln94 & and_ln101)> <Delay = 3.56> <CoreInst = "Adder">   --->   Core 1 'Adder' <Latency = 0> <II = 1> <Delay = 3.56> <FuncUnit> <Opcode : 'add' 'sub'> <InPorts = 2> <OutPorts = 1>
ST_23 : Operation 466 [1/1] (0.00ns)   --->   "%gmem_addr_299 = getelementptr i8 %gmem, i64 %add_ln105_91" [cnn_accel.cpp:105]   --->   Operation 466 'getelementptr' 'gmem_addr_299' <Predicate = (!icmp_ln94 & and_ln101)> <Delay = 0.00>
ST_23 : Operation 467 [1/1] (0.00ns)   --->   "%or_ln105_88 = bitconcatenate i64 @_ssdm_op_BitConcatenate.i64.i59.i5, i59 %add_ln102, i5 29" [cnn_accel.cpp:105]   --->   Operation 467 'bitconcatenate' 'or_ln105_88' <Predicate = (!icmp_ln94 & and_ln101)> <Delay = 0.00>
ST_23 : Operation 468 [1/1] (3.56ns)   --->   "%add_ln105_92 = add i64 %or_ln105_88, i64 %input_read" [cnn_accel.cpp:105]   --->   Operation 468 'add' 'add_ln105_92' <Predicate = (!icmp_ln94 & and_ln101)> <Delay = 3.56> <CoreInst = "Adder">   --->   Core 1 'Adder' <Latency = 0> <II = 1> <Delay = 3.56> <FuncUnit> <Opcode : 'add' 'sub'> <InPorts = 2> <OutPorts = 1>
ST_23 : Operation 469 [1/1] (0.00ns)   --->   "%gmem_addr_300 = getelementptr i8 %gmem, i64 %add_ln105_92" [cnn_accel.cpp:105]   --->   Operation 469 'getelementptr' 'gmem_addr_300' <Predicate = (!icmp_ln94 & and_ln101)> <Delay = 0.00>
ST_23 : Operation 470 [1/1] (0.00ns)   --->   "%or_ln105_89 = bitconcatenate i64 @_ssdm_op_BitConcatenate.i64.i59.i5, i59 %add_ln102, i5 30" [cnn_accel.cpp:105]   --->   Operation 470 'bitconcatenate' 'or_ln105_89' <Predicate = (!icmp_ln94 & and_ln101)> <Delay = 0.00>
ST_23 : Operation 471 [1/1] (3.56ns)   --->   "%add_ln105_93 = add i64 %or_ln105_89, i64 %input_read" [cnn_accel.cpp:105]   --->   Operation 471 'add' 'add_ln105_93' <Predicate = (!icmp_ln94 & and_ln101)> <Delay = 3.56> <CoreInst = "Adder">   --->   Core 1 'Adder' <Latency = 0> <II = 1> <Delay = 3.56> <FuncUnit> <Opcode : 'add' 'sub'> <InPorts = 2> <OutPorts = 1>
ST_23 : Operation 472 [1/1] (0.00ns)   --->   "%gmem_addr_301 = getelementptr i8 %gmem, i64 %add_ln105_93" [cnn_accel.cpp:105]   --->   Operation 472 'getelementptr' 'gmem_addr_301' <Predicate = (!icmp_ln94 & and_ln101)> <Delay = 0.00>
ST_23 : Operation 473 [1/1] (0.00ns)   --->   "%or_ln105_90 = bitconcatenate i64 @_ssdm_op_BitConcatenate.i64.i59.i5, i59 %add_ln102, i5 31" [cnn_accel.cpp:105]   --->   Operation 473 'bitconcatenate' 'or_ln105_90' <Predicate = (!icmp_ln94 & and_ln101)> <Delay = 0.00>
ST_23 : Operation 474 [1/1] (3.56ns)   --->   "%add_ln105_94 = add i64 %or_ln105_90, i64 %input_read" [cnn_accel.cpp:105]   --->   Operation 474 'add' 'add_ln105_94' <Predicate = (!icmp_ln94 & and_ln101)> <Delay = 3.56> <CoreInst = "Adder">   --->   Core 1 'Adder' <Latency = 0> <II = 1> <Delay = 3.56> <FuncUnit> <Opcode : 'add' 'sub'> <InPorts = 2> <OutPorts = 1>
ST_23 : Operation 475 [1/1] (0.00ns)   --->   "%gmem_addr_302 = getelementptr i8 %gmem, i64 %add_ln105_94" [cnn_accel.cpp:105]   --->   Operation 475 'getelementptr' 'gmem_addr_302' <Predicate = (!icmp_ln94 & and_ln101)> <Delay = 0.00>

State 24 <SV = 23> <Delay = 7.30>
ST_24 : Operation 476 [1/5] (7.30ns)   --->   "%gmem_addr_475_resp = writeresp i1 @_ssdm_op_WriteResp.m_axi.i8P1A, i8 %gmem_addr_283" [cnn_accel.cpp:105]   --->   Operation 476 'writeresp' 'gmem_addr_475_resp' <Predicate = (!icmp_ln94 & and_ln101)> <Delay = 7.30> <CoreInst = "m_axi">   --->   Core 111 'm_axi' <Latency = 3> <II = 1> <Delay = 1.00> <Adapter> <Opcode : 'read' 'write' 'readreq' 'writereq' 'writeresp'>
ST_24 : Operation 477 [2/5] (7.30ns)   --->   "%gmem_addr_476_resp = writeresp i1 @_ssdm_op_WriteResp.m_axi.i8P1A, i8 %gmem_addr_284" [cnn_accel.cpp:105]   --->   Operation 477 'writeresp' 'gmem_addr_476_resp' <Predicate = (!icmp_ln94 & and_ln101)> <Delay = 7.30> <CoreInst = "m_axi">   --->   Core 111 'm_axi' <Latency = 3> <II = 1> <Delay = 1.00> <Adapter> <Opcode : 'read' 'write' 'readreq' 'writereq' 'writeresp'>
ST_24 : Operation 478 [3/5] (7.30ns)   --->   "%gmem_addr_477_resp = writeresp i1 @_ssdm_op_WriteResp.m_axi.i8P1A, i8 %gmem_addr_285" [cnn_accel.cpp:105]   --->   Operation 478 'writeresp' 'gmem_addr_477_resp' <Predicate = (!icmp_ln94 & and_ln101)> <Delay = 7.30> <CoreInst = "m_axi">   --->   Core 111 'm_axi' <Latency = 3> <II = 1> <Delay = 1.00> <Adapter> <Opcode : 'read' 'write' 'readreq' 'writereq' 'writeresp'>
ST_24 : Operation 479 [4/5] (7.30ns)   --->   "%gmem_addr_478_resp = writeresp i1 @_ssdm_op_WriteResp.m_axi.i8P1A, i8 %gmem_addr_286" [cnn_accel.cpp:105]   --->   Operation 479 'writeresp' 'gmem_addr_478_resp' <Predicate = (!icmp_ln94 & and_ln101)> <Delay = 7.30> <CoreInst = "m_axi">   --->   Core 111 'm_axi' <Latency = 3> <II = 1> <Delay = 1.00> <Adapter> <Opcode : 'read' 'write' 'readreq' 'writereq' 'writeresp'>
ST_24 : Operation 480 [5/5] (7.30ns)   --->   "%gmem_addr_479_resp = writeresp i1 @_ssdm_op_WriteResp.m_axi.i8P1A, i8 %gmem_addr_287" [cnn_accel.cpp:105]   --->   Operation 480 'writeresp' 'gmem_addr_479_resp' <Predicate = (!icmp_ln94 & and_ln101)> <Delay = 7.30> <CoreInst = "m_axi">   --->   Core 111 'm_axi' <Latency = 3> <II = 1> <Delay = 1.00> <Adapter> <Opcode : 'read' 'write' 'readreq' 'writereq' 'writeresp'>
ST_24 : Operation 481 [1/1] (0.00ns)   --->   "%zext_ln105_80 = zext i7 %tile_out_load_80" [cnn_accel.cpp:105]   --->   Operation 481 'zext' 'zext_ln105_80' <Predicate = (!icmp_ln94 & and_ln101)> <Delay = 0.00>
ST_24 : Operation 482 [1/1] (7.30ns)   --->   "%write_ln105 = write void @_ssdm_op_Write.m_axi.volatile.i8P1A, i8 %gmem_addr_288, i8 %zext_ln105_80, i1 1" [cnn_accel.cpp:105]   --->   Operation 482 'write' 'write_ln105' <Predicate = (!icmp_ln94 & and_ln101)> <Delay = 7.30> <CoreInst = "m_axi">   --->   Core 111 'm_axi' <Latency = 5> <II = 1> <Delay = 1.00> <Adapter> <Opcode : 'read' 'write' 'readreq' 'writereq' 'writeresp'>
ST_24 : Operation 483 [1/1] (7.30ns)   --->   "%gmem_addr_481_req = writereq i1 @_ssdm_op_WriteReq.m_axi.i8P1A, i8 %gmem_addr_289, i64 1" [cnn_accel.cpp:105]   --->   Operation 483 'writereq' 'gmem_addr_481_req' <Predicate = (!icmp_ln94 & and_ln101)> <Delay = 7.30> <CoreInst = "m_axi">   --->   Core 111 'm_axi' <Latency = 9> <II = 1> <Delay = 1.00> <Adapter> <Opcode : 'read' 'write' 'readreq' 'writereq' 'writeresp'>

State 25 <SV = 24> <Delay = 7.30>
ST_25 : Operation 484 [1/5] (7.30ns)   --->   "%gmem_addr_476_resp = writeresp i1 @_ssdm_op_WriteResp.m_axi.i8P1A, i8 %gmem_addr_284" [cnn_accel.cpp:105]   --->   Operation 484 'writeresp' 'gmem_addr_476_resp' <Predicate = (!icmp_ln94 & and_ln101)> <Delay = 7.30> <CoreInst = "m_axi">   --->   Core 111 'm_axi' <Latency = 3> <II = 1> <Delay = 1.00> <Adapter> <Opcode : 'read' 'write' 'readreq' 'writereq' 'writeresp'>
ST_25 : Operation 485 [2/5] (7.30ns)   --->   "%gmem_addr_477_resp = writeresp i1 @_ssdm_op_WriteResp.m_axi.i8P1A, i8 %gmem_addr_285" [cnn_accel.cpp:105]   --->   Operation 485 'writeresp' 'gmem_addr_477_resp' <Predicate = (!icmp_ln94 & and_ln101)> <Delay = 7.30> <CoreInst = "m_axi">   --->   Core 111 'm_axi' <Latency = 3> <II = 1> <Delay = 1.00> <Adapter> <Opcode : 'read' 'write' 'readreq' 'writereq' 'writeresp'>
ST_25 : Operation 486 [3/5] (7.30ns)   --->   "%gmem_addr_478_resp = writeresp i1 @_ssdm_op_WriteResp.m_axi.i8P1A, i8 %gmem_addr_286" [cnn_accel.cpp:105]   --->   Operation 486 'writeresp' 'gmem_addr_478_resp' <Predicate = (!icmp_ln94 & and_ln101)> <Delay = 7.30> <CoreInst = "m_axi">   --->   Core 111 'm_axi' <Latency = 3> <II = 1> <Delay = 1.00> <Adapter> <Opcode : 'read' 'write' 'readreq' 'writereq' 'writeresp'>
ST_25 : Operation 487 [4/5] (7.30ns)   --->   "%gmem_addr_479_resp = writeresp i1 @_ssdm_op_WriteResp.m_axi.i8P1A, i8 %gmem_addr_287" [cnn_accel.cpp:105]   --->   Operation 487 'writeresp' 'gmem_addr_479_resp' <Predicate = (!icmp_ln94 & and_ln101)> <Delay = 7.30> <CoreInst = "m_axi">   --->   Core 111 'm_axi' <Latency = 3> <II = 1> <Delay = 1.00> <Adapter> <Opcode : 'read' 'write' 'readreq' 'writereq' 'writeresp'>
ST_25 : Operation 488 [5/5] (7.30ns)   --->   "%gmem_addr_480_resp = writeresp i1 @_ssdm_op_WriteResp.m_axi.i8P1A, i8 %gmem_addr_288" [cnn_accel.cpp:105]   --->   Operation 488 'writeresp' 'gmem_addr_480_resp' <Predicate = (!icmp_ln94 & and_ln101)> <Delay = 7.30> <CoreInst = "m_axi">   --->   Core 111 'm_axi' <Latency = 3> <II = 1> <Delay = 1.00> <Adapter> <Opcode : 'read' 'write' 'readreq' 'writereq' 'writeresp'>
ST_25 : Operation 489 [1/1] (0.00ns)   --->   "%zext_ln105_81 = zext i7 %tile_out_load_81" [cnn_accel.cpp:105]   --->   Operation 489 'zext' 'zext_ln105_81' <Predicate = (!icmp_ln94 & and_ln101)> <Delay = 0.00>
ST_25 : Operation 490 [1/1] (7.30ns)   --->   "%write_ln105 = write void @_ssdm_op_Write.m_axi.volatile.i8P1A, i8 %gmem_addr_289, i8 %zext_ln105_81, i1 1" [cnn_accel.cpp:105]   --->   Operation 490 'write' 'write_ln105' <Predicate = (!icmp_ln94 & and_ln101)> <Delay = 7.30> <CoreInst = "m_axi">   --->   Core 111 'm_axi' <Latency = 5> <II = 1> <Delay = 1.00> <Adapter> <Opcode : 'read' 'write' 'readreq' 'writereq' 'writeresp'>
ST_25 : Operation 491 [1/1] (7.30ns)   --->   "%gmem_addr_482_req = writereq i1 @_ssdm_op_WriteReq.m_axi.i8P1A, i8 %gmem_addr_290, i64 1" [cnn_accel.cpp:105]   --->   Operation 491 'writereq' 'gmem_addr_482_req' <Predicate = (!icmp_ln94 & and_ln101)> <Delay = 7.30> <CoreInst = "m_axi">   --->   Core 111 'm_axi' <Latency = 9> <II = 1> <Delay = 1.00> <Adapter> <Opcode : 'read' 'write' 'readreq' 'writereq' 'writeresp'>

State 26 <SV = 25> <Delay = 7.30>
ST_26 : Operation 492 [1/5] (7.30ns)   --->   "%gmem_addr_477_resp = writeresp i1 @_ssdm_op_WriteResp.m_axi.i8P1A, i8 %gmem_addr_285" [cnn_accel.cpp:105]   --->   Operation 492 'writeresp' 'gmem_addr_477_resp' <Predicate = (!icmp_ln94 & and_ln101)> <Delay = 7.30> <CoreInst = "m_axi">   --->   Core 111 'm_axi' <Latency = 3> <II = 1> <Delay = 1.00> <Adapter> <Opcode : 'read' 'write' 'readreq' 'writereq' 'writeresp'>
ST_26 : Operation 493 [2/5] (7.30ns)   --->   "%gmem_addr_478_resp = writeresp i1 @_ssdm_op_WriteResp.m_axi.i8P1A, i8 %gmem_addr_286" [cnn_accel.cpp:105]   --->   Operation 493 'writeresp' 'gmem_addr_478_resp' <Predicate = (!icmp_ln94 & and_ln101)> <Delay = 7.30> <CoreInst = "m_axi">   --->   Core 111 'm_axi' <Latency = 3> <II = 1> <Delay = 1.00> <Adapter> <Opcode : 'read' 'write' 'readreq' 'writereq' 'writeresp'>
ST_26 : Operation 494 [3/5] (7.30ns)   --->   "%gmem_addr_479_resp = writeresp i1 @_ssdm_op_WriteResp.m_axi.i8P1A, i8 %gmem_addr_287" [cnn_accel.cpp:105]   --->   Operation 494 'writeresp' 'gmem_addr_479_resp' <Predicate = (!icmp_ln94 & and_ln101)> <Delay = 7.30> <CoreInst = "m_axi">   --->   Core 111 'm_axi' <Latency = 3> <II = 1> <Delay = 1.00> <Adapter> <Opcode : 'read' 'write' 'readreq' 'writereq' 'writeresp'>
ST_26 : Operation 495 [4/5] (7.30ns)   --->   "%gmem_addr_480_resp = writeresp i1 @_ssdm_op_WriteResp.m_axi.i8P1A, i8 %gmem_addr_288" [cnn_accel.cpp:105]   --->   Operation 495 'writeresp' 'gmem_addr_480_resp' <Predicate = (!icmp_ln94 & and_ln101)> <Delay = 7.30> <CoreInst = "m_axi">   --->   Core 111 'm_axi' <Latency = 3> <II = 1> <Delay = 1.00> <Adapter> <Opcode : 'read' 'write' 'readreq' 'writereq' 'writeresp'>
ST_26 : Operation 496 [5/5] (7.30ns)   --->   "%gmem_addr_481_resp = writeresp i1 @_ssdm_op_WriteResp.m_axi.i8P1A, i8 %gmem_addr_289" [cnn_accel.cpp:105]   --->   Operation 496 'writeresp' 'gmem_addr_481_resp' <Predicate = (!icmp_ln94 & and_ln101)> <Delay = 7.30> <CoreInst = "m_axi">   --->   Core 111 'm_axi' <Latency = 3> <II = 1> <Delay = 1.00> <Adapter> <Opcode : 'read' 'write' 'readreq' 'writereq' 'writeresp'>
ST_26 : Operation 497 [1/1] (0.00ns)   --->   "%zext_ln105_82 = zext i7 %tile_out_load_82" [cnn_accel.cpp:105]   --->   Operation 497 'zext' 'zext_ln105_82' <Predicate = (!icmp_ln94 & and_ln101)> <Delay = 0.00>
ST_26 : Operation 498 [1/1] (7.30ns)   --->   "%write_ln105 = write void @_ssdm_op_Write.m_axi.volatile.i8P1A, i8 %gmem_addr_290, i8 %zext_ln105_82, i1 1" [cnn_accel.cpp:105]   --->   Operation 498 'write' 'write_ln105' <Predicate = (!icmp_ln94 & and_ln101)> <Delay = 7.30> <CoreInst = "m_axi">   --->   Core 111 'm_axi' <Latency = 5> <II = 1> <Delay = 1.00> <Adapter> <Opcode : 'read' 'write' 'readreq' 'writereq' 'writeresp'>
ST_26 : Operation 499 [1/1] (7.30ns)   --->   "%gmem_addr_483_req = writereq i1 @_ssdm_op_WriteReq.m_axi.i8P1A, i8 %gmem_addr_291, i64 1" [cnn_accel.cpp:105]   --->   Operation 499 'writereq' 'gmem_addr_483_req' <Predicate = (!icmp_ln94 & and_ln101)> <Delay = 7.30> <CoreInst = "m_axi">   --->   Core 111 'm_axi' <Latency = 9> <II = 1> <Delay = 1.00> <Adapter> <Opcode : 'read' 'write' 'readreq' 'writereq' 'writeresp'>

State 27 <SV = 26> <Delay = 7.30>
ST_27 : Operation 500 [1/5] (7.30ns)   --->   "%gmem_addr_478_resp = writeresp i1 @_ssdm_op_WriteResp.m_axi.i8P1A, i8 %gmem_addr_286" [cnn_accel.cpp:105]   --->   Operation 500 'writeresp' 'gmem_addr_478_resp' <Predicate = (!icmp_ln94 & and_ln101)> <Delay = 7.30> <CoreInst = "m_axi">   --->   Core 111 'm_axi' <Latency = 3> <II = 1> <Delay = 1.00> <Adapter> <Opcode : 'read' 'write' 'readreq' 'writereq' 'writeresp'>
ST_27 : Operation 501 [2/5] (7.30ns)   --->   "%gmem_addr_479_resp = writeresp i1 @_ssdm_op_WriteResp.m_axi.i8P1A, i8 %gmem_addr_287" [cnn_accel.cpp:105]   --->   Operation 501 'writeresp' 'gmem_addr_479_resp' <Predicate = (!icmp_ln94 & and_ln101)> <Delay = 7.30> <CoreInst = "m_axi">   --->   Core 111 'm_axi' <Latency = 3> <II = 1> <Delay = 1.00> <Adapter> <Opcode : 'read' 'write' 'readreq' 'writereq' 'writeresp'>
ST_27 : Operation 502 [3/5] (7.30ns)   --->   "%gmem_addr_480_resp = writeresp i1 @_ssdm_op_WriteResp.m_axi.i8P1A, i8 %gmem_addr_288" [cnn_accel.cpp:105]   --->   Operation 502 'writeresp' 'gmem_addr_480_resp' <Predicate = (!icmp_ln94 & and_ln101)> <Delay = 7.30> <CoreInst = "m_axi">   --->   Core 111 'm_axi' <Latency = 3> <II = 1> <Delay = 1.00> <Adapter> <Opcode : 'read' 'write' 'readreq' 'writereq' 'writeresp'>
ST_27 : Operation 503 [4/5] (7.30ns)   --->   "%gmem_addr_481_resp = writeresp i1 @_ssdm_op_WriteResp.m_axi.i8P1A, i8 %gmem_addr_289" [cnn_accel.cpp:105]   --->   Operation 503 'writeresp' 'gmem_addr_481_resp' <Predicate = (!icmp_ln94 & and_ln101)> <Delay = 7.30> <CoreInst = "m_axi">   --->   Core 111 'm_axi' <Latency = 3> <II = 1> <Delay = 1.00> <Adapter> <Opcode : 'read' 'write' 'readreq' 'writereq' 'writeresp'>
ST_27 : Operation 504 [5/5] (7.30ns)   --->   "%gmem_addr_482_resp = writeresp i1 @_ssdm_op_WriteResp.m_axi.i8P1A, i8 %gmem_addr_290" [cnn_accel.cpp:105]   --->   Operation 504 'writeresp' 'gmem_addr_482_resp' <Predicate = (!icmp_ln94 & and_ln101)> <Delay = 7.30> <CoreInst = "m_axi">   --->   Core 111 'm_axi' <Latency = 3> <II = 1> <Delay = 1.00> <Adapter> <Opcode : 'read' 'write' 'readreq' 'writereq' 'writeresp'>
ST_27 : Operation 505 [1/1] (0.00ns)   --->   "%zext_ln105_83 = zext i7 %tile_out_load_83" [cnn_accel.cpp:105]   --->   Operation 505 'zext' 'zext_ln105_83' <Predicate = (!icmp_ln94 & and_ln101)> <Delay = 0.00>
ST_27 : Operation 506 [1/1] (7.30ns)   --->   "%write_ln105 = write void @_ssdm_op_Write.m_axi.volatile.i8P1A, i8 %gmem_addr_291, i8 %zext_ln105_83, i1 1" [cnn_accel.cpp:105]   --->   Operation 506 'write' 'write_ln105' <Predicate = (!icmp_ln94 & and_ln101)> <Delay = 7.30> <CoreInst = "m_axi">   --->   Core 111 'm_axi' <Latency = 5> <II = 1> <Delay = 1.00> <Adapter> <Opcode : 'read' 'write' 'readreq' 'writereq' 'writeresp'>
ST_27 : Operation 507 [1/1] (7.30ns)   --->   "%gmem_addr_484_req = writereq i1 @_ssdm_op_WriteReq.m_axi.i8P1A, i8 %gmem_addr_292, i64 1" [cnn_accel.cpp:105]   --->   Operation 507 'writereq' 'gmem_addr_484_req' <Predicate = (!icmp_ln94 & and_ln101)> <Delay = 7.30> <CoreInst = "m_axi">   --->   Core 111 'm_axi' <Latency = 9> <II = 1> <Delay = 1.00> <Adapter> <Opcode : 'read' 'write' 'readreq' 'writereq' 'writeresp'>

State 28 <SV = 27> <Delay = 7.30>
ST_28 : Operation 508 [1/5] (7.30ns)   --->   "%gmem_addr_479_resp = writeresp i1 @_ssdm_op_WriteResp.m_axi.i8P1A, i8 %gmem_addr_287" [cnn_accel.cpp:105]   --->   Operation 508 'writeresp' 'gmem_addr_479_resp' <Predicate = (!icmp_ln94 & and_ln101)> <Delay = 7.30> <CoreInst = "m_axi">   --->   Core 111 'm_axi' <Latency = 3> <II = 1> <Delay = 1.00> <Adapter> <Opcode : 'read' 'write' 'readreq' 'writereq' 'writeresp'>
ST_28 : Operation 509 [2/5] (7.30ns)   --->   "%gmem_addr_480_resp = writeresp i1 @_ssdm_op_WriteResp.m_axi.i8P1A, i8 %gmem_addr_288" [cnn_accel.cpp:105]   --->   Operation 509 'writeresp' 'gmem_addr_480_resp' <Predicate = (!icmp_ln94 & and_ln101)> <Delay = 7.30> <CoreInst = "m_axi">   --->   Core 111 'm_axi' <Latency = 3> <II = 1> <Delay = 1.00> <Adapter> <Opcode : 'read' 'write' 'readreq' 'writereq' 'writeresp'>
ST_28 : Operation 510 [3/5] (7.30ns)   --->   "%gmem_addr_481_resp = writeresp i1 @_ssdm_op_WriteResp.m_axi.i8P1A, i8 %gmem_addr_289" [cnn_accel.cpp:105]   --->   Operation 510 'writeresp' 'gmem_addr_481_resp' <Predicate = (!icmp_ln94 & and_ln101)> <Delay = 7.30> <CoreInst = "m_axi">   --->   Core 111 'm_axi' <Latency = 3> <II = 1> <Delay = 1.00> <Adapter> <Opcode : 'read' 'write' 'readreq' 'writereq' 'writeresp'>
ST_28 : Operation 511 [4/5] (7.30ns)   --->   "%gmem_addr_482_resp = writeresp i1 @_ssdm_op_WriteResp.m_axi.i8P1A, i8 %gmem_addr_290" [cnn_accel.cpp:105]   --->   Operation 511 'writeresp' 'gmem_addr_482_resp' <Predicate = (!icmp_ln94 & and_ln101)> <Delay = 7.30> <CoreInst = "m_axi">   --->   Core 111 'm_axi' <Latency = 3> <II = 1> <Delay = 1.00> <Adapter> <Opcode : 'read' 'write' 'readreq' 'writereq' 'writeresp'>
ST_28 : Operation 512 [5/5] (7.30ns)   --->   "%gmem_addr_483_resp = writeresp i1 @_ssdm_op_WriteResp.m_axi.i8P1A, i8 %gmem_addr_291" [cnn_accel.cpp:105]   --->   Operation 512 'writeresp' 'gmem_addr_483_resp' <Predicate = (!icmp_ln94 & and_ln101)> <Delay = 7.30> <CoreInst = "m_axi">   --->   Core 111 'm_axi' <Latency = 3> <II = 1> <Delay = 1.00> <Adapter> <Opcode : 'read' 'write' 'readreq' 'writereq' 'writeresp'>
ST_28 : Operation 513 [1/1] (0.00ns)   --->   "%zext_ln105_84 = zext i7 %tile_out_load_84" [cnn_accel.cpp:105]   --->   Operation 513 'zext' 'zext_ln105_84' <Predicate = (!icmp_ln94 & and_ln101)> <Delay = 0.00>
ST_28 : Operation 514 [1/1] (7.30ns)   --->   "%write_ln105 = write void @_ssdm_op_Write.m_axi.volatile.i8P1A, i8 %gmem_addr_292, i8 %zext_ln105_84, i1 1" [cnn_accel.cpp:105]   --->   Operation 514 'write' 'write_ln105' <Predicate = (!icmp_ln94 & and_ln101)> <Delay = 7.30> <CoreInst = "m_axi">   --->   Core 111 'm_axi' <Latency = 5> <II = 1> <Delay = 1.00> <Adapter> <Opcode : 'read' 'write' 'readreq' 'writereq' 'writeresp'>
ST_28 : Operation 515 [1/1] (7.30ns)   --->   "%gmem_addr_485_req = writereq i1 @_ssdm_op_WriteReq.m_axi.i8P1A, i8 %gmem_addr_293, i64 1" [cnn_accel.cpp:105]   --->   Operation 515 'writereq' 'gmem_addr_485_req' <Predicate = (!icmp_ln94 & and_ln101)> <Delay = 7.30> <CoreInst = "m_axi">   --->   Core 111 'm_axi' <Latency = 9> <II = 1> <Delay = 1.00> <Adapter> <Opcode : 'read' 'write' 'readreq' 'writereq' 'writeresp'>

State 29 <SV = 28> <Delay = 7.30>
ST_29 : Operation 516 [1/5] (7.30ns)   --->   "%gmem_addr_480_resp = writeresp i1 @_ssdm_op_WriteResp.m_axi.i8P1A, i8 %gmem_addr_288" [cnn_accel.cpp:105]   --->   Operation 516 'writeresp' 'gmem_addr_480_resp' <Predicate = (!icmp_ln94 & and_ln101)> <Delay = 7.30> <CoreInst = "m_axi">   --->   Core 111 'm_axi' <Latency = 3> <II = 1> <Delay = 1.00> <Adapter> <Opcode : 'read' 'write' 'readreq' 'writereq' 'writeresp'>
ST_29 : Operation 517 [2/5] (7.30ns)   --->   "%gmem_addr_481_resp = writeresp i1 @_ssdm_op_WriteResp.m_axi.i8P1A, i8 %gmem_addr_289" [cnn_accel.cpp:105]   --->   Operation 517 'writeresp' 'gmem_addr_481_resp' <Predicate = (!icmp_ln94 & and_ln101)> <Delay = 7.30> <CoreInst = "m_axi">   --->   Core 111 'm_axi' <Latency = 3> <II = 1> <Delay = 1.00> <Adapter> <Opcode : 'read' 'write' 'readreq' 'writereq' 'writeresp'>
ST_29 : Operation 518 [3/5] (7.30ns)   --->   "%gmem_addr_482_resp = writeresp i1 @_ssdm_op_WriteResp.m_axi.i8P1A, i8 %gmem_addr_290" [cnn_accel.cpp:105]   --->   Operation 518 'writeresp' 'gmem_addr_482_resp' <Predicate = (!icmp_ln94 & and_ln101)> <Delay = 7.30> <CoreInst = "m_axi">   --->   Core 111 'm_axi' <Latency = 3> <II = 1> <Delay = 1.00> <Adapter> <Opcode : 'read' 'write' 'readreq' 'writereq' 'writeresp'>
ST_29 : Operation 519 [4/5] (7.30ns)   --->   "%gmem_addr_483_resp = writeresp i1 @_ssdm_op_WriteResp.m_axi.i8P1A, i8 %gmem_addr_291" [cnn_accel.cpp:105]   --->   Operation 519 'writeresp' 'gmem_addr_483_resp' <Predicate = (!icmp_ln94 & and_ln101)> <Delay = 7.30> <CoreInst = "m_axi">   --->   Core 111 'm_axi' <Latency = 3> <II = 1> <Delay = 1.00> <Adapter> <Opcode : 'read' 'write' 'readreq' 'writereq' 'writeresp'>
ST_29 : Operation 520 [5/5] (7.30ns)   --->   "%gmem_addr_484_resp = writeresp i1 @_ssdm_op_WriteResp.m_axi.i8P1A, i8 %gmem_addr_292" [cnn_accel.cpp:105]   --->   Operation 520 'writeresp' 'gmem_addr_484_resp' <Predicate = (!icmp_ln94 & and_ln101)> <Delay = 7.30> <CoreInst = "m_axi">   --->   Core 111 'm_axi' <Latency = 3> <II = 1> <Delay = 1.00> <Adapter> <Opcode : 'read' 'write' 'readreq' 'writereq' 'writeresp'>
ST_29 : Operation 521 [1/1] (0.00ns)   --->   "%zext_ln105_85 = zext i7 %tile_out_load_85" [cnn_accel.cpp:105]   --->   Operation 521 'zext' 'zext_ln105_85' <Predicate = (!icmp_ln94 & and_ln101)> <Delay = 0.00>
ST_29 : Operation 522 [1/1] (7.30ns)   --->   "%write_ln105 = write void @_ssdm_op_Write.m_axi.volatile.i8P1A, i8 %gmem_addr_293, i8 %zext_ln105_85, i1 1" [cnn_accel.cpp:105]   --->   Operation 522 'write' 'write_ln105' <Predicate = (!icmp_ln94 & and_ln101)> <Delay = 7.30> <CoreInst = "m_axi">   --->   Core 111 'm_axi' <Latency = 5> <II = 1> <Delay = 1.00> <Adapter> <Opcode : 'read' 'write' 'readreq' 'writereq' 'writeresp'>
ST_29 : Operation 523 [1/1] (7.30ns)   --->   "%gmem_addr_486_req = writereq i1 @_ssdm_op_WriteReq.m_axi.i8P1A, i8 %gmem_addr_294, i64 1" [cnn_accel.cpp:105]   --->   Operation 523 'writereq' 'gmem_addr_486_req' <Predicate = (!icmp_ln94 & and_ln101)> <Delay = 7.30> <CoreInst = "m_axi">   --->   Core 111 'm_axi' <Latency = 9> <II = 1> <Delay = 1.00> <Adapter> <Opcode : 'read' 'write' 'readreq' 'writereq' 'writeresp'>

State 30 <SV = 29> <Delay = 7.30>
ST_30 : Operation 524 [1/5] (7.30ns)   --->   "%gmem_addr_481_resp = writeresp i1 @_ssdm_op_WriteResp.m_axi.i8P1A, i8 %gmem_addr_289" [cnn_accel.cpp:105]   --->   Operation 524 'writeresp' 'gmem_addr_481_resp' <Predicate = (!icmp_ln94 & and_ln101)> <Delay = 7.30> <CoreInst = "m_axi">   --->   Core 111 'm_axi' <Latency = 3> <II = 1> <Delay = 1.00> <Adapter> <Opcode : 'read' 'write' 'readreq' 'writereq' 'writeresp'>
ST_30 : Operation 525 [2/5] (7.30ns)   --->   "%gmem_addr_482_resp = writeresp i1 @_ssdm_op_WriteResp.m_axi.i8P1A, i8 %gmem_addr_290" [cnn_accel.cpp:105]   --->   Operation 525 'writeresp' 'gmem_addr_482_resp' <Predicate = (!icmp_ln94 & and_ln101)> <Delay = 7.30> <CoreInst = "m_axi">   --->   Core 111 'm_axi' <Latency = 3> <II = 1> <Delay = 1.00> <Adapter> <Opcode : 'read' 'write' 'readreq' 'writereq' 'writeresp'>
ST_30 : Operation 526 [3/5] (7.30ns)   --->   "%gmem_addr_483_resp = writeresp i1 @_ssdm_op_WriteResp.m_axi.i8P1A, i8 %gmem_addr_291" [cnn_accel.cpp:105]   --->   Operation 526 'writeresp' 'gmem_addr_483_resp' <Predicate = (!icmp_ln94 & and_ln101)> <Delay = 7.30> <CoreInst = "m_axi">   --->   Core 111 'm_axi' <Latency = 3> <II = 1> <Delay = 1.00> <Adapter> <Opcode : 'read' 'write' 'readreq' 'writereq' 'writeresp'>
ST_30 : Operation 527 [4/5] (7.30ns)   --->   "%gmem_addr_484_resp = writeresp i1 @_ssdm_op_WriteResp.m_axi.i8P1A, i8 %gmem_addr_292" [cnn_accel.cpp:105]   --->   Operation 527 'writeresp' 'gmem_addr_484_resp' <Predicate = (!icmp_ln94 & and_ln101)> <Delay = 7.30> <CoreInst = "m_axi">   --->   Core 111 'm_axi' <Latency = 3> <II = 1> <Delay = 1.00> <Adapter> <Opcode : 'read' 'write' 'readreq' 'writereq' 'writeresp'>
ST_30 : Operation 528 [5/5] (7.30ns)   --->   "%gmem_addr_485_resp = writeresp i1 @_ssdm_op_WriteResp.m_axi.i8P1A, i8 %gmem_addr_293" [cnn_accel.cpp:105]   --->   Operation 528 'writeresp' 'gmem_addr_485_resp' <Predicate = (!icmp_ln94 & and_ln101)> <Delay = 7.30> <CoreInst = "m_axi">   --->   Core 111 'm_axi' <Latency = 3> <II = 1> <Delay = 1.00> <Adapter> <Opcode : 'read' 'write' 'readreq' 'writereq' 'writeresp'>
ST_30 : Operation 529 [1/1] (0.00ns)   --->   "%zext_ln105_86 = zext i7 %tile_out_load_86" [cnn_accel.cpp:105]   --->   Operation 529 'zext' 'zext_ln105_86' <Predicate = (!icmp_ln94 & and_ln101)> <Delay = 0.00>
ST_30 : Operation 530 [1/1] (7.30ns)   --->   "%write_ln105 = write void @_ssdm_op_Write.m_axi.volatile.i8P1A, i8 %gmem_addr_294, i8 %zext_ln105_86, i1 1" [cnn_accel.cpp:105]   --->   Operation 530 'write' 'write_ln105' <Predicate = (!icmp_ln94 & and_ln101)> <Delay = 7.30> <CoreInst = "m_axi">   --->   Core 111 'm_axi' <Latency = 5> <II = 1> <Delay = 1.00> <Adapter> <Opcode : 'read' 'write' 'readreq' 'writereq' 'writeresp'>
ST_30 : Operation 531 [1/1] (7.30ns)   --->   "%gmem_addr_487_req = writereq i1 @_ssdm_op_WriteReq.m_axi.i8P1A, i8 %gmem_addr_295, i64 1" [cnn_accel.cpp:105]   --->   Operation 531 'writereq' 'gmem_addr_487_req' <Predicate = (!icmp_ln94 & and_ln101)> <Delay = 7.30> <CoreInst = "m_axi">   --->   Core 111 'm_axi' <Latency = 9> <II = 1> <Delay = 1.00> <Adapter> <Opcode : 'read' 'write' 'readreq' 'writereq' 'writeresp'>

State 31 <SV = 30> <Delay = 7.30>
ST_31 : Operation 532 [1/5] (7.30ns)   --->   "%gmem_addr_482_resp = writeresp i1 @_ssdm_op_WriteResp.m_axi.i8P1A, i8 %gmem_addr_290" [cnn_accel.cpp:105]   --->   Operation 532 'writeresp' 'gmem_addr_482_resp' <Predicate = (!icmp_ln94 & and_ln101)> <Delay = 7.30> <CoreInst = "m_axi">   --->   Core 111 'm_axi' <Latency = 3> <II = 1> <Delay = 1.00> <Adapter> <Opcode : 'read' 'write' 'readreq' 'writereq' 'writeresp'>
ST_31 : Operation 533 [2/5] (7.30ns)   --->   "%gmem_addr_483_resp = writeresp i1 @_ssdm_op_WriteResp.m_axi.i8P1A, i8 %gmem_addr_291" [cnn_accel.cpp:105]   --->   Operation 533 'writeresp' 'gmem_addr_483_resp' <Predicate = (!icmp_ln94 & and_ln101)> <Delay = 7.30> <CoreInst = "m_axi">   --->   Core 111 'm_axi' <Latency = 3> <II = 1> <Delay = 1.00> <Adapter> <Opcode : 'read' 'write' 'readreq' 'writereq' 'writeresp'>
ST_31 : Operation 534 [3/5] (7.30ns)   --->   "%gmem_addr_484_resp = writeresp i1 @_ssdm_op_WriteResp.m_axi.i8P1A, i8 %gmem_addr_292" [cnn_accel.cpp:105]   --->   Operation 534 'writeresp' 'gmem_addr_484_resp' <Predicate = (!icmp_ln94 & and_ln101)> <Delay = 7.30> <CoreInst = "m_axi">   --->   Core 111 'm_axi' <Latency = 3> <II = 1> <Delay = 1.00> <Adapter> <Opcode : 'read' 'write' 'readreq' 'writereq' 'writeresp'>
ST_31 : Operation 535 [4/5] (7.30ns)   --->   "%gmem_addr_485_resp = writeresp i1 @_ssdm_op_WriteResp.m_axi.i8P1A, i8 %gmem_addr_293" [cnn_accel.cpp:105]   --->   Operation 535 'writeresp' 'gmem_addr_485_resp' <Predicate = (!icmp_ln94 & and_ln101)> <Delay = 7.30> <CoreInst = "m_axi">   --->   Core 111 'm_axi' <Latency = 3> <II = 1> <Delay = 1.00> <Adapter> <Opcode : 'read' 'write' 'readreq' 'writereq' 'writeresp'>
ST_31 : Operation 536 [5/5] (7.30ns)   --->   "%gmem_addr_486_resp = writeresp i1 @_ssdm_op_WriteResp.m_axi.i8P1A, i8 %gmem_addr_294" [cnn_accel.cpp:105]   --->   Operation 536 'writeresp' 'gmem_addr_486_resp' <Predicate = (!icmp_ln94 & and_ln101)> <Delay = 7.30> <CoreInst = "m_axi">   --->   Core 111 'm_axi' <Latency = 3> <II = 1> <Delay = 1.00> <Adapter> <Opcode : 'read' 'write' 'readreq' 'writereq' 'writeresp'>
ST_31 : Operation 537 [1/1] (0.00ns)   --->   "%zext_ln105_87 = zext i7 %tile_out_load_87" [cnn_accel.cpp:105]   --->   Operation 537 'zext' 'zext_ln105_87' <Predicate = (!icmp_ln94 & and_ln101)> <Delay = 0.00>
ST_31 : Operation 538 [1/1] (7.30ns)   --->   "%write_ln105 = write void @_ssdm_op_Write.m_axi.volatile.i8P1A, i8 %gmem_addr_295, i8 %zext_ln105_87, i1 1" [cnn_accel.cpp:105]   --->   Operation 538 'write' 'write_ln105' <Predicate = (!icmp_ln94 & and_ln101)> <Delay = 7.30> <CoreInst = "m_axi">   --->   Core 111 'm_axi' <Latency = 5> <II = 1> <Delay = 1.00> <Adapter> <Opcode : 'read' 'write' 'readreq' 'writereq' 'writeresp'>
ST_31 : Operation 539 [1/1] (7.30ns)   --->   "%gmem_addr_488_req = writereq i1 @_ssdm_op_WriteReq.m_axi.i8P1A, i8 %gmem_addr_296, i64 1" [cnn_accel.cpp:105]   --->   Operation 539 'writereq' 'gmem_addr_488_req' <Predicate = (!icmp_ln94 & and_ln101)> <Delay = 7.30> <CoreInst = "m_axi">   --->   Core 111 'm_axi' <Latency = 9> <II = 1> <Delay = 1.00> <Adapter> <Opcode : 'read' 'write' 'readreq' 'writereq' 'writeresp'>

State 32 <SV = 31> <Delay = 7.30>
ST_32 : Operation 540 [1/5] (7.30ns)   --->   "%gmem_addr_483_resp = writeresp i1 @_ssdm_op_WriteResp.m_axi.i8P1A, i8 %gmem_addr_291" [cnn_accel.cpp:105]   --->   Operation 540 'writeresp' 'gmem_addr_483_resp' <Predicate = (!icmp_ln94 & and_ln101)> <Delay = 7.30> <CoreInst = "m_axi">   --->   Core 111 'm_axi' <Latency = 3> <II = 1> <Delay = 1.00> <Adapter> <Opcode : 'read' 'write' 'readreq' 'writereq' 'writeresp'>
ST_32 : Operation 541 [2/5] (7.30ns)   --->   "%gmem_addr_484_resp = writeresp i1 @_ssdm_op_WriteResp.m_axi.i8P1A, i8 %gmem_addr_292" [cnn_accel.cpp:105]   --->   Operation 541 'writeresp' 'gmem_addr_484_resp' <Predicate = (!icmp_ln94 & and_ln101)> <Delay = 7.30> <CoreInst = "m_axi">   --->   Core 111 'm_axi' <Latency = 3> <II = 1> <Delay = 1.00> <Adapter> <Opcode : 'read' 'write' 'readreq' 'writereq' 'writeresp'>
ST_32 : Operation 542 [3/5] (7.30ns)   --->   "%gmem_addr_485_resp = writeresp i1 @_ssdm_op_WriteResp.m_axi.i8P1A, i8 %gmem_addr_293" [cnn_accel.cpp:105]   --->   Operation 542 'writeresp' 'gmem_addr_485_resp' <Predicate = (!icmp_ln94 & and_ln101)> <Delay = 7.30> <CoreInst = "m_axi">   --->   Core 111 'm_axi' <Latency = 3> <II = 1> <Delay = 1.00> <Adapter> <Opcode : 'read' 'write' 'readreq' 'writereq' 'writeresp'>
ST_32 : Operation 543 [4/5] (7.30ns)   --->   "%gmem_addr_486_resp = writeresp i1 @_ssdm_op_WriteResp.m_axi.i8P1A, i8 %gmem_addr_294" [cnn_accel.cpp:105]   --->   Operation 543 'writeresp' 'gmem_addr_486_resp' <Predicate = (!icmp_ln94 & and_ln101)> <Delay = 7.30> <CoreInst = "m_axi">   --->   Core 111 'm_axi' <Latency = 3> <II = 1> <Delay = 1.00> <Adapter> <Opcode : 'read' 'write' 'readreq' 'writereq' 'writeresp'>
ST_32 : Operation 544 [5/5] (7.30ns)   --->   "%gmem_addr_487_resp = writeresp i1 @_ssdm_op_WriteResp.m_axi.i8P1A, i8 %gmem_addr_295" [cnn_accel.cpp:105]   --->   Operation 544 'writeresp' 'gmem_addr_487_resp' <Predicate = (!icmp_ln94 & and_ln101)> <Delay = 7.30> <CoreInst = "m_axi">   --->   Core 111 'm_axi' <Latency = 3> <II = 1> <Delay = 1.00> <Adapter> <Opcode : 'read' 'write' 'readreq' 'writereq' 'writeresp'>
ST_32 : Operation 545 [1/1] (0.00ns)   --->   "%zext_ln105_88 = zext i7 %tile_out_load_88" [cnn_accel.cpp:105]   --->   Operation 545 'zext' 'zext_ln105_88' <Predicate = (!icmp_ln94 & and_ln101)> <Delay = 0.00>
ST_32 : Operation 546 [1/1] (7.30ns)   --->   "%write_ln105 = write void @_ssdm_op_Write.m_axi.volatile.i8P1A, i8 %gmem_addr_296, i8 %zext_ln105_88, i1 1" [cnn_accel.cpp:105]   --->   Operation 546 'write' 'write_ln105' <Predicate = (!icmp_ln94 & and_ln101)> <Delay = 7.30> <CoreInst = "m_axi">   --->   Core 111 'm_axi' <Latency = 5> <II = 1> <Delay = 1.00> <Adapter> <Opcode : 'read' 'write' 'readreq' 'writereq' 'writeresp'>
ST_32 : Operation 547 [1/1] (7.30ns)   --->   "%gmem_addr_489_req = writereq i1 @_ssdm_op_WriteReq.m_axi.i8P1A, i8 %gmem_addr_297, i64 1" [cnn_accel.cpp:105]   --->   Operation 547 'writereq' 'gmem_addr_489_req' <Predicate = (!icmp_ln94 & and_ln101)> <Delay = 7.30> <CoreInst = "m_axi">   --->   Core 111 'm_axi' <Latency = 9> <II = 1> <Delay = 1.00> <Adapter> <Opcode : 'read' 'write' 'readreq' 'writereq' 'writeresp'>

State 33 <SV = 32> <Delay = 7.30>
ST_33 : Operation 548 [1/5] (7.30ns)   --->   "%gmem_addr_484_resp = writeresp i1 @_ssdm_op_WriteResp.m_axi.i8P1A, i8 %gmem_addr_292" [cnn_accel.cpp:105]   --->   Operation 548 'writeresp' 'gmem_addr_484_resp' <Predicate = (and_ln101)> <Delay = 7.30> <CoreInst = "m_axi">   --->   Core 111 'm_axi' <Latency = 3> <II = 1> <Delay = 1.00> <Adapter> <Opcode : 'read' 'write' 'readreq' 'writereq' 'writeresp'>
ST_33 : Operation 549 [2/5] (7.30ns)   --->   "%gmem_addr_485_resp = writeresp i1 @_ssdm_op_WriteResp.m_axi.i8P1A, i8 %gmem_addr_293" [cnn_accel.cpp:105]   --->   Operation 549 'writeresp' 'gmem_addr_485_resp' <Predicate = (and_ln101)> <Delay = 7.30> <CoreInst = "m_axi">   --->   Core 111 'm_axi' <Latency = 3> <II = 1> <Delay = 1.00> <Adapter> <Opcode : 'read' 'write' 'readreq' 'writereq' 'writeresp'>
ST_33 : Operation 550 [3/5] (7.30ns)   --->   "%gmem_addr_486_resp = writeresp i1 @_ssdm_op_WriteResp.m_axi.i8P1A, i8 %gmem_addr_294" [cnn_accel.cpp:105]   --->   Operation 550 'writeresp' 'gmem_addr_486_resp' <Predicate = (and_ln101)> <Delay = 7.30> <CoreInst = "m_axi">   --->   Core 111 'm_axi' <Latency = 3> <II = 1> <Delay = 1.00> <Adapter> <Opcode : 'read' 'write' 'readreq' 'writereq' 'writeresp'>
ST_33 : Operation 551 [4/5] (7.30ns)   --->   "%gmem_addr_487_resp = writeresp i1 @_ssdm_op_WriteResp.m_axi.i8P1A, i8 %gmem_addr_295" [cnn_accel.cpp:105]   --->   Operation 551 'writeresp' 'gmem_addr_487_resp' <Predicate = (and_ln101)> <Delay = 7.30> <CoreInst = "m_axi">   --->   Core 111 'm_axi' <Latency = 3> <II = 1> <Delay = 1.00> <Adapter> <Opcode : 'read' 'write' 'readreq' 'writereq' 'writeresp'>
ST_33 : Operation 552 [5/5] (7.30ns)   --->   "%gmem_addr_488_resp = writeresp i1 @_ssdm_op_WriteResp.m_axi.i8P1A, i8 %gmem_addr_296" [cnn_accel.cpp:105]   --->   Operation 552 'writeresp' 'gmem_addr_488_resp' <Predicate = (and_ln101)> <Delay = 7.30> <CoreInst = "m_axi">   --->   Core 111 'm_axi' <Latency = 3> <II = 1> <Delay = 1.00> <Adapter> <Opcode : 'read' 'write' 'readreq' 'writereq' 'writeresp'>
ST_33 : Operation 553 [1/1] (0.00ns)   --->   "%zext_ln105_89 = zext i7 %tile_out_load_89" [cnn_accel.cpp:105]   --->   Operation 553 'zext' 'zext_ln105_89' <Predicate = (and_ln101)> <Delay = 0.00>
ST_33 : Operation 554 [1/1] (7.30ns)   --->   "%write_ln105 = write void @_ssdm_op_Write.m_axi.volatile.i8P1A, i8 %gmem_addr_297, i8 %zext_ln105_89, i1 1" [cnn_accel.cpp:105]   --->   Operation 554 'write' 'write_ln105' <Predicate = (and_ln101)> <Delay = 7.30> <CoreInst = "m_axi">   --->   Core 111 'm_axi' <Latency = 5> <II = 1> <Delay = 1.00> <Adapter> <Opcode : 'read' 'write' 'readreq' 'writereq' 'writeresp'>
ST_33 : Operation 555 [1/1] (7.30ns)   --->   "%gmem_addr_490_req = writereq i1 @_ssdm_op_WriteReq.m_axi.i8P1A, i8 %gmem_addr_298, i64 1" [cnn_accel.cpp:105]   --->   Operation 555 'writereq' 'gmem_addr_490_req' <Predicate = (and_ln101)> <Delay = 7.30> <CoreInst = "m_axi">   --->   Core 111 'm_axi' <Latency = 9> <II = 1> <Delay = 1.00> <Adapter> <Opcode : 'read' 'write' 'readreq' 'writereq' 'writeresp'>

State 34 <SV = 33> <Delay = 7.30>
ST_34 : Operation 556 [1/5] (7.30ns)   --->   "%gmem_addr_485_resp = writeresp i1 @_ssdm_op_WriteResp.m_axi.i8P1A, i8 %gmem_addr_293" [cnn_accel.cpp:105]   --->   Operation 556 'writeresp' 'gmem_addr_485_resp' <Predicate = (and_ln101)> <Delay = 7.30> <CoreInst = "m_axi">   --->   Core 111 'm_axi' <Latency = 3> <II = 1> <Delay = 1.00> <Adapter> <Opcode : 'read' 'write' 'readreq' 'writereq' 'writeresp'>
ST_34 : Operation 557 [2/5] (7.30ns)   --->   "%gmem_addr_486_resp = writeresp i1 @_ssdm_op_WriteResp.m_axi.i8P1A, i8 %gmem_addr_294" [cnn_accel.cpp:105]   --->   Operation 557 'writeresp' 'gmem_addr_486_resp' <Predicate = (and_ln101)> <Delay = 7.30> <CoreInst = "m_axi">   --->   Core 111 'm_axi' <Latency = 3> <II = 1> <Delay = 1.00> <Adapter> <Opcode : 'read' 'write' 'readreq' 'writereq' 'writeresp'>
ST_34 : Operation 558 [3/5] (7.30ns)   --->   "%gmem_addr_487_resp = writeresp i1 @_ssdm_op_WriteResp.m_axi.i8P1A, i8 %gmem_addr_295" [cnn_accel.cpp:105]   --->   Operation 558 'writeresp' 'gmem_addr_487_resp' <Predicate = (and_ln101)> <Delay = 7.30> <CoreInst = "m_axi">   --->   Core 111 'm_axi' <Latency = 3> <II = 1> <Delay = 1.00> <Adapter> <Opcode : 'read' 'write' 'readreq' 'writereq' 'writeresp'>
ST_34 : Operation 559 [4/5] (7.30ns)   --->   "%gmem_addr_488_resp = writeresp i1 @_ssdm_op_WriteResp.m_axi.i8P1A, i8 %gmem_addr_296" [cnn_accel.cpp:105]   --->   Operation 559 'writeresp' 'gmem_addr_488_resp' <Predicate = (and_ln101)> <Delay = 7.30> <CoreInst = "m_axi">   --->   Core 111 'm_axi' <Latency = 3> <II = 1> <Delay = 1.00> <Adapter> <Opcode : 'read' 'write' 'readreq' 'writereq' 'writeresp'>
ST_34 : Operation 560 [5/5] (7.30ns)   --->   "%gmem_addr_489_resp = writeresp i1 @_ssdm_op_WriteResp.m_axi.i8P1A, i8 %gmem_addr_297" [cnn_accel.cpp:105]   --->   Operation 560 'writeresp' 'gmem_addr_489_resp' <Predicate = (and_ln101)> <Delay = 7.30> <CoreInst = "m_axi">   --->   Core 111 'm_axi' <Latency = 3> <II = 1> <Delay = 1.00> <Adapter> <Opcode : 'read' 'write' 'readreq' 'writereq' 'writeresp'>
ST_34 : Operation 561 [1/1] (0.00ns)   --->   "%zext_ln105_90 = zext i7 %tile_out_load_90" [cnn_accel.cpp:105]   --->   Operation 561 'zext' 'zext_ln105_90' <Predicate = (and_ln101)> <Delay = 0.00>
ST_34 : Operation 562 [1/1] (7.30ns)   --->   "%write_ln105 = write void @_ssdm_op_Write.m_axi.volatile.i8P1A, i8 %gmem_addr_298, i8 %zext_ln105_90, i1 1" [cnn_accel.cpp:105]   --->   Operation 562 'write' 'write_ln105' <Predicate = (and_ln101)> <Delay = 7.30> <CoreInst = "m_axi">   --->   Core 111 'm_axi' <Latency = 5> <II = 1> <Delay = 1.00> <Adapter> <Opcode : 'read' 'write' 'readreq' 'writereq' 'writeresp'>
ST_34 : Operation 563 [1/1] (7.30ns)   --->   "%gmem_addr_491_req = writereq i1 @_ssdm_op_WriteReq.m_axi.i8P1A, i8 %gmem_addr_299, i64 1" [cnn_accel.cpp:105]   --->   Operation 563 'writereq' 'gmem_addr_491_req' <Predicate = (and_ln101)> <Delay = 7.30> <CoreInst = "m_axi">   --->   Core 111 'm_axi' <Latency = 9> <II = 1> <Delay = 1.00> <Adapter> <Opcode : 'read' 'write' 'readreq' 'writereq' 'writeresp'>

State 35 <SV = 34> <Delay = 7.30>
ST_35 : Operation 564 [1/5] (7.30ns)   --->   "%gmem_addr_486_resp = writeresp i1 @_ssdm_op_WriteResp.m_axi.i8P1A, i8 %gmem_addr_294" [cnn_accel.cpp:105]   --->   Operation 564 'writeresp' 'gmem_addr_486_resp' <Predicate = (and_ln101)> <Delay = 7.30> <CoreInst = "m_axi">   --->   Core 111 'm_axi' <Latency = 3> <II = 1> <Delay = 1.00> <Adapter> <Opcode : 'read' 'write' 'readreq' 'writereq' 'writeresp'>
ST_35 : Operation 565 [2/5] (7.30ns)   --->   "%gmem_addr_487_resp = writeresp i1 @_ssdm_op_WriteResp.m_axi.i8P1A, i8 %gmem_addr_295" [cnn_accel.cpp:105]   --->   Operation 565 'writeresp' 'gmem_addr_487_resp' <Predicate = (and_ln101)> <Delay = 7.30> <CoreInst = "m_axi">   --->   Core 111 'm_axi' <Latency = 3> <II = 1> <Delay = 1.00> <Adapter> <Opcode : 'read' 'write' 'readreq' 'writereq' 'writeresp'>
ST_35 : Operation 566 [3/5] (7.30ns)   --->   "%gmem_addr_488_resp = writeresp i1 @_ssdm_op_WriteResp.m_axi.i8P1A, i8 %gmem_addr_296" [cnn_accel.cpp:105]   --->   Operation 566 'writeresp' 'gmem_addr_488_resp' <Predicate = (and_ln101)> <Delay = 7.30> <CoreInst = "m_axi">   --->   Core 111 'm_axi' <Latency = 3> <II = 1> <Delay = 1.00> <Adapter> <Opcode : 'read' 'write' 'readreq' 'writereq' 'writeresp'>
ST_35 : Operation 567 [4/5] (7.30ns)   --->   "%gmem_addr_489_resp = writeresp i1 @_ssdm_op_WriteResp.m_axi.i8P1A, i8 %gmem_addr_297" [cnn_accel.cpp:105]   --->   Operation 567 'writeresp' 'gmem_addr_489_resp' <Predicate = (and_ln101)> <Delay = 7.30> <CoreInst = "m_axi">   --->   Core 111 'm_axi' <Latency = 3> <II = 1> <Delay = 1.00> <Adapter> <Opcode : 'read' 'write' 'readreq' 'writereq' 'writeresp'>
ST_35 : Operation 568 [5/5] (7.30ns)   --->   "%gmem_addr_490_resp = writeresp i1 @_ssdm_op_WriteResp.m_axi.i8P1A, i8 %gmem_addr_298" [cnn_accel.cpp:105]   --->   Operation 568 'writeresp' 'gmem_addr_490_resp' <Predicate = (and_ln101)> <Delay = 7.30> <CoreInst = "m_axi">   --->   Core 111 'm_axi' <Latency = 3> <II = 1> <Delay = 1.00> <Adapter> <Opcode : 'read' 'write' 'readreq' 'writereq' 'writeresp'>
ST_35 : Operation 569 [1/1] (0.00ns)   --->   "%zext_ln105_91 = zext i7 %tile_out_load_91" [cnn_accel.cpp:105]   --->   Operation 569 'zext' 'zext_ln105_91' <Predicate = (and_ln101)> <Delay = 0.00>
ST_35 : Operation 570 [1/1] (7.30ns)   --->   "%write_ln105 = write void @_ssdm_op_Write.m_axi.volatile.i8P1A, i8 %gmem_addr_299, i8 %zext_ln105_91, i1 1" [cnn_accel.cpp:105]   --->   Operation 570 'write' 'write_ln105' <Predicate = (and_ln101)> <Delay = 7.30> <CoreInst = "m_axi">   --->   Core 111 'm_axi' <Latency = 5> <II = 1> <Delay = 1.00> <Adapter> <Opcode : 'read' 'write' 'readreq' 'writereq' 'writeresp'>
ST_35 : Operation 571 [1/1] (7.30ns)   --->   "%gmem_addr_492_req = writereq i1 @_ssdm_op_WriteReq.m_axi.i8P1A, i8 %gmem_addr_300, i64 1" [cnn_accel.cpp:105]   --->   Operation 571 'writereq' 'gmem_addr_492_req' <Predicate = (and_ln101)> <Delay = 7.30> <CoreInst = "m_axi">   --->   Core 111 'm_axi' <Latency = 9> <II = 1> <Delay = 1.00> <Adapter> <Opcode : 'read' 'write' 'readreq' 'writereq' 'writeresp'>

State 36 <SV = 35> <Delay = 7.30>
ST_36 : Operation 572 [1/5] (7.30ns)   --->   "%gmem_addr_487_resp = writeresp i1 @_ssdm_op_WriteResp.m_axi.i8P1A, i8 %gmem_addr_295" [cnn_accel.cpp:105]   --->   Operation 572 'writeresp' 'gmem_addr_487_resp' <Predicate = (and_ln101)> <Delay = 7.30> <CoreInst = "m_axi">   --->   Core 111 'm_axi' <Latency = 3> <II = 1> <Delay = 1.00> <Adapter> <Opcode : 'read' 'write' 'readreq' 'writereq' 'writeresp'>
ST_36 : Operation 573 [2/5] (7.30ns)   --->   "%gmem_addr_488_resp = writeresp i1 @_ssdm_op_WriteResp.m_axi.i8P1A, i8 %gmem_addr_296" [cnn_accel.cpp:105]   --->   Operation 573 'writeresp' 'gmem_addr_488_resp' <Predicate = (and_ln101)> <Delay = 7.30> <CoreInst = "m_axi">   --->   Core 111 'm_axi' <Latency = 3> <II = 1> <Delay = 1.00> <Adapter> <Opcode : 'read' 'write' 'readreq' 'writereq' 'writeresp'>
ST_36 : Operation 574 [3/5] (7.30ns)   --->   "%gmem_addr_489_resp = writeresp i1 @_ssdm_op_WriteResp.m_axi.i8P1A, i8 %gmem_addr_297" [cnn_accel.cpp:105]   --->   Operation 574 'writeresp' 'gmem_addr_489_resp' <Predicate = (and_ln101)> <Delay = 7.30> <CoreInst = "m_axi">   --->   Core 111 'm_axi' <Latency = 3> <II = 1> <Delay = 1.00> <Adapter> <Opcode : 'read' 'write' 'readreq' 'writereq' 'writeresp'>
ST_36 : Operation 575 [4/5] (7.30ns)   --->   "%gmem_addr_490_resp = writeresp i1 @_ssdm_op_WriteResp.m_axi.i8P1A, i8 %gmem_addr_298" [cnn_accel.cpp:105]   --->   Operation 575 'writeresp' 'gmem_addr_490_resp' <Predicate = (and_ln101)> <Delay = 7.30> <CoreInst = "m_axi">   --->   Core 111 'm_axi' <Latency = 3> <II = 1> <Delay = 1.00> <Adapter> <Opcode : 'read' 'write' 'readreq' 'writereq' 'writeresp'>
ST_36 : Operation 576 [5/5] (7.30ns)   --->   "%gmem_addr_491_resp = writeresp i1 @_ssdm_op_WriteResp.m_axi.i8P1A, i8 %gmem_addr_299" [cnn_accel.cpp:105]   --->   Operation 576 'writeresp' 'gmem_addr_491_resp' <Predicate = (and_ln101)> <Delay = 7.30> <CoreInst = "m_axi">   --->   Core 111 'm_axi' <Latency = 3> <II = 1> <Delay = 1.00> <Adapter> <Opcode : 'read' 'write' 'readreq' 'writereq' 'writeresp'>
ST_36 : Operation 577 [1/1] (0.00ns)   --->   "%zext_ln105_92 = zext i7 %tile_out_load_92" [cnn_accel.cpp:105]   --->   Operation 577 'zext' 'zext_ln105_92' <Predicate = (and_ln101)> <Delay = 0.00>
ST_36 : Operation 578 [1/1] (7.30ns)   --->   "%write_ln105 = write void @_ssdm_op_Write.m_axi.volatile.i8P1A, i8 %gmem_addr_300, i8 %zext_ln105_92, i1 1" [cnn_accel.cpp:105]   --->   Operation 578 'write' 'write_ln105' <Predicate = (and_ln101)> <Delay = 7.30> <CoreInst = "m_axi">   --->   Core 111 'm_axi' <Latency = 5> <II = 1> <Delay = 1.00> <Adapter> <Opcode : 'read' 'write' 'readreq' 'writereq' 'writeresp'>
ST_36 : Operation 579 [1/1] (7.30ns)   --->   "%gmem_addr_493_req = writereq i1 @_ssdm_op_WriteReq.m_axi.i8P1A, i8 %gmem_addr_301, i64 1" [cnn_accel.cpp:105]   --->   Operation 579 'writereq' 'gmem_addr_493_req' <Predicate = (and_ln101)> <Delay = 7.30> <CoreInst = "m_axi">   --->   Core 111 'm_axi' <Latency = 9> <II = 1> <Delay = 1.00> <Adapter> <Opcode : 'read' 'write' 'readreq' 'writereq' 'writeresp'>

State 37 <SV = 36> <Delay = 7.30>
ST_37 : Operation 580 [1/5] (7.30ns)   --->   "%gmem_addr_488_resp = writeresp i1 @_ssdm_op_WriteResp.m_axi.i8P1A, i8 %gmem_addr_296" [cnn_accel.cpp:105]   --->   Operation 580 'writeresp' 'gmem_addr_488_resp' <Predicate = (and_ln101)> <Delay = 7.30> <CoreInst = "m_axi">   --->   Core 111 'm_axi' <Latency = 3> <II = 1> <Delay = 1.00> <Adapter> <Opcode : 'read' 'write' 'readreq' 'writereq' 'writeresp'>
ST_37 : Operation 581 [2/5] (7.30ns)   --->   "%gmem_addr_489_resp = writeresp i1 @_ssdm_op_WriteResp.m_axi.i8P1A, i8 %gmem_addr_297" [cnn_accel.cpp:105]   --->   Operation 581 'writeresp' 'gmem_addr_489_resp' <Predicate = (and_ln101)> <Delay = 7.30> <CoreInst = "m_axi">   --->   Core 111 'm_axi' <Latency = 3> <II = 1> <Delay = 1.00> <Adapter> <Opcode : 'read' 'write' 'readreq' 'writereq' 'writeresp'>
ST_37 : Operation 582 [3/5] (7.30ns)   --->   "%gmem_addr_490_resp = writeresp i1 @_ssdm_op_WriteResp.m_axi.i8P1A, i8 %gmem_addr_298" [cnn_accel.cpp:105]   --->   Operation 582 'writeresp' 'gmem_addr_490_resp' <Predicate = (and_ln101)> <Delay = 7.30> <CoreInst = "m_axi">   --->   Core 111 'm_axi' <Latency = 3> <II = 1> <Delay = 1.00> <Adapter> <Opcode : 'read' 'write' 'readreq' 'writereq' 'writeresp'>
ST_37 : Operation 583 [4/5] (7.30ns)   --->   "%gmem_addr_491_resp = writeresp i1 @_ssdm_op_WriteResp.m_axi.i8P1A, i8 %gmem_addr_299" [cnn_accel.cpp:105]   --->   Operation 583 'writeresp' 'gmem_addr_491_resp' <Predicate = (and_ln101)> <Delay = 7.30> <CoreInst = "m_axi">   --->   Core 111 'm_axi' <Latency = 3> <II = 1> <Delay = 1.00> <Adapter> <Opcode : 'read' 'write' 'readreq' 'writereq' 'writeresp'>
ST_37 : Operation 584 [5/5] (7.30ns)   --->   "%gmem_addr_492_resp = writeresp i1 @_ssdm_op_WriteResp.m_axi.i8P1A, i8 %gmem_addr_300" [cnn_accel.cpp:105]   --->   Operation 584 'writeresp' 'gmem_addr_492_resp' <Predicate = (and_ln101)> <Delay = 7.30> <CoreInst = "m_axi">   --->   Core 111 'm_axi' <Latency = 3> <II = 1> <Delay = 1.00> <Adapter> <Opcode : 'read' 'write' 'readreq' 'writereq' 'writeresp'>
ST_37 : Operation 585 [1/1] (0.00ns)   --->   "%zext_ln105_93 = zext i7 %tile_out_load_93" [cnn_accel.cpp:105]   --->   Operation 585 'zext' 'zext_ln105_93' <Predicate = (and_ln101)> <Delay = 0.00>
ST_37 : Operation 586 [1/1] (7.30ns)   --->   "%write_ln105 = write void @_ssdm_op_Write.m_axi.volatile.i8P1A, i8 %gmem_addr_301, i8 %zext_ln105_93, i1 1" [cnn_accel.cpp:105]   --->   Operation 586 'write' 'write_ln105' <Predicate = (and_ln101)> <Delay = 7.30> <CoreInst = "m_axi">   --->   Core 111 'm_axi' <Latency = 5> <II = 1> <Delay = 1.00> <Adapter> <Opcode : 'read' 'write' 'readreq' 'writereq' 'writeresp'>
ST_37 : Operation 587 [1/1] (7.30ns)   --->   "%gmem_addr_494_req = writereq i1 @_ssdm_op_WriteReq.m_axi.i8P1A, i8 %gmem_addr_302, i64 1" [cnn_accel.cpp:105]   --->   Operation 587 'writereq' 'gmem_addr_494_req' <Predicate = (and_ln101)> <Delay = 7.30> <CoreInst = "m_axi">   --->   Core 111 'm_axi' <Latency = 9> <II = 1> <Delay = 1.00> <Adapter> <Opcode : 'read' 'write' 'readreq' 'writereq' 'writeresp'>

State 38 <SV = 37> <Delay = 7.30>
ST_38 : Operation 588 [1/5] (7.30ns)   --->   "%gmem_addr_489_resp = writeresp i1 @_ssdm_op_WriteResp.m_axi.i8P1A, i8 %gmem_addr_297" [cnn_accel.cpp:105]   --->   Operation 588 'writeresp' 'gmem_addr_489_resp' <Predicate = (and_ln101)> <Delay = 7.30> <CoreInst = "m_axi">   --->   Core 111 'm_axi' <Latency = 3> <II = 1> <Delay = 1.00> <Adapter> <Opcode : 'read' 'write' 'readreq' 'writereq' 'writeresp'>
ST_38 : Operation 589 [2/5] (7.30ns)   --->   "%gmem_addr_490_resp = writeresp i1 @_ssdm_op_WriteResp.m_axi.i8P1A, i8 %gmem_addr_298" [cnn_accel.cpp:105]   --->   Operation 589 'writeresp' 'gmem_addr_490_resp' <Predicate = (and_ln101)> <Delay = 7.30> <CoreInst = "m_axi">   --->   Core 111 'm_axi' <Latency = 3> <II = 1> <Delay = 1.00> <Adapter> <Opcode : 'read' 'write' 'readreq' 'writereq' 'writeresp'>
ST_38 : Operation 590 [3/5] (7.30ns)   --->   "%gmem_addr_491_resp = writeresp i1 @_ssdm_op_WriteResp.m_axi.i8P1A, i8 %gmem_addr_299" [cnn_accel.cpp:105]   --->   Operation 590 'writeresp' 'gmem_addr_491_resp' <Predicate = (and_ln101)> <Delay = 7.30> <CoreInst = "m_axi">   --->   Core 111 'm_axi' <Latency = 3> <II = 1> <Delay = 1.00> <Adapter> <Opcode : 'read' 'write' 'readreq' 'writereq' 'writeresp'>
ST_38 : Operation 591 [4/5] (7.30ns)   --->   "%gmem_addr_492_resp = writeresp i1 @_ssdm_op_WriteResp.m_axi.i8P1A, i8 %gmem_addr_300" [cnn_accel.cpp:105]   --->   Operation 591 'writeresp' 'gmem_addr_492_resp' <Predicate = (and_ln101)> <Delay = 7.30> <CoreInst = "m_axi">   --->   Core 111 'm_axi' <Latency = 3> <II = 1> <Delay = 1.00> <Adapter> <Opcode : 'read' 'write' 'readreq' 'writereq' 'writeresp'>
ST_38 : Operation 592 [5/5] (7.30ns)   --->   "%gmem_addr_493_resp = writeresp i1 @_ssdm_op_WriteResp.m_axi.i8P1A, i8 %gmem_addr_301" [cnn_accel.cpp:105]   --->   Operation 592 'writeresp' 'gmem_addr_493_resp' <Predicate = (and_ln101)> <Delay = 7.30> <CoreInst = "m_axi">   --->   Core 111 'm_axi' <Latency = 3> <II = 1> <Delay = 1.00> <Adapter> <Opcode : 'read' 'write' 'readreq' 'writereq' 'writeresp'>
ST_38 : Operation 593 [1/1] (0.00ns)   --->   "%zext_ln105_94 = zext i7 %tile_out_load_94" [cnn_accel.cpp:105]   --->   Operation 593 'zext' 'zext_ln105_94' <Predicate = (and_ln101)> <Delay = 0.00>
ST_38 : Operation 594 [1/1] (7.30ns)   --->   "%write_ln105 = write void @_ssdm_op_Write.m_axi.volatile.i8P1A, i8 %gmem_addr_302, i8 %zext_ln105_94, i1 1" [cnn_accel.cpp:105]   --->   Operation 594 'write' 'write_ln105' <Predicate = (and_ln101)> <Delay = 7.30> <CoreInst = "m_axi">   --->   Core 111 'm_axi' <Latency = 5> <II = 1> <Delay = 1.00> <Adapter> <Opcode : 'read' 'write' 'readreq' 'writereq' 'writeresp'>

State 39 <SV = 38> <Delay = 7.30>
ST_39 : Operation 595 [1/5] (7.30ns)   --->   "%gmem_addr_490_resp = writeresp i1 @_ssdm_op_WriteResp.m_axi.i8P1A, i8 %gmem_addr_298" [cnn_accel.cpp:105]   --->   Operation 595 'writeresp' 'gmem_addr_490_resp' <Predicate = (and_ln101)> <Delay = 7.30> <CoreInst = "m_axi">   --->   Core 111 'm_axi' <Latency = 3> <II = 1> <Delay = 1.00> <Adapter> <Opcode : 'read' 'write' 'readreq' 'writereq' 'writeresp'>
ST_39 : Operation 596 [2/5] (7.30ns)   --->   "%gmem_addr_491_resp = writeresp i1 @_ssdm_op_WriteResp.m_axi.i8P1A, i8 %gmem_addr_299" [cnn_accel.cpp:105]   --->   Operation 596 'writeresp' 'gmem_addr_491_resp' <Predicate = (and_ln101)> <Delay = 7.30> <CoreInst = "m_axi">   --->   Core 111 'm_axi' <Latency = 3> <II = 1> <Delay = 1.00> <Adapter> <Opcode : 'read' 'write' 'readreq' 'writereq' 'writeresp'>
ST_39 : Operation 597 [3/5] (7.30ns)   --->   "%gmem_addr_492_resp = writeresp i1 @_ssdm_op_WriteResp.m_axi.i8P1A, i8 %gmem_addr_300" [cnn_accel.cpp:105]   --->   Operation 597 'writeresp' 'gmem_addr_492_resp' <Predicate = (and_ln101)> <Delay = 7.30> <CoreInst = "m_axi">   --->   Core 111 'm_axi' <Latency = 3> <II = 1> <Delay = 1.00> <Adapter> <Opcode : 'read' 'write' 'readreq' 'writereq' 'writeresp'>
ST_39 : Operation 598 [4/5] (7.30ns)   --->   "%gmem_addr_493_resp = writeresp i1 @_ssdm_op_WriteResp.m_axi.i8P1A, i8 %gmem_addr_301" [cnn_accel.cpp:105]   --->   Operation 598 'writeresp' 'gmem_addr_493_resp' <Predicate = (and_ln101)> <Delay = 7.30> <CoreInst = "m_axi">   --->   Core 111 'm_axi' <Latency = 3> <II = 1> <Delay = 1.00> <Adapter> <Opcode : 'read' 'write' 'readreq' 'writereq' 'writeresp'>
ST_39 : Operation 599 [5/5] (7.30ns)   --->   "%gmem_addr_494_resp = writeresp i1 @_ssdm_op_WriteResp.m_axi.i8P1A, i8 %gmem_addr_302" [cnn_accel.cpp:105]   --->   Operation 599 'writeresp' 'gmem_addr_494_resp' <Predicate = (and_ln101)> <Delay = 7.30> <CoreInst = "m_axi">   --->   Core 111 'm_axi' <Latency = 3> <II = 1> <Delay = 1.00> <Adapter> <Opcode : 'read' 'write' 'readreq' 'writereq' 'writeresp'>

State 40 <SV = 39> <Delay = 7.30>
ST_40 : Operation 600 [1/5] (7.30ns)   --->   "%gmem_addr_491_resp = writeresp i1 @_ssdm_op_WriteResp.m_axi.i8P1A, i8 %gmem_addr_299" [cnn_accel.cpp:105]   --->   Operation 600 'writeresp' 'gmem_addr_491_resp' <Predicate = (and_ln101)> <Delay = 7.30> <CoreInst = "m_axi">   --->   Core 111 'm_axi' <Latency = 3> <II = 1> <Delay = 1.00> <Adapter> <Opcode : 'read' 'write' 'readreq' 'writereq' 'writeresp'>
ST_40 : Operation 601 [2/5] (7.30ns)   --->   "%gmem_addr_492_resp = writeresp i1 @_ssdm_op_WriteResp.m_axi.i8P1A, i8 %gmem_addr_300" [cnn_accel.cpp:105]   --->   Operation 601 'writeresp' 'gmem_addr_492_resp' <Predicate = (and_ln101)> <Delay = 7.30> <CoreInst = "m_axi">   --->   Core 111 'm_axi' <Latency = 3> <II = 1> <Delay = 1.00> <Adapter> <Opcode : 'read' 'write' 'readreq' 'writereq' 'writeresp'>
ST_40 : Operation 602 [3/5] (7.30ns)   --->   "%gmem_addr_493_resp = writeresp i1 @_ssdm_op_WriteResp.m_axi.i8P1A, i8 %gmem_addr_301" [cnn_accel.cpp:105]   --->   Operation 602 'writeresp' 'gmem_addr_493_resp' <Predicate = (and_ln101)> <Delay = 7.30> <CoreInst = "m_axi">   --->   Core 111 'm_axi' <Latency = 3> <II = 1> <Delay = 1.00> <Adapter> <Opcode : 'read' 'write' 'readreq' 'writereq' 'writeresp'>
ST_40 : Operation 603 [4/5] (7.30ns)   --->   "%gmem_addr_494_resp = writeresp i1 @_ssdm_op_WriteResp.m_axi.i8P1A, i8 %gmem_addr_302" [cnn_accel.cpp:105]   --->   Operation 603 'writeresp' 'gmem_addr_494_resp' <Predicate = (and_ln101)> <Delay = 7.30> <CoreInst = "m_axi">   --->   Core 111 'm_axi' <Latency = 3> <II = 1> <Delay = 1.00> <Adapter> <Opcode : 'read' 'write' 'readreq' 'writereq' 'writeresp'>

State 41 <SV = 40> <Delay = 7.30>
ST_41 : Operation 604 [1/5] (7.30ns)   --->   "%gmem_addr_492_resp = writeresp i1 @_ssdm_op_WriteResp.m_axi.i8P1A, i8 %gmem_addr_300" [cnn_accel.cpp:105]   --->   Operation 604 'writeresp' 'gmem_addr_492_resp' <Predicate = (and_ln101)> <Delay = 7.30> <CoreInst = "m_axi">   --->   Core 111 'm_axi' <Latency = 3> <II = 1> <Delay = 1.00> <Adapter> <Opcode : 'read' 'write' 'readreq' 'writereq' 'writeresp'>
ST_41 : Operation 605 [2/5] (7.30ns)   --->   "%gmem_addr_493_resp = writeresp i1 @_ssdm_op_WriteResp.m_axi.i8P1A, i8 %gmem_addr_301" [cnn_accel.cpp:105]   --->   Operation 605 'writeresp' 'gmem_addr_493_resp' <Predicate = (and_ln101)> <Delay = 7.30> <CoreInst = "m_axi">   --->   Core 111 'm_axi' <Latency = 3> <II = 1> <Delay = 1.00> <Adapter> <Opcode : 'read' 'write' 'readreq' 'writereq' 'writeresp'>
ST_41 : Operation 606 [3/5] (7.30ns)   --->   "%gmem_addr_494_resp = writeresp i1 @_ssdm_op_WriteResp.m_axi.i8P1A, i8 %gmem_addr_302" [cnn_accel.cpp:105]   --->   Operation 606 'writeresp' 'gmem_addr_494_resp' <Predicate = (and_ln101)> <Delay = 7.30> <CoreInst = "m_axi">   --->   Core 111 'm_axi' <Latency = 3> <II = 1> <Delay = 1.00> <Adapter> <Opcode : 'read' 'write' 'readreq' 'writereq' 'writeresp'>

State 42 <SV = 41> <Delay = 7.30>
ST_42 : Operation 607 [1/5] (7.30ns)   --->   "%gmem_addr_493_resp = writeresp i1 @_ssdm_op_WriteResp.m_axi.i8P1A, i8 %gmem_addr_301" [cnn_accel.cpp:105]   --->   Operation 607 'writeresp' 'gmem_addr_493_resp' <Predicate = (and_ln101)> <Delay = 7.30> <CoreInst = "m_axi">   --->   Core 111 'm_axi' <Latency = 3> <II = 1> <Delay = 1.00> <Adapter> <Opcode : 'read' 'write' 'readreq' 'writereq' 'writeresp'>
ST_42 : Operation 608 [2/5] (7.30ns)   --->   "%gmem_addr_494_resp = writeresp i1 @_ssdm_op_WriteResp.m_axi.i8P1A, i8 %gmem_addr_302" [cnn_accel.cpp:105]   --->   Operation 608 'writeresp' 'gmem_addr_494_resp' <Predicate = (and_ln101)> <Delay = 7.30> <CoreInst = "m_axi">   --->   Core 111 'm_axi' <Latency = 3> <II = 1> <Delay = 1.00> <Adapter> <Opcode : 'read' 'write' 'readreq' 'writereq' 'writeresp'>

State 43 <SV = 42> <Delay = 7.30>
ST_43 : Operation 609 [1/5] (7.30ns)   --->   "%gmem_addr_494_resp = writeresp i1 @_ssdm_op_WriteResp.m_axi.i8P1A, i8 %gmem_addr_302" [cnn_accel.cpp:105]   --->   Operation 609 'writeresp' 'gmem_addr_494_resp' <Predicate = (and_ln101)> <Delay = 7.30> <CoreInst = "m_axi">   --->   Core 111 'm_axi' <Latency = 3> <II = 1> <Delay = 1.00> <Adapter> <Opcode : 'read' 'write' 'readreq' 'writereq' 'writeresp'>
ST_43 : Operation 610 [1/1] (0.00ns)   --->   "%br_ln95 = br void %for.inc167" [cnn_accel.cpp:95]   --->   Operation 610 'br' 'br_ln95' <Predicate = (and_ln101)> <Delay = 0.00>


============================================================
+ Verbose Summary: Timing violations
============================================================
Target clock period: 10.000ns, clock uncertainty: 2.700ns.

 <State 1>: 6.298ns
The critical path consists of the following:
	'store' operation 0 bit ('store_ln94', cnn_accel.cpp:94) of constant 0 on local variable 'y', cnn_accel.cpp:94 [22]  (1.610 ns)
	'load' operation 5 bit ('y_load', cnn_accel.cpp:94) on local variable 'y', cnn_accel.cpp:94 [32]  (0.000 ns)
	'add' operation 5 bit ('add_ln94', cnn_accel.cpp:94) [33]  (1.861 ns)
	'select' operation 5 bit ('select_ln94_2', cnn_accel.cpp:94) [38]  (1.217 ns)
	'store' operation 0 bit ('store_ln94', cnn_accel.cpp:94) of variable 'select_ln94_2', cnn_accel.cpp:94 on local variable 'y', cnn_accel.cpp:94 [413]  (1.610 ns)

 <State 2>: 6.347ns
The critical path consists of the following:
	'add' operation 32 bit ('empty', cnn_accel.cpp:94) [42]  (2.667 ns)
	'icmp' operation 1 bit ('cmp141', cnn_accel.cpp:94) [44]  (2.702 ns)
	'and' operation 1 bit ('and_ln101', cnn_accel.cpp:101) [149]  (0.978 ns)

 <State 3>: 6.860ns
The critical path consists of the following:
	'mul' operation 59 bit ('empty_304', cnn_accel.cpp:94) [45]  (6.860 ns)

 <State 4>: 6.860ns
The critical path consists of the following:
	'mul' operation 59 bit ('empty_304', cnn_accel.cpp:94) [45]  (6.860 ns)

 <State 5>: 6.989ns
The critical path consists of the following:
	'add' operation 59 bit ('add_ln102', cnn_accel.cpp:102) [152]  (3.429 ns)
	'add' operation 64 bit ('add_ln105', cnn_accel.cpp:105) [156]  (3.560 ns)

 <State 6>: 7.300ns
The critical path consists of the following:
	bus request operation ('gmem_addr_463_req', cnn_accel.cpp:105) on port 'gmem' (cnn_accel.cpp:105) [158]  (7.300 ns)

 <State 7>: 7.300ns
The critical path consists of the following:
	bus write operation ('write_ln105', cnn_accel.cpp:105) on port 'gmem' (cnn_accel.cpp:105) [159]  (7.300 ns)

 <State 8>: 7.300ns
The critical path consists of the following:
	bus response operation ('gmem_addr_463_resp', cnn_accel.cpp:105) on port 'gmem' (cnn_accel.cpp:105) [160]  (7.300 ns)

 <State 9>: 7.300ns
The critical path consists of the following:
	bus response operation ('gmem_addr_463_resp', cnn_accel.cpp:105) on port 'gmem' (cnn_accel.cpp:105) [160]  (7.300 ns)

 <State 10>: 7.300ns
The critical path consists of the following:
	bus response operation ('gmem_addr_463_resp', cnn_accel.cpp:105) on port 'gmem' (cnn_accel.cpp:105) [160]  (7.300 ns)

 <State 11>: 7.300ns
The critical path consists of the following:
	bus response operation ('gmem_addr_463_resp', cnn_accel.cpp:105) on port 'gmem' (cnn_accel.cpp:105) [160]  (7.300 ns)

 <State 12>: 7.300ns
The critical path consists of the following:
	bus response operation ('gmem_addr_463_resp', cnn_accel.cpp:105) on port 'gmem' (cnn_accel.cpp:105) [160]  (7.300 ns)

 <State 13>: 7.300ns
The critical path consists of the following:
	bus response operation ('gmem_addr_464_resp', cnn_accel.cpp:105) on port 'gmem' (cnn_accel.cpp:105) [168]  (7.300 ns)

 <State 14>: 7.300ns
The critical path consists of the following:
	bus response operation ('gmem_addr_465_resp', cnn_accel.cpp:105) on port 'gmem' (cnn_accel.cpp:105) [176]  (7.300 ns)

 <State 15>: 7.300ns
The critical path consists of the following:
	bus response operation ('gmem_addr_466_resp', cnn_accel.cpp:105) on port 'gmem' (cnn_accel.cpp:105) [184]  (7.300 ns)

 <State 16>: 7.300ns
The critical path consists of the following:
	bus response operation ('gmem_addr_467_resp', cnn_accel.cpp:105) on port 'gmem' (cnn_accel.cpp:105) [192]  (7.300 ns)

 <State 17>: 7.300ns
The critical path consists of the following:
	bus response operation ('gmem_addr_468_resp', cnn_accel.cpp:105) on port 'gmem' (cnn_accel.cpp:105) [200]  (7.300 ns)

 <State 18>: 7.300ns
The critical path consists of the following:
	bus response operation ('gmem_addr_469_resp', cnn_accel.cpp:105) on port 'gmem' (cnn_accel.cpp:105) [208]  (7.300 ns)

 <State 19>: 7.300ns
The critical path consists of the following:
	bus response operation ('gmem_addr_470_resp', cnn_accel.cpp:105) on port 'gmem' (cnn_accel.cpp:105) [216]  (7.300 ns)

 <State 20>: 7.300ns
The critical path consists of the following:
	bus response operation ('gmem_addr_471_resp', cnn_accel.cpp:105) on port 'gmem' (cnn_accel.cpp:105) [224]  (7.300 ns)

 <State 21>: 7.300ns
The critical path consists of the following:
	bus response operation ('gmem_addr_472_resp', cnn_accel.cpp:105) on port 'gmem' (cnn_accel.cpp:105) [232]  (7.300 ns)

 <State 22>: 7.300ns
The critical path consists of the following:
	bus response operation ('gmem_addr_473_resp', cnn_accel.cpp:105) on port 'gmem' (cnn_accel.cpp:105) [240]  (7.300 ns)

 <State 23>: 7.300ns
The critical path consists of the following:
	bus response operation ('gmem_addr_474_resp', cnn_accel.cpp:105) on port 'gmem' (cnn_accel.cpp:105) [248]  (7.300 ns)

 <State 24>: 7.300ns
The critical path consists of the following:
	bus response operation ('gmem_addr_475_resp', cnn_accel.cpp:105) on port 'gmem' (cnn_accel.cpp:105) [256]  (7.300 ns)

 <State 25>: 7.300ns
The critical path consists of the following:
	bus response operation ('gmem_addr_476_resp', cnn_accel.cpp:105) on port 'gmem' (cnn_accel.cpp:105) [264]  (7.300 ns)

 <State 26>: 7.300ns
The critical path consists of the following:
	bus response operation ('gmem_addr_477_resp', cnn_accel.cpp:105) on port 'gmem' (cnn_accel.cpp:105) [272]  (7.300 ns)

 <State 27>: 7.300ns
The critical path consists of the following:
	bus response operation ('gmem_addr_478_resp', cnn_accel.cpp:105) on port 'gmem' (cnn_accel.cpp:105) [280]  (7.300 ns)

 <State 28>: 7.300ns
The critical path consists of the following:
	bus response operation ('gmem_addr_479_resp', cnn_accel.cpp:105) on port 'gmem' (cnn_accel.cpp:105) [288]  (7.300 ns)

 <State 29>: 7.300ns
The critical path consists of the following:
	bus response operation ('gmem_addr_480_resp', cnn_accel.cpp:105) on port 'gmem' (cnn_accel.cpp:105) [296]  (7.300 ns)

 <State 30>: 7.300ns
The critical path consists of the following:
	bus response operation ('gmem_addr_481_resp', cnn_accel.cpp:105) on port 'gmem' (cnn_accel.cpp:105) [304]  (7.300 ns)

 <State 31>: 7.300ns
The critical path consists of the following:
	bus response operation ('gmem_addr_482_resp', cnn_accel.cpp:105) on port 'gmem' (cnn_accel.cpp:105) [312]  (7.300 ns)

 <State 32>: 7.300ns
The critical path consists of the following:
	bus response operation ('gmem_addr_483_resp', cnn_accel.cpp:105) on port 'gmem' (cnn_accel.cpp:105) [320]  (7.300 ns)

 <State 33>: 7.300ns
The critical path consists of the following:
	bus response operation ('gmem_addr_484_resp', cnn_accel.cpp:105) on port 'gmem' (cnn_accel.cpp:105) [328]  (7.300 ns)

 <State 34>: 7.300ns
The critical path consists of the following:
	bus response operation ('gmem_addr_485_resp', cnn_accel.cpp:105) on port 'gmem' (cnn_accel.cpp:105) [336]  (7.300 ns)

 <State 35>: 7.300ns
The critical path consists of the following:
	bus response operation ('gmem_addr_486_resp', cnn_accel.cpp:105) on port 'gmem' (cnn_accel.cpp:105) [344]  (7.300 ns)

 <State 36>: 7.300ns
The critical path consists of the following:
	bus response operation ('gmem_addr_487_resp', cnn_accel.cpp:105) on port 'gmem' (cnn_accel.cpp:105) [352]  (7.300 ns)

 <State 37>: 7.300ns
The critical path consists of the following:
	bus response operation ('gmem_addr_488_resp', cnn_accel.cpp:105) on port 'gmem' (cnn_accel.cpp:105) [360]  (7.300 ns)

 <State 38>: 7.300ns
The critical path consists of the following:
	bus response operation ('gmem_addr_489_resp', cnn_accel.cpp:105) on port 'gmem' (cnn_accel.cpp:105) [368]  (7.300 ns)

 <State 39>: 7.300ns
The critical path consists of the following:
	bus response operation ('gmem_addr_490_resp', cnn_accel.cpp:105) on port 'gmem' (cnn_accel.cpp:105) [376]  (7.300 ns)

 <State 40>: 7.300ns
The critical path consists of the following:
	bus response operation ('gmem_addr_491_resp', cnn_accel.cpp:105) on port 'gmem' (cnn_accel.cpp:105) [384]  (7.300 ns)

 <State 41>: 7.300ns
The critical path consists of the following:
	bus response operation ('gmem_addr_492_resp', cnn_accel.cpp:105) on port 'gmem' (cnn_accel.cpp:105) [392]  (7.300 ns)

 <State 42>: 7.300ns
The critical path consists of the following:
	bus response operation ('gmem_addr_493_resp', cnn_accel.cpp:105) on port 'gmem' (cnn_accel.cpp:105) [400]  (7.300 ns)

 <State 43>: 7.300ns
The critical path consists of the following:
	bus response operation ('gmem_addr_494_resp', cnn_accel.cpp:105) on port 'gmem' (cnn_accel.cpp:105) [408]  (7.300 ns)


============================================================
+ Verbose Summary: Binding
============================================================
N/A
* FSMD analyzer results:
  - Output states:
 - Input state : 
  - Chain level:
	State 1
	State 2
	State 3
	State 4
	State 5
	State 6
	State 7
	State 8
	State 9
	State 10
	State 11
	State 12
	State 13
	State 14
	State 15
	State 16
	State 17
	State 18
	State 19
	State 20
	State 21
	State 22
	State 23
	State 24
	State 25
	State 26
	State 27
	State 28
	State 29
	State 30
	State 31
	State 32
	State 33
	State 34
	State 35
	State 36
	State 37
	State 38
	State 39
	State 40
	State 41
	State 42
	State 43


============================================================
+ Verbose Summary: Datapath Resource usage 
============================================================
N/A
