

================================================================
== Vitis HLS Report for 'conv_layer_1_Pipeline_VITIS_LOOP_96_13_VITIS_LOOP_97_14'
================================================================
* Date:           Wed Apr 29 12:25:21 2026

* Version:        2024.2 (Build 5238294 on Nov  8 2024)
* Project:        cnn_accel
* Solution:       solution1 (Vivado IP Flow Target)
* Product family: artix7
* Target device:  xc7a200t-sbg484-1


================================================================
== Performance Estimates
================================================================
+ Timing: 
    * Summary: 
    +--------+----------+----------+------------+
    |  Clock |  Target  | Estimated| Uncertainty|
    +--------+----------+----------+------------+
    |ap_clk  |  10.00 ns|  7.300 ns|     2.70 ns|
    +--------+----------+----------+------------+

+ Latency: 
    * Summary: 
    +---------+---------+-----------+-----------+------+------+------------------------------------------------+
    |  Latency (cycles) |   Latency (absolute)  |   Interval  |                    Pipeline                    |
    |   min   |   max   |    min    |    max    |  min |  max |                      Type                      |
    +---------+---------+-----------+-----------+------+------+------------------------------------------------+
    |     2060|     2060|  20.600 us|  20.600 us|  2056|  2056|  loop auto-rewind stp (delay=0 clock cycles(s))|
    +---------+---------+-----------+-----------+------+------+------------------------------------------------+

    + Detail: 
        * Instance: 
        N/A

        * Loop: 
        +-------------------------------------+---------+---------+----------+-----------+-----------+------+----------+
        |                                     |  Latency (cycles) | Iteration|  Initiation Interval  | Trip |          |
        |              Loop Name              |   min   |   max   |  Latency |  achieved |   target  | Count| Pipelined|
        +-------------------------------------+---------+---------+----------+-----------+-----------+------+----------+
        |- VITIS_LOOP_96_13_VITIS_LOOP_97_14  |     2058|     2058|        19|          8|          1|   256|       yes|
        +-------------------------------------+---------+---------+----------+-----------+-----------+------+----------+



================================================================
== Utilization Estimates
================================================================
* Summary: 
+-----------------+---------+-----+--------+--------+-----+
|       Name      | BRAM_18K| DSP |   FF   |   LUT  | URAM|
+-----------------+---------+-----+--------+--------+-----+
|DSP              |        -|    -|       -|       -|    -|
|Expression       |        -|    -|       0|     978|    -|
|FIFO             |        -|    -|       -|       -|    -|
|Instance         |        -|    4|     165|      50|    -|
|Memory           |        -|    -|       -|       -|    -|
|Multiplexer      |        -|    -|       0|     279|    -|
|Register         |        -|    -|     959|      32|    -|
+-----------------+---------+-----+--------+--------+-----+
|Total            |        0|    4|    1124|    1339|    0|
+-----------------+---------+-----+--------+--------+-----+
|Available        |      730|  740|  269200|  134600|    0|
+-----------------+---------+-----+--------+--------+-----+
|Utilization (%)  |        0|   ~0|      ~0|      ~0|    0|
+-----------------+---------+-----+--------+--------+-----+

+ Detail: 
    * Instance: 
    +---------------------------+---------------------+---------+----+-----+----+-----+
    |          Instance         |        Module       | BRAM_18K| DSP|  FF | LUT| URAM|
    +---------------------------+---------------------+---------+----+-----+----+-----+
    |mul_32ns_32s_59_2_1_U1054  |mul_32ns_32s_59_2_1  |        0|   4|  165|  50|    0|
    +---------------------------+---------------------+---------+----+-----+----+-----+
    |Total                      |                     |        0|   4|  165|  50|    0|
    +---------------------------+---------------------+---------+----+-----+----+-----+

    * DSP: 
    N/A

    * Memory: 
    N/A

    * FIFO: 
    N/A

    * Expression: 
    +-----------------------------------------+----------+----+---+----+------------+------------+
    |              Variable Name              | Operation| DSP| FF| LUT| Bitwidth P0| Bitwidth P1|
    +-----------------------------------------+----------+----+---+----+------------+------------+
    |add_ln101_fu_535_p2                      |         +|   0|  0|  39|          32|          32|
    |add_ln104_fu_640_p2                      |         +|   0|  0|  66|          59|          59|
    |add_ln107_10_fu_733_p2                   |         +|   0|  0|  71|          64|          64|
    |add_ln107_11_fu_763_p2                   |         +|   0|  0|  71|          64|          64|
    |add_ln107_12_fu_795_p2                   |         +|   0|  0|  71|          64|          64|
    |add_ln107_13_fu_816_p2                   |         +|   0|  0|  71|          64|          64|
    |add_ln107_14_fu_837_p2                   |         +|   0|  0|  71|          64|          64|
    |add_ln107_8_fu_682_p2                    |         +|   0|  0|  71|          64|          64|
    |add_ln107_9_fu_712_p2                    |         +|   0|  0|  71|          64|          64|
    |add_ln107_fu_652_p2                      |         +|   0|  0|  71|          64|          64|
    |add_ln108_fu_500_p2                      |         +|   0|  0|  15|           8|           8|
    |add_ln96_2_fu_423_p2                     |         +|   0|  0|  16|           9|           1|
    |add_ln96_fu_435_p2                       |         +|   0|  0|  13|           5|           1|
    |add_ln97_fu_551_p2                       |         +|   0|  0|  13|           5|           1|
    |empty_fu_487_p2                          |         +|   0|  0|  39|          32|          32|
    |and_ln103_fu_545_p2                      |       and|   0|  0|   2|           1|           1|
    |ap_block_pp0_stage0_11001_grp22          |       and|   0|  0|   2|           1|           1|
    |ap_block_pp0_stage0_11001_grp6           |       and|   0|  0|   2|           1|           1|
    |ap_block_pp0_stage0_11001_grp7           |       and|   0|  0|   2|           1|           1|
    |ap_block_pp0_stage1_01001_grp8           |       and|   0|  0|   2|           1|           1|
    |ap_block_pp0_stage2_11001_grp10          |       and|   0|  0|   2|           1|           1|
    |ap_block_pp0_stage2_11001_grp11          |       and|   0|  0|   2|           1|           1|
    |ap_block_pp0_stage2_11001_grp24          |       and|   0|  0|   2|           1|           1|
    |ap_block_pp0_stage3_11001_grp12          |       and|   0|  0|   2|           1|           1|
    |ap_block_pp0_stage3_11001_grp13          |       and|   0|  0|   2|           1|           1|
    |ap_block_pp0_stage3_11001_grp14          |       and|   0|  0|   2|           1|           1|
    |ap_block_pp0_stage3_subdone              |       and|   0|  0|   2|           1|           1|
    |ap_block_pp0_stage4_11001_grp15          |       and|   0|  0|   2|           1|           1|
    |ap_block_pp0_stage4_11001_grp16          |       and|   0|  0|   2|           1|           1|
    |ap_block_pp0_stage4_subdone              |       and|   0|  0|   2|           1|           1|
    |ap_block_pp0_stage5_11001_grp1           |       and|   0|  0|   2|           1|           1|
    |ap_block_pp0_stage5_11001_grp18          |       and|   0|  0|   2|           1|           1|
    |ap_block_pp0_stage5_11001_grp19          |       and|   0|  0|   2|           1|           1|
    |ap_block_pp0_stage6_11001_grp2           |       and|   0|  0|   2|           1|           1|
    |ap_block_pp0_stage6_11001_grp20          |       and|   0|  0|   2|           1|           1|
    |ap_block_pp0_stage6_11001_grp3           |       and|   0|  0|   2|           1|           1|
    |ap_block_pp0_stage7_11001_grp21          |       and|   0|  0|   2|           1|           1|
    |ap_block_pp0_stage7_11001_grp4           |       and|   0|  0|   2|           1|           1|
    |ap_block_pp0_stage7_11001_grp5           |       and|   0|  0|   2|           1|           1|
    |ap_block_state11_io_grp10                |       and|   0|  0|   2|           1|           1|
    |ap_block_state11_io_grp11                |       and|   0|  0|   2|           1|           1|
    |ap_block_state12_pp0_stage3_iter1_grp12  |       and|   0|  0|   2|           1|           1|
    |ap_block_state19_pp0_stage2_iter2_grp24  |       and|   0|  0|   2|           1|           1|
    |ap_block_state6_io_grp1                  |       and|   0|  0|   2|           1|           1|
    |ap_block_state7_io_grp2                  |       and|   0|  0|   2|           1|           1|
    |ap_block_state7_io_grp3                  |       and|   0|  0|   2|           1|           1|
    |ap_block_state8_io_grp4                  |       and|   0|  0|   2|           1|           1|
    |ap_block_state8_io_grp5                  |       and|   0|  0|   2|           1|           1|
    |ap_block_state9_io_grp6                  |       and|   0|  0|   2|           1|           1|
    |ap_block_state9_io_grp7                  |       and|   0|  0|   2|           1|           1|
    |ap_predicate_op141_writereq_state6       |       and|   0|  0|   2|           1|           1|
    |cmp147_fu_492_p2                         |      icmp|   0|  0|  39|          32|          32|
    |icmp_ln103_fu_540_p2                     |      icmp|   0|  0|  39|          32|          32|
    |icmp_ln96_fu_417_p2                      |      icmp|   0|  0|  17|           9|          10|
    |icmp_ln97_fu_441_p2                      |      icmp|   0|  0|  14|           5|           6|
    |ap_block_pp0_stage0_11001                |        or|   0|  0|   2|           1|           1|
    |ap_block_pp0_stage1_11001_grp8           |        or|   0|  0|   2|           1|           1|
    |ap_block_pp0_stage2_subdone              |        or|   0|  0|   2|           1|           1|
    |ap_block_pp0_stage5_subdone              |        or|   0|  0|   2|           1|           1|
    |ap_block_pp0_stage6_subdone              |        or|   0|  0|   2|           1|           1|
    |ap_block_pp0_stage7_11001                |        or|   0|  0|   2|           1|           1|
    |ap_block_state10_io_grp8                 |        or|   0|  0|   2|           1|           1|
    |ap_block_state13_io_grp16                |        or|   0|  0|   2|           1|           1|
    |select_ln96_2_fu_455_p3                  |    select|   0|  0|   5|           1|           5|
    |select_ln96_fu_447_p3                    |    select|   0|  0|   5|           1|           1|
    |ap_enable_pp0                            |       xor|   0|  0|   2|           1|           2|
    +-----------------------------------------+----------+----+---+----+------------+------------+
    |Total                                    |          |   0|  0| 978|         787|         778|
    +-----------------------------------------+----------+----+---+----+------------+------------+

    * Multiplexer: 
    +-------------------------------------------+----+-----------+-----+-----------+
    |                    Name                   | LUT| Input Size| Bits| Total Bits|
    +-------------------------------------------+----+-----------+-----+-----------+
    |ap_NS_fsm                                  |  37|          9|    1|          9|
    |ap_done_int                                |   9|          2|    1|          2|
    |ap_enable_reg_pp0_iter0                    |   9|          2|    1|          2|
    |ap_enable_reg_pp0_iter1                    |   9|          2|    1|          2|
    |ap_enable_reg_pp0_iter2                    |   9|          2|    1|          2|
    |ap_loop_exit_ready_pp0_iter1_reg           |   9|          2|    1|          2|
    |ap_sig_allocacmp_indvar_flatten10324_load  |   9|          2|    9|         18|
    |ap_sig_allocacmp_x_load                    |   9|          2|    5|         10|
    |ap_sig_allocacmp_y_load                    |   9|          2|    5|         10|
    |gmem_blk_n_AW                              |   9|          2|    1|          2|
    |gmem_blk_n_B                               |   9|          2|    1|          2|
    |gmem_blk_n_W                               |   9|          2|    1|          2|
    |indvar_flatten10324_fu_142                 |   9|          2|    9|         18|
    |m_axi_gmem_0_AWADDR                        |  37|          9|   64|        576|
    |m_axi_gmem_0_WDATA                         |  37|          9|    8|         72|
    |tile_out_address0_local                    |  21|          5|   11|         55|
    |tile_out_address1_local                    |  21|          5|   11|         55|
    |x_fu_134                                   |   9|          2|    5|         10|
    |y_fu_138                                   |   9|          2|    5|         10|
    +-------------------------------------------+----+-----------+-----+-----------+
    |Total                                      | 279|         65|  141|        859|
    +-------------------------------------------+----+-----------+-----+-----------+

    * Register: 
    +--------------------------------------------+----+----+-----+-----------+
    |                    Name                    | FF | LUT| Bits| Const Bits|
    +--------------------------------------------+----+----+-----+-----------+
    |add_ln101_reg_989                           |  32|   0|   32|          0|
    |add_ln108_reg_969                           |   8|   0|    8|          0|
    |and_ln103_reg_994                           |   1|   0|    1|          0|
    |ap_CS_fsm                                   |   8|   0|    8|          0|
    |ap_block_pp0_stage0_subdone_grp0_done_reg   |   1|   0|    1|          0|
    |ap_block_pp0_stage0_subdone_grp22_done_reg  |   1|   0|    1|          0|
    |ap_block_pp0_stage0_subdone_grp6_done_reg   |   1|   0|    1|          0|
    |ap_block_pp0_stage0_subdone_grp7_done_reg   |   1|   0|    1|          0|
    |ap_block_pp0_stage1_subdone_grp0_done_reg   |   1|   0|    1|          0|
    |ap_block_pp0_stage2_subdone_grp0_done_reg   |   1|   0|    1|          0|
    |ap_block_pp0_stage2_subdone_grp10_done_reg  |   1|   0|    1|          0|
    |ap_block_pp0_stage2_subdone_grp11_done_reg  |   1|   0|    1|          0|
    |ap_block_pp0_stage2_subdone_grp24_done_reg  |   1|   0|    1|          0|
    |ap_block_pp0_stage3_subdone_grp0_done_reg   |   1|   0|    1|          0|
    |ap_block_pp0_stage3_subdone_grp12_done_reg  |   1|   0|    1|          0|
    |ap_block_pp0_stage3_subdone_grp13_done_reg  |   1|   0|    1|          0|
    |ap_block_pp0_stage3_subdone_grp14_done_reg  |   1|   0|    1|          0|
    |ap_block_pp0_stage4_subdone_grp0_done_reg   |   1|   0|    1|          0|
    |ap_block_pp0_stage4_subdone_grp15_done_reg  |   1|   0|    1|          0|
    |ap_block_pp0_stage4_subdone_grp16_done_reg  |   1|   0|    1|          0|
    |ap_block_pp0_stage5_subdone_grp0_done_reg   |   1|   0|    1|          0|
    |ap_block_pp0_stage5_subdone_grp18_done_reg  |   1|   0|    1|          0|
    |ap_block_pp0_stage5_subdone_grp19_done_reg  |   1|   0|    1|          0|
    |ap_block_pp0_stage5_subdone_grp1_done_reg   |   1|   0|    1|          0|
    |ap_block_pp0_stage6_subdone_grp20_done_reg  |   1|   0|    1|          0|
    |ap_block_pp0_stage6_subdone_grp2_done_reg   |   1|   0|    1|          0|
    |ap_block_pp0_stage6_subdone_grp3_done_reg   |   1|   0|    1|          0|
    |ap_block_pp0_stage7_subdone_grp21_done_reg  |   1|   0|    1|          0|
    |ap_block_pp0_stage7_subdone_grp4_done_reg   |   1|   0|    1|          0|
    |ap_block_pp0_stage7_subdone_grp5_done_reg   |   1|   0|    1|          0|
    |ap_done_reg                                 |   1|   0|    1|          0|
    |ap_enable_reg_pp0_iter0_reg                 |   1|   0|    1|          0|
    |ap_enable_reg_pp0_iter1                     |   1|   0|    1|          0|
    |ap_enable_reg_pp0_iter2                     |   1|   0|    1|          0|
    |ap_loop_exit_ready_pp0_iter1_reg            |   1|   0|    1|          0|
    |empty_314_reg_1023                          |  59|   0|   59|          0|
    |empty_reg_964                               |  32|   0|   32|          0|
    |gmem_addr_272_reg_1064                      |  64|   0|   64|          0|
    |gmem_addr_273_reg_1070                      |  64|   0|   64|          0|
    |gmem_addr_274_reg_1076                      |  64|   0|   64|          0|
    |gmem_addr_275_reg_1087                      |  64|   0|   64|          0|
    |gmem_addr_276_reg_1098                      |  64|   0|   64|          0|
    |gmem_addr_277_reg_1104                      |  64|   0|   64|          0|
    |gmem_addr_278_reg_1110                      |  64|   0|   64|          0|
    |gmem_addr_reg_1058                          |  64|   0|   64|          0|
    |icmp_ln96_reg_943                           |   1|   0|    1|          0|
    |icmp_ln96_reg_943_pp0_iter1_reg             |   1|   0|    1|          0|
    |indvar_flatten10324_fu_142                  |   9|   0|    9|          0|
    |select_ln96_2_reg_954                       |   5|   0|    5|          0|
    |select_ln96_reg_947                         |   5|   0|    5|          0|
    |sext_ln37_cast_reg_933                      |  59|   0|   59|          0|
    |tile_out_load_10_reg_1043                   |   7|   0|    7|          0|
    |tile_out_load_11_reg_1082                   |   7|   0|    7|          0|
    |tile_out_load_12_reg_1093                   |   7|   0|    7|          0|
    |tile_out_load_13_reg_1116                   |   7|   0|    7|          0|
    |tile_out_load_14_reg_1121                   |   7|   0|    7|          0|
    |tile_out_load_8_reg_1018                    |   7|   0|    7|          0|
    |tile_out_load_9_reg_1038                    |   7|   0|    7|          0|
    |tile_out_load_reg_1013                      |   7|   0|    7|          0|
    |trunc_ln108_reg_959                         |   4|   0|    4|          0|
    |tx_cast_reg_928                             |  31|   0|   32|          1|
    |ty_cast_reg_938                             |  31|   0|   32|          1|
    |x_fu_134                                    |   5|   0|    5|          0|
    |y_fu_138                                    |   5|   0|    5|          0|
    |and_ln103_reg_994                           |  64|  32|    1|          0|
    +--------------------------------------------+----+----+-----+-----------+
    |Total                                       | 959|  32|  898|          2|
    +--------------------------------------------+----+----+-----+-----------+



================================================================
== Interface
================================================================
* Summary: 
+-----------------------+-----+-----+------------+---------------------------------------------------------+--------------+
|       RTL Ports       | Dir | Bits|  Protocol  |                      Source Object                      |    C Type    |
+-----------------------+-----+-----+------------+---------------------------------------------------------+--------------+
|ap_clk                 |   in|    1|  ap_ctrl_hs|  conv_layer.1_Pipeline_VITIS_LOOP_96_13_VITIS_LOOP_97_14|  return value|
|ap_rst                 |   in|    1|  ap_ctrl_hs|  conv_layer.1_Pipeline_VITIS_LOOP_96_13_VITIS_LOOP_97_14|  return value|
|ap_start               |   in|    1|  ap_ctrl_hs|  conv_layer.1_Pipeline_VITIS_LOOP_96_13_VITIS_LOOP_97_14|  return value|
|ap_done                |  out|    1|  ap_ctrl_hs|  conv_layer.1_Pipeline_VITIS_LOOP_96_13_VITIS_LOOP_97_14|  return value|
|ap_idle                |  out|    1|  ap_ctrl_hs|  conv_layer.1_Pipeline_VITIS_LOOP_96_13_VITIS_LOOP_97_14|  return value|
|ap_ready               |  out|    1|  ap_ctrl_hs|  conv_layer.1_Pipeline_VITIS_LOOP_96_13_VITIS_LOOP_97_14|  return value|
|m_axi_gmem_0_AWVALID   |  out|    1|       m_axi|                                                     gmem|       pointer|
|m_axi_gmem_0_AWREADY   |   in|    1|       m_axi|                                                     gmem|       pointer|
|m_axi_gmem_0_AWADDR    |  out|   64|       m_axi|                                                     gmem|       pointer|
|m_axi_gmem_0_AWID      |  out|    1|       m_axi|                                                     gmem|       pointer|
|m_axi_gmem_0_AWLEN     |  out|   32|       m_axi|                                                     gmem|       pointer|
|m_axi_gmem_0_AWSIZE    |  out|    3|       m_axi|                                                     gmem|       pointer|
|m_axi_gmem_0_AWBURST   |  out|    2|       m_axi|                                                     gmem|       pointer|
|m_axi_gmem_0_AWLOCK    |  out|    2|       m_axi|                                                     gmem|       pointer|
|m_axi_gmem_0_AWCACHE   |  out|    4|       m_axi|                                                     gmem|       pointer|
|m_axi_gmem_0_AWPROT    |  out|    3|       m_axi|                                                     gmem|       pointer|
|m_axi_gmem_0_AWQOS     |  out|    4|       m_axi|                                                     gmem|       pointer|
|m_axi_gmem_0_AWREGION  |  out|    4|       m_axi|                                                     gmem|       pointer|
|m_axi_gmem_0_AWUSER    |  out|    1|       m_axi|                                                     gmem|       pointer|
|m_axi_gmem_0_WVALID    |  out|    1|       m_axi|                                                     gmem|       pointer|
|m_axi_gmem_0_WREADY    |   in|    1|       m_axi|                                                     gmem|       pointer|
|m_axi_gmem_0_WDATA     |  out|    8|       m_axi|                                                     gmem|       pointer|
|m_axi_gmem_0_WSTRB     |  out|    1|       m_axi|                                                     gmem|       pointer|
|m_axi_gmem_0_WLAST     |  out|    1|       m_axi|                                                     gmem|       pointer|
|m_axi_gmem_0_WID       |  out|    1|       m_axi|                                                     gmem|       pointer|
|m_axi_gmem_0_WUSER     |  out|    1|       m_axi|                                                     gmem|       pointer|
|m_axi_gmem_0_ARVALID   |  out|    1|       m_axi|                                                     gmem|       pointer|
|m_axi_gmem_0_ARREADY   |   in|    1|       m_axi|                                                     gmem|       pointer|
|m_axi_gmem_0_ARADDR    |  out|   64|       m_axi|                                                     gmem|       pointer|
|m_axi_gmem_0_ARID      |  out|    1|       m_axi|                                                     gmem|       pointer|
|m_axi_gmem_0_ARLEN     |  out|   32|       m_axi|                                                     gmem|       pointer|
|m_axi_gmem_0_ARSIZE    |  out|    3|       m_axi|                                                     gmem|       pointer|
|m_axi_gmem_0_ARBURST   |  out|    2|       m_axi|                                                     gmem|       pointer|
|m_axi_gmem_0_ARLOCK    |  out|    2|       m_axi|                                                     gmem|       pointer|
|m_axi_gmem_0_ARCACHE   |  out|    4|       m_axi|                                                     gmem|       pointer|
|m_axi_gmem_0_ARPROT    |  out|    3|       m_axi|                                                     gmem|       pointer|
|m_axi_gmem_0_ARQOS     |  out|    4|       m_axi|                                                     gmem|       pointer|
|m_axi_gmem_0_ARREGION  |  out|    4|       m_axi|                                                     gmem|       pointer|
|m_axi_gmem_0_ARUSER    |  out|    1|       m_axi|                                                     gmem|       pointer|
|m_axi_gmem_0_RVALID    |   in|    1|       m_axi|                                                     gmem|       pointer|
|m_axi_gmem_0_RREADY    |  out|    1|       m_axi|                                                     gmem|       pointer|
|m_axi_gmem_0_RDATA     |   in|    8|       m_axi|                                                     gmem|       pointer|
|m_axi_gmem_0_RLAST     |   in|    1|       m_axi|                                                     gmem|       pointer|
|m_axi_gmem_0_RID       |   in|    1|       m_axi|                                                     gmem|       pointer|
|m_axi_gmem_0_RFIFONUM  |   in|   11|       m_axi|                                                     gmem|       pointer|
|m_axi_gmem_0_RUSER     |   in|    1|       m_axi|                                                     gmem|       pointer|
|m_axi_gmem_0_RRESP     |   in|    2|       m_axi|                                                     gmem|       pointer|
|m_axi_gmem_0_BVALID    |   in|    1|       m_axi|                                                     gmem|       pointer|
|m_axi_gmem_0_BREADY    |  out|    1|       m_axi|                                                     gmem|       pointer|
|m_axi_gmem_0_BRESP     |   in|    2|       m_axi|                                                     gmem|       pointer|
|m_axi_gmem_0_BID       |   in|    1|       m_axi|                                                     gmem|       pointer|
|m_axi_gmem_0_BUSER     |   in|    1|       m_axi|                                                     gmem|       pointer|
|ty                     |   in|   31|     ap_none|                                                       ty|        scalar|
|H                      |   in|   32|     ap_none|                                                        H|        scalar|
|sext_ln37              |   in|   32|     ap_none|                                                sext_ln37|        scalar|
|tile_out_address0      |  out|   11|   ap_memory|                                                 tile_out|         array|
|tile_out_ce0           |  out|    1|   ap_memory|                                                 tile_out|         array|
|tile_out_q0            |   in|    7|   ap_memory|                                                 tile_out|         array|
|tile_out_address1      |  out|   11|   ap_memory|                                                 tile_out|         array|
|tile_out_ce1           |  out|    1|   ap_memory|                                                 tile_out|         array|
|tile_out_q1            |   in|    7|   ap_memory|                                                 tile_out|         array|
|tx                     |   in|   31|     ap_none|                                                       tx|        scalar|
|zext_ln37              |   in|    5|     ap_none|                                                zext_ln37|        scalar|
|input_r                |   in|   64|     ap_none|                                                  input_r|        scalar|
+-----------------------+-----+-----+------------+---------------------------------------------------------+--------------+

============================================================
+ Verbose Summary: Synthesis Manager
============================================================
InlineROM: 1
ExposeGlobal: 0
============================================================
+ Verbose Summary: CDFG Model
============================================================
IsTopModel: 0
ResetActiveHigh: 1
IsCombinational: 2
IsDatapathOnly: 2
HasWiredReturn: 1
HasMFsm: 2
HasVarLatency: 1
IsPipeline: 0
IsRtlPipelined: 0
IsInstanceOverlapped: 0
IsDontTouch: 0
HasImplIP: 0
IsGatedGlobalClock: 0

+ Individual pipeline summary: 
  * Pipeline-0: initiation interval (II) = 8, depth = 19


============================================================
+ Verbose Summary: Schedule
============================================================
* Number of FSM states : 19
* Pipeline : 1
  Pipeline-0 : II = 8, D = 19, States = { 1 2 3 4 5 6 7 8 9 10 11 12 13 14 15 16 17 18 19 }
* Dataflow Pipeline: 0

* FSM state transitions: 
1 --> 2 
2 --> 3 
3 --> 4 
4 --> 5 
5 --> 6 
6 --> 7 
7 --> 8 
8 --> 9 
9 --> 10 
10 --> 11 
11 --> 12 
12 --> 13 
13 --> 14 
14 --> 15 
15 --> 16 
16 --> 17 
17 --> 18 
18 --> 19 
19 --> 

* FSM state operations: 

State 1 <SV = 0> <Delay = 6.29>
ST_1 : Operation 22 [1/1] (0.00ns)   --->   "%x = alloca i32 1" [cnn_accel.cpp:97]   --->   Operation 22 'alloca' 'x' <Predicate = true> <Delay = 0.00>
ST_1 : Operation 23 [1/1] (0.00ns)   --->   "%y = alloca i32 1" [cnn_accel.cpp:96]   --->   Operation 23 'alloca' 'y' <Predicate = true> <Delay = 0.00>
ST_1 : Operation 24 [1/1] (0.00ns)   --->   "%indvar_flatten10324 = alloca i32 1"   --->   Operation 24 'alloca' 'indvar_flatten10324' <Predicate = true> <Delay = 0.00>
ST_1 : Operation 25 [1/1] (0.00ns)   --->   "%input_read = read i64 @_ssdm_op_Read.ap_auto.i64, i64 %input_r"   --->   Operation 25 'read' 'input_read' <Predicate = true> <Delay = 0.00>
ST_1 : Operation 26 [1/1] (0.00ns)   --->   "%zext_ln37_read = read i5 @_ssdm_op_Read.ap_auto.i5, i5 %zext_ln37"   --->   Operation 26 'read' 'zext_ln37_read' <Predicate = true> <Delay = 0.00>
ST_1 : Operation 27 [1/1] (0.00ns)   --->   "%tx_read = read i31 @_ssdm_op_Read.ap_auto.i31, i31 %tx"   --->   Operation 27 'read' 'tx_read' <Predicate = true> <Delay = 0.00>
ST_1 : Operation 28 [1/1] (0.00ns)   --->   "%sext_ln37_read = read i32 @_ssdm_op_Read.ap_auto.i32, i32 %sext_ln37"   --->   Operation 28 'read' 'sext_ln37_read' <Predicate = true> <Delay = 0.00>
ST_1 : Operation 29 [1/1] (0.00ns)   --->   "%H_read = read i32 @_ssdm_op_Read.ap_auto.i32, i32 %H"   --->   Operation 29 'read' 'H_read' <Predicate = true> <Delay = 0.00>
ST_1 : Operation 30 [1/1] (0.00ns)   --->   "%ty_read = read i31 @_ssdm_op_Read.ap_auto.i31, i31 %ty"   --->   Operation 30 'read' 'ty_read' <Predicate = true> <Delay = 0.00>
ST_1 : Operation 31 [1/1] (0.00ns)   --->   "%tx_cast = zext i31 %tx_read"   --->   Operation 31 'zext' 'tx_cast' <Predicate = true> <Delay = 0.00>
ST_1 : Operation 32 [1/1] (0.00ns)   --->   "%sext_ln37_cast = sext i32 %sext_ln37_read"   --->   Operation 32 'sext' 'sext_ln37_cast' <Predicate = true> <Delay = 0.00>
ST_1 : Operation 33 [1/1] (0.00ns)   --->   "%ty_cast = zext i31 %ty_read"   --->   Operation 33 'zext' 'ty_cast' <Predicate = true> <Delay = 0.00>
ST_1 : Operation 34 [1/1] (0.00ns)   --->   "%specmemcore_ln0 = specmemcore void @_ssdm_op_SpecMemCore, i7 %tile_out, i64 666, i64 30, i64 18446744073709551615"   --->   Operation 34 'specmemcore' 'specmemcore_ln0' <Predicate = true> <Delay = 0.00>
ST_1 : Operation 35 [1/1] (0.00ns)   --->   "%specinterface_ln0 = specinterface void @_ssdm_op_SpecInterface, i8 %gmem, void @empty_15, i32 0, i32 0, void @empty_5, i32 0, i32 0, void @empty_4, void @empty_3, void @empty_5, i32 16, i32 16, i32 16, i32 16, void @empty_5, void @empty_5, i32 4294967295, i32 0, i32 0"   --->   Operation 35 'specinterface' 'specinterface_ln0' <Predicate = true> <Delay = 0.00>
ST_1 : Operation 36 [1/1] (1.61ns)   --->   "%store_ln0 = store i9 0, i9 %indvar_flatten10324"   --->   Operation 36 'store' 'store_ln0' <Predicate = true> <Delay = 1.61>
ST_1 : Operation 37 [1/1] (1.61ns)   --->   "%store_ln96 = store i5 0, i5 %y" [cnn_accel.cpp:96]   --->   Operation 37 'store' 'store_ln96' <Predicate = true> <Delay = 1.61>
ST_1 : Operation 38 [1/1] (1.61ns)   --->   "%store_ln97 = store i5 0, i5 %x" [cnn_accel.cpp:97]   --->   Operation 38 'store' 'store_ln97' <Predicate = true> <Delay = 1.61>
ST_1 : Operation 39 [1/1] (0.00ns)   --->   "%br_ln0 = br void %for.body142"   --->   Operation 39 'br' 'br_ln0' <Predicate = true> <Delay = 0.00>
ST_1 : Operation 40 [1/1] (0.00ns)   --->   "%indvar_flatten10324_load = load i9 %indvar_flatten10324" [cnn_accel.cpp:96]   --->   Operation 40 'load' 'indvar_flatten10324_load' <Predicate = true> <Delay = 0.00>
ST_1 : Operation 41 [1/1] (2.11ns)   --->   "%icmp_ln96 = icmp_eq  i9 %indvar_flatten10324_load, i9 256" [cnn_accel.cpp:96]   --->   Operation 41 'icmp' 'icmp_ln96' <Predicate = true> <Delay = 2.11> <CoreInst = "Cmp">   --->   Core 9 'Cmp' <Latency = 0> <II = 1> <Delay = 2.12> <FuncUnit> <Opcode : 'seteq' 'setne' 'setle' 'setge' 'setlt' 'setgt'> <InPorts = 2> <OutPorts = 1>
ST_1 : Operation 42 [1/1] (2.11ns)   --->   "%add_ln96_2 = add i9 %indvar_flatten10324_load, i9 1" [cnn_accel.cpp:96]   --->   Operation 42 'add' 'add_ln96_2' <Predicate = true> <Delay = 2.11> <CoreInst = "Adder">   --->   Core 1 'Adder' <Latency = 0> <II = 1> <Delay = 2.11> <FuncUnit> <Opcode : 'add' 'sub'> <InPorts = 2> <OutPorts = 1>
ST_1 : Operation 43 [1/1] (0.00ns)   --->   "%br_ln96 = br i1 %icmp_ln96, void %for.inc177, void %for.inc180.exitStub" [cnn_accel.cpp:96]   --->   Operation 43 'br' 'br_ln96' <Predicate = true> <Delay = 0.00>
ST_1 : Operation 44 [1/1] (0.00ns)   --->   "%x_load = load i5 %x" [cnn_accel.cpp:97]   --->   Operation 44 'load' 'x_load' <Predicate = (!icmp_ln96)> <Delay = 0.00>
ST_1 : Operation 45 [1/1] (0.00ns)   --->   "%y_load = load i5 %y" [cnn_accel.cpp:96]   --->   Operation 45 'load' 'y_load' <Predicate = (!icmp_ln96)> <Delay = 0.00>
ST_1 : Operation 46 [1/1] (1.86ns)   --->   "%add_ln96 = add i5 %y_load, i5 1" [cnn_accel.cpp:96]   --->   Operation 46 'add' 'add_ln96' <Predicate = (!icmp_ln96)> <Delay = 1.86> <CoreInst = "Adder">   --->   Core 1 'Adder' <Latency = 0> <II = 1> <Delay = 1.86> <FuncUnit> <Opcode : 'add' 'sub'> <InPorts = 2> <OutPorts = 1>
ST_1 : Operation 47 [1/1] (1.86ns)   --->   "%icmp_ln97 = icmp_eq  i5 %x_load, i5 16" [cnn_accel.cpp:97]   --->   Operation 47 'icmp' 'icmp_ln97' <Predicate = (!icmp_ln96)> <Delay = 1.86> <CoreInst = "Cmp">   --->   Core 9 'Cmp' <Latency = 0> <II = 1> <Delay = 1.94> <FuncUnit> <Opcode : 'seteq' 'setne' 'setle' 'setge' 'setlt' 'setgt'> <InPorts = 2> <OutPorts = 1>
ST_1 : Operation 48 [1/1] (1.21ns)   --->   "%select_ln96 = select i1 %icmp_ln97, i5 0, i5 %x_load" [cnn_accel.cpp:96]   --->   Operation 48 'select' 'select_ln96' <Predicate = (!icmp_ln96)> <Delay = 1.21> <CoreInst = "Sel">   --->   Core 73 'Sel' <Latency = 0> <II = 1> <Delay = 1.21> <FuncUnit> <Opcode : 'select'> <InPorts = 3> <OutPorts = 1>
ST_1 : Operation 49 [1/1] (1.21ns)   --->   "%select_ln96_2 = select i1 %icmp_ln97, i5 %add_ln96, i5 %y_load" [cnn_accel.cpp:96]   --->   Operation 49 'select' 'select_ln96_2' <Predicate = (!icmp_ln96)> <Delay = 1.21> <CoreInst = "Sel">   --->   Core 73 'Sel' <Latency = 0> <II = 1> <Delay = 1.21> <FuncUnit> <Opcode : 'select'> <InPorts = 3> <OutPorts = 1>
ST_1 : Operation 50 [1/1] (0.00ns)   --->   "%trunc_ln108 = trunc i5 %select_ln96_2" [cnn_accel.cpp:108]   --->   Operation 50 'trunc' 'trunc_ln108' <Predicate = (!icmp_ln96)> <Delay = 0.00>
ST_1 : Operation 51 [1/1] (1.61ns)   --->   "%store_ln96 = store i9 %add_ln96_2, i9 %indvar_flatten10324" [cnn_accel.cpp:96]   --->   Operation 51 'store' 'store_ln96' <Predicate = (!icmp_ln96)> <Delay = 1.61>
ST_1 : Operation 52 [1/1] (1.61ns)   --->   "%store_ln96 = store i5 %select_ln96_2, i5 %y" [cnn_accel.cpp:96]   --->   Operation 52 'store' 'store_ln96' <Predicate = (!icmp_ln96)> <Delay = 1.61>

State 2 <SV = 1> <Delay = 6.34>
ST_2 : Operation 53 [1/1] (0.00ns)   --->   "%tmp_s = bitconcatenate i8 @_ssdm_op_BitConcatenate.i8.i4.i4, i4 %trunc_ln108, i4 0" [cnn_accel.cpp:108]   --->   Operation 53 'bitconcatenate' 'tmp_s' <Predicate = (!icmp_ln96)> <Delay = 0.00>
ST_2 : Operation 54 [1/1] (0.00ns)   --->   "%zext_ln96 = zext i5 %select_ln96_2" [cnn_accel.cpp:96]   --->   Operation 54 'zext' 'zext_ln96' <Predicate = (!icmp_ln96)> <Delay = 0.00>
ST_2 : Operation 55 [1/1] (2.66ns)   --->   "%empty = add i32 %zext_ln96, i32 %ty_cast" [cnn_accel.cpp:96]   --->   Operation 55 'add' 'empty' <Predicate = (!icmp_ln96)> <Delay = 2.66> <CoreInst = "Adder">   --->   Core 1 'Adder' <Latency = 0> <II = 1> <Delay = 2.70> <FuncUnit> <Opcode : 'add' 'sub'> <InPorts = 2> <OutPorts = 1>
ST_2 : Operation 56 [1/1] (2.70ns)   --->   "%cmp147 = icmp_slt  i32 %empty, i32 %H_read" [cnn_accel.cpp:96]   --->   Operation 56 'icmp' 'cmp147' <Predicate = (!icmp_ln96)> <Delay = 2.70> <CoreInst = "Cmp">   --->   Core 9 'Cmp' <Latency = 0> <II = 1> <Delay = 2.70> <FuncUnit> <Opcode : 'seteq' 'setne' 'setle' 'setge' 'setlt' 'setgt'> <InPorts = 2> <OutPorts = 1>
ST_2 : Operation 57 [1/1] (0.00ns)   --->   "%zext_ln108 = zext i5 %select_ln96" [cnn_accel.cpp:108]   --->   Operation 57 'zext' 'zext_ln108' <Predicate = (!icmp_ln96)> <Delay = 0.00>
ST_2 : Operation 58 [1/1] (2.11ns)   --->   "%add_ln108 = add i8 %tmp_s, i8 %zext_ln108" [cnn_accel.cpp:108]   --->   Operation 58 'add' 'add_ln108' <Predicate = (!icmp_ln96)> <Delay = 2.11> <CoreInst = "Adder">   --->   Core 1 'Adder' <Latency = 0> <II = 1> <Delay = 2.11> <FuncUnit> <Opcode : 'add' 'sub'> <InPorts = 2> <OutPorts = 1>
ST_2 : Operation 59 [1/1] (0.00ns)   --->   "%tmp = bitconcatenate i11 @_ssdm_op_BitConcatenate.i11.i8.i3, i8 %add_ln108, i3 0" [cnn_accel.cpp:108]   --->   Operation 59 'bitconcatenate' 'tmp' <Predicate = (!icmp_ln96)> <Delay = 0.00>
ST_2 : Operation 60 [1/1] (0.00ns)   --->   "%zext_ln108_17 = zext i11 %tmp" [cnn_accel.cpp:108]   --->   Operation 60 'zext' 'zext_ln108_17' <Predicate = (!icmp_ln96)> <Delay = 0.00>
ST_2 : Operation 61 [1/1] (0.00ns)   --->   "%tile_out_addr = getelementptr i7 %tile_out, i64 0, i64 %zext_ln108_17" [cnn_accel.cpp:108]   --->   Operation 61 'getelementptr' 'tile_out_addr' <Predicate = (!icmp_ln96)> <Delay = 0.00>
ST_2 : Operation 62 [1/1] (0.00ns)   --->   "%tmp_1192 = bitconcatenate i11 @_ssdm_op_BitConcatenate.i11.i8.i3, i8 %add_ln108, i3 1" [cnn_accel.cpp:108]   --->   Operation 62 'bitconcatenate' 'tmp_1192' <Predicate = (!icmp_ln96)> <Delay = 0.00>
ST_2 : Operation 63 [1/1] (0.00ns)   --->   "%zext_ln108_18 = zext i11 %tmp_1192" [cnn_accel.cpp:108]   --->   Operation 63 'zext' 'zext_ln108_18' <Predicate = (!icmp_ln96)> <Delay = 0.00>
ST_2 : Operation 64 [1/1] (0.00ns)   --->   "%tile_out_addr_8 = getelementptr i7 %tile_out, i64 0, i64 %zext_ln108_18" [cnn_accel.cpp:108]   --->   Operation 64 'getelementptr' 'tile_out_addr_8' <Predicate = (!icmp_ln96)> <Delay = 0.00>
ST_2 : Operation 65 [1/1] (0.00ns)   --->   "%zext_ln97 = zext i5 %select_ln96" [cnn_accel.cpp:97]   --->   Operation 65 'zext' 'zext_ln97' <Predicate = (!icmp_ln96)> <Delay = 0.00>
ST_2 : Operation 66 [1/1] (2.66ns)   --->   "%add_ln101 = add i32 %zext_ln97, i32 %tx_cast" [cnn_accel.cpp:101]   --->   Operation 66 'add' 'add_ln101' <Predicate = (!icmp_ln96)> <Delay = 2.66> <CoreInst = "Adder">   --->   Core 1 'Adder' <Latency = 0> <II = 1> <Delay = 2.70> <FuncUnit> <Opcode : 'add' 'sub'> <InPorts = 2> <OutPorts = 1>
ST_2 : Operation 67 [1/1] (2.70ns)   --->   "%icmp_ln103 = icmp_slt  i32 %add_ln101, i32 %H_read" [cnn_accel.cpp:103]   --->   Operation 67 'icmp' 'icmp_ln103' <Predicate = (!icmp_ln96)> <Delay = 2.70> <CoreInst = "Cmp">   --->   Core 9 'Cmp' <Latency = 0> <II = 1> <Delay = 2.70> <FuncUnit> <Opcode : 'seteq' 'setne' 'setle' 'setge' 'setlt' 'setgt'> <InPorts = 2> <OutPorts = 1>
ST_2 : Operation 68 [1/1] (0.97ns)   --->   "%and_ln103 = and i1 %cmp147, i1 %icmp_ln103" [cnn_accel.cpp:103]   --->   Operation 68 'and' 'and_ln103' <Predicate = (!icmp_ln96)> <Delay = 0.97> <CoreInst = "LogicGate">   --->   Core 74 'LogicGate' <Latency = 0> <II = 1> <Delay = 0.97> <FuncUnit> <Opcode : 'and' 'or' 'xor'> <InPorts = 2> <OutPorts = 1>
ST_2 : Operation 69 [1/1] (0.00ns)   --->   "%br_ln103 = br i1 %and_ln103, void %for.inc174, void %VITIS_LOOP_106_15" [cnn_accel.cpp:103]   --->   Operation 69 'br' 'br_ln103' <Predicate = (!icmp_ln96)> <Delay = 0.00>
ST_2 : Operation 70 [2/2] (3.25ns)   --->   "%tile_out_load = load i11 %tile_out_addr" [cnn_accel.cpp:108]   --->   Operation 70 'load' 'tile_out_load' <Predicate = (!icmp_ln96 & and_ln103)> <Delay = 3.25> <CoreInst = "RAM_T2P_BRAM">   --->   Core 93 'RAM_T2P_BRAM' <Latency = 1> <II = 1> <Delay = 3.25> <Storage> <Opcode : 'load' 'store'> <Ports = 2> <Width = 7> <Depth = 2048> <RAM>
ST_2 : Operation 71 [2/2] (3.25ns)   --->   "%tile_out_load_8 = load i11 %tile_out_addr_8" [cnn_accel.cpp:108]   --->   Operation 71 'load' 'tile_out_load_8' <Predicate = (!icmp_ln96 & and_ln103)> <Delay = 3.25> <CoreInst = "RAM_T2P_BRAM">   --->   Core 93 'RAM_T2P_BRAM' <Latency = 1> <II = 1> <Delay = 3.25> <Storage> <Opcode : 'load' 'store'> <Ports = 2> <Width = 7> <Depth = 2048> <RAM>
ST_2 : Operation 72 [1/1] (1.86ns)   --->   "%add_ln97 = add i5 %select_ln96, i5 1" [cnn_accel.cpp:97]   --->   Operation 72 'add' 'add_ln97' <Predicate = (!icmp_ln96)> <Delay = 1.86> <CoreInst = "Adder">   --->   Core 1 'Adder' <Latency = 0> <II = 1> <Delay = 1.86> <FuncUnit> <Opcode : 'add' 'sub'> <InPorts = 2> <OutPorts = 1>
ST_2 : Operation 73 [1/1] (1.61ns)   --->   "%store_ln97 = store i5 %add_ln97, i5 %x" [cnn_accel.cpp:97]   --->   Operation 73 'store' 'store_ln97' <Predicate = (!icmp_ln96)> <Delay = 1.61>
ST_2 : Operation 74 [1/1] (0.00ns)   --->   "%br_ln97 = br void %for.body142" [cnn_accel.cpp:97]   --->   Operation 74 'br' 'br_ln97' <Predicate = (!icmp_ln96)> <Delay = 0.00>

State 3 <SV = 2> <Delay = 6.86>
ST_3 : Operation 75 [1/1] (0.00ns)   --->   "%p_cast150 = zext i32 %empty" [cnn_accel.cpp:96]   --->   Operation 75 'zext' 'p_cast150' <Predicate = (!icmp_ln96)> <Delay = 0.00>
ST_3 : Operation 76 [2/2] (6.86ns)   --->   "%empty_314 = mul i59 %p_cast150, i59 %sext_ln37_cast" [cnn_accel.cpp:96]   --->   Operation 76 'mul' 'empty_314' <Predicate = (!icmp_ln96)> <Delay = 6.86> <CoreInst = "Multiplier">   --->   Core 3 'Multiplier' <Latency = 1> <II = 1> <Delay = 6.86> <FuncUnit> <Opcode : 'mul'> <InPorts = 2> <OutPorts = 1>
ST_3 : Operation 77 [1/1] (0.00ns)   --->   "%tmp_1193 = bitconcatenate i11 @_ssdm_op_BitConcatenate.i11.i8.i3, i8 %add_ln108, i3 2" [cnn_accel.cpp:108]   --->   Operation 77 'bitconcatenate' 'tmp_1193' <Predicate = (!icmp_ln96)> <Delay = 0.00>
ST_3 : Operation 78 [1/1] (0.00ns)   --->   "%zext_ln108_19 = zext i11 %tmp_1193" [cnn_accel.cpp:108]   --->   Operation 78 'zext' 'zext_ln108_19' <Predicate = (!icmp_ln96)> <Delay = 0.00>
ST_3 : Operation 79 [1/1] (0.00ns)   --->   "%tile_out_addr_9 = getelementptr i7 %tile_out, i64 0, i64 %zext_ln108_19" [cnn_accel.cpp:108]   --->   Operation 79 'getelementptr' 'tile_out_addr_9' <Predicate = (!icmp_ln96)> <Delay = 0.00>
ST_3 : Operation 80 [1/1] (0.00ns)   --->   "%tmp_1194 = bitconcatenate i11 @_ssdm_op_BitConcatenate.i11.i8.i3, i8 %add_ln108, i3 3" [cnn_accel.cpp:108]   --->   Operation 80 'bitconcatenate' 'tmp_1194' <Predicate = (!icmp_ln96)> <Delay = 0.00>
ST_3 : Operation 81 [1/1] (0.00ns)   --->   "%zext_ln108_20 = zext i11 %tmp_1194" [cnn_accel.cpp:108]   --->   Operation 81 'zext' 'zext_ln108_20' <Predicate = (!icmp_ln96)> <Delay = 0.00>
ST_3 : Operation 82 [1/1] (0.00ns)   --->   "%tile_out_addr_10 = getelementptr i7 %tile_out, i64 0, i64 %zext_ln108_20" [cnn_accel.cpp:108]   --->   Operation 82 'getelementptr' 'tile_out_addr_10' <Predicate = (!icmp_ln96)> <Delay = 0.00>
ST_3 : Operation 83 [1/2] ( I:3.25ns O:3.25ns )   --->   "%tile_out_load = load i11 %tile_out_addr" [cnn_accel.cpp:108]   --->   Operation 83 'load' 'tile_out_load' <Predicate = (!icmp_ln96 & and_ln103)> <Delay = 3.25> <CoreInst = "RAM_T2P_BRAM">   --->   Core 93 'RAM_T2P_BRAM' <Latency = 1> <II = 1> <Delay = 3.25> <Storage> <Opcode : 'load' 'store'> <Ports = 2> <Width = 7> <Depth = 2048> <RAM>
ST_3 : Operation 84 [1/2] ( I:3.25ns O:3.25ns )   --->   "%tile_out_load_8 = load i11 %tile_out_addr_8" [cnn_accel.cpp:108]   --->   Operation 84 'load' 'tile_out_load_8' <Predicate = (!icmp_ln96 & and_ln103)> <Delay = 3.25> <CoreInst = "RAM_T2P_BRAM">   --->   Core 93 'RAM_T2P_BRAM' <Latency = 1> <II = 1> <Delay = 3.25> <Storage> <Opcode : 'load' 'store'> <Ports = 2> <Width = 7> <Depth = 2048> <RAM>
ST_3 : Operation 85 [2/2] (3.25ns)   --->   "%tile_out_load_9 = load i11 %tile_out_addr_9" [cnn_accel.cpp:108]   --->   Operation 85 'load' 'tile_out_load_9' <Predicate = (!icmp_ln96 & and_ln103)> <Delay = 3.25> <CoreInst = "RAM_T2P_BRAM">   --->   Core 93 'RAM_T2P_BRAM' <Latency = 1> <II = 1> <Delay = 3.25> <Storage> <Opcode : 'load' 'store'> <Ports = 2> <Width = 7> <Depth = 2048> <RAM>
ST_3 : Operation 86 [2/2] (3.25ns)   --->   "%tile_out_load_10 = load i11 %tile_out_addr_10" [cnn_accel.cpp:108]   --->   Operation 86 'load' 'tile_out_load_10' <Predicate = (!icmp_ln96 & and_ln103)> <Delay = 3.25> <CoreInst = "RAM_T2P_BRAM">   --->   Core 93 'RAM_T2P_BRAM' <Latency = 1> <II = 1> <Delay = 3.25> <Storage> <Opcode : 'load' 'store'> <Ports = 2> <Width = 7> <Depth = 2048> <RAM>

State 4 <SV = 3> <Delay = 6.86>
ST_4 : Operation 87 [1/2] (6.86ns)   --->   "%empty_314 = mul i59 %p_cast150, i59 %sext_ln37_cast" [cnn_accel.cpp:96]   --->   Operation 87 'mul' 'empty_314' <Predicate = (!icmp_ln96)> <Delay = 6.86> <CoreInst = "Multiplier">   --->   Core 3 'Multiplier' <Latency = 1> <II = 1> <Delay = 6.86> <FuncUnit> <Opcode : 'mul'> <InPorts = 2> <OutPorts = 1>
ST_4 : Operation 88 [1/1] (0.00ns)   --->   "%tmp_1195 = bitconcatenate i11 @_ssdm_op_BitConcatenate.i11.i8.i3, i8 %add_ln108, i3 4" [cnn_accel.cpp:108]   --->   Operation 88 'bitconcatenate' 'tmp_1195' <Predicate = (!icmp_ln96)> <Delay = 0.00>
ST_4 : Operation 89 [1/1] (0.00ns)   --->   "%zext_ln108_21 = zext i11 %tmp_1195" [cnn_accel.cpp:108]   --->   Operation 89 'zext' 'zext_ln108_21' <Predicate = (!icmp_ln96)> <Delay = 0.00>
ST_4 : Operation 90 [1/1] (0.00ns)   --->   "%tile_out_addr_11 = getelementptr i7 %tile_out, i64 0, i64 %zext_ln108_21" [cnn_accel.cpp:108]   --->   Operation 90 'getelementptr' 'tile_out_addr_11' <Predicate = (!icmp_ln96)> <Delay = 0.00>
ST_4 : Operation 91 [1/1] (0.00ns)   --->   "%tmp_1196 = bitconcatenate i11 @_ssdm_op_BitConcatenate.i11.i8.i3, i8 %add_ln108, i3 5" [cnn_accel.cpp:108]   --->   Operation 91 'bitconcatenate' 'tmp_1196' <Predicate = (!icmp_ln96)> <Delay = 0.00>
ST_4 : Operation 92 [1/1] (0.00ns)   --->   "%zext_ln108_22 = zext i11 %tmp_1196" [cnn_accel.cpp:108]   --->   Operation 92 'zext' 'zext_ln108_22' <Predicate = (!icmp_ln96)> <Delay = 0.00>
ST_4 : Operation 93 [1/1] (0.00ns)   --->   "%tile_out_addr_12 = getelementptr i7 %tile_out, i64 0, i64 %zext_ln108_22" [cnn_accel.cpp:108]   --->   Operation 93 'getelementptr' 'tile_out_addr_12' <Predicate = (!icmp_ln96)> <Delay = 0.00>
ST_4 : Operation 94 [1/2] ( I:3.25ns O:3.25ns )   --->   "%tile_out_load_9 = load i11 %tile_out_addr_9" [cnn_accel.cpp:108]   --->   Operation 94 'load' 'tile_out_load_9' <Predicate = (!icmp_ln96 & and_ln103)> <Delay = 3.25> <CoreInst = "RAM_T2P_BRAM">   --->   Core 93 'RAM_T2P_BRAM' <Latency = 1> <II = 1> <Delay = 3.25> <Storage> <Opcode : 'load' 'store'> <Ports = 2> <Width = 7> <Depth = 2048> <RAM>
ST_4 : Operation 95 [1/2] ( I:3.25ns O:3.25ns )   --->   "%tile_out_load_10 = load i11 %tile_out_addr_10" [cnn_accel.cpp:108]   --->   Operation 95 'load' 'tile_out_load_10' <Predicate = (!icmp_ln96 & and_ln103)> <Delay = 3.25> <CoreInst = "RAM_T2P_BRAM">   --->   Core 93 'RAM_T2P_BRAM' <Latency = 1> <II = 1> <Delay = 3.25> <Storage> <Opcode : 'load' 'store'> <Ports = 2> <Width = 7> <Depth = 2048> <RAM>
ST_4 : Operation 96 [2/2] (3.25ns)   --->   "%tile_out_load_11 = load i11 %tile_out_addr_11" [cnn_accel.cpp:108]   --->   Operation 96 'load' 'tile_out_load_11' <Predicate = (!icmp_ln96 & and_ln103)> <Delay = 3.25> <CoreInst = "RAM_T2P_BRAM">   --->   Core 93 'RAM_T2P_BRAM' <Latency = 1> <II = 1> <Delay = 3.25> <Storage> <Opcode : 'load' 'store'> <Ports = 2> <Width = 7> <Depth = 2048> <RAM>
ST_4 : Operation 97 [2/2] (3.25ns)   --->   "%tile_out_load_12 = load i11 %tile_out_addr_12" [cnn_accel.cpp:108]   --->   Operation 97 'load' 'tile_out_load_12' <Predicate = (!icmp_ln96 & and_ln103)> <Delay = 3.25> <CoreInst = "RAM_T2P_BRAM">   --->   Core 93 'RAM_T2P_BRAM' <Latency = 1> <II = 1> <Delay = 3.25> <Storage> <Opcode : 'load' 'store'> <Ports = 2> <Width = 7> <Depth = 2048> <RAM>

State 5 <SV = 4> <Delay = 6.98>
ST_5 : Operation 98 [1/1] (0.00ns)   --->   "%specloopname_ln0 = specloopname void @_ssdm_op_SpecLoopName, void @VITIS_LOOP_96_13_VITIS_LOOP_97_14_str"   --->   Operation 98 'specloopname' 'specloopname_ln0' <Predicate = (!icmp_ln96)> <Delay = 0.00>
ST_5 : Operation 99 [1/1] (0.00ns)   --->   "%speclooptripcount_ln0 = speclooptripcount void @_ssdm_op_SpecLoopTripCount, i64 256, i64 256, i64 256"   --->   Operation 99 'speclooptripcount' 'speclooptripcount_ln0' <Predicate = (!icmp_ln96)> <Delay = 0.00>
ST_5 : Operation 100 [1/1] (0.00ns)   --->   "%tmp_1197 = bitconcatenate i11 @_ssdm_op_BitConcatenate.i11.i8.i3, i8 %add_ln108, i3 6" [cnn_accel.cpp:108]   --->   Operation 100 'bitconcatenate' 'tmp_1197' <Predicate = (!icmp_ln96)> <Delay = 0.00>
ST_5 : Operation 101 [1/1] (0.00ns)   --->   "%zext_ln108_23 = zext i11 %tmp_1197" [cnn_accel.cpp:108]   --->   Operation 101 'zext' 'zext_ln108_23' <Predicate = (!icmp_ln96)> <Delay = 0.00>
ST_5 : Operation 102 [1/1] (0.00ns)   --->   "%tile_out_addr_13 = getelementptr i7 %tile_out, i64 0, i64 %zext_ln108_23" [cnn_accel.cpp:108]   --->   Operation 102 'getelementptr' 'tile_out_addr_13' <Predicate = (!icmp_ln96)> <Delay = 0.00>
ST_5 : Operation 103 [1/1] (0.00ns)   --->   "%tmp_1198 = bitconcatenate i11 @_ssdm_op_BitConcatenate.i11.i8.i3, i8 %add_ln108, i3 7" [cnn_accel.cpp:108]   --->   Operation 103 'bitconcatenate' 'tmp_1198' <Predicate = (!icmp_ln96)> <Delay = 0.00>
ST_5 : Operation 104 [1/1] (0.00ns)   --->   "%zext_ln108_24 = zext i11 %tmp_1198" [cnn_accel.cpp:108]   --->   Operation 104 'zext' 'zext_ln108_24' <Predicate = (!icmp_ln96)> <Delay = 0.00>
ST_5 : Operation 105 [1/1] (0.00ns)   --->   "%tile_out_addr_14 = getelementptr i7 %tile_out, i64 0, i64 %zext_ln108_24" [cnn_accel.cpp:108]   --->   Operation 105 'getelementptr' 'tile_out_addr_14' <Predicate = (!icmp_ln96)> <Delay = 0.00>
ST_5 : Operation 106 [1/1] (0.00ns)   --->   "%specpipeline_ln98 = specpipeline void @_ssdm_op_SpecPipeline, i32 1, i32 0, i32 0, i32 0, void @empty_5" [cnn_accel.cpp:98]   --->   Operation 106 'specpipeline' 'specpipeline_ln98' <Predicate = (!icmp_ln96)> <Delay = 0.00>
ST_5 : Operation 107 [1/1] (0.00ns)   --->   "%zext_ln103 = zext i32 %add_ln101" [cnn_accel.cpp:103]   --->   Operation 107 'zext' 'zext_ln103' <Predicate = (!icmp_ln96)> <Delay = 0.00>
ST_5 : Operation 108 [1/1] (3.42ns)   --->   "%add_ln104 = add i59 %zext_ln103, i59 %empty_314" [cnn_accel.cpp:104]   --->   Operation 108 'add' 'add_ln104' <Predicate = (!icmp_ln96 & and_ln103)> <Delay = 3.42> <CoreInst = "Adder">   --->   Core 1 'Adder' <Latency = 0> <II = 1> <Delay = 3.42> <FuncUnit> <Opcode : 'add' 'sub'> <InPorts = 2> <OutPorts = 1>
ST_5 : Operation 109 [1/1] (0.00ns)   --->   "%tmp_1182 = bitconcatenate i64 @_ssdm_op_BitConcatenate.i64.i59.i5, i59 %add_ln104, i5 %zext_ln37_read" [cnn_accel.cpp:104]   --->   Operation 109 'bitconcatenate' 'tmp_1182' <Predicate = (!icmp_ln96 & and_ln103)> <Delay = 0.00>
ST_5 : Operation 110 [1/1] (3.56ns)   --->   "%add_ln107 = add i64 %tmp_1182, i64 %input_read" [cnn_accel.cpp:107]   --->   Operation 110 'add' 'add_ln107' <Predicate = (!icmp_ln96 & and_ln103)> <Delay = 3.56> <CoreInst = "Adder">   --->   Core 1 'Adder' <Latency = 0> <II = 1> <Delay = 3.56> <FuncUnit> <Opcode : 'add' 'sub'> <InPorts = 2> <OutPorts = 1>
ST_5 : Operation 111 [1/1] (0.00ns)   --->   "%gmem_addr = getelementptr i8 %gmem, i64 %add_ln107" [cnn_accel.cpp:107]   --->   Operation 111 'getelementptr' 'gmem_addr' <Predicate = (!icmp_ln96 & and_ln103)> <Delay = 0.00>
ST_5 : Operation 112 [1/1] (0.00ns)   --->   "%tmp_1183 = partselect i4 @_ssdm_op_PartSelect.i4.i5.i32.i32, i5 %zext_ln37_read, i32 1, i32 4" [cnn_accel.cpp:107]   --->   Operation 112 'partselect' 'tmp_1183' <Predicate = (!icmp_ln96 & and_ln103)> <Delay = 0.00>
ST_5 : Operation 113 [1/1] (0.00ns)   --->   "%or_ln2 = bitconcatenate i64 @_ssdm_op_BitConcatenate.i64.i59.i4.i1, i59 %add_ln104, i4 %tmp_1183, i1 1" [cnn_accel.cpp:107]   --->   Operation 113 'bitconcatenate' 'or_ln2' <Predicate = (!icmp_ln96 & and_ln103)> <Delay = 0.00>
ST_5 : Operation 114 [1/1] (3.56ns)   --->   "%add_ln107_8 = add i64 %or_ln2, i64 %input_read" [cnn_accel.cpp:107]   --->   Operation 114 'add' 'add_ln107_8' <Predicate = (!icmp_ln96 & and_ln103)> <Delay = 3.56> <CoreInst = "Adder">   --->   Core 1 'Adder' <Latency = 0> <II = 1> <Delay = 3.56> <FuncUnit> <Opcode : 'add' 'sub'> <InPorts = 2> <OutPorts = 1>
ST_5 : Operation 115 [1/1] (0.00ns)   --->   "%gmem_addr_272 = getelementptr i8 %gmem, i64 %add_ln107_8" [cnn_accel.cpp:107]   --->   Operation 115 'getelementptr' 'gmem_addr_272' <Predicate = (!icmp_ln96 & and_ln103)> <Delay = 0.00>
ST_5 : Operation 116 [1/1] (0.00ns)   --->   "%tmp_1184 = partselect i3 @_ssdm_op_PartSelect.i3.i5.i32.i32, i5 %zext_ln37_read, i32 2, i32 4" [cnn_accel.cpp:107]   --->   Operation 116 'partselect' 'tmp_1184' <Predicate = (!icmp_ln96 & and_ln103)> <Delay = 0.00>
ST_5 : Operation 117 [1/1] (0.00ns)   --->   "%or_ln107_7 = bitconcatenate i64 @_ssdm_op_BitConcatenate.i64.i59.i3.i2, i59 %add_ln104, i3 %tmp_1184, i2 2" [cnn_accel.cpp:107]   --->   Operation 117 'bitconcatenate' 'or_ln107_7' <Predicate = (!icmp_ln96 & and_ln103)> <Delay = 0.00>
ST_5 : Operation 118 [1/1] (3.56ns)   --->   "%add_ln107_9 = add i64 %or_ln107_7, i64 %input_read" [cnn_accel.cpp:107]   --->   Operation 118 'add' 'add_ln107_9' <Predicate = (!icmp_ln96 & and_ln103)> <Delay = 3.56> <CoreInst = "Adder">   --->   Core 1 'Adder' <Latency = 0> <II = 1> <Delay = 3.56> <FuncUnit> <Opcode : 'add' 'sub'> <InPorts = 2> <OutPorts = 1>
ST_5 : Operation 119 [1/1] (0.00ns)   --->   "%gmem_addr_273 = getelementptr i8 %gmem, i64 %add_ln107_9" [cnn_accel.cpp:107]   --->   Operation 119 'getelementptr' 'gmem_addr_273' <Predicate = (!icmp_ln96 & and_ln103)> <Delay = 0.00>
ST_5 : Operation 120 [1/1] (0.00ns)   --->   "%or_ln107_8 = bitconcatenate i64 @_ssdm_op_BitConcatenate.i64.i59.i3.i2, i59 %add_ln104, i3 %tmp_1184, i2 3" [cnn_accel.cpp:107]   --->   Operation 120 'bitconcatenate' 'or_ln107_8' <Predicate = (!icmp_ln96 & and_ln103)> <Delay = 0.00>
ST_5 : Operation 121 [1/1] (3.56ns)   --->   "%add_ln107_10 = add i64 %or_ln107_8, i64 %input_read" [cnn_accel.cpp:107]   --->   Operation 121 'add' 'add_ln107_10' <Predicate = (!icmp_ln96 & and_ln103)> <Delay = 3.56> <CoreInst = "Adder">   --->   Core 1 'Adder' <Latency = 0> <II = 1> <Delay = 3.56> <FuncUnit> <Opcode : 'add' 'sub'> <InPorts = 2> <OutPorts = 1>
ST_5 : Operation 122 [1/1] (0.00ns)   --->   "%gmem_addr_274 = getelementptr i8 %gmem, i64 %add_ln107_10" [cnn_accel.cpp:107]   --->   Operation 122 'getelementptr' 'gmem_addr_274' <Predicate = (!icmp_ln96 & and_ln103)> <Delay = 0.00>
ST_5 : Operation 123 [1/2] ( I:3.25ns O:3.25ns )   --->   "%tile_out_load_11 = load i11 %tile_out_addr_11" [cnn_accel.cpp:108]   --->   Operation 123 'load' 'tile_out_load_11' <Predicate = (!icmp_ln96 & and_ln103)> <Delay = 3.25> <CoreInst = "RAM_T2P_BRAM">   --->   Core 93 'RAM_T2P_BRAM' <Latency = 1> <II = 1> <Delay = 3.25> <Storage> <Opcode : 'load' 'store'> <Ports = 2> <Width = 7> <Depth = 2048> <RAM>
ST_5 : Operation 124 [1/1] (0.00ns)   --->   "%tmp_1185 = partselect i2 @_ssdm_op_PartSelect.i2.i5.i32.i32, i5 %zext_ln37_read, i32 3, i32 4" [cnn_accel.cpp:107]   --->   Operation 124 'partselect' 'tmp_1185' <Predicate = (!icmp_ln96 & and_ln103)> <Delay = 0.00>
ST_5 : Operation 125 [1/1] (0.00ns)   --->   "%or_ln107_9 = bitconcatenate i64 @_ssdm_op_BitConcatenate.i64.i59.i2.i3, i59 %add_ln104, i2 %tmp_1185, i3 4" [cnn_accel.cpp:107]   --->   Operation 125 'bitconcatenate' 'or_ln107_9' <Predicate = (!icmp_ln96 & and_ln103)> <Delay = 0.00>
ST_5 : Operation 126 [1/1] (3.56ns)   --->   "%add_ln107_11 = add i64 %or_ln107_9, i64 %input_read" [cnn_accel.cpp:107]   --->   Operation 126 'add' 'add_ln107_11' <Predicate = (!icmp_ln96 & and_ln103)> <Delay = 3.56> <CoreInst = "Adder">   --->   Core 1 'Adder' <Latency = 0> <II = 1> <Delay = 3.56> <FuncUnit> <Opcode : 'add' 'sub'> <InPorts = 2> <OutPorts = 1>
ST_5 : Operation 127 [1/1] (0.00ns)   --->   "%gmem_addr_275 = getelementptr i8 %gmem, i64 %add_ln107_11" [cnn_accel.cpp:107]   --->   Operation 127 'getelementptr' 'gmem_addr_275' <Predicate = (!icmp_ln96 & and_ln103)> <Delay = 0.00>
ST_5 : Operation 128 [1/2] ( I:3.25ns O:3.25ns )   --->   "%tile_out_load_12 = load i11 %tile_out_addr_12" [cnn_accel.cpp:108]   --->   Operation 128 'load' 'tile_out_load_12' <Predicate = (!icmp_ln96 & and_ln103)> <Delay = 3.25> <CoreInst = "RAM_T2P_BRAM">   --->   Core 93 'RAM_T2P_BRAM' <Latency = 1> <II = 1> <Delay = 3.25> <Storage> <Opcode : 'load' 'store'> <Ports = 2> <Width = 7> <Depth = 2048> <RAM>
ST_5 : Operation 129 [1/1] (0.00ns)   --->   "%tmp_1186 = bitselect i1 @_ssdm_op_BitSelect.i1.i5.i32, i5 %zext_ln37_read, i32 1" [cnn_accel.cpp:107]   --->   Operation 129 'bitselect' 'tmp_1186' <Predicate = (!icmp_ln96 & and_ln103)> <Delay = 0.00>
ST_5 : Operation 130 [1/1] (0.00ns)   --->   "%or_ln107_s = bitconcatenate i64 @_ssdm_op_BitConcatenate.i64.i59.i2.i1.i1.i1, i59 %add_ln104, i2 %tmp_1185, i1 1, i1 %tmp_1186, i1 1" [cnn_accel.cpp:107]   --->   Operation 130 'bitconcatenate' 'or_ln107_s' <Predicate = (!icmp_ln96 & and_ln103)> <Delay = 0.00>
ST_5 : Operation 131 [1/1] (3.56ns)   --->   "%add_ln107_12 = add i64 %or_ln107_s, i64 %input_read" [cnn_accel.cpp:107]   --->   Operation 131 'add' 'add_ln107_12' <Predicate = (!icmp_ln96 & and_ln103)> <Delay = 3.56> <CoreInst = "Adder">   --->   Core 1 'Adder' <Latency = 0> <II = 1> <Delay = 3.56> <FuncUnit> <Opcode : 'add' 'sub'> <InPorts = 2> <OutPorts = 1>
ST_5 : Operation 132 [1/1] (0.00ns)   --->   "%gmem_addr_276 = getelementptr i8 %gmem, i64 %add_ln107_12" [cnn_accel.cpp:107]   --->   Operation 132 'getelementptr' 'gmem_addr_276' <Predicate = (!icmp_ln96 & and_ln103)> <Delay = 0.00>
ST_5 : Operation 133 [2/2] (3.25ns)   --->   "%tile_out_load_13 = load i11 %tile_out_addr_13" [cnn_accel.cpp:108]   --->   Operation 133 'load' 'tile_out_load_13' <Predicate = (!icmp_ln96 & and_ln103)> <Delay = 3.25> <CoreInst = "RAM_T2P_BRAM">   --->   Core 93 'RAM_T2P_BRAM' <Latency = 1> <II = 1> <Delay = 3.25> <Storage> <Opcode : 'load' 'store'> <Ports = 2> <Width = 7> <Depth = 2048> <RAM>
ST_5 : Operation 134 [1/1] (0.00ns)   --->   "%or_ln107_1 = bitconcatenate i64 @_ssdm_op_BitConcatenate.i64.i59.i2.i3, i59 %add_ln104, i2 %tmp_1185, i3 6" [cnn_accel.cpp:107]   --->   Operation 134 'bitconcatenate' 'or_ln107_1' <Predicate = (!icmp_ln96 & and_ln103)> <Delay = 0.00>
ST_5 : Operation 135 [1/1] (3.56ns)   --->   "%add_ln107_13 = add i64 %or_ln107_1, i64 %input_read" [cnn_accel.cpp:107]   --->   Operation 135 'add' 'add_ln107_13' <Predicate = (!icmp_ln96 & and_ln103)> <Delay = 3.56> <CoreInst = "Adder">   --->   Core 1 'Adder' <Latency = 0> <II = 1> <Delay = 3.56> <FuncUnit> <Opcode : 'add' 'sub'> <InPorts = 2> <OutPorts = 1>
ST_5 : Operation 136 [1/1] (0.00ns)   --->   "%gmem_addr_277 = getelementptr i8 %gmem, i64 %add_ln107_13" [cnn_accel.cpp:107]   --->   Operation 136 'getelementptr' 'gmem_addr_277' <Predicate = (!icmp_ln96 & and_ln103)> <Delay = 0.00>
ST_5 : Operation 137 [2/2] (3.25ns)   --->   "%tile_out_load_14 = load i11 %tile_out_addr_14" [cnn_accel.cpp:108]   --->   Operation 137 'load' 'tile_out_load_14' <Predicate = (!icmp_ln96 & and_ln103)> <Delay = 3.25> <CoreInst = "RAM_T2P_BRAM">   --->   Core 93 'RAM_T2P_BRAM' <Latency = 1> <II = 1> <Delay = 3.25> <Storage> <Opcode : 'load' 'store'> <Ports = 2> <Width = 7> <Depth = 2048> <RAM>
ST_5 : Operation 138 [1/1] (0.00ns)   --->   "%or_ln107_2 = bitconcatenate i64 @_ssdm_op_BitConcatenate.i64.i59.i2.i3, i59 %add_ln104, i2 %tmp_1185, i3 7" [cnn_accel.cpp:107]   --->   Operation 138 'bitconcatenate' 'or_ln107_2' <Predicate = (!icmp_ln96 & and_ln103)> <Delay = 0.00>
ST_5 : Operation 139 [1/1] (3.56ns)   --->   "%add_ln107_14 = add i64 %or_ln107_2, i64 %input_read" [cnn_accel.cpp:107]   --->   Operation 139 'add' 'add_ln107_14' <Predicate = (!icmp_ln96 & and_ln103)> <Delay = 3.56> <CoreInst = "Adder">   --->   Core 1 'Adder' <Latency = 0> <II = 1> <Delay = 3.56> <FuncUnit> <Opcode : 'add' 'sub'> <InPorts = 2> <OutPorts = 1>
ST_5 : Operation 140 [1/1] (0.00ns)   --->   "%gmem_addr_278 = getelementptr i8 %gmem, i64 %add_ln107_14" [cnn_accel.cpp:107]   --->   Operation 140 'getelementptr' 'gmem_addr_278' <Predicate = (!icmp_ln96 & and_ln103)> <Delay = 0.00>

State 6 <SV = 5> <Delay = 7.30>
ST_6 : Operation 141 [1/1] (7.30ns)   --->   "%gmem_addr_407_req = writereq i1 @_ssdm_op_WriteReq.m_axi.i8P1A, i64 %gmem_addr, i64 1" [cnn_accel.cpp:107]   --->   Operation 141 'writereq' 'gmem_addr_407_req' <Predicate = (!icmp_ln96 & and_ln103)> <Delay = 7.30> <CoreInst = "m_axi">   --->   Core 111 'm_axi' <Latency = 9> <II = 1> <Delay = 1.00> <Adapter> <Opcode : 'read' 'write' 'readreq' 'writereq' 'writeresp'>
ST_6 : Operation 142 [1/2] ( I:3.25ns O:3.25ns )   --->   "%tile_out_load_13 = load i11 %tile_out_addr_13" [cnn_accel.cpp:108]   --->   Operation 142 'load' 'tile_out_load_13' <Predicate = (!icmp_ln96 & and_ln103)> <Delay = 3.25> <CoreInst = "RAM_T2P_BRAM">   --->   Core 93 'RAM_T2P_BRAM' <Latency = 1> <II = 1> <Delay = 3.25> <Storage> <Opcode : 'load' 'store'> <Ports = 2> <Width = 7> <Depth = 2048> <RAM>
ST_6 : Operation 143 [1/2] ( I:3.25ns O:3.25ns )   --->   "%tile_out_load_14 = load i11 %tile_out_addr_14" [cnn_accel.cpp:108]   --->   Operation 143 'load' 'tile_out_load_14' <Predicate = (!icmp_ln96 & and_ln103)> <Delay = 3.25> <CoreInst = "RAM_T2P_BRAM">   --->   Core 93 'RAM_T2P_BRAM' <Latency = 1> <II = 1> <Delay = 3.25> <Storage> <Opcode : 'load' 'store'> <Ports = 2> <Width = 7> <Depth = 2048> <RAM>

State 7 <SV = 6> <Delay = 7.30>
ST_7 : Operation 144 [1/1] (0.00ns)   --->   "%zext_ln107 = zext i7 %tile_out_load" [cnn_accel.cpp:107]   --->   Operation 144 'zext' 'zext_ln107' <Predicate = (!icmp_ln96 & and_ln103)> <Delay = 0.00>
ST_7 : Operation 145 [1/1] (7.30ns)   --->   "%write_ln107 = write void @_ssdm_op_Write.m_axi.volatile.i8P1A, i64 %gmem_addr, i8 %zext_ln107, i1 1" [cnn_accel.cpp:107]   --->   Operation 145 'write' 'write_ln107' <Predicate = (!icmp_ln96 & and_ln103)> <Delay = 7.30> <CoreInst = "m_axi">   --->   Core 111 'm_axi' <Latency = 5> <II = 1> <Delay = 1.00> <Adapter> <Opcode : 'read' 'write' 'readreq' 'writereq' 'writeresp'>
ST_7 : Operation 146 [1/1] (7.30ns)   --->   "%gmem_addr_408_req = writereq i1 @_ssdm_op_WriteReq.m_axi.i8P1A, i64 %gmem_addr_272, i64 1" [cnn_accel.cpp:107]   --->   Operation 146 'writereq' 'gmem_addr_408_req' <Predicate = (!icmp_ln96 & and_ln103)> <Delay = 7.30> <CoreInst = "m_axi">   --->   Core 111 'm_axi' <Latency = 9> <II = 1> <Delay = 1.00> <Adapter> <Opcode : 'read' 'write' 'readreq' 'writereq' 'writeresp'>

State 8 <SV = 7> <Delay = 7.30>
ST_8 : Operation 147 [5/5] (7.30ns)   --->   "%gmem_addr_407_resp = writeresp i1 @_ssdm_op_WriteResp.m_axi.i8P1A, i64 %gmem_addr" [cnn_accel.cpp:107]   --->   Operation 147 'writeresp' 'gmem_addr_407_resp' <Predicate = (!icmp_ln96 & and_ln103)> <Delay = 7.30> <CoreInst = "m_axi">   --->   Core 111 'm_axi' <Latency = 3> <II = 1> <Delay = 1.00> <Adapter> <Opcode : 'read' 'write' 'readreq' 'writereq' 'writeresp'>
ST_8 : Operation 148 [1/1] (0.00ns)   --->   "%zext_ln107_8 = zext i7 %tile_out_load_8" [cnn_accel.cpp:107]   --->   Operation 148 'zext' 'zext_ln107_8' <Predicate = (!icmp_ln96 & and_ln103)> <Delay = 0.00>
ST_8 : Operation 149 [1/1] (7.30ns)   --->   "%write_ln107 = write void @_ssdm_op_Write.m_axi.volatile.i8P1A, i64 %gmem_addr_272, i8 %zext_ln107_8, i1 1" [cnn_accel.cpp:107]   --->   Operation 149 'write' 'write_ln107' <Predicate = (!icmp_ln96 & and_ln103)> <Delay = 7.30> <CoreInst = "m_axi">   --->   Core 111 'm_axi' <Latency = 5> <II = 1> <Delay = 1.00> <Adapter> <Opcode : 'read' 'write' 'readreq' 'writereq' 'writeresp'>
ST_8 : Operation 150 [1/1] (7.30ns)   --->   "%gmem_addr_409_req = writereq i1 @_ssdm_op_WriteReq.m_axi.i8P1A, i64 %gmem_addr_273, i64 1" [cnn_accel.cpp:107]   --->   Operation 150 'writereq' 'gmem_addr_409_req' <Predicate = (!icmp_ln96 & and_ln103)> <Delay = 7.30> <CoreInst = "m_axi">   --->   Core 111 'm_axi' <Latency = 9> <II = 1> <Delay = 1.00> <Adapter> <Opcode : 'read' 'write' 'readreq' 'writereq' 'writeresp'>

State 9 <SV = 8> <Delay = 7.30>
ST_9 : Operation 151 [4/5] (7.30ns)   --->   "%gmem_addr_407_resp = writeresp i1 @_ssdm_op_WriteResp.m_axi.i8P1A, i64 %gmem_addr" [cnn_accel.cpp:107]   --->   Operation 151 'writeresp' 'gmem_addr_407_resp' <Predicate = (and_ln103)> <Delay = 7.30> <CoreInst = "m_axi">   --->   Core 111 'm_axi' <Latency = 3> <II = 1> <Delay = 1.00> <Adapter> <Opcode : 'read' 'write' 'readreq' 'writereq' 'writeresp'>
ST_9 : Operation 152 [5/5] (7.30ns)   --->   "%gmem_addr_408_resp = writeresp i1 @_ssdm_op_WriteResp.m_axi.i8P1A, i64 %gmem_addr_272" [cnn_accel.cpp:107]   --->   Operation 152 'writeresp' 'gmem_addr_408_resp' <Predicate = (and_ln103)> <Delay = 7.30> <CoreInst = "m_axi">   --->   Core 111 'm_axi' <Latency = 3> <II = 1> <Delay = 1.00> <Adapter> <Opcode : 'read' 'write' 'readreq' 'writereq' 'writeresp'>
ST_9 : Operation 153 [1/1] (0.00ns)   --->   "%zext_ln107_9 = zext i7 %tile_out_load_9" [cnn_accel.cpp:107]   --->   Operation 153 'zext' 'zext_ln107_9' <Predicate = (and_ln103)> <Delay = 0.00>
ST_9 : Operation 154 [1/1] (7.30ns)   --->   "%write_ln107 = write void @_ssdm_op_Write.m_axi.volatile.i8P1A, i64 %gmem_addr_273, i8 %zext_ln107_9, i1 1" [cnn_accel.cpp:107]   --->   Operation 154 'write' 'write_ln107' <Predicate = (and_ln103)> <Delay = 7.30> <CoreInst = "m_axi">   --->   Core 111 'm_axi' <Latency = 5> <II = 1> <Delay = 1.00> <Adapter> <Opcode : 'read' 'write' 'readreq' 'writereq' 'writeresp'>
ST_9 : Operation 155 [1/1] (7.30ns)   --->   "%gmem_addr_410_req = writereq i1 @_ssdm_op_WriteReq.m_axi.i8P1A, i64 %gmem_addr_274, i64 1" [cnn_accel.cpp:107]   --->   Operation 155 'writereq' 'gmem_addr_410_req' <Predicate = (and_ln103)> <Delay = 7.30> <CoreInst = "m_axi">   --->   Core 111 'm_axi' <Latency = 9> <II = 1> <Delay = 1.00> <Adapter> <Opcode : 'read' 'write' 'readreq' 'writereq' 'writeresp'>

State 10 <SV = 9> <Delay = 7.30>
ST_10 : Operation 156 [3/5] (7.30ns)   --->   "%gmem_addr_407_resp = writeresp i1 @_ssdm_op_WriteResp.m_axi.i8P1A, i64 %gmem_addr" [cnn_accel.cpp:107]   --->   Operation 156 'writeresp' 'gmem_addr_407_resp' <Predicate = (and_ln103)> <Delay = 7.30> <CoreInst = "m_axi">   --->   Core 111 'm_axi' <Latency = 3> <II = 1> <Delay = 1.00> <Adapter> <Opcode : 'read' 'write' 'readreq' 'writereq' 'writeresp'>
ST_10 : Operation 157 [4/5] (7.30ns)   --->   "%gmem_addr_408_resp = writeresp i1 @_ssdm_op_WriteResp.m_axi.i8P1A, i64 %gmem_addr_272" [cnn_accel.cpp:107]   --->   Operation 157 'writeresp' 'gmem_addr_408_resp' <Predicate = (and_ln103)> <Delay = 7.30> <CoreInst = "m_axi">   --->   Core 111 'm_axi' <Latency = 3> <II = 1> <Delay = 1.00> <Adapter> <Opcode : 'read' 'write' 'readreq' 'writereq' 'writeresp'>
ST_10 : Operation 158 [5/5] (7.30ns)   --->   "%gmem_addr_409_resp = writeresp i1 @_ssdm_op_WriteResp.m_axi.i8P1A, i64 %gmem_addr_273" [cnn_accel.cpp:107]   --->   Operation 158 'writeresp' 'gmem_addr_409_resp' <Predicate = (and_ln103)> <Delay = 7.30> <CoreInst = "m_axi">   --->   Core 111 'm_axi' <Latency = 3> <II = 1> <Delay = 1.00> <Adapter> <Opcode : 'read' 'write' 'readreq' 'writereq' 'writeresp'>
ST_10 : Operation 159 [1/1] (0.00ns)   --->   "%zext_ln107_10 = zext i7 %tile_out_load_10" [cnn_accel.cpp:107]   --->   Operation 159 'zext' 'zext_ln107_10' <Predicate = (and_ln103)> <Delay = 0.00>
ST_10 : Operation 160 [1/1] (7.30ns)   --->   "%write_ln107 = write void @_ssdm_op_Write.m_axi.volatile.i8P1A, i64 %gmem_addr_274, i8 %zext_ln107_10, i1 1" [cnn_accel.cpp:107]   --->   Operation 160 'write' 'write_ln107' <Predicate = (and_ln103)> <Delay = 7.30> <CoreInst = "m_axi">   --->   Core 111 'm_axi' <Latency = 5> <II = 1> <Delay = 1.00> <Adapter> <Opcode : 'read' 'write' 'readreq' 'writereq' 'writeresp'>
ST_10 : Operation 161 [1/1] (7.30ns)   --->   "%gmem_addr_411_req = writereq i1 @_ssdm_op_WriteReq.m_axi.i8P1A, i64 %gmem_addr_275, i64 1" [cnn_accel.cpp:107]   --->   Operation 161 'writereq' 'gmem_addr_411_req' <Predicate = (and_ln103)> <Delay = 7.30> <CoreInst = "m_axi">   --->   Core 111 'm_axi' <Latency = 9> <II = 1> <Delay = 1.00> <Adapter> <Opcode : 'read' 'write' 'readreq' 'writereq' 'writeresp'>

State 11 <SV = 10> <Delay = 7.30>
ST_11 : Operation 162 [2/5] (7.30ns)   --->   "%gmem_addr_407_resp = writeresp i1 @_ssdm_op_WriteResp.m_axi.i8P1A, i64 %gmem_addr" [cnn_accel.cpp:107]   --->   Operation 162 'writeresp' 'gmem_addr_407_resp' <Predicate = (and_ln103)> <Delay = 7.30> <CoreInst = "m_axi">   --->   Core 111 'm_axi' <Latency = 3> <II = 1> <Delay = 1.00> <Adapter> <Opcode : 'read' 'write' 'readreq' 'writereq' 'writeresp'>
ST_11 : Operation 163 [3/5] (7.30ns)   --->   "%gmem_addr_408_resp = writeresp i1 @_ssdm_op_WriteResp.m_axi.i8P1A, i64 %gmem_addr_272" [cnn_accel.cpp:107]   --->   Operation 163 'writeresp' 'gmem_addr_408_resp' <Predicate = (and_ln103)> <Delay = 7.30> <CoreInst = "m_axi">   --->   Core 111 'm_axi' <Latency = 3> <II = 1> <Delay = 1.00> <Adapter> <Opcode : 'read' 'write' 'readreq' 'writereq' 'writeresp'>
ST_11 : Operation 164 [4/5] (7.30ns)   --->   "%gmem_addr_409_resp = writeresp i1 @_ssdm_op_WriteResp.m_axi.i8P1A, i64 %gmem_addr_273" [cnn_accel.cpp:107]   --->   Operation 164 'writeresp' 'gmem_addr_409_resp' <Predicate = (and_ln103)> <Delay = 7.30> <CoreInst = "m_axi">   --->   Core 111 'm_axi' <Latency = 3> <II = 1> <Delay = 1.00> <Adapter> <Opcode : 'read' 'write' 'readreq' 'writereq' 'writeresp'>
ST_11 : Operation 165 [5/5] (7.30ns)   --->   "%gmem_addr_410_resp = writeresp i1 @_ssdm_op_WriteResp.m_axi.i8P1A, i64 %gmem_addr_274" [cnn_accel.cpp:107]   --->   Operation 165 'writeresp' 'gmem_addr_410_resp' <Predicate = (and_ln103)> <Delay = 7.30> <CoreInst = "m_axi">   --->   Core 111 'm_axi' <Latency = 3> <II = 1> <Delay = 1.00> <Adapter> <Opcode : 'read' 'write' 'readreq' 'writereq' 'writeresp'>
ST_11 : Operation 166 [1/1] (0.00ns)   --->   "%zext_ln107_11 = zext i7 %tile_out_load_11" [cnn_accel.cpp:107]   --->   Operation 166 'zext' 'zext_ln107_11' <Predicate = (and_ln103)> <Delay = 0.00>
ST_11 : Operation 167 [1/1] (7.30ns)   --->   "%write_ln107 = write void @_ssdm_op_Write.m_axi.volatile.i8P1A, i64 %gmem_addr_275, i8 %zext_ln107_11, i1 1" [cnn_accel.cpp:107]   --->   Operation 167 'write' 'write_ln107' <Predicate = (and_ln103)> <Delay = 7.30> <CoreInst = "m_axi">   --->   Core 111 'm_axi' <Latency = 5> <II = 1> <Delay = 1.00> <Adapter> <Opcode : 'read' 'write' 'readreq' 'writereq' 'writeresp'>
ST_11 : Operation 168 [1/1] (7.30ns)   --->   "%gmem_addr_412_req = writereq i1 @_ssdm_op_WriteReq.m_axi.i8P1A, i64 %gmem_addr_276, i64 1" [cnn_accel.cpp:107]   --->   Operation 168 'writereq' 'gmem_addr_412_req' <Predicate = (and_ln103)> <Delay = 7.30> <CoreInst = "m_axi">   --->   Core 111 'm_axi' <Latency = 9> <II = 1> <Delay = 1.00> <Adapter> <Opcode : 'read' 'write' 'readreq' 'writereq' 'writeresp'>
ST_11 : Operation 208 [1/1] (1.61ns)   --->   "%ret_ln0 = ret"   --->   Operation 208 'ret' 'ret_ln0' <Predicate = (icmp_ln96)> <Delay = 1.61>

State 12 <SV = 11> <Delay = 7.30>
ST_12 : Operation 169 [1/5] (7.30ns)   --->   "%gmem_addr_407_resp = writeresp i1 @_ssdm_op_WriteResp.m_axi.i8P1A, i64 %gmem_addr" [cnn_accel.cpp:107]   --->   Operation 169 'writeresp' 'gmem_addr_407_resp' <Predicate = (and_ln103)> <Delay = 7.30> <CoreInst = "m_axi">   --->   Core 111 'm_axi' <Latency = 3> <II = 1> <Delay = 1.00> <Adapter> <Opcode : 'read' 'write' 'readreq' 'writereq' 'writeresp'>
ST_12 : Operation 170 [2/5] (7.30ns)   --->   "%gmem_addr_408_resp = writeresp i1 @_ssdm_op_WriteResp.m_axi.i8P1A, i64 %gmem_addr_272" [cnn_accel.cpp:107]   --->   Operation 170 'writeresp' 'gmem_addr_408_resp' <Predicate = (and_ln103)> <Delay = 7.30> <CoreInst = "m_axi">   --->   Core 111 'm_axi' <Latency = 3> <II = 1> <Delay = 1.00> <Adapter> <Opcode : 'read' 'write' 'readreq' 'writereq' 'writeresp'>
ST_12 : Operation 171 [3/5] (7.30ns)   --->   "%gmem_addr_409_resp = writeresp i1 @_ssdm_op_WriteResp.m_axi.i8P1A, i64 %gmem_addr_273" [cnn_accel.cpp:107]   --->   Operation 171 'writeresp' 'gmem_addr_409_resp' <Predicate = (and_ln103)> <Delay = 7.30> <CoreInst = "m_axi">   --->   Core 111 'm_axi' <Latency = 3> <II = 1> <Delay = 1.00> <Adapter> <Opcode : 'read' 'write' 'readreq' 'writereq' 'writeresp'>
ST_12 : Operation 172 [4/5] (7.30ns)   --->   "%gmem_addr_410_resp = writeresp i1 @_ssdm_op_WriteResp.m_axi.i8P1A, i64 %gmem_addr_274" [cnn_accel.cpp:107]   --->   Operation 172 'writeresp' 'gmem_addr_410_resp' <Predicate = (and_ln103)> <Delay = 7.30> <CoreInst = "m_axi">   --->   Core 111 'm_axi' <Latency = 3> <II = 1> <Delay = 1.00> <Adapter> <Opcode : 'read' 'write' 'readreq' 'writereq' 'writeresp'>
ST_12 : Operation 173 [5/5] (7.30ns)   --->   "%gmem_addr_411_resp = writeresp i1 @_ssdm_op_WriteResp.m_axi.i8P1A, i64 %gmem_addr_275" [cnn_accel.cpp:107]   --->   Operation 173 'writeresp' 'gmem_addr_411_resp' <Predicate = (and_ln103)> <Delay = 7.30> <CoreInst = "m_axi">   --->   Core 111 'm_axi' <Latency = 3> <II = 1> <Delay = 1.00> <Adapter> <Opcode : 'read' 'write' 'readreq' 'writereq' 'writeresp'>
ST_12 : Operation 174 [1/1] (0.00ns)   --->   "%zext_ln107_12 = zext i7 %tile_out_load_12" [cnn_accel.cpp:107]   --->   Operation 174 'zext' 'zext_ln107_12' <Predicate = (and_ln103)> <Delay = 0.00>
ST_12 : Operation 175 [1/1] (7.30ns)   --->   "%write_ln107 = write void @_ssdm_op_Write.m_axi.volatile.i8P1A, i64 %gmem_addr_276, i8 %zext_ln107_12, i1 1" [cnn_accel.cpp:107]   --->   Operation 175 'write' 'write_ln107' <Predicate = (and_ln103)> <Delay = 7.30> <CoreInst = "m_axi">   --->   Core 111 'm_axi' <Latency = 5> <II = 1> <Delay = 1.00> <Adapter> <Opcode : 'read' 'write' 'readreq' 'writereq' 'writeresp'>
ST_12 : Operation 176 [1/1] (7.30ns)   --->   "%gmem_addr_413_req = writereq i1 @_ssdm_op_WriteReq.m_axi.i8P1A, i64 %gmem_addr_277, i64 1" [cnn_accel.cpp:107]   --->   Operation 176 'writereq' 'gmem_addr_413_req' <Predicate = (and_ln103)> <Delay = 7.30> <CoreInst = "m_axi">   --->   Core 111 'm_axi' <Latency = 9> <II = 1> <Delay = 1.00> <Adapter> <Opcode : 'read' 'write' 'readreq' 'writereq' 'writeresp'>

State 13 <SV = 12> <Delay = 7.30>
ST_13 : Operation 177 [1/5] (7.30ns)   --->   "%gmem_addr_408_resp = writeresp i1 @_ssdm_op_WriteResp.m_axi.i8P1A, i64 %gmem_addr_272" [cnn_accel.cpp:107]   --->   Operation 177 'writeresp' 'gmem_addr_408_resp' <Predicate = (and_ln103)> <Delay = 7.30> <CoreInst = "m_axi">   --->   Core 111 'm_axi' <Latency = 3> <II = 1> <Delay = 1.00> <Adapter> <Opcode : 'read' 'write' 'readreq' 'writereq' 'writeresp'>
ST_13 : Operation 178 [2/5] (7.30ns)   --->   "%gmem_addr_409_resp = writeresp i1 @_ssdm_op_WriteResp.m_axi.i8P1A, i64 %gmem_addr_273" [cnn_accel.cpp:107]   --->   Operation 178 'writeresp' 'gmem_addr_409_resp' <Predicate = (and_ln103)> <Delay = 7.30> <CoreInst = "m_axi">   --->   Core 111 'm_axi' <Latency = 3> <II = 1> <Delay = 1.00> <Adapter> <Opcode : 'read' 'write' 'readreq' 'writereq' 'writeresp'>
ST_13 : Operation 179 [3/5] (7.30ns)   --->   "%gmem_addr_410_resp = writeresp i1 @_ssdm_op_WriteResp.m_axi.i8P1A, i64 %gmem_addr_274" [cnn_accel.cpp:107]   --->   Operation 179 'writeresp' 'gmem_addr_410_resp' <Predicate = (and_ln103)> <Delay = 7.30> <CoreInst = "m_axi">   --->   Core 111 'm_axi' <Latency = 3> <II = 1> <Delay = 1.00> <Adapter> <Opcode : 'read' 'write' 'readreq' 'writereq' 'writeresp'>
ST_13 : Operation 180 [4/5] (7.30ns)   --->   "%gmem_addr_411_resp = writeresp i1 @_ssdm_op_WriteResp.m_axi.i8P1A, i64 %gmem_addr_275" [cnn_accel.cpp:107]   --->   Operation 180 'writeresp' 'gmem_addr_411_resp' <Predicate = (and_ln103)> <Delay = 7.30> <CoreInst = "m_axi">   --->   Core 111 'm_axi' <Latency = 3> <II = 1> <Delay = 1.00> <Adapter> <Opcode : 'read' 'write' 'readreq' 'writereq' 'writeresp'>
ST_13 : Operation 181 [5/5] (7.30ns)   --->   "%gmem_addr_412_resp = writeresp i1 @_ssdm_op_WriteResp.m_axi.i8P1A, i64 %gmem_addr_276" [cnn_accel.cpp:107]   --->   Operation 181 'writeresp' 'gmem_addr_412_resp' <Predicate = (and_ln103)> <Delay = 7.30> <CoreInst = "m_axi">   --->   Core 111 'm_axi' <Latency = 3> <II = 1> <Delay = 1.00> <Adapter> <Opcode : 'read' 'write' 'readreq' 'writereq' 'writeresp'>
ST_13 : Operation 182 [1/1] (0.00ns)   --->   "%zext_ln107_13 = zext i7 %tile_out_load_13" [cnn_accel.cpp:107]   --->   Operation 182 'zext' 'zext_ln107_13' <Predicate = (and_ln103)> <Delay = 0.00>
ST_13 : Operation 183 [1/1] (7.30ns)   --->   "%write_ln107 = write void @_ssdm_op_Write.m_axi.volatile.i8P1A, i64 %gmem_addr_277, i8 %zext_ln107_13, i1 1" [cnn_accel.cpp:107]   --->   Operation 183 'write' 'write_ln107' <Predicate = (and_ln103)> <Delay = 7.30> <CoreInst = "m_axi">   --->   Core 111 'm_axi' <Latency = 5> <II = 1> <Delay = 1.00> <Adapter> <Opcode : 'read' 'write' 'readreq' 'writereq' 'writeresp'>
ST_13 : Operation 184 [1/1] (7.30ns)   --->   "%gmem_addr_414_req = writereq i1 @_ssdm_op_WriteReq.m_axi.i8P1A, i64 %gmem_addr_278, i64 1" [cnn_accel.cpp:107]   --->   Operation 184 'writereq' 'gmem_addr_414_req' <Predicate = (and_ln103)> <Delay = 7.30> <CoreInst = "m_axi">   --->   Core 111 'm_axi' <Latency = 9> <II = 1> <Delay = 1.00> <Adapter> <Opcode : 'read' 'write' 'readreq' 'writereq' 'writeresp'>

State 14 <SV = 13> <Delay = 7.30>
ST_14 : Operation 185 [1/5] (7.30ns)   --->   "%gmem_addr_409_resp = writeresp i1 @_ssdm_op_WriteResp.m_axi.i8P1A, i64 %gmem_addr_273" [cnn_accel.cpp:107]   --->   Operation 185 'writeresp' 'gmem_addr_409_resp' <Predicate = (and_ln103)> <Delay = 7.30> <CoreInst = "m_axi">   --->   Core 111 'm_axi' <Latency = 3> <II = 1> <Delay = 1.00> <Adapter> <Opcode : 'read' 'write' 'readreq' 'writereq' 'writeresp'>
ST_14 : Operation 186 [2/5] (7.30ns)   --->   "%gmem_addr_410_resp = writeresp i1 @_ssdm_op_WriteResp.m_axi.i8P1A, i64 %gmem_addr_274" [cnn_accel.cpp:107]   --->   Operation 186 'writeresp' 'gmem_addr_410_resp' <Predicate = (and_ln103)> <Delay = 7.30> <CoreInst = "m_axi">   --->   Core 111 'm_axi' <Latency = 3> <II = 1> <Delay = 1.00> <Adapter> <Opcode : 'read' 'write' 'readreq' 'writereq' 'writeresp'>
ST_14 : Operation 187 [3/5] (7.30ns)   --->   "%gmem_addr_411_resp = writeresp i1 @_ssdm_op_WriteResp.m_axi.i8P1A, i64 %gmem_addr_275" [cnn_accel.cpp:107]   --->   Operation 187 'writeresp' 'gmem_addr_411_resp' <Predicate = (and_ln103)> <Delay = 7.30> <CoreInst = "m_axi">   --->   Core 111 'm_axi' <Latency = 3> <II = 1> <Delay = 1.00> <Adapter> <Opcode : 'read' 'write' 'readreq' 'writereq' 'writeresp'>
ST_14 : Operation 188 [4/5] (7.30ns)   --->   "%gmem_addr_412_resp = writeresp i1 @_ssdm_op_WriteResp.m_axi.i8P1A, i64 %gmem_addr_276" [cnn_accel.cpp:107]   --->   Operation 188 'writeresp' 'gmem_addr_412_resp' <Predicate = (and_ln103)> <Delay = 7.30> <CoreInst = "m_axi">   --->   Core 111 'm_axi' <Latency = 3> <II = 1> <Delay = 1.00> <Adapter> <Opcode : 'read' 'write' 'readreq' 'writereq' 'writeresp'>
ST_14 : Operation 189 [5/5] (7.30ns)   --->   "%gmem_addr_413_resp = writeresp i1 @_ssdm_op_WriteResp.m_axi.i8P1A, i64 %gmem_addr_277" [cnn_accel.cpp:107]   --->   Operation 189 'writeresp' 'gmem_addr_413_resp' <Predicate = (and_ln103)> <Delay = 7.30> <CoreInst = "m_axi">   --->   Core 111 'm_axi' <Latency = 3> <II = 1> <Delay = 1.00> <Adapter> <Opcode : 'read' 'write' 'readreq' 'writereq' 'writeresp'>
ST_14 : Operation 190 [1/1] (0.00ns)   --->   "%zext_ln107_14 = zext i7 %tile_out_load_14" [cnn_accel.cpp:107]   --->   Operation 190 'zext' 'zext_ln107_14' <Predicate = (and_ln103)> <Delay = 0.00>
ST_14 : Operation 191 [1/1] (7.30ns)   --->   "%write_ln107 = write void @_ssdm_op_Write.m_axi.volatile.i8P1A, i64 %gmem_addr_278, i8 %zext_ln107_14, i1 1" [cnn_accel.cpp:107]   --->   Operation 191 'write' 'write_ln107' <Predicate = (and_ln103)> <Delay = 7.30> <CoreInst = "m_axi">   --->   Core 111 'm_axi' <Latency = 5> <II = 1> <Delay = 1.00> <Adapter> <Opcode : 'read' 'write' 'readreq' 'writereq' 'writeresp'>

State 15 <SV = 14> <Delay = 7.30>
ST_15 : Operation 192 [1/5] (7.30ns)   --->   "%gmem_addr_410_resp = writeresp i1 @_ssdm_op_WriteResp.m_axi.i8P1A, i64 %gmem_addr_274" [cnn_accel.cpp:107]   --->   Operation 192 'writeresp' 'gmem_addr_410_resp' <Predicate = (and_ln103)> <Delay = 7.30> <CoreInst = "m_axi">   --->   Core 111 'm_axi' <Latency = 3> <II = 1> <Delay = 1.00> <Adapter> <Opcode : 'read' 'write' 'readreq' 'writereq' 'writeresp'>
ST_15 : Operation 193 [2/5] (7.30ns)   --->   "%gmem_addr_411_resp = writeresp i1 @_ssdm_op_WriteResp.m_axi.i8P1A, i64 %gmem_addr_275" [cnn_accel.cpp:107]   --->   Operation 193 'writeresp' 'gmem_addr_411_resp' <Predicate = (and_ln103)> <Delay = 7.30> <CoreInst = "m_axi">   --->   Core 111 'm_axi' <Latency = 3> <II = 1> <Delay = 1.00> <Adapter> <Opcode : 'read' 'write' 'readreq' 'writereq' 'writeresp'>
ST_15 : Operation 194 [3/5] (7.30ns)   --->   "%gmem_addr_412_resp = writeresp i1 @_ssdm_op_WriteResp.m_axi.i8P1A, i64 %gmem_addr_276" [cnn_accel.cpp:107]   --->   Operation 194 'writeresp' 'gmem_addr_412_resp' <Predicate = (and_ln103)> <Delay = 7.30> <CoreInst = "m_axi">   --->   Core 111 'm_axi' <Latency = 3> <II = 1> <Delay = 1.00> <Adapter> <Opcode : 'read' 'write' 'readreq' 'writereq' 'writeresp'>
ST_15 : Operation 195 [4/5] (7.30ns)   --->   "%gmem_addr_413_resp = writeresp i1 @_ssdm_op_WriteResp.m_axi.i8P1A, i64 %gmem_addr_277" [cnn_accel.cpp:107]   --->   Operation 195 'writeresp' 'gmem_addr_413_resp' <Predicate = (and_ln103)> <Delay = 7.30> <CoreInst = "m_axi">   --->   Core 111 'm_axi' <Latency = 3> <II = 1> <Delay = 1.00> <Adapter> <Opcode : 'read' 'write' 'readreq' 'writereq' 'writeresp'>
ST_15 : Operation 196 [5/5] (7.30ns)   --->   "%gmem_addr_414_resp = writeresp i1 @_ssdm_op_WriteResp.m_axi.i8P1A, i64 %gmem_addr_278" [cnn_accel.cpp:107]   --->   Operation 196 'writeresp' 'gmem_addr_414_resp' <Predicate = (and_ln103)> <Delay = 7.30> <CoreInst = "m_axi">   --->   Core 111 'm_axi' <Latency = 3> <II = 1> <Delay = 1.00> <Adapter> <Opcode : 'read' 'write' 'readreq' 'writereq' 'writeresp'>

State 16 <SV = 15> <Delay = 7.30>
ST_16 : Operation 197 [1/5] (7.30ns)   --->   "%gmem_addr_411_resp = writeresp i1 @_ssdm_op_WriteResp.m_axi.i8P1A, i64 %gmem_addr_275" [cnn_accel.cpp:107]   --->   Operation 197 'writeresp' 'gmem_addr_411_resp' <Predicate = (and_ln103)> <Delay = 7.30> <CoreInst = "m_axi">   --->   Core 111 'm_axi' <Latency = 3> <II = 1> <Delay = 1.00> <Adapter> <Opcode : 'read' 'write' 'readreq' 'writereq' 'writeresp'>
ST_16 : Operation 198 [2/5] (7.30ns)   --->   "%gmem_addr_412_resp = writeresp i1 @_ssdm_op_WriteResp.m_axi.i8P1A, i64 %gmem_addr_276" [cnn_accel.cpp:107]   --->   Operation 198 'writeresp' 'gmem_addr_412_resp' <Predicate = (and_ln103)> <Delay = 7.30> <CoreInst = "m_axi">   --->   Core 111 'm_axi' <Latency = 3> <II = 1> <Delay = 1.00> <Adapter> <Opcode : 'read' 'write' 'readreq' 'writereq' 'writeresp'>
ST_16 : Operation 199 [3/5] (7.30ns)   --->   "%gmem_addr_413_resp = writeresp i1 @_ssdm_op_WriteResp.m_axi.i8P1A, i64 %gmem_addr_277" [cnn_accel.cpp:107]   --->   Operation 199 'writeresp' 'gmem_addr_413_resp' <Predicate = (and_ln103)> <Delay = 7.30> <CoreInst = "m_axi">   --->   Core 111 'm_axi' <Latency = 3> <II = 1> <Delay = 1.00> <Adapter> <Opcode : 'read' 'write' 'readreq' 'writereq' 'writeresp'>
ST_16 : Operation 200 [4/5] (7.30ns)   --->   "%gmem_addr_414_resp = writeresp i1 @_ssdm_op_WriteResp.m_axi.i8P1A, i64 %gmem_addr_278" [cnn_accel.cpp:107]   --->   Operation 200 'writeresp' 'gmem_addr_414_resp' <Predicate = (and_ln103)> <Delay = 7.30> <CoreInst = "m_axi">   --->   Core 111 'm_axi' <Latency = 3> <II = 1> <Delay = 1.00> <Adapter> <Opcode : 'read' 'write' 'readreq' 'writereq' 'writeresp'>

State 17 <SV = 16> <Delay = 7.30>
ST_17 : Operation 201 [1/5] (7.30ns)   --->   "%gmem_addr_412_resp = writeresp i1 @_ssdm_op_WriteResp.m_axi.i8P1A, i64 %gmem_addr_276" [cnn_accel.cpp:107]   --->   Operation 201 'writeresp' 'gmem_addr_412_resp' <Predicate = (and_ln103)> <Delay = 7.30> <CoreInst = "m_axi">   --->   Core 111 'm_axi' <Latency = 3> <II = 1> <Delay = 1.00> <Adapter> <Opcode : 'read' 'write' 'readreq' 'writereq' 'writeresp'>
ST_17 : Operation 202 [2/5] (7.30ns)   --->   "%gmem_addr_413_resp = writeresp i1 @_ssdm_op_WriteResp.m_axi.i8P1A, i64 %gmem_addr_277" [cnn_accel.cpp:107]   --->   Operation 202 'writeresp' 'gmem_addr_413_resp' <Predicate = (and_ln103)> <Delay = 7.30> <CoreInst = "m_axi">   --->   Core 111 'm_axi' <Latency = 3> <II = 1> <Delay = 1.00> <Adapter> <Opcode : 'read' 'write' 'readreq' 'writereq' 'writeresp'>
ST_17 : Operation 203 [3/5] (7.30ns)   --->   "%gmem_addr_414_resp = writeresp i1 @_ssdm_op_WriteResp.m_axi.i8P1A, i64 %gmem_addr_278" [cnn_accel.cpp:107]   --->   Operation 203 'writeresp' 'gmem_addr_414_resp' <Predicate = (and_ln103)> <Delay = 7.30> <CoreInst = "m_axi">   --->   Core 111 'm_axi' <Latency = 3> <II = 1> <Delay = 1.00> <Adapter> <Opcode : 'read' 'write' 'readreq' 'writereq' 'writeresp'>

State 18 <SV = 17> <Delay = 7.30>
ST_18 : Operation 204 [1/5] (7.30ns)   --->   "%gmem_addr_413_resp = writeresp i1 @_ssdm_op_WriteResp.m_axi.i8P1A, i64 %gmem_addr_277" [cnn_accel.cpp:107]   --->   Operation 204 'writeresp' 'gmem_addr_413_resp' <Predicate = (and_ln103)> <Delay = 7.30> <CoreInst = "m_axi">   --->   Core 111 'm_axi' <Latency = 3> <II = 1> <Delay = 1.00> <Adapter> <Opcode : 'read' 'write' 'readreq' 'writereq' 'writeresp'>
ST_18 : Operation 205 [2/5] (7.30ns)   --->   "%gmem_addr_414_resp = writeresp i1 @_ssdm_op_WriteResp.m_axi.i8P1A, i64 %gmem_addr_278" [cnn_accel.cpp:107]   --->   Operation 205 'writeresp' 'gmem_addr_414_resp' <Predicate = (and_ln103)> <Delay = 7.30> <CoreInst = "m_axi">   --->   Core 111 'm_axi' <Latency = 3> <II = 1> <Delay = 1.00> <Adapter> <Opcode : 'read' 'write' 'readreq' 'writereq' 'writeresp'>

State 19 <SV = 18> <Delay = 7.30>
ST_19 : Operation 206 [1/5] (7.30ns)   --->   "%gmem_addr_414_resp = writeresp i1 @_ssdm_op_WriteResp.m_axi.i8P1A, i64 %gmem_addr_278" [cnn_accel.cpp:107]   --->   Operation 206 'writeresp' 'gmem_addr_414_resp' <Predicate = (and_ln103)> <Delay = 7.30> <CoreInst = "m_axi">   --->   Core 111 'm_axi' <Latency = 3> <II = 1> <Delay = 1.00> <Adapter> <Opcode : 'read' 'write' 'readreq' 'writereq' 'writeresp'>
ST_19 : Operation 207 [1/1] (0.00ns)   --->   "%br_ln110 = br void %for.inc174" [cnn_accel.cpp:110]   --->   Operation 207 'br' 'br_ln110' <Predicate = (and_ln103)> <Delay = 0.00>


============================================================
+ Verbose Summary: Binding
============================================================
STG Binding: 
---------------- STG Properties BEGIN ----------------
- Is combinational: 0
- Is one-state seq: 0
- Is datapath-only: 0
- Is pipelined: 0
- Is top level: 0
Port [ Return ] is wired: 1; IO mode=ap_ctrl_hs:ce=0
Port [ ty]:  wired=1; compound=0; hidden=0; nouse=0; global=0; static=0; extern=0; dir=0; type=0; pingpong=0; private_global=0; IO mode=ap_none:ce=0
Port [ H]:  wired=1; compound=0; hidden=0; nouse=0; global=0; static=0; extern=0; dir=0; type=0; pingpong=0; private_global=0; IO mode=ap_none:ce=0
Port [ sext_ln37]:  wired=1; compound=0; hidden=0; nouse=0; global=0; static=0; extern=0; dir=0; type=0; pingpong=0; private_global=0; IO mode=ap_none:ce=0
Port [ tile_out]:  wired=1; compound=1; hidden=0; nouse=0; global=0; static=0; extern=0; dir=0; type=1; pingpong=0; private_global=0; MemPort=[11]; IO mode=ap_memory:ce=0
Port [ tx]:  wired=1; compound=0; hidden=0; nouse=0; global=0; static=0; extern=0; dir=0; type=0; pingpong=0; private_global=0; IO mode=ap_none:ce=0
Port [ zext_ln37]:  wired=1; compound=0; hidden=0; nouse=0; global=0; static=0; extern=0; dir=0; type=0; pingpong=0; private_global=0; IO mode=ap_none:ce=0
Port [ input_r]:  wired=1; compound=0; hidden=0; nouse=0; global=0; static=0; extern=0; dir=0; type=0; pingpong=0; private_global=0; IO mode=ap_none:ce=0
Port [ gmem]:  wired=1; compound=1; hidden=0; nouse=0; global=0; static=0; extern=0; dir=1; type=4; pingpong=0; private_global=0; IO mode=m_axi:ce=0
---------------- STG Properties END ------------------

---------------- Datapath Model BEGIN ----------------

<LifeTime>
<method=bitvector/>
x                        (alloca           ) [ 01100000000000000000]
y                        (alloca           ) [ 01000000000000000000]
indvar_flatten10324      (alloca           ) [ 01000000000000000000]
input_read               (read             ) [ 00111100000000000000]
zext_ln37_read           (read             ) [ 00111100000000000000]
tx_read                  (read             ) [ 00000000000000000000]
sext_ln37_read           (read             ) [ 00000000000000000000]
H_read                   (read             ) [ 00100000000000000000]
ty_read                  (read             ) [ 00000000000000000000]
tx_cast                  (zext             ) [ 00100000000000000000]
sext_ln37_cast           (sext             ) [ 00111000000000000000]
ty_cast                  (zext             ) [ 00100000000000000000]
specmemcore_ln0          (specmemcore      ) [ 00000000000000000000]
specinterface_ln0        (specinterface    ) [ 00000000000000000000]
store_ln0                (store            ) [ 00000000000000000000]
store_ln96               (store            ) [ 00000000000000000000]
store_ln97               (store            ) [ 00000000000000000000]
br_ln0                   (br               ) [ 00000000000000000000]
indvar_flatten10324_load (load             ) [ 00000000000000000000]
icmp_ln96                (icmp             ) [ 01111111111100000000]
add_ln96_2               (add              ) [ 00000000000000000000]
br_ln96                  (br               ) [ 00000000000000000000]
x_load                   (load             ) [ 00000000000000000000]
y_load                   (load             ) [ 00000000000000000000]
add_ln96                 (add              ) [ 00000000000000000000]
icmp_ln97                (icmp             ) [ 00000000000000000000]
select_ln96              (select           ) [ 00100000000000000000]
select_ln96_2            (select           ) [ 00100000000000000000]
trunc_ln108              (trunc            ) [ 00100000000000000000]
store_ln96               (store            ) [ 00000000000000000000]
store_ln96               (store            ) [ 00000000000000000000]
tmp_s                    (bitconcatenate   ) [ 00000000000000000000]
zext_ln96                (zext             ) [ 00000000000000000000]
empty                    (add              ) [ 00010000000000000000]
cmp147                   (icmp             ) [ 00000000000000000000]
zext_ln108               (zext             ) [ 00000000000000000000]
add_ln108                (add              ) [ 00011100000000000000]
tmp                      (bitconcatenate   ) [ 00000000000000000000]
zext_ln108_17            (zext             ) [ 00000000000000000000]
tile_out_addr            (getelementptr    ) [ 00010000000000000000]
tmp_1192                 (bitconcatenate   ) [ 00000000000000000000]
zext_ln108_18            (zext             ) [ 00000000000000000000]
tile_out_addr_8          (getelementptr    ) [ 00010000000000000000]
zext_ln97                (zext             ) [ 00000000000000000000]
add_ln101                (add              ) [ 00011100000000000000]
icmp_ln103               (icmp             ) [ 00000000000000000000]
and_ln103                (and              ) [ 01111111111111111111]
br_ln103                 (br               ) [ 00000000000000000000]
add_ln97                 (add              ) [ 00000000000000000000]
store_ln97               (store            ) [ 00000000000000000000]
br_ln97                  (br               ) [ 00000000000000000000]
p_cast150                (zext             ) [ 00001000000000000000]
tmp_1193                 (bitconcatenate   ) [ 00000000000000000000]
zext_ln108_19            (zext             ) [ 00000000000000000000]
tile_out_addr_9          (getelementptr    ) [ 00001000000000000000]
tmp_1194                 (bitconcatenate   ) [ 00000000000000000000]
zext_ln108_20            (zext             ) [ 00000000000000000000]
tile_out_addr_10         (getelementptr    ) [ 00001000000000000000]
tile_out_load            (load             ) [ 00001111000000000000]
tile_out_load_8          (load             ) [ 00001111100000000000]
empty_314                (mul              ) [ 00000100000000000000]
tmp_1195                 (bitconcatenate   ) [ 00000000000000000000]
zext_ln108_21            (zext             ) [ 00000000000000000000]
tile_out_addr_11         (getelementptr    ) [ 00000100000000000000]
tmp_1196                 (bitconcatenate   ) [ 00000000000000000000]
zext_ln108_22            (zext             ) [ 00000000000000000000]
tile_out_addr_12         (getelementptr    ) [ 00000100000000000000]
tile_out_load_9          (load             ) [ 01000111110000000000]
tile_out_load_10         (load             ) [ 01100111111000000000]
specloopname_ln0         (specloopname     ) [ 00000000000000000000]
speclooptripcount_ln0    (speclooptripcount) [ 00000000000000000000]
tmp_1197                 (bitconcatenate   ) [ 00000000000000000000]
zext_ln108_23            (zext             ) [ 00000000000000000000]
tile_out_addr_13         (getelementptr    ) [ 00000010000000000000]
tmp_1198                 (bitconcatenate   ) [ 00000000000000000000]
zext_ln108_24            (zext             ) [ 00000000000000000000]
tile_out_addr_14         (getelementptr    ) [ 00000010000000000000]
specpipeline_ln98        (specpipeline     ) [ 00000000000000000000]
zext_ln103               (zext             ) [ 00000000000000000000]
add_ln104                (add              ) [ 00000000000000000000]
tmp_1182                 (bitconcatenate   ) [ 00000000000000000000]
add_ln107                (add              ) [ 00000000000000000000]
gmem_addr                (getelementptr    ) [ 01111011111110000000]
tmp_1183                 (partselect       ) [ 00000000000000000000]
or_ln2                   (bitconcatenate   ) [ 00000000000000000000]
add_ln107_8              (add              ) [ 00000000000000000000]
gmem_addr_272            (getelementptr    ) [ 01111111111111000000]
tmp_1184                 (partselect       ) [ 00000000000000000000]
or_ln107_7               (bitconcatenate   ) [ 00000000000000000000]
add_ln107_9              (add              ) [ 00000000000000000000]
gmem_addr_273            (getelementptr    ) [ 01111111111111100000]
or_ln107_8               (bitconcatenate   ) [ 00000000000000000000]
add_ln107_10             (add              ) [ 00000000000000000000]
gmem_addr_274            (getelementptr    ) [ 01111111111111110000]
tile_out_load_11         (load             ) [ 01110011111100000000]
tmp_1185                 (partselect       ) [ 00000000000000000000]
or_ln107_9               (bitconcatenate   ) [ 00000000000000000000]
add_ln107_11             (add              ) [ 00000000000000000000]
gmem_addr_275            (getelementptr    ) [ 01111111111111111000]
tile_out_load_12         (load             ) [ 01111011111110000000]
tmp_1186                 (bitselect        ) [ 00000000000000000000]
or_ln107_s               (bitconcatenate   ) [ 00000000000000000000]
add_ln107_12             (add              ) [ 00000000000000000000]
gmem_addr_276            (getelementptr    ) [ 01111111111111111100]
or_ln107_1               (bitconcatenate   ) [ 00000000000000000000]
add_ln107_13             (add              ) [ 00000000000000000000]
gmem_addr_277            (getelementptr    ) [ 01111111111111111110]
or_ln107_2               (bitconcatenate   ) [ 00000000000000000000]
add_ln107_14             (add              ) [ 00000000000000000000]
gmem_addr_278            (getelementptr    ) [ 01111111111111111111]
gmem_addr_407_req        (writereq         ) [ 00000000000000000000]
tile_out_load_13         (load             ) [ 01111101111111000000]
tile_out_load_14         (load             ) [ 01111111111111100000]
zext_ln107               (zext             ) [ 00000000000000000000]
write_ln107              (write            ) [ 00000000000000000000]
gmem_addr_408_req        (writereq         ) [ 00000000000000000000]
zext_ln107_8             (zext             ) [ 00000000000000000000]
write_ln107              (write            ) [ 00000000000000000000]
gmem_addr_409_req        (writereq         ) [ 00000000000000000000]
zext_ln107_9             (zext             ) [ 00000000000000000000]
write_ln107              (write            ) [ 00000000000000000000]
gmem_addr_410_req        (writereq         ) [ 00000000000000000000]
zext_ln107_10            (zext             ) [ 00000000000000000000]
write_ln107              (write            ) [ 00000000000000000000]
gmem_addr_411_req        (writereq         ) [ 00000000000000000000]
zext_ln107_11            (zext             ) [ 00000000000000000000]
write_ln107              (write            ) [ 00000000000000000000]
gmem_addr_412_req        (writereq         ) [ 00000000000000000000]
gmem_addr_407_resp       (writeresp        ) [ 00000000000000000000]
zext_ln107_12            (zext             ) [ 00000000000000000000]
write_ln107              (write            ) [ 00000000000000000000]
gmem_addr_413_req        (writereq         ) [ 00000000000000000000]
gmem_addr_408_resp       (writeresp        ) [ 00000000000000000000]
zext_ln107_13            (zext             ) [ 00000000000000000000]
write_ln107              (write            ) [ 00000000000000000000]
gmem_addr_414_req        (writereq         ) [ 00000000000000000000]
gmem_addr_409_resp       (writeresp        ) [ 00000000000000000000]
zext_ln107_14            (zext             ) [ 00000000000000000000]
write_ln107              (write            ) [ 00000000000000000000]
gmem_addr_410_resp       (writeresp        ) [ 00000000000000000000]
gmem_addr_411_resp       (writeresp        ) [ 00000000000000000000]
gmem_addr_412_resp       (writeresp        ) [ 00000000000000000000]
gmem_addr_413_resp       (writeresp        ) [ 00000000000000000000]
gmem_addr_414_resp       (writeresp        ) [ 00000000000000000000]
br_ln110                 (br               ) [ 00000000000000000000]
ret_ln0                  (ret              ) [ 00000000000000000000]
</LifeTime>

<model>

<comp_list>
<comp id="0" class="1000" name="ty">
<pin_list>
<pin id="1" dir="1" index="0" bw="1" slack="0"/>
</pin_list>
<bind>
<StgValue><ssdm name="ty"/></StgValue>
</bind>
</comp>

<comp id="2" class="1000" name="H">
<pin_list>
<pin id="3" dir="1" index="0" bw="1" slack="0"/>
</pin_list>
<bind>
<StgValue><ssdm name="H"/></StgValue>
</bind>
</comp>

<comp id="4" class="1000" name="sext_ln37">
<pin_list>
<pin id="5" dir="1" index="0" bw="1" slack="0"/>
</pin_list>
<bind>
<StgValue><ssdm name="sext_ln37"/></StgValue>
</bind>
</comp>

<comp id="6" class="1000" name="tile_out">
<pin_list>
<pin id="7" dir="1" index="0" bw="1" slack="0"/>
</pin_list>
<bind>
<StgValue><ssdm name="tile_out"/><MemPortTyVec>1 1 </MemPortTyVec>
</StgValue>
</bind>
</comp>

<comp id="8" class="1000" name="tx">
<pin_list>
<pin id="9" dir="1" index="0" bw="1" slack="0"/>
</pin_list>
<bind>
<StgValue><ssdm name="tx"/></StgValue>
</bind>
</comp>

<comp id="10" class="1000" name="zext_ln37">
<pin_list>
<pin id="11" dir="1" index="0" bw="1" slack="0"/>
</pin_list>
<bind>
<StgValue><ssdm name="zext_ln37"/></StgValue>
</bind>
</comp>

<comp id="12" class="1000" name="input_r">
<pin_list>
<pin id="13" dir="1" index="0" bw="1" slack="0"/>
</pin_list>
<bind>
<StgValue><ssdm name="input_r"/></StgValue>
</bind>
</comp>

<comp id="14" class="1000" name="gmem">
<pin_list>
<pin id="15" dir="1" index="0" bw="1" slack="0"/>
</pin_list>
<bind>
<StgValue><ssdm name="gmem"/><MemPortTyVec>1 </MemPortTyVec>
</StgValue>
</bind>
</comp>

<comp id="16" class="1001" name="const_16">
<pin_list>
<pin id="17" dir="1" index="0" bw="1" slack="0"/>
</pin_list>
<bind>
<StgValue><ssdm name=""/></StgValue>
</bind>
</comp>

<comp id="18" class="1001" name="const_18">
<pin_list>
<pin id="19" dir="1" index="0" bw="1" slack="0"/>
</pin_list>
<bind>
<StgValue><ssdm name="_ssdm_op_Read.ap_auto.i64"/></StgValue>
</bind>
</comp>

<comp id="20" class="1001" name="const_20">
<pin_list>
<pin id="21" dir="1" index="0" bw="1" slack="0"/>
</pin_list>
<bind>
<StgValue><ssdm name="_ssdm_op_Read.ap_auto.i5"/></StgValue>
</bind>
</comp>

<comp id="22" class="1001" name="const_22">
<pin_list>
<pin id="23" dir="1" index="0" bw="1" slack="0"/>
</pin_list>
<bind>
<StgValue><ssdm name="_ssdm_op_Read.ap_auto.i31"/></StgValue>
</bind>
</comp>

<comp id="24" class="1001" name="const_24">
<pin_list>
<pin id="25" dir="1" index="0" bw="1" slack="0"/>
</pin_list>
<bind>
<StgValue><ssdm name="_ssdm_op_Read.ap_auto.i32"/></StgValue>
</bind>
</comp>

<comp id="26" class="1001" name="const_26">
<pin_list>
<pin id="27" dir="1" index="0" bw="1" slack="2147483647"/>
</pin_list>
<bind>
<StgValue><ssdm name="_ssdm_op_SpecMemCore"/></StgValue>
</bind>
</comp>

<comp id="28" class="1001" name="const_28">
<pin_list>
<pin id="29" dir="1" index="0" bw="1" slack="2147483647"/>
</pin_list>
<bind>
<StgValue><ssdm name=""/></StgValue>
</bind>
</comp>

<comp id="30" class="1001" name="const_30">
<pin_list>
<pin id="31" dir="1" index="0" bw="1" slack="2147483647"/>
</pin_list>
<bind>
<StgValue><ssdm name=""/></StgValue>
</bind>
</comp>

<comp id="32" class="1001" name="const_32">
<pin_list>
<pin id="33" dir="1" index="0" bw="1" slack="2147483647"/>
</pin_list>
<bind>
<StgValue><ssdm name=""/></StgValue>
</bind>
</comp>

<comp id="34" class="1001" name="const_34">
<pin_list>
<pin id="35" dir="1" index="0" bw="1" slack="2147483647"/>
</pin_list>
<bind>
<StgValue><ssdm name="_ssdm_op_SpecInterface"/></StgValue>
</bind>
</comp>

<comp id="36" class="1001" name="const_36">
<pin_list>
<pin id="37" dir="1" index="0" bw="1" slack="2147483647"/>
</pin_list>
<bind>
<StgValue><ssdm name="empty_15"/></StgValue>
</bind>
</comp>

<comp id="38" class="1001" name="const_38">
<pin_list>
<pin id="39" dir="1" index="0" bw="1" slack="2147483647"/>
</pin_list>
<bind>
<StgValue><ssdm name=""/></StgValue>
</bind>
</comp>

<comp id="40" class="1001" name="const_40">
<pin_list>
<pin id="41" dir="1" index="0" bw="1" slack="2147483647"/>
</pin_list>
<bind>
<StgValue><ssdm name="empty_5"/></StgValue>
</bind>
</comp>

<comp id="42" class="1001" name="const_42">
<pin_list>
<pin id="43" dir="1" index="0" bw="1" slack="2147483647"/>
</pin_list>
<bind>
<StgValue><ssdm name="empty_4"/></StgValue>
</bind>
</comp>

<comp id="44" class="1001" name="const_44">
<pin_list>
<pin id="45" dir="1" index="0" bw="1" slack="2147483647"/>
</pin_list>
<bind>
<StgValue><ssdm name="empty_3"/></StgValue>
</bind>
</comp>

<comp id="46" class="1001" name="const_46">
<pin_list>
<pin id="47" dir="1" index="0" bw="1" slack="2147483647"/>
</pin_list>
<bind>
<StgValue><ssdm name=""/></StgValue>
</bind>
</comp>

<comp id="48" class="1001" name="const_48">
<pin_list>
<pin id="49" dir="1" index="0" bw="1" slack="2147483647"/>
</pin_list>
<bind>
<StgValue><ssdm name=""/></StgValue>
</bind>
</comp>

<comp id="50" class="1001" name="const_50">
<pin_list>
<pin id="51" dir="1" index="0" bw="1" slack="0"/>
</pin_list>
<bind>
<StgValue><ssdm name=""/></StgValue>
</bind>
</comp>

<comp id="52" class="1001" name="const_52">
<pin_list>
<pin id="53" dir="1" index="0" bw="1" slack="0"/>
</pin_list>
<bind>
<StgValue><ssdm name=""/></StgValue>
</bind>
</comp>

<comp id="54" class="1001" name="const_54">
<pin_list>
<pin id="55" dir="1" index="0" bw="1" slack="0"/>
</pin_list>
<bind>
<StgValue><ssdm name=""/></StgValue>
</bind>
</comp>

<comp id="56" class="1001" name="const_56">
<pin_list>
<pin id="57" dir="1" index="0" bw="1" slack="0"/>
</pin_list>
<bind>
<StgValue><ssdm name=""/></StgValue>
</bind>
</comp>

<comp id="58" class="1001" name="const_58">
<pin_list>
<pin id="59" dir="1" index="0" bw="1" slack="0"/>
</pin_list>
<bind>
<StgValue><ssdm name=""/></StgValue>
</bind>
</comp>

<comp id="60" class="1001" name="const_60">
<pin_list>
<pin id="61" dir="1" index="0" bw="1" slack="0"/>
</pin_list>
<bind>
<StgValue><ssdm name=""/></StgValue>
</bind>
</comp>

<comp id="62" class="1001" name="const_62">
<pin_list>
<pin id="63" dir="1" index="0" bw="1" slack="0"/>
</pin_list>
<bind>
<StgValue><ssdm name="_ssdm_op_BitConcatenate.i8.i4.i4"/></StgValue>
</bind>
</comp>

<comp id="64" class="1001" name="const_64">
<pin_list>
<pin id="65" dir="1" index="0" bw="1" slack="0"/>
</pin_list>
<bind>
<StgValue><ssdm name=""/></StgValue>
</bind>
</comp>

<comp id="66" class="1001" name="const_66">
<pin_list>
<pin id="67" dir="1" index="0" bw="1" slack="0"/>
</pin_list>
<bind>
<StgValue><ssdm name="_ssdm_op_BitConcatenate.i11.i8.i3"/></StgValue>
</bind>
</comp>

<comp id="68" class="1001" name="const_68">
<pin_list>
<pin id="69" dir="1" index="0" bw="1" slack="0"/>
</pin_list>
<bind>
<StgValue><ssdm name=""/></StgValue>
</bind>
</comp>

<comp id="70" class="1001" name="const_70">
<pin_list>
<pin id="71" dir="1" index="0" bw="1" slack="0"/>
</pin_list>
<bind>
<StgValue><ssdm name=""/></StgValue>
</bind>
</comp>

<comp id="72" class="1001" name="const_72">
<pin_list>
<pin id="73" dir="1" index="0" bw="1" slack="0"/>
</pin_list>
<bind>
<StgValue><ssdm name=""/></StgValue>
</bind>
</comp>

<comp id="74" class="1001" name="const_74">
<pin_list>
<pin id="75" dir="1" index="0" bw="1" slack="0"/>
</pin_list>
<bind>
<StgValue><ssdm name=""/></StgValue>
</bind>
</comp>

<comp id="76" class="1001" name="const_76">
<pin_list>
<pin id="77" dir="1" index="0" bw="1" slack="0"/>
</pin_list>
<bind>
<StgValue><ssdm name=""/></StgValue>
</bind>
</comp>

<comp id="78" class="1001" name="const_78">
<pin_list>
<pin id="79" dir="1" index="0" bw="1" slack="0"/>
</pin_list>
<bind>
<StgValue><ssdm name=""/></StgValue>
</bind>
</comp>

<comp id="80" class="1001" name="const_80">
<pin_list>
<pin id="81" dir="1" index="0" bw="1" slack="0"/>
</pin_list>
<bind>
<StgValue><ssdm name=""/></StgValue>
</bind>
</comp>

<comp id="82" class="1001" name="const_82">
<pin_list>
<pin id="83" dir="1" index="0" bw="1" slack="2147483647"/>
</pin_list>
<bind>
<StgValue><ssdm name="_ssdm_op_SpecLoopName"/></StgValue>
</bind>
</comp>

<comp id="84" class="1001" name="const_84">
<pin_list>
<pin id="85" dir="1" index="0" bw="1" slack="2147483647"/>
</pin_list>
<bind>
<StgValue><ssdm name="VITIS_LOOP_96_13_VITIS_LOOP_97_14_str"/></StgValue>
</bind>
</comp>

<comp id="86" class="1001" name="const_86">
<pin_list>
<pin id="87" dir="1" index="0" bw="1" slack="2147483647"/>
</pin_list>
<bind>
<StgValue><ssdm name="_ssdm_op_SpecLoopTripCount"/></StgValue>
</bind>
</comp>

<comp id="88" class="1001" name="const_88">
<pin_list>
<pin id="89" dir="1" index="0" bw="1" slack="2147483647"/>
</pin_list>
<bind>
<StgValue><ssdm name=""/></StgValue>
</bind>
</comp>

<comp id="90" class="1001" name="const_90">
<pin_list>
<pin id="91" dir="1" index="0" bw="1" slack="0"/>
</pin_list>
<bind>
<StgValue><ssdm name=""/></StgValue>
</bind>
</comp>

<comp id="92" class="1001" name="const_92">
<pin_list>
<pin id="93" dir="1" index="0" bw="1" slack="0"/>
</pin_list>
<bind>
<StgValue><ssdm name=""/></StgValue>
</bind>
</comp>

<comp id="94" class="1001" name="const_94">
<pin_list>
<pin id="95" dir="1" index="0" bw="1" slack="2147483647"/>
</pin_list>
<bind>
<StgValue><ssdm name="_ssdm_op_SpecPipeline"/></StgValue>
</bind>
</comp>

<comp id="96" class="1001" name="const_96">
<pin_list>
<pin id="97" dir="1" index="0" bw="1" slack="0"/>
</pin_list>
<bind>
<StgValue><ssdm name="_ssdm_op_BitConcatenate.i64.i59.i5"/></StgValue>
</bind>
</comp>

<comp id="98" class="1001" name="const_98">
<pin_list>
<pin id="99" dir="1" index="0" bw="1" slack="0"/>
</pin_list>
<bind>
<StgValue><ssdm name="_ssdm_op_PartSelect.i4.i5.i32.i32"/></StgValue>
</bind>
</comp>

<comp id="100" class="1001" name="const_100">
<pin_list>
<pin id="101" dir="1" index="0" bw="1" slack="0"/>
</pin_list>
<bind>
<StgValue><ssdm name=""/></StgValue>
</bind>
</comp>

<comp id="102" class="1001" name="const_102">
<pin_list>
<pin id="103" dir="1" index="0" bw="1" slack="0"/>
</pin_list>
<bind>
<StgValue><ssdm name="_ssdm_op_BitConcatenate.i64.i59.i4.i1"/></StgValue>
</bind>
</comp>

<comp id="104" class="1001" name="const_104">
<pin_list>
<pin id="105" dir="1" index="0" bw="1" slack="0"/>
</pin_list>
<bind>
<StgValue><ssdm name=""/></StgValue>
</bind>
</comp>

<comp id="106" class="1001" name="const_106">
<pin_list>
<pin id="107" dir="1" index="0" bw="1" slack="0"/>
</pin_list>
<bind>
<StgValue><ssdm name="_ssdm_op_PartSelect.i3.i5.i32.i32"/></StgValue>
</bind>
</comp>

<comp id="108" class="1001" name="const_108">
<pin_list>
<pin id="109" dir="1" index="0" bw="1" slack="0"/>
</pin_list>
<bind>
<StgValue><ssdm name=""/></StgValue>
</bind>
</comp>

<comp id="110" class="1001" name="const_110">
<pin_list>
<pin id="111" dir="1" index="0" bw="1" slack="0"/>
</pin_list>
<bind>
<StgValue><ssdm name="_ssdm_op_BitConcatenate.i64.i59.i3.i2"/></StgValue>
</bind>
</comp>

<comp id="112" class="1001" name="const_112">
<pin_list>
<pin id="113" dir="1" index="0" bw="1" slack="0"/>
</pin_list>
<bind>
<StgValue><ssdm name=""/></StgValue>
</bind>
</comp>

<comp id="114" class="1001" name="const_114">
<pin_list>
<pin id="115" dir="1" index="0" bw="1" slack="0"/>
</pin_list>
<bind>
<StgValue><ssdm name=""/></StgValue>
</bind>
</comp>

<comp id="116" class="1001" name="const_116">
<pin_list>
<pin id="117" dir="1" index="0" bw="1" slack="0"/>
</pin_list>
<bind>
<StgValue><ssdm name="_ssdm_op_PartSelect.i2.i5.i32.i32"/></StgValue>
</bind>
</comp>

<comp id="118" class="1001" name="const_118">
<pin_list>
<pin id="119" dir="1" index="0" bw="1" slack="0"/>
</pin_list>
<bind>
<StgValue><ssdm name=""/></StgValue>
</bind>
</comp>

<comp id="120" class="1001" name="const_120">
<pin_list>
<pin id="121" dir="1" index="0" bw="1" slack="0"/>
</pin_list>
<bind>
<StgValue><ssdm name="_ssdm_op_BitConcatenate.i64.i59.i2.i3"/></StgValue>
</bind>
</comp>

<comp id="122" class="1001" name="const_122">
<pin_list>
<pin id="123" dir="1" index="0" bw="1" slack="0"/>
</pin_list>
<bind>
<StgValue><ssdm name="_ssdm_op_BitSelect.i1.i5.i32"/></StgValue>
</bind>
</comp>

<comp id="124" class="1001" name="const_124">
<pin_list>
<pin id="125" dir="1" index="0" bw="1" slack="0"/>
</pin_list>
<bind>
<StgValue><ssdm name="_ssdm_op_BitConcatenate.i64.i59.i2.i1.i1.i1"/></StgValue>
</bind>
</comp>

<comp id="126" class="1001" name="const_126">
<pin_list>
<pin id="127" dir="1" index="0" bw="1" slack="0"/>
</pin_list>
<bind>
<StgValue><ssdm name="_ssdm_op_WriteReq.m_axi.i8P1A"/></StgValue>
</bind>
</comp>

<comp id="128" class="1001" name="const_128">
<pin_list>
<pin id="129" dir="1" index="0" bw="1" slack="0"/>
</pin_list>
<bind>
<StgValue><ssdm name=""/></StgValue>
</bind>
</comp>

<comp id="130" class="1001" name="const_130">
<pin_list>
<pin id="131" dir="1" index="0" bw="1" slack="0"/>
</pin_list>
<bind>
<StgValue><ssdm name="_ssdm_op_Write.m_axi.volatile.i8P1A"/></StgValue>
</bind>
</comp>

<comp id="132" class="1001" name="const_132">
<pin_list>
<pin id="133" dir="1" index="0" bw="1" slack="0"/>
</pin_list>
<bind>
<StgValue><ssdm name="_ssdm_op_WriteResp.m_axi.i8P1A"/></StgValue>
</bind>
</comp>

<comp id="134" class="1004" name="x_fu_134">
<pin_list>
<pin id="135" dir="0" index="0" bw="1" slack="0"/>
<pin id="136" dir="1" index="1" bw="5" slack="0"/>
</pin_list>
<bind>
<opcode="alloca(26) " fcode="alloca"/>
<opset="x/1 "/>
</bind>
</comp>

<comp id="138" class="1004" name="y_fu_138">
<pin_list>
<pin id="139" dir="0" index="0" bw="1" slack="0"/>
<pin id="140" dir="1" index="1" bw="5" slack="0"/>
</pin_list>
<bind>
<opcode="alloca(26) " fcode="alloca"/>
<opset="y/1 "/>
</bind>
</comp>

<comp id="142" class="1004" name="indvar_flatten10324_fu_142">
<pin_list>
<pin id="143" dir="0" index="0" bw="1" slack="0"/>
<pin id="144" dir="1" index="1" bw="9" slack="0"/>
</pin_list>
<bind>
<opcode="alloca(26) " fcode="alloca"/>
<opset="indvar_flatten10324/1 "/>
</bind>
</comp>

<comp id="146" class="1004" name="input_read_read_fu_146">
<pin_list>
<pin id="147" dir="0" index="0" bw="64" slack="0"/>
<pin id="148" dir="0" index="1" bw="64" slack="0"/>
<pin id="149" dir="1" index="2" bw="64" slack="4"/>
</pin_list>
<bind>
<opcode="read(1150) " fcode="read"/>
<opset="input_read/1 "/>
</bind>
</comp>

<comp id="152" class="1004" name="zext_ln37_read_read_fu_152">
<pin_list>
<pin id="153" dir="0" index="0" bw="5" slack="0"/>
<pin id="154" dir="0" index="1" bw="5" slack="0"/>
<pin id="155" dir="1" index="2" bw="5" slack="4"/>
</pin_list>
<bind>
<opcode="read(1150) " fcode="read"/>
<opset="zext_ln37_read/1 "/>
</bind>
</comp>

<comp id="158" class="1004" name="tx_read_read_fu_158">
<pin_list>
<pin id="159" dir="0" index="0" bw="31" slack="0"/>
<pin id="160" dir="0" index="1" bw="31" slack="0"/>
<pin id="161" dir="1" index="2" bw="31" slack="0"/>
</pin_list>
<bind>
<opcode="read(1150) " fcode="read"/>
<opset="tx_read/1 "/>
</bind>
</comp>

<comp id="164" class="1004" name="sext_ln37_read_read_fu_164">
<pin_list>
<pin id="165" dir="0" index="0" bw="32" slack="0"/>
<pin id="166" dir="0" index="1" bw="32" slack="0"/>
<pin id="167" dir="1" index="2" bw="32" slack="0"/>
</pin_list>
<bind>
<opcode="read(1150) " fcode="read"/>
<opset="sext_ln37_read/1 "/>
</bind>
</comp>

<comp id="170" class="1004" name="H_read_read_fu_170">
<pin_list>
<pin id="171" dir="0" index="0" bw="32" slack="0"/>
<pin id="172" dir="0" index="1" bw="32" slack="0"/>
<pin id="173" dir="1" index="2" bw="32" slack="1"/>
</pin_list>
<bind>
<opcode="read(1150) " fcode="read"/>
<opset="H_read/1 "/>
</bind>
</comp>

<comp id="176" class="1004" name="ty_read_read_fu_176">
<pin_list>
<pin id="177" dir="0" index="0" bw="31" slack="0"/>
<pin id="178" dir="0" index="1" bw="31" slack="0"/>
<pin id="179" dir="1" index="2" bw="31" slack="0"/>
</pin_list>
<bind>
<opcode="read(1150) " fcode="read"/>
<opset="ty_read/1 "/>
</bind>
</comp>

<comp id="182" class="1004" name="grp_writeresp_fu_182">
<pin_list>
<pin id="183" dir="0" index="0" bw="1" slack="0"/>
<pin id="184" dir="0" index="1" bw="8" slack="1"/>
<pin id="185" dir="0" index="2" bw="1" slack="0"/>
<pin id="186" dir="1" index="3" bw="1" slack="2147483647"/>
</pin_list>
<bind>
<opcode="writereq(1155) writeresp(1158) " fcode="writeresp"/>
<opset="gmem_addr_407_req/6 gmem_addr_407_resp/8 "/>
</bind>
</comp>

<comp id="189" class="1004" name="write_ln107_write_fu_189">
<pin_list>
<pin id="190" dir="0" index="0" bw="0" slack="0"/>
<pin id="191" dir="0" index="1" bw="8" slack="2"/>
<pin id="192" dir="0" index="2" bw="7" slack="0"/>
<pin id="193" dir="0" index="3" bw="1" slack="0"/>
<pin id="194" dir="1" index="4" bw="0" slack="2147483647"/>
</pin_list>
<bind>
<opcode="write(1151) " fcode="write"/>
<opset="write_ln107/7 "/>
</bind>
</comp>

<comp id="197" class="1004" name="grp_writeresp_fu_197">
<pin_list>
<pin id="198" dir="0" index="0" bw="1" slack="0"/>
<pin id="199" dir="0" index="1" bw="8" slack="2"/>
<pin id="200" dir="0" index="2" bw="1" slack="0"/>
<pin id="201" dir="1" index="3" bw="1" slack="2147483647"/>
</pin_list>
<bind>
<opcode="writereq(1155) writeresp(1158) " fcode="writeresp"/>
<opset="gmem_addr_408_req/7 gmem_addr_408_resp/9 "/>
</bind>
</comp>

<comp id="205" class="1004" name="write_ln107_write_fu_205">
<pin_list>
<pin id="206" dir="0" index="0" bw="0" slack="0"/>
<pin id="207" dir="0" index="1" bw="8" slack="3"/>
<pin id="208" dir="0" index="2" bw="7" slack="0"/>
<pin id="209" dir="0" index="3" bw="1" slack="0"/>
<pin id="210" dir="1" index="4" bw="0" slack="2147483647"/>
</pin_list>
<bind>
<opcode="write(1151) " fcode="write"/>
<opset="write_ln107/8 "/>
</bind>
</comp>

<comp id="213" class="1004" name="grp_writeresp_fu_213">
<pin_list>
<pin id="214" dir="0" index="0" bw="1" slack="0"/>
<pin id="215" dir="0" index="1" bw="8" slack="3"/>
<pin id="216" dir="0" index="2" bw="1" slack="0"/>
<pin id="217" dir="1" index="3" bw="1" slack="2147483647"/>
</pin_list>
<bind>
<opcode="writereq(1155) writeresp(1158) " fcode="writeresp"/>
<opset="gmem_addr_409_req/8 gmem_addr_409_resp/10 "/>
</bind>
</comp>

<comp id="221" class="1004" name="write_ln107_write_fu_221">
<pin_list>
<pin id="222" dir="0" index="0" bw="0" slack="0"/>
<pin id="223" dir="0" index="1" bw="8" slack="4"/>
<pin id="224" dir="0" index="2" bw="7" slack="0"/>
<pin id="225" dir="0" index="3" bw="1" slack="0"/>
<pin id="226" dir="1" index="4" bw="0" slack="2147483647"/>
</pin_list>
<bind>
<opcode="write(1151) " fcode="write"/>
<opset="write_ln107/9 "/>
</bind>
</comp>

<comp id="229" class="1004" name="grp_writeresp_fu_229">
<pin_list>
<pin id="230" dir="0" index="0" bw="1" slack="0"/>
<pin id="231" dir="0" index="1" bw="8" slack="4"/>
<pin id="232" dir="0" index="2" bw="1" slack="0"/>
<pin id="233" dir="1" index="3" bw="1" slack="2147483647"/>
</pin_list>
<bind>
<opcode="writereq(1155) writeresp(1158) " fcode="writeresp"/>
<opset="gmem_addr_410_req/9 gmem_addr_410_resp/11 "/>
</bind>
</comp>

<comp id="237" class="1004" name="write_ln107_write_fu_237">
<pin_list>
<pin id="238" dir="0" index="0" bw="0" slack="0"/>
<pin id="239" dir="0" index="1" bw="8" slack="5"/>
<pin id="240" dir="0" index="2" bw="7" slack="0"/>
<pin id="241" dir="0" index="3" bw="1" slack="0"/>
<pin id="242" dir="1" index="4" bw="0" slack="2147483647"/>
</pin_list>
<bind>
<opcode="write(1151) " fcode="write"/>
<opset="write_ln107/10 "/>
</bind>
</comp>

<comp id="245" class="1004" name="grp_writeresp_fu_245">
<pin_list>
<pin id="246" dir="0" index="0" bw="1" slack="0"/>
<pin id="247" dir="0" index="1" bw="8" slack="5"/>
<pin id="248" dir="0" index="2" bw="1" slack="0"/>
<pin id="249" dir="1" index="3" bw="1" slack="2147483647"/>
</pin_list>
<bind>
<opcode="writereq(1155) writeresp(1158) " fcode="writeresp"/>
<opset="gmem_addr_411_req/10 gmem_addr_411_resp/12 "/>
</bind>
</comp>

<comp id="253" class="1004" name="write_ln107_write_fu_253">
<pin_list>
<pin id="254" dir="0" index="0" bw="0" slack="0"/>
<pin id="255" dir="0" index="1" bw="8" slack="6"/>
<pin id="256" dir="0" index="2" bw="7" slack="0"/>
<pin id="257" dir="0" index="3" bw="1" slack="0"/>
<pin id="258" dir="1" index="4" bw="0" slack="2147483647"/>
</pin_list>
<bind>
<opcode="write(1151) " fcode="write"/>
<opset="write_ln107/11 "/>
</bind>
</comp>

<comp id="261" class="1004" name="grp_writeresp_fu_261">
<pin_list>
<pin id="262" dir="0" index="0" bw="1" slack="0"/>
<pin id="263" dir="0" index="1" bw="8" slack="6"/>
<pin id="264" dir="0" index="2" bw="1" slack="0"/>
<pin id="265" dir="1" index="3" bw="1" slack="2147483647"/>
</pin_list>
<bind>
<opcode="writereq(1155) writeresp(1158) " fcode="writeresp"/>
<opset="gmem_addr_412_req/11 gmem_addr_412_resp/13 "/>
</bind>
</comp>

<comp id="269" class="1004" name="write_ln107_write_fu_269">
<pin_list>
<pin id="270" dir="0" index="0" bw="0" slack="0"/>
<pin id="271" dir="0" index="1" bw="8" slack="7"/>
<pin id="272" dir="0" index="2" bw="7" slack="0"/>
<pin id="273" dir="0" index="3" bw="1" slack="0"/>
<pin id="274" dir="1" index="4" bw="0" slack="2147483647"/>
</pin_list>
<bind>
<opcode="write(1151) " fcode="write"/>
<opset="write_ln107/12 "/>
</bind>
</comp>

<comp id="277" class="1004" name="grp_writeresp_fu_277">
<pin_list>
<pin id="278" dir="0" index="0" bw="1" slack="0"/>
<pin id="279" dir="0" index="1" bw="8" slack="7"/>
<pin id="280" dir="0" index="2" bw="1" slack="0"/>
<pin id="281" dir="1" index="3" bw="1" slack="2147483647"/>
</pin_list>
<bind>
<opcode="writereq(1155) writeresp(1158) " fcode="writeresp"/>
<opset="gmem_addr_413_req/12 gmem_addr_413_resp/14 "/>
</bind>
</comp>

<comp id="285" class="1004" name="write_ln107_write_fu_285">
<pin_list>
<pin id="286" dir="0" index="0" bw="0" slack="0"/>
<pin id="287" dir="0" index="1" bw="8" slack="8"/>
<pin id="288" dir="0" index="2" bw="7" slack="0"/>
<pin id="289" dir="0" index="3" bw="1" slack="0"/>
<pin id="290" dir="1" index="4" bw="0" slack="2147483647"/>
</pin_list>
<bind>
<opcode="write(1151) " fcode="write"/>
<opset="write_ln107/13 "/>
</bind>
</comp>

<comp id="293" class="1004" name="grp_writeresp_fu_293">
<pin_list>
<pin id="294" dir="0" index="0" bw="1" slack="0"/>
<pin id="295" dir="0" index="1" bw="8" slack="8"/>
<pin id="296" dir="0" index="2" bw="1" slack="0"/>
<pin id="297" dir="1" index="3" bw="1" slack="2147483647"/>
</pin_list>
<bind>
<opcode="writereq(1155) writeresp(1158) " fcode="writeresp"/>
<opset="gmem_addr_414_req/13 gmem_addr_414_resp/15 "/>
</bind>
</comp>

<comp id="301" class="1004" name="write_ln107_write_fu_301">
<pin_list>
<pin id="302" dir="0" index="0" bw="0" slack="0"/>
<pin id="303" dir="0" index="1" bw="8" slack="9"/>
<pin id="304" dir="0" index="2" bw="7" slack="0"/>
<pin id="305" dir="0" index="3" bw="1" slack="0"/>
<pin id="306" dir="1" index="4" bw="0" slack="2147483647"/>
</pin_list>
<bind>
<opcode="write(1151) " fcode="write"/>
<opset="write_ln107/14 "/>
</bind>
</comp>

<comp id="310" class="1004" name="tile_out_addr_gep_fu_310">
<pin_list>
<pin id="311" dir="0" index="0" bw="7" slack="0"/>
<pin id="312" dir="0" index="1" bw="1" slack="0"/>
<pin id="313" dir="0" index="2" bw="11" slack="0"/>
<pin id="314" dir="1" index="3" bw="11" slack="0"/>
</pin_list>
<bind>
<opcode="getelementptr(29) " fcode="getelementptr"/>
<opset="tile_out_addr/2 "/>
</bind>
</comp>

<comp id="317" class="1004" name="tile_out_addr_8_gep_fu_317">
<pin_list>
<pin id="318" dir="0" index="0" bw="7" slack="0"/>
<pin id="319" dir="0" index="1" bw="1" slack="0"/>
<pin id="320" dir="0" index="2" bw="11" slack="0"/>
<pin id="321" dir="1" index="3" bw="11" slack="0"/>
</pin_list>
<bind>
<opcode="getelementptr(29) " fcode="getelementptr"/>
<opset="tile_out_addr_8/2 "/>
</bind>
</comp>

<comp id="324" class="1004" name="grp_access_fu_324">
<pin_list>
<pin id="325" dir="0" index="0" bw="11" slack="0"/>
<pin id="326" dir="0" index="1" bw="7" slack="2147483647"/>
<pin id="327" dir="0" index="2" bw="0" slack="0"/>
<pin id="329" dir="0" index="4" bw="11" slack="2147483647"/>
<pin id="330" dir="0" index="5" bw="7" slack="2147483647"/>
<pin id="331" dir="0" index="6" bw="0" slack="2147483647"/>
<pin id="328" dir="1" index="3" bw="7" slack="5"/>
<pin id="332" dir="1" index="7" bw="7" slack="4"/>
</pin_list>
<bind>
<opcode="load(27) " fcode="load"/>
<opset="tile_out_load/2 tile_out_load_8/2 tile_out_load_9/3 tile_out_load_10/3 tile_out_load_11/4 tile_out_load_12/4 tile_out_load_13/5 tile_out_load_14/5 "/>
</bind>
</comp>

<comp id="335" class="1004" name="tile_out_addr_9_gep_fu_335">
<pin_list>
<pin id="336" dir="0" index="0" bw="7" slack="0"/>
<pin id="337" dir="0" index="1" bw="1" slack="0"/>
<pin id="338" dir="0" index="2" bw="11" slack="0"/>
<pin id="339" dir="1" index="3" bw="11" slack="0"/>
</pin_list>
<bind>
<opcode="getelementptr(29) " fcode="getelementptr"/>
<opset="tile_out_addr_9/3 "/>
</bind>
</comp>

<comp id="342" class="1004" name="tile_out_addr_10_gep_fu_342">
<pin_list>
<pin id="343" dir="0" index="0" bw="7" slack="0"/>
<pin id="344" dir="0" index="1" bw="1" slack="0"/>
<pin id="345" dir="0" index="2" bw="11" slack="0"/>
<pin id="346" dir="1" index="3" bw="11" slack="0"/>
</pin_list>
<bind>
<opcode="getelementptr(29) " fcode="getelementptr"/>
<opset="tile_out_addr_10/3 "/>
</bind>
</comp>

<comp id="351" class="1004" name="tile_out_addr_11_gep_fu_351">
<pin_list>
<pin id="352" dir="0" index="0" bw="7" slack="0"/>
<pin id="353" dir="0" index="1" bw="1" slack="0"/>
<pin id="354" dir="0" index="2" bw="11" slack="0"/>
<pin id="355" dir="1" index="3" bw="11" slack="0"/>
</pin_list>
<bind>
<opcode="getelementptr(29) " fcode="getelementptr"/>
<opset="tile_out_addr_11/4 "/>
</bind>
</comp>

<comp id="358" class="1004" name="tile_out_addr_12_gep_fu_358">
<pin_list>
<pin id="359" dir="0" index="0" bw="7" slack="0"/>
<pin id="360" dir="0" index="1" bw="1" slack="0"/>
<pin id="361" dir="0" index="2" bw="11" slack="0"/>
<pin id="362" dir="1" index="3" bw="11" slack="0"/>
</pin_list>
<bind>
<opcode="getelementptr(29) " fcode="getelementptr"/>
<opset="tile_out_addr_12/4 "/>
</bind>
</comp>

<comp id="367" class="1004" name="tile_out_addr_13_gep_fu_367">
<pin_list>
<pin id="368" dir="0" index="0" bw="7" slack="0"/>
<pin id="369" dir="0" index="1" bw="1" slack="0"/>
<pin id="370" dir="0" index="2" bw="11" slack="0"/>
<pin id="371" dir="1" index="3" bw="11" slack="0"/>
</pin_list>
<bind>
<opcode="getelementptr(29) " fcode="getelementptr"/>
<opset="tile_out_addr_13/5 "/>
</bind>
</comp>

<comp id="374" class="1004" name="tile_out_addr_14_gep_fu_374">
<pin_list>
<pin id="375" dir="0" index="0" bw="7" slack="0"/>
<pin id="376" dir="0" index="1" bw="1" slack="0"/>
<pin id="377" dir="0" index="2" bw="11" slack="0"/>
<pin id="378" dir="1" index="3" bw="11" slack="0"/>
</pin_list>
<bind>
<opcode="getelementptr(29) " fcode="getelementptr"/>
<opset="tile_out_addr_14/5 "/>
</bind>
</comp>

<comp id="383" class="1004" name="grp_fu_383">
<pin_list>
<pin id="384" dir="0" index="0" bw="32" slack="0"/>
<pin id="385" dir="0" index="1" bw="32" slack="2"/>
<pin id="386" dir="1" index="2" bw="59" slack="1"/>
</pin_list>
<bind>
<opcode="mul(12) " fcode="mul"/>
<opset="empty_314/3 "/>
</bind>
</comp>

<comp id="387" class="1004" name="tx_cast_fu_387">
<pin_list>
<pin id="388" dir="0" index="0" bw="31" slack="0"/>
<pin id="389" dir="1" index="1" bw="32" slack="1"/>
</pin_list>
<bind>
<opcode="zext(34) " fcode="zext"/>
<opset="tx_cast/1 "/>
</bind>
</comp>

<comp id="391" class="1004" name="sext_ln37_cast_fu_391">
<pin_list>
<pin id="392" dir="0" index="0" bw="32" slack="0"/>
<pin id="393" dir="1" index="1" bw="59" slack="2"/>
</pin_list>
<bind>
<opcode="sext(35) " fcode="sext"/>
<opset="sext_ln37_cast/1 "/>
</bind>
</comp>

<comp id="395" class="1004" name="ty_cast_fu_395">
<pin_list>
<pin id="396" dir="0" index="0" bw="31" slack="0"/>
<pin id="397" dir="1" index="1" bw="32" slack="1"/>
</pin_list>
<bind>
<opcode="zext(34) " fcode="zext"/>
<opset="ty_cast/1 "/>
</bind>
</comp>

<comp id="399" class="1004" name="store_ln0_store_fu_399">
<pin_list>
<pin id="400" dir="0" index="0" bw="1" slack="0"/>
<pin id="401" dir="0" index="1" bw="9" slack="0"/>
<pin id="402" dir="1" index="2" bw="0" slack="2147483647"/>
</pin_list>
<bind>
<opcode="store(28) " fcode="store"/>
<opset="store_ln0/1 "/>
</bind>
</comp>

<comp id="404" class="1004" name="store_ln96_store_fu_404">
<pin_list>
<pin id="405" dir="0" index="0" bw="1" slack="0"/>
<pin id="406" dir="0" index="1" bw="5" slack="0"/>
<pin id="407" dir="1" index="2" bw="0" slack="2147483647"/>
</pin_list>
<bind>
<opcode="store(28) " fcode="store"/>
<opset="store_ln96/1 "/>
</bind>
</comp>

<comp id="409" class="1004" name="store_ln97_store_fu_409">
<pin_list>
<pin id="410" dir="0" index="0" bw="1" slack="0"/>
<pin id="411" dir="0" index="1" bw="5" slack="0"/>
<pin id="412" dir="1" index="2" bw="0" slack="2147483647"/>
</pin_list>
<bind>
<opcode="store(28) " fcode="store"/>
<opset="store_ln97/1 "/>
</bind>
</comp>

<comp id="414" class="1004" name="indvar_flatten10324_load_load_fu_414">
<pin_list>
<pin id="415" dir="0" index="0" bw="9" slack="0"/>
<pin id="416" dir="1" index="1" bw="9" slack="0"/>
</pin_list>
<bind>
<opcode="load(27) " fcode="load"/>
<opset="indvar_flatten10324_load/1 "/>
</bind>
</comp>

<comp id="417" class="1004" name="icmp_ln96_fu_417">
<pin_list>
<pin id="418" dir="0" index="0" bw="9" slack="0"/>
<pin id="419" dir="0" index="1" bw="9" slack="0"/>
<pin id="420" dir="1" index="2" bw="1" slack="1"/>
</pin_list>
<bind>
<opcode="icmp(45) " fcode="icmp"/>
<opset="icmp_ln96/1 "/>
</bind>
</comp>

<comp id="423" class="1004" name="add_ln96_2_fu_423">
<pin_list>
<pin id="424" dir="0" index="0" bw="9" slack="0"/>
<pin id="425" dir="0" index="1" bw="1" slack="0"/>
<pin id="426" dir="1" index="2" bw="9" slack="0"/>
</pin_list>
<bind>
<opcode="add(8) " fcode="add"/>
<opset="add_ln96_2/1 "/>
</bind>
</comp>

<comp id="429" class="1004" name="x_load_load_fu_429">
<pin_list>
<pin id="430" dir="0" index="0" bw="5" slack="0"/>
<pin id="431" dir="1" index="1" bw="5" slack="0"/>
</pin_list>
<bind>
<opcode="load(27) " fcode="load"/>
<opset="x_load/1 "/>
</bind>
</comp>

<comp id="432" class="1004" name="y_load_load_fu_432">
<pin_list>
<pin id="433" dir="0" index="0" bw="5" slack="0"/>
<pin id="434" dir="1" index="1" bw="5" slack="0"/>
</pin_list>
<bind>
<opcode="load(27) " fcode="load"/>
<opset="y_load/1 "/>
</bind>
</comp>

<comp id="435" class="1004" name="add_ln96_fu_435">
<pin_list>
<pin id="436" dir="0" index="0" bw="5" slack="0"/>
<pin id="437" dir="0" index="1" bw="1" slack="0"/>
<pin id="438" dir="1" index="2" bw="5" slack="0"/>
</pin_list>
<bind>
<opcode="add(8) " fcode="add"/>
<opset="add_ln96/1 "/>
</bind>
</comp>

<comp id="441" class="1004" name="icmp_ln97_fu_441">
<pin_list>
<pin id="442" dir="0" index="0" bw="5" slack="0"/>
<pin id="443" dir="0" index="1" bw="5" slack="0"/>
<pin id="444" dir="1" index="2" bw="1" slack="0"/>
</pin_list>
<bind>
<opcode="icmp(45) " fcode="icmp"/>
<opset="icmp_ln97/1 "/>
</bind>
</comp>

<comp id="447" class="1004" name="select_ln96_fu_447">
<pin_list>
<pin id="448" dir="0" index="0" bw="1" slack="0"/>
<pin id="449" dir="0" index="1" bw="5" slack="0"/>
<pin id="450" dir="0" index="2" bw="5" slack="0"/>
<pin id="451" dir="1" index="3" bw="5" slack="1"/>
</pin_list>
<bind>
<opcode="select(49) " fcode="select"/>
<opset="select_ln96/1 "/>
</bind>
</comp>

<comp id="455" class="1004" name="select_ln96_2_fu_455">
<pin_list>
<pin id="456" dir="0" index="0" bw="1" slack="0"/>
<pin id="457" dir="0" index="1" bw="5" slack="0"/>
<pin id="458" dir="0" index="2" bw="5" slack="0"/>
<pin id="459" dir="1" index="3" bw="5" slack="0"/>
</pin_list>
<bind>
<opcode="select(49) " fcode="select"/>
<opset="select_ln96_2/1 "/>
</bind>
</comp>

<comp id="463" class="1004" name="trunc_ln108_fu_463">
<pin_list>
<pin id="464" dir="0" index="0" bw="5" slack="0"/>
<pin id="465" dir="1" index="1" bw="4" slack="1"/>
</pin_list>
<bind>
<opcode="trunc(33) " fcode="trunc"/>
<opset="trunc_ln108/1 "/>
</bind>
</comp>

<comp id="467" class="1004" name="store_ln96_store_fu_467">
<pin_list>
<pin id="468" dir="0" index="0" bw="9" slack="0"/>
<pin id="469" dir="0" index="1" bw="9" slack="0"/>
<pin id="470" dir="1" index="2" bw="0" slack="2147483647"/>
</pin_list>
<bind>
<opcode="store(28) " fcode="store"/>
<opset="store_ln96/1 "/>
</bind>
</comp>

<comp id="472" class="1004" name="store_ln96_store_fu_472">
<pin_list>
<pin id="473" dir="0" index="0" bw="5" slack="0"/>
<pin id="474" dir="0" index="1" bw="5" slack="0"/>
<pin id="475" dir="1" index="2" bw="0" slack="2147483647"/>
</pin_list>
<bind>
<opcode="store(28) " fcode="store"/>
<opset="store_ln96/1 "/>
</bind>
</comp>

<comp id="477" class="1004" name="tmp_s_fu_477">
<pin_list>
<pin id="478" dir="0" index="0" bw="8" slack="0"/>
<pin id="479" dir="0" index="1" bw="4" slack="1"/>
<pin id="480" dir="0" index="2" bw="1" slack="0"/>
<pin id="481" dir="1" index="3" bw="8" slack="0"/>
</pin_list>
<bind>
<opcode="bitconcatenate(1004) " fcode="bitconcatenate"/>
<opset="tmp_s/2 "/>
</bind>
</comp>

<comp id="484" class="1004" name="zext_ln96_fu_484">
<pin_list>
<pin id="485" dir="0" index="0" bw="5" slack="1"/>
<pin id="486" dir="1" index="1" bw="32" slack="0"/>
</pin_list>
<bind>
<opcode="zext(34) " fcode="zext"/>
<opset="zext_ln96/2 "/>
</bind>
</comp>

<comp id="487" class="1004" name="empty_fu_487">
<pin_list>
<pin id="488" dir="0" index="0" bw="5" slack="0"/>
<pin id="489" dir="0" index="1" bw="31" slack="1"/>
<pin id="490" dir="1" index="2" bw="32" slack="0"/>
</pin_list>
<bind>
<opcode="add(8) " fcode="add"/>
<opset="empty/2 "/>
</bind>
</comp>

<comp id="492" class="1004" name="cmp147_fu_492">
<pin_list>
<pin id="493" dir="0" index="0" bw="32" slack="0"/>
<pin id="494" dir="0" index="1" bw="32" slack="1"/>
<pin id="495" dir="1" index="2" bw="1" slack="0"/>
</pin_list>
<bind>
<opcode="icmp(45) " fcode="icmp"/>
<opset="cmp147/2 "/>
</bind>
</comp>

<comp id="497" class="1004" name="zext_ln108_fu_497">
<pin_list>
<pin id="498" dir="0" index="0" bw="5" slack="1"/>
<pin id="499" dir="1" index="1" bw="8" slack="0"/>
</pin_list>
<bind>
<opcode="zext(34) " fcode="zext"/>
<opset="zext_ln108/2 "/>
</bind>
</comp>

<comp id="500" class="1004" name="add_ln108_fu_500">
<pin_list>
<pin id="501" dir="0" index="0" bw="8" slack="0"/>
<pin id="502" dir="0" index="1" bw="5" slack="0"/>
<pin id="503" dir="1" index="2" bw="8" slack="0"/>
</pin_list>
<bind>
<opcode="add(8) " fcode="add"/>
<opset="add_ln108/2 "/>
</bind>
</comp>

<comp id="506" class="1004" name="tmp_fu_506">
<pin_list>
<pin id="507" dir="0" index="0" bw="11" slack="0"/>
<pin id="508" dir="0" index="1" bw="8" slack="0"/>
<pin id="509" dir="0" index="2" bw="1" slack="0"/>
<pin id="510" dir="1" index="3" bw="11" slack="0"/>
</pin_list>
<bind>
<opcode="bitconcatenate(1004) " fcode="bitconcatenate"/>
<opset="tmp/2 "/>
</bind>
</comp>

<comp id="514" class="1004" name="zext_ln108_17_fu_514">
<pin_list>
<pin id="515" dir="0" index="0" bw="11" slack="0"/>
<pin id="516" dir="1" index="1" bw="64" slack="0"/>
</pin_list>
<bind>
<opcode="zext(34) " fcode="zext"/>
<opset="zext_ln108_17/2 "/>
</bind>
</comp>

<comp id="519" class="1004" name="tmp_1192_fu_519">
<pin_list>
<pin id="520" dir="0" index="0" bw="11" slack="0"/>
<pin id="521" dir="0" index="1" bw="8" slack="0"/>
<pin id="522" dir="0" index="2" bw="1" slack="0"/>
<pin id="523" dir="1" index="3" bw="11" slack="0"/>
</pin_list>
<bind>
<opcode="bitconcatenate(1004) " fcode="bitconcatenate"/>
<opset="tmp_1192/2 "/>
</bind>
</comp>

<comp id="527" class="1004" name="zext_ln108_18_fu_527">
<pin_list>
<pin id="528" dir="0" index="0" bw="11" slack="0"/>
<pin id="529" dir="1" index="1" bw="64" slack="0"/>
</pin_list>
<bind>
<opcode="zext(34) " fcode="zext"/>
<opset="zext_ln108_18/2 "/>
</bind>
</comp>

<comp id="532" class="1004" name="zext_ln97_fu_532">
<pin_list>
<pin id="533" dir="0" index="0" bw="5" slack="1"/>
<pin id="534" dir="1" index="1" bw="32" slack="0"/>
</pin_list>
<bind>
<opcode="zext(34) " fcode="zext"/>
<opset="zext_ln97/2 "/>
</bind>
</comp>

<comp id="535" class="1004" name="add_ln101_fu_535">
<pin_list>
<pin id="536" dir="0" index="0" bw="5" slack="0"/>
<pin id="537" dir="0" index="1" bw="31" slack="1"/>
<pin id="538" dir="1" index="2" bw="32" slack="0"/>
</pin_list>
<bind>
<opcode="add(8) " fcode="add"/>
<opset="add_ln101/2 "/>
</bind>
</comp>

<comp id="540" class="1004" name="icmp_ln103_fu_540">
<pin_list>
<pin id="541" dir="0" index="0" bw="32" slack="0"/>
<pin id="542" dir="0" index="1" bw="32" slack="1"/>
<pin id="543" dir="1" index="2" bw="1" slack="0"/>
</pin_list>
<bind>
<opcode="icmp(45) " fcode="icmp"/>
<opset="icmp_ln103/2 "/>
</bind>
</comp>

<comp id="545" class="1004" name="and_ln103_fu_545">
<pin_list>
<pin id="546" dir="0" index="0" bw="1" slack="0"/>
<pin id="547" dir="0" index="1" bw="1" slack="0"/>
<pin id="548" dir="1" index="2" bw="1" slack="1"/>
</pin_list>
<bind>
<opcode="and(23) " fcode="and"/>
<opset="and_ln103/2 "/>
</bind>
</comp>

<comp id="551" class="1004" name="add_ln97_fu_551">
<pin_list>
<pin id="552" dir="0" index="0" bw="5" slack="1"/>
<pin id="553" dir="0" index="1" bw="1" slack="0"/>
<pin id="554" dir="1" index="2" bw="5" slack="0"/>
</pin_list>
<bind>
<opcode="add(8) " fcode="add"/>
<opset="add_ln97/2 "/>
</bind>
</comp>

<comp id="556" class="1004" name="store_ln97_store_fu_556">
<pin_list>
<pin id="557" dir="0" index="0" bw="5" slack="0"/>
<pin id="558" dir="0" index="1" bw="5" slack="1"/>
<pin id="559" dir="1" index="2" bw="0" slack="2147483647"/>
</pin_list>
<bind>
<opcode="store(28) " fcode="store"/>
<opset="store_ln97/2 "/>
</bind>
</comp>

<comp id="561" class="1004" name="p_cast150_fu_561">
<pin_list>
<pin id="562" dir="0" index="0" bw="32" slack="1"/>
<pin id="563" dir="1" index="1" bw="59" slack="0"/>
</pin_list>
<bind>
<opcode="zext(34) " fcode="zext"/>
<opset="p_cast150/3 "/>
</bind>
</comp>

<comp id="565" class="1004" name="tmp_1193_fu_565">
<pin_list>
<pin id="566" dir="0" index="0" bw="11" slack="0"/>
<pin id="567" dir="0" index="1" bw="8" slack="1"/>
<pin id="568" dir="0" index="2" bw="3" slack="0"/>
<pin id="569" dir="1" index="3" bw="11" slack="0"/>
</pin_list>
<bind>
<opcode="bitconcatenate(1004) " fcode="bitconcatenate"/>
<opset="tmp_1193/3 "/>
</bind>
</comp>

<comp id="572" class="1004" name="zext_ln108_19_fu_572">
<pin_list>
<pin id="573" dir="0" index="0" bw="11" slack="0"/>
<pin id="574" dir="1" index="1" bw="64" slack="0"/>
</pin_list>
<bind>
<opcode="zext(34) " fcode="zext"/>
<opset="zext_ln108_19/3 "/>
</bind>
</comp>

<comp id="577" class="1004" name="tmp_1194_fu_577">
<pin_list>
<pin id="578" dir="0" index="0" bw="11" slack="0"/>
<pin id="579" dir="0" index="1" bw="8" slack="1"/>
<pin id="580" dir="0" index="2" bw="3" slack="0"/>
<pin id="581" dir="1" index="3" bw="11" slack="0"/>
</pin_list>
<bind>
<opcode="bitconcatenate(1004) " fcode="bitconcatenate"/>
<opset="tmp_1194/3 "/>
</bind>
</comp>

<comp id="584" class="1004" name="zext_ln108_20_fu_584">
<pin_list>
<pin id="585" dir="0" index="0" bw="11" slack="0"/>
<pin id="586" dir="1" index="1" bw="64" slack="0"/>
</pin_list>
<bind>
<opcode="zext(34) " fcode="zext"/>
<opset="zext_ln108_20/3 "/>
</bind>
</comp>

<comp id="589" class="1004" name="tmp_1195_fu_589">
<pin_list>
<pin id="590" dir="0" index="0" bw="11" slack="0"/>
<pin id="591" dir="0" index="1" bw="8" slack="2"/>
<pin id="592" dir="0" index="2" bw="3" slack="0"/>
<pin id="593" dir="1" index="3" bw="11" slack="0"/>
</pin_list>
<bind>
<opcode="bitconcatenate(1004) " fcode="bitconcatenate"/>
<opset="tmp_1195/4 "/>
</bind>
</comp>

<comp id="596" class="1004" name="zext_ln108_21_fu_596">
<pin_list>
<pin id="597" dir="0" index="0" bw="11" slack="0"/>
<pin id="598" dir="1" index="1" bw="64" slack="0"/>
</pin_list>
<bind>
<opcode="zext(34) " fcode="zext"/>
<opset="zext_ln108_21/4 "/>
</bind>
</comp>

<comp id="601" class="1004" name="tmp_1196_fu_601">
<pin_list>
<pin id="602" dir="0" index="0" bw="11" slack="0"/>
<pin id="603" dir="0" index="1" bw="8" slack="2"/>
<pin id="604" dir="0" index="2" bw="3" slack="0"/>
<pin id="605" dir="1" index="3" bw="11" slack="0"/>
</pin_list>
<bind>
<opcode="bitconcatenate(1004) " fcode="bitconcatenate"/>
<opset="tmp_1196/4 "/>
</bind>
</comp>

<comp id="608" class="1004" name="zext_ln108_22_fu_608">
<pin_list>
<pin id="609" dir="0" index="0" bw="11" slack="0"/>
<pin id="610" dir="1" index="1" bw="64" slack="0"/>
</pin_list>
<bind>
<opcode="zext(34) " fcode="zext"/>
<opset="zext_ln108_22/4 "/>
</bind>
</comp>

<comp id="613" class="1004" name="tmp_1197_fu_613">
<pin_list>
<pin id="614" dir="0" index="0" bw="11" slack="0"/>
<pin id="615" dir="0" index="1" bw="8" slack="3"/>
<pin id="616" dir="0" index="2" bw="2" slack="0"/>
<pin id="617" dir="1" index="3" bw="11" slack="0"/>
</pin_list>
<bind>
<opcode="bitconcatenate(1004) " fcode="bitconcatenate"/>
<opset="tmp_1197/5 "/>
</bind>
</comp>

<comp id="620" class="1004" name="zext_ln108_23_fu_620">
<pin_list>
<pin id="621" dir="0" index="0" bw="11" slack="0"/>
<pin id="622" dir="1" index="1" bw="64" slack="0"/>
</pin_list>
<bind>
<opcode="zext(34) " fcode="zext"/>
<opset="zext_ln108_23/5 "/>
</bind>
</comp>

<comp id="625" class="1004" name="tmp_1198_fu_625">
<pin_list>
<pin id="626" dir="0" index="0" bw="11" slack="0"/>
<pin id="627" dir="0" index="1" bw="8" slack="3"/>
<pin id="628" dir="0" index="2" bw="1" slack="0"/>
<pin id="629" dir="1" index="3" bw="11" slack="0"/>
</pin_list>
<bind>
<opcode="bitconcatenate(1004) " fcode="bitconcatenate"/>
<opset="tmp_1198/5 "/>
</bind>
</comp>

<comp id="632" class="1004" name="zext_ln108_24_fu_632">
<pin_list>
<pin id="633" dir="0" index="0" bw="11" slack="0"/>
<pin id="634" dir="1" index="1" bw="64" slack="0"/>
</pin_list>
<bind>
<opcode="zext(34) " fcode="zext"/>
<opset="zext_ln108_24/5 "/>
</bind>
</comp>

<comp id="637" class="1004" name="zext_ln103_fu_637">
<pin_list>
<pin id="638" dir="0" index="0" bw="32" slack="3"/>
<pin id="639" dir="1" index="1" bw="59" slack="0"/>
</pin_list>
<bind>
<opcode="zext(34) " fcode="zext"/>
<opset="zext_ln103/5 "/>
</bind>
</comp>

<comp id="640" class="1004" name="add_ln104_fu_640">
<pin_list>
<pin id="641" dir="0" index="0" bw="32" slack="0"/>
<pin id="642" dir="0" index="1" bw="59" slack="1"/>
<pin id="643" dir="1" index="2" bw="59" slack="0"/>
</pin_list>
<bind>
<opcode="add(8) " fcode="add"/>
<opset="add_ln104/5 "/>
</bind>
</comp>

<comp id="645" class="1004" name="tmp_1182_fu_645">
<pin_list>
<pin id="646" dir="0" index="0" bw="64" slack="0"/>
<pin id="647" dir="0" index="1" bw="59" slack="0"/>
<pin id="648" dir="0" index="2" bw="5" slack="4"/>
<pin id="649" dir="1" index="3" bw="64" slack="0"/>
</pin_list>
<bind>
<opcode="bitconcatenate(1004) " fcode="bitconcatenate"/>
<opset="tmp_1182/5 "/>
</bind>
</comp>

<comp id="652" class="1004" name="add_ln107_fu_652">
<pin_list>
<pin id="653" dir="0" index="0" bw="64" slack="0"/>
<pin id="654" dir="0" index="1" bw="64" slack="4"/>
<pin id="655" dir="1" index="2" bw="64" slack="0"/>
</pin_list>
<bind>
<opcode="add(8) " fcode="add"/>
<opset="add_ln107/5 "/>
</bind>
</comp>

<comp id="657" class="1004" name="gmem_addr_fu_657">
<pin_list>
<pin id="658" dir="0" index="0" bw="64" slack="0"/>
<pin id="659" dir="0" index="1" bw="64" slack="0"/>
<pin id="660" dir="1" index="2" bw="64" slack="1"/>
</pin_list>
<bind>
<opcode="getelementptr(29) " fcode="getelementptr"/>
<opset="gmem_addr/5 "/>
</bind>
</comp>

<comp id="663" class="1004" name="tmp_1183_fu_663">
<pin_list>
<pin id="664" dir="0" index="0" bw="4" slack="0"/>
<pin id="665" dir="0" index="1" bw="5" slack="4"/>
<pin id="666" dir="0" index="2" bw="1" slack="0"/>
<pin id="667" dir="0" index="3" bw="4" slack="0"/>
<pin id="668" dir="1" index="4" bw="4" slack="0"/>
</pin_list>
<bind>
<opcode="partselect(1002) " fcode="partselect"/>
<opset="tmp_1183/5 "/>
</bind>
</comp>

<comp id="672" class="1004" name="or_ln2_fu_672">
<pin_list>
<pin id="673" dir="0" index="0" bw="64" slack="0"/>
<pin id="674" dir="0" index="1" bw="59" slack="0"/>
<pin id="675" dir="0" index="2" bw="4" slack="0"/>
<pin id="676" dir="0" index="3" bw="1" slack="0"/>
<pin id="677" dir="1" index="4" bw="64" slack="0"/>
</pin_list>
<bind>
<opcode="bitconcatenate(1004) " fcode="bitconcatenate"/>
<opset="or_ln2/5 "/>
</bind>
</comp>

<comp id="682" class="1004" name="add_ln107_8_fu_682">
<pin_list>
<pin id="683" dir="0" index="0" bw="64" slack="0"/>
<pin id="684" dir="0" index="1" bw="64" slack="4"/>
<pin id="685" dir="1" index="2" bw="64" slack="0"/>
</pin_list>
<bind>
<opcode="add(8) " fcode="add"/>
<opset="add_ln107_8/5 "/>
</bind>
</comp>

<comp id="687" class="1004" name="gmem_addr_272_fu_687">
<pin_list>
<pin id="688" dir="0" index="0" bw="64" slack="0"/>
<pin id="689" dir="0" index="1" bw="64" slack="0"/>
<pin id="690" dir="1" index="2" bw="64" slack="2"/>
</pin_list>
<bind>
<opcode="getelementptr(29) " fcode="getelementptr"/>
<opset="gmem_addr_272/5 "/>
</bind>
</comp>

<comp id="693" class="1004" name="tmp_1184_fu_693">
<pin_list>
<pin id="694" dir="0" index="0" bw="3" slack="0"/>
<pin id="695" dir="0" index="1" bw="5" slack="4"/>
<pin id="696" dir="0" index="2" bw="3" slack="0"/>
<pin id="697" dir="0" index="3" bw="4" slack="0"/>
<pin id="698" dir="1" index="4" bw="3" slack="0"/>
</pin_list>
<bind>
<opcode="partselect(1002) " fcode="partselect"/>
<opset="tmp_1184/5 "/>
</bind>
</comp>

<comp id="702" class="1004" name="or_ln107_7_fu_702">
<pin_list>
<pin id="703" dir="0" index="0" bw="64" slack="0"/>
<pin id="704" dir="0" index="1" bw="59" slack="0"/>
<pin id="705" dir="0" index="2" bw="3" slack="0"/>
<pin id="706" dir="0" index="3" bw="2" slack="0"/>
<pin id="707" dir="1" index="4" bw="64" slack="0"/>
</pin_list>
<bind>
<opcode="bitconcatenate(1004) " fcode="bitconcatenate"/>
<opset="or_ln107_7/5 "/>
</bind>
</comp>

<comp id="712" class="1004" name="add_ln107_9_fu_712">
<pin_list>
<pin id="713" dir="0" index="0" bw="64" slack="0"/>
<pin id="714" dir="0" index="1" bw="64" slack="4"/>
<pin id="715" dir="1" index="2" bw="64" slack="0"/>
</pin_list>
<bind>
<opcode="add(8) " fcode="add"/>
<opset="add_ln107_9/5 "/>
</bind>
</comp>

<comp id="717" class="1004" name="gmem_addr_273_fu_717">
<pin_list>
<pin id="718" dir="0" index="0" bw="64" slack="0"/>
<pin id="719" dir="0" index="1" bw="64" slack="0"/>
<pin id="720" dir="1" index="2" bw="64" slack="3"/>
</pin_list>
<bind>
<opcode="getelementptr(29) " fcode="getelementptr"/>
<opset="gmem_addr_273/5 "/>
</bind>
</comp>

<comp id="723" class="1004" name="or_ln107_8_fu_723">
<pin_list>
<pin id="724" dir="0" index="0" bw="64" slack="0"/>
<pin id="725" dir="0" index="1" bw="59" slack="0"/>
<pin id="726" dir="0" index="2" bw="3" slack="0"/>
<pin id="727" dir="0" index="3" bw="1" slack="0"/>
<pin id="728" dir="1" index="4" bw="64" slack="0"/>
</pin_list>
<bind>
<opcode="bitconcatenate(1004) " fcode="bitconcatenate"/>
<opset="or_ln107_8/5 "/>
</bind>
</comp>

<comp id="733" class="1004" name="add_ln107_10_fu_733">
<pin_list>
<pin id="734" dir="0" index="0" bw="64" slack="0"/>
<pin id="735" dir="0" index="1" bw="64" slack="4"/>
<pin id="736" dir="1" index="2" bw="64" slack="0"/>
</pin_list>
<bind>
<opcode="add(8) " fcode="add"/>
<opset="add_ln107_10/5 "/>
</bind>
</comp>

<comp id="738" class="1004" name="gmem_addr_274_fu_738">
<pin_list>
<pin id="739" dir="0" index="0" bw="64" slack="0"/>
<pin id="740" dir="0" index="1" bw="64" slack="0"/>
<pin id="741" dir="1" index="2" bw="64" slack="4"/>
</pin_list>
<bind>
<opcode="getelementptr(29) " fcode="getelementptr"/>
<opset="gmem_addr_274/5 "/>
</bind>
</comp>

<comp id="744" class="1004" name="tmp_1185_fu_744">
<pin_list>
<pin id="745" dir="0" index="0" bw="2" slack="0"/>
<pin id="746" dir="0" index="1" bw="5" slack="4"/>
<pin id="747" dir="0" index="2" bw="3" slack="0"/>
<pin id="748" dir="0" index="3" bw="4" slack="0"/>
<pin id="749" dir="1" index="4" bw="2" slack="0"/>
</pin_list>
<bind>
<opcode="partselect(1002) " fcode="partselect"/>
<opset="tmp_1185/5 "/>
</bind>
</comp>

<comp id="753" class="1004" name="or_ln107_9_fu_753">
<pin_list>
<pin id="754" dir="0" index="0" bw="64" slack="0"/>
<pin id="755" dir="0" index="1" bw="59" slack="0"/>
<pin id="756" dir="0" index="2" bw="2" slack="0"/>
<pin id="757" dir="0" index="3" bw="3" slack="0"/>
<pin id="758" dir="1" index="4" bw="64" slack="0"/>
</pin_list>
<bind>
<opcode="bitconcatenate(1004) " fcode="bitconcatenate"/>
<opset="or_ln107_9/5 "/>
</bind>
</comp>

<comp id="763" class="1004" name="add_ln107_11_fu_763">
<pin_list>
<pin id="764" dir="0" index="0" bw="64" slack="0"/>
<pin id="765" dir="0" index="1" bw="64" slack="4"/>
<pin id="766" dir="1" index="2" bw="64" slack="0"/>
</pin_list>
<bind>
<opcode="add(8) " fcode="add"/>
<opset="add_ln107_11/5 "/>
</bind>
</comp>

<comp id="768" class="1004" name="gmem_addr_275_fu_768">
<pin_list>
<pin id="769" dir="0" index="0" bw="64" slack="0"/>
<pin id="770" dir="0" index="1" bw="64" slack="0"/>
<pin id="771" dir="1" index="2" bw="64" slack="5"/>
</pin_list>
<bind>
<opcode="getelementptr(29) " fcode="getelementptr"/>
<opset="gmem_addr_275/5 "/>
</bind>
</comp>

<comp id="774" class="1004" name="tmp_1186_fu_774">
<pin_list>
<pin id="775" dir="0" index="0" bw="1" slack="0"/>
<pin id="776" dir="0" index="1" bw="5" slack="4"/>
<pin id="777" dir="0" index="2" bw="1" slack="0"/>
<pin id="778" dir="1" index="3" bw="1" slack="0"/>
</pin_list>
<bind>
<opcode="bitselect(1000) " fcode="bitselect"/>
<opset="tmp_1186/5 "/>
</bind>
</comp>

<comp id="781" class="1004" name="or_ln107_s_fu_781">
<pin_list>
<pin id="782" dir="0" index="0" bw="64" slack="0"/>
<pin id="783" dir="0" index="1" bw="59" slack="0"/>
<pin id="784" dir="0" index="2" bw="2" slack="0"/>
<pin id="785" dir="0" index="3" bw="1" slack="0"/>
<pin id="786" dir="0" index="4" bw="1" slack="0"/>
<pin id="787" dir="0" index="5" bw="1" slack="0"/>
<pin id="788" dir="1" index="6" bw="64" slack="0"/>
</pin_list>
<bind>
<opcode="bitconcatenate(1004) " fcode="bitconcatenate"/>
<opset="or_ln107_s/5 "/>
</bind>
</comp>

<comp id="795" class="1004" name="add_ln107_12_fu_795">
<pin_list>
<pin id="796" dir="0" index="0" bw="64" slack="0"/>
<pin id="797" dir="0" index="1" bw="64" slack="4"/>
<pin id="798" dir="1" index="2" bw="64" slack="0"/>
</pin_list>
<bind>
<opcode="add(8) " fcode="add"/>
<opset="add_ln107_12/5 "/>
</bind>
</comp>

<comp id="800" class="1004" name="gmem_addr_276_fu_800">
<pin_list>
<pin id="801" dir="0" index="0" bw="64" slack="0"/>
<pin id="802" dir="0" index="1" bw="64" slack="0"/>
<pin id="803" dir="1" index="2" bw="64" slack="6"/>
</pin_list>
<bind>
<opcode="getelementptr(29) " fcode="getelementptr"/>
<opset="gmem_addr_276/5 "/>
</bind>
</comp>

<comp id="806" class="1004" name="or_ln107_1_fu_806">
<pin_list>
<pin id="807" dir="0" index="0" bw="64" slack="0"/>
<pin id="808" dir="0" index="1" bw="59" slack="0"/>
<pin id="809" dir="0" index="2" bw="2" slack="0"/>
<pin id="810" dir="0" index="3" bw="2" slack="0"/>
<pin id="811" dir="1" index="4" bw="64" slack="0"/>
</pin_list>
<bind>
<opcode="bitconcatenate(1004) " fcode="bitconcatenate"/>
<opset="or_ln107_1/5 "/>
</bind>
</comp>

<comp id="816" class="1004" name="add_ln107_13_fu_816">
<pin_list>
<pin id="817" dir="0" index="0" bw="64" slack="0"/>
<pin id="818" dir="0" index="1" bw="64" slack="4"/>
<pin id="819" dir="1" index="2" bw="64" slack="0"/>
</pin_list>
<bind>
<opcode="add(8) " fcode="add"/>
<opset="add_ln107_13/5 "/>
</bind>
</comp>

<comp id="821" class="1004" name="gmem_addr_277_fu_821">
<pin_list>
<pin id="822" dir="0" index="0" bw="64" slack="0"/>
<pin id="823" dir="0" index="1" bw="64" slack="0"/>
<pin id="824" dir="1" index="2" bw="64" slack="7"/>
</pin_list>
<bind>
<opcode="getelementptr(29) " fcode="getelementptr"/>
<opset="gmem_addr_277/5 "/>
</bind>
</comp>

<comp id="827" class="1004" name="or_ln107_2_fu_827">
<pin_list>
<pin id="828" dir="0" index="0" bw="64" slack="0"/>
<pin id="829" dir="0" index="1" bw="59" slack="0"/>
<pin id="830" dir="0" index="2" bw="2" slack="0"/>
<pin id="831" dir="0" index="3" bw="1" slack="0"/>
<pin id="832" dir="1" index="4" bw="64" slack="0"/>
</pin_list>
<bind>
<opcode="bitconcatenate(1004) " fcode="bitconcatenate"/>
<opset="or_ln107_2/5 "/>
</bind>
</comp>

<comp id="837" class="1004" name="add_ln107_14_fu_837">
<pin_list>
<pin id="838" dir="0" index="0" bw="64" slack="0"/>
<pin id="839" dir="0" index="1" bw="64" slack="4"/>
<pin id="840" dir="1" index="2" bw="64" slack="0"/>
</pin_list>
<bind>
<opcode="add(8) " fcode="add"/>
<opset="add_ln107_14/5 "/>
</bind>
</comp>

<comp id="842" class="1004" name="gmem_addr_278_fu_842">
<pin_list>
<pin id="843" dir="0" index="0" bw="64" slack="0"/>
<pin id="844" dir="0" index="1" bw="64" slack="0"/>
<pin id="845" dir="1" index="2" bw="64" slack="8"/>
</pin_list>
<bind>
<opcode="getelementptr(29) " fcode="getelementptr"/>
<opset="gmem_addr_278/5 "/>
</bind>
</comp>

<comp id="848" class="1004" name="zext_ln107_fu_848">
<pin_list>
<pin id="849" dir="0" index="0" bw="7" slack="4"/>
<pin id="850" dir="1" index="1" bw="8" slack="0"/>
</pin_list>
<bind>
<opcode="zext(34) " fcode="zext"/>
<opset="zext_ln107/7 "/>
</bind>
</comp>

<comp id="852" class="1004" name="zext_ln107_8_fu_852">
<pin_list>
<pin id="853" dir="0" index="0" bw="7" slack="5"/>
<pin id="854" dir="1" index="1" bw="8" slack="0"/>
</pin_list>
<bind>
<opcode="zext(34) " fcode="zext"/>
<opset="zext_ln107_8/8 "/>
</bind>
</comp>

<comp id="856" class="1004" name="zext_ln107_9_fu_856">
<pin_list>
<pin id="857" dir="0" index="0" bw="7" slack="5"/>
<pin id="858" dir="1" index="1" bw="8" slack="0"/>
</pin_list>
<bind>
<opcode="zext(34) " fcode="zext"/>
<opset="zext_ln107_9/9 "/>
</bind>
</comp>

<comp id="860" class="1004" name="zext_ln107_10_fu_860">
<pin_list>
<pin id="861" dir="0" index="0" bw="7" slack="6"/>
<pin id="862" dir="1" index="1" bw="8" slack="0"/>
</pin_list>
<bind>
<opcode="zext(34) " fcode="zext"/>
<opset="zext_ln107_10/10 "/>
</bind>
</comp>

<comp id="864" class="1004" name="zext_ln107_11_fu_864">
<pin_list>
<pin id="865" dir="0" index="0" bw="7" slack="6"/>
<pin id="866" dir="1" index="1" bw="8" slack="0"/>
</pin_list>
<bind>
<opcode="zext(34) " fcode="zext"/>
<opset="zext_ln107_11/11 "/>
</bind>
</comp>

<comp id="868" class="1004" name="zext_ln107_12_fu_868">
<pin_list>
<pin id="869" dir="0" index="0" bw="7" slack="7"/>
<pin id="870" dir="1" index="1" bw="8" slack="0"/>
</pin_list>
<bind>
<opcode="zext(34) " fcode="zext"/>
<opset="zext_ln107_12/12 "/>
</bind>
</comp>

<comp id="872" class="1004" name="zext_ln107_13_fu_872">
<pin_list>
<pin id="873" dir="0" index="0" bw="7" slack="7"/>
<pin id="874" dir="1" index="1" bw="8" slack="0"/>
</pin_list>
<bind>
<opcode="zext(34) " fcode="zext"/>
<opset="zext_ln107_13/13 "/>
</bind>
</comp>

<comp id="876" class="1004" name="zext_ln107_14_fu_876">
<pin_list>
<pin id="877" dir="0" index="0" bw="7" slack="8"/>
<pin id="878" dir="1" index="1" bw="8" slack="0"/>
</pin_list>
<bind>
<opcode="zext(34) " fcode="zext"/>
<opset="zext_ln107_14/14 "/>
</bind>
</comp>

<comp id="880" class="1005" name="x_reg_880">
<pin_list>
<pin id="881" dir="0" index="0" bw="5" slack="0"/>
<pin id="882" dir="1" index="1" bw="5" slack="0"/>
</pin_list>
<bind>
<opset="x "/>
</bind>
</comp>

<comp id="887" class="1005" name="y_reg_887">
<pin_list>
<pin id="888" dir="0" index="0" bw="5" slack="0"/>
<pin id="889" dir="1" index="1" bw="5" slack="0"/>
</pin_list>
<bind>
<opset="y "/>
</bind>
</comp>

<comp id="894" class="1005" name="indvar_flatten10324_reg_894">
<pin_list>
<pin id="895" dir="0" index="0" bw="9" slack="0"/>
<pin id="896" dir="1" index="1" bw="9" slack="0"/>
</pin_list>
<bind>
<opset="indvar_flatten10324 "/>
</bind>
</comp>

<comp id="901" class="1005" name="input_read_reg_901">
<pin_list>
<pin id="902" dir="0" index="0" bw="64" slack="4"/>
<pin id="903" dir="1" index="1" bw="64" slack="4"/>
</pin_list>
<bind>
<opset="input_read "/>
</bind>
</comp>

<comp id="913" class="1005" name="zext_ln37_read_reg_913">
<pin_list>
<pin id="914" dir="0" index="0" bw="5" slack="4"/>
<pin id="915" dir="1" index="1" bw="5" slack="4"/>
</pin_list>
<bind>
<opset="zext_ln37_read "/>
</bind>
</comp>

<comp id="922" class="1005" name="H_read_reg_922">
<pin_list>
<pin id="923" dir="0" index="0" bw="32" slack="1"/>
<pin id="924" dir="1" index="1" bw="32" slack="1"/>
</pin_list>
<bind>
<opset="H_read "/>
</bind>
</comp>

<comp id="928" class="1005" name="tx_cast_reg_928">
<pin_list>
<pin id="929" dir="0" index="0" bw="32" slack="1"/>
<pin id="930" dir="1" index="1" bw="32" slack="1"/>
</pin_list>
<bind>
<opset="tx_cast "/>
</bind>
</comp>

<comp id="933" class="1005" name="sext_ln37_cast_reg_933">
<pin_list>
<pin id="934" dir="0" index="0" bw="59" slack="2"/>
<pin id="935" dir="1" index="1" bw="59" slack="2"/>
</pin_list>
<bind>
<opset="sext_ln37_cast "/>
</bind>
</comp>

<comp id="938" class="1005" name="ty_cast_reg_938">
<pin_list>
<pin id="939" dir="0" index="0" bw="32" slack="1"/>
<pin id="940" dir="1" index="1" bw="32" slack="1"/>
</pin_list>
<bind>
<opset="ty_cast "/>
</bind>
</comp>

<comp id="943" class="1005" name="icmp_ln96_reg_943">
<pin_list>
<pin id="944" dir="0" index="0" bw="1" slack="1"/>
<pin id="945" dir="1" index="1" bw="1" slack="2147483647"/>
</pin_list>
<bind>
<opset="icmp_ln96 "/>
</bind>
</comp>

<comp id="947" class="1005" name="select_ln96_reg_947">
<pin_list>
<pin id="948" dir="0" index="0" bw="5" slack="1"/>
<pin id="949" dir="1" index="1" bw="5" slack="1"/>
</pin_list>
<bind>
<opset="select_ln96 "/>
</bind>
</comp>

<comp id="954" class="1005" name="select_ln96_2_reg_954">
<pin_list>
<pin id="955" dir="0" index="0" bw="5" slack="1"/>
<pin id="956" dir="1" index="1" bw="5" slack="1"/>
</pin_list>
<bind>
<opset="select_ln96_2 "/>
</bind>
</comp>

<comp id="959" class="1005" name="trunc_ln108_reg_959">
<pin_list>
<pin id="960" dir="0" index="0" bw="4" slack="1"/>
<pin id="961" dir="1" index="1" bw="4" slack="1"/>
</pin_list>
<bind>
<opset="trunc_ln108 "/>
</bind>
</comp>

<comp id="964" class="1005" name="empty_reg_964">
<pin_list>
<pin id="965" dir="0" index="0" bw="32" slack="1"/>
<pin id="966" dir="1" index="1" bw="32" slack="1"/>
</pin_list>
<bind>
<opset="empty "/>
</bind>
</comp>

<comp id="969" class="1005" name="add_ln108_reg_969">
<pin_list>
<pin id="970" dir="0" index="0" bw="8" slack="1"/>
<pin id="971" dir="1" index="1" bw="8" slack="1"/>
</pin_list>
<bind>
<opset="add_ln108 "/>
</bind>
</comp>

<comp id="979" class="1005" name="tile_out_addr_reg_979">
<pin_list>
<pin id="980" dir="0" index="0" bw="11" slack="1"/>
<pin id="981" dir="1" index="1" bw="11" slack="1"/>
</pin_list>
<bind>
<opset="tile_out_addr "/>
</bind>
</comp>

<comp id="984" class="1005" name="tile_out_addr_8_reg_984">
<pin_list>
<pin id="985" dir="0" index="0" bw="11" slack="1"/>
<pin id="986" dir="1" index="1" bw="11" slack="1"/>
</pin_list>
<bind>
<opset="tile_out_addr_8 "/>
</bind>
</comp>

<comp id="989" class="1005" name="add_ln101_reg_989">
<pin_list>
<pin id="990" dir="0" index="0" bw="32" slack="3"/>
<pin id="991" dir="1" index="1" bw="32" slack="3"/>
</pin_list>
<bind>
<opset="add_ln101 "/>
</bind>
</comp>

<comp id="994" class="1005" name="and_ln103_reg_994">
<pin_list>
<pin id="995" dir="0" index="0" bw="1" slack="1"/>
<pin id="996" dir="1" index="1" bw="1" slack="2147483647"/>
</pin_list>
<bind>
<opset="and_ln103 "/>
</bind>
</comp>

<comp id="998" class="1005" name="p_cast150_reg_998">
<pin_list>
<pin id="999" dir="0" index="0" bw="59" slack="1"/>
<pin id="1000" dir="1" index="1" bw="59" slack="1"/>
</pin_list>
<bind>
<opset="p_cast150 "/>
</bind>
</comp>

<comp id="1003" class="1005" name="tile_out_addr_9_reg_1003">
<pin_list>
<pin id="1004" dir="0" index="0" bw="11" slack="1"/>
<pin id="1005" dir="1" index="1" bw="11" slack="1"/>
</pin_list>
<bind>
<opset="tile_out_addr_9 "/>
</bind>
</comp>

<comp id="1008" class="1005" name="tile_out_addr_10_reg_1008">
<pin_list>
<pin id="1009" dir="0" index="0" bw="11" slack="1"/>
<pin id="1010" dir="1" index="1" bw="11" slack="1"/>
</pin_list>
<bind>
<opset="tile_out_addr_10 "/>
</bind>
</comp>

<comp id="1013" class="1005" name="tile_out_load_reg_1013">
<pin_list>
<pin id="1014" dir="0" index="0" bw="7" slack="4"/>
<pin id="1015" dir="1" index="1" bw="7" slack="4"/>
</pin_list>
<bind>
<opset="tile_out_load "/>
</bind>
</comp>

<comp id="1018" class="1005" name="tile_out_load_8_reg_1018">
<pin_list>
<pin id="1019" dir="0" index="0" bw="7" slack="5"/>
<pin id="1020" dir="1" index="1" bw="7" slack="5"/>
</pin_list>
<bind>
<opset="tile_out_load_8 "/>
</bind>
</comp>

<comp id="1023" class="1005" name="empty_314_reg_1023">
<pin_list>
<pin id="1024" dir="0" index="0" bw="59" slack="1"/>
<pin id="1025" dir="1" index="1" bw="59" slack="1"/>
</pin_list>
<bind>
<opset="empty_314 "/>
</bind>
</comp>

<comp id="1028" class="1005" name="tile_out_addr_11_reg_1028">
<pin_list>
<pin id="1029" dir="0" index="0" bw="11" slack="1"/>
<pin id="1030" dir="1" index="1" bw="11" slack="1"/>
</pin_list>
<bind>
<opset="tile_out_addr_11 "/>
</bind>
</comp>

<comp id="1033" class="1005" name="tile_out_addr_12_reg_1033">
<pin_list>
<pin id="1034" dir="0" index="0" bw="11" slack="1"/>
<pin id="1035" dir="1" index="1" bw="11" slack="1"/>
</pin_list>
<bind>
<opset="tile_out_addr_12 "/>
</bind>
</comp>

<comp id="1038" class="1005" name="tile_out_load_9_reg_1038">
<pin_list>
<pin id="1039" dir="0" index="0" bw="7" slack="5"/>
<pin id="1040" dir="1" index="1" bw="7" slack="5"/>
</pin_list>
<bind>
<opset="tile_out_load_9 "/>
</bind>
</comp>

<comp id="1043" class="1005" name="tile_out_load_10_reg_1043">
<pin_list>
<pin id="1044" dir="0" index="0" bw="7" slack="6"/>
<pin id="1045" dir="1" index="1" bw="7" slack="6"/>
</pin_list>
<bind>
<opset="tile_out_load_10 "/>
</bind>
</comp>

<comp id="1048" class="1005" name="tile_out_addr_13_reg_1048">
<pin_list>
<pin id="1049" dir="0" index="0" bw="11" slack="1"/>
<pin id="1050" dir="1" index="1" bw="11" slack="1"/>
</pin_list>
<bind>
<opset="tile_out_addr_13 "/>
</bind>
</comp>

<comp id="1053" class="1005" name="tile_out_addr_14_reg_1053">
<pin_list>
<pin id="1054" dir="0" index="0" bw="11" slack="1"/>
<pin id="1055" dir="1" index="1" bw="11" slack="1"/>
</pin_list>
<bind>
<opset="tile_out_addr_14 "/>
</bind>
</comp>

<comp id="1058" class="1005" name="gmem_addr_reg_1058">
<pin_list>
<pin id="1059" dir="0" index="0" bw="8" slack="1"/>
<pin id="1060" dir="1" index="1" bw="8" slack="1"/>
</pin_list>
<bind>
<opset="gmem_addr "/>
</bind>
</comp>

<comp id="1064" class="1005" name="gmem_addr_272_reg_1064">
<pin_list>
<pin id="1065" dir="0" index="0" bw="8" slack="2"/>
<pin id="1066" dir="1" index="1" bw="8" slack="2"/>
</pin_list>
<bind>
<opset="gmem_addr_272 "/>
</bind>
</comp>

<comp id="1070" class="1005" name="gmem_addr_273_reg_1070">
<pin_list>
<pin id="1071" dir="0" index="0" bw="8" slack="3"/>
<pin id="1072" dir="1" index="1" bw="8" slack="3"/>
</pin_list>
<bind>
<opset="gmem_addr_273 "/>
</bind>
</comp>

<comp id="1076" class="1005" name="gmem_addr_274_reg_1076">
<pin_list>
<pin id="1077" dir="0" index="0" bw="8" slack="4"/>
<pin id="1078" dir="1" index="1" bw="8" slack="4"/>
</pin_list>
<bind>
<opset="gmem_addr_274 "/>
</bind>
</comp>

<comp id="1082" class="1005" name="tile_out_load_11_reg_1082">
<pin_list>
<pin id="1083" dir="0" index="0" bw="7" slack="6"/>
<pin id="1084" dir="1" index="1" bw="7" slack="6"/>
</pin_list>
<bind>
<opset="tile_out_load_11 "/>
</bind>
</comp>

<comp id="1087" class="1005" name="gmem_addr_275_reg_1087">
<pin_list>
<pin id="1088" dir="0" index="0" bw="8" slack="5"/>
<pin id="1089" dir="1" index="1" bw="8" slack="5"/>
</pin_list>
<bind>
<opset="gmem_addr_275 "/>
</bind>
</comp>

<comp id="1093" class="1005" name="tile_out_load_12_reg_1093">
<pin_list>
<pin id="1094" dir="0" index="0" bw="7" slack="7"/>
<pin id="1095" dir="1" index="1" bw="7" slack="7"/>
</pin_list>
<bind>
<opset="tile_out_load_12 "/>
</bind>
</comp>

<comp id="1098" class="1005" name="gmem_addr_276_reg_1098">
<pin_list>
<pin id="1099" dir="0" index="0" bw="8" slack="6"/>
<pin id="1100" dir="1" index="1" bw="8" slack="6"/>
</pin_list>
<bind>
<opset="gmem_addr_276 "/>
</bind>
</comp>

<comp id="1104" class="1005" name="gmem_addr_277_reg_1104">
<pin_list>
<pin id="1105" dir="0" index="0" bw="8" slack="7"/>
<pin id="1106" dir="1" index="1" bw="8" slack="7"/>
</pin_list>
<bind>
<opset="gmem_addr_277 "/>
</bind>
</comp>

<comp id="1110" class="1005" name="gmem_addr_278_reg_1110">
<pin_list>
<pin id="1111" dir="0" index="0" bw="8" slack="8"/>
<pin id="1112" dir="1" index="1" bw="8" slack="8"/>
</pin_list>
<bind>
<opset="gmem_addr_278 "/>
</bind>
</comp>

<comp id="1116" class="1005" name="tile_out_load_13_reg_1116">
<pin_list>
<pin id="1117" dir="0" index="0" bw="7" slack="7"/>
<pin id="1118" dir="1" index="1" bw="7" slack="7"/>
</pin_list>
<bind>
<opset="tile_out_load_13 "/>
</bind>
</comp>

<comp id="1121" class="1005" name="tile_out_load_14_reg_1121">
<pin_list>
<pin id="1122" dir="0" index="0" bw="7" slack="8"/>
<pin id="1123" dir="1" index="1" bw="7" slack="8"/>
</pin_list>
<bind>
<opset="tile_out_load_14 "/>
</bind>
</comp>

</comp_list>

<net_list>
<net id="137"><net_src comp="16" pin="0"/><net_sink comp="134" pin=0"/></net>

<net id="141"><net_src comp="16" pin="0"/><net_sink comp="138" pin=0"/></net>

<net id="145"><net_src comp="16" pin="0"/><net_sink comp="142" pin=0"/></net>

<net id="150"><net_src comp="18" pin="0"/><net_sink comp="146" pin=0"/></net>

<net id="151"><net_src comp="12" pin="0"/><net_sink comp="146" pin=1"/></net>

<net id="156"><net_src comp="20" pin="0"/><net_sink comp="152" pin=0"/></net>

<net id="157"><net_src comp="10" pin="0"/><net_sink comp="152" pin=1"/></net>

<net id="162"><net_src comp="22" pin="0"/><net_sink comp="158" pin=0"/></net>

<net id="163"><net_src comp="8" pin="0"/><net_sink comp="158" pin=1"/></net>

<net id="168"><net_src comp="24" pin="0"/><net_sink comp="164" pin=0"/></net>

<net id="169"><net_src comp="4" pin="0"/><net_sink comp="164" pin=1"/></net>

<net id="174"><net_src comp="24" pin="0"/><net_sink comp="170" pin=0"/></net>

<net id="175"><net_src comp="2" pin="0"/><net_sink comp="170" pin=1"/></net>

<net id="180"><net_src comp="22" pin="0"/><net_sink comp="176" pin=0"/></net>

<net id="181"><net_src comp="0" pin="0"/><net_sink comp="176" pin=1"/></net>

<net id="187"><net_src comp="126" pin="0"/><net_sink comp="182" pin=0"/></net>

<net id="188"><net_src comp="128" pin="0"/><net_sink comp="182" pin=2"/></net>

<net id="195"><net_src comp="130" pin="0"/><net_sink comp="189" pin=0"/></net>

<net id="196"><net_src comp="104" pin="0"/><net_sink comp="189" pin=3"/></net>

<net id="202"><net_src comp="126" pin="0"/><net_sink comp="197" pin=0"/></net>

<net id="203"><net_src comp="128" pin="0"/><net_sink comp="197" pin=2"/></net>

<net id="204"><net_src comp="132" pin="0"/><net_sink comp="182" pin=0"/></net>

<net id="211"><net_src comp="130" pin="0"/><net_sink comp="205" pin=0"/></net>

<net id="212"><net_src comp="104" pin="0"/><net_sink comp="205" pin=3"/></net>

<net id="218"><net_src comp="126" pin="0"/><net_sink comp="213" pin=0"/></net>

<net id="219"><net_src comp="128" pin="0"/><net_sink comp="213" pin=2"/></net>

<net id="220"><net_src comp="132" pin="0"/><net_sink comp="197" pin=0"/></net>

<net id="227"><net_src comp="130" pin="0"/><net_sink comp="221" pin=0"/></net>

<net id="228"><net_src comp="104" pin="0"/><net_sink comp="221" pin=3"/></net>

<net id="234"><net_src comp="126" pin="0"/><net_sink comp="229" pin=0"/></net>

<net id="235"><net_src comp="128" pin="0"/><net_sink comp="229" pin=2"/></net>

<net id="236"><net_src comp="132" pin="0"/><net_sink comp="213" pin=0"/></net>

<net id="243"><net_src comp="130" pin="0"/><net_sink comp="237" pin=0"/></net>

<net id="244"><net_src comp="104" pin="0"/><net_sink comp="237" pin=3"/></net>

<net id="250"><net_src comp="126" pin="0"/><net_sink comp="245" pin=0"/></net>

<net id="251"><net_src comp="128" pin="0"/><net_sink comp="245" pin=2"/></net>

<net id="252"><net_src comp="132" pin="0"/><net_sink comp="229" pin=0"/></net>

<net id="259"><net_src comp="130" pin="0"/><net_sink comp="253" pin=0"/></net>

<net id="260"><net_src comp="104" pin="0"/><net_sink comp="253" pin=3"/></net>

<net id="266"><net_src comp="126" pin="0"/><net_sink comp="261" pin=0"/></net>

<net id="267"><net_src comp="128" pin="0"/><net_sink comp="261" pin=2"/></net>

<net id="268"><net_src comp="132" pin="0"/><net_sink comp="245" pin=0"/></net>

<net id="275"><net_src comp="130" pin="0"/><net_sink comp="269" pin=0"/></net>

<net id="276"><net_src comp="104" pin="0"/><net_sink comp="269" pin=3"/></net>

<net id="282"><net_src comp="126" pin="0"/><net_sink comp="277" pin=0"/></net>

<net id="283"><net_src comp="128" pin="0"/><net_sink comp="277" pin=2"/></net>

<net id="284"><net_src comp="132" pin="0"/><net_sink comp="261" pin=0"/></net>

<net id="291"><net_src comp="130" pin="0"/><net_sink comp="285" pin=0"/></net>

<net id="292"><net_src comp="104" pin="0"/><net_sink comp="285" pin=3"/></net>

<net id="298"><net_src comp="126" pin="0"/><net_sink comp="293" pin=0"/></net>

<net id="299"><net_src comp="128" pin="0"/><net_sink comp="293" pin=2"/></net>

<net id="300"><net_src comp="132" pin="0"/><net_sink comp="277" pin=0"/></net>

<net id="307"><net_src comp="130" pin="0"/><net_sink comp="301" pin=0"/></net>

<net id="308"><net_src comp="104" pin="0"/><net_sink comp="301" pin=3"/></net>

<net id="309"><net_src comp="132" pin="0"/><net_sink comp="293" pin=0"/></net>

<net id="315"><net_src comp="6" pin="0"/><net_sink comp="310" pin=0"/></net>

<net id="316"><net_src comp="70" pin="0"/><net_sink comp="310" pin=1"/></net>

<net id="322"><net_src comp="6" pin="0"/><net_sink comp="317" pin=0"/></net>

<net id="323"><net_src comp="70" pin="0"/><net_sink comp="317" pin=1"/></net>

<net id="333"><net_src comp="310" pin="3"/><net_sink comp="324" pin=2"/></net>

<net id="334"><net_src comp="317" pin="3"/><net_sink comp="324" pin=0"/></net>

<net id="340"><net_src comp="6" pin="0"/><net_sink comp="335" pin=0"/></net>

<net id="341"><net_src comp="70" pin="0"/><net_sink comp="335" pin=1"/></net>

<net id="347"><net_src comp="6" pin="0"/><net_sink comp="342" pin=0"/></net>

<net id="348"><net_src comp="70" pin="0"/><net_sink comp="342" pin=1"/></net>

<net id="349"><net_src comp="335" pin="3"/><net_sink comp="324" pin=2"/></net>

<net id="350"><net_src comp="342" pin="3"/><net_sink comp="324" pin=0"/></net>

<net id="356"><net_src comp="6" pin="0"/><net_sink comp="351" pin=0"/></net>

<net id="357"><net_src comp="70" pin="0"/><net_sink comp="351" pin=1"/></net>

<net id="363"><net_src comp="6" pin="0"/><net_sink comp="358" pin=0"/></net>

<net id="364"><net_src comp="70" pin="0"/><net_sink comp="358" pin=1"/></net>

<net id="365"><net_src comp="351" pin="3"/><net_sink comp="324" pin=2"/></net>

<net id="366"><net_src comp="358" pin="3"/><net_sink comp="324" pin=0"/></net>

<net id="372"><net_src comp="6" pin="0"/><net_sink comp="367" pin=0"/></net>

<net id="373"><net_src comp="70" pin="0"/><net_sink comp="367" pin=1"/></net>

<net id="379"><net_src comp="6" pin="0"/><net_sink comp="374" pin=0"/></net>

<net id="380"><net_src comp="70" pin="0"/><net_sink comp="374" pin=1"/></net>

<net id="381"><net_src comp="367" pin="3"/><net_sink comp="324" pin=2"/></net>

<net id="382"><net_src comp="374" pin="3"/><net_sink comp="324" pin=0"/></net>

<net id="390"><net_src comp="158" pin="2"/><net_sink comp="387" pin=0"/></net>

<net id="394"><net_src comp="164" pin="2"/><net_sink comp="391" pin=0"/></net>

<net id="398"><net_src comp="176" pin="2"/><net_sink comp="395" pin=0"/></net>

<net id="403"><net_src comp="50" pin="0"/><net_sink comp="399" pin=0"/></net>

<net id="408"><net_src comp="52" pin="0"/><net_sink comp="404" pin=0"/></net>

<net id="413"><net_src comp="52" pin="0"/><net_sink comp="409" pin=0"/></net>

<net id="421"><net_src comp="414" pin="1"/><net_sink comp="417" pin=0"/></net>

<net id="422"><net_src comp="54" pin="0"/><net_sink comp="417" pin=1"/></net>

<net id="427"><net_src comp="414" pin="1"/><net_sink comp="423" pin=0"/></net>

<net id="428"><net_src comp="56" pin="0"/><net_sink comp="423" pin=1"/></net>

<net id="439"><net_src comp="432" pin="1"/><net_sink comp="435" pin=0"/></net>

<net id="440"><net_src comp="58" pin="0"/><net_sink comp="435" pin=1"/></net>

<net id="445"><net_src comp="429" pin="1"/><net_sink comp="441" pin=0"/></net>

<net id="446"><net_src comp="60" pin="0"/><net_sink comp="441" pin=1"/></net>

<net id="452"><net_src comp="441" pin="2"/><net_sink comp="447" pin=0"/></net>

<net id="453"><net_src comp="52" pin="0"/><net_sink comp="447" pin=1"/></net>

<net id="454"><net_src comp="429" pin="1"/><net_sink comp="447" pin=2"/></net>

<net id="460"><net_src comp="441" pin="2"/><net_sink comp="455" pin=0"/></net>

<net id="461"><net_src comp="435" pin="2"/><net_sink comp="455" pin=1"/></net>

<net id="462"><net_src comp="432" pin="1"/><net_sink comp="455" pin=2"/></net>

<net id="466"><net_src comp="455" pin="3"/><net_sink comp="463" pin=0"/></net>

<net id="471"><net_src comp="423" pin="2"/><net_sink comp="467" pin=0"/></net>

<net id="476"><net_src comp="455" pin="3"/><net_sink comp="472" pin=0"/></net>

<net id="482"><net_src comp="62" pin="0"/><net_sink comp="477" pin=0"/></net>

<net id="483"><net_src comp="64" pin="0"/><net_sink comp="477" pin=2"/></net>

<net id="491"><net_src comp="484" pin="1"/><net_sink comp="487" pin=0"/></net>

<net id="496"><net_src comp="487" pin="2"/><net_sink comp="492" pin=0"/></net>

<net id="504"><net_src comp="477" pin="3"/><net_sink comp="500" pin=0"/></net>

<net id="505"><net_src comp="497" pin="1"/><net_sink comp="500" pin=1"/></net>

<net id="511"><net_src comp="66" pin="0"/><net_sink comp="506" pin=0"/></net>

<net id="512"><net_src comp="500" pin="2"/><net_sink comp="506" pin=1"/></net>

<net id="513"><net_src comp="68" pin="0"/><net_sink comp="506" pin=2"/></net>

<net id="517"><net_src comp="506" pin="3"/><net_sink comp="514" pin=0"/></net>

<net id="518"><net_src comp="514" pin="1"/><net_sink comp="310" pin=2"/></net>

<net id="524"><net_src comp="66" pin="0"/><net_sink comp="519" pin=0"/></net>

<net id="525"><net_src comp="500" pin="2"/><net_sink comp="519" pin=1"/></net>

<net id="526"><net_src comp="72" pin="0"/><net_sink comp="519" pin=2"/></net>

<net id="530"><net_src comp="519" pin="3"/><net_sink comp="527" pin=0"/></net>

<net id="531"><net_src comp="527" pin="1"/><net_sink comp="317" pin=2"/></net>

<net id="539"><net_src comp="532" pin="1"/><net_sink comp="535" pin=0"/></net>

<net id="544"><net_src comp="535" pin="2"/><net_sink comp="540" pin=0"/></net>

<net id="549"><net_src comp="492" pin="2"/><net_sink comp="545" pin=0"/></net>

<net id="550"><net_src comp="540" pin="2"/><net_sink comp="545" pin=1"/></net>

<net id="555"><net_src comp="58" pin="0"/><net_sink comp="551" pin=1"/></net>

<net id="560"><net_src comp="551" pin="2"/><net_sink comp="556" pin=0"/></net>

<net id="564"><net_src comp="561" pin="1"/><net_sink comp="383" pin=0"/></net>

<net id="570"><net_src comp="66" pin="0"/><net_sink comp="565" pin=0"/></net>

<net id="571"><net_src comp="74" pin="0"/><net_sink comp="565" pin=2"/></net>

<net id="575"><net_src comp="565" pin="3"/><net_sink comp="572" pin=0"/></net>

<net id="576"><net_src comp="572" pin="1"/><net_sink comp="335" pin=2"/></net>

<net id="582"><net_src comp="66" pin="0"/><net_sink comp="577" pin=0"/></net>

<net id="583"><net_src comp="76" pin="0"/><net_sink comp="577" pin=2"/></net>

<net id="587"><net_src comp="577" pin="3"/><net_sink comp="584" pin=0"/></net>

<net id="588"><net_src comp="584" pin="1"/><net_sink comp="342" pin=2"/></net>

<net id="594"><net_src comp="66" pin="0"/><net_sink comp="589" pin=0"/></net>

<net id="595"><net_src comp="78" pin="0"/><net_sink comp="589" pin=2"/></net>

<net id="599"><net_src comp="589" pin="3"/><net_sink comp="596" pin=0"/></net>

<net id="600"><net_src comp="596" pin="1"/><net_sink comp="351" pin=2"/></net>

<net id="606"><net_src comp="66" pin="0"/><net_sink comp="601" pin=0"/></net>

<net id="607"><net_src comp="80" pin="0"/><net_sink comp="601" pin=2"/></net>

<net id="611"><net_src comp="601" pin="3"/><net_sink comp="608" pin=0"/></net>

<net id="612"><net_src comp="608" pin="1"/><net_sink comp="358" pin=2"/></net>

<net id="618"><net_src comp="66" pin="0"/><net_sink comp="613" pin=0"/></net>

<net id="619"><net_src comp="90" pin="0"/><net_sink comp="613" pin=2"/></net>

<net id="623"><net_src comp="613" pin="3"/><net_sink comp="620" pin=0"/></net>

<net id="624"><net_src comp="620" pin="1"/><net_sink comp="367" pin=2"/></net>

<net id="630"><net_src comp="66" pin="0"/><net_sink comp="625" pin=0"/></net>

<net id="631"><net_src comp="92" pin="0"/><net_sink comp="625" pin=2"/></net>

<net id="635"><net_src comp="625" pin="3"/><net_sink comp="632" pin=0"/></net>

<net id="636"><net_src comp="632" pin="1"/><net_sink comp="374" pin=2"/></net>

<net id="644"><net_src comp="637" pin="1"/><net_sink comp="640" pin=0"/></net>

<net id="650"><net_src comp="96" pin="0"/><net_sink comp="645" pin=0"/></net>

<net id="651"><net_src comp="640" pin="2"/><net_sink comp="645" pin=1"/></net>

<net id="656"><net_src comp="645" pin="3"/><net_sink comp="652" pin=0"/></net>

<net id="661"><net_src comp="14" pin="0"/><net_sink comp="657" pin=0"/></net>

<net id="662"><net_src comp="652" pin="2"/><net_sink comp="657" pin=1"/></net>

<net id="669"><net_src comp="98" pin="0"/><net_sink comp="663" pin=0"/></net>

<net id="670"><net_src comp="16" pin="0"/><net_sink comp="663" pin=2"/></net>

<net id="671"><net_src comp="100" pin="0"/><net_sink comp="663" pin=3"/></net>

<net id="678"><net_src comp="102" pin="0"/><net_sink comp="672" pin=0"/></net>

<net id="679"><net_src comp="640" pin="2"/><net_sink comp="672" pin=1"/></net>

<net id="680"><net_src comp="663" pin="4"/><net_sink comp="672" pin=2"/></net>

<net id="681"><net_src comp="104" pin="0"/><net_sink comp="672" pin=3"/></net>

<net id="686"><net_src comp="672" pin="4"/><net_sink comp="682" pin=0"/></net>

<net id="691"><net_src comp="14" pin="0"/><net_sink comp="687" pin=0"/></net>

<net id="692"><net_src comp="682" pin="2"/><net_sink comp="687" pin=1"/></net>

<net id="699"><net_src comp="106" pin="0"/><net_sink comp="693" pin=0"/></net>

<net id="700"><net_src comp="108" pin="0"/><net_sink comp="693" pin=2"/></net>

<net id="701"><net_src comp="100" pin="0"/><net_sink comp="693" pin=3"/></net>

<net id="708"><net_src comp="110" pin="0"/><net_sink comp="702" pin=0"/></net>

<net id="709"><net_src comp="640" pin="2"/><net_sink comp="702" pin=1"/></net>

<net id="710"><net_src comp="693" pin="4"/><net_sink comp="702" pin=2"/></net>

<net id="711"><net_src comp="112" pin="0"/><net_sink comp="702" pin=3"/></net>

<net id="716"><net_src comp="702" pin="4"/><net_sink comp="712" pin=0"/></net>

<net id="721"><net_src comp="14" pin="0"/><net_sink comp="717" pin=0"/></net>

<net id="722"><net_src comp="712" pin="2"/><net_sink comp="717" pin=1"/></net>

<net id="729"><net_src comp="110" pin="0"/><net_sink comp="723" pin=0"/></net>

<net id="730"><net_src comp="640" pin="2"/><net_sink comp="723" pin=1"/></net>

<net id="731"><net_src comp="693" pin="4"/><net_sink comp="723" pin=2"/></net>

<net id="732"><net_src comp="114" pin="0"/><net_sink comp="723" pin=3"/></net>

<net id="737"><net_src comp="723" pin="4"/><net_sink comp="733" pin=0"/></net>

<net id="742"><net_src comp="14" pin="0"/><net_sink comp="738" pin=0"/></net>

<net id="743"><net_src comp="733" pin="2"/><net_sink comp="738" pin=1"/></net>

<net id="750"><net_src comp="116" pin="0"/><net_sink comp="744" pin=0"/></net>

<net id="751"><net_src comp="118" pin="0"/><net_sink comp="744" pin=2"/></net>

<net id="752"><net_src comp="100" pin="0"/><net_sink comp="744" pin=3"/></net>

<net id="759"><net_src comp="120" pin="0"/><net_sink comp="753" pin=0"/></net>

<net id="760"><net_src comp="640" pin="2"/><net_sink comp="753" pin=1"/></net>

<net id="761"><net_src comp="744" pin="4"/><net_sink comp="753" pin=2"/></net>

<net id="762"><net_src comp="78" pin="0"/><net_sink comp="753" pin=3"/></net>

<net id="767"><net_src comp="753" pin="4"/><net_sink comp="763" pin=0"/></net>

<net id="772"><net_src comp="14" pin="0"/><net_sink comp="768" pin=0"/></net>

<net id="773"><net_src comp="763" pin="2"/><net_sink comp="768" pin=1"/></net>

<net id="779"><net_src comp="122" pin="0"/><net_sink comp="774" pin=0"/></net>

<net id="780"><net_src comp="16" pin="0"/><net_sink comp="774" pin=2"/></net>

<net id="789"><net_src comp="124" pin="0"/><net_sink comp="781" pin=0"/></net>

<net id="790"><net_src comp="640" pin="2"/><net_sink comp="781" pin=1"/></net>

<net id="791"><net_src comp="744" pin="4"/><net_sink comp="781" pin=2"/></net>

<net id="792"><net_src comp="104" pin="0"/><net_sink comp="781" pin=3"/></net>

<net id="793"><net_src comp="774" pin="3"/><net_sink comp="781" pin=4"/></net>

<net id="794"><net_src comp="104" pin="0"/><net_sink comp="781" pin=5"/></net>

<net id="799"><net_src comp="781" pin="6"/><net_sink comp="795" pin=0"/></net>

<net id="804"><net_src comp="14" pin="0"/><net_sink comp="800" pin=0"/></net>

<net id="805"><net_src comp="795" pin="2"/><net_sink comp="800" pin=1"/></net>

<net id="812"><net_src comp="120" pin="0"/><net_sink comp="806" pin=0"/></net>

<net id="813"><net_src comp="640" pin="2"/><net_sink comp="806" pin=1"/></net>

<net id="814"><net_src comp="744" pin="4"/><net_sink comp="806" pin=2"/></net>

<net id="815"><net_src comp="90" pin="0"/><net_sink comp="806" pin=3"/></net>

<net id="820"><net_src comp="806" pin="4"/><net_sink comp="816" pin=0"/></net>

<net id="825"><net_src comp="14" pin="0"/><net_sink comp="821" pin=0"/></net>

<net id="826"><net_src comp="816" pin="2"/><net_sink comp="821" pin=1"/></net>

<net id="833"><net_src comp="120" pin="0"/><net_sink comp="827" pin=0"/></net>

<net id="834"><net_src comp="640" pin="2"/><net_sink comp="827" pin=1"/></net>

<net id="835"><net_src comp="744" pin="4"/><net_sink comp="827" pin=2"/></net>

<net id="836"><net_src comp="92" pin="0"/><net_sink comp="827" pin=3"/></net>

<net id="841"><net_src comp="827" pin="4"/><net_sink comp="837" pin=0"/></net>

<net id="846"><net_src comp="14" pin="0"/><net_sink comp="842" pin=0"/></net>

<net id="847"><net_src comp="837" pin="2"/><net_sink comp="842" pin=1"/></net>

<net id="851"><net_src comp="848" pin="1"/><net_sink comp="189" pin=2"/></net>

<net id="855"><net_src comp="852" pin="1"/><net_sink comp="205" pin=2"/></net>

<net id="859"><net_src comp="856" pin="1"/><net_sink comp="221" pin=2"/></net>

<net id="863"><net_src comp="860" pin="1"/><net_sink comp="237" pin=2"/></net>

<net id="867"><net_src comp="864" pin="1"/><net_sink comp="253" pin=2"/></net>

<net id="871"><net_src comp="868" pin="1"/><net_sink comp="269" pin=2"/></net>

<net id="875"><net_src comp="872" pin="1"/><net_sink comp="285" pin=2"/></net>

<net id="879"><net_src comp="876" pin="1"/><net_sink comp="301" pin=2"/></net>

<net id="883"><net_src comp="134" pin="1"/><net_sink comp="880" pin=0"/></net>

<net id="884"><net_src comp="880" pin="1"/><net_sink comp="409" pin=1"/></net>

<net id="885"><net_src comp="880" pin="1"/><net_sink comp="429" pin=0"/></net>

<net id="886"><net_src comp="880" pin="1"/><net_sink comp="556" pin=1"/></net>

<net id="890"><net_src comp="138" pin="1"/><net_sink comp="887" pin=0"/></net>

<net id="891"><net_src comp="887" pin="1"/><net_sink comp="404" pin=1"/></net>

<net id="892"><net_src comp="887" pin="1"/><net_sink comp="432" pin=0"/></net>

<net id="893"><net_src comp="887" pin="1"/><net_sink comp="472" pin=1"/></net>

<net id="897"><net_src comp="142" pin="1"/><net_sink comp="894" pin=0"/></net>

<net id="898"><net_src comp="894" pin="1"/><net_sink comp="399" pin=1"/></net>

<net id="899"><net_src comp="894" pin="1"/><net_sink comp="414" pin=0"/></net>

<net id="900"><net_src comp="894" pin="1"/><net_sink comp="467" pin=1"/></net>

<net id="904"><net_src comp="146" pin="2"/><net_sink comp="901" pin=0"/></net>

<net id="905"><net_src comp="901" pin="1"/><net_sink comp="652" pin=1"/></net>

<net id="906"><net_src comp="901" pin="1"/><net_sink comp="682" pin=1"/></net>

<net id="907"><net_src comp="901" pin="1"/><net_sink comp="712" pin=1"/></net>

<net id="908"><net_src comp="901" pin="1"/><net_sink comp="733" pin=1"/></net>

<net id="909"><net_src comp="901" pin="1"/><net_sink comp="763" pin=1"/></net>

<net id="910"><net_src comp="901" pin="1"/><net_sink comp="795" pin=1"/></net>

<net id="911"><net_src comp="901" pin="1"/><net_sink comp="816" pin=1"/></net>

<net id="912"><net_src comp="901" pin="1"/><net_sink comp="837" pin=1"/></net>

<net id="916"><net_src comp="152" pin="2"/><net_sink comp="913" pin=0"/></net>

<net id="917"><net_src comp="913" pin="1"/><net_sink comp="645" pin=2"/></net>

<net id="918"><net_src comp="913" pin="1"/><net_sink comp="663" pin=1"/></net>

<net id="919"><net_src comp="913" pin="1"/><net_sink comp="693" pin=1"/></net>

<net id="920"><net_src comp="913" pin="1"/><net_sink comp="744" pin=1"/></net>

<net id="921"><net_src comp="913" pin="1"/><net_sink comp="774" pin=1"/></net>

<net id="925"><net_src comp="170" pin="2"/><net_sink comp="922" pin=0"/></net>

<net id="926"><net_src comp="922" pin="1"/><net_sink comp="492" pin=1"/></net>

<net id="927"><net_src comp="922" pin="1"/><net_sink comp="540" pin=1"/></net>

<net id="931"><net_src comp="387" pin="1"/><net_sink comp="928" pin=0"/></net>

<net id="932"><net_src comp="928" pin="1"/><net_sink comp="535" pin=1"/></net>

<net id="936"><net_src comp="391" pin="1"/><net_sink comp="933" pin=0"/></net>

<net id="937"><net_src comp="933" pin="1"/><net_sink comp="383" pin=1"/></net>

<net id="941"><net_src comp="395" pin="1"/><net_sink comp="938" pin=0"/></net>

<net id="942"><net_src comp="938" pin="1"/><net_sink comp="487" pin=1"/></net>

<net id="946"><net_src comp="417" pin="2"/><net_sink comp="943" pin=0"/></net>

<net id="950"><net_src comp="447" pin="3"/><net_sink comp="947" pin=0"/></net>

<net id="951"><net_src comp="947" pin="1"/><net_sink comp="497" pin=0"/></net>

<net id="952"><net_src comp="947" pin="1"/><net_sink comp="532" pin=0"/></net>

<net id="953"><net_src comp="947" pin="1"/><net_sink comp="551" pin=0"/></net>

<net id="957"><net_src comp="455" pin="3"/><net_sink comp="954" pin=0"/></net>

<net id="958"><net_src comp="954" pin="1"/><net_sink comp="484" pin=0"/></net>

<net id="962"><net_src comp="463" pin="1"/><net_sink comp="959" pin=0"/></net>

<net id="963"><net_src comp="959" pin="1"/><net_sink comp="477" pin=1"/></net>

<net id="967"><net_src comp="487" pin="2"/><net_sink comp="964" pin=0"/></net>

<net id="968"><net_src comp="964" pin="1"/><net_sink comp="561" pin=0"/></net>

<net id="972"><net_src comp="500" pin="2"/><net_sink comp="969" pin=0"/></net>

<net id="973"><net_src comp="969" pin="1"/><net_sink comp="565" pin=1"/></net>

<net id="974"><net_src comp="969" pin="1"/><net_sink comp="577" pin=1"/></net>

<net id="975"><net_src comp="969" pin="1"/><net_sink comp="589" pin=1"/></net>

<net id="976"><net_src comp="969" pin="1"/><net_sink comp="601" pin=1"/></net>

<net id="977"><net_src comp="969" pin="1"/><net_sink comp="613" pin=1"/></net>

<net id="978"><net_src comp="969" pin="1"/><net_sink comp="625" pin=1"/></net>

<net id="982"><net_src comp="310" pin="3"/><net_sink comp="979" pin=0"/></net>

<net id="983"><net_src comp="979" pin="1"/><net_sink comp="324" pin=2"/></net>

<net id="987"><net_src comp="317" pin="3"/><net_sink comp="984" pin=0"/></net>

<net id="988"><net_src comp="984" pin="1"/><net_sink comp="324" pin=0"/></net>

<net id="992"><net_src comp="535" pin="2"/><net_sink comp="989" pin=0"/></net>

<net id="993"><net_src comp="989" pin="1"/><net_sink comp="637" pin=0"/></net>

<net id="997"><net_src comp="545" pin="2"/><net_sink comp="994" pin=0"/></net>

<net id="1001"><net_src comp="561" pin="1"/><net_sink comp="998" pin=0"/></net>

<net id="1002"><net_src comp="998" pin="1"/><net_sink comp="383" pin=0"/></net>

<net id="1006"><net_src comp="335" pin="3"/><net_sink comp="1003" pin=0"/></net>

<net id="1007"><net_src comp="1003" pin="1"/><net_sink comp="324" pin=2"/></net>

<net id="1011"><net_src comp="342" pin="3"/><net_sink comp="1008" pin=0"/></net>

<net id="1012"><net_src comp="1008" pin="1"/><net_sink comp="324" pin=0"/></net>

<net id="1016"><net_src comp="324" pin="7"/><net_sink comp="1013" pin=0"/></net>

<net id="1017"><net_src comp="1013" pin="1"/><net_sink comp="848" pin=0"/></net>

<net id="1021"><net_src comp="324" pin="3"/><net_sink comp="1018" pin=0"/></net>

<net id="1022"><net_src comp="1018" pin="1"/><net_sink comp="852" pin=0"/></net>

<net id="1026"><net_src comp="383" pin="2"/><net_sink comp="1023" pin=0"/></net>

<net id="1027"><net_src comp="1023" pin="1"/><net_sink comp="640" pin=1"/></net>

<net id="1031"><net_src comp="351" pin="3"/><net_sink comp="1028" pin=0"/></net>

<net id="1032"><net_src comp="1028" pin="1"/><net_sink comp="324" pin=2"/></net>

<net id="1036"><net_src comp="358" pin="3"/><net_sink comp="1033" pin=0"/></net>

<net id="1037"><net_src comp="1033" pin="1"/><net_sink comp="324" pin=0"/></net>

<net id="1041"><net_src comp="324" pin="7"/><net_sink comp="1038" pin=0"/></net>

<net id="1042"><net_src comp="1038" pin="1"/><net_sink comp="856" pin=0"/></net>

<net id="1046"><net_src comp="324" pin="3"/><net_sink comp="1043" pin=0"/></net>

<net id="1047"><net_src comp="1043" pin="1"/><net_sink comp="860" pin=0"/></net>

<net id="1051"><net_src comp="367" pin="3"/><net_sink comp="1048" pin=0"/></net>

<net id="1052"><net_src comp="1048" pin="1"/><net_sink comp="324" pin=2"/></net>

<net id="1056"><net_src comp="374" pin="3"/><net_sink comp="1053" pin=0"/></net>

<net id="1057"><net_src comp="1053" pin="1"/><net_sink comp="324" pin=0"/></net>

<net id="1061"><net_src comp="657" pin="2"/><net_sink comp="1058" pin=0"/></net>

<net id="1062"><net_src comp="1058" pin="1"/><net_sink comp="182" pin=1"/></net>

<net id="1063"><net_src comp="1058" pin="1"/><net_sink comp="189" pin=1"/></net>

<net id="1067"><net_src comp="687" pin="2"/><net_sink comp="1064" pin=0"/></net>

<net id="1068"><net_src comp="1064" pin="1"/><net_sink comp="197" pin=1"/></net>

<net id="1069"><net_src comp="1064" pin="1"/><net_sink comp="205" pin=1"/></net>

<net id="1073"><net_src comp="717" pin="2"/><net_sink comp="1070" pin=0"/></net>

<net id="1074"><net_src comp="1070" pin="1"/><net_sink comp="213" pin=1"/></net>

<net id="1075"><net_src comp="1070" pin="1"/><net_sink comp="221" pin=1"/></net>

<net id="1079"><net_src comp="738" pin="2"/><net_sink comp="1076" pin=0"/></net>

<net id="1080"><net_src comp="1076" pin="1"/><net_sink comp="229" pin=1"/></net>

<net id="1081"><net_src comp="1076" pin="1"/><net_sink comp="237" pin=1"/></net>

<net id="1085"><net_src comp="324" pin="7"/><net_sink comp="1082" pin=0"/></net>

<net id="1086"><net_src comp="1082" pin="1"/><net_sink comp="864" pin=0"/></net>

<net id="1090"><net_src comp="768" pin="2"/><net_sink comp="1087" pin=0"/></net>

<net id="1091"><net_src comp="1087" pin="1"/><net_sink comp="245" pin=1"/></net>

<net id="1092"><net_src comp="1087" pin="1"/><net_sink comp="253" pin=1"/></net>

<net id="1096"><net_src comp="324" pin="3"/><net_sink comp="1093" pin=0"/></net>

<net id="1097"><net_src comp="1093" pin="1"/><net_sink comp="868" pin=0"/></net>

<net id="1101"><net_src comp="800" pin="2"/><net_sink comp="1098" pin=0"/></net>

<net id="1102"><net_src comp="1098" pin="1"/><net_sink comp="261" pin=1"/></net>

<net id="1103"><net_src comp="1098" pin="1"/><net_sink comp="269" pin=1"/></net>

<net id="1107"><net_src comp="821" pin="2"/><net_sink comp="1104" pin=0"/></net>

<net id="1108"><net_src comp="1104" pin="1"/><net_sink comp="277" pin=1"/></net>

<net id="1109"><net_src comp="1104" pin="1"/><net_sink comp="285" pin=1"/></net>

<net id="1113"><net_src comp="842" pin="2"/><net_sink comp="1110" pin=0"/></net>

<net id="1114"><net_src comp="1110" pin="1"/><net_sink comp="293" pin=1"/></net>

<net id="1115"><net_src comp="1110" pin="1"/><net_sink comp="301" pin=1"/></net>

<net id="1119"><net_src comp="324" pin="7"/><net_sink comp="1116" pin=0"/></net>

<net id="1120"><net_src comp="1116" pin="1"/><net_sink comp="872" pin=0"/></net>

<net id="1124"><net_src comp="324" pin="3"/><net_sink comp="1121" pin=0"/></net>

<net id="1125"><net_src comp="1121" pin="1"/><net_sink comp="876" pin=0"/></net>

</net_list>

</model> 
---------------- Datapath Model END ------------------

* FSMD analyzer results:
  - Output states:
	Port: gmem | {6 7 8 9 10 11 12 13 14 15 16 17 18 19 }
 - Input state : 
	Port: conv_layer.1_Pipeline_VITIS_LOOP_96_13_VITIS_LOOP_97_14 : ty | {1 }
	Port: conv_layer.1_Pipeline_VITIS_LOOP_96_13_VITIS_LOOP_97_14 : H | {1 }
	Port: conv_layer.1_Pipeline_VITIS_LOOP_96_13_VITIS_LOOP_97_14 : sext_ln37 | {1 }
	Port: conv_layer.1_Pipeline_VITIS_LOOP_96_13_VITIS_LOOP_97_14 : tile_out | {2 3 4 5 6 }
	Port: conv_layer.1_Pipeline_VITIS_LOOP_96_13_VITIS_LOOP_97_14 : tx | {1 }
	Port: conv_layer.1_Pipeline_VITIS_LOOP_96_13_VITIS_LOOP_97_14 : zext_ln37 | {1 }
	Port: conv_layer.1_Pipeline_VITIS_LOOP_96_13_VITIS_LOOP_97_14 : input_r | {1 }
	Port: conv_layer.1_Pipeline_VITIS_LOOP_96_13_VITIS_LOOP_97_14 : gmem | {}
  - Chain level:
	State 1
		store_ln0 : 1
		store_ln96 : 1
		store_ln97 : 1
		indvar_flatten10324_load : 1
		icmp_ln96 : 2
		add_ln96_2 : 2
		br_ln96 : 3
		x_load : 1
		y_load : 1
		add_ln96 : 2
		icmp_ln97 : 2
		select_ln96 : 3
		select_ln96_2 : 3
		trunc_ln108 : 4
		store_ln96 : 3
		store_ln96 : 4
	State 2
		empty : 1
		cmp147 : 2
		add_ln108 : 1
		tmp : 2
		zext_ln108_17 : 3
		tile_out_addr : 4
		tmp_1192 : 2
		zext_ln108_18 : 3
		tile_out_addr_8 : 4
		add_ln101 : 1
		icmp_ln103 : 2
		and_ln103 : 3
		br_ln103 : 3
		tile_out_load : 5
		tile_out_load_8 : 5
		store_ln97 : 1
	State 3
		empty_314 : 1
		zext_ln108_19 : 1
		tile_out_addr_9 : 2
		zext_ln108_20 : 1
		tile_out_addr_10 : 2
		tile_out_load_9 : 3
		tile_out_load_10 : 3
	State 4
		zext_ln108_21 : 1
		tile_out_addr_11 : 2
		zext_ln108_22 : 1
		tile_out_addr_12 : 2
		tile_out_load_11 : 3
		tile_out_load_12 : 3
	State 5
		zext_ln108_23 : 1
		tile_out_addr_13 : 2
		zext_ln108_24 : 1
		tile_out_addr_14 : 2
		add_ln104 : 1
		tmp_1182 : 2
		add_ln107 : 3
		gmem_addr : 4
		or_ln2 : 2
		add_ln107_8 : 3
		gmem_addr_272 : 4
		or_ln107_7 : 2
		add_ln107_9 : 3
		gmem_addr_273 : 4
		or_ln107_8 : 2
		add_ln107_10 : 3
		gmem_addr_274 : 4
		or_ln107_9 : 2
		add_ln107_11 : 3
		gmem_addr_275 : 4
		or_ln107_s : 2
		add_ln107_12 : 3
		gmem_addr_276 : 4
		tile_out_load_13 : 3
		or_ln107_1 : 2
		add_ln107_13 : 3
		gmem_addr_277 : 4
		tile_out_load_14 : 3
		or_ln107_2 : 2
		add_ln107_14 : 3
		gmem_addr_278 : 4
	State 6
	State 7
		write_ln107 : 1
	State 8
		write_ln107 : 1
	State 9
		write_ln107 : 1
	State 10
		write_ln107 : 1
	State 11
		write_ln107 : 1
	State 12
		write_ln107 : 1
	State 13
		write_ln107 : 1
	State 14
		write_ln107 : 1
	State 15
	State 16
	State 17
	State 18
	State 19


============================================================
+ Verbose Summary: Datapath Resource usage 
============================================================

* Functional unit list:
|----------|----------------------------|---------|---------|---------|
| Operation|       Functional Unit      |   DSP   |    FF   |   LUT   |
|----------|----------------------------|---------|---------|---------|
|          |      add_ln96_2_fu_423     |    0    |    0    |    16   |
|          |       add_ln96_fu_435      |    0    |    0    |    13   |
|          |        empty_fu_487        |    0    |    0    |    38   |
|          |      add_ln108_fu_500      |    0    |    0    |    15   |
|          |      add_ln101_fu_535      |    0    |    0    |    38   |
|          |       add_ln97_fu_551      |    0    |    0    |    13   |
|          |      add_ln104_fu_640      |    0    |    0    |    66   |
|    add   |      add_ln107_fu_652      |    0    |    0    |    71   |
|          |     add_ln107_8_fu_682     |    0    |    0    |    71   |
|          |     add_ln107_9_fu_712     |    0    |    0    |    71   |
|          |     add_ln107_10_fu_733    |    0    |    0    |    71   |
|          |     add_ln107_11_fu_763    |    0    |    0    |    71   |
|          |     add_ln107_12_fu_795    |    0    |    0    |    71   |
|          |     add_ln107_13_fu_816    |    0    |    0    |    71   |
|          |     add_ln107_14_fu_837    |    0    |    0    |    71   |
|----------|----------------------------|---------|---------|---------|
|    mul   |         grp_fu_383         |    4    |   165   |    50   |
|----------|----------------------------|---------|---------|---------|
|          |      icmp_ln96_fu_417      |    0    |    0    |    16   |
|   icmp   |      icmp_ln97_fu_441      |    0    |    0    |    13   |
|          |        cmp147_fu_492       |    0    |    0    |    39   |
|          |      icmp_ln103_fu_540     |    0    |    0    |    39   |
|----------|----------------------------|---------|---------|---------|
|  select  |     select_ln96_fu_447     |    0    |    0    |    5    |
|          |    select_ln96_2_fu_455    |    0    |    0    |    5    |
|----------|----------------------------|---------|---------|---------|
|    and   |      and_ln103_fu_545      |    0    |    0    |    2    |
|----------|----------------------------|---------|---------|---------|
|          |   input_read_read_fu_146   |    0    |    0    |    0    |
|          | zext_ln37_read_read_fu_152 |    0    |    0    |    0    |
|   read   |     tx_read_read_fu_158    |    0    |    0    |    0    |
|          | sext_ln37_read_read_fu_164 |    0    |    0    |    0    |
|          |     H_read_read_fu_170     |    0    |    0    |    0    |
|          |     ty_read_read_fu_176    |    0    |    0    |    0    |
|----------|----------------------------|---------|---------|---------|
|          |    grp_writeresp_fu_182    |    0    |    0    |    0    |
|          |    grp_writeresp_fu_197    |    0    |    0    |    0    |
|          |    grp_writeresp_fu_213    |    0    |    0    |    0    |
| writeresp|    grp_writeresp_fu_229    |    0    |    0    |    0    |
|          |    grp_writeresp_fu_245    |    0    |    0    |    0    |
|          |    grp_writeresp_fu_261    |    0    |    0    |    0    |
|          |    grp_writeresp_fu_277    |    0    |    0    |    0    |
|          |    grp_writeresp_fu_293    |    0    |    0    |    0    |
|----------|----------------------------|---------|---------|---------|
|          |  write_ln107_write_fu_189  |    0    |    0    |    0    |
|          |  write_ln107_write_fu_205  |    0    |    0    |    0    |
|          |  write_ln107_write_fu_221  |    0    |    0    |    0    |
|   write  |  write_ln107_write_fu_237  |    0    |    0    |    0    |
|          |  write_ln107_write_fu_253  |    0    |    0    |    0    |
|          |  write_ln107_write_fu_269  |    0    |    0    |    0    |
|          |  write_ln107_write_fu_285  |    0    |    0    |    0    |
|          |  write_ln107_write_fu_301  |    0    |    0    |    0    |
|----------|----------------------------|---------|---------|---------|
|          |       tx_cast_fu_387       |    0    |    0    |    0    |
|          |       ty_cast_fu_395       |    0    |    0    |    0    |
|          |      zext_ln96_fu_484      |    0    |    0    |    0    |
|          |      zext_ln108_fu_497     |    0    |    0    |    0    |
|          |    zext_ln108_17_fu_514    |    0    |    0    |    0    |
|          |    zext_ln108_18_fu_527    |    0    |    0    |    0    |
|          |      zext_ln97_fu_532      |    0    |    0    |    0    |
|          |      p_cast150_fu_561      |    0    |    0    |    0    |
|          |    zext_ln108_19_fu_572    |    0    |    0    |    0    |
|          |    zext_ln108_20_fu_584    |    0    |    0    |    0    |
|          |    zext_ln108_21_fu_596    |    0    |    0    |    0    |
|   zext   |    zext_ln108_22_fu_608    |    0    |    0    |    0    |
|          |    zext_ln108_23_fu_620    |    0    |    0    |    0    |
|          |    zext_ln108_24_fu_632    |    0    |    0    |    0    |
|          |      zext_ln103_fu_637     |    0    |    0    |    0    |
|          |      zext_ln107_fu_848     |    0    |    0    |    0    |
|          |     zext_ln107_8_fu_852    |    0    |    0    |    0    |
|          |     zext_ln107_9_fu_856    |    0    |    0    |    0    |
|          |    zext_ln107_10_fu_860    |    0    |    0    |    0    |
|          |    zext_ln107_11_fu_864    |    0    |    0    |    0    |
|          |    zext_ln107_12_fu_868    |    0    |    0    |    0    |
|          |    zext_ln107_13_fu_872    |    0    |    0    |    0    |
|          |    zext_ln107_14_fu_876    |    0    |    0    |    0    |
|----------|----------------------------|---------|---------|---------|
|   sext   |    sext_ln37_cast_fu_391   |    0    |    0    |    0    |
|----------|----------------------------|---------|---------|---------|
|   trunc  |     trunc_ln108_fu_463     |    0    |    0    |    0    |
|----------|----------------------------|---------|---------|---------|
|          |        tmp_s_fu_477        |    0    |    0    |    0    |
|          |         tmp_fu_506         |    0    |    0    |    0    |
|          |       tmp_1192_fu_519      |    0    |    0    |    0    |
|          |       tmp_1193_fu_565      |    0    |    0    |    0    |
|          |       tmp_1194_fu_577      |    0    |    0    |    0    |
|          |       tmp_1195_fu_589      |    0    |    0    |    0    |
|          |       tmp_1196_fu_601      |    0    |    0    |    0    |
|          |       tmp_1197_fu_613      |    0    |    0    |    0    |
|bitconcatenate|       tmp_1198_fu_625      |    0    |    0    |    0    |
|          |       tmp_1182_fu_645      |    0    |    0    |    0    |
|          |        or_ln2_fu_672       |    0    |    0    |    0    |
|          |      or_ln107_7_fu_702     |    0    |    0    |    0    |
|          |      or_ln107_8_fu_723     |    0    |    0    |    0    |
|          |      or_ln107_9_fu_753     |    0    |    0    |    0    |
|          |      or_ln107_s_fu_781     |    0    |    0    |    0    |
|          |      or_ln107_1_fu_806     |    0    |    0    |    0    |
|          |      or_ln107_2_fu_827     |    0    |    0    |    0    |
|----------|----------------------------|---------|---------|---------|
|          |       tmp_1183_fu_663      |    0    |    0    |    0    |
|partselect|       tmp_1184_fu_693      |    0    |    0    |    0    |
|          |       tmp_1185_fu_744      |    0    |    0    |    0    |
|----------|----------------------------|---------|---------|---------|
| bitselect|       tmp_1186_fu_774      |    0    |    0    |    0    |
|----------|----------------------------|---------|---------|---------|
|   Total  |                            |    4    |   165   |   936   |
|----------|----------------------------|---------|---------|---------|

Memories:
N/A

* Register list:
+---------------------------+--------+
|                           |   FF   |
+---------------------------+--------+
|       H_read_reg_922      |   32   |
|     add_ln101_reg_989     |   32   |
|     add_ln108_reg_969     |    8   |
|     and_ln103_reg_994     |    1   |
|     empty_314_reg_1023    |   59   |
|       empty_reg_964       |   32   |
|   gmem_addr_272_reg_1064  |    8   |
|   gmem_addr_273_reg_1070  |    8   |
|   gmem_addr_274_reg_1076  |    8   |
|   gmem_addr_275_reg_1087  |    8   |
|   gmem_addr_276_reg_1098  |    8   |
|   gmem_addr_277_reg_1104  |    8   |
|   gmem_addr_278_reg_1110  |    8   |
|     gmem_addr_reg_1058    |    8   |
|     icmp_ln96_reg_943     |    1   |
|indvar_flatten10324_reg_894|    9   |
|     input_read_reg_901    |   64   |
|     p_cast150_reg_998     |   59   |
|   select_ln96_2_reg_954   |    5   |
|    select_ln96_reg_947    |    5   |
|   sext_ln37_cast_reg_933  |   59   |
| tile_out_addr_10_reg_1008 |   11   |
| tile_out_addr_11_reg_1028 |   11   |
| tile_out_addr_12_reg_1033 |   11   |
| tile_out_addr_13_reg_1048 |   11   |
| tile_out_addr_14_reg_1053 |   11   |
|  tile_out_addr_8_reg_984  |   11   |
|  tile_out_addr_9_reg_1003 |   11   |
|   tile_out_addr_reg_979   |   11   |
| tile_out_load_10_reg_1043 |    7   |
| tile_out_load_11_reg_1082 |    7   |
| tile_out_load_12_reg_1093 |    7   |
| tile_out_load_13_reg_1116 |    7   |
| tile_out_load_14_reg_1121 |    7   |
|  tile_out_load_8_reg_1018 |    7   |
|  tile_out_load_9_reg_1038 |    7   |
|   tile_out_load_reg_1013  |    7   |
|    trunc_ln108_reg_959    |    4   |
|      tx_cast_reg_928      |   32   |
|      ty_cast_reg_938      |   32   |
|         x_reg_880         |    5   |
|         y_reg_887         |    5   |
|   zext_ln37_read_reg_913  |    5   |
+---------------------------+--------+
|           Total           |   657  |
+---------------------------+--------+

* Multiplexer (MUX) list: 
|----------------------|------|------|------|--------||---------||---------||---------|
|         Comp         |  Pin | Size |  BW  | S x BW ||  Delay  ||    FF   ||   LUT   |
|----------------------|------|------|------|--------||---------||---------||---------|
| grp_writeresp_fu_182 |  p0  |   2  |   1  |    2   |
| grp_writeresp_fu_197 |  p0  |   2  |   1  |    2   |
| grp_writeresp_fu_213 |  p0  |   2  |   1  |    2   |
| grp_writeresp_fu_229 |  p0  |   2  |   1  |    2   |
| grp_writeresp_fu_245 |  p0  |   2  |   1  |    2   |
| grp_writeresp_fu_261 |  p0  |   2  |   1  |    2   |
| grp_writeresp_fu_277 |  p0  |   2  |   1  |    2   |
| grp_writeresp_fu_293 |  p0  |   2  |   1  |    2   |
|   grp_access_fu_324  |  p0  |   8  |  11  |   88   ||    0    ||    33   |
|   grp_access_fu_324  |  p2  |   8  |   0  |    0   ||    0    ||    33   |
|      grp_fu_383      |  p0  |   2  |  32  |   64   ||    0    ||    9    |
|----------------------|------|------|------|--------||---------||---------||---------|
|         Total        |      |      |      |   168  || 18.0991 ||    0    ||    75   |
|----------------------|------|------|------|--------||---------||---------||---------|



* Summary:
+-----------+--------+--------+--------+--------+
|           |   DSP  |  Delay |   FF   |   LUT  |
+-----------+--------+--------+--------+--------+
|  Function |    4   |    -   |   165  |   936  |
|   Memory  |    -   |    -   |    -   |    -   |
|Multiplexer|    -   |   18   |    0   |   75   |
|  Register |    -   |    -   |   657  |    -   |
+-----------+--------+--------+--------+--------+
|   Total   |    4   |   18   |   822  |  1011  |
+-----------+--------+--------+--------+--------+
