

================================================================
== Vitis HLS Report for 'conv_layer_Pipeline_VITIS_LOOP_40_3_VITIS_LOOP_41_4'
================================================================
* Date:           Tue Apr 28 00:47:46 2026

* Version:        2024.2 (Build 5238294 on Nov  8 2024)
* Project:        cnn_accel
* Solution:       solution1 (Vivado IP Flow Target)
* Product family: artix7
* Target device:  xc7a200t-sbg484-1


================================================================
== Performance Estimates
================================================================
+ Timing: 
    * Summary: 
    +--------+----------+----------+------------+
    |  Clock |  Target  | Estimated| Uncertainty|
    +--------+----------+----------+------------+
    |ap_clk  |  10.00 ns|  7.300 ns|     2.70 ns|
    +--------+----------+----------+------------+

+ Latency: 
    * Summary: 
    +---------+---------+-----------+-----------+------+------+------------------------------------------------+
    |  Latency (cycles) |   Latency (absolute)  |   Interval  |                    Pipeline                    |
    |   min   |   max   |    min    |    max    |  min |  max |                      Type                      |
    +---------+---------+-----------+-----------+------+------+------------------------------------------------+
    |     6176|     6176|  61.760 us|  61.760 us|  6175|  6175|  loop auto-rewind stp (delay=0 clock cycles(s))|
    +---------+---------+-----------+-----------+------+------+------------------------------------------------+

    + Detail: 
        * Instance: 
        N/A

        * Loop: 
        +-----------------------------------+---------+---------+----------+-----------+-----------+------+----------+
        |                                   |  Latency (cycles) | Iteration|  Initiation Interval  | Trip |          |
        |             Loop Name             |   min   |   max   |  Latency |  achieved |   target  | Count| Pipelined|
        +-----------------------------------+---------+---------+----------+-----------+-----------+------+----------+
        |- VITIS_LOOP_40_3_VITIS_LOOP_41_4  |     6174|     6174|        38|         19|          1|   324|       yes|
        +-----------------------------------+---------+---------+----------+-----------+-----------+------+----------+

============================================================
+ Verbose Summary: Synthesis Manager
============================================================
InlineROM: 1
ExposeGlobal: 0
============================================================
+ Verbose Summary: CDFG Model
============================================================
IsTopModel: 0
ResetActiveHigh: 1
IsCombinational: 0
IsDatapathOnly: 0
HasWiredReturn: 1
HasMFsm: 2
HasVarLatency: 1
IsPipeline: 0
IsRtlPipelined: 0
IsInstanceOverlapped: 0
IsDontTouch: 0
HasImplIP: 0
IsGatedGlobalClock: 0

+ Individual pipeline summary: 
  * Pipeline-0: initiation interval (II) = 19, depth = 38


============================================================
+ Verbose Summary: Schedule
============================================================
* Number of FSM states : 38
* Pipeline : 1
  Pipeline-0 : II = 19, D = 38, States = { 1 2 3 4 5 6 7 8 9 10 11 12 13 14 15 16 17 18 19 20 21 22 23 24 25 26 27 28 29 30 31 32 33 34 35 36 37 38 }
* Dataflow Pipeline: 0

* FSM state transitions: 
1 --> 2 
2 --> 3 
3 --> 4 
4 --> 5 
5 --> 6 
6 --> 7 
7 --> 8 
8 --> 9 
9 --> 10 
10 --> 11 
11 --> 12 
12 --> 13 
13 --> 14 
14 --> 15 
15 --> 16 
16 --> 17 
17 --> 18 
18 --> 19 
19 --> 20 
20 --> 21 
21 --> 22 
22 --> 23 
23 --> 24 
24 --> 25 
25 --> 26 
26 --> 27 
27 --> 28 
28 --> 29 
29 --> 30 
30 --> 31 
31 --> 32 
32 --> 33 
33 --> 34 
34 --> 35 
35 --> 36 
36 --> 37 
37 --> 38 
38 --> 

* FSM state operations: 

State 1 <SV = 0> <Delay = 6.29>
ST_1 : Operation 41 [1/1] (0.00ns)   --->   "%x = alloca i32 1" [cnn_accel.cpp:41]   --->   Operation 41 'alloca' 'x' <Predicate = true> <Delay = 0.00>
ST_1 : Operation 42 [1/1] (0.00ns)   --->   "%y = alloca i32 1" [cnn_accel.cpp:40]   --->   Operation 42 'alloca' 'y' <Predicate = true> <Delay = 0.00>
ST_1 : Operation 43 [1/1] (0.00ns)   --->   "%indvar_flatten = alloca i32 1"   --->   Operation 43 'alloca' 'indvar_flatten' <Predicate = true> <Delay = 0.00>
ST_1 : Operation 44 [1/1] (0.00ns)   --->   "%tx_read = read i31 @_ssdm_op_Read.ap_auto.i31, i31 %tx"   --->   Operation 44 'read' 'tx_read' <Predicate = true> <Delay = 0.00>
ST_1 : Operation 45 [1/1] (0.00ns)   --->   "%sext_ln36_5_read = read i32 @_ssdm_op_Read.ap_auto.i32, i32 %sext_ln36_5"   --->   Operation 45 'read' 'sext_ln36_5_read' <Predicate = true> <Delay = 0.00>
ST_1 : Operation 46 [1/1] (0.00ns)   --->   "%sext_ln36_6_read = read i31 @_ssdm_op_Read.ap_auto.i31, i31 %sext_ln36_6"   --->   Operation 46 'read' 'sext_ln36_6_read' <Predicate = true> <Delay = 0.00>
ST_1 : Operation 47 [1/1] (0.00ns)   --->   "%ty_read = read i31 @_ssdm_op_Read.ap_auto.i31, i31 %ty"   --->   Operation 47 'read' 'ty_read' <Predicate = true> <Delay = 0.00>
ST_1 : Operation 48 [1/1] (0.00ns)   --->   "%input_read = read i64 @_ssdm_op_Read.ap_auto.i64, i64 %input_r"   --->   Operation 48 'read' 'input_read' <Predicate = true> <Delay = 0.00>
ST_1 : Operation 49 [1/1] (0.00ns)   --->   "%tx_cast = zext i31 %tx_read"   --->   Operation 49 'zext' 'tx_cast' <Predicate = true> <Delay = 0.00>
ST_1 : Operation 50 [1/1] (0.00ns)   --->   "%sext_ln36_5_cast = sext i32 %sext_ln36_5_read"   --->   Operation 50 'sext' 'sext_ln36_5_cast' <Predicate = true> <Delay = 0.00>
ST_1 : Operation 51 [1/1] (0.00ns)   --->   "%sext_ln36_6_cast = zext i31 %sext_ln36_6_read"   --->   Operation 51 'zext' 'sext_ln36_6_cast' <Predicate = true> <Delay = 0.00>
ST_1 : Operation 52 [1/1] (0.00ns)   --->   "%ty_cast = zext i31 %ty_read"   --->   Operation 52 'zext' 'ty_cast' <Predicate = true> <Delay = 0.00>
ST_1 : Operation 53 [1/1] (0.00ns)   --->   "%specmemcore_ln0 = specmemcore void @_ssdm_op_SpecMemCore, i8 %tile_in, i64 666, i64 30, i64 18446744073709551615"   --->   Operation 53 'specmemcore' 'specmemcore_ln0' <Predicate = true> <Delay = 0.00>
ST_1 : Operation 54 [1/1] (0.00ns)   --->   "%specmemcore_ln0 = specmemcore void @_ssdm_op_SpecMemCore, i8 %tile_in_431, i64 666, i64 30, i64 18446744073709551615"   --->   Operation 54 'specmemcore' 'specmemcore_ln0' <Predicate = true> <Delay = 0.00>
ST_1 : Operation 55 [1/1] (0.00ns)   --->   "%specmemcore_ln0 = specmemcore void @_ssdm_op_SpecMemCore, i8 %tile_in_432, i64 666, i64 30, i64 18446744073709551615"   --->   Operation 55 'specmemcore' 'specmemcore_ln0' <Predicate = true> <Delay = 0.00>
ST_1 : Operation 56 [1/1] (0.00ns)   --->   "%specmemcore_ln0 = specmemcore void @_ssdm_op_SpecMemCore, i8 %tile_in_433, i64 666, i64 30, i64 18446744073709551615"   --->   Operation 56 'specmemcore' 'specmemcore_ln0' <Predicate = true> <Delay = 0.00>
ST_1 : Operation 57 [1/1] (0.00ns)   --->   "%specmemcore_ln0 = specmemcore void @_ssdm_op_SpecMemCore, i8 %tile_in_434, i64 666, i64 30, i64 18446744073709551615"   --->   Operation 57 'specmemcore' 'specmemcore_ln0' <Predicate = true> <Delay = 0.00>
ST_1 : Operation 58 [1/1] (0.00ns)   --->   "%specmemcore_ln0 = specmemcore void @_ssdm_op_SpecMemCore, i8 %tile_in_435, i64 666, i64 30, i64 18446744073709551615"   --->   Operation 58 'specmemcore' 'specmemcore_ln0' <Predicate = true> <Delay = 0.00>
ST_1 : Operation 59 [1/1] (0.00ns)   --->   "%specmemcore_ln0 = specmemcore void @_ssdm_op_SpecMemCore, i8 %tile_in_436, i64 666, i64 30, i64 18446744073709551615"   --->   Operation 59 'specmemcore' 'specmemcore_ln0' <Predicate = true> <Delay = 0.00>
ST_1 : Operation 60 [1/1] (0.00ns)   --->   "%specmemcore_ln0 = specmemcore void @_ssdm_op_SpecMemCore, i8 %tile_in_437, i64 666, i64 30, i64 18446744073709551615"   --->   Operation 60 'specmemcore' 'specmemcore_ln0' <Predicate = true> <Delay = 0.00>
ST_1 : Operation 61 [1/1] (0.00ns)   --->   "%specmemcore_ln0 = specmemcore void @_ssdm_op_SpecMemCore, i8 %tile_in_438, i64 666, i64 30, i64 18446744073709551615"   --->   Operation 61 'specmemcore' 'specmemcore_ln0' <Predicate = true> <Delay = 0.00>
ST_1 : Operation 62 [1/1] (0.00ns)   --->   "%specmemcore_ln0 = specmemcore void @_ssdm_op_SpecMemCore, i8 %tile_in_439, i64 666, i64 30, i64 18446744073709551615"   --->   Operation 62 'specmemcore' 'specmemcore_ln0' <Predicate = true> <Delay = 0.00>
ST_1 : Operation 63 [1/1] (0.00ns)   --->   "%specmemcore_ln0 = specmemcore void @_ssdm_op_SpecMemCore, i8 %tile_in_440, i64 666, i64 30, i64 18446744073709551615"   --->   Operation 63 'specmemcore' 'specmemcore_ln0' <Predicate = true> <Delay = 0.00>
ST_1 : Operation 64 [1/1] (0.00ns)   --->   "%specmemcore_ln0 = specmemcore void @_ssdm_op_SpecMemCore, i8 %tile_in_441, i64 666, i64 30, i64 18446744073709551615"   --->   Operation 64 'specmemcore' 'specmemcore_ln0' <Predicate = true> <Delay = 0.00>
ST_1 : Operation 65 [1/1] (0.00ns)   --->   "%specmemcore_ln0 = specmemcore void @_ssdm_op_SpecMemCore, i8 %tile_in_442, i64 666, i64 30, i64 18446744073709551615"   --->   Operation 65 'specmemcore' 'specmemcore_ln0' <Predicate = true> <Delay = 0.00>
ST_1 : Operation 66 [1/1] (0.00ns)   --->   "%specmemcore_ln0 = specmemcore void @_ssdm_op_SpecMemCore, i8 %tile_in_443, i64 666, i64 30, i64 18446744073709551615"   --->   Operation 66 'specmemcore' 'specmemcore_ln0' <Predicate = true> <Delay = 0.00>
ST_1 : Operation 67 [1/1] (0.00ns)   --->   "%specmemcore_ln0 = specmemcore void @_ssdm_op_SpecMemCore, i8 %tile_in_444, i64 666, i64 30, i64 18446744073709551615"   --->   Operation 67 'specmemcore' 'specmemcore_ln0' <Predicate = true> <Delay = 0.00>
ST_1 : Operation 68 [1/1] (0.00ns)   --->   "%specmemcore_ln0 = specmemcore void @_ssdm_op_SpecMemCore, i8 %tile_in_445, i64 666, i64 30, i64 18446744073709551615"   --->   Operation 68 'specmemcore' 'specmemcore_ln0' <Predicate = true> <Delay = 0.00>
ST_1 : Operation 69 [1/1] (0.00ns)   --->   "%specmemcore_ln0 = specmemcore void @_ssdm_op_SpecMemCore, i8 %tile_in_446, i64 666, i64 30, i64 18446744073709551615"   --->   Operation 69 'specmemcore' 'specmemcore_ln0' <Predicate = true> <Delay = 0.00>
ST_1 : Operation 70 [1/1] (0.00ns)   --->   "%specmemcore_ln0 = specmemcore void @_ssdm_op_SpecMemCore, i8 %tile_in_447, i64 666, i64 30, i64 18446744073709551615"   --->   Operation 70 'specmemcore' 'specmemcore_ln0' <Predicate = true> <Delay = 0.00>
ST_1 : Operation 71 [1/1] (0.00ns)   --->   "%specmemcore_ln0 = specmemcore void @_ssdm_op_SpecMemCore, i8 %tile_in_448, i64 666, i64 30, i64 18446744073709551615"   --->   Operation 71 'specmemcore' 'specmemcore_ln0' <Predicate = true> <Delay = 0.00>
ST_1 : Operation 72 [1/1] (0.00ns)   --->   "%specmemcore_ln0 = specmemcore void @_ssdm_op_SpecMemCore, i8 %tile_in_449, i64 666, i64 30, i64 18446744073709551615"   --->   Operation 72 'specmemcore' 'specmemcore_ln0' <Predicate = true> <Delay = 0.00>
ST_1 : Operation 73 [1/1] (0.00ns)   --->   "%specmemcore_ln0 = specmemcore void @_ssdm_op_SpecMemCore, i8 %tile_in_450, i64 666, i64 30, i64 18446744073709551615"   --->   Operation 73 'specmemcore' 'specmemcore_ln0' <Predicate = true> <Delay = 0.00>
ST_1 : Operation 74 [1/1] (0.00ns)   --->   "%specmemcore_ln0 = specmemcore void @_ssdm_op_SpecMemCore, i8 %tile_in_451, i64 666, i64 30, i64 18446744073709551615"   --->   Operation 74 'specmemcore' 'specmemcore_ln0' <Predicate = true> <Delay = 0.00>
ST_1 : Operation 75 [1/1] (0.00ns)   --->   "%specmemcore_ln0 = specmemcore void @_ssdm_op_SpecMemCore, i8 %tile_in_452, i64 666, i64 30, i64 18446744073709551615"   --->   Operation 75 'specmemcore' 'specmemcore_ln0' <Predicate = true> <Delay = 0.00>
ST_1 : Operation 76 [1/1] (0.00ns)   --->   "%specmemcore_ln0 = specmemcore void @_ssdm_op_SpecMemCore, i8 %tile_in_453, i64 666, i64 30, i64 18446744073709551615"   --->   Operation 76 'specmemcore' 'specmemcore_ln0' <Predicate = true> <Delay = 0.00>
ST_1 : Operation 77 [1/1] (0.00ns)   --->   "%specmemcore_ln0 = specmemcore void @_ssdm_op_SpecMemCore, i8 %tile_in_454, i64 666, i64 30, i64 18446744073709551615"   --->   Operation 77 'specmemcore' 'specmemcore_ln0' <Predicate = true> <Delay = 0.00>
ST_1 : Operation 78 [1/1] (0.00ns)   --->   "%specmemcore_ln0 = specmemcore void @_ssdm_op_SpecMemCore, i8 %tile_in_455, i64 666, i64 30, i64 18446744073709551615"   --->   Operation 78 'specmemcore' 'specmemcore_ln0' <Predicate = true> <Delay = 0.00>
ST_1 : Operation 79 [1/1] (0.00ns)   --->   "%specmemcore_ln0 = specmemcore void @_ssdm_op_SpecMemCore, i8 %tile_in_456, i64 666, i64 30, i64 18446744073709551615"   --->   Operation 79 'specmemcore' 'specmemcore_ln0' <Predicate = true> <Delay = 0.00>
ST_1 : Operation 80 [1/1] (0.00ns)   --->   "%specinterface_ln0 = specinterface void @_ssdm_op_SpecInterface, i8 %gmem, void @empty_0, i32 0, i32 0, void @empty_5, i32 0, i32 0, void @empty_4, void @empty_3, void @empty_5, i32 16, i32 16, i32 16, i32 16, void @empty_5, void @empty_5, i32 4294967295, i32 0, i32 0"   --->   Operation 80 'specinterface' 'specinterface_ln0' <Predicate = true> <Delay = 0.00>
ST_1 : Operation 81 [1/1] (1.61ns)   --->   "%store_ln0 = store i9 0, i9 %indvar_flatten"   --->   Operation 81 'store' 'store_ln0' <Predicate = true> <Delay = 1.61>
ST_1 : Operation 82 [1/1] (1.61ns)   --->   "%store_ln40 = store i5 0, i5 %y" [cnn_accel.cpp:40]   --->   Operation 82 'store' 'store_ln40' <Predicate = true> <Delay = 1.61>
ST_1 : Operation 83 [1/1] (1.61ns)   --->   "%store_ln41 = store i5 0, i5 %x" [cnn_accel.cpp:41]   --->   Operation 83 'store' 'store_ln41' <Predicate = true> <Delay = 1.61>
ST_1 : Operation 84 [1/1] (0.00ns)   --->   "%br_ln0 = br void %VITIS_LOOP_47_5"   --->   Operation 84 'br' 'br_ln0' <Predicate = true> <Delay = 0.00>
ST_1 : Operation 85 [1/1] (0.00ns)   --->   "%indvar_flatten_load = load i9 %indvar_flatten" [cnn_accel.cpp:40]   --->   Operation 85 'load' 'indvar_flatten_load' <Predicate = true> <Delay = 0.00>
ST_1 : Operation 86 [1/1] (2.11ns)   --->   "%icmp_ln40 = icmp_eq  i9 %indvar_flatten_load, i9 324" [cnn_accel.cpp:40]   --->   Operation 86 'icmp' 'icmp_ln40' <Predicate = true> <Delay = 2.11> <CoreInst = "Cmp">   --->   Core 9 'Cmp' <Latency = 0> <II = 1> <Delay = 2.11> <FuncUnit> <Opcode : 'seteq' 'setne' 'setle' 'setge' 'setlt' 'setgt'> <InPorts = 2> <OutPorts = 1>
ST_1 : Operation 87 [1/1] (2.11ns)   --->   "%add_ln40_1 = add i9 %indvar_flatten_load, i9 1" [cnn_accel.cpp:40]   --->   Operation 87 'add' 'add_ln40_1' <Predicate = true> <Delay = 2.11> <CoreInst = "Adder">   --->   Core 1 'Adder' <Latency = 0> <II = 1> <Delay = 2.11> <FuncUnit> <Opcode : 'add' 'sub'> <InPorts = 2> <OutPorts = 1>
ST_1 : Operation 88 [1/1] (0.00ns)   --->   "%br_ln40 = br i1 %icmp_ln40, void %for.inc43, void %VITIS_LOOP_68_9.preheader.exitStub" [cnn_accel.cpp:40]   --->   Operation 88 'br' 'br_ln40' <Predicate = true> <Delay = 0.00>
ST_1 : Operation 89 [1/1] (0.00ns)   --->   "%x_load = load i5 %x" [cnn_accel.cpp:41]   --->   Operation 89 'load' 'x_load' <Predicate = (!icmp_ln40)> <Delay = 0.00>
ST_1 : Operation 90 [1/1] (0.00ns)   --->   "%y_load = load i5 %y" [cnn_accel.cpp:40]   --->   Operation 90 'load' 'y_load' <Predicate = (!icmp_ln40)> <Delay = 0.00>
ST_1 : Operation 91 [1/1] (1.86ns)   --->   "%add_ln40 = add i5 %y_load, i5 1" [cnn_accel.cpp:40]   --->   Operation 91 'add' 'add_ln40' <Predicate = (!icmp_ln40)> <Delay = 1.86> <CoreInst = "Adder">   --->   Core 1 'Adder' <Latency = 0> <II = 1> <Delay = 1.86> <FuncUnit> <Opcode : 'add' 'sub'> <InPorts = 2> <OutPorts = 1>
ST_1 : Operation 92 [1/1] (1.86ns)   --->   "%icmp_ln41 = icmp_eq  i5 %x_load, i5 18" [cnn_accel.cpp:41]   --->   Operation 92 'icmp' 'icmp_ln41' <Predicate = (!icmp_ln40)> <Delay = 1.86> <CoreInst = "Cmp">   --->   Core 9 'Cmp' <Latency = 0> <II = 1> <Delay = 1.86> <FuncUnit> <Opcode : 'seteq' 'setne' 'setle' 'setge' 'setlt' 'setgt'> <InPorts = 2> <OutPorts = 1>
ST_1 : Operation 93 [1/1] (1.21ns)   --->   "%select_ln40 = select i1 %icmp_ln41, i5 0, i5 %x_load" [cnn_accel.cpp:40]   --->   Operation 93 'select' 'select_ln40' <Predicate = (!icmp_ln40)> <Delay = 1.21> <CoreInst = "Sel">   --->   Core 73 'Sel' <Latency = 0> <II = 1> <Delay = 1.21> <FuncUnit> <Opcode : 'select'> <InPorts = 3> <OutPorts = 1>
ST_1 : Operation 94 [1/1] (1.21ns)   --->   "%select_ln40_1 = select i1 %icmp_ln41, i5 %add_ln40, i5 %y_load" [cnn_accel.cpp:40]   --->   Operation 94 'select' 'select_ln40_1' <Predicate = (!icmp_ln40)> <Delay = 1.21> <CoreInst = "Sel">   --->   Core 73 'Sel' <Latency = 0> <II = 1> <Delay = 1.21> <FuncUnit> <Opcode : 'select'> <InPorts = 3> <OutPorts = 1>
ST_1 : Operation 95 [1/1] (1.61ns)   --->   "%store_ln40 = store i9 %add_ln40_1, i9 %indvar_flatten" [cnn_accel.cpp:40]   --->   Operation 95 'store' 'store_ln40' <Predicate = (!icmp_ln40)> <Delay = 1.61>
ST_1 : Operation 96 [1/1] (1.61ns)   --->   "%store_ln40 = store i5 %select_ln40_1, i5 %y" [cnn_accel.cpp:40]   --->   Operation 96 'store' 'store_ln40' <Predicate = (!icmp_ln40)> <Delay = 1.61>

State 2 <SV = 1> <Delay = 6.34>
ST_2 : Operation 97 [1/1] (0.00ns)   --->   "%zext_ln40 = zext i5 %select_ln40_1" [cnn_accel.cpp:40]   --->   Operation 97 'zext' 'zext_ln40' <Predicate = (!icmp_ln40)> <Delay = 0.00>
ST_2 : Operation 98 [1/1] (0.00ns)   --->   "%zext_ln40_1 = zext i5 %select_ln40_1" [cnn_accel.cpp:40]   --->   Operation 98 'zext' 'zext_ln40_1' <Predicate = (!icmp_ln40)> <Delay = 0.00>
ST_2 : Operation 99 [1/1] (3.69ns)   --->   "%mul_ln40 = mul i11 %zext_ln40_1, i11 43" [cnn_accel.cpp:40]   --->   Operation 99 'mul' 'mul_ln40' <Predicate = (!icmp_ln40)> <Delay = 3.69> <CoreInst = "Multiplier">   --->   Core 3 'Multiplier' <Latency = 0> <II = 1> <Delay = 3.69> <FuncUnit> <Opcode : 'mul'> <InPorts = 2> <OutPorts = 1>
ST_2 : Operation 100 [1/1] (0.00ns)   --->   "%tmp = partselect i4 @_ssdm_op_PartSelect.i4.i11.i32.i32, i11 %mul_ln40, i32 7, i32 10" [cnn_accel.cpp:40]   --->   Operation 100 'partselect' 'tmp' <Predicate = (!icmp_ln40)> <Delay = 0.00>
ST_2 : Operation 101 [9/9] (3.11ns)   --->   "%urem_ln40 = urem i5 %select_ln40_1, i5 3" [cnn_accel.cpp:40]   --->   Operation 101 'urem' 'urem_ln40' <Predicate = (!icmp_ln40)> <Delay = 3.11> <CoreInst = "Divider">   --->   Core 6 'Divider' <Latency = 8> <II = 1> <Delay = 3.11> <FuncUnit> <Opcode : 'udiv' 'sdiv' 'urem' 'srem'> <InPorts = 2> <OutPorts = 1>
ST_2 : Operation 102 [1/1] (2.66ns)   --->   "%empty = add i32 %zext_ln40, i32 %ty_cast" [cnn_accel.cpp:40]   --->   Operation 102 'add' 'empty' <Predicate = (!icmp_ln40)> <Delay = 2.66> <CoreInst = "Adder">   --->   Core 1 'Adder' <Latency = 0> <II = 1> <Delay = 2.66> <FuncUnit> <Opcode : 'add' 'sub'> <InPorts = 2> <OutPorts = 1>
ST_2 : Operation 103 [1/1] (0.00ns)   --->   "%p_cast = zext i32 %empty" [cnn_accel.cpp:40]   --->   Operation 103 'zext' 'p_cast' <Predicate = (!icmp_ln40)> <Delay = 0.00>
ST_2 : Operation 104 [1/1] (2.70ns)   --->   "%empty_35 = add i33 %p_cast, i33 8589934591" [cnn_accel.cpp:40]   --->   Operation 104 'add' 'empty_35' <Predicate = (!icmp_ln40)> <Delay = 2.70> <CoreInst = "Adder">   --->   Core 1 'Adder' <Latency = 0> <II = 1> <Delay = 2.70> <FuncUnit> <Opcode : 'add' 'sub'> <InPorts = 2> <OutPorts = 1>
ST_2 : Operation 105 [1/1] (0.00ns) (grouped into LUT with out node thr_or32)   --->   "%tmp_13 = bitselect i1 @_ssdm_op_BitSelect.i1.i33.i32, i33 %empty_35, i32 32" [cnn_accel.cpp:40]   --->   Operation 105 'bitselect' 'tmp_13' <Predicate = (!icmp_ln40)> <Delay = 0.00>
ST_2 : Operation 106 [1/1] (2.70ns)   --->   "%cmp22 = icmp_ugt  i33 %p_cast, i33 %sext_ln36_6_cast" [cnn_accel.cpp:40]   --->   Operation 106 'icmp' 'cmp22' <Predicate = (!icmp_ln40)> <Delay = 2.70> <CoreInst = "Cmp">   --->   Core 9 'Cmp' <Latency = 0> <II = 1> <Delay = 2.70> <FuncUnit> <Opcode : 'seteq' 'setne' 'setle' 'setge' 'setlt' 'setgt'> <InPorts = 2> <OutPorts = 1>
ST_2 : Operation 107 [1/1] (0.00ns)   --->   "%zext_ln41 = zext i5 %select_ln40" [cnn_accel.cpp:41]   --->   Operation 107 'zext' 'zext_ln41' <Predicate = (!icmp_ln40)> <Delay = 0.00>
ST_2 : Operation 108 [1/1] (2.66ns)   --->   "%add_ln45 = add i32 %zext_ln41, i32 %tx_cast" [cnn_accel.cpp:45]   --->   Operation 108 'add' 'add_ln45' <Predicate = (!icmp_ln40)> <Delay = 2.66> <CoreInst = "Adder">   --->   Core 1 'Adder' <Latency = 0> <II = 1> <Delay = 2.66> <FuncUnit> <Opcode : 'add' 'sub'> <InPorts = 2> <OutPorts = 1>
ST_2 : Operation 109 [1/1] (0.00ns)   --->   "%zext_ln45 = zext i32 %add_ln45" [cnn_accel.cpp:45]   --->   Operation 109 'zext' 'zext_ln45' <Predicate = (!icmp_ln40)> <Delay = 0.00>
ST_2 : Operation 110 [1/1] (2.70ns)   --->   "%add_ln45_1 = add i33 %zext_ln45, i33 8589934591" [cnn_accel.cpp:45]   --->   Operation 110 'add' 'add_ln45_1' <Predicate = (!icmp_ln40)> <Delay = 2.70> <CoreInst = "Adder">   --->   Core 1 'Adder' <Latency = 0> <II = 1> <Delay = 2.70> <FuncUnit> <Opcode : 'add' 'sub'> <InPorts = 2> <OutPorts = 1>
ST_2 : Operation 111 [1/1] (0.00ns) (grouped into LUT with out node thr_or32)   --->   "%tmp_15 = bitselect i1 @_ssdm_op_BitSelect.i1.i33.i32, i33 %add_ln45_1, i32 32" [cnn_accel.cpp:45]   --->   Operation 111 'bitselect' 'tmp_15' <Predicate = (!icmp_ln40)> <Delay = 0.00>
ST_2 : Operation 112 [1/1] (2.70ns)   --->   "%cmp24 = icmp_ugt  i33 %zext_ln45, i33 %sext_ln36_6_cast" [cnn_accel.cpp:45]   --->   Operation 112 'icmp' 'cmp24' <Predicate = (!icmp_ln40)> <Delay = 2.70> <CoreInst = "Cmp">   --->   Core 9 'Cmp' <Latency = 0> <II = 1> <Delay = 2.70> <FuncUnit> <Opcode : 'seteq' 'setne' 'setle' 'setge' 'setlt' 'setgt'> <InPorts = 2> <OutPorts = 1>
ST_2 : Operation 113 [1/1] (0.00ns) (grouped into LUT with out node thr_or32)   --->   "%tmp1 = or i1 %cmp22, i1 %tmp_13" [cnn_accel.cpp:40]   --->   Operation 113 'or' 'tmp1' <Predicate = (!icmp_ln40)> <Delay = 0.00> <CoreInst = "LogicGate">   --->   Core 74 'LogicGate' <Latency = 0> <II = 1> <Delay = 0.97> <FuncUnit> <Opcode : 'and' 'or' 'xor'> <InPorts = 2> <OutPorts = 1>
ST_2 : Operation 114 [1/1] (0.00ns) (grouped into LUT with out node thr_or32)   --->   "%tmp2 = or i1 %tmp_15, i1 %cmp24" [cnn_accel.cpp:45]   --->   Operation 114 'or' 'tmp2' <Predicate = (!icmp_ln40)> <Delay = 0.00> <CoreInst = "LogicGate">   --->   Core 74 'LogicGate' <Latency = 0> <II = 1> <Delay = 0.97> <FuncUnit> <Opcode : 'and' 'or' 'xor'> <InPorts = 2> <OutPorts = 1>
ST_2 : Operation 115 [1/1] (0.97ns) (out node of the LUT)   --->   "%thr_or32 = or i1 %tmp2, i1 %tmp1" [cnn_accel.cpp:45]   --->   Operation 115 'or' 'thr_or32' <Predicate = (!icmp_ln40)> <Delay = 0.97> <CoreInst = "LogicGate">   --->   Core 74 'LogicGate' <Latency = 0> <II = 1> <Delay = 0.97> <FuncUnit> <Opcode : 'and' 'or' 'xor'> <InPorts = 2> <OutPorts = 1>
ST_2 : Operation 116 [1/1] (0.00ns)   --->   "%br_ln49 = br i1 %thr_or32, void %if.then, void %if.else" [cnn_accel.cpp:49]   --->   Operation 116 'br' 'br_ln49' <Predicate = (!icmp_ln40)> <Delay = 0.00>
ST_2 : Operation 117 [1/1] (0.00ns)   --->   "%br_ln52 = br void %for.inc.2" [cnn_accel.cpp:52]   --->   Operation 117 'br' 'br_ln52' <Predicate = (!icmp_ln40 & !thr_or32)> <Delay = 0.00>
ST_2 : Operation 118 [1/1] (0.00ns)   --->   "%br_ln0 = br void %for.inc.2"   --->   Operation 118 'br' 'br_ln0' <Predicate = (!icmp_ln40 & thr_or32)> <Delay = 0.00>
ST_2 : Operation 119 [1/1] (1.86ns)   --->   "%add_ln41 = add i5 %select_ln40, i5 1" [cnn_accel.cpp:41]   --->   Operation 119 'add' 'add_ln41' <Predicate = (!icmp_ln40)> <Delay = 1.86> <CoreInst = "Adder">   --->   Core 1 'Adder' <Latency = 0> <II = 1> <Delay = 1.86> <FuncUnit> <Opcode : 'add' 'sub'> <InPorts = 2> <OutPorts = 1>
ST_2 : Operation 120 [1/1] (1.61ns)   --->   "%store_ln41 = store i5 %add_ln41, i5 %x" [cnn_accel.cpp:41]   --->   Operation 120 'store' 'store_ln41' <Predicate = (!icmp_ln40)> <Delay = 1.61>
ST_2 : Operation 121 [1/1] (0.00ns)   --->   "%br_ln41 = br void %VITIS_LOOP_47_5" [cnn_accel.cpp:41]   --->   Operation 121 'br' 'br_ln41' <Predicate = (!icmp_ln40)> <Delay = 0.00>

State 3 <SV = 2> <Delay = 6.86>
ST_3 : Operation 122 [8/9] (3.11ns)   --->   "%urem_ln40 = urem i5 %select_ln40_1, i5 3" [cnn_accel.cpp:40]   --->   Operation 122 'urem' 'urem_ln40' <Predicate = (!icmp_ln40)> <Delay = 3.11> <CoreInst = "Divider">   --->   Core 6 'Divider' <Latency = 8> <II = 1> <Delay = 3.11> <FuncUnit> <Opcode : 'udiv' 'sdiv' 'urem' 'srem'> <InPorts = 2> <OutPorts = 1>
ST_3 : Operation 123 [1/1] (0.00ns)   --->   "%p_cast31 = sext i33 %empty_35" [cnn_accel.cpp:40]   --->   Operation 123 'sext' 'p_cast31' <Predicate = (!icmp_ln40)> <Delay = 0.00>
ST_3 : Operation 124 [2/2] (6.86ns)   --->   "%empty_36 = mul i63 %p_cast31, i63 %sext_ln36_5_cast" [cnn_accel.cpp:40]   --->   Operation 124 'mul' 'empty_36' <Predicate = (!icmp_ln40)> <Delay = 6.86> <CoreInst = "Multiplier">   --->   Core 3 'Multiplier' <Latency = 1> <II = 1> <Delay = 6.86> <FuncUnit> <Opcode : 'mul'> <InPorts = 2> <OutPorts = 1>
ST_3 : Operation 125 [9/9] (3.11ns)   --->   "%urem_ln41 = urem i5 %select_ln40, i5 3" [cnn_accel.cpp:41]   --->   Operation 125 'urem' 'urem_ln41' <Predicate = (!icmp_ln40)> <Delay = 3.11> <CoreInst = "Divider">   --->   Core 6 'Divider' <Latency = 8> <II = 1> <Delay = 3.11> <FuncUnit> <Opcode : 'udiv' 'sdiv' 'urem' 'srem'> <InPorts = 2> <OutPorts = 1>

State 4 <SV = 3> <Delay = 7.23>
ST_4 : Operation 126 [1/1] (0.00ns)   --->   "%p_shl = bitconcatenate i7 @_ssdm_op_BitConcatenate.i7.i4.i3, i4 %tmp, i3 0" [cnn_accel.cpp:51]   --->   Operation 126 'bitconcatenate' 'p_shl' <Predicate = (!icmp_ln40)> <Delay = 0.00>
ST_4 : Operation 127 [1/1] (0.00ns)   --->   "%tmp_12 = bitconcatenate i5 @_ssdm_op_BitConcatenate.i5.i4.i1, i4 %tmp, i1 0" [cnn_accel.cpp:51]   --->   Operation 127 'bitconcatenate' 'tmp_12' <Predicate = (!icmp_ln40)> <Delay = 0.00>
ST_4 : Operation 128 [1/1] (0.00ns)   --->   "%zext_ln51 = zext i5 %tmp_12" [cnn_accel.cpp:51]   --->   Operation 128 'zext' 'zext_ln51' <Predicate = (!icmp_ln40)> <Delay = 0.00>
ST_4 : Operation 129 [1/1] (0.00ns) (grouped into TernaryAdder)   --->   "%sub_ln51 = sub i7 %p_shl, i7 %zext_ln51" [cnn_accel.cpp:51]   --->   Operation 129 'sub' 'sub_ln51' <Predicate = (!icmp_ln40)> <Delay = 0.00> <CoreInst = "TAddSub">   --->   Core 10 'TAddSub' <Latency = 0> <II = 1> <Delay = 2.72> <IPBlock> <Opcode : '' 'add' 'sub'> <InPorts = 3> <OutPorts = 1> <Sync> <CReg>
ST_4 : Operation 130 [7/9] (3.11ns)   --->   "%urem_ln40 = urem i5 %select_ln40_1, i5 3" [cnn_accel.cpp:40]   --->   Operation 130 'urem' 'urem_ln40' <Predicate = (!icmp_ln40)> <Delay = 3.11> <CoreInst = "Divider">   --->   Core 6 'Divider' <Latency = 8> <II = 1> <Delay = 3.11> <FuncUnit> <Opcode : 'udiv' 'sdiv' 'urem' 'srem'> <InPorts = 2> <OutPorts = 1>
ST_4 : Operation 131 [1/2] (6.86ns)   --->   "%empty_36 = mul i63 %p_cast31, i63 %sext_ln36_5_cast" [cnn_accel.cpp:40]   --->   Operation 131 'mul' 'empty_36' <Predicate = (!icmp_ln40)> <Delay = 6.86> <CoreInst = "Multiplier">   --->   Core 3 'Multiplier' <Latency = 1> <II = 1> <Delay = 6.86> <FuncUnit> <Opcode : 'mul'> <InPorts = 2> <OutPorts = 1>
ST_4 : Operation 132 [1/1] (0.00ns)   --->   "%zext_ln41_1 = zext i5 %select_ln40" [cnn_accel.cpp:41]   --->   Operation 132 'zext' 'zext_ln41_1' <Predicate = (!icmp_ln40)> <Delay = 0.00>
ST_4 : Operation 133 [1/1] (3.69ns)   --->   "%mul_ln41 = mul i11 %zext_ln41_1, i11 43" [cnn_accel.cpp:41]   --->   Operation 133 'mul' 'mul_ln41' <Predicate = (!icmp_ln40)> <Delay = 3.69> <CoreInst = "Multiplier">   --->   Core 3 'Multiplier' <Latency = 0> <II = 1> <Delay = 3.69> <FuncUnit> <Opcode : 'mul'> <InPorts = 2> <OutPorts = 1>
ST_4 : Operation 134 [1/1] (0.00ns)   --->   "%tmp_14 = partselect i4 @_ssdm_op_PartSelect.i4.i11.i32.i32, i11 %mul_ln41, i32 7, i32 10" [cnn_accel.cpp:41]   --->   Operation 134 'partselect' 'tmp_14' <Predicate = (!icmp_ln40)> <Delay = 0.00>
ST_4 : Operation 135 [1/1] (0.00ns)   --->   "%zext_ln51_1 = zext i4 %tmp_14" [cnn_accel.cpp:51]   --->   Operation 135 'zext' 'zext_ln51_1' <Predicate = (!icmp_ln40)> <Delay = 0.00>
ST_4 : Operation 136 [1/1] (3.54ns) (root node of TernaryAdder)   --->   "%add_ln51_1 = add i7 %sub_ln51, i7 %zext_ln51_1" [cnn_accel.cpp:51]   --->   Operation 136 'add' 'add_ln51_1' <Predicate = (!icmp_ln40)> <Delay = 3.54> <CoreInst = "TAddSub">   --->   Core 10 'TAddSub' <Latency = 0> <II = 1> <Delay = 2.72> <IPBlock> <Opcode : '' 'add' 'sub'> <InPorts = 3> <OutPorts = 1> <Sync> <CReg>
ST_4 : Operation 137 [8/9] (3.11ns)   --->   "%urem_ln41 = urem i5 %select_ln40, i5 3" [cnn_accel.cpp:41]   --->   Operation 137 'urem' 'urem_ln41' <Predicate = (!icmp_ln40)> <Delay = 3.11> <CoreInst = "Divider">   --->   Core 6 'Divider' <Latency = 8> <II = 1> <Delay = 3.11> <FuncUnit> <Opcode : 'udiv' 'sdiv' 'urem' 'srem'> <InPorts = 2> <OutPorts = 1>

State 5 <SV = 4> <Delay = 7.09>
ST_5 : Operation 138 [6/9] (3.11ns)   --->   "%urem_ln40 = urem i5 %select_ln40_1, i5 3" [cnn_accel.cpp:40]   --->   Operation 138 'urem' 'urem_ln40' <Predicate = (!icmp_ln40)> <Delay = 3.11> <CoreInst = "Divider">   --->   Core 6 'Divider' <Latency = 8> <II = 1> <Delay = 3.11> <FuncUnit> <Opcode : 'udiv' 'sdiv' 'urem' 'srem'> <InPorts = 2> <OutPorts = 1>
ST_5 : Operation 139 [1/1] (0.00ns)   --->   "%p_cast36 = sext i63 %empty_36" [cnn_accel.cpp:40]   --->   Operation 139 'sext' 'p_cast36' <Predicate = (!icmp_ln40)> <Delay = 0.00>
ST_5 : Operation 140 [1/1] (0.00ns)   --->   "%zext_ln51_2 = zext i7 %add_ln51_1" [cnn_accel.cpp:51]   --->   Operation 140 'zext' 'zext_ln51_2' <Predicate = (!icmp_ln40)> <Delay = 0.00>
ST_5 : Operation 141 [1/1] (3.69ns)   --->   "%mul_ln51 = mul i11 %zext_ln51_2, i11 11" [cnn_accel.cpp:51]   --->   Operation 141 'mul' 'mul_ln51' <Predicate = (!icmp_ln40)> <Delay = 3.69> <CoreInst = "Multiplier">   --->   Core 3 'Multiplier' <Latency = 0> <II = 1> <Delay = 3.69> <FuncUnit> <Opcode : 'mul'> <InPorts = 2> <OutPorts = 1>
ST_5 : Operation 142 [7/9] (3.11ns)   --->   "%urem_ln41 = urem i5 %select_ln40, i5 3" [cnn_accel.cpp:41]   --->   Operation 142 'urem' 'urem_ln41' <Predicate = (!icmp_ln40)> <Delay = 3.11> <CoreInst = "Divider">   --->   Core 6 'Divider' <Latency = 8> <II = 1> <Delay = 3.11> <FuncUnit> <Opcode : 'udiv' 'sdiv' 'urem' 'srem'> <InPorts = 2> <OutPorts = 1>
ST_5 : Operation 143 [1/1] (0.00ns)   --->   "%add_ln45_3_cast = sext i33 %add_ln45_1" [cnn_accel.cpp:45]   --->   Operation 143 'sext' 'add_ln45_3_cast' <Predicate = (!icmp_ln40)> <Delay = 0.00>
ST_5 : Operation 144 [1/1] (3.53ns)   --->   "%empty_38 = add i64 %add_ln45_3_cast, i64 %p_cast36" [cnn_accel.cpp:45]   --->   Operation 144 'add' 'empty_38' <Predicate = (!icmp_ln40)> <Delay = 3.53> <CoreInst = "Adder">   --->   Core 1 'Adder' <Latency = 0> <II = 1> <Delay = 3.53> <FuncUnit> <Opcode : 'add' 'sub'> <InPorts = 2> <OutPorts = 1>
ST_5 : Operation 145 [1/1] (0.00ns) (grouped into LUT with out node empty_40)   --->   "%empty_39 = shl i64 %empty_38, i64 2" [cnn_accel.cpp:45]   --->   Operation 145 'shl' 'empty_39' <Predicate = (!icmp_ln40)> <Delay = 0.00>
ST_5 : Operation 146 [1/1] (3.56ns) (out node of the LUT)   --->   "%empty_40 = sub i64 %empty_39, i64 %empty_38" [cnn_accel.cpp:45]   --->   Operation 146 'sub' 'empty_40' <Predicate = (!icmp_ln40)> <Delay = 3.56> <CoreInst = "Adder">   --->   Core 1 'Adder' <Latency = 0> <II = 1> <Delay = 3.56> <FuncUnit> <Opcode : 'add' 'sub'> <InPorts = 2> <OutPorts = 1>

State 6 <SV = 5> <Delay = 5.44>
ST_6 : Operation 147 [5/9] (3.11ns)   --->   "%urem_ln40 = urem i5 %select_ln40_1, i5 3" [cnn_accel.cpp:40]   --->   Operation 147 'urem' 'urem_ln40' <Predicate = (!icmp_ln40)> <Delay = 3.11> <CoreInst = "Divider">   --->   Core 6 'Divider' <Latency = 8> <II = 1> <Delay = 3.11> <FuncUnit> <Opcode : 'udiv' 'sdiv' 'urem' 'srem'> <InPorts = 2> <OutPorts = 1>
ST_6 : Operation 148 [6/9] (3.11ns)   --->   "%urem_ln41 = urem i5 %select_ln40, i5 3" [cnn_accel.cpp:41]   --->   Operation 148 'urem' 'urem_ln41' <Predicate = (!icmp_ln40)> <Delay = 3.11> <CoreInst = "Divider">   --->   Core 6 'Divider' <Latency = 8> <II = 1> <Delay = 3.11> <FuncUnit> <Opcode : 'udiv' 'sdiv' 'urem' 'srem'> <InPorts = 2> <OutPorts = 1>
ST_6 : Operation 149 [1/1] (3.56ns)   --->   "%add_ln51 = add i64 %empty_40, i64 %input_read" [cnn_accel.cpp:51]   --->   Operation 149 'add' 'add_ln51' <Predicate = (!icmp_ln40 & !thr_or32)> <Delay = 3.56> <CoreInst = "Adder">   --->   Core 1 'Adder' <Latency = 0> <II = 1> <Delay = 3.56> <FuncUnit> <Opcode : 'add' 'sub'> <InPorts = 2> <OutPorts = 1>
ST_6 : Operation 150 [1/1] (0.00ns)   --->   "%gmem_addr = getelementptr i8 %gmem, i64 %add_ln51" [cnn_accel.cpp:51]   --->   Operation 150 'getelementptr' 'gmem_addr' <Predicate = (!icmp_ln40 & !thr_or32)> <Delay = 0.00>
ST_6 : Operation 151 [1/1] (0.00ns) (grouped into TernaryAdder)   --->   "%add_ln51_2 = add i64 %empty_40, i64 1" [cnn_accel.cpp:51]   --->   Operation 151 'add' 'add_ln51_2' <Predicate = (!icmp_ln40 & !thr_or32)> <Delay = 0.00> <CoreInst = "TAddSub">   --->   Core 10 'TAddSub' <Latency = 0> <II = 1> <Delay = 2.72> <IPBlock> <Opcode : '' 'add' 'sub'> <InPorts = 3> <OutPorts = 1> <Sync> <CReg>
ST_6 : Operation 152 [1/1] (5.44ns) (root node of TernaryAdder)   --->   "%add_ln51_3 = add i64 %add_ln51_2, i64 %input_read" [cnn_accel.cpp:51]   --->   Operation 152 'add' 'add_ln51_3' <Predicate = (!icmp_ln40 & !thr_or32)> <Delay = 5.44> <CoreInst = "TAddSub">   --->   Core 10 'TAddSub' <Latency = 0> <II = 1> <Delay = 2.72> <IPBlock> <Opcode : '' 'add' 'sub'> <InPorts = 3> <OutPorts = 1> <Sync> <CReg>
ST_6 : Operation 153 [1/1] (0.00ns) (grouped into TernaryAdder)   --->   "%add_ln51_4 = add i64 %empty_40, i64 2" [cnn_accel.cpp:51]   --->   Operation 153 'add' 'add_ln51_4' <Predicate = (!icmp_ln40 & !thr_or32)> <Delay = 0.00> <CoreInst = "TAddSub">   --->   Core 10 'TAddSub' <Latency = 0> <II = 1> <Delay = 2.72> <IPBlock> <Opcode : '' 'add' 'sub'> <InPorts = 3> <OutPorts = 1> <Sync> <CReg>
ST_6 : Operation 154 [1/1] (5.44ns) (root node of TernaryAdder)   --->   "%add_ln51_5 = add i64 %add_ln51_4, i64 %input_read" [cnn_accel.cpp:51]   --->   Operation 154 'add' 'add_ln51_5' <Predicate = (!icmp_ln40 & !thr_or32)> <Delay = 5.44> <CoreInst = "TAddSub">   --->   Core 10 'TAddSub' <Latency = 0> <II = 1> <Delay = 2.72> <IPBlock> <Opcode : '' 'add' 'sub'> <InPorts = 3> <OutPorts = 1> <Sync> <CReg>
ST_6 : Operation 155 [1/1] (0.00ns)   --->   "%gmem_addr_16 = getelementptr i8 %gmem, i64 %add_ln51_3" [cnn_accel.cpp:51]   --->   Operation 155 'getelementptr' 'gmem_addr_16' <Predicate = (!icmp_ln40 & !thr_or32)> <Delay = 0.00>

State 7 <SV = 6> <Delay = 7.30>
ST_7 : Operation 156 [4/9] (3.11ns)   --->   "%urem_ln40 = urem i5 %select_ln40_1, i5 3" [cnn_accel.cpp:40]   --->   Operation 156 'urem' 'urem_ln40' <Predicate = (!icmp_ln40)> <Delay = 3.11> <CoreInst = "Divider">   --->   Core 6 'Divider' <Latency = 8> <II = 1> <Delay = 3.11> <FuncUnit> <Opcode : 'udiv' 'sdiv' 'urem' 'srem'> <InPorts = 2> <OutPorts = 1>
ST_7 : Operation 157 [5/9] (3.11ns)   --->   "%urem_ln41 = urem i5 %select_ln40, i5 3" [cnn_accel.cpp:41]   --->   Operation 157 'urem' 'urem_ln41' <Predicate = (!icmp_ln40)> <Delay = 3.11> <CoreInst = "Divider">   --->   Core 6 'Divider' <Latency = 8> <II = 1> <Delay = 3.11> <FuncUnit> <Opcode : 'udiv' 'sdiv' 'urem' 'srem'> <InPorts = 2> <OutPorts = 1>
ST_7 : Operation 158 [8/8] (7.30ns)   --->   "%gmem_load_req = readreq i1 @_ssdm_op_ReadReq.m_axi.i8P1A, i8 %gmem_addr, i64 1" [cnn_accel.cpp:51]   --->   Operation 158 'readreq' 'gmem_load_req' <Predicate = (!icmp_ln40 & !thr_or32)> <Delay = 7.30> <CoreInst = "m_axi">   --->   Core 111 'm_axi' <Latency = 6> <II = 1> <Delay = 1.00> <Adapter> <Opcode : 'read' 'write' 'readreq' 'writereq' 'writeresp'>

State 8 <SV = 7> <Delay = 7.30>
ST_8 : Operation 159 [3/9] (3.11ns)   --->   "%urem_ln40 = urem i5 %select_ln40_1, i5 3" [cnn_accel.cpp:40]   --->   Operation 159 'urem' 'urem_ln40' <Predicate = (!icmp_ln40)> <Delay = 3.11> <CoreInst = "Divider">   --->   Core 6 'Divider' <Latency = 8> <II = 1> <Delay = 3.11> <FuncUnit> <Opcode : 'udiv' 'sdiv' 'urem' 'srem'> <InPorts = 2> <OutPorts = 1>
ST_8 : Operation 160 [4/9] (3.11ns)   --->   "%urem_ln41 = urem i5 %select_ln40, i5 3" [cnn_accel.cpp:41]   --->   Operation 160 'urem' 'urem_ln41' <Predicate = (!icmp_ln40)> <Delay = 3.11> <CoreInst = "Divider">   --->   Core 6 'Divider' <Latency = 8> <II = 1> <Delay = 3.11> <FuncUnit> <Opcode : 'udiv' 'sdiv' 'urem' 'srem'> <InPorts = 2> <OutPorts = 1>
ST_8 : Operation 161 [7/8] (7.30ns)   --->   "%gmem_load_req = readreq i1 @_ssdm_op_ReadReq.m_axi.i8P1A, i8 %gmem_addr, i64 1" [cnn_accel.cpp:51]   --->   Operation 161 'readreq' 'gmem_load_req' <Predicate = (!icmp_ln40 & !thr_or32)> <Delay = 7.30> <CoreInst = "m_axi">   --->   Core 111 'm_axi' <Latency = 6> <II = 1> <Delay = 1.00> <Adapter> <Opcode : 'read' 'write' 'readreq' 'writereq' 'writeresp'>

State 9 <SV = 8> <Delay = 7.30>
ST_9 : Operation 162 [2/9] (3.11ns)   --->   "%urem_ln40 = urem i5 %select_ln40_1, i5 3" [cnn_accel.cpp:40]   --->   Operation 162 'urem' 'urem_ln40' <Predicate = (!icmp_ln40)> <Delay = 3.11> <CoreInst = "Divider">   --->   Core 6 'Divider' <Latency = 8> <II = 1> <Delay = 3.11> <FuncUnit> <Opcode : 'udiv' 'sdiv' 'urem' 'srem'> <InPorts = 2> <OutPorts = 1>
ST_9 : Operation 163 [3/9] (3.11ns)   --->   "%urem_ln41 = urem i5 %select_ln40, i5 3" [cnn_accel.cpp:41]   --->   Operation 163 'urem' 'urem_ln41' <Predicate = (!icmp_ln40)> <Delay = 3.11> <CoreInst = "Divider">   --->   Core 6 'Divider' <Latency = 8> <II = 1> <Delay = 3.11> <FuncUnit> <Opcode : 'udiv' 'sdiv' 'urem' 'srem'> <InPorts = 2> <OutPorts = 1>
ST_9 : Operation 164 [6/8] (7.30ns)   --->   "%gmem_load_req = readreq i1 @_ssdm_op_ReadReq.m_axi.i8P1A, i8 %gmem_addr, i64 1" [cnn_accel.cpp:51]   --->   Operation 164 'readreq' 'gmem_load_req' <Predicate = (!icmp_ln40 & !thr_or32)> <Delay = 7.30> <CoreInst = "m_axi">   --->   Core 111 'm_axi' <Latency = 6> <II = 1> <Delay = 1.00> <Adapter> <Opcode : 'read' 'write' 'readreq' 'writereq' 'writeresp'>

State 10 <SV = 9> <Delay = 7.30>
ST_10 : Operation 165 [1/9] (3.11ns)   --->   "%urem_ln40 = urem i5 %select_ln40_1, i5 3" [cnn_accel.cpp:40]   --->   Operation 165 'urem' 'urem_ln40' <Predicate = (!icmp_ln40)> <Delay = 3.11> <CoreInst = "Divider">   --->   Core 6 'Divider' <Latency = 8> <II = 1> <Delay = 3.11> <FuncUnit> <Opcode : 'udiv' 'sdiv' 'urem' 'srem'> <InPorts = 2> <OutPorts = 1>
ST_10 : Operation 166 [1/1] (0.00ns)   --->   "%trunc_ln40 = trunc i2 %urem_ln40" [cnn_accel.cpp:40]   --->   Operation 166 'trunc' 'trunc_ln40' <Predicate = (!icmp_ln40)> <Delay = 0.00>
ST_10 : Operation 167 [2/9] (3.11ns)   --->   "%urem_ln41 = urem i5 %select_ln40, i5 3" [cnn_accel.cpp:41]   --->   Operation 167 'urem' 'urem_ln41' <Predicate = (!icmp_ln40)> <Delay = 3.11> <CoreInst = "Divider">   --->   Core 6 'Divider' <Latency = 8> <II = 1> <Delay = 3.11> <FuncUnit> <Opcode : 'udiv' 'sdiv' 'urem' 'srem'> <InPorts = 2> <OutPorts = 1>
ST_10 : Operation 168 [5/8] (7.30ns)   --->   "%gmem_load_req = readreq i1 @_ssdm_op_ReadReq.m_axi.i8P1A, i8 %gmem_addr, i64 1" [cnn_accel.cpp:51]   --->   Operation 168 'readreq' 'gmem_load_req' <Predicate = (!icmp_ln40 & !thr_or32)> <Delay = 7.30> <CoreInst = "m_axi">   --->   Core 111 'm_axi' <Latency = 6> <II = 1> <Delay = 1.00> <Adapter> <Opcode : 'read' 'write' 'readreq' 'writereq' 'writeresp'>
ST_10 : Operation 169 [1/1] (1.58ns)   --->   "%switch_ln51 = switch i2 %trunc_ln40, void %arrayidx3310.case.2, i2 0, void %arrayidx3310.case.0, i2 1, void %arrayidx3310.case.1" [cnn_accel.cpp:51]   --->   Operation 169 'switch' 'switch_ln51' <Predicate = (!icmp_ln40 & !thr_or32)> <Delay = 1.58>
ST_10 : Operation 170 [1/1] (0.00ns)   --->   "%br_ln51 = br void %arrayidx3310.2.exit" [cnn_accel.cpp:51]   --->   Operation 170 'br' 'br_ln51' <Predicate = (!icmp_ln40 & !thr_or32 & trunc_ln40 == 1)> <Delay = 0.00>
ST_10 : Operation 171 [1/1] (0.00ns)   --->   "%br_ln51 = br void %arrayidx3310.2.exit" [cnn_accel.cpp:51]   --->   Operation 171 'br' 'br_ln51' <Predicate = (!icmp_ln40 & !thr_or32 & trunc_ln40 == 0)> <Delay = 0.00>
ST_10 : Operation 172 [1/1] (0.00ns)   --->   "%br_ln51 = br void %arrayidx3310.2.exit" [cnn_accel.cpp:51]   --->   Operation 172 'br' 'br_ln51' <Predicate = (!icmp_ln40 & !thr_or32 & trunc_ln40 != 0 & trunc_ln40 != 1)> <Delay = 0.00>
ST_10 : Operation 173 [1/1] (1.58ns)   --->   "%switch_ln53 = switch i2 %trunc_ln40, void %arrayidx398.case.2, i2 0, void %arrayidx398.case.0, i2 1, void %arrayidx398.case.1" [cnn_accel.cpp:53]   --->   Operation 173 'switch' 'switch_ln53' <Predicate = (!icmp_ln40 & thr_or32)> <Delay = 1.58>
ST_10 : Operation 174 [1/1] (0.00ns)   --->   "%br_ln53 = br void %arrayidx398.2.exit" [cnn_accel.cpp:53]   --->   Operation 174 'br' 'br_ln53' <Predicate = (!icmp_ln40 & thr_or32 & trunc_ln40 == 1)> <Delay = 0.00>
ST_10 : Operation 175 [1/1] (0.00ns)   --->   "%br_ln53 = br void %arrayidx398.2.exit" [cnn_accel.cpp:53]   --->   Operation 175 'br' 'br_ln53' <Predicate = (!icmp_ln40 & thr_or32 & trunc_ln40 == 0)> <Delay = 0.00>
ST_10 : Operation 176 [1/1] (0.00ns)   --->   "%br_ln53 = br void %arrayidx398.2.exit" [cnn_accel.cpp:53]   --->   Operation 176 'br' 'br_ln53' <Predicate = (!icmp_ln40 & thr_or32 & trunc_ln40 != 0 & trunc_ln40 != 1)> <Delay = 0.00>

State 11 <SV = 10> <Delay = 7.30>
ST_11 : Operation 177 [1/9] (3.11ns)   --->   "%urem_ln41 = urem i5 %select_ln40, i5 3" [cnn_accel.cpp:41]   --->   Operation 177 'urem' 'urem_ln41' <Predicate = (!icmp_ln40)> <Delay = 3.11> <CoreInst = "Divider">   --->   Core 6 'Divider' <Latency = 8> <II = 1> <Delay = 3.11> <FuncUnit> <Opcode : 'udiv' 'sdiv' 'urem' 'srem'> <InPorts = 2> <OutPorts = 1>
ST_11 : Operation 178 [1/1] (0.00ns)   --->   "%trunc_ln41 = trunc i2 %urem_ln41" [cnn_accel.cpp:41]   --->   Operation 178 'trunc' 'trunc_ln41' <Predicate = (!icmp_ln40)> <Delay = 0.00>
ST_11 : Operation 179 [4/8] (7.30ns)   --->   "%gmem_load_req = readreq i1 @_ssdm_op_ReadReq.m_axi.i8P1A, i8 %gmem_addr, i64 1" [cnn_accel.cpp:51]   --->   Operation 179 'readreq' 'gmem_load_req' <Predicate = (!icmp_ln40 & !thr_or32)> <Delay = 7.30> <CoreInst = "m_axi">   --->   Core 111 'm_axi' <Latency = 6> <II = 1> <Delay = 1.00> <Adapter> <Opcode : 'read' 'write' 'readreq' 'writereq' 'writeresp'>
ST_11 : Operation 180 [1/1] (1.58ns)   --->   "%switch_ln51 = switch i2 %trunc_ln41, void %arrayidx3310.2.case.2434, i2 0, void %arrayidx3310.2.case.0432, i2 1, void %arrayidx3310.2.case.1433" [cnn_accel.cpp:51]   --->   Operation 180 'switch' 'switch_ln51' <Predicate = (!icmp_ln40 & !thr_or32 & trunc_ln40 == 1)> <Delay = 1.58>
ST_11 : Operation 181 [1/1] (1.58ns)   --->   "%switch_ln51 = switch i2 %trunc_ln41, void %arrayidx3310.2.case.2429, i2 0, void %arrayidx3310.2.case.0427, i2 1, void %arrayidx3310.2.case.1428" [cnn_accel.cpp:51]   --->   Operation 181 'switch' 'switch_ln51' <Predicate = (!icmp_ln40 & !thr_or32 & trunc_ln40 == 0)> <Delay = 1.58>
ST_11 : Operation 182 [1/1] (1.58ns)   --->   "%switch_ln51 = switch i2 %trunc_ln41, void %arrayidx3310.2.case.2439, i2 0, void %arrayidx3310.2.case.0437, i2 1, void %arrayidx3310.2.case.1438" [cnn_accel.cpp:51]   --->   Operation 182 'switch' 'switch_ln51' <Predicate = (!icmp_ln40 & !thr_or32 & trunc_ln40 != 0 & trunc_ln40 != 1)> <Delay = 1.58>
ST_11 : Operation 183 [1/1] (1.58ns)   --->   "%switch_ln53 = switch i2 %trunc_ln41, void %arrayidx398.2.case.2419, i2 0, void %arrayidx398.2.case.0417, i2 1, void %arrayidx398.2.case.1418" [cnn_accel.cpp:53]   --->   Operation 183 'switch' 'switch_ln53' <Predicate = (!icmp_ln40 & thr_or32 & trunc_ln40 == 1)> <Delay = 1.58>
ST_11 : Operation 184 [1/1] (1.58ns)   --->   "%switch_ln53 = switch i2 %trunc_ln41, void %arrayidx398.2.case.2414, i2 0, void %arrayidx398.2.case.0412, i2 1, void %arrayidx398.2.case.1413" [cnn_accel.cpp:53]   --->   Operation 184 'switch' 'switch_ln53' <Predicate = (!icmp_ln40 & thr_or32 & trunc_ln40 == 0)> <Delay = 1.58>
ST_11 : Operation 185 [1/1] (1.58ns)   --->   "%switch_ln53 = switch i2 %trunc_ln41, void %arrayidx398.2.case.2424, i2 0, void %arrayidx398.2.case.0422, i2 1, void %arrayidx398.2.case.1423" [cnn_accel.cpp:53]   --->   Operation 185 'switch' 'switch_ln53' <Predicate = (!icmp_ln40 & thr_or32 & trunc_ln40 != 0 & trunc_ln40 != 1)> <Delay = 1.58>

State 12 <SV = 11> <Delay = 7.30>
ST_12 : Operation 186 [1/1] (0.00ns)   --->   "%specloopname_ln0 = specloopname void @_ssdm_op_SpecLoopName, void @VITIS_LOOP_40_3_VITIS_LOOP_41_4_str"   --->   Operation 186 'specloopname' 'specloopname_ln0' <Predicate = (!icmp_ln40)> <Delay = 0.00>
ST_12 : Operation 187 [1/1] (0.00ns)   --->   "%speclooptripcount_ln0 = speclooptripcount void @_ssdm_op_SpecLoopTripCount, i64 324, i64 324, i64 324"   --->   Operation 187 'speclooptripcount' 'speclooptripcount_ln0' <Predicate = (!icmp_ln40)> <Delay = 0.00>
ST_12 : Operation 188 [1/1] (0.00ns)   --->   "%specpipeline_ln42 = specpipeline void @_ssdm_op_SpecPipeline, i32 1, i32 0, i32 0, i32 0, void @empty_5" [cnn_accel.cpp:42]   --->   Operation 188 'specpipeline' 'specpipeline_ln42' <Predicate = (!icmp_ln40)> <Delay = 0.00>
ST_12 : Operation 189 [1/1] (0.00ns)   --->   "%zext_ln51_3 = zext i11 %mul_ln51" [cnn_accel.cpp:51]   --->   Operation 189 'zext' 'zext_ln51_3' <Predicate = (!icmp_ln40)> <Delay = 0.00>
ST_12 : Operation 190 [1/1] (0.00ns)   --->   "%tile_in_addr = getelementptr i8 %tile_in, i64 0, i64 %zext_ln51_3" [cnn_accel.cpp:51]   --->   Operation 190 'getelementptr' 'tile_in_addr' <Predicate = (!icmp_ln40)> <Delay = 0.00>
ST_12 : Operation 191 [1/1] (0.00ns)   --->   "%tile_in_431_addr = getelementptr i8 %tile_in_431, i64 0, i64 %zext_ln51_3" [cnn_accel.cpp:51]   --->   Operation 191 'getelementptr' 'tile_in_431_addr' <Predicate = (!icmp_ln40)> <Delay = 0.00>
ST_12 : Operation 192 [1/1] (0.00ns)   --->   "%tile_in_432_addr = getelementptr i8 %tile_in_432, i64 0, i64 %zext_ln51_3" [cnn_accel.cpp:51]   --->   Operation 192 'getelementptr' 'tile_in_432_addr' <Predicate = (!icmp_ln40)> <Delay = 0.00>
ST_12 : Operation 193 [1/1] (0.00ns)   --->   "%tile_in_433_addr = getelementptr i8 %tile_in_433, i64 0, i64 %zext_ln51_3" [cnn_accel.cpp:51]   --->   Operation 193 'getelementptr' 'tile_in_433_addr' <Predicate = (!icmp_ln40)> <Delay = 0.00>
ST_12 : Operation 194 [1/1] (0.00ns)   --->   "%tile_in_434_addr = getelementptr i8 %tile_in_434, i64 0, i64 %zext_ln51_3" [cnn_accel.cpp:51]   --->   Operation 194 'getelementptr' 'tile_in_434_addr' <Predicate = (!icmp_ln40)> <Delay = 0.00>
ST_12 : Operation 195 [1/1] (0.00ns)   --->   "%tile_in_435_addr = getelementptr i8 %tile_in_435, i64 0, i64 %zext_ln51_3" [cnn_accel.cpp:51]   --->   Operation 195 'getelementptr' 'tile_in_435_addr' <Predicate = (!icmp_ln40)> <Delay = 0.00>
ST_12 : Operation 196 [1/1] (0.00ns)   --->   "%tile_in_436_addr = getelementptr i8 %tile_in_436, i64 0, i64 %zext_ln51_3" [cnn_accel.cpp:51]   --->   Operation 196 'getelementptr' 'tile_in_436_addr' <Predicate = (!icmp_ln40)> <Delay = 0.00>
ST_12 : Operation 197 [1/1] (0.00ns)   --->   "%tile_in_437_addr = getelementptr i8 %tile_in_437, i64 0, i64 %zext_ln51_3" [cnn_accel.cpp:51]   --->   Operation 197 'getelementptr' 'tile_in_437_addr' <Predicate = (!icmp_ln40)> <Delay = 0.00>
ST_12 : Operation 198 [1/1] (0.00ns)   --->   "%tile_in_438_addr = getelementptr i8 %tile_in_438, i64 0, i64 %zext_ln51_3" [cnn_accel.cpp:51]   --->   Operation 198 'getelementptr' 'tile_in_438_addr' <Predicate = (!icmp_ln40)> <Delay = 0.00>
ST_12 : Operation 199 [1/1] (0.00ns)   --->   "%tile_in_439_addr = getelementptr i8 %tile_in_439, i64 0, i64 %zext_ln51_3" [cnn_accel.cpp:51]   --->   Operation 199 'getelementptr' 'tile_in_439_addr' <Predicate = (!icmp_ln40)> <Delay = 0.00>
ST_12 : Operation 200 [1/1] (0.00ns)   --->   "%tile_in_440_addr = getelementptr i8 %tile_in_440, i64 0, i64 %zext_ln51_3" [cnn_accel.cpp:51]   --->   Operation 200 'getelementptr' 'tile_in_440_addr' <Predicate = (!icmp_ln40)> <Delay = 0.00>
ST_12 : Operation 201 [1/1] (0.00ns)   --->   "%tile_in_441_addr = getelementptr i8 %tile_in_441, i64 0, i64 %zext_ln51_3" [cnn_accel.cpp:51]   --->   Operation 201 'getelementptr' 'tile_in_441_addr' <Predicate = (!icmp_ln40)> <Delay = 0.00>
ST_12 : Operation 202 [1/1] (0.00ns)   --->   "%tile_in_442_addr = getelementptr i8 %tile_in_442, i64 0, i64 %zext_ln51_3" [cnn_accel.cpp:51]   --->   Operation 202 'getelementptr' 'tile_in_442_addr' <Predicate = (!icmp_ln40)> <Delay = 0.00>
ST_12 : Operation 203 [1/1] (0.00ns)   --->   "%tile_in_443_addr = getelementptr i8 %tile_in_443, i64 0, i64 %zext_ln51_3" [cnn_accel.cpp:51]   --->   Operation 203 'getelementptr' 'tile_in_443_addr' <Predicate = (!icmp_ln40)> <Delay = 0.00>
ST_12 : Operation 204 [1/1] (0.00ns)   --->   "%tile_in_444_addr = getelementptr i8 %tile_in_444, i64 0, i64 %zext_ln51_3" [cnn_accel.cpp:51]   --->   Operation 204 'getelementptr' 'tile_in_444_addr' <Predicate = (!icmp_ln40)> <Delay = 0.00>
ST_12 : Operation 205 [1/1] (0.00ns)   --->   "%tile_in_445_addr = getelementptr i8 %tile_in_445, i64 0, i64 %zext_ln51_3" [cnn_accel.cpp:51]   --->   Operation 205 'getelementptr' 'tile_in_445_addr' <Predicate = (!icmp_ln40)> <Delay = 0.00>
ST_12 : Operation 206 [1/1] (0.00ns)   --->   "%tile_in_446_addr = getelementptr i8 %tile_in_446, i64 0, i64 %zext_ln51_3" [cnn_accel.cpp:51]   --->   Operation 206 'getelementptr' 'tile_in_446_addr' <Predicate = (!icmp_ln40)> <Delay = 0.00>
ST_12 : Operation 207 [1/1] (0.00ns)   --->   "%tile_in_447_addr = getelementptr i8 %tile_in_447, i64 0, i64 %zext_ln51_3" [cnn_accel.cpp:51]   --->   Operation 207 'getelementptr' 'tile_in_447_addr' <Predicate = (!icmp_ln40)> <Delay = 0.00>
ST_12 : Operation 208 [1/1] (0.00ns)   --->   "%tile_in_448_addr = getelementptr i8 %tile_in_448, i64 0, i64 %zext_ln51_3" [cnn_accel.cpp:51]   --->   Operation 208 'getelementptr' 'tile_in_448_addr' <Predicate = (!icmp_ln40)> <Delay = 0.00>
ST_12 : Operation 209 [1/1] (0.00ns)   --->   "%tile_in_449_addr = getelementptr i8 %tile_in_449, i64 0, i64 %zext_ln51_3" [cnn_accel.cpp:51]   --->   Operation 209 'getelementptr' 'tile_in_449_addr' <Predicate = (!icmp_ln40)> <Delay = 0.00>
ST_12 : Operation 210 [1/1] (0.00ns)   --->   "%tile_in_450_addr = getelementptr i8 %tile_in_450, i64 0, i64 %zext_ln51_3" [cnn_accel.cpp:51]   --->   Operation 210 'getelementptr' 'tile_in_450_addr' <Predicate = (!icmp_ln40)> <Delay = 0.00>
ST_12 : Operation 211 [1/1] (0.00ns)   --->   "%tile_in_451_addr = getelementptr i8 %tile_in_451, i64 0, i64 %zext_ln51_3" [cnn_accel.cpp:51]   --->   Operation 211 'getelementptr' 'tile_in_451_addr' <Predicate = (!icmp_ln40)> <Delay = 0.00>
ST_12 : Operation 212 [1/1] (0.00ns)   --->   "%tile_in_452_addr = getelementptr i8 %tile_in_452, i64 0, i64 %zext_ln51_3" [cnn_accel.cpp:51]   --->   Operation 212 'getelementptr' 'tile_in_452_addr' <Predicate = (!icmp_ln40)> <Delay = 0.00>
ST_12 : Operation 213 [1/1] (0.00ns)   --->   "%tile_in_453_addr = getelementptr i8 %tile_in_453, i64 0, i64 %zext_ln51_3" [cnn_accel.cpp:51]   --->   Operation 213 'getelementptr' 'tile_in_453_addr' <Predicate = (!icmp_ln40)> <Delay = 0.00>
ST_12 : Operation 214 [1/1] (0.00ns)   --->   "%tile_in_454_addr = getelementptr i8 %tile_in_454, i64 0, i64 %zext_ln51_3" [cnn_accel.cpp:51]   --->   Operation 214 'getelementptr' 'tile_in_454_addr' <Predicate = (!icmp_ln40)> <Delay = 0.00>
ST_12 : Operation 215 [1/1] (0.00ns)   --->   "%tile_in_455_addr = getelementptr i8 %tile_in_455, i64 0, i64 %zext_ln51_3" [cnn_accel.cpp:51]   --->   Operation 215 'getelementptr' 'tile_in_455_addr' <Predicate = (!icmp_ln40)> <Delay = 0.00>
ST_12 : Operation 216 [1/1] (0.00ns)   --->   "%tile_in_456_addr = getelementptr i8 %tile_in_456, i64 0, i64 %zext_ln51_3" [cnn_accel.cpp:51]   --->   Operation 216 'getelementptr' 'tile_in_456_addr' <Predicate = (!icmp_ln40)> <Delay = 0.00>
ST_12 : Operation 217 [3/8] (7.30ns)   --->   "%gmem_load_req = readreq i1 @_ssdm_op_ReadReq.m_axi.i8P1A, i8 %gmem_addr, i64 1" [cnn_accel.cpp:51]   --->   Operation 217 'readreq' 'gmem_load_req' <Predicate = (!icmp_ln40 & !thr_or32)> <Delay = 7.30> <CoreInst = "m_axi">   --->   Core 111 'm_axi' <Latency = 6> <II = 1> <Delay = 1.00> <Adapter> <Opcode : 'read' 'write' 'readreq' 'writereq' 'writeresp'>
ST_12 : Operation 218 [8/8] (7.30ns)   --->   "%gmem_load_431_req = readreq i1 @_ssdm_op_ReadReq.m_axi.i8P1A, i8 %gmem_addr_16, i64 1" [cnn_accel.cpp:51]   --->   Operation 218 'readreq' 'gmem_load_431_req' <Predicate = (!icmp_ln40 & !thr_or32 & trunc_ln40 == 1 & trunc_ln41 == 1)> <Delay = 7.30> <CoreInst = "m_axi">   --->   Core 111 'm_axi' <Latency = 6> <II = 1> <Delay = 1.00> <Adapter> <Opcode : 'read' 'write' 'readreq' 'writereq' 'writeresp'>
ST_12 : Operation 219 [8/8] (7.30ns)   --->   "%gmem_load_429_req = readreq i1 @_ssdm_op_ReadReq.m_axi.i8P1A, i8 %gmem_addr_16, i64 1" [cnn_accel.cpp:51]   --->   Operation 219 'readreq' 'gmem_load_429_req' <Predicate = (!icmp_ln40 & !thr_or32 & trunc_ln40 == 1 & trunc_ln41 == 0)> <Delay = 7.30> <CoreInst = "m_axi">   --->   Core 111 'm_axi' <Latency = 6> <II = 1> <Delay = 1.00> <Adapter> <Opcode : 'read' 'write' 'readreq' 'writereq' 'writeresp'>
ST_12 : Operation 220 [8/8] (7.30ns)   --->   "%gmem_load_427_req = readreq i1 @_ssdm_op_ReadReq.m_axi.i8P1A, i8 %gmem_addr_16, i64 1" [cnn_accel.cpp:51]   --->   Operation 220 'readreq' 'gmem_load_427_req' <Predicate = (!icmp_ln40 & !thr_or32 & trunc_ln40 == 1 & trunc_ln41 != 0 & trunc_ln41 != 1)> <Delay = 7.30> <CoreInst = "m_axi">   --->   Core 111 'm_axi' <Latency = 6> <II = 1> <Delay = 1.00> <Adapter> <Opcode : 'read' 'write' 'readreq' 'writereq' 'writeresp'>
ST_12 : Operation 221 [8/8] (7.30ns)   --->   "%gmem_load_425_req = readreq i1 @_ssdm_op_ReadReq.m_axi.i8P1A, i8 %gmem_addr_16, i64 1" [cnn_accel.cpp:51]   --->   Operation 221 'readreq' 'gmem_load_425_req' <Predicate = (!icmp_ln40 & !thr_or32 & trunc_ln40 == 0 & trunc_ln41 == 1)> <Delay = 7.30> <CoreInst = "m_axi">   --->   Core 111 'm_axi' <Latency = 6> <II = 1> <Delay = 1.00> <Adapter> <Opcode : 'read' 'write' 'readreq' 'writereq' 'writeresp'>
ST_12 : Operation 222 [8/8] (7.30ns)   --->   "%gmem_load_423_req = readreq i1 @_ssdm_op_ReadReq.m_axi.i8P1A, i8 %gmem_addr_16, i64 1" [cnn_accel.cpp:51]   --->   Operation 222 'readreq' 'gmem_load_423_req' <Predicate = (!icmp_ln40 & !thr_or32 & trunc_ln40 == 0 & trunc_ln41 == 0)> <Delay = 7.30> <CoreInst = "m_axi">   --->   Core 111 'm_axi' <Latency = 6> <II = 1> <Delay = 1.00> <Adapter> <Opcode : 'read' 'write' 'readreq' 'writereq' 'writeresp'>
ST_12 : Operation 223 [8/8] (7.30ns)   --->   "%gmem_load_421_req = readreq i1 @_ssdm_op_ReadReq.m_axi.i8P1A, i8 %gmem_addr_16, i64 1" [cnn_accel.cpp:51]   --->   Operation 223 'readreq' 'gmem_load_421_req' <Predicate = (!icmp_ln40 & !thr_or32 & trunc_ln40 == 0 & trunc_ln41 != 0 & trunc_ln41 != 1)> <Delay = 7.30> <CoreInst = "m_axi">   --->   Core 111 'm_axi' <Latency = 6> <II = 1> <Delay = 1.00> <Adapter> <Opcode : 'read' 'write' 'readreq' 'writereq' 'writeresp'>
ST_12 : Operation 224 [8/8] (7.30ns)   --->   "%gmem_load_419_req = readreq i1 @_ssdm_op_ReadReq.m_axi.i8P1A, i8 %gmem_addr_16, i64 1" [cnn_accel.cpp:51]   --->   Operation 224 'readreq' 'gmem_load_419_req' <Predicate = (!icmp_ln40 & !thr_or32 & trunc_ln40 != 0 & trunc_ln40 != 1 & trunc_ln41 == 1)> <Delay = 7.30> <CoreInst = "m_axi">   --->   Core 111 'm_axi' <Latency = 6> <II = 1> <Delay = 1.00> <Adapter> <Opcode : 'read' 'write' 'readreq' 'writereq' 'writeresp'>
ST_12 : Operation 225 [8/8] (7.30ns)   --->   "%gmem_load_417_req = readreq i1 @_ssdm_op_ReadReq.m_axi.i8P1A, i8 %gmem_addr_16, i64 1" [cnn_accel.cpp:51]   --->   Operation 225 'readreq' 'gmem_load_417_req' <Predicate = (!icmp_ln40 & !thr_or32 & trunc_ln40 != 0 & trunc_ln40 != 1 & trunc_ln41 == 0)> <Delay = 7.30> <CoreInst = "m_axi">   --->   Core 111 'm_axi' <Latency = 6> <II = 1> <Delay = 1.00> <Adapter> <Opcode : 'read' 'write' 'readreq' 'writereq' 'writeresp'>
ST_12 : Operation 226 [8/8] (7.30ns)   --->   "%gmem_load_415_req = readreq i1 @_ssdm_op_ReadReq.m_axi.i8P1A, i8 %gmem_addr_16, i64 1" [cnn_accel.cpp:51]   --->   Operation 226 'readreq' 'gmem_load_415_req' <Predicate = (!icmp_ln40 & !thr_or32 & trunc_ln40 != 0 & trunc_ln40 != 1 & trunc_ln41 != 0 & trunc_ln41 != 1)> <Delay = 7.30> <CoreInst = "m_axi">   --->   Core 111 'm_axi' <Latency = 6> <II = 1> <Delay = 1.00> <Adapter> <Opcode : 'read' 'write' 'readreq' 'writereq' 'writeresp'>
ST_12 : Operation 227 [1/1] ( I:3.25ns O:3.25ns )   --->   "%store_ln53 = store i8 0, i9 %tile_in_442_addr" [cnn_accel.cpp:53]   --->   Operation 227 'store' 'store_ln53' <Predicate = (!icmp_ln40 & thr_or32 & trunc_ln40 == 1 & trunc_ln41 == 1)> <Delay = 3.25> <CoreInst = "RAM_T2P_BRAM">   --->   Core 93 'RAM_T2P_BRAM' <Latency = 1> <II = 1> <Delay = 3.25> <Storage> <Opcode : 'load' 'store'> <Ports = 2> <Width = 8> <Depth = 396> <RAM>
ST_12 : Operation 228 [1/1] ( I:3.25ns O:3.25ns )   --->   "%store_ln53 = store i8 0, i9 %tile_in_443_addr" [cnn_accel.cpp:53]   --->   Operation 228 'store' 'store_ln53' <Predicate = (!icmp_ln40 & thr_or32 & trunc_ln40 == 1 & trunc_ln41 == 1)> <Delay = 3.25> <CoreInst = "RAM_T2P_BRAM">   --->   Core 93 'RAM_T2P_BRAM' <Latency = 1> <II = 1> <Delay = 3.25> <Storage> <Opcode : 'load' 'store'> <Ports = 2> <Width = 8> <Depth = 396> <RAM>
ST_12 : Operation 229 [1/1] ( I:3.25ns O:3.25ns )   --->   "%store_ln53 = store i8 0, i9 %tile_in_444_addr" [cnn_accel.cpp:53]   --->   Operation 229 'store' 'store_ln53' <Predicate = (!icmp_ln40 & thr_or32 & trunc_ln40 == 1 & trunc_ln41 == 1)> <Delay = 3.25> <CoreInst = "RAM_T2P_BRAM">   --->   Core 93 'RAM_T2P_BRAM' <Latency = 1> <II = 1> <Delay = 3.25> <Storage> <Opcode : 'load' 'store'> <Ports = 2> <Width = 8> <Depth = 396> <RAM>
ST_12 : Operation 230 [1/1] (0.00ns)   --->   "%br_ln53 = br void %arrayidx398.2.exit416" [cnn_accel.cpp:53]   --->   Operation 230 'br' 'br_ln53' <Predicate = (!icmp_ln40 & thr_or32 & trunc_ln40 == 1 & trunc_ln41 == 1)> <Delay = 0.00>
ST_12 : Operation 231 [1/1] ( I:3.25ns O:3.25ns )   --->   "%store_ln53 = store i8 0, i9 %tile_in_439_addr" [cnn_accel.cpp:53]   --->   Operation 231 'store' 'store_ln53' <Predicate = (!icmp_ln40 & thr_or32 & trunc_ln40 == 1 & trunc_ln41 == 0)> <Delay = 3.25> <CoreInst = "RAM_T2P_BRAM">   --->   Core 93 'RAM_T2P_BRAM' <Latency = 1> <II = 1> <Delay = 3.25> <Storage> <Opcode : 'load' 'store'> <Ports = 2> <Width = 8> <Depth = 396> <RAM>
ST_12 : Operation 232 [1/1] ( I:3.25ns O:3.25ns )   --->   "%store_ln53 = store i8 0, i9 %tile_in_440_addr" [cnn_accel.cpp:53]   --->   Operation 232 'store' 'store_ln53' <Predicate = (!icmp_ln40 & thr_or32 & trunc_ln40 == 1 & trunc_ln41 == 0)> <Delay = 3.25> <CoreInst = "RAM_T2P_BRAM">   --->   Core 93 'RAM_T2P_BRAM' <Latency = 1> <II = 1> <Delay = 3.25> <Storage> <Opcode : 'load' 'store'> <Ports = 2> <Width = 8> <Depth = 396> <RAM>
ST_12 : Operation 233 [1/1] ( I:3.25ns O:3.25ns )   --->   "%store_ln53 = store i8 0, i9 %tile_in_441_addr" [cnn_accel.cpp:53]   --->   Operation 233 'store' 'store_ln53' <Predicate = (!icmp_ln40 & thr_or32 & trunc_ln40 == 1 & trunc_ln41 == 0)> <Delay = 3.25> <CoreInst = "RAM_T2P_BRAM">   --->   Core 93 'RAM_T2P_BRAM' <Latency = 1> <II = 1> <Delay = 3.25> <Storage> <Opcode : 'load' 'store'> <Ports = 2> <Width = 8> <Depth = 396> <RAM>
ST_12 : Operation 234 [1/1] (0.00ns)   --->   "%br_ln53 = br void %arrayidx398.2.exit416" [cnn_accel.cpp:53]   --->   Operation 234 'br' 'br_ln53' <Predicate = (!icmp_ln40 & thr_or32 & trunc_ln40 == 1 & trunc_ln41 == 0)> <Delay = 0.00>
ST_12 : Operation 235 [1/1] ( I:3.25ns O:3.25ns )   --->   "%store_ln53 = store i8 0, i9 %tile_in_445_addr" [cnn_accel.cpp:53]   --->   Operation 235 'store' 'store_ln53' <Predicate = (!icmp_ln40 & thr_or32 & trunc_ln40 == 1 & trunc_ln41 != 0 & trunc_ln41 != 1)> <Delay = 3.25> <CoreInst = "RAM_T2P_BRAM">   --->   Core 93 'RAM_T2P_BRAM' <Latency = 1> <II = 1> <Delay = 3.25> <Storage> <Opcode : 'load' 'store'> <Ports = 2> <Width = 8> <Depth = 396> <RAM>
ST_12 : Operation 236 [1/1] ( I:3.25ns O:3.25ns )   --->   "%store_ln53 = store i8 0, i9 %tile_in_446_addr" [cnn_accel.cpp:53]   --->   Operation 236 'store' 'store_ln53' <Predicate = (!icmp_ln40 & thr_or32 & trunc_ln40 == 1 & trunc_ln41 != 0 & trunc_ln41 != 1)> <Delay = 3.25> <CoreInst = "RAM_T2P_BRAM">   --->   Core 93 'RAM_T2P_BRAM' <Latency = 1> <II = 1> <Delay = 3.25> <Storage> <Opcode : 'load' 'store'> <Ports = 2> <Width = 8> <Depth = 396> <RAM>
ST_12 : Operation 237 [1/1] ( I:3.25ns O:3.25ns )   --->   "%store_ln53 = store i8 0, i9 %tile_in_447_addr" [cnn_accel.cpp:53]   --->   Operation 237 'store' 'store_ln53' <Predicate = (!icmp_ln40 & thr_or32 & trunc_ln40 == 1 & trunc_ln41 != 0 & trunc_ln41 != 1)> <Delay = 3.25> <CoreInst = "RAM_T2P_BRAM">   --->   Core 93 'RAM_T2P_BRAM' <Latency = 1> <II = 1> <Delay = 3.25> <Storage> <Opcode : 'load' 'store'> <Ports = 2> <Width = 8> <Depth = 396> <RAM>
ST_12 : Operation 238 [1/1] (0.00ns)   --->   "%br_ln53 = br void %arrayidx398.2.exit416" [cnn_accel.cpp:53]   --->   Operation 238 'br' 'br_ln53' <Predicate = (!icmp_ln40 & thr_or32 & trunc_ln40 == 1 & trunc_ln41 != 0 & trunc_ln41 != 1)> <Delay = 0.00>
ST_12 : Operation 239 [1/1] ( I:3.25ns O:3.25ns )   --->   "%store_ln53 = store i8 0, i9 %tile_in_433_addr" [cnn_accel.cpp:53]   --->   Operation 239 'store' 'store_ln53' <Predicate = (!icmp_ln40 & thr_or32 & trunc_ln40 == 0 & trunc_ln41 == 1)> <Delay = 3.25> <CoreInst = "RAM_T2P_BRAM">   --->   Core 93 'RAM_T2P_BRAM' <Latency = 1> <II = 1> <Delay = 3.25> <Storage> <Opcode : 'load' 'store'> <Ports = 2> <Width = 8> <Depth = 396> <RAM>
ST_12 : Operation 240 [1/1] ( I:3.25ns O:3.25ns )   --->   "%store_ln53 = store i8 0, i9 %tile_in_434_addr" [cnn_accel.cpp:53]   --->   Operation 240 'store' 'store_ln53' <Predicate = (!icmp_ln40 & thr_or32 & trunc_ln40 == 0 & trunc_ln41 == 1)> <Delay = 3.25> <CoreInst = "RAM_T2P_BRAM">   --->   Core 93 'RAM_T2P_BRAM' <Latency = 1> <II = 1> <Delay = 3.25> <Storage> <Opcode : 'load' 'store'> <Ports = 2> <Width = 8> <Depth = 396> <RAM>
ST_12 : Operation 241 [1/1] ( I:3.25ns O:3.25ns )   --->   "%store_ln53 = store i8 0, i9 %tile_in_435_addr" [cnn_accel.cpp:53]   --->   Operation 241 'store' 'store_ln53' <Predicate = (!icmp_ln40 & thr_or32 & trunc_ln40 == 0 & trunc_ln41 == 1)> <Delay = 3.25> <CoreInst = "RAM_T2P_BRAM">   --->   Core 93 'RAM_T2P_BRAM' <Latency = 1> <II = 1> <Delay = 3.25> <Storage> <Opcode : 'load' 'store'> <Ports = 2> <Width = 8> <Depth = 396> <RAM>
ST_12 : Operation 242 [1/1] (0.00ns)   --->   "%br_ln53 = br void %arrayidx398.2.exit411" [cnn_accel.cpp:53]   --->   Operation 242 'br' 'br_ln53' <Predicate = (!icmp_ln40 & thr_or32 & trunc_ln40 == 0 & trunc_ln41 == 1)> <Delay = 0.00>
ST_12 : Operation 243 [1/1] ( I:3.25ns O:3.25ns )   --->   "%store_ln53 = store i8 0, i9 %tile_in_addr" [cnn_accel.cpp:53]   --->   Operation 243 'store' 'store_ln53' <Predicate = (!icmp_ln40 & thr_or32 & trunc_ln40 == 0 & trunc_ln41 == 0)> <Delay = 3.25> <CoreInst = "RAM_T2P_BRAM">   --->   Core 93 'RAM_T2P_BRAM' <Latency = 1> <II = 1> <Delay = 3.25> <Storage> <Opcode : 'load' 'store'> <Ports = 2> <Width = 8> <Depth = 396> <RAM>
ST_12 : Operation 244 [1/1] ( I:3.25ns O:3.25ns )   --->   "%store_ln53 = store i8 0, i9 %tile_in_431_addr" [cnn_accel.cpp:53]   --->   Operation 244 'store' 'store_ln53' <Predicate = (!icmp_ln40 & thr_or32 & trunc_ln40 == 0 & trunc_ln41 == 0)> <Delay = 3.25> <CoreInst = "RAM_T2P_BRAM">   --->   Core 93 'RAM_T2P_BRAM' <Latency = 1> <II = 1> <Delay = 3.25> <Storage> <Opcode : 'load' 'store'> <Ports = 2> <Width = 8> <Depth = 396> <RAM>
ST_12 : Operation 245 [1/1] ( I:3.25ns O:3.25ns )   --->   "%store_ln53 = store i8 0, i9 %tile_in_432_addr" [cnn_accel.cpp:53]   --->   Operation 245 'store' 'store_ln53' <Predicate = (!icmp_ln40 & thr_or32 & trunc_ln40 == 0 & trunc_ln41 == 0)> <Delay = 3.25> <CoreInst = "RAM_T2P_BRAM">   --->   Core 93 'RAM_T2P_BRAM' <Latency = 1> <II = 1> <Delay = 3.25> <Storage> <Opcode : 'load' 'store'> <Ports = 2> <Width = 8> <Depth = 396> <RAM>
ST_12 : Operation 246 [1/1] (0.00ns)   --->   "%br_ln53 = br void %arrayidx398.2.exit411" [cnn_accel.cpp:53]   --->   Operation 246 'br' 'br_ln53' <Predicate = (!icmp_ln40 & thr_or32 & trunc_ln40 == 0 & trunc_ln41 == 0)> <Delay = 0.00>
ST_12 : Operation 247 [1/1] ( I:3.25ns O:3.25ns )   --->   "%store_ln53 = store i8 0, i9 %tile_in_436_addr" [cnn_accel.cpp:53]   --->   Operation 247 'store' 'store_ln53' <Predicate = (!icmp_ln40 & thr_or32 & trunc_ln40 == 0 & trunc_ln41 != 0 & trunc_ln41 != 1)> <Delay = 3.25> <CoreInst = "RAM_T2P_BRAM">   --->   Core 93 'RAM_T2P_BRAM' <Latency = 1> <II = 1> <Delay = 3.25> <Storage> <Opcode : 'load' 'store'> <Ports = 2> <Width = 8> <Depth = 396> <RAM>
ST_12 : Operation 248 [1/1] ( I:3.25ns O:3.25ns )   --->   "%store_ln53 = store i8 0, i9 %tile_in_437_addr" [cnn_accel.cpp:53]   --->   Operation 248 'store' 'store_ln53' <Predicate = (!icmp_ln40 & thr_or32 & trunc_ln40 == 0 & trunc_ln41 != 0 & trunc_ln41 != 1)> <Delay = 3.25> <CoreInst = "RAM_T2P_BRAM">   --->   Core 93 'RAM_T2P_BRAM' <Latency = 1> <II = 1> <Delay = 3.25> <Storage> <Opcode : 'load' 'store'> <Ports = 2> <Width = 8> <Depth = 396> <RAM>
ST_12 : Operation 249 [1/1] ( I:3.25ns O:3.25ns )   --->   "%store_ln53 = store i8 0, i9 %tile_in_438_addr" [cnn_accel.cpp:53]   --->   Operation 249 'store' 'store_ln53' <Predicate = (!icmp_ln40 & thr_or32 & trunc_ln40 == 0 & trunc_ln41 != 0 & trunc_ln41 != 1)> <Delay = 3.25> <CoreInst = "RAM_T2P_BRAM">   --->   Core 93 'RAM_T2P_BRAM' <Latency = 1> <II = 1> <Delay = 3.25> <Storage> <Opcode : 'load' 'store'> <Ports = 2> <Width = 8> <Depth = 396> <RAM>
ST_12 : Operation 250 [1/1] (0.00ns)   --->   "%br_ln53 = br void %arrayidx398.2.exit411" [cnn_accel.cpp:53]   --->   Operation 250 'br' 'br_ln53' <Predicate = (!icmp_ln40 & thr_or32 & trunc_ln40 == 0 & trunc_ln41 != 0 & trunc_ln41 != 1)> <Delay = 0.00>
ST_12 : Operation 251 [1/1] ( I:3.25ns O:3.25ns )   --->   "%store_ln53 = store i8 0, i9 %tile_in_451_addr" [cnn_accel.cpp:53]   --->   Operation 251 'store' 'store_ln53' <Predicate = (!icmp_ln40 & thr_or32 & trunc_ln40 != 0 & trunc_ln40 != 1 & trunc_ln41 == 1)> <Delay = 3.25> <CoreInst = "RAM_T2P_BRAM">   --->   Core 93 'RAM_T2P_BRAM' <Latency = 1> <II = 1> <Delay = 3.25> <Storage> <Opcode : 'load' 'store'> <Ports = 2> <Width = 8> <Depth = 396> <RAM>
ST_12 : Operation 252 [1/1] ( I:3.25ns O:3.25ns )   --->   "%store_ln53 = store i8 0, i9 %tile_in_452_addr" [cnn_accel.cpp:53]   --->   Operation 252 'store' 'store_ln53' <Predicate = (!icmp_ln40 & thr_or32 & trunc_ln40 != 0 & trunc_ln40 != 1 & trunc_ln41 == 1)> <Delay = 3.25> <CoreInst = "RAM_T2P_BRAM">   --->   Core 93 'RAM_T2P_BRAM' <Latency = 1> <II = 1> <Delay = 3.25> <Storage> <Opcode : 'load' 'store'> <Ports = 2> <Width = 8> <Depth = 396> <RAM>
ST_12 : Operation 253 [1/1] ( I:3.25ns O:3.25ns )   --->   "%store_ln53 = store i8 0, i9 %tile_in_453_addr" [cnn_accel.cpp:53]   --->   Operation 253 'store' 'store_ln53' <Predicate = (!icmp_ln40 & thr_or32 & trunc_ln40 != 0 & trunc_ln40 != 1 & trunc_ln41 == 1)> <Delay = 3.25> <CoreInst = "RAM_T2P_BRAM">   --->   Core 93 'RAM_T2P_BRAM' <Latency = 1> <II = 1> <Delay = 3.25> <Storage> <Opcode : 'load' 'store'> <Ports = 2> <Width = 8> <Depth = 396> <RAM>
ST_12 : Operation 254 [1/1] (0.00ns)   --->   "%br_ln53 = br void %arrayidx398.2.exit421" [cnn_accel.cpp:53]   --->   Operation 254 'br' 'br_ln53' <Predicate = (!icmp_ln40 & thr_or32 & trunc_ln40 != 0 & trunc_ln40 != 1 & trunc_ln41 == 1)> <Delay = 0.00>
ST_12 : Operation 255 [1/1] ( I:3.25ns O:3.25ns )   --->   "%store_ln53 = store i8 0, i9 %tile_in_448_addr" [cnn_accel.cpp:53]   --->   Operation 255 'store' 'store_ln53' <Predicate = (!icmp_ln40 & thr_or32 & trunc_ln40 != 0 & trunc_ln40 != 1 & trunc_ln41 == 0)> <Delay = 3.25> <CoreInst = "RAM_T2P_BRAM">   --->   Core 93 'RAM_T2P_BRAM' <Latency = 1> <II = 1> <Delay = 3.25> <Storage> <Opcode : 'load' 'store'> <Ports = 2> <Width = 8> <Depth = 396> <RAM>
ST_12 : Operation 256 [1/1] ( I:3.25ns O:3.25ns )   --->   "%store_ln53 = store i8 0, i9 %tile_in_449_addr" [cnn_accel.cpp:53]   --->   Operation 256 'store' 'store_ln53' <Predicate = (!icmp_ln40 & thr_or32 & trunc_ln40 != 0 & trunc_ln40 != 1 & trunc_ln41 == 0)> <Delay = 3.25> <CoreInst = "RAM_T2P_BRAM">   --->   Core 93 'RAM_T2P_BRAM' <Latency = 1> <II = 1> <Delay = 3.25> <Storage> <Opcode : 'load' 'store'> <Ports = 2> <Width = 8> <Depth = 396> <RAM>
ST_12 : Operation 257 [1/1] ( I:3.25ns O:3.25ns )   --->   "%store_ln53 = store i8 0, i9 %tile_in_450_addr" [cnn_accel.cpp:53]   --->   Operation 257 'store' 'store_ln53' <Predicate = (!icmp_ln40 & thr_or32 & trunc_ln40 != 0 & trunc_ln40 != 1 & trunc_ln41 == 0)> <Delay = 3.25> <CoreInst = "RAM_T2P_BRAM">   --->   Core 93 'RAM_T2P_BRAM' <Latency = 1> <II = 1> <Delay = 3.25> <Storage> <Opcode : 'load' 'store'> <Ports = 2> <Width = 8> <Depth = 396> <RAM>
ST_12 : Operation 258 [1/1] (0.00ns)   --->   "%br_ln53 = br void %arrayidx398.2.exit421" [cnn_accel.cpp:53]   --->   Operation 258 'br' 'br_ln53' <Predicate = (!icmp_ln40 & thr_or32 & trunc_ln40 != 0 & trunc_ln40 != 1 & trunc_ln41 == 0)> <Delay = 0.00>
ST_12 : Operation 259 [1/1] ( I:3.25ns O:3.25ns )   --->   "%store_ln53 = store i8 0, i9 %tile_in_454_addr" [cnn_accel.cpp:53]   --->   Operation 259 'store' 'store_ln53' <Predicate = (!icmp_ln40 & thr_or32 & trunc_ln40 != 0 & trunc_ln40 != 1 & trunc_ln41 != 0 & trunc_ln41 != 1)> <Delay = 3.25> <CoreInst = "RAM_T2P_BRAM">   --->   Core 93 'RAM_T2P_BRAM' <Latency = 1> <II = 1> <Delay = 3.25> <Storage> <Opcode : 'load' 'store'> <Ports = 2> <Width = 8> <Depth = 396> <RAM>
ST_12 : Operation 260 [1/1] ( I:3.25ns O:3.25ns )   --->   "%store_ln53 = store i8 0, i9 %tile_in_455_addr" [cnn_accel.cpp:53]   --->   Operation 260 'store' 'store_ln53' <Predicate = (!icmp_ln40 & thr_or32 & trunc_ln40 != 0 & trunc_ln40 != 1 & trunc_ln41 != 0 & trunc_ln41 != 1)> <Delay = 3.25> <CoreInst = "RAM_T2P_BRAM">   --->   Core 93 'RAM_T2P_BRAM' <Latency = 1> <II = 1> <Delay = 3.25> <Storage> <Opcode : 'load' 'store'> <Ports = 2> <Width = 8> <Depth = 396> <RAM>
ST_12 : Operation 261 [1/1] ( I:3.25ns O:3.25ns )   --->   "%store_ln53 = store i8 0, i9 %tile_in_456_addr" [cnn_accel.cpp:53]   --->   Operation 261 'store' 'store_ln53' <Predicate = (!icmp_ln40 & thr_or32 & trunc_ln40 != 0 & trunc_ln40 != 1 & trunc_ln41 != 0 & trunc_ln41 != 1)> <Delay = 3.25> <CoreInst = "RAM_T2P_BRAM">   --->   Core 93 'RAM_T2P_BRAM' <Latency = 1> <II = 1> <Delay = 3.25> <Storage> <Opcode : 'load' 'store'> <Ports = 2> <Width = 8> <Depth = 396> <RAM>
ST_12 : Operation 262 [1/1] (0.00ns)   --->   "%br_ln53 = br void %arrayidx398.2.exit421" [cnn_accel.cpp:53]   --->   Operation 262 'br' 'br_ln53' <Predicate = (!icmp_ln40 & thr_or32 & trunc_ln40 != 0 & trunc_ln40 != 1 & trunc_ln41 != 0 & trunc_ln41 != 1)> <Delay = 0.00>

State 13 <SV = 12> <Delay = 7.30>
ST_13 : Operation 263 [2/8] (7.30ns)   --->   "%gmem_load_req = readreq i1 @_ssdm_op_ReadReq.m_axi.i8P1A, i8 %gmem_addr, i64 1" [cnn_accel.cpp:51]   --->   Operation 263 'readreq' 'gmem_load_req' <Predicate = (!icmp_ln40 & !thr_or32)> <Delay = 7.30> <CoreInst = "m_axi">   --->   Core 111 'm_axi' <Latency = 6> <II = 1> <Delay = 1.00> <Adapter> <Opcode : 'read' 'write' 'readreq' 'writereq' 'writeresp'>
ST_13 : Operation 264 [7/8] (7.30ns)   --->   "%gmem_load_431_req = readreq i1 @_ssdm_op_ReadReq.m_axi.i8P1A, i8 %gmem_addr_16, i64 1" [cnn_accel.cpp:51]   --->   Operation 264 'readreq' 'gmem_load_431_req' <Predicate = (!icmp_ln40 & !thr_or32 & trunc_ln40 == 1 & trunc_ln41 == 1)> <Delay = 7.30> <CoreInst = "m_axi">   --->   Core 111 'm_axi' <Latency = 6> <II = 1> <Delay = 1.00> <Adapter> <Opcode : 'read' 'write' 'readreq' 'writereq' 'writeresp'>
ST_13 : Operation 265 [1/1] (0.00ns)   --->   "%gmem_addr_25 = getelementptr i8 %gmem, i64 %add_ln51_5" [cnn_accel.cpp:51]   --->   Operation 265 'getelementptr' 'gmem_addr_25' <Predicate = (!icmp_ln40 & !thr_or32 & trunc_ln40 == 1 & trunc_ln41 == 1)> <Delay = 0.00>
ST_13 : Operation 266 [8/8] (7.30ns)   --->   "%gmem_load_432_req = readreq i1 @_ssdm_op_ReadReq.m_axi.i8P1A, i8 %gmem_addr_25, i64 1" [cnn_accel.cpp:51]   --->   Operation 266 'readreq' 'gmem_load_432_req' <Predicate = (!icmp_ln40 & !thr_or32 & trunc_ln40 == 1 & trunc_ln41 == 1)> <Delay = 7.30> <CoreInst = "m_axi">   --->   Core 111 'm_axi' <Latency = 6> <II = 1> <Delay = 1.00> <Adapter> <Opcode : 'read' 'write' 'readreq' 'writereq' 'writeresp'>
ST_13 : Operation 267 [7/8] (7.30ns)   --->   "%gmem_load_429_req = readreq i1 @_ssdm_op_ReadReq.m_axi.i8P1A, i8 %gmem_addr_16, i64 1" [cnn_accel.cpp:51]   --->   Operation 267 'readreq' 'gmem_load_429_req' <Predicate = (!icmp_ln40 & !thr_or32 & trunc_ln40 == 1 & trunc_ln41 == 0)> <Delay = 7.30> <CoreInst = "m_axi">   --->   Core 111 'm_axi' <Latency = 6> <II = 1> <Delay = 1.00> <Adapter> <Opcode : 'read' 'write' 'readreq' 'writereq' 'writeresp'>
ST_13 : Operation 268 [1/1] (0.00ns)   --->   "%gmem_addr_24 = getelementptr i8 %gmem, i64 %add_ln51_5" [cnn_accel.cpp:51]   --->   Operation 268 'getelementptr' 'gmem_addr_24' <Predicate = (!icmp_ln40 & !thr_or32 & trunc_ln40 == 1 & trunc_ln41 == 0)> <Delay = 0.00>
ST_13 : Operation 269 [8/8] (7.30ns)   --->   "%gmem_load_430_req = readreq i1 @_ssdm_op_ReadReq.m_axi.i8P1A, i8 %gmem_addr_24, i64 1" [cnn_accel.cpp:51]   --->   Operation 269 'readreq' 'gmem_load_430_req' <Predicate = (!icmp_ln40 & !thr_or32 & trunc_ln40 == 1 & trunc_ln41 == 0)> <Delay = 7.30> <CoreInst = "m_axi">   --->   Core 111 'm_axi' <Latency = 6> <II = 1> <Delay = 1.00> <Adapter> <Opcode : 'read' 'write' 'readreq' 'writereq' 'writeresp'>
ST_13 : Operation 270 [7/8] (7.30ns)   --->   "%gmem_load_427_req = readreq i1 @_ssdm_op_ReadReq.m_axi.i8P1A, i8 %gmem_addr_16, i64 1" [cnn_accel.cpp:51]   --->   Operation 270 'readreq' 'gmem_load_427_req' <Predicate = (!icmp_ln40 & !thr_or32 & trunc_ln40 == 1 & trunc_ln41 != 0 & trunc_ln41 != 1)> <Delay = 7.30> <CoreInst = "m_axi">   --->   Core 111 'm_axi' <Latency = 6> <II = 1> <Delay = 1.00> <Adapter> <Opcode : 'read' 'write' 'readreq' 'writereq' 'writeresp'>
ST_13 : Operation 271 [1/1] (0.00ns)   --->   "%gmem_addr_23 = getelementptr i8 %gmem, i64 %add_ln51_5" [cnn_accel.cpp:51]   --->   Operation 271 'getelementptr' 'gmem_addr_23' <Predicate = (!icmp_ln40 & !thr_or32 & trunc_ln40 == 1 & trunc_ln41 != 0 & trunc_ln41 != 1)> <Delay = 0.00>
ST_13 : Operation 272 [8/8] (7.30ns)   --->   "%gmem_load_428_req = readreq i1 @_ssdm_op_ReadReq.m_axi.i8P1A, i8 %gmem_addr_23, i64 1" [cnn_accel.cpp:51]   --->   Operation 272 'readreq' 'gmem_load_428_req' <Predicate = (!icmp_ln40 & !thr_or32 & trunc_ln40 == 1 & trunc_ln41 != 0 & trunc_ln41 != 1)> <Delay = 7.30> <CoreInst = "m_axi">   --->   Core 111 'm_axi' <Latency = 6> <II = 1> <Delay = 1.00> <Adapter> <Opcode : 'read' 'write' 'readreq' 'writereq' 'writeresp'>
ST_13 : Operation 273 [7/8] (7.30ns)   --->   "%gmem_load_425_req = readreq i1 @_ssdm_op_ReadReq.m_axi.i8P1A, i8 %gmem_addr_16, i64 1" [cnn_accel.cpp:51]   --->   Operation 273 'readreq' 'gmem_load_425_req' <Predicate = (!icmp_ln40 & !thr_or32 & trunc_ln40 == 0 & trunc_ln41 == 1)> <Delay = 7.30> <CoreInst = "m_axi">   --->   Core 111 'm_axi' <Latency = 6> <II = 1> <Delay = 1.00> <Adapter> <Opcode : 'read' 'write' 'readreq' 'writereq' 'writeresp'>
ST_13 : Operation 274 [1/1] (0.00ns)   --->   "%gmem_addr_22 = getelementptr i8 %gmem, i64 %add_ln51_5" [cnn_accel.cpp:51]   --->   Operation 274 'getelementptr' 'gmem_addr_22' <Predicate = (!icmp_ln40 & !thr_or32 & trunc_ln40 == 0 & trunc_ln41 == 1)> <Delay = 0.00>
ST_13 : Operation 275 [8/8] (7.30ns)   --->   "%gmem_load_426_req = readreq i1 @_ssdm_op_ReadReq.m_axi.i8P1A, i8 %gmem_addr_22, i64 1" [cnn_accel.cpp:51]   --->   Operation 275 'readreq' 'gmem_load_426_req' <Predicate = (!icmp_ln40 & !thr_or32 & trunc_ln40 == 0 & trunc_ln41 == 1)> <Delay = 7.30> <CoreInst = "m_axi">   --->   Core 111 'm_axi' <Latency = 6> <II = 1> <Delay = 1.00> <Adapter> <Opcode : 'read' 'write' 'readreq' 'writereq' 'writeresp'>
ST_13 : Operation 276 [7/8] (7.30ns)   --->   "%gmem_load_423_req = readreq i1 @_ssdm_op_ReadReq.m_axi.i8P1A, i8 %gmem_addr_16, i64 1" [cnn_accel.cpp:51]   --->   Operation 276 'readreq' 'gmem_load_423_req' <Predicate = (!icmp_ln40 & !thr_or32 & trunc_ln40 == 0 & trunc_ln41 == 0)> <Delay = 7.30> <CoreInst = "m_axi">   --->   Core 111 'm_axi' <Latency = 6> <II = 1> <Delay = 1.00> <Adapter> <Opcode : 'read' 'write' 'readreq' 'writereq' 'writeresp'>
ST_13 : Operation 277 [1/1] (0.00ns)   --->   "%gmem_addr_21 = getelementptr i8 %gmem, i64 %add_ln51_5" [cnn_accel.cpp:51]   --->   Operation 277 'getelementptr' 'gmem_addr_21' <Predicate = (!icmp_ln40 & !thr_or32 & trunc_ln40 == 0 & trunc_ln41 == 0)> <Delay = 0.00>
ST_13 : Operation 278 [8/8] (7.30ns)   --->   "%gmem_load_424_req = readreq i1 @_ssdm_op_ReadReq.m_axi.i8P1A, i8 %gmem_addr_21, i64 1" [cnn_accel.cpp:51]   --->   Operation 278 'readreq' 'gmem_load_424_req' <Predicate = (!icmp_ln40 & !thr_or32 & trunc_ln40 == 0 & trunc_ln41 == 0)> <Delay = 7.30> <CoreInst = "m_axi">   --->   Core 111 'm_axi' <Latency = 6> <II = 1> <Delay = 1.00> <Adapter> <Opcode : 'read' 'write' 'readreq' 'writereq' 'writeresp'>
ST_13 : Operation 279 [7/8] (7.30ns)   --->   "%gmem_load_421_req = readreq i1 @_ssdm_op_ReadReq.m_axi.i8P1A, i8 %gmem_addr_16, i64 1" [cnn_accel.cpp:51]   --->   Operation 279 'readreq' 'gmem_load_421_req' <Predicate = (!icmp_ln40 & !thr_or32 & trunc_ln40 == 0 & trunc_ln41 != 0 & trunc_ln41 != 1)> <Delay = 7.30> <CoreInst = "m_axi">   --->   Core 111 'm_axi' <Latency = 6> <II = 1> <Delay = 1.00> <Adapter> <Opcode : 'read' 'write' 'readreq' 'writereq' 'writeresp'>
ST_13 : Operation 280 [1/1] (0.00ns)   --->   "%gmem_addr_20 = getelementptr i8 %gmem, i64 %add_ln51_5" [cnn_accel.cpp:51]   --->   Operation 280 'getelementptr' 'gmem_addr_20' <Predicate = (!icmp_ln40 & !thr_or32 & trunc_ln40 == 0 & trunc_ln41 != 0 & trunc_ln41 != 1)> <Delay = 0.00>
ST_13 : Operation 281 [8/8] (7.30ns)   --->   "%gmem_load_422_req = readreq i1 @_ssdm_op_ReadReq.m_axi.i8P1A, i8 %gmem_addr_20, i64 1" [cnn_accel.cpp:51]   --->   Operation 281 'readreq' 'gmem_load_422_req' <Predicate = (!icmp_ln40 & !thr_or32 & trunc_ln40 == 0 & trunc_ln41 != 0 & trunc_ln41 != 1)> <Delay = 7.30> <CoreInst = "m_axi">   --->   Core 111 'm_axi' <Latency = 6> <II = 1> <Delay = 1.00> <Adapter> <Opcode : 'read' 'write' 'readreq' 'writereq' 'writeresp'>
ST_13 : Operation 282 [7/8] (7.30ns)   --->   "%gmem_load_419_req = readreq i1 @_ssdm_op_ReadReq.m_axi.i8P1A, i8 %gmem_addr_16, i64 1" [cnn_accel.cpp:51]   --->   Operation 282 'readreq' 'gmem_load_419_req' <Predicate = (!icmp_ln40 & !thr_or32 & trunc_ln40 != 0 & trunc_ln40 != 1 & trunc_ln41 == 1)> <Delay = 7.30> <CoreInst = "m_axi">   --->   Core 111 'm_axi' <Latency = 6> <II = 1> <Delay = 1.00> <Adapter> <Opcode : 'read' 'write' 'readreq' 'writereq' 'writeresp'>
ST_13 : Operation 283 [1/1] (0.00ns)   --->   "%gmem_addr_19 = getelementptr i8 %gmem, i64 %add_ln51_5" [cnn_accel.cpp:51]   --->   Operation 283 'getelementptr' 'gmem_addr_19' <Predicate = (!icmp_ln40 & !thr_or32 & trunc_ln40 != 0 & trunc_ln40 != 1 & trunc_ln41 == 1)> <Delay = 0.00>
ST_13 : Operation 284 [8/8] (7.30ns)   --->   "%gmem_load_420_req = readreq i1 @_ssdm_op_ReadReq.m_axi.i8P1A, i8 %gmem_addr_19, i64 1" [cnn_accel.cpp:51]   --->   Operation 284 'readreq' 'gmem_load_420_req' <Predicate = (!icmp_ln40 & !thr_or32 & trunc_ln40 != 0 & trunc_ln40 != 1 & trunc_ln41 == 1)> <Delay = 7.30> <CoreInst = "m_axi">   --->   Core 111 'm_axi' <Latency = 6> <II = 1> <Delay = 1.00> <Adapter> <Opcode : 'read' 'write' 'readreq' 'writereq' 'writeresp'>
ST_13 : Operation 285 [7/8] (7.30ns)   --->   "%gmem_load_417_req = readreq i1 @_ssdm_op_ReadReq.m_axi.i8P1A, i8 %gmem_addr_16, i64 1" [cnn_accel.cpp:51]   --->   Operation 285 'readreq' 'gmem_load_417_req' <Predicate = (!icmp_ln40 & !thr_or32 & trunc_ln40 != 0 & trunc_ln40 != 1 & trunc_ln41 == 0)> <Delay = 7.30> <CoreInst = "m_axi">   --->   Core 111 'm_axi' <Latency = 6> <II = 1> <Delay = 1.00> <Adapter> <Opcode : 'read' 'write' 'readreq' 'writereq' 'writeresp'>
ST_13 : Operation 286 [1/1] (0.00ns)   --->   "%gmem_addr_18 = getelementptr i8 %gmem, i64 %add_ln51_5" [cnn_accel.cpp:51]   --->   Operation 286 'getelementptr' 'gmem_addr_18' <Predicate = (!icmp_ln40 & !thr_or32 & trunc_ln40 != 0 & trunc_ln40 != 1 & trunc_ln41 == 0)> <Delay = 0.00>
ST_13 : Operation 287 [8/8] (7.30ns)   --->   "%gmem_load_418_req = readreq i1 @_ssdm_op_ReadReq.m_axi.i8P1A, i8 %gmem_addr_18, i64 1" [cnn_accel.cpp:51]   --->   Operation 287 'readreq' 'gmem_load_418_req' <Predicate = (!icmp_ln40 & !thr_or32 & trunc_ln40 != 0 & trunc_ln40 != 1 & trunc_ln41 == 0)> <Delay = 7.30> <CoreInst = "m_axi">   --->   Core 111 'm_axi' <Latency = 6> <II = 1> <Delay = 1.00> <Adapter> <Opcode : 'read' 'write' 'readreq' 'writereq' 'writeresp'>
ST_13 : Operation 288 [7/8] (7.30ns)   --->   "%gmem_load_415_req = readreq i1 @_ssdm_op_ReadReq.m_axi.i8P1A, i8 %gmem_addr_16, i64 1" [cnn_accel.cpp:51]   --->   Operation 288 'readreq' 'gmem_load_415_req' <Predicate = (!icmp_ln40 & !thr_or32 & trunc_ln40 != 0 & trunc_ln40 != 1 & trunc_ln41 != 0 & trunc_ln41 != 1)> <Delay = 7.30> <CoreInst = "m_axi">   --->   Core 111 'm_axi' <Latency = 6> <II = 1> <Delay = 1.00> <Adapter> <Opcode : 'read' 'write' 'readreq' 'writereq' 'writeresp'>
ST_13 : Operation 289 [1/1] (0.00ns)   --->   "%gmem_addr_17 = getelementptr i8 %gmem, i64 %add_ln51_5" [cnn_accel.cpp:51]   --->   Operation 289 'getelementptr' 'gmem_addr_17' <Predicate = (!icmp_ln40 & !thr_or32 & trunc_ln40 != 0 & trunc_ln40 != 1 & trunc_ln41 != 0 & trunc_ln41 != 1)> <Delay = 0.00>
ST_13 : Operation 290 [8/8] (7.30ns)   --->   "%gmem_load_416_req = readreq i1 @_ssdm_op_ReadReq.m_axi.i8P1A, i8 %gmem_addr_17, i64 1" [cnn_accel.cpp:51]   --->   Operation 290 'readreq' 'gmem_load_416_req' <Predicate = (!icmp_ln40 & !thr_or32 & trunc_ln40 != 0 & trunc_ln40 != 1 & trunc_ln41 != 0 & trunc_ln41 != 1)> <Delay = 7.30> <CoreInst = "m_axi">   --->   Core 111 'm_axi' <Latency = 6> <II = 1> <Delay = 1.00> <Adapter> <Opcode : 'read' 'write' 'readreq' 'writereq' 'writeresp'>

State 14 <SV = 13> <Delay = 7.30>
ST_14 : Operation 291 [1/8] (7.30ns)   --->   "%gmem_load_req = readreq i1 @_ssdm_op_ReadReq.m_axi.i8P1A, i8 %gmem_addr, i64 1" [cnn_accel.cpp:51]   --->   Operation 291 'readreq' 'gmem_load_req' <Predicate = (!icmp_ln40 & !thr_or32)> <Delay = 7.30> <CoreInst = "m_axi">   --->   Core 111 'm_axi' <Latency = 6> <II = 1> <Delay = 1.00> <Adapter> <Opcode : 'read' 'write' 'readreq' 'writereq' 'writeresp'>
ST_14 : Operation 292 [6/8] (7.30ns)   --->   "%gmem_load_431_req = readreq i1 @_ssdm_op_ReadReq.m_axi.i8P1A, i8 %gmem_addr_16, i64 1" [cnn_accel.cpp:51]   --->   Operation 292 'readreq' 'gmem_load_431_req' <Predicate = (!icmp_ln40 & !thr_or32 & trunc_ln40 == 1 & trunc_ln41 == 1)> <Delay = 7.30> <CoreInst = "m_axi">   --->   Core 111 'm_axi' <Latency = 6> <II = 1> <Delay = 1.00> <Adapter> <Opcode : 'read' 'write' 'readreq' 'writereq' 'writeresp'>
ST_14 : Operation 293 [7/8] (7.30ns)   --->   "%gmem_load_432_req = readreq i1 @_ssdm_op_ReadReq.m_axi.i8P1A, i8 %gmem_addr_25, i64 1" [cnn_accel.cpp:51]   --->   Operation 293 'readreq' 'gmem_load_432_req' <Predicate = (!icmp_ln40 & !thr_or32 & trunc_ln40 == 1 & trunc_ln41 == 1)> <Delay = 7.30> <CoreInst = "m_axi">   --->   Core 111 'm_axi' <Latency = 6> <II = 1> <Delay = 1.00> <Adapter> <Opcode : 'read' 'write' 'readreq' 'writereq' 'writeresp'>
ST_14 : Operation 294 [6/8] (7.30ns)   --->   "%gmem_load_429_req = readreq i1 @_ssdm_op_ReadReq.m_axi.i8P1A, i8 %gmem_addr_16, i64 1" [cnn_accel.cpp:51]   --->   Operation 294 'readreq' 'gmem_load_429_req' <Predicate = (!icmp_ln40 & !thr_or32 & trunc_ln40 == 1 & trunc_ln41 == 0)> <Delay = 7.30> <CoreInst = "m_axi">   --->   Core 111 'm_axi' <Latency = 6> <II = 1> <Delay = 1.00> <Adapter> <Opcode : 'read' 'write' 'readreq' 'writereq' 'writeresp'>
ST_14 : Operation 295 [7/8] (7.30ns)   --->   "%gmem_load_430_req = readreq i1 @_ssdm_op_ReadReq.m_axi.i8P1A, i8 %gmem_addr_24, i64 1" [cnn_accel.cpp:51]   --->   Operation 295 'readreq' 'gmem_load_430_req' <Predicate = (!icmp_ln40 & !thr_or32 & trunc_ln40 == 1 & trunc_ln41 == 0)> <Delay = 7.30> <CoreInst = "m_axi">   --->   Core 111 'm_axi' <Latency = 6> <II = 1> <Delay = 1.00> <Adapter> <Opcode : 'read' 'write' 'readreq' 'writereq' 'writeresp'>
ST_14 : Operation 296 [6/8] (7.30ns)   --->   "%gmem_load_427_req = readreq i1 @_ssdm_op_ReadReq.m_axi.i8P1A, i8 %gmem_addr_16, i64 1" [cnn_accel.cpp:51]   --->   Operation 296 'readreq' 'gmem_load_427_req' <Predicate = (!icmp_ln40 & !thr_or32 & trunc_ln40 == 1 & trunc_ln41 != 0 & trunc_ln41 != 1)> <Delay = 7.30> <CoreInst = "m_axi">   --->   Core 111 'm_axi' <Latency = 6> <II = 1> <Delay = 1.00> <Adapter> <Opcode : 'read' 'write' 'readreq' 'writereq' 'writeresp'>
ST_14 : Operation 297 [7/8] (7.30ns)   --->   "%gmem_load_428_req = readreq i1 @_ssdm_op_ReadReq.m_axi.i8P1A, i8 %gmem_addr_23, i64 1" [cnn_accel.cpp:51]   --->   Operation 297 'readreq' 'gmem_load_428_req' <Predicate = (!icmp_ln40 & !thr_or32 & trunc_ln40 == 1 & trunc_ln41 != 0 & trunc_ln41 != 1)> <Delay = 7.30> <CoreInst = "m_axi">   --->   Core 111 'm_axi' <Latency = 6> <II = 1> <Delay = 1.00> <Adapter> <Opcode : 'read' 'write' 'readreq' 'writereq' 'writeresp'>
ST_14 : Operation 298 [6/8] (7.30ns)   --->   "%gmem_load_425_req = readreq i1 @_ssdm_op_ReadReq.m_axi.i8P1A, i8 %gmem_addr_16, i64 1" [cnn_accel.cpp:51]   --->   Operation 298 'readreq' 'gmem_load_425_req' <Predicate = (!icmp_ln40 & !thr_or32 & trunc_ln40 == 0 & trunc_ln41 == 1)> <Delay = 7.30> <CoreInst = "m_axi">   --->   Core 111 'm_axi' <Latency = 6> <II = 1> <Delay = 1.00> <Adapter> <Opcode : 'read' 'write' 'readreq' 'writereq' 'writeresp'>
ST_14 : Operation 299 [7/8] (7.30ns)   --->   "%gmem_load_426_req = readreq i1 @_ssdm_op_ReadReq.m_axi.i8P1A, i8 %gmem_addr_22, i64 1" [cnn_accel.cpp:51]   --->   Operation 299 'readreq' 'gmem_load_426_req' <Predicate = (!icmp_ln40 & !thr_or32 & trunc_ln40 == 0 & trunc_ln41 == 1)> <Delay = 7.30> <CoreInst = "m_axi">   --->   Core 111 'm_axi' <Latency = 6> <II = 1> <Delay = 1.00> <Adapter> <Opcode : 'read' 'write' 'readreq' 'writereq' 'writeresp'>
ST_14 : Operation 300 [6/8] (7.30ns)   --->   "%gmem_load_423_req = readreq i1 @_ssdm_op_ReadReq.m_axi.i8P1A, i8 %gmem_addr_16, i64 1" [cnn_accel.cpp:51]   --->   Operation 300 'readreq' 'gmem_load_423_req' <Predicate = (!icmp_ln40 & !thr_or32 & trunc_ln40 == 0 & trunc_ln41 == 0)> <Delay = 7.30> <CoreInst = "m_axi">   --->   Core 111 'm_axi' <Latency = 6> <II = 1> <Delay = 1.00> <Adapter> <Opcode : 'read' 'write' 'readreq' 'writereq' 'writeresp'>
ST_14 : Operation 301 [7/8] (7.30ns)   --->   "%gmem_load_424_req = readreq i1 @_ssdm_op_ReadReq.m_axi.i8P1A, i8 %gmem_addr_21, i64 1" [cnn_accel.cpp:51]   --->   Operation 301 'readreq' 'gmem_load_424_req' <Predicate = (!icmp_ln40 & !thr_or32 & trunc_ln40 == 0 & trunc_ln41 == 0)> <Delay = 7.30> <CoreInst = "m_axi">   --->   Core 111 'm_axi' <Latency = 6> <II = 1> <Delay = 1.00> <Adapter> <Opcode : 'read' 'write' 'readreq' 'writereq' 'writeresp'>
ST_14 : Operation 302 [6/8] (7.30ns)   --->   "%gmem_load_421_req = readreq i1 @_ssdm_op_ReadReq.m_axi.i8P1A, i8 %gmem_addr_16, i64 1" [cnn_accel.cpp:51]   --->   Operation 302 'readreq' 'gmem_load_421_req' <Predicate = (!icmp_ln40 & !thr_or32 & trunc_ln40 == 0 & trunc_ln41 != 0 & trunc_ln41 != 1)> <Delay = 7.30> <CoreInst = "m_axi">   --->   Core 111 'm_axi' <Latency = 6> <II = 1> <Delay = 1.00> <Adapter> <Opcode : 'read' 'write' 'readreq' 'writereq' 'writeresp'>
ST_14 : Operation 303 [7/8] (7.30ns)   --->   "%gmem_load_422_req = readreq i1 @_ssdm_op_ReadReq.m_axi.i8P1A, i8 %gmem_addr_20, i64 1" [cnn_accel.cpp:51]   --->   Operation 303 'readreq' 'gmem_load_422_req' <Predicate = (!icmp_ln40 & !thr_or32 & trunc_ln40 == 0 & trunc_ln41 != 0 & trunc_ln41 != 1)> <Delay = 7.30> <CoreInst = "m_axi">   --->   Core 111 'm_axi' <Latency = 6> <II = 1> <Delay = 1.00> <Adapter> <Opcode : 'read' 'write' 'readreq' 'writereq' 'writeresp'>
ST_14 : Operation 304 [6/8] (7.30ns)   --->   "%gmem_load_419_req = readreq i1 @_ssdm_op_ReadReq.m_axi.i8P1A, i8 %gmem_addr_16, i64 1" [cnn_accel.cpp:51]   --->   Operation 304 'readreq' 'gmem_load_419_req' <Predicate = (!icmp_ln40 & !thr_or32 & trunc_ln40 != 0 & trunc_ln40 != 1 & trunc_ln41 == 1)> <Delay = 7.30> <CoreInst = "m_axi">   --->   Core 111 'm_axi' <Latency = 6> <II = 1> <Delay = 1.00> <Adapter> <Opcode : 'read' 'write' 'readreq' 'writereq' 'writeresp'>
ST_14 : Operation 305 [7/8] (7.30ns)   --->   "%gmem_load_420_req = readreq i1 @_ssdm_op_ReadReq.m_axi.i8P1A, i8 %gmem_addr_19, i64 1" [cnn_accel.cpp:51]   --->   Operation 305 'readreq' 'gmem_load_420_req' <Predicate = (!icmp_ln40 & !thr_or32 & trunc_ln40 != 0 & trunc_ln40 != 1 & trunc_ln41 == 1)> <Delay = 7.30> <CoreInst = "m_axi">   --->   Core 111 'm_axi' <Latency = 6> <II = 1> <Delay = 1.00> <Adapter> <Opcode : 'read' 'write' 'readreq' 'writereq' 'writeresp'>
ST_14 : Operation 306 [6/8] (7.30ns)   --->   "%gmem_load_417_req = readreq i1 @_ssdm_op_ReadReq.m_axi.i8P1A, i8 %gmem_addr_16, i64 1" [cnn_accel.cpp:51]   --->   Operation 306 'readreq' 'gmem_load_417_req' <Predicate = (!icmp_ln40 & !thr_or32 & trunc_ln40 != 0 & trunc_ln40 != 1 & trunc_ln41 == 0)> <Delay = 7.30> <CoreInst = "m_axi">   --->   Core 111 'm_axi' <Latency = 6> <II = 1> <Delay = 1.00> <Adapter> <Opcode : 'read' 'write' 'readreq' 'writereq' 'writeresp'>
ST_14 : Operation 307 [7/8] (7.30ns)   --->   "%gmem_load_418_req = readreq i1 @_ssdm_op_ReadReq.m_axi.i8P1A, i8 %gmem_addr_18, i64 1" [cnn_accel.cpp:51]   --->   Operation 307 'readreq' 'gmem_load_418_req' <Predicate = (!icmp_ln40 & !thr_or32 & trunc_ln40 != 0 & trunc_ln40 != 1 & trunc_ln41 == 0)> <Delay = 7.30> <CoreInst = "m_axi">   --->   Core 111 'm_axi' <Latency = 6> <II = 1> <Delay = 1.00> <Adapter> <Opcode : 'read' 'write' 'readreq' 'writereq' 'writeresp'>
ST_14 : Operation 308 [6/8] (7.30ns)   --->   "%gmem_load_415_req = readreq i1 @_ssdm_op_ReadReq.m_axi.i8P1A, i8 %gmem_addr_16, i64 1" [cnn_accel.cpp:51]   --->   Operation 308 'readreq' 'gmem_load_415_req' <Predicate = (!icmp_ln40 & !thr_or32 & trunc_ln40 != 0 & trunc_ln40 != 1 & trunc_ln41 != 0 & trunc_ln41 != 1)> <Delay = 7.30> <CoreInst = "m_axi">   --->   Core 111 'm_axi' <Latency = 6> <II = 1> <Delay = 1.00> <Adapter> <Opcode : 'read' 'write' 'readreq' 'writereq' 'writeresp'>
ST_14 : Operation 309 [7/8] (7.30ns)   --->   "%gmem_load_416_req = readreq i1 @_ssdm_op_ReadReq.m_axi.i8P1A, i8 %gmem_addr_17, i64 1" [cnn_accel.cpp:51]   --->   Operation 309 'readreq' 'gmem_load_416_req' <Predicate = (!icmp_ln40 & !thr_or32 & trunc_ln40 != 0 & trunc_ln40 != 1 & trunc_ln41 != 0 & trunc_ln41 != 1)> <Delay = 7.30> <CoreInst = "m_axi">   --->   Core 111 'm_axi' <Latency = 6> <II = 1> <Delay = 1.00> <Adapter> <Opcode : 'read' 'write' 'readreq' 'writereq' 'writeresp'>

State 15 <SV = 14> <Delay = 7.30>
ST_15 : Operation 310 [5/8] (7.30ns)   --->   "%gmem_load_431_req = readreq i1 @_ssdm_op_ReadReq.m_axi.i8P1A, i8 %gmem_addr_16, i64 1" [cnn_accel.cpp:51]   --->   Operation 310 'readreq' 'gmem_load_431_req' <Predicate = (!icmp_ln40 & !thr_or32 & trunc_ln40 == 1 & trunc_ln41 == 1)> <Delay = 7.30> <CoreInst = "m_axi">   --->   Core 111 'm_axi' <Latency = 6> <II = 1> <Delay = 1.00> <Adapter> <Opcode : 'read' 'write' 'readreq' 'writereq' 'writeresp'>
ST_15 : Operation 311 [6/8] (7.30ns)   --->   "%gmem_load_432_req = readreq i1 @_ssdm_op_ReadReq.m_axi.i8P1A, i8 %gmem_addr_25, i64 1" [cnn_accel.cpp:51]   --->   Operation 311 'readreq' 'gmem_load_432_req' <Predicate = (!icmp_ln40 & !thr_or32 & trunc_ln40 == 1 & trunc_ln41 == 1)> <Delay = 7.30> <CoreInst = "m_axi">   --->   Core 111 'm_axi' <Latency = 6> <II = 1> <Delay = 1.00> <Adapter> <Opcode : 'read' 'write' 'readreq' 'writereq' 'writeresp'>
ST_15 : Operation 312 [5/8] (7.30ns)   --->   "%gmem_load_429_req = readreq i1 @_ssdm_op_ReadReq.m_axi.i8P1A, i8 %gmem_addr_16, i64 1" [cnn_accel.cpp:51]   --->   Operation 312 'readreq' 'gmem_load_429_req' <Predicate = (!icmp_ln40 & !thr_or32 & trunc_ln40 == 1 & trunc_ln41 == 0)> <Delay = 7.30> <CoreInst = "m_axi">   --->   Core 111 'm_axi' <Latency = 6> <II = 1> <Delay = 1.00> <Adapter> <Opcode : 'read' 'write' 'readreq' 'writereq' 'writeresp'>
ST_15 : Operation 313 [6/8] (7.30ns)   --->   "%gmem_load_430_req = readreq i1 @_ssdm_op_ReadReq.m_axi.i8P1A, i8 %gmem_addr_24, i64 1" [cnn_accel.cpp:51]   --->   Operation 313 'readreq' 'gmem_load_430_req' <Predicate = (!icmp_ln40 & !thr_or32 & trunc_ln40 == 1 & trunc_ln41 == 0)> <Delay = 7.30> <CoreInst = "m_axi">   --->   Core 111 'm_axi' <Latency = 6> <II = 1> <Delay = 1.00> <Adapter> <Opcode : 'read' 'write' 'readreq' 'writereq' 'writeresp'>
ST_15 : Operation 314 [5/8] (7.30ns)   --->   "%gmem_load_427_req = readreq i1 @_ssdm_op_ReadReq.m_axi.i8P1A, i8 %gmem_addr_16, i64 1" [cnn_accel.cpp:51]   --->   Operation 314 'readreq' 'gmem_load_427_req' <Predicate = (!icmp_ln40 & !thr_or32 & trunc_ln40 == 1 & trunc_ln41 != 0 & trunc_ln41 != 1)> <Delay = 7.30> <CoreInst = "m_axi">   --->   Core 111 'm_axi' <Latency = 6> <II = 1> <Delay = 1.00> <Adapter> <Opcode : 'read' 'write' 'readreq' 'writereq' 'writeresp'>
ST_15 : Operation 315 [6/8] (7.30ns)   --->   "%gmem_load_428_req = readreq i1 @_ssdm_op_ReadReq.m_axi.i8P1A, i8 %gmem_addr_23, i64 1" [cnn_accel.cpp:51]   --->   Operation 315 'readreq' 'gmem_load_428_req' <Predicate = (!icmp_ln40 & !thr_or32 & trunc_ln40 == 1 & trunc_ln41 != 0 & trunc_ln41 != 1)> <Delay = 7.30> <CoreInst = "m_axi">   --->   Core 111 'm_axi' <Latency = 6> <II = 1> <Delay = 1.00> <Adapter> <Opcode : 'read' 'write' 'readreq' 'writereq' 'writeresp'>
ST_15 : Operation 316 [5/8] (7.30ns)   --->   "%gmem_load_425_req = readreq i1 @_ssdm_op_ReadReq.m_axi.i8P1A, i8 %gmem_addr_16, i64 1" [cnn_accel.cpp:51]   --->   Operation 316 'readreq' 'gmem_load_425_req' <Predicate = (!icmp_ln40 & !thr_or32 & trunc_ln40 == 0 & trunc_ln41 == 1)> <Delay = 7.30> <CoreInst = "m_axi">   --->   Core 111 'm_axi' <Latency = 6> <II = 1> <Delay = 1.00> <Adapter> <Opcode : 'read' 'write' 'readreq' 'writereq' 'writeresp'>
ST_15 : Operation 317 [6/8] (7.30ns)   --->   "%gmem_load_426_req = readreq i1 @_ssdm_op_ReadReq.m_axi.i8P1A, i8 %gmem_addr_22, i64 1" [cnn_accel.cpp:51]   --->   Operation 317 'readreq' 'gmem_load_426_req' <Predicate = (!icmp_ln40 & !thr_or32 & trunc_ln40 == 0 & trunc_ln41 == 1)> <Delay = 7.30> <CoreInst = "m_axi">   --->   Core 111 'm_axi' <Latency = 6> <II = 1> <Delay = 1.00> <Adapter> <Opcode : 'read' 'write' 'readreq' 'writereq' 'writeresp'>
ST_15 : Operation 318 [5/8] (7.30ns)   --->   "%gmem_load_423_req = readreq i1 @_ssdm_op_ReadReq.m_axi.i8P1A, i8 %gmem_addr_16, i64 1" [cnn_accel.cpp:51]   --->   Operation 318 'readreq' 'gmem_load_423_req' <Predicate = (!icmp_ln40 & !thr_or32 & trunc_ln40 == 0 & trunc_ln41 == 0)> <Delay = 7.30> <CoreInst = "m_axi">   --->   Core 111 'm_axi' <Latency = 6> <II = 1> <Delay = 1.00> <Adapter> <Opcode : 'read' 'write' 'readreq' 'writereq' 'writeresp'>
ST_15 : Operation 319 [6/8] (7.30ns)   --->   "%gmem_load_424_req = readreq i1 @_ssdm_op_ReadReq.m_axi.i8P1A, i8 %gmem_addr_21, i64 1" [cnn_accel.cpp:51]   --->   Operation 319 'readreq' 'gmem_load_424_req' <Predicate = (!icmp_ln40 & !thr_or32 & trunc_ln40 == 0 & trunc_ln41 == 0)> <Delay = 7.30> <CoreInst = "m_axi">   --->   Core 111 'm_axi' <Latency = 6> <II = 1> <Delay = 1.00> <Adapter> <Opcode : 'read' 'write' 'readreq' 'writereq' 'writeresp'>
ST_15 : Operation 320 [5/8] (7.30ns)   --->   "%gmem_load_421_req = readreq i1 @_ssdm_op_ReadReq.m_axi.i8P1A, i8 %gmem_addr_16, i64 1" [cnn_accel.cpp:51]   --->   Operation 320 'readreq' 'gmem_load_421_req' <Predicate = (!icmp_ln40 & !thr_or32 & trunc_ln40 == 0 & trunc_ln41 != 0 & trunc_ln41 != 1)> <Delay = 7.30> <CoreInst = "m_axi">   --->   Core 111 'm_axi' <Latency = 6> <II = 1> <Delay = 1.00> <Adapter> <Opcode : 'read' 'write' 'readreq' 'writereq' 'writeresp'>
ST_15 : Operation 321 [6/8] (7.30ns)   --->   "%gmem_load_422_req = readreq i1 @_ssdm_op_ReadReq.m_axi.i8P1A, i8 %gmem_addr_20, i64 1" [cnn_accel.cpp:51]   --->   Operation 321 'readreq' 'gmem_load_422_req' <Predicate = (!icmp_ln40 & !thr_or32 & trunc_ln40 == 0 & trunc_ln41 != 0 & trunc_ln41 != 1)> <Delay = 7.30> <CoreInst = "m_axi">   --->   Core 111 'm_axi' <Latency = 6> <II = 1> <Delay = 1.00> <Adapter> <Opcode : 'read' 'write' 'readreq' 'writereq' 'writeresp'>
ST_15 : Operation 322 [5/8] (7.30ns)   --->   "%gmem_load_419_req = readreq i1 @_ssdm_op_ReadReq.m_axi.i8P1A, i8 %gmem_addr_16, i64 1" [cnn_accel.cpp:51]   --->   Operation 322 'readreq' 'gmem_load_419_req' <Predicate = (!icmp_ln40 & !thr_or32 & trunc_ln40 != 0 & trunc_ln40 != 1 & trunc_ln41 == 1)> <Delay = 7.30> <CoreInst = "m_axi">   --->   Core 111 'm_axi' <Latency = 6> <II = 1> <Delay = 1.00> <Adapter> <Opcode : 'read' 'write' 'readreq' 'writereq' 'writeresp'>
ST_15 : Operation 323 [6/8] (7.30ns)   --->   "%gmem_load_420_req = readreq i1 @_ssdm_op_ReadReq.m_axi.i8P1A, i8 %gmem_addr_19, i64 1" [cnn_accel.cpp:51]   --->   Operation 323 'readreq' 'gmem_load_420_req' <Predicate = (!icmp_ln40 & !thr_or32 & trunc_ln40 != 0 & trunc_ln40 != 1 & trunc_ln41 == 1)> <Delay = 7.30> <CoreInst = "m_axi">   --->   Core 111 'm_axi' <Latency = 6> <II = 1> <Delay = 1.00> <Adapter> <Opcode : 'read' 'write' 'readreq' 'writereq' 'writeresp'>
ST_15 : Operation 324 [5/8] (7.30ns)   --->   "%gmem_load_417_req = readreq i1 @_ssdm_op_ReadReq.m_axi.i8P1A, i8 %gmem_addr_16, i64 1" [cnn_accel.cpp:51]   --->   Operation 324 'readreq' 'gmem_load_417_req' <Predicate = (!icmp_ln40 & !thr_or32 & trunc_ln40 != 0 & trunc_ln40 != 1 & trunc_ln41 == 0)> <Delay = 7.30> <CoreInst = "m_axi">   --->   Core 111 'm_axi' <Latency = 6> <II = 1> <Delay = 1.00> <Adapter> <Opcode : 'read' 'write' 'readreq' 'writereq' 'writeresp'>
ST_15 : Operation 325 [6/8] (7.30ns)   --->   "%gmem_load_418_req = readreq i1 @_ssdm_op_ReadReq.m_axi.i8P1A, i8 %gmem_addr_18, i64 1" [cnn_accel.cpp:51]   --->   Operation 325 'readreq' 'gmem_load_418_req' <Predicate = (!icmp_ln40 & !thr_or32 & trunc_ln40 != 0 & trunc_ln40 != 1 & trunc_ln41 == 0)> <Delay = 7.30> <CoreInst = "m_axi">   --->   Core 111 'm_axi' <Latency = 6> <II = 1> <Delay = 1.00> <Adapter> <Opcode : 'read' 'write' 'readreq' 'writereq' 'writeresp'>
ST_15 : Operation 326 [5/8] (7.30ns)   --->   "%gmem_load_415_req = readreq i1 @_ssdm_op_ReadReq.m_axi.i8P1A, i8 %gmem_addr_16, i64 1" [cnn_accel.cpp:51]   --->   Operation 326 'readreq' 'gmem_load_415_req' <Predicate = (!icmp_ln40 & !thr_or32 & trunc_ln40 != 0 & trunc_ln40 != 1 & trunc_ln41 != 0 & trunc_ln41 != 1)> <Delay = 7.30> <CoreInst = "m_axi">   --->   Core 111 'm_axi' <Latency = 6> <II = 1> <Delay = 1.00> <Adapter> <Opcode : 'read' 'write' 'readreq' 'writereq' 'writeresp'>
ST_15 : Operation 327 [6/8] (7.30ns)   --->   "%gmem_load_416_req = readreq i1 @_ssdm_op_ReadReq.m_axi.i8P1A, i8 %gmem_addr_17, i64 1" [cnn_accel.cpp:51]   --->   Operation 327 'readreq' 'gmem_load_416_req' <Predicate = (!icmp_ln40 & !thr_or32 & trunc_ln40 != 0 & trunc_ln40 != 1 & trunc_ln41 != 0 & trunc_ln41 != 1)> <Delay = 7.30> <CoreInst = "m_axi">   --->   Core 111 'm_axi' <Latency = 6> <II = 1> <Delay = 1.00> <Adapter> <Opcode : 'read' 'write' 'readreq' 'writereq' 'writeresp'>

State 16 <SV = 15> <Delay = 7.30>
ST_16 : Operation 328 [4/8] (7.30ns)   --->   "%gmem_load_431_req = readreq i1 @_ssdm_op_ReadReq.m_axi.i8P1A, i8 %gmem_addr_16, i64 1" [cnn_accel.cpp:51]   --->   Operation 328 'readreq' 'gmem_load_431_req' <Predicate = (!icmp_ln40 & !thr_or32 & trunc_ln40 == 1 & trunc_ln41 == 1)> <Delay = 7.30> <CoreInst = "m_axi">   --->   Core 111 'm_axi' <Latency = 6> <II = 1> <Delay = 1.00> <Adapter> <Opcode : 'read' 'write' 'readreq' 'writereq' 'writeresp'>
ST_16 : Operation 329 [5/8] (7.30ns)   --->   "%gmem_load_432_req = readreq i1 @_ssdm_op_ReadReq.m_axi.i8P1A, i8 %gmem_addr_25, i64 1" [cnn_accel.cpp:51]   --->   Operation 329 'readreq' 'gmem_load_432_req' <Predicate = (!icmp_ln40 & !thr_or32 & trunc_ln40 == 1 & trunc_ln41 == 1)> <Delay = 7.30> <CoreInst = "m_axi">   --->   Core 111 'm_axi' <Latency = 6> <II = 1> <Delay = 1.00> <Adapter> <Opcode : 'read' 'write' 'readreq' 'writereq' 'writeresp'>
ST_16 : Operation 330 [4/8] (7.30ns)   --->   "%gmem_load_429_req = readreq i1 @_ssdm_op_ReadReq.m_axi.i8P1A, i8 %gmem_addr_16, i64 1" [cnn_accel.cpp:51]   --->   Operation 330 'readreq' 'gmem_load_429_req' <Predicate = (!icmp_ln40 & !thr_or32 & trunc_ln40 == 1 & trunc_ln41 == 0)> <Delay = 7.30> <CoreInst = "m_axi">   --->   Core 111 'm_axi' <Latency = 6> <II = 1> <Delay = 1.00> <Adapter> <Opcode : 'read' 'write' 'readreq' 'writereq' 'writeresp'>
ST_16 : Operation 331 [5/8] (7.30ns)   --->   "%gmem_load_430_req = readreq i1 @_ssdm_op_ReadReq.m_axi.i8P1A, i8 %gmem_addr_24, i64 1" [cnn_accel.cpp:51]   --->   Operation 331 'readreq' 'gmem_load_430_req' <Predicate = (!icmp_ln40 & !thr_or32 & trunc_ln40 == 1 & trunc_ln41 == 0)> <Delay = 7.30> <CoreInst = "m_axi">   --->   Core 111 'm_axi' <Latency = 6> <II = 1> <Delay = 1.00> <Adapter> <Opcode : 'read' 'write' 'readreq' 'writereq' 'writeresp'>
ST_16 : Operation 332 [4/8] (7.30ns)   --->   "%gmem_load_427_req = readreq i1 @_ssdm_op_ReadReq.m_axi.i8P1A, i8 %gmem_addr_16, i64 1" [cnn_accel.cpp:51]   --->   Operation 332 'readreq' 'gmem_load_427_req' <Predicate = (!icmp_ln40 & !thr_or32 & trunc_ln40 == 1 & trunc_ln41 != 0 & trunc_ln41 != 1)> <Delay = 7.30> <CoreInst = "m_axi">   --->   Core 111 'm_axi' <Latency = 6> <II = 1> <Delay = 1.00> <Adapter> <Opcode : 'read' 'write' 'readreq' 'writereq' 'writeresp'>
ST_16 : Operation 333 [5/8] (7.30ns)   --->   "%gmem_load_428_req = readreq i1 @_ssdm_op_ReadReq.m_axi.i8P1A, i8 %gmem_addr_23, i64 1" [cnn_accel.cpp:51]   --->   Operation 333 'readreq' 'gmem_load_428_req' <Predicate = (!icmp_ln40 & !thr_or32 & trunc_ln40 == 1 & trunc_ln41 != 0 & trunc_ln41 != 1)> <Delay = 7.30> <CoreInst = "m_axi">   --->   Core 111 'm_axi' <Latency = 6> <II = 1> <Delay = 1.00> <Adapter> <Opcode : 'read' 'write' 'readreq' 'writereq' 'writeresp'>
ST_16 : Operation 334 [4/8] (7.30ns)   --->   "%gmem_load_425_req = readreq i1 @_ssdm_op_ReadReq.m_axi.i8P1A, i8 %gmem_addr_16, i64 1" [cnn_accel.cpp:51]   --->   Operation 334 'readreq' 'gmem_load_425_req' <Predicate = (!icmp_ln40 & !thr_or32 & trunc_ln40 == 0 & trunc_ln41 == 1)> <Delay = 7.30> <CoreInst = "m_axi">   --->   Core 111 'm_axi' <Latency = 6> <II = 1> <Delay = 1.00> <Adapter> <Opcode : 'read' 'write' 'readreq' 'writereq' 'writeresp'>
ST_16 : Operation 335 [5/8] (7.30ns)   --->   "%gmem_load_426_req = readreq i1 @_ssdm_op_ReadReq.m_axi.i8P1A, i8 %gmem_addr_22, i64 1" [cnn_accel.cpp:51]   --->   Operation 335 'readreq' 'gmem_load_426_req' <Predicate = (!icmp_ln40 & !thr_or32 & trunc_ln40 == 0 & trunc_ln41 == 1)> <Delay = 7.30> <CoreInst = "m_axi">   --->   Core 111 'm_axi' <Latency = 6> <II = 1> <Delay = 1.00> <Adapter> <Opcode : 'read' 'write' 'readreq' 'writereq' 'writeresp'>
ST_16 : Operation 336 [4/8] (7.30ns)   --->   "%gmem_load_423_req = readreq i1 @_ssdm_op_ReadReq.m_axi.i8P1A, i8 %gmem_addr_16, i64 1" [cnn_accel.cpp:51]   --->   Operation 336 'readreq' 'gmem_load_423_req' <Predicate = (!icmp_ln40 & !thr_or32 & trunc_ln40 == 0 & trunc_ln41 == 0)> <Delay = 7.30> <CoreInst = "m_axi">   --->   Core 111 'm_axi' <Latency = 6> <II = 1> <Delay = 1.00> <Adapter> <Opcode : 'read' 'write' 'readreq' 'writereq' 'writeresp'>
ST_16 : Operation 337 [5/8] (7.30ns)   --->   "%gmem_load_424_req = readreq i1 @_ssdm_op_ReadReq.m_axi.i8P1A, i8 %gmem_addr_21, i64 1" [cnn_accel.cpp:51]   --->   Operation 337 'readreq' 'gmem_load_424_req' <Predicate = (!icmp_ln40 & !thr_or32 & trunc_ln40 == 0 & trunc_ln41 == 0)> <Delay = 7.30> <CoreInst = "m_axi">   --->   Core 111 'm_axi' <Latency = 6> <II = 1> <Delay = 1.00> <Adapter> <Opcode : 'read' 'write' 'readreq' 'writereq' 'writeresp'>
ST_16 : Operation 338 [4/8] (7.30ns)   --->   "%gmem_load_421_req = readreq i1 @_ssdm_op_ReadReq.m_axi.i8P1A, i8 %gmem_addr_16, i64 1" [cnn_accel.cpp:51]   --->   Operation 338 'readreq' 'gmem_load_421_req' <Predicate = (!icmp_ln40 & !thr_or32 & trunc_ln40 == 0 & trunc_ln41 != 0 & trunc_ln41 != 1)> <Delay = 7.30> <CoreInst = "m_axi">   --->   Core 111 'm_axi' <Latency = 6> <II = 1> <Delay = 1.00> <Adapter> <Opcode : 'read' 'write' 'readreq' 'writereq' 'writeresp'>
ST_16 : Operation 339 [5/8] (7.30ns)   --->   "%gmem_load_422_req = readreq i1 @_ssdm_op_ReadReq.m_axi.i8P1A, i8 %gmem_addr_20, i64 1" [cnn_accel.cpp:51]   --->   Operation 339 'readreq' 'gmem_load_422_req' <Predicate = (!icmp_ln40 & !thr_or32 & trunc_ln40 == 0 & trunc_ln41 != 0 & trunc_ln41 != 1)> <Delay = 7.30> <CoreInst = "m_axi">   --->   Core 111 'm_axi' <Latency = 6> <II = 1> <Delay = 1.00> <Adapter> <Opcode : 'read' 'write' 'readreq' 'writereq' 'writeresp'>
ST_16 : Operation 340 [4/8] (7.30ns)   --->   "%gmem_load_419_req = readreq i1 @_ssdm_op_ReadReq.m_axi.i8P1A, i8 %gmem_addr_16, i64 1" [cnn_accel.cpp:51]   --->   Operation 340 'readreq' 'gmem_load_419_req' <Predicate = (!icmp_ln40 & !thr_or32 & trunc_ln40 != 0 & trunc_ln40 != 1 & trunc_ln41 == 1)> <Delay = 7.30> <CoreInst = "m_axi">   --->   Core 111 'm_axi' <Latency = 6> <II = 1> <Delay = 1.00> <Adapter> <Opcode : 'read' 'write' 'readreq' 'writereq' 'writeresp'>
ST_16 : Operation 341 [5/8] (7.30ns)   --->   "%gmem_load_420_req = readreq i1 @_ssdm_op_ReadReq.m_axi.i8P1A, i8 %gmem_addr_19, i64 1" [cnn_accel.cpp:51]   --->   Operation 341 'readreq' 'gmem_load_420_req' <Predicate = (!icmp_ln40 & !thr_or32 & trunc_ln40 != 0 & trunc_ln40 != 1 & trunc_ln41 == 1)> <Delay = 7.30> <CoreInst = "m_axi">   --->   Core 111 'm_axi' <Latency = 6> <II = 1> <Delay = 1.00> <Adapter> <Opcode : 'read' 'write' 'readreq' 'writereq' 'writeresp'>
ST_16 : Operation 342 [4/8] (7.30ns)   --->   "%gmem_load_417_req = readreq i1 @_ssdm_op_ReadReq.m_axi.i8P1A, i8 %gmem_addr_16, i64 1" [cnn_accel.cpp:51]   --->   Operation 342 'readreq' 'gmem_load_417_req' <Predicate = (!icmp_ln40 & !thr_or32 & trunc_ln40 != 0 & trunc_ln40 != 1 & trunc_ln41 == 0)> <Delay = 7.30> <CoreInst = "m_axi">   --->   Core 111 'm_axi' <Latency = 6> <II = 1> <Delay = 1.00> <Adapter> <Opcode : 'read' 'write' 'readreq' 'writereq' 'writeresp'>
ST_16 : Operation 343 [5/8] (7.30ns)   --->   "%gmem_load_418_req = readreq i1 @_ssdm_op_ReadReq.m_axi.i8P1A, i8 %gmem_addr_18, i64 1" [cnn_accel.cpp:51]   --->   Operation 343 'readreq' 'gmem_load_418_req' <Predicate = (!icmp_ln40 & !thr_or32 & trunc_ln40 != 0 & trunc_ln40 != 1 & trunc_ln41 == 0)> <Delay = 7.30> <CoreInst = "m_axi">   --->   Core 111 'm_axi' <Latency = 6> <II = 1> <Delay = 1.00> <Adapter> <Opcode : 'read' 'write' 'readreq' 'writereq' 'writeresp'>
ST_16 : Operation 344 [4/8] (7.30ns)   --->   "%gmem_load_415_req = readreq i1 @_ssdm_op_ReadReq.m_axi.i8P1A, i8 %gmem_addr_16, i64 1" [cnn_accel.cpp:51]   --->   Operation 344 'readreq' 'gmem_load_415_req' <Predicate = (!icmp_ln40 & !thr_or32 & trunc_ln40 != 0 & trunc_ln40 != 1 & trunc_ln41 != 0 & trunc_ln41 != 1)> <Delay = 7.30> <CoreInst = "m_axi">   --->   Core 111 'm_axi' <Latency = 6> <II = 1> <Delay = 1.00> <Adapter> <Opcode : 'read' 'write' 'readreq' 'writereq' 'writeresp'>
ST_16 : Operation 345 [5/8] (7.30ns)   --->   "%gmem_load_416_req = readreq i1 @_ssdm_op_ReadReq.m_axi.i8P1A, i8 %gmem_addr_17, i64 1" [cnn_accel.cpp:51]   --->   Operation 345 'readreq' 'gmem_load_416_req' <Predicate = (!icmp_ln40 & !thr_or32 & trunc_ln40 != 0 & trunc_ln40 != 1 & trunc_ln41 != 0 & trunc_ln41 != 1)> <Delay = 7.30> <CoreInst = "m_axi">   --->   Core 111 'm_axi' <Latency = 6> <II = 1> <Delay = 1.00> <Adapter> <Opcode : 'read' 'write' 'readreq' 'writereq' 'writeresp'>

State 17 <SV = 16> <Delay = 7.30>
ST_17 : Operation 346 [3/8] (7.30ns)   --->   "%gmem_load_431_req = readreq i1 @_ssdm_op_ReadReq.m_axi.i8P1A, i8 %gmem_addr_16, i64 1" [cnn_accel.cpp:51]   --->   Operation 346 'readreq' 'gmem_load_431_req' <Predicate = (!icmp_ln40 & !thr_or32 & trunc_ln40 == 1 & trunc_ln41 == 1)> <Delay = 7.30> <CoreInst = "m_axi">   --->   Core 111 'm_axi' <Latency = 6> <II = 1> <Delay = 1.00> <Adapter> <Opcode : 'read' 'write' 'readreq' 'writereq' 'writeresp'>
ST_17 : Operation 347 [4/8] (7.30ns)   --->   "%gmem_load_432_req = readreq i1 @_ssdm_op_ReadReq.m_axi.i8P1A, i8 %gmem_addr_25, i64 1" [cnn_accel.cpp:51]   --->   Operation 347 'readreq' 'gmem_load_432_req' <Predicate = (!icmp_ln40 & !thr_or32 & trunc_ln40 == 1 & trunc_ln41 == 1)> <Delay = 7.30> <CoreInst = "m_axi">   --->   Core 111 'm_axi' <Latency = 6> <II = 1> <Delay = 1.00> <Adapter> <Opcode : 'read' 'write' 'readreq' 'writereq' 'writeresp'>
ST_17 : Operation 348 [3/8] (7.30ns)   --->   "%gmem_load_429_req = readreq i1 @_ssdm_op_ReadReq.m_axi.i8P1A, i8 %gmem_addr_16, i64 1" [cnn_accel.cpp:51]   --->   Operation 348 'readreq' 'gmem_load_429_req' <Predicate = (!icmp_ln40 & !thr_or32 & trunc_ln40 == 1 & trunc_ln41 == 0)> <Delay = 7.30> <CoreInst = "m_axi">   --->   Core 111 'm_axi' <Latency = 6> <II = 1> <Delay = 1.00> <Adapter> <Opcode : 'read' 'write' 'readreq' 'writereq' 'writeresp'>
ST_17 : Operation 349 [4/8] (7.30ns)   --->   "%gmem_load_430_req = readreq i1 @_ssdm_op_ReadReq.m_axi.i8P1A, i8 %gmem_addr_24, i64 1" [cnn_accel.cpp:51]   --->   Operation 349 'readreq' 'gmem_load_430_req' <Predicate = (!icmp_ln40 & !thr_or32 & trunc_ln40 == 1 & trunc_ln41 == 0)> <Delay = 7.30> <CoreInst = "m_axi">   --->   Core 111 'm_axi' <Latency = 6> <II = 1> <Delay = 1.00> <Adapter> <Opcode : 'read' 'write' 'readreq' 'writereq' 'writeresp'>
ST_17 : Operation 350 [3/8] (7.30ns)   --->   "%gmem_load_427_req = readreq i1 @_ssdm_op_ReadReq.m_axi.i8P1A, i8 %gmem_addr_16, i64 1" [cnn_accel.cpp:51]   --->   Operation 350 'readreq' 'gmem_load_427_req' <Predicate = (!icmp_ln40 & !thr_or32 & trunc_ln40 == 1 & trunc_ln41 != 0 & trunc_ln41 != 1)> <Delay = 7.30> <CoreInst = "m_axi">   --->   Core 111 'm_axi' <Latency = 6> <II = 1> <Delay = 1.00> <Adapter> <Opcode : 'read' 'write' 'readreq' 'writereq' 'writeresp'>
ST_17 : Operation 351 [4/8] (7.30ns)   --->   "%gmem_load_428_req = readreq i1 @_ssdm_op_ReadReq.m_axi.i8P1A, i8 %gmem_addr_23, i64 1" [cnn_accel.cpp:51]   --->   Operation 351 'readreq' 'gmem_load_428_req' <Predicate = (!icmp_ln40 & !thr_or32 & trunc_ln40 == 1 & trunc_ln41 != 0 & trunc_ln41 != 1)> <Delay = 7.30> <CoreInst = "m_axi">   --->   Core 111 'm_axi' <Latency = 6> <II = 1> <Delay = 1.00> <Adapter> <Opcode : 'read' 'write' 'readreq' 'writereq' 'writeresp'>
ST_17 : Operation 352 [3/8] (7.30ns)   --->   "%gmem_load_425_req = readreq i1 @_ssdm_op_ReadReq.m_axi.i8P1A, i8 %gmem_addr_16, i64 1" [cnn_accel.cpp:51]   --->   Operation 352 'readreq' 'gmem_load_425_req' <Predicate = (!icmp_ln40 & !thr_or32 & trunc_ln40 == 0 & trunc_ln41 == 1)> <Delay = 7.30> <CoreInst = "m_axi">   --->   Core 111 'm_axi' <Latency = 6> <II = 1> <Delay = 1.00> <Adapter> <Opcode : 'read' 'write' 'readreq' 'writereq' 'writeresp'>
ST_17 : Operation 353 [4/8] (7.30ns)   --->   "%gmem_load_426_req = readreq i1 @_ssdm_op_ReadReq.m_axi.i8P1A, i8 %gmem_addr_22, i64 1" [cnn_accel.cpp:51]   --->   Operation 353 'readreq' 'gmem_load_426_req' <Predicate = (!icmp_ln40 & !thr_or32 & trunc_ln40 == 0 & trunc_ln41 == 1)> <Delay = 7.30> <CoreInst = "m_axi">   --->   Core 111 'm_axi' <Latency = 6> <II = 1> <Delay = 1.00> <Adapter> <Opcode : 'read' 'write' 'readreq' 'writereq' 'writeresp'>
ST_17 : Operation 354 [3/8] (7.30ns)   --->   "%gmem_load_423_req = readreq i1 @_ssdm_op_ReadReq.m_axi.i8P1A, i8 %gmem_addr_16, i64 1" [cnn_accel.cpp:51]   --->   Operation 354 'readreq' 'gmem_load_423_req' <Predicate = (!icmp_ln40 & !thr_or32 & trunc_ln40 == 0 & trunc_ln41 == 0)> <Delay = 7.30> <CoreInst = "m_axi">   --->   Core 111 'm_axi' <Latency = 6> <II = 1> <Delay = 1.00> <Adapter> <Opcode : 'read' 'write' 'readreq' 'writereq' 'writeresp'>
ST_17 : Operation 355 [4/8] (7.30ns)   --->   "%gmem_load_424_req = readreq i1 @_ssdm_op_ReadReq.m_axi.i8P1A, i8 %gmem_addr_21, i64 1" [cnn_accel.cpp:51]   --->   Operation 355 'readreq' 'gmem_load_424_req' <Predicate = (!icmp_ln40 & !thr_or32 & trunc_ln40 == 0 & trunc_ln41 == 0)> <Delay = 7.30> <CoreInst = "m_axi">   --->   Core 111 'm_axi' <Latency = 6> <II = 1> <Delay = 1.00> <Adapter> <Opcode : 'read' 'write' 'readreq' 'writereq' 'writeresp'>
ST_17 : Operation 356 [3/8] (7.30ns)   --->   "%gmem_load_421_req = readreq i1 @_ssdm_op_ReadReq.m_axi.i8P1A, i8 %gmem_addr_16, i64 1" [cnn_accel.cpp:51]   --->   Operation 356 'readreq' 'gmem_load_421_req' <Predicate = (!icmp_ln40 & !thr_or32 & trunc_ln40 == 0 & trunc_ln41 != 0 & trunc_ln41 != 1)> <Delay = 7.30> <CoreInst = "m_axi">   --->   Core 111 'm_axi' <Latency = 6> <II = 1> <Delay = 1.00> <Adapter> <Opcode : 'read' 'write' 'readreq' 'writereq' 'writeresp'>
ST_17 : Operation 357 [4/8] (7.30ns)   --->   "%gmem_load_422_req = readreq i1 @_ssdm_op_ReadReq.m_axi.i8P1A, i8 %gmem_addr_20, i64 1" [cnn_accel.cpp:51]   --->   Operation 357 'readreq' 'gmem_load_422_req' <Predicate = (!icmp_ln40 & !thr_or32 & trunc_ln40 == 0 & trunc_ln41 != 0 & trunc_ln41 != 1)> <Delay = 7.30> <CoreInst = "m_axi">   --->   Core 111 'm_axi' <Latency = 6> <II = 1> <Delay = 1.00> <Adapter> <Opcode : 'read' 'write' 'readreq' 'writereq' 'writeresp'>
ST_17 : Operation 358 [3/8] (7.30ns)   --->   "%gmem_load_419_req = readreq i1 @_ssdm_op_ReadReq.m_axi.i8P1A, i8 %gmem_addr_16, i64 1" [cnn_accel.cpp:51]   --->   Operation 358 'readreq' 'gmem_load_419_req' <Predicate = (!icmp_ln40 & !thr_or32 & trunc_ln40 != 0 & trunc_ln40 != 1 & trunc_ln41 == 1)> <Delay = 7.30> <CoreInst = "m_axi">   --->   Core 111 'm_axi' <Latency = 6> <II = 1> <Delay = 1.00> <Adapter> <Opcode : 'read' 'write' 'readreq' 'writereq' 'writeresp'>
ST_17 : Operation 359 [4/8] (7.30ns)   --->   "%gmem_load_420_req = readreq i1 @_ssdm_op_ReadReq.m_axi.i8P1A, i8 %gmem_addr_19, i64 1" [cnn_accel.cpp:51]   --->   Operation 359 'readreq' 'gmem_load_420_req' <Predicate = (!icmp_ln40 & !thr_or32 & trunc_ln40 != 0 & trunc_ln40 != 1 & trunc_ln41 == 1)> <Delay = 7.30> <CoreInst = "m_axi">   --->   Core 111 'm_axi' <Latency = 6> <II = 1> <Delay = 1.00> <Adapter> <Opcode : 'read' 'write' 'readreq' 'writereq' 'writeresp'>
ST_17 : Operation 360 [3/8] (7.30ns)   --->   "%gmem_load_417_req = readreq i1 @_ssdm_op_ReadReq.m_axi.i8P1A, i8 %gmem_addr_16, i64 1" [cnn_accel.cpp:51]   --->   Operation 360 'readreq' 'gmem_load_417_req' <Predicate = (!icmp_ln40 & !thr_or32 & trunc_ln40 != 0 & trunc_ln40 != 1 & trunc_ln41 == 0)> <Delay = 7.30> <CoreInst = "m_axi">   --->   Core 111 'm_axi' <Latency = 6> <II = 1> <Delay = 1.00> <Adapter> <Opcode : 'read' 'write' 'readreq' 'writereq' 'writeresp'>
ST_17 : Operation 361 [4/8] (7.30ns)   --->   "%gmem_load_418_req = readreq i1 @_ssdm_op_ReadReq.m_axi.i8P1A, i8 %gmem_addr_18, i64 1" [cnn_accel.cpp:51]   --->   Operation 361 'readreq' 'gmem_load_418_req' <Predicate = (!icmp_ln40 & !thr_or32 & trunc_ln40 != 0 & trunc_ln40 != 1 & trunc_ln41 == 0)> <Delay = 7.30> <CoreInst = "m_axi">   --->   Core 111 'm_axi' <Latency = 6> <II = 1> <Delay = 1.00> <Adapter> <Opcode : 'read' 'write' 'readreq' 'writereq' 'writeresp'>
ST_17 : Operation 362 [3/8] (7.30ns)   --->   "%gmem_load_415_req = readreq i1 @_ssdm_op_ReadReq.m_axi.i8P1A, i8 %gmem_addr_16, i64 1" [cnn_accel.cpp:51]   --->   Operation 362 'readreq' 'gmem_load_415_req' <Predicate = (!icmp_ln40 & !thr_or32 & trunc_ln40 != 0 & trunc_ln40 != 1 & trunc_ln41 != 0 & trunc_ln41 != 1)> <Delay = 7.30> <CoreInst = "m_axi">   --->   Core 111 'm_axi' <Latency = 6> <II = 1> <Delay = 1.00> <Adapter> <Opcode : 'read' 'write' 'readreq' 'writereq' 'writeresp'>
ST_17 : Operation 363 [4/8] (7.30ns)   --->   "%gmem_load_416_req = readreq i1 @_ssdm_op_ReadReq.m_axi.i8P1A, i8 %gmem_addr_17, i64 1" [cnn_accel.cpp:51]   --->   Operation 363 'readreq' 'gmem_load_416_req' <Predicate = (!icmp_ln40 & !thr_or32 & trunc_ln40 != 0 & trunc_ln40 != 1 & trunc_ln41 != 0 & trunc_ln41 != 1)> <Delay = 7.30> <CoreInst = "m_axi">   --->   Core 111 'm_axi' <Latency = 6> <II = 1> <Delay = 1.00> <Adapter> <Opcode : 'read' 'write' 'readreq' 'writereq' 'writeresp'>

State 18 <SV = 17> <Delay = 7.30>
ST_18 : Operation 364 [2/8] (7.30ns)   --->   "%gmem_load_431_req = readreq i1 @_ssdm_op_ReadReq.m_axi.i8P1A, i8 %gmem_addr_16, i64 1" [cnn_accel.cpp:51]   --->   Operation 364 'readreq' 'gmem_load_431_req' <Predicate = (!icmp_ln40 & !thr_or32 & trunc_ln40 == 1 & trunc_ln41 == 1)> <Delay = 7.30> <CoreInst = "m_axi">   --->   Core 111 'm_axi' <Latency = 6> <II = 1> <Delay = 1.00> <Adapter> <Opcode : 'read' 'write' 'readreq' 'writereq' 'writeresp'>
ST_18 : Operation 365 [3/8] (7.30ns)   --->   "%gmem_load_432_req = readreq i1 @_ssdm_op_ReadReq.m_axi.i8P1A, i8 %gmem_addr_25, i64 1" [cnn_accel.cpp:51]   --->   Operation 365 'readreq' 'gmem_load_432_req' <Predicate = (!icmp_ln40 & !thr_or32 & trunc_ln40 == 1 & trunc_ln41 == 1)> <Delay = 7.30> <CoreInst = "m_axi">   --->   Core 111 'm_axi' <Latency = 6> <II = 1> <Delay = 1.00> <Adapter> <Opcode : 'read' 'write' 'readreq' 'writereq' 'writeresp'>
ST_18 : Operation 366 [2/8] (7.30ns)   --->   "%gmem_load_429_req = readreq i1 @_ssdm_op_ReadReq.m_axi.i8P1A, i8 %gmem_addr_16, i64 1" [cnn_accel.cpp:51]   --->   Operation 366 'readreq' 'gmem_load_429_req' <Predicate = (!icmp_ln40 & !thr_or32 & trunc_ln40 == 1 & trunc_ln41 == 0)> <Delay = 7.30> <CoreInst = "m_axi">   --->   Core 111 'm_axi' <Latency = 6> <II = 1> <Delay = 1.00> <Adapter> <Opcode : 'read' 'write' 'readreq' 'writereq' 'writeresp'>
ST_18 : Operation 367 [3/8] (7.30ns)   --->   "%gmem_load_430_req = readreq i1 @_ssdm_op_ReadReq.m_axi.i8P1A, i8 %gmem_addr_24, i64 1" [cnn_accel.cpp:51]   --->   Operation 367 'readreq' 'gmem_load_430_req' <Predicate = (!icmp_ln40 & !thr_or32 & trunc_ln40 == 1 & trunc_ln41 == 0)> <Delay = 7.30> <CoreInst = "m_axi">   --->   Core 111 'm_axi' <Latency = 6> <II = 1> <Delay = 1.00> <Adapter> <Opcode : 'read' 'write' 'readreq' 'writereq' 'writeresp'>
ST_18 : Operation 368 [2/8] (7.30ns)   --->   "%gmem_load_427_req = readreq i1 @_ssdm_op_ReadReq.m_axi.i8P1A, i8 %gmem_addr_16, i64 1" [cnn_accel.cpp:51]   --->   Operation 368 'readreq' 'gmem_load_427_req' <Predicate = (!icmp_ln40 & !thr_or32 & trunc_ln40 == 1 & trunc_ln41 != 0 & trunc_ln41 != 1)> <Delay = 7.30> <CoreInst = "m_axi">   --->   Core 111 'm_axi' <Latency = 6> <II = 1> <Delay = 1.00> <Adapter> <Opcode : 'read' 'write' 'readreq' 'writereq' 'writeresp'>
ST_18 : Operation 369 [3/8] (7.30ns)   --->   "%gmem_load_428_req = readreq i1 @_ssdm_op_ReadReq.m_axi.i8P1A, i8 %gmem_addr_23, i64 1" [cnn_accel.cpp:51]   --->   Operation 369 'readreq' 'gmem_load_428_req' <Predicate = (!icmp_ln40 & !thr_or32 & trunc_ln40 == 1 & trunc_ln41 != 0 & trunc_ln41 != 1)> <Delay = 7.30> <CoreInst = "m_axi">   --->   Core 111 'm_axi' <Latency = 6> <II = 1> <Delay = 1.00> <Adapter> <Opcode : 'read' 'write' 'readreq' 'writereq' 'writeresp'>
ST_18 : Operation 370 [2/8] (7.30ns)   --->   "%gmem_load_425_req = readreq i1 @_ssdm_op_ReadReq.m_axi.i8P1A, i8 %gmem_addr_16, i64 1" [cnn_accel.cpp:51]   --->   Operation 370 'readreq' 'gmem_load_425_req' <Predicate = (!icmp_ln40 & !thr_or32 & trunc_ln40 == 0 & trunc_ln41 == 1)> <Delay = 7.30> <CoreInst = "m_axi">   --->   Core 111 'm_axi' <Latency = 6> <II = 1> <Delay = 1.00> <Adapter> <Opcode : 'read' 'write' 'readreq' 'writereq' 'writeresp'>
ST_18 : Operation 371 [3/8] (7.30ns)   --->   "%gmem_load_426_req = readreq i1 @_ssdm_op_ReadReq.m_axi.i8P1A, i8 %gmem_addr_22, i64 1" [cnn_accel.cpp:51]   --->   Operation 371 'readreq' 'gmem_load_426_req' <Predicate = (!icmp_ln40 & !thr_or32 & trunc_ln40 == 0 & trunc_ln41 == 1)> <Delay = 7.30> <CoreInst = "m_axi">   --->   Core 111 'm_axi' <Latency = 6> <II = 1> <Delay = 1.00> <Adapter> <Opcode : 'read' 'write' 'readreq' 'writereq' 'writeresp'>
ST_18 : Operation 372 [2/8] (7.30ns)   --->   "%gmem_load_423_req = readreq i1 @_ssdm_op_ReadReq.m_axi.i8P1A, i8 %gmem_addr_16, i64 1" [cnn_accel.cpp:51]   --->   Operation 372 'readreq' 'gmem_load_423_req' <Predicate = (!icmp_ln40 & !thr_or32 & trunc_ln40 == 0 & trunc_ln41 == 0)> <Delay = 7.30> <CoreInst = "m_axi">   --->   Core 111 'm_axi' <Latency = 6> <II = 1> <Delay = 1.00> <Adapter> <Opcode : 'read' 'write' 'readreq' 'writereq' 'writeresp'>
ST_18 : Operation 373 [3/8] (7.30ns)   --->   "%gmem_load_424_req = readreq i1 @_ssdm_op_ReadReq.m_axi.i8P1A, i8 %gmem_addr_21, i64 1" [cnn_accel.cpp:51]   --->   Operation 373 'readreq' 'gmem_load_424_req' <Predicate = (!icmp_ln40 & !thr_or32 & trunc_ln40 == 0 & trunc_ln41 == 0)> <Delay = 7.30> <CoreInst = "m_axi">   --->   Core 111 'm_axi' <Latency = 6> <II = 1> <Delay = 1.00> <Adapter> <Opcode : 'read' 'write' 'readreq' 'writereq' 'writeresp'>
ST_18 : Operation 374 [2/8] (7.30ns)   --->   "%gmem_load_421_req = readreq i1 @_ssdm_op_ReadReq.m_axi.i8P1A, i8 %gmem_addr_16, i64 1" [cnn_accel.cpp:51]   --->   Operation 374 'readreq' 'gmem_load_421_req' <Predicate = (!icmp_ln40 & !thr_or32 & trunc_ln40 == 0 & trunc_ln41 != 0 & trunc_ln41 != 1)> <Delay = 7.30> <CoreInst = "m_axi">   --->   Core 111 'm_axi' <Latency = 6> <II = 1> <Delay = 1.00> <Adapter> <Opcode : 'read' 'write' 'readreq' 'writereq' 'writeresp'>
ST_18 : Operation 375 [3/8] (7.30ns)   --->   "%gmem_load_422_req = readreq i1 @_ssdm_op_ReadReq.m_axi.i8P1A, i8 %gmem_addr_20, i64 1" [cnn_accel.cpp:51]   --->   Operation 375 'readreq' 'gmem_load_422_req' <Predicate = (!icmp_ln40 & !thr_or32 & trunc_ln40 == 0 & trunc_ln41 != 0 & trunc_ln41 != 1)> <Delay = 7.30> <CoreInst = "m_axi">   --->   Core 111 'm_axi' <Latency = 6> <II = 1> <Delay = 1.00> <Adapter> <Opcode : 'read' 'write' 'readreq' 'writereq' 'writeresp'>
ST_18 : Operation 376 [2/8] (7.30ns)   --->   "%gmem_load_419_req = readreq i1 @_ssdm_op_ReadReq.m_axi.i8P1A, i8 %gmem_addr_16, i64 1" [cnn_accel.cpp:51]   --->   Operation 376 'readreq' 'gmem_load_419_req' <Predicate = (!icmp_ln40 & !thr_or32 & trunc_ln40 != 0 & trunc_ln40 != 1 & trunc_ln41 == 1)> <Delay = 7.30> <CoreInst = "m_axi">   --->   Core 111 'm_axi' <Latency = 6> <II = 1> <Delay = 1.00> <Adapter> <Opcode : 'read' 'write' 'readreq' 'writereq' 'writeresp'>
ST_18 : Operation 377 [3/8] (7.30ns)   --->   "%gmem_load_420_req = readreq i1 @_ssdm_op_ReadReq.m_axi.i8P1A, i8 %gmem_addr_19, i64 1" [cnn_accel.cpp:51]   --->   Operation 377 'readreq' 'gmem_load_420_req' <Predicate = (!icmp_ln40 & !thr_or32 & trunc_ln40 != 0 & trunc_ln40 != 1 & trunc_ln41 == 1)> <Delay = 7.30> <CoreInst = "m_axi">   --->   Core 111 'm_axi' <Latency = 6> <II = 1> <Delay = 1.00> <Adapter> <Opcode : 'read' 'write' 'readreq' 'writereq' 'writeresp'>
ST_18 : Operation 378 [2/8] (7.30ns)   --->   "%gmem_load_417_req = readreq i1 @_ssdm_op_ReadReq.m_axi.i8P1A, i8 %gmem_addr_16, i64 1" [cnn_accel.cpp:51]   --->   Operation 378 'readreq' 'gmem_load_417_req' <Predicate = (!icmp_ln40 & !thr_or32 & trunc_ln40 != 0 & trunc_ln40 != 1 & trunc_ln41 == 0)> <Delay = 7.30> <CoreInst = "m_axi">   --->   Core 111 'm_axi' <Latency = 6> <II = 1> <Delay = 1.00> <Adapter> <Opcode : 'read' 'write' 'readreq' 'writereq' 'writeresp'>
ST_18 : Operation 379 [3/8] (7.30ns)   --->   "%gmem_load_418_req = readreq i1 @_ssdm_op_ReadReq.m_axi.i8P1A, i8 %gmem_addr_18, i64 1" [cnn_accel.cpp:51]   --->   Operation 379 'readreq' 'gmem_load_418_req' <Predicate = (!icmp_ln40 & !thr_or32 & trunc_ln40 != 0 & trunc_ln40 != 1 & trunc_ln41 == 0)> <Delay = 7.30> <CoreInst = "m_axi">   --->   Core 111 'm_axi' <Latency = 6> <II = 1> <Delay = 1.00> <Adapter> <Opcode : 'read' 'write' 'readreq' 'writereq' 'writeresp'>
ST_18 : Operation 380 [2/8] (7.30ns)   --->   "%gmem_load_415_req = readreq i1 @_ssdm_op_ReadReq.m_axi.i8P1A, i8 %gmem_addr_16, i64 1" [cnn_accel.cpp:51]   --->   Operation 380 'readreq' 'gmem_load_415_req' <Predicate = (!icmp_ln40 & !thr_or32 & trunc_ln40 != 0 & trunc_ln40 != 1 & trunc_ln41 != 0 & trunc_ln41 != 1)> <Delay = 7.30> <CoreInst = "m_axi">   --->   Core 111 'm_axi' <Latency = 6> <II = 1> <Delay = 1.00> <Adapter> <Opcode : 'read' 'write' 'readreq' 'writereq' 'writeresp'>
ST_18 : Operation 381 [3/8] (7.30ns)   --->   "%gmem_load_416_req = readreq i1 @_ssdm_op_ReadReq.m_axi.i8P1A, i8 %gmem_addr_17, i64 1" [cnn_accel.cpp:51]   --->   Operation 381 'readreq' 'gmem_load_416_req' <Predicate = (!icmp_ln40 & !thr_or32 & trunc_ln40 != 0 & trunc_ln40 != 1 & trunc_ln41 != 0 & trunc_ln41 != 1)> <Delay = 7.30> <CoreInst = "m_axi">   --->   Core 111 'm_axi' <Latency = 6> <II = 1> <Delay = 1.00> <Adapter> <Opcode : 'read' 'write' 'readreq' 'writereq' 'writeresp'>

State 19 <SV = 18> <Delay = 7.30>
ST_19 : Operation 382 [1/1] (7.30ns)   --->   "%gmem_addr_read = read i8 @_ssdm_op_Read.m_axi.volatile.i8P1A, i8 %gmem_addr" [cnn_accel.cpp:51]   --->   Operation 382 'read' 'gmem_addr_read' <Predicate = (!icmp_ln40 & !thr_or32)> <Delay = 7.30> <CoreInst = "m_axi">   --->   Core 111 'm_axi' <Latency = 3> <II = 1> <Delay = 1.00> <Adapter> <Opcode : 'read' 'write' 'readreq' 'writereq' 'writeresp'>
ST_19 : Operation 383 [1/8] (7.30ns)   --->   "%gmem_load_431_req = readreq i1 @_ssdm_op_ReadReq.m_axi.i8P1A, i8 %gmem_addr_16, i64 1" [cnn_accel.cpp:51]   --->   Operation 383 'readreq' 'gmem_load_431_req' <Predicate = (!icmp_ln40 & !thr_or32 & trunc_ln40 == 1 & trunc_ln41 == 1)> <Delay = 7.30> <CoreInst = "m_axi">   --->   Core 111 'm_axi' <Latency = 6> <II = 1> <Delay = 1.00> <Adapter> <Opcode : 'read' 'write' 'readreq' 'writereq' 'writeresp'>
ST_19 : Operation 384 [2/8] (7.30ns)   --->   "%gmem_load_432_req = readreq i1 @_ssdm_op_ReadReq.m_axi.i8P1A, i8 %gmem_addr_25, i64 1" [cnn_accel.cpp:51]   --->   Operation 384 'readreq' 'gmem_load_432_req' <Predicate = (!icmp_ln40 & !thr_or32 & trunc_ln40 == 1 & trunc_ln41 == 1)> <Delay = 7.30> <CoreInst = "m_axi">   --->   Core 111 'm_axi' <Latency = 6> <II = 1> <Delay = 1.00> <Adapter> <Opcode : 'read' 'write' 'readreq' 'writereq' 'writeresp'>
ST_19 : Operation 385 [1/8] (7.30ns)   --->   "%gmem_load_429_req = readreq i1 @_ssdm_op_ReadReq.m_axi.i8P1A, i8 %gmem_addr_16, i64 1" [cnn_accel.cpp:51]   --->   Operation 385 'readreq' 'gmem_load_429_req' <Predicate = (!icmp_ln40 & !thr_or32 & trunc_ln40 == 1 & trunc_ln41 == 0)> <Delay = 7.30> <CoreInst = "m_axi">   --->   Core 111 'm_axi' <Latency = 6> <II = 1> <Delay = 1.00> <Adapter> <Opcode : 'read' 'write' 'readreq' 'writereq' 'writeresp'>
ST_19 : Operation 386 [2/8] (7.30ns)   --->   "%gmem_load_430_req = readreq i1 @_ssdm_op_ReadReq.m_axi.i8P1A, i8 %gmem_addr_24, i64 1" [cnn_accel.cpp:51]   --->   Operation 386 'readreq' 'gmem_load_430_req' <Predicate = (!icmp_ln40 & !thr_or32 & trunc_ln40 == 1 & trunc_ln41 == 0)> <Delay = 7.30> <CoreInst = "m_axi">   --->   Core 111 'm_axi' <Latency = 6> <II = 1> <Delay = 1.00> <Adapter> <Opcode : 'read' 'write' 'readreq' 'writereq' 'writeresp'>
ST_19 : Operation 387 [1/8] (7.30ns)   --->   "%gmem_load_427_req = readreq i1 @_ssdm_op_ReadReq.m_axi.i8P1A, i8 %gmem_addr_16, i64 1" [cnn_accel.cpp:51]   --->   Operation 387 'readreq' 'gmem_load_427_req' <Predicate = (!icmp_ln40 & !thr_or32 & trunc_ln40 == 1 & trunc_ln41 != 0 & trunc_ln41 != 1)> <Delay = 7.30> <CoreInst = "m_axi">   --->   Core 111 'm_axi' <Latency = 6> <II = 1> <Delay = 1.00> <Adapter> <Opcode : 'read' 'write' 'readreq' 'writereq' 'writeresp'>
ST_19 : Operation 388 [2/8] (7.30ns)   --->   "%gmem_load_428_req = readreq i1 @_ssdm_op_ReadReq.m_axi.i8P1A, i8 %gmem_addr_23, i64 1" [cnn_accel.cpp:51]   --->   Operation 388 'readreq' 'gmem_load_428_req' <Predicate = (!icmp_ln40 & !thr_or32 & trunc_ln40 == 1 & trunc_ln41 != 0 & trunc_ln41 != 1)> <Delay = 7.30> <CoreInst = "m_axi">   --->   Core 111 'm_axi' <Latency = 6> <II = 1> <Delay = 1.00> <Adapter> <Opcode : 'read' 'write' 'readreq' 'writereq' 'writeresp'>
ST_19 : Operation 389 [1/8] (7.30ns)   --->   "%gmem_load_425_req = readreq i1 @_ssdm_op_ReadReq.m_axi.i8P1A, i8 %gmem_addr_16, i64 1" [cnn_accel.cpp:51]   --->   Operation 389 'readreq' 'gmem_load_425_req' <Predicate = (!icmp_ln40 & !thr_or32 & trunc_ln40 == 0 & trunc_ln41 == 1)> <Delay = 7.30> <CoreInst = "m_axi">   --->   Core 111 'm_axi' <Latency = 6> <II = 1> <Delay = 1.00> <Adapter> <Opcode : 'read' 'write' 'readreq' 'writereq' 'writeresp'>
ST_19 : Operation 390 [2/8] (7.30ns)   --->   "%gmem_load_426_req = readreq i1 @_ssdm_op_ReadReq.m_axi.i8P1A, i8 %gmem_addr_22, i64 1" [cnn_accel.cpp:51]   --->   Operation 390 'readreq' 'gmem_load_426_req' <Predicate = (!icmp_ln40 & !thr_or32 & trunc_ln40 == 0 & trunc_ln41 == 1)> <Delay = 7.30> <CoreInst = "m_axi">   --->   Core 111 'm_axi' <Latency = 6> <II = 1> <Delay = 1.00> <Adapter> <Opcode : 'read' 'write' 'readreq' 'writereq' 'writeresp'>
ST_19 : Operation 391 [1/8] (7.30ns)   --->   "%gmem_load_423_req = readreq i1 @_ssdm_op_ReadReq.m_axi.i8P1A, i8 %gmem_addr_16, i64 1" [cnn_accel.cpp:51]   --->   Operation 391 'readreq' 'gmem_load_423_req' <Predicate = (!icmp_ln40 & !thr_or32 & trunc_ln40 == 0 & trunc_ln41 == 0)> <Delay = 7.30> <CoreInst = "m_axi">   --->   Core 111 'm_axi' <Latency = 6> <II = 1> <Delay = 1.00> <Adapter> <Opcode : 'read' 'write' 'readreq' 'writereq' 'writeresp'>
ST_19 : Operation 392 [2/8] (7.30ns)   --->   "%gmem_load_424_req = readreq i1 @_ssdm_op_ReadReq.m_axi.i8P1A, i8 %gmem_addr_21, i64 1" [cnn_accel.cpp:51]   --->   Operation 392 'readreq' 'gmem_load_424_req' <Predicate = (!icmp_ln40 & !thr_or32 & trunc_ln40 == 0 & trunc_ln41 == 0)> <Delay = 7.30> <CoreInst = "m_axi">   --->   Core 111 'm_axi' <Latency = 6> <II = 1> <Delay = 1.00> <Adapter> <Opcode : 'read' 'write' 'readreq' 'writereq' 'writeresp'>
ST_19 : Operation 393 [1/8] (7.30ns)   --->   "%gmem_load_421_req = readreq i1 @_ssdm_op_ReadReq.m_axi.i8P1A, i8 %gmem_addr_16, i64 1" [cnn_accel.cpp:51]   --->   Operation 393 'readreq' 'gmem_load_421_req' <Predicate = (!icmp_ln40 & !thr_or32 & trunc_ln40 == 0 & trunc_ln41 != 0 & trunc_ln41 != 1)> <Delay = 7.30> <CoreInst = "m_axi">   --->   Core 111 'm_axi' <Latency = 6> <II = 1> <Delay = 1.00> <Adapter> <Opcode : 'read' 'write' 'readreq' 'writereq' 'writeresp'>
ST_19 : Operation 394 [2/8] (7.30ns)   --->   "%gmem_load_422_req = readreq i1 @_ssdm_op_ReadReq.m_axi.i8P1A, i8 %gmem_addr_20, i64 1" [cnn_accel.cpp:51]   --->   Operation 394 'readreq' 'gmem_load_422_req' <Predicate = (!icmp_ln40 & !thr_or32 & trunc_ln40 == 0 & trunc_ln41 != 0 & trunc_ln41 != 1)> <Delay = 7.30> <CoreInst = "m_axi">   --->   Core 111 'm_axi' <Latency = 6> <II = 1> <Delay = 1.00> <Adapter> <Opcode : 'read' 'write' 'readreq' 'writereq' 'writeresp'>
ST_19 : Operation 395 [1/8] (7.30ns)   --->   "%gmem_load_419_req = readreq i1 @_ssdm_op_ReadReq.m_axi.i8P1A, i8 %gmem_addr_16, i64 1" [cnn_accel.cpp:51]   --->   Operation 395 'readreq' 'gmem_load_419_req' <Predicate = (!icmp_ln40 & !thr_or32 & trunc_ln40 != 0 & trunc_ln40 != 1 & trunc_ln41 == 1)> <Delay = 7.30> <CoreInst = "m_axi">   --->   Core 111 'm_axi' <Latency = 6> <II = 1> <Delay = 1.00> <Adapter> <Opcode : 'read' 'write' 'readreq' 'writereq' 'writeresp'>
ST_19 : Operation 396 [2/8] (7.30ns)   --->   "%gmem_load_420_req = readreq i1 @_ssdm_op_ReadReq.m_axi.i8P1A, i8 %gmem_addr_19, i64 1" [cnn_accel.cpp:51]   --->   Operation 396 'readreq' 'gmem_load_420_req' <Predicate = (!icmp_ln40 & !thr_or32 & trunc_ln40 != 0 & trunc_ln40 != 1 & trunc_ln41 == 1)> <Delay = 7.30> <CoreInst = "m_axi">   --->   Core 111 'm_axi' <Latency = 6> <II = 1> <Delay = 1.00> <Adapter> <Opcode : 'read' 'write' 'readreq' 'writereq' 'writeresp'>
ST_19 : Operation 397 [1/8] (7.30ns)   --->   "%gmem_load_417_req = readreq i1 @_ssdm_op_ReadReq.m_axi.i8P1A, i8 %gmem_addr_16, i64 1" [cnn_accel.cpp:51]   --->   Operation 397 'readreq' 'gmem_load_417_req' <Predicate = (!icmp_ln40 & !thr_or32 & trunc_ln40 != 0 & trunc_ln40 != 1 & trunc_ln41 == 0)> <Delay = 7.30> <CoreInst = "m_axi">   --->   Core 111 'm_axi' <Latency = 6> <II = 1> <Delay = 1.00> <Adapter> <Opcode : 'read' 'write' 'readreq' 'writereq' 'writeresp'>
ST_19 : Operation 398 [2/8] (7.30ns)   --->   "%gmem_load_418_req = readreq i1 @_ssdm_op_ReadReq.m_axi.i8P1A, i8 %gmem_addr_18, i64 1" [cnn_accel.cpp:51]   --->   Operation 398 'readreq' 'gmem_load_418_req' <Predicate = (!icmp_ln40 & !thr_or32 & trunc_ln40 != 0 & trunc_ln40 != 1 & trunc_ln41 == 0)> <Delay = 7.30> <CoreInst = "m_axi">   --->   Core 111 'm_axi' <Latency = 6> <II = 1> <Delay = 1.00> <Adapter> <Opcode : 'read' 'write' 'readreq' 'writereq' 'writeresp'>
ST_19 : Operation 399 [1/8] (7.30ns)   --->   "%gmem_load_415_req = readreq i1 @_ssdm_op_ReadReq.m_axi.i8P1A, i8 %gmem_addr_16, i64 1" [cnn_accel.cpp:51]   --->   Operation 399 'readreq' 'gmem_load_415_req' <Predicate = (!icmp_ln40 & !thr_or32 & trunc_ln40 != 0 & trunc_ln40 != 1 & trunc_ln41 != 0 & trunc_ln41 != 1)> <Delay = 7.30> <CoreInst = "m_axi">   --->   Core 111 'm_axi' <Latency = 6> <II = 1> <Delay = 1.00> <Adapter> <Opcode : 'read' 'write' 'readreq' 'writereq' 'writeresp'>
ST_19 : Operation 400 [2/8] (7.30ns)   --->   "%gmem_load_416_req = readreq i1 @_ssdm_op_ReadReq.m_axi.i8P1A, i8 %gmem_addr_17, i64 1" [cnn_accel.cpp:51]   --->   Operation 400 'readreq' 'gmem_load_416_req' <Predicate = (!icmp_ln40 & !thr_or32 & trunc_ln40 != 0 & trunc_ln40 != 1 & trunc_ln41 != 0 & trunc_ln41 != 1)> <Delay = 7.30> <CoreInst = "m_axi">   --->   Core 111 'm_axi' <Latency = 6> <II = 1> <Delay = 1.00> <Adapter> <Opcode : 'read' 'write' 'readreq' 'writereq' 'writeresp'>
ST_19 : Operation 464 [1/1] (1.61ns)   --->   "%ret_ln0 = ret"   --->   Operation 464 'ret' 'ret_ln0' <Predicate = (icmp_ln40)> <Delay = 1.61>

State 20 <SV = 19> <Delay = 7.30>
ST_20 : Operation 401 [1/1] ( I:3.25ns O:3.25ns )   --->   "%store_ln51 = store i8 %gmem_addr_read, i9 %tile_in_442_addr" [cnn_accel.cpp:51]   --->   Operation 401 'store' 'store_ln51' <Predicate = (!thr_or32 & trunc_ln40 == 1 & trunc_ln41 == 1)> <Delay = 3.25> <CoreInst = "RAM_T2P_BRAM">   --->   Core 93 'RAM_T2P_BRAM' <Latency = 1> <II = 1> <Delay = 3.25> <Storage> <Opcode : 'load' 'store'> <Ports = 2> <Width = 8> <Depth = 396> <RAM>
ST_20 : Operation 402 [1/1] (7.30ns)   --->   "%gmem_addr_16_read_8 = read i8 @_ssdm_op_Read.m_axi.volatile.i8P1A, i8 %gmem_addr_16" [cnn_accel.cpp:51]   --->   Operation 402 'read' 'gmem_addr_16_read_8' <Predicate = (!thr_or32 & trunc_ln40 == 1 & trunc_ln41 == 1)> <Delay = 7.30> <CoreInst = "m_axi">   --->   Core 111 'm_axi' <Latency = 3> <II = 1> <Delay = 1.00> <Adapter> <Opcode : 'read' 'write' 'readreq' 'writereq' 'writeresp'>
ST_20 : Operation 403 [1/8] (7.30ns)   --->   "%gmem_load_432_req = readreq i1 @_ssdm_op_ReadReq.m_axi.i8P1A, i8 %gmem_addr_25, i64 1" [cnn_accel.cpp:51]   --->   Operation 403 'readreq' 'gmem_load_432_req' <Predicate = (!thr_or32 & trunc_ln40 == 1 & trunc_ln41 == 1)> <Delay = 7.30> <CoreInst = "m_axi">   --->   Core 111 'm_axi' <Latency = 6> <II = 1> <Delay = 1.00> <Adapter> <Opcode : 'read' 'write' 'readreq' 'writereq' 'writeresp'>
ST_20 : Operation 404 [1/1] ( I:3.25ns O:3.25ns )   --->   "%store_ln51 = store i8 %gmem_addr_read, i9 %tile_in_439_addr" [cnn_accel.cpp:51]   --->   Operation 404 'store' 'store_ln51' <Predicate = (!thr_or32 & trunc_ln40 == 1 & trunc_ln41 == 0)> <Delay = 3.25> <CoreInst = "RAM_T2P_BRAM">   --->   Core 93 'RAM_T2P_BRAM' <Latency = 1> <II = 1> <Delay = 3.25> <Storage> <Opcode : 'load' 'store'> <Ports = 2> <Width = 8> <Depth = 396> <RAM>
ST_20 : Operation 405 [1/8] (7.30ns)   --->   "%gmem_load_430_req = readreq i1 @_ssdm_op_ReadReq.m_axi.i8P1A, i8 %gmem_addr_24, i64 1" [cnn_accel.cpp:51]   --->   Operation 405 'readreq' 'gmem_load_430_req' <Predicate = (!thr_or32 & trunc_ln40 == 1 & trunc_ln41 == 0)> <Delay = 7.30> <CoreInst = "m_axi">   --->   Core 111 'm_axi' <Latency = 6> <II = 1> <Delay = 1.00> <Adapter> <Opcode : 'read' 'write' 'readreq' 'writereq' 'writeresp'>
ST_20 : Operation 406 [1/1] ( I:3.25ns O:3.25ns )   --->   "%store_ln51 = store i8 %gmem_addr_read, i9 %tile_in_445_addr" [cnn_accel.cpp:51]   --->   Operation 406 'store' 'store_ln51' <Predicate = (!thr_or32 & trunc_ln40 == 1 & trunc_ln41 != 0 & trunc_ln41 != 1)> <Delay = 3.25> <CoreInst = "RAM_T2P_BRAM">   --->   Core 93 'RAM_T2P_BRAM' <Latency = 1> <II = 1> <Delay = 3.25> <Storage> <Opcode : 'load' 'store'> <Ports = 2> <Width = 8> <Depth = 396> <RAM>
ST_20 : Operation 407 [1/8] (7.30ns)   --->   "%gmem_load_428_req = readreq i1 @_ssdm_op_ReadReq.m_axi.i8P1A, i8 %gmem_addr_23, i64 1" [cnn_accel.cpp:51]   --->   Operation 407 'readreq' 'gmem_load_428_req' <Predicate = (!thr_or32 & trunc_ln40 == 1 & trunc_ln41 != 0 & trunc_ln41 != 1)> <Delay = 7.30> <CoreInst = "m_axi">   --->   Core 111 'm_axi' <Latency = 6> <II = 1> <Delay = 1.00> <Adapter> <Opcode : 'read' 'write' 'readreq' 'writereq' 'writeresp'>
ST_20 : Operation 408 [1/1] ( I:3.25ns O:3.25ns )   --->   "%store_ln51 = store i8 %gmem_addr_read, i9 %tile_in_433_addr" [cnn_accel.cpp:51]   --->   Operation 408 'store' 'store_ln51' <Predicate = (!thr_or32 & trunc_ln40 == 0 & trunc_ln41 == 1)> <Delay = 3.25> <CoreInst = "RAM_T2P_BRAM">   --->   Core 93 'RAM_T2P_BRAM' <Latency = 1> <II = 1> <Delay = 3.25> <Storage> <Opcode : 'load' 'store'> <Ports = 2> <Width = 8> <Depth = 396> <RAM>
ST_20 : Operation 409 [1/8] (7.30ns)   --->   "%gmem_load_426_req = readreq i1 @_ssdm_op_ReadReq.m_axi.i8P1A, i8 %gmem_addr_22, i64 1" [cnn_accel.cpp:51]   --->   Operation 409 'readreq' 'gmem_load_426_req' <Predicate = (!thr_or32 & trunc_ln40 == 0 & trunc_ln41 == 1)> <Delay = 7.30> <CoreInst = "m_axi">   --->   Core 111 'm_axi' <Latency = 6> <II = 1> <Delay = 1.00> <Adapter> <Opcode : 'read' 'write' 'readreq' 'writereq' 'writeresp'>
ST_20 : Operation 410 [1/1] ( I:3.25ns O:3.25ns )   --->   "%store_ln51 = store i8 %gmem_addr_read, i9 %tile_in_addr" [cnn_accel.cpp:51]   --->   Operation 410 'store' 'store_ln51' <Predicate = (!thr_or32 & trunc_ln40 == 0 & trunc_ln41 == 0)> <Delay = 3.25> <CoreInst = "RAM_T2P_BRAM">   --->   Core 93 'RAM_T2P_BRAM' <Latency = 1> <II = 1> <Delay = 3.25> <Storage> <Opcode : 'load' 'store'> <Ports = 2> <Width = 8> <Depth = 396> <RAM>
ST_20 : Operation 411 [1/8] (7.30ns)   --->   "%gmem_load_424_req = readreq i1 @_ssdm_op_ReadReq.m_axi.i8P1A, i8 %gmem_addr_21, i64 1" [cnn_accel.cpp:51]   --->   Operation 411 'readreq' 'gmem_load_424_req' <Predicate = (!thr_or32 & trunc_ln40 == 0 & trunc_ln41 == 0)> <Delay = 7.30> <CoreInst = "m_axi">   --->   Core 111 'm_axi' <Latency = 6> <II = 1> <Delay = 1.00> <Adapter> <Opcode : 'read' 'write' 'readreq' 'writereq' 'writeresp'>
ST_20 : Operation 412 [1/1] ( I:3.25ns O:3.25ns )   --->   "%store_ln51 = store i8 %gmem_addr_read, i9 %tile_in_436_addr" [cnn_accel.cpp:51]   --->   Operation 412 'store' 'store_ln51' <Predicate = (!thr_or32 & trunc_ln40 == 0 & trunc_ln41 != 0 & trunc_ln41 != 1)> <Delay = 3.25> <CoreInst = "RAM_T2P_BRAM">   --->   Core 93 'RAM_T2P_BRAM' <Latency = 1> <II = 1> <Delay = 3.25> <Storage> <Opcode : 'load' 'store'> <Ports = 2> <Width = 8> <Depth = 396> <RAM>
ST_20 : Operation 413 [1/8] (7.30ns)   --->   "%gmem_load_422_req = readreq i1 @_ssdm_op_ReadReq.m_axi.i8P1A, i8 %gmem_addr_20, i64 1" [cnn_accel.cpp:51]   --->   Operation 413 'readreq' 'gmem_load_422_req' <Predicate = (!thr_or32 & trunc_ln40 == 0 & trunc_ln41 != 0 & trunc_ln41 != 1)> <Delay = 7.30> <CoreInst = "m_axi">   --->   Core 111 'm_axi' <Latency = 6> <II = 1> <Delay = 1.00> <Adapter> <Opcode : 'read' 'write' 'readreq' 'writereq' 'writeresp'>
ST_20 : Operation 414 [1/1] ( I:3.25ns O:3.25ns )   --->   "%store_ln51 = store i8 %gmem_addr_read, i9 %tile_in_451_addr" [cnn_accel.cpp:51]   --->   Operation 414 'store' 'store_ln51' <Predicate = (!thr_or32 & trunc_ln40 != 0 & trunc_ln40 != 1 & trunc_ln41 == 1)> <Delay = 3.25> <CoreInst = "RAM_T2P_BRAM">   --->   Core 93 'RAM_T2P_BRAM' <Latency = 1> <II = 1> <Delay = 3.25> <Storage> <Opcode : 'load' 'store'> <Ports = 2> <Width = 8> <Depth = 396> <RAM>
ST_20 : Operation 415 [1/8] (7.30ns)   --->   "%gmem_load_420_req = readreq i1 @_ssdm_op_ReadReq.m_axi.i8P1A, i8 %gmem_addr_19, i64 1" [cnn_accel.cpp:51]   --->   Operation 415 'readreq' 'gmem_load_420_req' <Predicate = (!thr_or32 & trunc_ln40 != 0 & trunc_ln40 != 1 & trunc_ln41 == 1)> <Delay = 7.30> <CoreInst = "m_axi">   --->   Core 111 'm_axi' <Latency = 6> <II = 1> <Delay = 1.00> <Adapter> <Opcode : 'read' 'write' 'readreq' 'writereq' 'writeresp'>
ST_20 : Operation 416 [1/1] ( I:3.25ns O:3.25ns )   --->   "%store_ln51 = store i8 %gmem_addr_read, i9 %tile_in_448_addr" [cnn_accel.cpp:51]   --->   Operation 416 'store' 'store_ln51' <Predicate = (!thr_or32 & trunc_ln40 != 0 & trunc_ln40 != 1 & trunc_ln41 == 0)> <Delay = 3.25> <CoreInst = "RAM_T2P_BRAM">   --->   Core 93 'RAM_T2P_BRAM' <Latency = 1> <II = 1> <Delay = 3.25> <Storage> <Opcode : 'load' 'store'> <Ports = 2> <Width = 8> <Depth = 396> <RAM>
ST_20 : Operation 417 [1/8] (7.30ns)   --->   "%gmem_load_418_req = readreq i1 @_ssdm_op_ReadReq.m_axi.i8P1A, i8 %gmem_addr_18, i64 1" [cnn_accel.cpp:51]   --->   Operation 417 'readreq' 'gmem_load_418_req' <Predicate = (!thr_or32 & trunc_ln40 != 0 & trunc_ln40 != 1 & trunc_ln41 == 0)> <Delay = 7.30> <CoreInst = "m_axi">   --->   Core 111 'm_axi' <Latency = 6> <II = 1> <Delay = 1.00> <Adapter> <Opcode : 'read' 'write' 'readreq' 'writereq' 'writeresp'>
ST_20 : Operation 418 [1/1] ( I:3.25ns O:3.25ns )   --->   "%store_ln51 = store i8 %gmem_addr_read, i9 %tile_in_454_addr" [cnn_accel.cpp:51]   --->   Operation 418 'store' 'store_ln51' <Predicate = (!thr_or32 & trunc_ln40 != 0 & trunc_ln40 != 1 & trunc_ln41 != 0 & trunc_ln41 != 1)> <Delay = 3.25> <CoreInst = "RAM_T2P_BRAM">   --->   Core 93 'RAM_T2P_BRAM' <Latency = 1> <II = 1> <Delay = 3.25> <Storage> <Opcode : 'load' 'store'> <Ports = 2> <Width = 8> <Depth = 396> <RAM>
ST_20 : Operation 419 [1/8] (7.30ns)   --->   "%gmem_load_416_req = readreq i1 @_ssdm_op_ReadReq.m_axi.i8P1A, i8 %gmem_addr_17, i64 1" [cnn_accel.cpp:51]   --->   Operation 419 'readreq' 'gmem_load_416_req' <Predicate = (!thr_or32 & trunc_ln40 != 0 & trunc_ln40 != 1 & trunc_ln41 != 0 & trunc_ln41 != 1)> <Delay = 7.30> <CoreInst = "m_axi">   --->   Core 111 'm_axi' <Latency = 6> <II = 1> <Delay = 1.00> <Adapter> <Opcode : 'read' 'write' 'readreq' 'writereq' 'writeresp'>

State 21 <SV = 20> <Delay = 7.30>
ST_21 : Operation 420 [1/1] ( I:3.25ns O:3.25ns )   --->   "%store_ln51 = store i8 %gmem_addr_16_read_8, i9 %tile_in_443_addr" [cnn_accel.cpp:51]   --->   Operation 420 'store' 'store_ln51' <Predicate = (!thr_or32 & trunc_ln40 == 1 & trunc_ln41 == 1)> <Delay = 3.25> <CoreInst = "RAM_T2P_BRAM">   --->   Core 93 'RAM_T2P_BRAM' <Latency = 1> <II = 1> <Delay = 3.25> <Storage> <Opcode : 'load' 'store'> <Ports = 2> <Width = 8> <Depth = 396> <RAM>
ST_21 : Operation 421 [1/1] (7.30ns)   --->   "%gmem_addr_25_read = read i8 @_ssdm_op_Read.m_axi.volatile.i8P1A, i8 %gmem_addr_25" [cnn_accel.cpp:51]   --->   Operation 421 'read' 'gmem_addr_25_read' <Predicate = (!thr_or32 & trunc_ln40 == 1 & trunc_ln41 == 1)> <Delay = 7.30> <CoreInst = "m_axi">   --->   Core 111 'm_axi' <Latency = 3> <II = 1> <Delay = 1.00> <Adapter> <Opcode : 'read' 'write' 'readreq' 'writereq' 'writeresp'>

State 22 <SV = 21> <Delay = 7.30>
ST_22 : Operation 422 [1/1] ( I:3.25ns O:3.25ns )   --->   "%store_ln51 = store i8 %gmem_addr_25_read, i9 %tile_in_444_addr" [cnn_accel.cpp:51]   --->   Operation 422 'store' 'store_ln51' <Predicate = (!thr_or32 & trunc_ln40 == 1 & trunc_ln41 == 1)> <Delay = 3.25> <CoreInst = "RAM_T2P_BRAM">   --->   Core 93 'RAM_T2P_BRAM' <Latency = 1> <II = 1> <Delay = 3.25> <Storage> <Opcode : 'load' 'store'> <Ports = 2> <Width = 8> <Depth = 396> <RAM>
ST_22 : Operation 423 [1/1] (0.00ns)   --->   "%br_ln51 = br void %arrayidx3310.2.exit431" [cnn_accel.cpp:51]   --->   Operation 423 'br' 'br_ln51' <Predicate = (!thr_or32 & trunc_ln40 == 1 & trunc_ln41 == 1)> <Delay = 0.00>
ST_22 : Operation 424 [1/1] (7.30ns)   --->   "%gmem_addr_16_read_7 = read i8 @_ssdm_op_Read.m_axi.volatile.i8P1A, i8 %gmem_addr_16" [cnn_accel.cpp:51]   --->   Operation 424 'read' 'gmem_addr_16_read_7' <Predicate = (!thr_or32 & trunc_ln40 == 1 & trunc_ln41 == 0)> <Delay = 7.30> <CoreInst = "m_axi">   --->   Core 111 'm_axi' <Latency = 3> <II = 1> <Delay = 1.00> <Adapter> <Opcode : 'read' 'write' 'readreq' 'writereq' 'writeresp'>

State 23 <SV = 22> <Delay = 7.30>
ST_23 : Operation 425 [1/1] ( I:3.25ns O:3.25ns )   --->   "%store_ln51 = store i8 %gmem_addr_16_read_7, i9 %tile_in_440_addr" [cnn_accel.cpp:51]   --->   Operation 425 'store' 'store_ln51' <Predicate = (!thr_or32 & trunc_ln40 == 1 & trunc_ln41 == 0)> <Delay = 3.25> <CoreInst = "RAM_T2P_BRAM">   --->   Core 93 'RAM_T2P_BRAM' <Latency = 1> <II = 1> <Delay = 3.25> <Storage> <Opcode : 'load' 'store'> <Ports = 2> <Width = 8> <Depth = 396> <RAM>
ST_23 : Operation 426 [1/1] (7.30ns)   --->   "%gmem_addr_24_read = read i8 @_ssdm_op_Read.m_axi.volatile.i8P1A, i8 %gmem_addr_24" [cnn_accel.cpp:51]   --->   Operation 426 'read' 'gmem_addr_24_read' <Predicate = (!thr_or32 & trunc_ln40 == 1 & trunc_ln41 == 0)> <Delay = 7.30> <CoreInst = "m_axi">   --->   Core 111 'm_axi' <Latency = 3> <II = 1> <Delay = 1.00> <Adapter> <Opcode : 'read' 'write' 'readreq' 'writereq' 'writeresp'>

State 24 <SV = 23> <Delay = 7.30>
ST_24 : Operation 427 [1/1] ( I:3.25ns O:3.25ns )   --->   "%store_ln51 = store i8 %gmem_addr_24_read, i9 %tile_in_441_addr" [cnn_accel.cpp:51]   --->   Operation 427 'store' 'store_ln51' <Predicate = (!thr_or32 & trunc_ln40 == 1 & trunc_ln41 == 0)> <Delay = 3.25> <CoreInst = "RAM_T2P_BRAM">   --->   Core 93 'RAM_T2P_BRAM' <Latency = 1> <II = 1> <Delay = 3.25> <Storage> <Opcode : 'load' 'store'> <Ports = 2> <Width = 8> <Depth = 396> <RAM>
ST_24 : Operation 428 [1/1] (0.00ns)   --->   "%br_ln51 = br void %arrayidx3310.2.exit431" [cnn_accel.cpp:51]   --->   Operation 428 'br' 'br_ln51' <Predicate = (!thr_or32 & trunc_ln40 == 1 & trunc_ln41 == 0)> <Delay = 0.00>
ST_24 : Operation 429 [1/1] (7.30ns)   --->   "%gmem_addr_16_read_6 = read i8 @_ssdm_op_Read.m_axi.volatile.i8P1A, i8 %gmem_addr_16" [cnn_accel.cpp:51]   --->   Operation 429 'read' 'gmem_addr_16_read_6' <Predicate = (!thr_or32 & trunc_ln40 == 1 & trunc_ln41 != 0 & trunc_ln41 != 1)> <Delay = 7.30> <CoreInst = "m_axi">   --->   Core 111 'm_axi' <Latency = 3> <II = 1> <Delay = 1.00> <Adapter> <Opcode : 'read' 'write' 'readreq' 'writereq' 'writeresp'>

State 25 <SV = 24> <Delay = 7.30>
ST_25 : Operation 430 [1/1] ( I:3.25ns O:3.25ns )   --->   "%store_ln51 = store i8 %gmem_addr_16_read_6, i9 %tile_in_446_addr" [cnn_accel.cpp:51]   --->   Operation 430 'store' 'store_ln51' <Predicate = (!thr_or32 & trunc_ln40 == 1 & trunc_ln41 != 0 & trunc_ln41 != 1)> <Delay = 3.25> <CoreInst = "RAM_T2P_BRAM">   --->   Core 93 'RAM_T2P_BRAM' <Latency = 1> <II = 1> <Delay = 3.25> <Storage> <Opcode : 'load' 'store'> <Ports = 2> <Width = 8> <Depth = 396> <RAM>
ST_25 : Operation 431 [1/1] (7.30ns)   --->   "%gmem_addr_23_read = read i8 @_ssdm_op_Read.m_axi.volatile.i8P1A, i8 %gmem_addr_23" [cnn_accel.cpp:51]   --->   Operation 431 'read' 'gmem_addr_23_read' <Predicate = (!thr_or32 & trunc_ln40 == 1 & trunc_ln41 != 0 & trunc_ln41 != 1)> <Delay = 7.30> <CoreInst = "m_axi">   --->   Core 111 'm_axi' <Latency = 3> <II = 1> <Delay = 1.00> <Adapter> <Opcode : 'read' 'write' 'readreq' 'writereq' 'writeresp'>

State 26 <SV = 25> <Delay = 7.30>
ST_26 : Operation 432 [1/1] ( I:3.25ns O:3.25ns )   --->   "%store_ln51 = store i8 %gmem_addr_23_read, i9 %tile_in_447_addr" [cnn_accel.cpp:51]   --->   Operation 432 'store' 'store_ln51' <Predicate = (!thr_or32 & trunc_ln40 == 1 & trunc_ln41 != 0 & trunc_ln41 != 1)> <Delay = 3.25> <CoreInst = "RAM_T2P_BRAM">   --->   Core 93 'RAM_T2P_BRAM' <Latency = 1> <II = 1> <Delay = 3.25> <Storage> <Opcode : 'load' 'store'> <Ports = 2> <Width = 8> <Depth = 396> <RAM>
ST_26 : Operation 433 [1/1] (0.00ns)   --->   "%br_ln51 = br void %arrayidx3310.2.exit431" [cnn_accel.cpp:51]   --->   Operation 433 'br' 'br_ln51' <Predicate = (!thr_or32 & trunc_ln40 == 1 & trunc_ln41 != 0 & trunc_ln41 != 1)> <Delay = 0.00>
ST_26 : Operation 434 [1/1] (7.30ns)   --->   "%gmem_addr_16_read_5 = read i8 @_ssdm_op_Read.m_axi.volatile.i8P1A, i8 %gmem_addr_16" [cnn_accel.cpp:51]   --->   Operation 434 'read' 'gmem_addr_16_read_5' <Predicate = (!thr_or32 & trunc_ln40 == 0 & trunc_ln41 == 1)> <Delay = 7.30> <CoreInst = "m_axi">   --->   Core 111 'm_axi' <Latency = 3> <II = 1> <Delay = 1.00> <Adapter> <Opcode : 'read' 'write' 'readreq' 'writereq' 'writeresp'>

State 27 <SV = 26> <Delay = 7.30>
ST_27 : Operation 435 [1/1] ( I:3.25ns O:3.25ns )   --->   "%store_ln51 = store i8 %gmem_addr_16_read_5, i9 %tile_in_434_addr" [cnn_accel.cpp:51]   --->   Operation 435 'store' 'store_ln51' <Predicate = (!thr_or32 & trunc_ln40 == 0 & trunc_ln41 == 1)> <Delay = 3.25> <CoreInst = "RAM_T2P_BRAM">   --->   Core 93 'RAM_T2P_BRAM' <Latency = 1> <II = 1> <Delay = 3.25> <Storage> <Opcode : 'load' 'store'> <Ports = 2> <Width = 8> <Depth = 396> <RAM>
ST_27 : Operation 436 [1/1] (7.30ns)   --->   "%gmem_addr_22_read = read i8 @_ssdm_op_Read.m_axi.volatile.i8P1A, i8 %gmem_addr_22" [cnn_accel.cpp:51]   --->   Operation 436 'read' 'gmem_addr_22_read' <Predicate = (!thr_or32 & trunc_ln40 == 0 & trunc_ln41 == 1)> <Delay = 7.30> <CoreInst = "m_axi">   --->   Core 111 'm_axi' <Latency = 3> <II = 1> <Delay = 1.00> <Adapter> <Opcode : 'read' 'write' 'readreq' 'writereq' 'writeresp'>

State 28 <SV = 27> <Delay = 7.30>
ST_28 : Operation 437 [1/1] ( I:3.25ns O:3.25ns )   --->   "%store_ln51 = store i8 %gmem_addr_22_read, i9 %tile_in_435_addr" [cnn_accel.cpp:51]   --->   Operation 437 'store' 'store_ln51' <Predicate = (!thr_or32 & trunc_ln40 == 0 & trunc_ln41 == 1)> <Delay = 3.25> <CoreInst = "RAM_T2P_BRAM">   --->   Core 93 'RAM_T2P_BRAM' <Latency = 1> <II = 1> <Delay = 3.25> <Storage> <Opcode : 'load' 'store'> <Ports = 2> <Width = 8> <Depth = 396> <RAM>
ST_28 : Operation 438 [1/1] (0.00ns)   --->   "%br_ln51 = br void %arrayidx3310.2.exit426" [cnn_accel.cpp:51]   --->   Operation 438 'br' 'br_ln51' <Predicate = (!thr_or32 & trunc_ln40 == 0 & trunc_ln41 == 1)> <Delay = 0.00>
ST_28 : Operation 439 [1/1] (7.30ns)   --->   "%gmem_addr_16_read_4 = read i8 @_ssdm_op_Read.m_axi.volatile.i8P1A, i8 %gmem_addr_16" [cnn_accel.cpp:51]   --->   Operation 439 'read' 'gmem_addr_16_read_4' <Predicate = (!thr_or32 & trunc_ln40 == 0 & trunc_ln41 == 0)> <Delay = 7.30> <CoreInst = "m_axi">   --->   Core 111 'm_axi' <Latency = 3> <II = 1> <Delay = 1.00> <Adapter> <Opcode : 'read' 'write' 'readreq' 'writereq' 'writeresp'>

State 29 <SV = 28> <Delay = 7.30>
ST_29 : Operation 440 [1/1] ( I:3.25ns O:3.25ns )   --->   "%store_ln51 = store i8 %gmem_addr_16_read_4, i9 %tile_in_431_addr" [cnn_accel.cpp:51]   --->   Operation 440 'store' 'store_ln51' <Predicate = (!thr_or32 & trunc_ln40 == 0 & trunc_ln41 == 0)> <Delay = 3.25> <CoreInst = "RAM_T2P_BRAM">   --->   Core 93 'RAM_T2P_BRAM' <Latency = 1> <II = 1> <Delay = 3.25> <Storage> <Opcode : 'load' 'store'> <Ports = 2> <Width = 8> <Depth = 396> <RAM>
ST_29 : Operation 441 [1/1] (7.30ns)   --->   "%gmem_addr_21_read = read i8 @_ssdm_op_Read.m_axi.volatile.i8P1A, i8 %gmem_addr_21" [cnn_accel.cpp:51]   --->   Operation 441 'read' 'gmem_addr_21_read' <Predicate = (!thr_or32 & trunc_ln40 == 0 & trunc_ln41 == 0)> <Delay = 7.30> <CoreInst = "m_axi">   --->   Core 111 'm_axi' <Latency = 3> <II = 1> <Delay = 1.00> <Adapter> <Opcode : 'read' 'write' 'readreq' 'writereq' 'writeresp'>

State 30 <SV = 29> <Delay = 7.30>
ST_30 : Operation 442 [1/1] ( I:3.25ns O:3.25ns )   --->   "%store_ln51 = store i8 %gmem_addr_21_read, i9 %tile_in_432_addr" [cnn_accel.cpp:51]   --->   Operation 442 'store' 'store_ln51' <Predicate = (!thr_or32 & trunc_ln40 == 0 & trunc_ln41 == 0)> <Delay = 3.25> <CoreInst = "RAM_T2P_BRAM">   --->   Core 93 'RAM_T2P_BRAM' <Latency = 1> <II = 1> <Delay = 3.25> <Storage> <Opcode : 'load' 'store'> <Ports = 2> <Width = 8> <Depth = 396> <RAM>
ST_30 : Operation 443 [1/1] (0.00ns)   --->   "%br_ln51 = br void %arrayidx3310.2.exit426" [cnn_accel.cpp:51]   --->   Operation 443 'br' 'br_ln51' <Predicate = (!thr_or32 & trunc_ln40 == 0 & trunc_ln41 == 0)> <Delay = 0.00>
ST_30 : Operation 444 [1/1] (7.30ns)   --->   "%gmem_addr_16_read_3 = read i8 @_ssdm_op_Read.m_axi.volatile.i8P1A, i8 %gmem_addr_16" [cnn_accel.cpp:51]   --->   Operation 444 'read' 'gmem_addr_16_read_3' <Predicate = (!thr_or32 & trunc_ln40 == 0 & trunc_ln41 != 0 & trunc_ln41 != 1)> <Delay = 7.30> <CoreInst = "m_axi">   --->   Core 111 'm_axi' <Latency = 3> <II = 1> <Delay = 1.00> <Adapter> <Opcode : 'read' 'write' 'readreq' 'writereq' 'writeresp'>

State 31 <SV = 30> <Delay = 7.30>
ST_31 : Operation 445 [1/1] ( I:3.25ns O:3.25ns )   --->   "%store_ln51 = store i8 %gmem_addr_16_read_3, i9 %tile_in_437_addr" [cnn_accel.cpp:51]   --->   Operation 445 'store' 'store_ln51' <Predicate = (!thr_or32 & trunc_ln40 == 0 & trunc_ln41 != 0 & trunc_ln41 != 1)> <Delay = 3.25> <CoreInst = "RAM_T2P_BRAM">   --->   Core 93 'RAM_T2P_BRAM' <Latency = 1> <II = 1> <Delay = 3.25> <Storage> <Opcode : 'load' 'store'> <Ports = 2> <Width = 8> <Depth = 396> <RAM>
ST_31 : Operation 446 [1/1] (7.30ns)   --->   "%gmem_addr_20_read = read i8 @_ssdm_op_Read.m_axi.volatile.i8P1A, i8 %gmem_addr_20" [cnn_accel.cpp:51]   --->   Operation 446 'read' 'gmem_addr_20_read' <Predicate = (!thr_or32 & trunc_ln40 == 0 & trunc_ln41 != 0 & trunc_ln41 != 1)> <Delay = 7.30> <CoreInst = "m_axi">   --->   Core 111 'm_axi' <Latency = 3> <II = 1> <Delay = 1.00> <Adapter> <Opcode : 'read' 'write' 'readreq' 'writereq' 'writeresp'>

State 32 <SV = 31> <Delay = 7.30>
ST_32 : Operation 447 [1/1] ( I:3.25ns O:3.25ns )   --->   "%store_ln51 = store i8 %gmem_addr_20_read, i9 %tile_in_438_addr" [cnn_accel.cpp:51]   --->   Operation 447 'store' 'store_ln51' <Predicate = (!thr_or32 & trunc_ln40 == 0 & trunc_ln41 != 0 & trunc_ln41 != 1)> <Delay = 3.25> <CoreInst = "RAM_T2P_BRAM">   --->   Core 93 'RAM_T2P_BRAM' <Latency = 1> <II = 1> <Delay = 3.25> <Storage> <Opcode : 'load' 'store'> <Ports = 2> <Width = 8> <Depth = 396> <RAM>
ST_32 : Operation 448 [1/1] (0.00ns)   --->   "%br_ln51 = br void %arrayidx3310.2.exit426" [cnn_accel.cpp:51]   --->   Operation 448 'br' 'br_ln51' <Predicate = (!thr_or32 & trunc_ln40 == 0 & trunc_ln41 != 0 & trunc_ln41 != 1)> <Delay = 0.00>
ST_32 : Operation 449 [1/1] (7.30ns)   --->   "%gmem_addr_16_read_2 = read i8 @_ssdm_op_Read.m_axi.volatile.i8P1A, i8 %gmem_addr_16" [cnn_accel.cpp:51]   --->   Operation 449 'read' 'gmem_addr_16_read_2' <Predicate = (!thr_or32 & trunc_ln40 != 0 & trunc_ln40 != 1 & trunc_ln41 == 1)> <Delay = 7.30> <CoreInst = "m_axi">   --->   Core 111 'm_axi' <Latency = 3> <II = 1> <Delay = 1.00> <Adapter> <Opcode : 'read' 'write' 'readreq' 'writereq' 'writeresp'>

State 33 <SV = 32> <Delay = 7.30>
ST_33 : Operation 450 [1/1] ( I:3.25ns O:3.25ns )   --->   "%store_ln51 = store i8 %gmem_addr_16_read_2, i9 %tile_in_452_addr" [cnn_accel.cpp:51]   --->   Operation 450 'store' 'store_ln51' <Predicate = (!thr_or32 & trunc_ln40 != 0 & trunc_ln40 != 1 & trunc_ln41 == 1)> <Delay = 3.25> <CoreInst = "RAM_T2P_BRAM">   --->   Core 93 'RAM_T2P_BRAM' <Latency = 1> <II = 1> <Delay = 3.25> <Storage> <Opcode : 'load' 'store'> <Ports = 2> <Width = 8> <Depth = 396> <RAM>
ST_33 : Operation 451 [1/1] (7.30ns)   --->   "%gmem_addr_19_read = read i8 @_ssdm_op_Read.m_axi.volatile.i8P1A, i8 %gmem_addr_19" [cnn_accel.cpp:51]   --->   Operation 451 'read' 'gmem_addr_19_read' <Predicate = (!thr_or32 & trunc_ln40 != 0 & trunc_ln40 != 1 & trunc_ln41 == 1)> <Delay = 7.30> <CoreInst = "m_axi">   --->   Core 111 'm_axi' <Latency = 3> <II = 1> <Delay = 1.00> <Adapter> <Opcode : 'read' 'write' 'readreq' 'writereq' 'writeresp'>

State 34 <SV = 33> <Delay = 7.30>
ST_34 : Operation 452 [1/1] ( I:3.25ns O:3.25ns )   --->   "%store_ln51 = store i8 %gmem_addr_19_read, i9 %tile_in_453_addr" [cnn_accel.cpp:51]   --->   Operation 452 'store' 'store_ln51' <Predicate = (!thr_or32 & trunc_ln40 != 0 & trunc_ln40 != 1 & trunc_ln41 == 1)> <Delay = 3.25> <CoreInst = "RAM_T2P_BRAM">   --->   Core 93 'RAM_T2P_BRAM' <Latency = 1> <II = 1> <Delay = 3.25> <Storage> <Opcode : 'load' 'store'> <Ports = 2> <Width = 8> <Depth = 396> <RAM>
ST_34 : Operation 453 [1/1] (0.00ns)   --->   "%br_ln51 = br void %arrayidx3310.2.exit436" [cnn_accel.cpp:51]   --->   Operation 453 'br' 'br_ln51' <Predicate = (!thr_or32 & trunc_ln40 != 0 & trunc_ln40 != 1 & trunc_ln41 == 1)> <Delay = 0.00>
ST_34 : Operation 454 [1/1] (7.30ns)   --->   "%gmem_addr_16_read_1 = read i8 @_ssdm_op_Read.m_axi.volatile.i8P1A, i8 %gmem_addr_16" [cnn_accel.cpp:51]   --->   Operation 454 'read' 'gmem_addr_16_read_1' <Predicate = (!thr_or32 & trunc_ln40 != 0 & trunc_ln40 != 1 & trunc_ln41 == 0)> <Delay = 7.30> <CoreInst = "m_axi">   --->   Core 111 'm_axi' <Latency = 3> <II = 1> <Delay = 1.00> <Adapter> <Opcode : 'read' 'write' 'readreq' 'writereq' 'writeresp'>

State 35 <SV = 34> <Delay = 7.30>
ST_35 : Operation 455 [1/1] ( I:3.25ns O:3.25ns )   --->   "%store_ln51 = store i8 %gmem_addr_16_read_1, i9 %tile_in_449_addr" [cnn_accel.cpp:51]   --->   Operation 455 'store' 'store_ln51' <Predicate = (!thr_or32 & trunc_ln40 != 0 & trunc_ln40 != 1 & trunc_ln41 == 0)> <Delay = 3.25> <CoreInst = "RAM_T2P_BRAM">   --->   Core 93 'RAM_T2P_BRAM' <Latency = 1> <II = 1> <Delay = 3.25> <Storage> <Opcode : 'load' 'store'> <Ports = 2> <Width = 8> <Depth = 396> <RAM>
ST_35 : Operation 456 [1/1] (7.30ns)   --->   "%gmem_addr_18_read = read i8 @_ssdm_op_Read.m_axi.volatile.i8P1A, i8 %gmem_addr_18" [cnn_accel.cpp:51]   --->   Operation 456 'read' 'gmem_addr_18_read' <Predicate = (!thr_or32 & trunc_ln40 != 0 & trunc_ln40 != 1 & trunc_ln41 == 0)> <Delay = 7.30> <CoreInst = "m_axi">   --->   Core 111 'm_axi' <Latency = 3> <II = 1> <Delay = 1.00> <Adapter> <Opcode : 'read' 'write' 'readreq' 'writereq' 'writeresp'>

State 36 <SV = 35> <Delay = 7.30>
ST_36 : Operation 457 [1/1] ( I:3.25ns O:3.25ns )   --->   "%store_ln51 = store i8 %gmem_addr_18_read, i9 %tile_in_450_addr" [cnn_accel.cpp:51]   --->   Operation 457 'store' 'store_ln51' <Predicate = (!thr_or32 & trunc_ln40 != 0 & trunc_ln40 != 1 & trunc_ln41 == 0)> <Delay = 3.25> <CoreInst = "RAM_T2P_BRAM">   --->   Core 93 'RAM_T2P_BRAM' <Latency = 1> <II = 1> <Delay = 3.25> <Storage> <Opcode : 'load' 'store'> <Ports = 2> <Width = 8> <Depth = 396> <RAM>
ST_36 : Operation 458 [1/1] (0.00ns)   --->   "%br_ln51 = br void %arrayidx3310.2.exit436" [cnn_accel.cpp:51]   --->   Operation 458 'br' 'br_ln51' <Predicate = (!thr_or32 & trunc_ln40 != 0 & trunc_ln40 != 1 & trunc_ln41 == 0)> <Delay = 0.00>
ST_36 : Operation 459 [1/1] (7.30ns)   --->   "%gmem_addr_16_read = read i8 @_ssdm_op_Read.m_axi.volatile.i8P1A, i8 %gmem_addr_16" [cnn_accel.cpp:51]   --->   Operation 459 'read' 'gmem_addr_16_read' <Predicate = (!thr_or32 & trunc_ln40 != 0 & trunc_ln40 != 1 & trunc_ln41 != 0 & trunc_ln41 != 1)> <Delay = 7.30> <CoreInst = "m_axi">   --->   Core 111 'm_axi' <Latency = 3> <II = 1> <Delay = 1.00> <Adapter> <Opcode : 'read' 'write' 'readreq' 'writereq' 'writeresp'>

State 37 <SV = 36> <Delay = 7.30>
ST_37 : Operation 460 [1/1] ( I:3.25ns O:3.25ns )   --->   "%store_ln51 = store i8 %gmem_addr_16_read, i9 %tile_in_455_addr" [cnn_accel.cpp:51]   --->   Operation 460 'store' 'store_ln51' <Predicate = (!thr_or32 & trunc_ln40 != 0 & trunc_ln40 != 1 & trunc_ln41 != 0 & trunc_ln41 != 1)> <Delay = 3.25> <CoreInst = "RAM_T2P_BRAM">   --->   Core 93 'RAM_T2P_BRAM' <Latency = 1> <II = 1> <Delay = 3.25> <Storage> <Opcode : 'load' 'store'> <Ports = 2> <Width = 8> <Depth = 396> <RAM>
ST_37 : Operation 461 [1/1] (7.30ns)   --->   "%gmem_addr_17_read = read i8 @_ssdm_op_Read.m_axi.volatile.i8P1A, i8 %gmem_addr_17" [cnn_accel.cpp:51]   --->   Operation 461 'read' 'gmem_addr_17_read' <Predicate = (!thr_or32 & trunc_ln40 != 0 & trunc_ln40 != 1 & trunc_ln41 != 0 & trunc_ln41 != 1)> <Delay = 7.30> <CoreInst = "m_axi">   --->   Core 111 'm_axi' <Latency = 3> <II = 1> <Delay = 1.00> <Adapter> <Opcode : 'read' 'write' 'readreq' 'writereq' 'writeresp'>

State 38 <SV = 37> <Delay = 3.25>
ST_38 : Operation 462 [1/1] ( I:3.25ns O:3.25ns )   --->   "%store_ln51 = store i8 %gmem_addr_17_read, i9 %tile_in_456_addr" [cnn_accel.cpp:51]   --->   Operation 462 'store' 'store_ln51' <Predicate = (!thr_or32 & trunc_ln40 != 0 & trunc_ln40 != 1 & trunc_ln41 != 0 & trunc_ln41 != 1)> <Delay = 3.25> <CoreInst = "RAM_T2P_BRAM">   --->   Core 93 'RAM_T2P_BRAM' <Latency = 1> <II = 1> <Delay = 3.25> <Storage> <Opcode : 'load' 'store'> <Ports = 2> <Width = 8> <Depth = 396> <RAM>
ST_38 : Operation 463 [1/1] (0.00ns)   --->   "%br_ln51 = br void %arrayidx3310.2.exit436" [cnn_accel.cpp:51]   --->   Operation 463 'br' 'br_ln51' <Predicate = (!thr_or32 & trunc_ln40 != 0 & trunc_ln40 != 1 & trunc_ln41 != 0 & trunc_ln41 != 1)> <Delay = 0.00>


============================================================
+ Verbose Summary: Binding
============================================================
STG Binding: 
---------------- STG Properties BEGIN ----------------
- Is combinational: 0
- Is one-state seq: 0
- Is datapath-only: 0
- Is pipelined: 0
- Is top level: 0
Port [ Return ] is wired: 1; IO mode=ap_ctrl_hs:ce=0
Port [ gmem]:  wired=1; compound=1; hidden=0; nouse=0; global=0; static=0; extern=0; dir=0; type=4; pingpong=0; private_global=0; IO mode=m_axi:ce=0
Port [ input_r]:  wired=1; compound=0; hidden=0; nouse=0; global=0; static=0; extern=0; dir=0; type=0; pingpong=0; private_global=0; IO mode=ap_none:ce=0
Port [ ty]:  wired=1; compound=0; hidden=0; nouse=0; global=0; static=0; extern=0; dir=0; type=0; pingpong=0; private_global=0; IO mode=ap_none:ce=0
Port [ sext_ln36_6]:  wired=1; compound=0; hidden=0; nouse=0; global=0; static=0; extern=0; dir=0; type=0; pingpong=0; private_global=0; IO mode=ap_none:ce=0
Port [ sext_ln36_5]:  wired=1; compound=0; hidden=0; nouse=0; global=0; static=0; extern=0; dir=0; type=0; pingpong=0; private_global=0; IO mode=ap_none:ce=0
Port [ tile_in]:  wired=1; compound=1; hidden=0; nouse=0; global=0; static=0; extern=0; dir=1; type=1; pingpong=0; private_global=0; MemPort=[03]; IO mode=ap_memory:ce=0
Port [ tile_in_431]:  wired=1; compound=1; hidden=0; nouse=0; global=0; static=0; extern=0; dir=1; type=1; pingpong=0; private_global=0; MemPort=[03]; IO mode=ap_memory:ce=0
Port [ tile_in_432]:  wired=1; compound=1; hidden=0; nouse=0; global=0; static=0; extern=0; dir=1; type=1; pingpong=0; private_global=0; MemPort=[03]; IO mode=ap_memory:ce=0
Port [ tile_in_433]:  wired=1; compound=1; hidden=0; nouse=0; global=0; static=0; extern=0; dir=1; type=1; pingpong=0; private_global=0; MemPort=[03]; IO mode=ap_memory:ce=0
Port [ tile_in_434]:  wired=1; compound=1; hidden=0; nouse=0; global=0; static=0; extern=0; dir=1; type=1; pingpong=0; private_global=0; MemPort=[03]; IO mode=ap_memory:ce=0
Port [ tile_in_435]:  wired=1; compound=1; hidden=0; nouse=0; global=0; static=0; extern=0; dir=1; type=1; pingpong=0; private_global=0; MemPort=[03]; IO mode=ap_memory:ce=0
Port [ tile_in_436]:  wired=1; compound=1; hidden=0; nouse=0; global=0; static=0; extern=0; dir=1; type=1; pingpong=0; private_global=0; MemPort=[03]; IO mode=ap_memory:ce=0
Port [ tile_in_437]:  wired=1; compound=1; hidden=0; nouse=0; global=0; static=0; extern=0; dir=1; type=1; pingpong=0; private_global=0; MemPort=[00]; IO mode=ap_memory:ce=0
Port [ tile_in_438]:  wired=1; compound=1; hidden=0; nouse=0; global=0; static=0; extern=0; dir=1; type=1; pingpong=0; private_global=0; MemPort=[03]; IO mode=ap_memory:ce=0
Port [ tile_in_439]:  wired=1; compound=1; hidden=0; nouse=0; global=0; static=0; extern=0; dir=1; type=1; pingpong=0; private_global=0; MemPort=[03]; IO mode=ap_memory:ce=0
Port [ tile_in_440]:  wired=1; compound=1; hidden=0; nouse=0; global=0; static=0; extern=0; dir=1; type=1; pingpong=0; private_global=0; MemPort=[03]; IO mode=ap_memory:ce=0
Port [ tile_in_441]:  wired=1; compound=1; hidden=0; nouse=0; global=0; static=0; extern=0; dir=1; type=1; pingpong=0; private_global=0; MemPort=[03]; IO mode=ap_memory:ce=0
Port [ tile_in_442]:  wired=1; compound=1; hidden=0; nouse=0; global=0; static=0; extern=0; dir=1; type=1; pingpong=0; private_global=0; MemPort=[03]; IO mode=ap_memory:ce=0
Port [ tile_in_443]:  wired=1; compound=1; hidden=0; nouse=0; global=0; static=0; extern=0; dir=1; type=1; pingpong=0; private_global=0; MemPort=[03]; IO mode=ap_memory:ce=0
Port [ tile_in_444]:  wired=1; compound=1; hidden=0; nouse=0; global=0; static=0; extern=0; dir=1; type=1; pingpong=0; private_global=0; MemPort=[03]; IO mode=ap_memory:ce=0
Port [ tile_in_445]:  wired=1; compound=1; hidden=0; nouse=0; global=0; static=0; extern=0; dir=1; type=1; pingpong=0; private_global=0; MemPort=[03]; IO mode=ap_memory:ce=0
Port [ tile_in_446]:  wired=1; compound=1; hidden=0; nouse=0; global=0; static=0; extern=0; dir=1; type=1; pingpong=0; private_global=0; MemPort=[03]; IO mode=ap_memory:ce=0
Port [ tile_in_447]:  wired=1; compound=1; hidden=0; nouse=0; global=0; static=0; extern=0; dir=1; type=1; pingpong=0; private_global=0; MemPort=[03]; IO mode=ap_memory:ce=0
Port [ tile_in_448]:  wired=1; compound=1; hidden=0; nouse=0; global=0; static=0; extern=0; dir=1; type=1; pingpong=0; private_global=0; MemPort=[03]; IO mode=ap_memory:ce=0
Port [ tile_in_449]:  wired=1; compound=1; hidden=0; nouse=0; global=0; static=0; extern=0; dir=1; type=1; pingpong=0; private_global=0; MemPort=[03]; IO mode=ap_memory:ce=0
Port [ tile_in_450]:  wired=1; compound=1; hidden=0; nouse=0; global=0; static=0; extern=0; dir=1; type=1; pingpong=0; private_global=0; MemPort=[03]; IO mode=ap_memory:ce=0
Port [ tile_in_451]:  wired=1; compound=1; hidden=0; nouse=0; global=0; static=0; extern=0; dir=1; type=1; pingpong=0; private_global=0; MemPort=[03]; IO mode=ap_memory:ce=0
Port [ tile_in_452]:  wired=1; compound=1; hidden=0; nouse=0; global=0; static=0; extern=0; dir=1; type=1; pingpong=0; private_global=0; MemPort=[03]; IO mode=ap_memory:ce=0
Port [ tile_in_453]:  wired=1; compound=1; hidden=0; nouse=0; global=0; static=0; extern=0; dir=1; type=1; pingpong=0; private_global=0; MemPort=[03]; IO mode=ap_memory:ce=0
Port [ tile_in_454]:  wired=1; compound=1; hidden=0; nouse=0; global=0; static=0; extern=0; dir=1; type=1; pingpong=0; private_global=0; MemPort=[03]; IO mode=ap_memory:ce=0
Port [ tile_in_455]:  wired=1; compound=1; hidden=0; nouse=0; global=0; static=0; extern=0; dir=1; type=1; pingpong=0; private_global=0; MemPort=[03]; IO mode=ap_memory:ce=0
Port [ tile_in_456]:  wired=1; compound=1; hidden=0; nouse=0; global=0; static=0; extern=0; dir=1; type=1; pingpong=0; private_global=0; MemPort=[03]; IO mode=ap_memory:ce=0
Port [ tx]:  wired=1; compound=0; hidden=0; nouse=0; global=0; static=0; extern=0; dir=0; type=0; pingpong=0; private_global=0; IO mode=ap_none:ce=0
---------------- STG Properties END ------------------

---------------- Datapath Model BEGIN ----------------

<LifeTime>
<method=bitvector/>
x                     (alloca           ) [ 011000000000000000000000000000000000000]
y                     (alloca           ) [ 010000000000000000000000000000000000000]
indvar_flatten        (alloca           ) [ 010000000000000000000000000000000000000]
tx_read               (read             ) [ 000000000000000000000000000000000000000]
sext_ln36_5_read      (read             ) [ 000000000000000000000000000000000000000]
sext_ln36_6_read      (read             ) [ 000000000000000000000000000000000000000]
ty_read               (read             ) [ 000000000000000000000000000000000000000]
input_read            (read             ) [ 001111100000000000000000000000000000000]
tx_cast               (zext             ) [ 001000000000000000000000000000000000000]
sext_ln36_5_cast      (sext             ) [ 001110000000000000000000000000000000000]
sext_ln36_6_cast      (zext             ) [ 001000000000000000000000000000000000000]
ty_cast               (zext             ) [ 001000000000000000000000000000000000000]
specmemcore_ln0       (specmemcore      ) [ 000000000000000000000000000000000000000]
specmemcore_ln0       (specmemcore      ) [ 000000000000000000000000000000000000000]
specmemcore_ln0       (specmemcore      ) [ 000000000000000000000000000000000000000]
specmemcore_ln0       (specmemcore      ) [ 000000000000000000000000000000000000000]
specmemcore_ln0       (specmemcore      ) [ 000000000000000000000000000000000000000]
specmemcore_ln0       (specmemcore      ) [ 000000000000000000000000000000000000000]
specmemcore_ln0       (specmemcore      ) [ 000000000000000000000000000000000000000]
specmemcore_ln0       (specmemcore      ) [ 000000000000000000000000000000000000000]
specmemcore_ln0       (specmemcore      ) [ 000000000000000000000000000000000000000]
specmemcore_ln0       (specmemcore      ) [ 000000000000000000000000000000000000000]
specmemcore_ln0       (specmemcore      ) [ 000000000000000000000000000000000000000]
specmemcore_ln0       (specmemcore      ) [ 000000000000000000000000000000000000000]
specmemcore_ln0       (specmemcore      ) [ 000000000000000000000000000000000000000]
specmemcore_ln0       (specmemcore      ) [ 000000000000000000000000000000000000000]
specmemcore_ln0       (specmemcore      ) [ 000000000000000000000000000000000000000]
specmemcore_ln0       (specmemcore      ) [ 000000000000000000000000000000000000000]
specmemcore_ln0       (specmemcore      ) [ 000000000000000000000000000000000000000]
specmemcore_ln0       (specmemcore      ) [ 000000000000000000000000000000000000000]
specmemcore_ln0       (specmemcore      ) [ 000000000000000000000000000000000000000]
specmemcore_ln0       (specmemcore      ) [ 000000000000000000000000000000000000000]
specmemcore_ln0       (specmemcore      ) [ 000000000000000000000000000000000000000]
specmemcore_ln0       (specmemcore      ) [ 000000000000000000000000000000000000000]
specmemcore_ln0       (specmemcore      ) [ 000000000000000000000000000000000000000]
specmemcore_ln0       (specmemcore      ) [ 000000000000000000000000000000000000000]
specmemcore_ln0       (specmemcore      ) [ 000000000000000000000000000000000000000]
specmemcore_ln0       (specmemcore      ) [ 000000000000000000000000000000000000000]
specmemcore_ln0       (specmemcore      ) [ 000000000000000000000000000000000000000]
specinterface_ln0     (specinterface    ) [ 000000000000000000000000000000000000000]
store_ln0             (store            ) [ 000000000000000000000000000000000000000]
store_ln40            (store            ) [ 000000000000000000000000000000000000000]
store_ln41            (store            ) [ 000000000000000000000000000000000000000]
br_ln0                (br               ) [ 000000000000000000000000000000000000000]
indvar_flatten_load   (load             ) [ 000000000000000000000000000000000000000]
icmp_ln40             (icmp             ) [ 011111111111111111110000000000000000000]
add_ln40_1            (add              ) [ 000000000000000000000000000000000000000]
br_ln40               (br               ) [ 000000000000000000000000000000000000000]
x_load                (load             ) [ 000000000000000000000000000000000000000]
y_load                (load             ) [ 000000000000000000000000000000000000000]
add_ln40              (add              ) [ 000000000000000000000000000000000000000]
icmp_ln41             (icmp             ) [ 000000000000000000000000000000000000000]
select_ln40           (select           ) [ 001111111111000000000000000000000000000]
select_ln40_1         (select           ) [ 001111111110000000000000000000000000000]
store_ln40            (store            ) [ 000000000000000000000000000000000000000]
store_ln40            (store            ) [ 000000000000000000000000000000000000000]
zext_ln40             (zext             ) [ 000000000000000000000000000000000000000]
zext_ln40_1           (zext             ) [ 000000000000000000000000000000000000000]
mul_ln40              (mul              ) [ 000000000000000000000000000000000000000]
tmp                   (partselect       ) [ 000110000000000000000000000000000000000]
empty                 (add              ) [ 000000000000000000000000000000000000000]
p_cast                (zext             ) [ 000000000000000000000000000000000000000]
empty_35              (add              ) [ 000100000000000000000000000000000000000]
tmp_13                (bitselect        ) [ 000000000000000000000000000000000000000]
cmp22                 (icmp             ) [ 000000000000000000000000000000000000000]
zext_ln41             (zext             ) [ 000000000000000000000000000000000000000]
add_ln45              (add              ) [ 000000000000000000000000000000000000000]
zext_ln45             (zext             ) [ 000000000000000000000000000000000000000]
add_ln45_1            (add              ) [ 000111000000000000000000000000000000000]
tmp_15                (bitselect        ) [ 000000000000000000000000000000000000000]
cmp24                 (icmp             ) [ 000000000000000000000000000000000000000]
tmp1                  (or               ) [ 000000000000000000000000000000000000000]
tmp2                  (or               ) [ 000000000000000000000000000000000000000]
thr_or32              (or               ) [ 011111111111111111111111111111111111111]
br_ln49               (br               ) [ 000000000000000000000000000000000000000]
br_ln52               (br               ) [ 000000000000000000000000000000000000000]
br_ln0                (br               ) [ 000000000000000000000000000000000000000]
add_ln41              (add              ) [ 000000000000000000000000000000000000000]
store_ln41            (store            ) [ 000000000000000000000000000000000000000]
br_ln41               (br               ) [ 000000000000000000000000000000000000000]
p_cast31              (sext             ) [ 000010000000000000000000000000000000000]
p_shl                 (bitconcatenate   ) [ 000000000000000000000000000000000000000]
tmp_12                (bitconcatenate   ) [ 000000000000000000000000000000000000000]
zext_ln51             (zext             ) [ 000000000000000000000000000000000000000]
sub_ln51              (sub              ) [ 000000000000000000000000000000000000000]
empty_36              (mul              ) [ 000001000000000000000000000000000000000]
zext_ln41_1           (zext             ) [ 000000000000000000000000000000000000000]
mul_ln41              (mul              ) [ 000000000000000000000000000000000000000]
tmp_14                (partselect       ) [ 000000000000000000000000000000000000000]
zext_ln51_1           (zext             ) [ 000000000000000000000000000000000000000]
add_ln51_1            (add              ) [ 000001000000000000000000000000000000000]
p_cast36              (sext             ) [ 000000000000000000000000000000000000000]
zext_ln51_2           (zext             ) [ 000000000000000000000000000000000000000]
mul_ln51              (mul              ) [ 000000111111100000000000000000000000000]
add_ln45_3_cast       (sext             ) [ 000000000000000000000000000000000000000]
empty_38              (add              ) [ 000000000000000000000000000000000000000]
empty_39              (shl              ) [ 000000000000000000000000000000000000000]
empty_40              (sub              ) [ 000000100000000000000000000000000000000]
add_ln51              (add              ) [ 000000000000000000000000000000000000000]
gmem_addr             (getelementptr    ) [ 000000011111111111110000000000000000000]
add_ln51_2            (add              ) [ 000000000000000000000000000000000000000]
add_ln51_3            (add              ) [ 000000000000000000000000000000000000000]
add_ln51_4            (add              ) [ 000000000000000000000000000000000000000]
add_ln51_5            (add              ) [ 000000011111110000000000000000000000000]
gmem_addr_16          (getelementptr    ) [ 011111111111111111111111111111111111100]
urem_ln40             (urem             ) [ 000000000000000000000000000000000000000]
trunc_ln40            (trunc            ) [ 011111111111111111111111111111111111111]
switch_ln51           (switch           ) [ 000000000000000000000000000000000000000]
br_ln51               (br               ) [ 000000000000000000000000000000000000000]
br_ln51               (br               ) [ 000000000000000000000000000000000000000]
br_ln51               (br               ) [ 000000000000000000000000000000000000000]
switch_ln53           (switch           ) [ 000000000000000000000000000000000000000]
br_ln53               (br               ) [ 000000000000000000000000000000000000000]
br_ln53               (br               ) [ 000000000000000000000000000000000000000]
br_ln53               (br               ) [ 000000000000000000000000000000000000000]
urem_ln41             (urem             ) [ 000000000000000000000000000000000000000]
trunc_ln41            (trunc            ) [ 011111111111111111111111111111111111111]
switch_ln51           (switch           ) [ 000000000000000000000000000000000000000]
switch_ln51           (switch           ) [ 000000000000000000000000000000000000000]
switch_ln51           (switch           ) [ 000000000000000000000000000000000000000]
switch_ln53           (switch           ) [ 000000000000000000000000000000000000000]
switch_ln53           (switch           ) [ 000000000000000000000000000000000000000]
switch_ln53           (switch           ) [ 000000000000000000000000000000000000000]
specloopname_ln0      (specloopname     ) [ 000000000000000000000000000000000000000]
speclooptripcount_ln0 (speclooptripcount) [ 000000000000000000000000000000000000000]
specpipeline_ln42     (specpipeline     ) [ 000000000000000000000000000000000000000]
zext_ln51_3           (zext             ) [ 000000000000000000000000000000000000000]
tile_in_addr          (getelementptr    ) [ 010000000000011111111000000000000000000]
tile_in_431_addr      (getelementptr    ) [ 011111111110011111111111111111000000000]
tile_in_432_addr      (getelementptr    ) [ 011111111111011111111111111111100000000]
tile_in_433_addr      (getelementptr    ) [ 010000000000011111111000000000000000000]
tile_in_434_addr      (getelementptr    ) [ 011111111000011111111111111100000000000]
tile_in_435_addr      (getelementptr    ) [ 011111111100011111111111111110000000000]
tile_in_436_addr      (getelementptr    ) [ 010000000000011111111000000000000000000]
tile_in_437_addr      (getelementptr    ) [ 011111111111111111111111111111110000000]
tile_in_438_addr      (getelementptr    ) [ 011111111111111111111111111111111000000]
tile_in_439_addr      (getelementptr    ) [ 010000000000011111111000000000000000000]
tile_in_440_addr      (getelementptr    ) [ 011110000000011111111111000000000000000]
tile_in_441_addr      (getelementptr    ) [ 011111000000011111111111100000000000000]
tile_in_442_addr      (getelementptr    ) [ 010000000000011111111000000000000000000]
tile_in_443_addr      (getelementptr    ) [ 011000000000011111111100000000000000000]
tile_in_444_addr      (getelementptr    ) [ 011100000000011111111110000000000000000]
tile_in_445_addr      (getelementptr    ) [ 010000000000011111111000000000000000000]
tile_in_446_addr      (getelementptr    ) [ 011111100000011111111111110000000000000]
tile_in_447_addr      (getelementptr    ) [ 011111110000011111111111111000000000000]
tile_in_448_addr      (getelementptr    ) [ 010000000000011111111000000000000000000]
tile_in_449_addr      (getelementptr    ) [ 011111111111111111111111111111111111000]
tile_in_450_addr      (getelementptr    ) [ 011111111111111111111111111111111111100]
tile_in_451_addr      (getelementptr    ) [ 010000000000011111111000000000000000000]
tile_in_452_addr      (getelementptr    ) [ 011111111111111111111111111111111100000]
tile_in_453_addr      (getelementptr    ) [ 011111111111111111111111111111111110000]
tile_in_454_addr      (getelementptr    ) [ 010000000000011111111000000000000000000]
tile_in_455_addr      (getelementptr    ) [ 011111111111111111111111111111111111110]
tile_in_456_addr      (getelementptr    ) [ 011111111111111111111111111111111111111]
store_ln53            (store            ) [ 000000000000000000000000000000000000000]
store_ln53            (store            ) [ 000000000000000000000000000000000000000]
store_ln53            (store            ) [ 000000000000000000000000000000000000000]
br_ln53               (br               ) [ 000000000000000000000000000000000000000]
store_ln53            (store            ) [ 000000000000000000000000000000000000000]
store_ln53            (store            ) [ 000000000000000000000000000000000000000]
store_ln53            (store            ) [ 000000000000000000000000000000000000000]
br_ln53               (br               ) [ 000000000000000000000000000000000000000]
store_ln53            (store            ) [ 000000000000000000000000000000000000000]
store_ln53            (store            ) [ 000000000000000000000000000000000000000]
store_ln53            (store            ) [ 000000000000000000000000000000000000000]
br_ln53               (br               ) [ 000000000000000000000000000000000000000]
store_ln53            (store            ) [ 000000000000000000000000000000000000000]
store_ln53            (store            ) [ 000000000000000000000000000000000000000]
store_ln53            (store            ) [ 000000000000000000000000000000000000000]
br_ln53               (br               ) [ 000000000000000000000000000000000000000]
store_ln53            (store            ) [ 000000000000000000000000000000000000000]
store_ln53            (store            ) [ 000000000000000000000000000000000000000]
store_ln53            (store            ) [ 000000000000000000000000000000000000000]
br_ln53               (br               ) [ 000000000000000000000000000000000000000]
store_ln53            (store            ) [ 000000000000000000000000000000000000000]
store_ln53            (store            ) [ 000000000000000000000000000000000000000]
store_ln53            (store            ) [ 000000000000000000000000000000000000000]
br_ln53               (br               ) [ 000000000000000000000000000000000000000]
store_ln53            (store            ) [ 000000000000000000000000000000000000000]
store_ln53            (store            ) [ 000000000000000000000000000000000000000]
store_ln53            (store            ) [ 000000000000000000000000000000000000000]
br_ln53               (br               ) [ 000000000000000000000000000000000000000]
store_ln53            (store            ) [ 000000000000000000000000000000000000000]
store_ln53            (store            ) [ 000000000000000000000000000000000000000]
store_ln53            (store            ) [ 000000000000000000000000000000000000000]
br_ln53               (br               ) [ 000000000000000000000000000000000000000]
store_ln53            (store            ) [ 000000000000000000000000000000000000000]
store_ln53            (store            ) [ 000000000000000000000000000000000000000]
store_ln53            (store            ) [ 000000000000000000000000000000000000000]
br_ln53               (br               ) [ 000000000000000000000000000000000000000]
gmem_addr_25          (getelementptr    ) [ 011000000000001111111100000000000000000]
gmem_addr_24          (getelementptr    ) [ 011110000000001111111111000000000000000]
gmem_addr_23          (getelementptr    ) [ 011111100000001111111111110000000000000]
gmem_addr_22          (getelementptr    ) [ 011111111000001111111111111100000000000]
gmem_addr_21          (getelementptr    ) [ 011111111110001111111111111111000000000]
gmem_addr_20          (getelementptr    ) [ 011111111111101111111111111111110000000]
gmem_addr_19          (getelementptr    ) [ 011111111111111111111111111111111100000]
gmem_addr_18          (getelementptr    ) [ 011111111111111111111111111111111111000]
gmem_addr_17          (getelementptr    ) [ 011111111111111111111111111111111111110]
gmem_load_req         (readreq          ) [ 000000000000000000000000000000000000000]
gmem_addr_read        (read             ) [ 010000000000000000001000000000000000000]
gmem_load_431_req     (readreq          ) [ 000000000000000000000000000000000000000]
gmem_load_429_req     (readreq          ) [ 000000000000000000000000000000000000000]
gmem_load_427_req     (readreq          ) [ 000000000000000000000000000000000000000]
gmem_load_425_req     (readreq          ) [ 000000000000000000000000000000000000000]
gmem_load_423_req     (readreq          ) [ 000000000000000000000000000000000000000]
gmem_load_421_req     (readreq          ) [ 000000000000000000000000000000000000000]
gmem_load_419_req     (readreq          ) [ 000000000000000000000000000000000000000]
gmem_load_417_req     (readreq          ) [ 000000000000000000000000000000000000000]
gmem_load_415_req     (readreq          ) [ 000000000000000000000000000000000000000]
store_ln51            (store            ) [ 000000000000000000000000000000000000000]
gmem_addr_16_read_8   (read             ) [ 001000000000000000000100000000000000000]
gmem_load_432_req     (readreq          ) [ 000000000000000000000000000000000000000]
store_ln51            (store            ) [ 000000000000000000000000000000000000000]
gmem_load_430_req     (readreq          ) [ 000000000000000000000000000000000000000]
store_ln51            (store            ) [ 000000000000000000000000000000000000000]
gmem_load_428_req     (readreq          ) [ 000000000000000000000000000000000000000]
store_ln51            (store            ) [ 000000000000000000000000000000000000000]
gmem_load_426_req     (readreq          ) [ 000000000000000000000000000000000000000]
store_ln51            (store            ) [ 000000000000000000000000000000000000000]
gmem_load_424_req     (readreq          ) [ 000000000000000000000000000000000000000]
store_ln51            (store            ) [ 000000000000000000000000000000000000000]
gmem_load_422_req     (readreq          ) [ 000000000000000000000000000000000000000]
store_ln51            (store            ) [ 000000000000000000000000000000000000000]
gmem_load_420_req     (readreq          ) [ 000000000000000000000000000000000000000]
store_ln51            (store            ) [ 000000000000000000000000000000000000000]
gmem_load_418_req     (readreq          ) [ 000000000000000000000000000000000000000]
store_ln51            (store            ) [ 000000000000000000000000000000000000000]
gmem_load_416_req     (readreq          ) [ 000000000000000000000000000000000000000]
store_ln51            (store            ) [ 000000000000000000000000000000000000000]
gmem_addr_25_read     (read             ) [ 000100000000000000000010000000000000000]
store_ln51            (store            ) [ 000000000000000000000000000000000000000]
br_ln51               (br               ) [ 000000000000000000000000000000000000000]
gmem_addr_16_read_7   (read             ) [ 000010000000000000000001000000000000000]
store_ln51            (store            ) [ 000000000000000000000000000000000000000]
gmem_addr_24_read     (read             ) [ 000001000000000000000000100000000000000]
store_ln51            (store            ) [ 000000000000000000000000000000000000000]
br_ln51               (br               ) [ 000000000000000000000000000000000000000]
gmem_addr_16_read_6   (read             ) [ 000000100000000000000000010000000000000]
store_ln51            (store            ) [ 000000000000000000000000000000000000000]
gmem_addr_23_read     (read             ) [ 000000010000000000000000001000000000000]
store_ln51            (store            ) [ 000000000000000000000000000000000000000]
br_ln51               (br               ) [ 000000000000000000000000000000000000000]
gmem_addr_16_read_5   (read             ) [ 000000001000000000000000000100000000000]
store_ln51            (store            ) [ 000000000000000000000000000000000000000]
gmem_addr_22_read     (read             ) [ 000000000100000000000000000010000000000]
store_ln51            (store            ) [ 000000000000000000000000000000000000000]
br_ln51               (br               ) [ 000000000000000000000000000000000000000]
gmem_addr_16_read_4   (read             ) [ 000000000010000000000000000001000000000]
store_ln51            (store            ) [ 000000000000000000000000000000000000000]
gmem_addr_21_read     (read             ) [ 000000000001000000000000000000100000000]
store_ln51            (store            ) [ 000000000000000000000000000000000000000]
br_ln51               (br               ) [ 000000000000000000000000000000000000000]
gmem_addr_16_read_3   (read             ) [ 000000000000100000000000000000010000000]
store_ln51            (store            ) [ 000000000000000000000000000000000000000]
gmem_addr_20_read     (read             ) [ 000000000000010000000000000000001000000]
store_ln51            (store            ) [ 000000000000000000000000000000000000000]
br_ln51               (br               ) [ 000000000000000000000000000000000000000]
gmem_addr_16_read_2   (read             ) [ 000000000000001000000000000000000100000]
store_ln51            (store            ) [ 000000000000000000000000000000000000000]
gmem_addr_19_read     (read             ) [ 000000000000000100000000000000000010000]
store_ln51            (store            ) [ 000000000000000000000000000000000000000]
br_ln51               (br               ) [ 000000000000000000000000000000000000000]
gmem_addr_16_read_1   (read             ) [ 000000000000000010000000000000000001000]
store_ln51            (store            ) [ 000000000000000000000000000000000000000]
gmem_addr_18_read     (read             ) [ 000000000000000001000000000000000000100]
store_ln51            (store            ) [ 000000000000000000000000000000000000000]
br_ln51               (br               ) [ 000000000000000000000000000000000000000]
gmem_addr_16_read     (read             ) [ 000000000000000000100000000000000000010]
store_ln51            (store            ) [ 000000000000000000000000000000000000000]
gmem_addr_17_read     (read             ) [ 000000000000000000010000000000000000001]
store_ln51            (store            ) [ 000000000000000000000000000000000000000]
br_ln51               (br               ) [ 000000000000000000000000000000000000000]
ret_ln0               (ret              ) [ 000000000000000000000000000000000000000]
</LifeTime>

<model>

<comp_list>
<comp id="0" class="1000" name="gmem">
<pin_list>
<pin id="1" dir="1" index="0" bw="1" slack="0"/>
</pin_list>
<bind>
<StgValue><ssdm name="gmem"/><MemPortTyVec>0 </MemPortTyVec>
</StgValue>
</bind>
</comp>

<comp id="2" class="1000" name="input_r">
<pin_list>
<pin id="3" dir="1" index="0" bw="1" slack="0"/>
</pin_list>
<bind>
<StgValue><ssdm name="input_r"/></StgValue>
</bind>
</comp>

<comp id="4" class="1000" name="ty">
<pin_list>
<pin id="5" dir="1" index="0" bw="1" slack="0"/>
</pin_list>
<bind>
<StgValue><ssdm name="ty"/></StgValue>
</bind>
</comp>

<comp id="6" class="1000" name="sext_ln36_6">
<pin_list>
<pin id="7" dir="1" index="0" bw="1" slack="0"/>
</pin_list>
<bind>
<StgValue><ssdm name="sext_ln36_6"/></StgValue>
</bind>
</comp>

<comp id="8" class="1000" name="sext_ln36_5">
<pin_list>
<pin id="9" dir="1" index="0" bw="1" slack="0"/>
</pin_list>
<bind>
<StgValue><ssdm name="sext_ln36_5"/></StgValue>
</bind>
</comp>

<comp id="10" class="1000" name="tile_in">
<pin_list>
<pin id="11" dir="1" index="0" bw="1" slack="0"/>
</pin_list>
<bind>
<StgValue><ssdm name="tile_in"/><MemPortTyVec>0 3 </MemPortTyVec>
</StgValue>
</bind>
</comp>

<comp id="12" class="1000" name="tile_in_431">
<pin_list>
<pin id="13" dir="1" index="0" bw="1" slack="0"/>
</pin_list>
<bind>
<StgValue><ssdm name="tile_in_431"/><MemPortTyVec>0 3 </MemPortTyVec>
</StgValue>
</bind>
</comp>

<comp id="14" class="1000" name="tile_in_432">
<pin_list>
<pin id="15" dir="1" index="0" bw="1" slack="0"/>
</pin_list>
<bind>
<StgValue><ssdm name="tile_in_432"/><MemPortTyVec>0 3 </MemPortTyVec>
</StgValue>
</bind>
</comp>

<comp id="16" class="1000" name="tile_in_433">
<pin_list>
<pin id="17" dir="1" index="0" bw="1" slack="0"/>
</pin_list>
<bind>
<StgValue><ssdm name="tile_in_433"/><MemPortTyVec>0 3 </MemPortTyVec>
</StgValue>
</bind>
</comp>

<comp id="18" class="1000" name="tile_in_434">
<pin_list>
<pin id="19" dir="1" index="0" bw="1" slack="0"/>
</pin_list>
<bind>
<StgValue><ssdm name="tile_in_434"/><MemPortTyVec>0 3 </MemPortTyVec>
</StgValue>
</bind>
</comp>

<comp id="20" class="1000" name="tile_in_435">
<pin_list>
<pin id="21" dir="1" index="0" bw="1" slack="0"/>
</pin_list>
<bind>
<StgValue><ssdm name="tile_in_435"/><MemPortTyVec>0 3 </MemPortTyVec>
</StgValue>
</bind>
</comp>

<comp id="22" class="1000" name="tile_in_436">
<pin_list>
<pin id="23" dir="1" index="0" bw="1" slack="0"/>
</pin_list>
<bind>
<StgValue><ssdm name="tile_in_436"/><MemPortTyVec>0 3 </MemPortTyVec>
</StgValue>
</bind>
</comp>

<comp id="24" class="1000" name="tile_in_437">
<pin_list>
<pin id="25" dir="1" index="0" bw="1" slack="0"/>
</pin_list>
<bind>
<StgValue><ssdm name="tile_in_437"/><MemPortTyVec>0 0 </MemPortTyVec>
</StgValue>
</bind>
</comp>

<comp id="26" class="1000" name="tile_in_438">
<pin_list>
<pin id="27" dir="1" index="0" bw="1" slack="0"/>
</pin_list>
<bind>
<StgValue><ssdm name="tile_in_438"/><MemPortTyVec>0 3 </MemPortTyVec>
</StgValue>
</bind>
</comp>

<comp id="28" class="1000" name="tile_in_439">
<pin_list>
<pin id="29" dir="1" index="0" bw="1" slack="0"/>
</pin_list>
<bind>
<StgValue><ssdm name="tile_in_439"/><MemPortTyVec>0 3 </MemPortTyVec>
</StgValue>
</bind>
</comp>

<comp id="30" class="1000" name="tile_in_440">
<pin_list>
<pin id="31" dir="1" index="0" bw="1" slack="0"/>
</pin_list>
<bind>
<StgValue><ssdm name="tile_in_440"/><MemPortTyVec>0 3 </MemPortTyVec>
</StgValue>
</bind>
</comp>

<comp id="32" class="1000" name="tile_in_441">
<pin_list>
<pin id="33" dir="1" index="0" bw="1" slack="0"/>
</pin_list>
<bind>
<StgValue><ssdm name="tile_in_441"/><MemPortTyVec>0 3 </MemPortTyVec>
</StgValue>
</bind>
</comp>

<comp id="34" class="1000" name="tile_in_442">
<pin_list>
<pin id="35" dir="1" index="0" bw="1" slack="0"/>
</pin_list>
<bind>
<StgValue><ssdm name="tile_in_442"/><MemPortTyVec>0 3 </MemPortTyVec>
</StgValue>
</bind>
</comp>

<comp id="36" class="1000" name="tile_in_443">
<pin_list>
<pin id="37" dir="1" index="0" bw="1" slack="0"/>
</pin_list>
<bind>
<StgValue><ssdm name="tile_in_443"/><MemPortTyVec>0 3 </MemPortTyVec>
</StgValue>
</bind>
</comp>

<comp id="38" class="1000" name="tile_in_444">
<pin_list>
<pin id="39" dir="1" index="0" bw="1" slack="0"/>
</pin_list>
<bind>
<StgValue><ssdm name="tile_in_444"/><MemPortTyVec>0 3 </MemPortTyVec>
</StgValue>
</bind>
</comp>

<comp id="40" class="1000" name="tile_in_445">
<pin_list>
<pin id="41" dir="1" index="0" bw="1" slack="0"/>
</pin_list>
<bind>
<StgValue><ssdm name="tile_in_445"/><MemPortTyVec>0 3 </MemPortTyVec>
</StgValue>
</bind>
</comp>

<comp id="42" class="1000" name="tile_in_446">
<pin_list>
<pin id="43" dir="1" index="0" bw="1" slack="0"/>
</pin_list>
<bind>
<StgValue><ssdm name="tile_in_446"/><MemPortTyVec>0 3 </MemPortTyVec>
</StgValue>
</bind>
</comp>

<comp id="44" class="1000" name="tile_in_447">
<pin_list>
<pin id="45" dir="1" index="0" bw="1" slack="0"/>
</pin_list>
<bind>
<StgValue><ssdm name="tile_in_447"/><MemPortTyVec>0 3 </MemPortTyVec>
</StgValue>
</bind>
</comp>

<comp id="46" class="1000" name="tile_in_448">
<pin_list>
<pin id="47" dir="1" index="0" bw="1" slack="0"/>
</pin_list>
<bind>
<StgValue><ssdm name="tile_in_448"/><MemPortTyVec>0 3 </MemPortTyVec>
</StgValue>
</bind>
</comp>

<comp id="48" class="1000" name="tile_in_449">
<pin_list>
<pin id="49" dir="1" index="0" bw="1" slack="0"/>
</pin_list>
<bind>
<StgValue><ssdm name="tile_in_449"/><MemPortTyVec>0 3 </MemPortTyVec>
</StgValue>
</bind>
</comp>

<comp id="50" class="1000" name="tile_in_450">
<pin_list>
<pin id="51" dir="1" index="0" bw="1" slack="0"/>
</pin_list>
<bind>
<StgValue><ssdm name="tile_in_450"/><MemPortTyVec>0 3 </MemPortTyVec>
</StgValue>
</bind>
</comp>

<comp id="52" class="1000" name="tile_in_451">
<pin_list>
<pin id="53" dir="1" index="0" bw="1" slack="0"/>
</pin_list>
<bind>
<StgValue><ssdm name="tile_in_451"/><MemPortTyVec>0 3 </MemPortTyVec>
</StgValue>
</bind>
</comp>

<comp id="54" class="1000" name="tile_in_452">
<pin_list>
<pin id="55" dir="1" index="0" bw="1" slack="0"/>
</pin_list>
<bind>
<StgValue><ssdm name="tile_in_452"/><MemPortTyVec>0 3 </MemPortTyVec>
</StgValue>
</bind>
</comp>

<comp id="56" class="1000" name="tile_in_453">
<pin_list>
<pin id="57" dir="1" index="0" bw="1" slack="0"/>
</pin_list>
<bind>
<StgValue><ssdm name="tile_in_453"/><MemPortTyVec>0 3 </MemPortTyVec>
</StgValue>
</bind>
</comp>

<comp id="58" class="1000" name="tile_in_454">
<pin_list>
<pin id="59" dir="1" index="0" bw="1" slack="0"/>
</pin_list>
<bind>
<StgValue><ssdm name="tile_in_454"/><MemPortTyVec>0 3 </MemPortTyVec>
</StgValue>
</bind>
</comp>

<comp id="60" class="1000" name="tile_in_455">
<pin_list>
<pin id="61" dir="1" index="0" bw="1" slack="0"/>
</pin_list>
<bind>
<StgValue><ssdm name="tile_in_455"/><MemPortTyVec>0 3 </MemPortTyVec>
</StgValue>
</bind>
</comp>

<comp id="62" class="1000" name="tile_in_456">
<pin_list>
<pin id="63" dir="1" index="0" bw="1" slack="0"/>
</pin_list>
<bind>
<StgValue><ssdm name="tile_in_456"/><MemPortTyVec>0 3 </MemPortTyVec>
</StgValue>
</bind>
</comp>

<comp id="64" class="1000" name="tx">
<pin_list>
<pin id="65" dir="1" index="0" bw="1" slack="0"/>
</pin_list>
<bind>
<StgValue><ssdm name="tx"/></StgValue>
</bind>
</comp>

<comp id="66" class="1001" name="const_66">
<pin_list>
<pin id="67" dir="1" index="0" bw="1" slack="0"/>
</pin_list>
<bind>
<StgValue><ssdm name=""/></StgValue>
</bind>
</comp>

<comp id="68" class="1001" name="const_68">
<pin_list>
<pin id="69" dir="1" index="0" bw="1" slack="0"/>
</pin_list>
<bind>
<StgValue><ssdm name="_ssdm_op_Read.ap_auto.i31"/></StgValue>
</bind>
</comp>

<comp id="70" class="1001" name="const_70">
<pin_list>
<pin id="71" dir="1" index="0" bw="1" slack="0"/>
</pin_list>
<bind>
<StgValue><ssdm name="_ssdm_op_Read.ap_auto.i32"/></StgValue>
</bind>
</comp>

<comp id="72" class="1001" name="const_72">
<pin_list>
<pin id="73" dir="1" index="0" bw="1" slack="0"/>
</pin_list>
<bind>
<StgValue><ssdm name="_ssdm_op_Read.ap_auto.i64"/></StgValue>
</bind>
</comp>

<comp id="74" class="1001" name="const_74">
<pin_list>
<pin id="75" dir="1" index="0" bw="1" slack="2147483647"/>
</pin_list>
<bind>
<StgValue><ssdm name="_ssdm_op_SpecMemCore"/></StgValue>
</bind>
</comp>

<comp id="76" class="1001" name="const_76">
<pin_list>
<pin id="77" dir="1" index="0" bw="1" slack="2147483647"/>
</pin_list>
<bind>
<StgValue><ssdm name=""/></StgValue>
</bind>
</comp>

<comp id="78" class="1001" name="const_78">
<pin_list>
<pin id="79" dir="1" index="0" bw="1" slack="2147483647"/>
</pin_list>
<bind>
<StgValue><ssdm name=""/></StgValue>
</bind>
</comp>

<comp id="80" class="1001" name="const_80">
<pin_list>
<pin id="81" dir="1" index="0" bw="1" slack="2147483647"/>
</pin_list>
<bind>
<StgValue><ssdm name=""/></StgValue>
</bind>
</comp>

<comp id="82" class="1001" name="const_82">
<pin_list>
<pin id="83" dir="1" index="0" bw="1" slack="2147483647"/>
</pin_list>
<bind>
<StgValue><ssdm name="_ssdm_op_SpecInterface"/></StgValue>
</bind>
</comp>

<comp id="84" class="1001" name="const_84">
<pin_list>
<pin id="85" dir="1" index="0" bw="1" slack="2147483647"/>
</pin_list>
<bind>
<StgValue><ssdm name="empty_0"/></StgValue>
</bind>
</comp>

<comp id="86" class="1001" name="const_86">
<pin_list>
<pin id="87" dir="1" index="0" bw="1" slack="2147483647"/>
</pin_list>
<bind>
<StgValue><ssdm name=""/></StgValue>
</bind>
</comp>

<comp id="88" class="1001" name="const_88">
<pin_list>
<pin id="89" dir="1" index="0" bw="1" slack="2147483647"/>
</pin_list>
<bind>
<StgValue><ssdm name="empty_5"/></StgValue>
</bind>
</comp>

<comp id="90" class="1001" name="const_90">
<pin_list>
<pin id="91" dir="1" index="0" bw="1" slack="2147483647"/>
</pin_list>
<bind>
<StgValue><ssdm name="empty_4"/></StgValue>
</bind>
</comp>

<comp id="92" class="1001" name="const_92">
<pin_list>
<pin id="93" dir="1" index="0" bw="1" slack="2147483647"/>
</pin_list>
<bind>
<StgValue><ssdm name="empty_3"/></StgValue>
</bind>
</comp>

<comp id="94" class="1001" name="const_94">
<pin_list>
<pin id="95" dir="1" index="0" bw="1" slack="2147483647"/>
</pin_list>
<bind>
<StgValue><ssdm name=""/></StgValue>
</bind>
</comp>

<comp id="96" class="1001" name="const_96">
<pin_list>
<pin id="97" dir="1" index="0" bw="1" slack="2147483647"/>
</pin_list>
<bind>
<StgValue><ssdm name=""/></StgValue>
</bind>
</comp>

<comp id="98" class="1001" name="const_98">
<pin_list>
<pin id="99" dir="1" index="0" bw="1" slack="0"/>
</pin_list>
<bind>
<StgValue><ssdm name=""/></StgValue>
</bind>
</comp>

<comp id="100" class="1001" name="const_100">
<pin_list>
<pin id="101" dir="1" index="0" bw="1" slack="0"/>
</pin_list>
<bind>
<StgValue><ssdm name=""/></StgValue>
</bind>
</comp>

<comp id="102" class="1001" name="const_102">
<pin_list>
<pin id="103" dir="1" index="0" bw="1" slack="0"/>
</pin_list>
<bind>
<StgValue><ssdm name=""/></StgValue>
</bind>
</comp>

<comp id="104" class="1001" name="const_104">
<pin_list>
<pin id="105" dir="1" index="0" bw="1" slack="0"/>
</pin_list>
<bind>
<StgValue><ssdm name=""/></StgValue>
</bind>
</comp>

<comp id="106" class="1001" name="const_106">
<pin_list>
<pin id="107" dir="1" index="0" bw="1" slack="0"/>
</pin_list>
<bind>
<StgValue><ssdm name=""/></StgValue>
</bind>
</comp>

<comp id="108" class="1001" name="const_108">
<pin_list>
<pin id="109" dir="1" index="0" bw="1" slack="0"/>
</pin_list>
<bind>
<StgValue><ssdm name=""/></StgValue>
</bind>
</comp>

<comp id="110" class="1001" name="const_110">
<pin_list>
<pin id="111" dir="1" index="0" bw="1" slack="0"/>
</pin_list>
<bind>
<StgValue><ssdm name=""/></StgValue>
</bind>
</comp>

<comp id="112" class="1001" name="const_112">
<pin_list>
<pin id="113" dir="1" index="0" bw="1" slack="0"/>
</pin_list>
<bind>
<StgValue><ssdm name="_ssdm_op_PartSelect.i4.i11.i32.i32"/></StgValue>
</bind>
</comp>

<comp id="114" class="1001" name="const_114">
<pin_list>
<pin id="115" dir="1" index="0" bw="1" slack="0"/>
</pin_list>
<bind>
<StgValue><ssdm name=""/></StgValue>
</bind>
</comp>

<comp id="116" class="1001" name="const_116">
<pin_list>
<pin id="117" dir="1" index="0" bw="1" slack="0"/>
</pin_list>
<bind>
<StgValue><ssdm name=""/></StgValue>
</bind>
</comp>

<comp id="118" class="1001" name="const_118">
<pin_list>
<pin id="119" dir="1" index="0" bw="1" slack="0"/>
</pin_list>
<bind>
<StgValue><ssdm name=""/></StgValue>
</bind>
</comp>

<comp id="120" class="1001" name="const_120">
<pin_list>
<pin id="121" dir="1" index="0" bw="1" slack="0"/>
</pin_list>
<bind>
<StgValue><ssdm name=""/></StgValue>
</bind>
</comp>

<comp id="122" class="1001" name="const_122">
<pin_list>
<pin id="123" dir="1" index="0" bw="1" slack="0"/>
</pin_list>
<bind>
<StgValue><ssdm name="_ssdm_op_BitSelect.i1.i33.i32"/></StgValue>
</bind>
</comp>

<comp id="124" class="1001" name="const_124">
<pin_list>
<pin id="125" dir="1" index="0" bw="1" slack="0"/>
</pin_list>
<bind>
<StgValue><ssdm name=""/></StgValue>
</bind>
</comp>

<comp id="126" class="1001" name="const_126">
<pin_list>
<pin id="127" dir="1" index="0" bw="1" slack="0"/>
</pin_list>
<bind>
<StgValue><ssdm name="_ssdm_op_BitConcatenate.i7.i4.i3"/></StgValue>
</bind>
</comp>

<comp id="128" class="1001" name="const_128">
<pin_list>
<pin id="129" dir="1" index="0" bw="1" slack="0"/>
</pin_list>
<bind>
<StgValue><ssdm name=""/></StgValue>
</bind>
</comp>

<comp id="130" class="1001" name="const_130">
<pin_list>
<pin id="131" dir="1" index="0" bw="1" slack="0"/>
</pin_list>
<bind>
<StgValue><ssdm name="_ssdm_op_BitConcatenate.i5.i4.i1"/></StgValue>
</bind>
</comp>

<comp id="132" class="1001" name="const_132">
<pin_list>
<pin id="133" dir="1" index="0" bw="1" slack="0"/>
</pin_list>
<bind>
<StgValue><ssdm name=""/></StgValue>
</bind>
</comp>

<comp id="134" class="1001" name="const_134">
<pin_list>
<pin id="135" dir="1" index="0" bw="1" slack="0"/>
</pin_list>
<bind>
<StgValue><ssdm name=""/></StgValue>
</bind>
</comp>

<comp id="136" class="1001" name="const_136">
<pin_list>
<pin id="137" dir="1" index="0" bw="1" slack="0"/>
</pin_list>
<bind>
<StgValue><ssdm name=""/></StgValue>
</bind>
</comp>

<comp id="138" class="1001" name="const_138">
<pin_list>
<pin id="139" dir="1" index="0" bw="1" slack="0"/>
</pin_list>
<bind>
<StgValue><ssdm name=""/></StgValue>
</bind>
</comp>

<comp id="140" class="1001" name="const_140">
<pin_list>
<pin id="141" dir="1" index="0" bw="1" slack="0"/>
</pin_list>
<bind>
<StgValue><ssdm name="_ssdm_op_ReadReq.m_axi.i8P1A"/></StgValue>
</bind>
</comp>

<comp id="142" class="1001" name="const_142">
<pin_list>
<pin id="143" dir="1" index="0" bw="1" slack="2147483647"/>
</pin_list>
<bind>
<StgValue><ssdm name=""/></StgValue>
</bind>
</comp>

<comp id="144" class="1001" name="const_144">
<pin_list>
<pin id="145" dir="1" index="0" bw="1" slack="2147483647"/>
</pin_list>
<bind>
<StgValue><ssdm name=""/></StgValue>
</bind>
</comp>

<comp id="146" class="1001" name="const_146">
<pin_list>
<pin id="147" dir="1" index="0" bw="1" slack="2147483647"/>
</pin_list>
<bind>
<StgValue><ssdm name="_ssdm_op_SpecLoopName"/></StgValue>
</bind>
</comp>

<comp id="148" class="1001" name="const_148">
<pin_list>
<pin id="149" dir="1" index="0" bw="1" slack="2147483647"/>
</pin_list>
<bind>
<StgValue><ssdm name="VITIS_LOOP_40_3_VITIS_LOOP_41_4_str"/></StgValue>
</bind>
</comp>

<comp id="150" class="1001" name="const_150">
<pin_list>
<pin id="151" dir="1" index="0" bw="1" slack="2147483647"/>
</pin_list>
<bind>
<StgValue><ssdm name="_ssdm_op_SpecLoopTripCount"/></StgValue>
</bind>
</comp>

<comp id="152" class="1001" name="const_152">
<pin_list>
<pin id="153" dir="1" index="0" bw="1" slack="2147483647"/>
</pin_list>
<bind>
<StgValue><ssdm name=""/></StgValue>
</bind>
</comp>

<comp id="154" class="1001" name="const_154">
<pin_list>
<pin id="155" dir="1" index="0" bw="1" slack="2147483647"/>
</pin_list>
<bind>
<StgValue><ssdm name="_ssdm_op_SpecPipeline"/></StgValue>
</bind>
</comp>

<comp id="156" class="1001" name="const_156">
<pin_list>
<pin id="157" dir="1" index="0" bw="1" slack="0"/>
</pin_list>
<bind>
<StgValue><ssdm name=""/></StgValue>
</bind>
</comp>

<comp id="158" class="1001" name="const_158">
<pin_list>
<pin id="159" dir="1" index="0" bw="1" slack="0"/>
</pin_list>
<bind>
<StgValue><ssdm name=""/></StgValue>
</bind>
</comp>

<comp id="160" class="1001" name="const_160">
<pin_list>
<pin id="161" dir="1" index="0" bw="1" slack="0"/>
</pin_list>
<bind>
<StgValue><ssdm name="_ssdm_op_Read.m_axi.volatile.i8P1A"/></StgValue>
</bind>
</comp>

<comp id="162" class="1004" name="x_fu_162">
<pin_list>
<pin id="163" dir="0" index="0" bw="1" slack="0"/>
<pin id="164" dir="1" index="1" bw="5" slack="0"/>
</pin_list>
<bind>
<opcode="alloca(26) " fcode="alloca"/>
<opset="x/1 "/>
</bind>
</comp>

<comp id="166" class="1004" name="y_fu_166">
<pin_list>
<pin id="167" dir="0" index="0" bw="1" slack="0"/>
<pin id="168" dir="1" index="1" bw="5" slack="0"/>
</pin_list>
<bind>
<opcode="alloca(26) " fcode="alloca"/>
<opset="y/1 "/>
</bind>
</comp>

<comp id="170" class="1004" name="indvar_flatten_fu_170">
<pin_list>
<pin id="171" dir="0" index="0" bw="1" slack="0"/>
<pin id="172" dir="1" index="1" bw="9" slack="0"/>
</pin_list>
<bind>
<opcode="alloca(26) " fcode="alloca"/>
<opset="indvar_flatten/1 "/>
</bind>
</comp>

<comp id="174" class="1004" name="tx_read_read_fu_174">
<pin_list>
<pin id="175" dir="0" index="0" bw="31" slack="0"/>
<pin id="176" dir="0" index="1" bw="31" slack="0"/>
<pin id="177" dir="1" index="2" bw="31" slack="0"/>
</pin_list>
<bind>
<opcode="read(1150) " fcode="read"/>
<opset="tx_read/1 "/>
</bind>
</comp>

<comp id="180" class="1004" name="sext_ln36_5_read_read_fu_180">
<pin_list>
<pin id="181" dir="0" index="0" bw="32" slack="0"/>
<pin id="182" dir="0" index="1" bw="32" slack="0"/>
<pin id="183" dir="1" index="2" bw="32" slack="0"/>
</pin_list>
<bind>
<opcode="read(1150) " fcode="read"/>
<opset="sext_ln36_5_read/1 "/>
</bind>
</comp>

<comp id="186" class="1004" name="sext_ln36_6_read_read_fu_186">
<pin_list>
<pin id="187" dir="0" index="0" bw="31" slack="0"/>
<pin id="188" dir="0" index="1" bw="31" slack="0"/>
<pin id="189" dir="1" index="2" bw="31" slack="0"/>
</pin_list>
<bind>
<opcode="read(1150) " fcode="read"/>
<opset="sext_ln36_6_read/1 "/>
</bind>
</comp>

<comp id="192" class="1004" name="ty_read_read_fu_192">
<pin_list>
<pin id="193" dir="0" index="0" bw="31" slack="0"/>
<pin id="194" dir="0" index="1" bw="31" slack="0"/>
<pin id="195" dir="1" index="2" bw="31" slack="0"/>
</pin_list>
<bind>
<opcode="read(1150) " fcode="read"/>
<opset="ty_read/1 "/>
</bind>
</comp>

<comp id="198" class="1004" name="input_read_read_fu_198">
<pin_list>
<pin id="199" dir="0" index="0" bw="64" slack="0"/>
<pin id="200" dir="0" index="1" bw="64" slack="0"/>
<pin id="201" dir="1" index="2" bw="64" slack="5"/>
</pin_list>
<bind>
<opcode="read(1150) " fcode="read"/>
<opset="input_read/1 "/>
</bind>
</comp>

<comp id="204" class="1004" name="grp_readreq_fu_204">
<pin_list>
<pin id="205" dir="0" index="0" bw="1" slack="0"/>
<pin id="206" dir="0" index="1" bw="8" slack="1"/>
<pin id="207" dir="0" index="2" bw="1" slack="0"/>
<pin id="208" dir="1" index="3" bw="1" slack="2147483647"/>
</pin_list>
<bind>
<opcode="readreq(1154) " fcode="readreq"/>
<opset="gmem_load_req/7 "/>
</bind>
</comp>

<comp id="211" class="1004" name="grp_readreq_fu_211">
<pin_list>
<pin id="212" dir="0" index="0" bw="1" slack="0"/>
<pin id="213" dir="0" index="1" bw="8" slack="6"/>
<pin id="214" dir="0" index="2" bw="1" slack="0"/>
<pin id="215" dir="1" index="3" bw="1" slack="2147483647"/>
</pin_list>
<bind>
<opcode="readreq(1154) " fcode="readreq"/>
<opset="gmem_load_431_req/12 gmem_load_429_req/12 gmem_load_427_req/12 gmem_load_425_req/12 gmem_load_423_req/12 gmem_load_421_req/12 gmem_load_419_req/12 gmem_load_417_req/12 gmem_load_415_req/12 "/>
</bind>
</comp>

<comp id="218" class="1004" name="grp_readreq_fu_218">
<pin_list>
<pin id="219" dir="0" index="0" bw="1" slack="0"/>
<pin id="220" dir="0" index="1" bw="8" slack="0"/>
<pin id="221" dir="0" index="2" bw="1" slack="0"/>
<pin id="222" dir="1" index="3" bw="1" slack="2147483647"/>
</pin_list>
<bind>
<opcode="readreq(1154) " fcode="readreq"/>
<opset="gmem_load_432_req/13 "/>
</bind>
</comp>

<comp id="225" class="1004" name="grp_readreq_fu_225">
<pin_list>
<pin id="226" dir="0" index="0" bw="1" slack="0"/>
<pin id="227" dir="0" index="1" bw="8" slack="0"/>
<pin id="228" dir="0" index="2" bw="1" slack="0"/>
<pin id="229" dir="1" index="3" bw="1" slack="2147483647"/>
</pin_list>
<bind>
<opcode="readreq(1154) " fcode="readreq"/>
<opset="gmem_load_430_req/13 "/>
</bind>
</comp>

<comp id="232" class="1004" name="grp_readreq_fu_232">
<pin_list>
<pin id="233" dir="0" index="0" bw="1" slack="0"/>
<pin id="234" dir="0" index="1" bw="8" slack="0"/>
<pin id="235" dir="0" index="2" bw="1" slack="0"/>
<pin id="236" dir="1" index="3" bw="1" slack="2147483647"/>
</pin_list>
<bind>
<opcode="readreq(1154) " fcode="readreq"/>
<opset="gmem_load_428_req/13 "/>
</bind>
</comp>

<comp id="239" class="1004" name="grp_readreq_fu_239">
<pin_list>
<pin id="240" dir="0" index="0" bw="1" slack="0"/>
<pin id="241" dir="0" index="1" bw="8" slack="0"/>
<pin id="242" dir="0" index="2" bw="1" slack="0"/>
<pin id="243" dir="1" index="3" bw="1" slack="2147483647"/>
</pin_list>
<bind>
<opcode="readreq(1154) " fcode="readreq"/>
<opset="gmem_load_426_req/13 "/>
</bind>
</comp>

<comp id="246" class="1004" name="grp_readreq_fu_246">
<pin_list>
<pin id="247" dir="0" index="0" bw="1" slack="0"/>
<pin id="248" dir="0" index="1" bw="8" slack="0"/>
<pin id="249" dir="0" index="2" bw="1" slack="0"/>
<pin id="250" dir="1" index="3" bw="1" slack="2147483647"/>
</pin_list>
<bind>
<opcode="readreq(1154) " fcode="readreq"/>
<opset="gmem_load_424_req/13 "/>
</bind>
</comp>

<comp id="253" class="1004" name="grp_readreq_fu_253">
<pin_list>
<pin id="254" dir="0" index="0" bw="1" slack="0"/>
<pin id="255" dir="0" index="1" bw="8" slack="0"/>
<pin id="256" dir="0" index="2" bw="1" slack="0"/>
<pin id="257" dir="1" index="3" bw="1" slack="2147483647"/>
</pin_list>
<bind>
<opcode="readreq(1154) " fcode="readreq"/>
<opset="gmem_load_422_req/13 "/>
</bind>
</comp>

<comp id="260" class="1004" name="grp_readreq_fu_260">
<pin_list>
<pin id="261" dir="0" index="0" bw="1" slack="0"/>
<pin id="262" dir="0" index="1" bw="8" slack="0"/>
<pin id="263" dir="0" index="2" bw="1" slack="0"/>
<pin id="264" dir="1" index="3" bw="1" slack="2147483647"/>
</pin_list>
<bind>
<opcode="readreq(1154) " fcode="readreq"/>
<opset="gmem_load_420_req/13 "/>
</bind>
</comp>

<comp id="267" class="1004" name="grp_readreq_fu_267">
<pin_list>
<pin id="268" dir="0" index="0" bw="1" slack="0"/>
<pin id="269" dir="0" index="1" bw="8" slack="0"/>
<pin id="270" dir="0" index="2" bw="1" slack="0"/>
<pin id="271" dir="1" index="3" bw="1" slack="2147483647"/>
</pin_list>
<bind>
<opcode="readreq(1154) " fcode="readreq"/>
<opset="gmem_load_418_req/13 "/>
</bind>
</comp>

<comp id="274" class="1004" name="grp_readreq_fu_274">
<pin_list>
<pin id="275" dir="0" index="0" bw="1" slack="0"/>
<pin id="276" dir="0" index="1" bw="8" slack="0"/>
<pin id="277" dir="0" index="2" bw="1" slack="0"/>
<pin id="278" dir="1" index="3" bw="1" slack="2147483647"/>
</pin_list>
<bind>
<opcode="readreq(1154) " fcode="readreq"/>
<opset="gmem_load_416_req/13 "/>
</bind>
</comp>

<comp id="281" class="1004" name="gmem_addr_read_read_fu_281">
<pin_list>
<pin id="282" dir="0" index="0" bw="8" slack="0"/>
<pin id="283" dir="0" index="1" bw="8" slack="13"/>
<pin id="284" dir="1" index="2" bw="8" slack="1"/>
</pin_list>
<bind>
<opcode="read(1150) " fcode="read"/>
<opset="gmem_addr_read/19 "/>
</bind>
</comp>

<comp id="286" class="1004" name="grp_read_fu_286">
<pin_list>
<pin id="287" dir="0" index="0" bw="8" slack="0"/>
<pin id="288" dir="0" index="1" bw="8" slack="14"/>
<pin id="289" dir="1" index="2" bw="8" slack="1"/>
</pin_list>
<bind>
<opcode="read(1150) " fcode="read"/>
<opset="gmem_addr_16_read_8/20 gmem_addr_16_read_7/22 gmem_addr_16_read_6/24 gmem_addr_16_read_5/26 gmem_addr_16_read_4/28 gmem_addr_16_read_3/30 gmem_addr_16_read_2/32 gmem_addr_16_read_1/34 gmem_addr_16_read/36 "/>
</bind>
</comp>

<comp id="291" class="1004" name="gmem_addr_25_read_read_fu_291">
<pin_list>
<pin id="292" dir="0" index="0" bw="8" slack="0"/>
<pin id="293" dir="0" index="1" bw="8" slack="8"/>
<pin id="294" dir="1" index="2" bw="8" slack="1"/>
</pin_list>
<bind>
<opcode="read(1150) " fcode="read"/>
<opset="gmem_addr_25_read/21 "/>
</bind>
</comp>

<comp id="296" class="1004" name="gmem_addr_24_read_read_fu_296">
<pin_list>
<pin id="297" dir="0" index="0" bw="8" slack="0"/>
<pin id="298" dir="0" index="1" bw="8" slack="10"/>
<pin id="299" dir="1" index="2" bw="8" slack="1"/>
</pin_list>
<bind>
<opcode="read(1150) " fcode="read"/>
<opset="gmem_addr_24_read/23 "/>
</bind>
</comp>

<comp id="301" class="1004" name="gmem_addr_23_read_read_fu_301">
<pin_list>
<pin id="302" dir="0" index="0" bw="8" slack="0"/>
<pin id="303" dir="0" index="1" bw="8" slack="12"/>
<pin id="304" dir="1" index="2" bw="8" slack="1"/>
</pin_list>
<bind>
<opcode="read(1150) " fcode="read"/>
<opset="gmem_addr_23_read/25 "/>
</bind>
</comp>

<comp id="306" class="1004" name="gmem_addr_22_read_read_fu_306">
<pin_list>
<pin id="307" dir="0" index="0" bw="8" slack="0"/>
<pin id="308" dir="0" index="1" bw="8" slack="14"/>
<pin id="309" dir="1" index="2" bw="8" slack="1"/>
</pin_list>
<bind>
<opcode="read(1150) " fcode="read"/>
<opset="gmem_addr_22_read/27 "/>
</bind>
</comp>

<comp id="311" class="1004" name="gmem_addr_21_read_read_fu_311">
<pin_list>
<pin id="312" dir="0" index="0" bw="8" slack="0"/>
<pin id="313" dir="0" index="1" bw="8" slack="16"/>
<pin id="314" dir="1" index="2" bw="8" slack="1"/>
</pin_list>
<bind>
<opcode="read(1150) " fcode="read"/>
<opset="gmem_addr_21_read/29 "/>
</bind>
</comp>

<comp id="316" class="1004" name="gmem_addr_20_read_read_fu_316">
<pin_list>
<pin id="317" dir="0" index="0" bw="8" slack="0"/>
<pin id="318" dir="0" index="1" bw="8" slack="18"/>
<pin id="319" dir="1" index="2" bw="8" slack="1"/>
</pin_list>
<bind>
<opcode="read(1150) " fcode="read"/>
<opset="gmem_addr_20_read/31 "/>
</bind>
</comp>

<comp id="321" class="1004" name="gmem_addr_19_read_read_fu_321">
<pin_list>
<pin id="322" dir="0" index="0" bw="8" slack="0"/>
<pin id="323" dir="0" index="1" bw="8" slack="20"/>
<pin id="324" dir="1" index="2" bw="8" slack="1"/>
</pin_list>
<bind>
<opcode="read(1150) " fcode="read"/>
<opset="gmem_addr_19_read/33 "/>
</bind>
</comp>

<comp id="326" class="1004" name="gmem_addr_18_read_read_fu_326">
<pin_list>
<pin id="327" dir="0" index="0" bw="8" slack="0"/>
<pin id="328" dir="0" index="1" bw="8" slack="22"/>
<pin id="329" dir="1" index="2" bw="8" slack="1"/>
</pin_list>
<bind>
<opcode="read(1150) " fcode="read"/>
<opset="gmem_addr_18_read/35 "/>
</bind>
</comp>

<comp id="331" class="1004" name="gmem_addr_17_read_read_fu_331">
<pin_list>
<pin id="332" dir="0" index="0" bw="8" slack="0"/>
<pin id="333" dir="0" index="1" bw="8" slack="24"/>
<pin id="334" dir="1" index="2" bw="8" slack="1"/>
</pin_list>
<bind>
<opcode="read(1150) " fcode="read"/>
<opset="gmem_addr_17_read/37 "/>
</bind>
</comp>

<comp id="336" class="1004" name="tile_in_addr_gep_fu_336">
<pin_list>
<pin id="337" dir="0" index="0" bw="8" slack="0"/>
<pin id="338" dir="0" index="1" bw="1" slack="0"/>
<pin id="339" dir="0" index="2" bw="11" slack="0"/>
<pin id="340" dir="1" index="3" bw="9" slack="0"/>
</pin_list>
<bind>
<opcode="getelementptr(29) " fcode="getelementptr"/>
<opset="tile_in_addr/12 "/>
</bind>
</comp>

<comp id="343" class="1004" name="tile_in_431_addr_gep_fu_343">
<pin_list>
<pin id="344" dir="0" index="0" bw="8" slack="0"/>
<pin id="345" dir="0" index="1" bw="1" slack="0"/>
<pin id="346" dir="0" index="2" bw="11" slack="0"/>
<pin id="347" dir="1" index="3" bw="9" slack="0"/>
</pin_list>
<bind>
<opcode="getelementptr(29) " fcode="getelementptr"/>
<opset="tile_in_431_addr/12 "/>
</bind>
</comp>

<comp id="350" class="1004" name="tile_in_432_addr_gep_fu_350">
<pin_list>
<pin id="351" dir="0" index="0" bw="8" slack="0"/>
<pin id="352" dir="0" index="1" bw="1" slack="0"/>
<pin id="353" dir="0" index="2" bw="11" slack="0"/>
<pin id="354" dir="1" index="3" bw="9" slack="0"/>
</pin_list>
<bind>
<opcode="getelementptr(29) " fcode="getelementptr"/>
<opset="tile_in_432_addr/12 "/>
</bind>
</comp>

<comp id="357" class="1004" name="tile_in_433_addr_gep_fu_357">
<pin_list>
<pin id="358" dir="0" index="0" bw="8" slack="0"/>
<pin id="359" dir="0" index="1" bw="1" slack="0"/>
<pin id="360" dir="0" index="2" bw="11" slack="0"/>
<pin id="361" dir="1" index="3" bw="9" slack="0"/>
</pin_list>
<bind>
<opcode="getelementptr(29) " fcode="getelementptr"/>
<opset="tile_in_433_addr/12 "/>
</bind>
</comp>

<comp id="364" class="1004" name="tile_in_434_addr_gep_fu_364">
<pin_list>
<pin id="365" dir="0" index="0" bw="8" slack="0"/>
<pin id="366" dir="0" index="1" bw="1" slack="0"/>
<pin id="367" dir="0" index="2" bw="11" slack="0"/>
<pin id="368" dir="1" index="3" bw="9" slack="0"/>
</pin_list>
<bind>
<opcode="getelementptr(29) " fcode="getelementptr"/>
<opset="tile_in_434_addr/12 "/>
</bind>
</comp>

<comp id="371" class="1004" name="tile_in_435_addr_gep_fu_371">
<pin_list>
<pin id="372" dir="0" index="0" bw="8" slack="0"/>
<pin id="373" dir="0" index="1" bw="1" slack="0"/>
<pin id="374" dir="0" index="2" bw="11" slack="0"/>
<pin id="375" dir="1" index="3" bw="9" slack="0"/>
</pin_list>
<bind>
<opcode="getelementptr(29) " fcode="getelementptr"/>
<opset="tile_in_435_addr/12 "/>
</bind>
</comp>

<comp id="378" class="1004" name="tile_in_436_addr_gep_fu_378">
<pin_list>
<pin id="379" dir="0" index="0" bw="8" slack="0"/>
<pin id="380" dir="0" index="1" bw="1" slack="0"/>
<pin id="381" dir="0" index="2" bw="11" slack="0"/>
<pin id="382" dir="1" index="3" bw="9" slack="0"/>
</pin_list>
<bind>
<opcode="getelementptr(29) " fcode="getelementptr"/>
<opset="tile_in_436_addr/12 "/>
</bind>
</comp>

<comp id="385" class="1004" name="tile_in_437_addr_gep_fu_385">
<pin_list>
<pin id="386" dir="0" index="0" bw="8" slack="0"/>
<pin id="387" dir="0" index="1" bw="1" slack="0"/>
<pin id="388" dir="0" index="2" bw="11" slack="0"/>
<pin id="389" dir="1" index="3" bw="9" slack="0"/>
</pin_list>
<bind>
<opcode="getelementptr(29) " fcode="getelementptr"/>
<opset="tile_in_437_addr/12 "/>
</bind>
</comp>

<comp id="392" class="1004" name="tile_in_438_addr_gep_fu_392">
<pin_list>
<pin id="393" dir="0" index="0" bw="8" slack="0"/>
<pin id="394" dir="0" index="1" bw="1" slack="0"/>
<pin id="395" dir="0" index="2" bw="11" slack="0"/>
<pin id="396" dir="1" index="3" bw="9" slack="0"/>
</pin_list>
<bind>
<opcode="getelementptr(29) " fcode="getelementptr"/>
<opset="tile_in_438_addr/12 "/>
</bind>
</comp>

<comp id="399" class="1004" name="tile_in_439_addr_gep_fu_399">
<pin_list>
<pin id="400" dir="0" index="0" bw="8" slack="0"/>
<pin id="401" dir="0" index="1" bw="1" slack="0"/>
<pin id="402" dir="0" index="2" bw="11" slack="0"/>
<pin id="403" dir="1" index="3" bw="9" slack="0"/>
</pin_list>
<bind>
<opcode="getelementptr(29) " fcode="getelementptr"/>
<opset="tile_in_439_addr/12 "/>
</bind>
</comp>

<comp id="406" class="1004" name="tile_in_440_addr_gep_fu_406">
<pin_list>
<pin id="407" dir="0" index="0" bw="8" slack="0"/>
<pin id="408" dir="0" index="1" bw="1" slack="0"/>
<pin id="409" dir="0" index="2" bw="11" slack="0"/>
<pin id="410" dir="1" index="3" bw="9" slack="0"/>
</pin_list>
<bind>
<opcode="getelementptr(29) " fcode="getelementptr"/>
<opset="tile_in_440_addr/12 "/>
</bind>
</comp>

<comp id="413" class="1004" name="tile_in_441_addr_gep_fu_413">
<pin_list>
<pin id="414" dir="0" index="0" bw="8" slack="0"/>
<pin id="415" dir="0" index="1" bw="1" slack="0"/>
<pin id="416" dir="0" index="2" bw="11" slack="0"/>
<pin id="417" dir="1" index="3" bw="9" slack="0"/>
</pin_list>
<bind>
<opcode="getelementptr(29) " fcode="getelementptr"/>
<opset="tile_in_441_addr/12 "/>
</bind>
</comp>

<comp id="420" class="1004" name="tile_in_442_addr_gep_fu_420">
<pin_list>
<pin id="421" dir="0" index="0" bw="8" slack="0"/>
<pin id="422" dir="0" index="1" bw="1" slack="0"/>
<pin id="423" dir="0" index="2" bw="11" slack="0"/>
<pin id="424" dir="1" index="3" bw="9" slack="0"/>
</pin_list>
<bind>
<opcode="getelementptr(29) " fcode="getelementptr"/>
<opset="tile_in_442_addr/12 "/>
</bind>
</comp>

<comp id="427" class="1004" name="tile_in_443_addr_gep_fu_427">
<pin_list>
<pin id="428" dir="0" index="0" bw="8" slack="0"/>
<pin id="429" dir="0" index="1" bw="1" slack="0"/>
<pin id="430" dir="0" index="2" bw="11" slack="0"/>
<pin id="431" dir="1" index="3" bw="9" slack="0"/>
</pin_list>
<bind>
<opcode="getelementptr(29) " fcode="getelementptr"/>
<opset="tile_in_443_addr/12 "/>
</bind>
</comp>

<comp id="434" class="1004" name="tile_in_444_addr_gep_fu_434">
<pin_list>
<pin id="435" dir="0" index="0" bw="8" slack="0"/>
<pin id="436" dir="0" index="1" bw="1" slack="0"/>
<pin id="437" dir="0" index="2" bw="11" slack="0"/>
<pin id="438" dir="1" index="3" bw="9" slack="0"/>
</pin_list>
<bind>
<opcode="getelementptr(29) " fcode="getelementptr"/>
<opset="tile_in_444_addr/12 "/>
</bind>
</comp>

<comp id="441" class="1004" name="tile_in_445_addr_gep_fu_441">
<pin_list>
<pin id="442" dir="0" index="0" bw="8" slack="0"/>
<pin id="443" dir="0" index="1" bw="1" slack="0"/>
<pin id="444" dir="0" index="2" bw="11" slack="0"/>
<pin id="445" dir="1" index="3" bw="9" slack="0"/>
</pin_list>
<bind>
<opcode="getelementptr(29) " fcode="getelementptr"/>
<opset="tile_in_445_addr/12 "/>
</bind>
</comp>

<comp id="448" class="1004" name="tile_in_446_addr_gep_fu_448">
<pin_list>
<pin id="449" dir="0" index="0" bw="8" slack="0"/>
<pin id="450" dir="0" index="1" bw="1" slack="0"/>
<pin id="451" dir="0" index="2" bw="11" slack="0"/>
<pin id="452" dir="1" index="3" bw="9" slack="0"/>
</pin_list>
<bind>
<opcode="getelementptr(29) " fcode="getelementptr"/>
<opset="tile_in_446_addr/12 "/>
</bind>
</comp>

<comp id="455" class="1004" name="tile_in_447_addr_gep_fu_455">
<pin_list>
<pin id="456" dir="0" index="0" bw="8" slack="0"/>
<pin id="457" dir="0" index="1" bw="1" slack="0"/>
<pin id="458" dir="0" index="2" bw="11" slack="0"/>
<pin id="459" dir="1" index="3" bw="9" slack="0"/>
</pin_list>
<bind>
<opcode="getelementptr(29) " fcode="getelementptr"/>
<opset="tile_in_447_addr/12 "/>
</bind>
</comp>

<comp id="462" class="1004" name="tile_in_448_addr_gep_fu_462">
<pin_list>
<pin id="463" dir="0" index="0" bw="8" slack="0"/>
<pin id="464" dir="0" index="1" bw="1" slack="0"/>
<pin id="465" dir="0" index="2" bw="11" slack="0"/>
<pin id="466" dir="1" index="3" bw="9" slack="0"/>
</pin_list>
<bind>
<opcode="getelementptr(29) " fcode="getelementptr"/>
<opset="tile_in_448_addr/12 "/>
</bind>
</comp>

<comp id="469" class="1004" name="tile_in_449_addr_gep_fu_469">
<pin_list>
<pin id="470" dir="0" index="0" bw="8" slack="0"/>
<pin id="471" dir="0" index="1" bw="1" slack="0"/>
<pin id="472" dir="0" index="2" bw="11" slack="0"/>
<pin id="473" dir="1" index="3" bw="9" slack="0"/>
</pin_list>
<bind>
<opcode="getelementptr(29) " fcode="getelementptr"/>
<opset="tile_in_449_addr/12 "/>
</bind>
</comp>

<comp id="476" class="1004" name="tile_in_450_addr_gep_fu_476">
<pin_list>
<pin id="477" dir="0" index="0" bw="8" slack="0"/>
<pin id="478" dir="0" index="1" bw="1" slack="0"/>
<pin id="479" dir="0" index="2" bw="11" slack="0"/>
<pin id="480" dir="1" index="3" bw="9" slack="0"/>
</pin_list>
<bind>
<opcode="getelementptr(29) " fcode="getelementptr"/>
<opset="tile_in_450_addr/12 "/>
</bind>
</comp>

<comp id="483" class="1004" name="tile_in_451_addr_gep_fu_483">
<pin_list>
<pin id="484" dir="0" index="0" bw="8" slack="0"/>
<pin id="485" dir="0" index="1" bw="1" slack="0"/>
<pin id="486" dir="0" index="2" bw="11" slack="0"/>
<pin id="487" dir="1" index="3" bw="9" slack="0"/>
</pin_list>
<bind>
<opcode="getelementptr(29) " fcode="getelementptr"/>
<opset="tile_in_451_addr/12 "/>
</bind>
</comp>

<comp id="490" class="1004" name="tile_in_452_addr_gep_fu_490">
<pin_list>
<pin id="491" dir="0" index="0" bw="8" slack="0"/>
<pin id="492" dir="0" index="1" bw="1" slack="0"/>
<pin id="493" dir="0" index="2" bw="11" slack="0"/>
<pin id="494" dir="1" index="3" bw="9" slack="0"/>
</pin_list>
<bind>
<opcode="getelementptr(29) " fcode="getelementptr"/>
<opset="tile_in_452_addr/12 "/>
</bind>
</comp>

<comp id="497" class="1004" name="tile_in_453_addr_gep_fu_497">
<pin_list>
<pin id="498" dir="0" index="0" bw="8" slack="0"/>
<pin id="499" dir="0" index="1" bw="1" slack="0"/>
<pin id="500" dir="0" index="2" bw="11" slack="0"/>
<pin id="501" dir="1" index="3" bw="9" slack="0"/>
</pin_list>
<bind>
<opcode="getelementptr(29) " fcode="getelementptr"/>
<opset="tile_in_453_addr/12 "/>
</bind>
</comp>

<comp id="504" class="1004" name="tile_in_454_addr_gep_fu_504">
<pin_list>
<pin id="505" dir="0" index="0" bw="8" slack="0"/>
<pin id="506" dir="0" index="1" bw="1" slack="0"/>
<pin id="507" dir="0" index="2" bw="11" slack="0"/>
<pin id="508" dir="1" index="3" bw="9" slack="0"/>
</pin_list>
<bind>
<opcode="getelementptr(29) " fcode="getelementptr"/>
<opset="tile_in_454_addr/12 "/>
</bind>
</comp>

<comp id="511" class="1004" name="tile_in_455_addr_gep_fu_511">
<pin_list>
<pin id="512" dir="0" index="0" bw="8" slack="0"/>
<pin id="513" dir="0" index="1" bw="1" slack="0"/>
<pin id="514" dir="0" index="2" bw="11" slack="0"/>
<pin id="515" dir="1" index="3" bw="9" slack="0"/>
</pin_list>
<bind>
<opcode="getelementptr(29) " fcode="getelementptr"/>
<opset="tile_in_455_addr/12 "/>
</bind>
</comp>

<comp id="518" class="1004" name="tile_in_456_addr_gep_fu_518">
<pin_list>
<pin id="519" dir="0" index="0" bw="8" slack="0"/>
<pin id="520" dir="0" index="1" bw="1" slack="0"/>
<pin id="521" dir="0" index="2" bw="11" slack="0"/>
<pin id="522" dir="1" index="3" bw="9" slack="0"/>
</pin_list>
<bind>
<opcode="getelementptr(29) " fcode="getelementptr"/>
<opset="tile_in_456_addr/12 "/>
</bind>
</comp>

<comp id="525" class="1004" name="grp_access_fu_525">
<pin_list>
<pin id="526" dir="0" index="0" bw="9" slack="0"/>
<pin id="527" dir="0" index="1" bw="8" slack="0"/>
<pin id="528" dir="0" index="2" bw="0" slack="2147483647"/>
<pin id="529" dir="1" index="3" bw="8" slack="2147483647"/>
</pin_list>
<bind>
<opcode="store(28) " fcode="store"/>
<opset="store_ln53/12 store_ln51/20 "/>
</bind>
</comp>

<comp id="532" class="1004" name="grp_access_fu_532">
<pin_list>
<pin id="533" dir="0" index="0" bw="9" slack="0"/>
<pin id="534" dir="0" index="1" bw="8" slack="0"/>
<pin id="535" dir="0" index="2" bw="0" slack="2147483647"/>
<pin id="536" dir="1" index="3" bw="8" slack="2147483647"/>
</pin_list>
<bind>
<opcode="store(28) " fcode="store"/>
<opset="store_ln53/12 store_ln51/21 "/>
</bind>
</comp>

<comp id="539" class="1004" name="grp_access_fu_539">
<pin_list>
<pin id="540" dir="0" index="0" bw="9" slack="0"/>
<pin id="541" dir="0" index="1" bw="8" slack="0"/>
<pin id="542" dir="0" index="2" bw="0" slack="2147483647"/>
<pin id="543" dir="1" index="3" bw="8" slack="2147483647"/>
</pin_list>
<bind>
<opcode="store(28) " fcode="store"/>
<opset="store_ln53/12 store_ln51/22 "/>
</bind>
</comp>

<comp id="546" class="1004" name="grp_access_fu_546">
<pin_list>
<pin id="547" dir="0" index="0" bw="9" slack="0"/>
<pin id="548" dir="0" index="1" bw="8" slack="0"/>
<pin id="549" dir="0" index="2" bw="0" slack="2147483647"/>
<pin id="550" dir="1" index="3" bw="8" slack="2147483647"/>
</pin_list>
<bind>
<opcode="store(28) " fcode="store"/>
<opset="store_ln53/12 store_ln51/20 "/>
</bind>
</comp>

<comp id="553" class="1004" name="grp_access_fu_553">
<pin_list>
<pin id="554" dir="0" index="0" bw="9" slack="0"/>
<pin id="555" dir="0" index="1" bw="8" slack="0"/>
<pin id="556" dir="0" index="2" bw="0" slack="2147483647"/>
<pin id="557" dir="1" index="3" bw="8" slack="2147483647"/>
</pin_list>
<bind>
<opcode="store(28) " fcode="store"/>
<opset="store_ln53/12 store_ln51/23 "/>
</bind>
</comp>

<comp id="560" class="1004" name="grp_access_fu_560">
<pin_list>
<pin id="561" dir="0" index="0" bw="9" slack="0"/>
<pin id="562" dir="0" index="1" bw="8" slack="0"/>
<pin id="563" dir="0" index="2" bw="0" slack="2147483647"/>
<pin id="564" dir="1" index="3" bw="8" slack="2147483647"/>
</pin_list>
<bind>
<opcode="store(28) " fcode="store"/>
<opset="store_ln53/12 store_ln51/24 "/>
</bind>
</comp>

<comp id="567" class="1004" name="grp_access_fu_567">
<pin_list>
<pin id="568" dir="0" index="0" bw="9" slack="0"/>
<pin id="569" dir="0" index="1" bw="8" slack="0"/>
<pin id="570" dir="0" index="2" bw="0" slack="2147483647"/>
<pin id="571" dir="1" index="3" bw="8" slack="2147483647"/>
</pin_list>
<bind>
<opcode="store(28) " fcode="store"/>
<opset="store_ln53/12 store_ln51/20 "/>
</bind>
</comp>

<comp id="574" class="1004" name="grp_access_fu_574">
<pin_list>
<pin id="575" dir="0" index="0" bw="9" slack="0"/>
<pin id="576" dir="0" index="1" bw="8" slack="0"/>
<pin id="577" dir="0" index="2" bw="0" slack="2147483647"/>
<pin id="578" dir="1" index="3" bw="8" slack="2147483647"/>
</pin_list>
<bind>
<opcode="store(28) " fcode="store"/>
<opset="store_ln53/12 store_ln51/25 "/>
</bind>
</comp>

<comp id="581" class="1004" name="grp_access_fu_581">
<pin_list>
<pin id="582" dir="0" index="0" bw="9" slack="0"/>
<pin id="583" dir="0" index="1" bw="8" slack="0"/>
<pin id="584" dir="0" index="2" bw="0" slack="2147483647"/>
<pin id="585" dir="1" index="3" bw="8" slack="2147483647"/>
</pin_list>
<bind>
<opcode="store(28) " fcode="store"/>
<opset="store_ln53/12 store_ln51/26 "/>
</bind>
</comp>

<comp id="588" class="1004" name="grp_access_fu_588">
<pin_list>
<pin id="589" dir="0" index="0" bw="9" slack="0"/>
<pin id="590" dir="0" index="1" bw="8" slack="0"/>
<pin id="591" dir="0" index="2" bw="0" slack="2147483647"/>
<pin id="592" dir="1" index="3" bw="8" slack="2147483647"/>
</pin_list>
<bind>
<opcode="store(28) " fcode="store"/>
<opset="store_ln53/12 store_ln51/20 "/>
</bind>
</comp>

<comp id="595" class="1004" name="grp_access_fu_595">
<pin_list>
<pin id="596" dir="0" index="0" bw="9" slack="0"/>
<pin id="597" dir="0" index="1" bw="8" slack="0"/>
<pin id="598" dir="0" index="2" bw="0" slack="2147483647"/>
<pin id="599" dir="1" index="3" bw="8" slack="2147483647"/>
</pin_list>
<bind>
<opcode="store(28) " fcode="store"/>
<opset="store_ln53/12 store_ln51/27 "/>
</bind>
</comp>

<comp id="602" class="1004" name="grp_access_fu_602">
<pin_list>
<pin id="603" dir="0" index="0" bw="9" slack="0"/>
<pin id="604" dir="0" index="1" bw="8" slack="0"/>
<pin id="605" dir="0" index="2" bw="0" slack="2147483647"/>
<pin id="606" dir="1" index="3" bw="8" slack="2147483647"/>
</pin_list>
<bind>
<opcode="store(28) " fcode="store"/>
<opset="store_ln53/12 store_ln51/28 "/>
</bind>
</comp>

<comp id="609" class="1004" name="grp_access_fu_609">
<pin_list>
<pin id="610" dir="0" index="0" bw="9" slack="0"/>
<pin id="611" dir="0" index="1" bw="8" slack="0"/>
<pin id="612" dir="0" index="2" bw="0" slack="2147483647"/>
<pin id="613" dir="1" index="3" bw="8" slack="2147483647"/>
</pin_list>
<bind>
<opcode="store(28) " fcode="store"/>
<opset="store_ln53/12 store_ln51/20 "/>
</bind>
</comp>

<comp id="616" class="1004" name="grp_access_fu_616">
<pin_list>
<pin id="617" dir="0" index="0" bw="9" slack="0"/>
<pin id="618" dir="0" index="1" bw="8" slack="0"/>
<pin id="619" dir="0" index="2" bw="0" slack="2147483647"/>
<pin id="620" dir="1" index="3" bw="8" slack="2147483647"/>
</pin_list>
<bind>
<opcode="store(28) " fcode="store"/>
<opset="store_ln53/12 store_ln51/29 "/>
</bind>
</comp>

<comp id="623" class="1004" name="grp_access_fu_623">
<pin_list>
<pin id="624" dir="0" index="0" bw="9" slack="0"/>
<pin id="625" dir="0" index="1" bw="8" slack="0"/>
<pin id="626" dir="0" index="2" bw="0" slack="2147483647"/>
<pin id="627" dir="1" index="3" bw="8" slack="2147483647"/>
</pin_list>
<bind>
<opcode="store(28) " fcode="store"/>
<opset="store_ln53/12 store_ln51/30 "/>
</bind>
</comp>

<comp id="630" class="1004" name="grp_access_fu_630">
<pin_list>
<pin id="631" dir="0" index="0" bw="9" slack="0"/>
<pin id="632" dir="0" index="1" bw="8" slack="0"/>
<pin id="633" dir="0" index="2" bw="0" slack="2147483647"/>
<pin id="634" dir="1" index="3" bw="8" slack="2147483647"/>
</pin_list>
<bind>
<opcode="store(28) " fcode="store"/>
<opset="store_ln53/12 store_ln51/20 "/>
</bind>
</comp>

<comp id="637" class="1004" name="grp_access_fu_637">
<pin_list>
<pin id="638" dir="0" index="0" bw="9" slack="19"/>
<pin id="639" dir="0" index="1" bw="8" slack="1"/>
<pin id="640" dir="0" index="2" bw="0" slack="0"/>
<pin id="642" dir="0" index="4" bw="9" slack="0"/>
<pin id="643" dir="0" index="5" bw="8" slack="2147483647"/>
<pin id="644" dir="0" index="6" bw="0" slack="2147483647"/>
<pin id="641" dir="1" index="3" bw="8" slack="2147483647"/>
<pin id="645" dir="1" index="7" bw="8" slack="2147483647"/>
</pin_list>
<bind>
<opcode="store(28) " fcode="store"/>
<opset="store_ln53/12 store_ln51/31 "/>
</bind>
</comp>

<comp id="648" class="1004" name="grp_access_fu_648">
<pin_list>
<pin id="649" dir="0" index="0" bw="9" slack="0"/>
<pin id="650" dir="0" index="1" bw="8" slack="0"/>
<pin id="651" dir="0" index="2" bw="0" slack="2147483647"/>
<pin id="652" dir="1" index="3" bw="8" slack="2147483647"/>
</pin_list>
<bind>
<opcode="store(28) " fcode="store"/>
<opset="store_ln53/12 store_ln51/32 "/>
</bind>
</comp>

<comp id="655" class="1004" name="grp_access_fu_655">
<pin_list>
<pin id="656" dir="0" index="0" bw="9" slack="0"/>
<pin id="657" dir="0" index="1" bw="8" slack="0"/>
<pin id="658" dir="0" index="2" bw="0" slack="2147483647"/>
<pin id="659" dir="1" index="3" bw="8" slack="2147483647"/>
</pin_list>
<bind>
<opcode="store(28) " fcode="store"/>
<opset="store_ln53/12 store_ln51/20 "/>
</bind>
</comp>

<comp id="662" class="1004" name="grp_access_fu_662">
<pin_list>
<pin id="663" dir="0" index="0" bw="9" slack="0"/>
<pin id="664" dir="0" index="1" bw="8" slack="0"/>
<pin id="665" dir="0" index="2" bw="0" slack="2147483647"/>
<pin id="666" dir="1" index="3" bw="8" slack="2147483647"/>
</pin_list>
<bind>
<opcode="store(28) " fcode="store"/>
<opset="store_ln53/12 store_ln51/33 "/>
</bind>
</comp>

<comp id="669" class="1004" name="grp_access_fu_669">
<pin_list>
<pin id="670" dir="0" index="0" bw="9" slack="0"/>
<pin id="671" dir="0" index="1" bw="8" slack="0"/>
<pin id="672" dir="0" index="2" bw="0" slack="2147483647"/>
<pin id="673" dir="1" index="3" bw="8" slack="2147483647"/>
</pin_list>
<bind>
<opcode="store(28) " fcode="store"/>
<opset="store_ln53/12 store_ln51/34 "/>
</bind>
</comp>

<comp id="676" class="1004" name="grp_access_fu_676">
<pin_list>
<pin id="677" dir="0" index="0" bw="9" slack="0"/>
<pin id="678" dir="0" index="1" bw="8" slack="0"/>
<pin id="679" dir="0" index="2" bw="0" slack="2147483647"/>
<pin id="680" dir="1" index="3" bw="8" slack="2147483647"/>
</pin_list>
<bind>
<opcode="store(28) " fcode="store"/>
<opset="store_ln53/12 store_ln51/20 "/>
</bind>
</comp>

<comp id="683" class="1004" name="grp_access_fu_683">
<pin_list>
<pin id="684" dir="0" index="0" bw="9" slack="0"/>
<pin id="685" dir="0" index="1" bw="8" slack="0"/>
<pin id="686" dir="0" index="2" bw="0" slack="2147483647"/>
<pin id="687" dir="1" index="3" bw="8" slack="2147483647"/>
</pin_list>
<bind>
<opcode="store(28) " fcode="store"/>
<opset="store_ln53/12 store_ln51/35 "/>
</bind>
</comp>

<comp id="690" class="1004" name="grp_access_fu_690">
<pin_list>
<pin id="691" dir="0" index="0" bw="9" slack="0"/>
<pin id="692" dir="0" index="1" bw="8" slack="0"/>
<pin id="693" dir="0" index="2" bw="0" slack="2147483647"/>
<pin id="694" dir="1" index="3" bw="8" slack="2147483647"/>
</pin_list>
<bind>
<opcode="store(28) " fcode="store"/>
<opset="store_ln53/12 store_ln51/36 "/>
</bind>
</comp>

<comp id="697" class="1004" name="grp_access_fu_697">
<pin_list>
<pin id="698" dir="0" index="0" bw="9" slack="0"/>
<pin id="699" dir="0" index="1" bw="8" slack="0"/>
<pin id="700" dir="0" index="2" bw="0" slack="2147483647"/>
<pin id="701" dir="1" index="3" bw="8" slack="2147483647"/>
</pin_list>
<bind>
<opcode="store(28) " fcode="store"/>
<opset="store_ln53/12 store_ln51/20 "/>
</bind>
</comp>

<comp id="704" class="1004" name="grp_access_fu_704">
<pin_list>
<pin id="705" dir="0" index="0" bw="9" slack="0"/>
<pin id="706" dir="0" index="1" bw="8" slack="0"/>
<pin id="707" dir="0" index="2" bw="0" slack="2147483647"/>
<pin id="708" dir="1" index="3" bw="8" slack="2147483647"/>
</pin_list>
<bind>
<opcode="store(28) " fcode="store"/>
<opset="store_ln53/12 store_ln51/37 "/>
</bind>
</comp>

<comp id="711" class="1004" name="grp_access_fu_711">
<pin_list>
<pin id="712" dir="0" index="0" bw="9" slack="0"/>
<pin id="713" dir="0" index="1" bw="8" slack="0"/>
<pin id="714" dir="0" index="2" bw="0" slack="2147483647"/>
<pin id="715" dir="1" index="3" bw="8" slack="2147483647"/>
</pin_list>
<bind>
<opcode="store(28) " fcode="store"/>
<opset="store_ln53/12 store_ln51/38 "/>
</bind>
</comp>

<comp id="718" class="1004" name="grp_fu_718">
<pin_list>
<pin id="719" dir="0" index="0" bw="33" slack="0"/>
<pin id="720" dir="0" index="1" bw="32" slack="2"/>
<pin id="721" dir="1" index="2" bw="63" slack="1"/>
</pin_list>
<bind>
<opcode="mul(12) " fcode="mul"/>
<opset="empty_36/3 "/>
</bind>
</comp>

<comp id="722" class="1004" name="grp_fu_722">
<pin_list>
<pin id="723" dir="0" index="0" bw="8" slack="0"/>
<pin id="724" dir="0" index="1" bw="64" slack="7"/>
<pin id="725" dir="1" index="2" bw="8" slack="0"/>
</pin_list>
<bind>
<opcode="getelementptr(29) " fcode="getelementptr"/>
<opset="gmem_addr_25/13 gmem_addr_24/13 gmem_addr_23/13 gmem_addr_22/13 gmem_addr_21/13 gmem_addr_20/13 gmem_addr_19/13 gmem_addr_18/13 gmem_addr_17/13 "/>
</bind>
</comp>

<comp id="736" class="1005" name="reg_736">
<pin_list>
<pin id="737" dir="0" index="0" bw="8" slack="1"/>
<pin id="738" dir="1" index="1" bw="8" slack="1"/>
</pin_list>
<bind>
<opset="gmem_addr_25 gmem_addr_24 gmem_addr_23 gmem_addr_22 gmem_addr_21 gmem_addr_20 gmem_addr_19 gmem_addr_18 gmem_addr_17 "/>
</bind>
</comp>

<comp id="758" class="1005" name="reg_758">
<pin_list>
<pin id="759" dir="0" index="0" bw="8" slack="1"/>
<pin id="760" dir="1" index="1" bw="8" slack="1"/>
</pin_list>
<bind>
<opset="gmem_addr_16_read_8 gmem_addr_16_read_7 gmem_addr_16_read_6 gmem_addr_16_read_5 gmem_addr_16_read_4 gmem_addr_16_read_3 gmem_addr_16_read_2 gmem_addr_16_read_1 gmem_addr_16_read "/>
</bind>
</comp>

<comp id="771" class="1004" name="tx_cast_fu_771">
<pin_list>
<pin id="772" dir="0" index="0" bw="31" slack="0"/>
<pin id="773" dir="1" index="1" bw="32" slack="1"/>
</pin_list>
<bind>
<opcode="zext(34) " fcode="zext"/>
<opset="tx_cast/1 "/>
</bind>
</comp>

<comp id="775" class="1004" name="sext_ln36_5_cast_fu_775">
<pin_list>
<pin id="776" dir="0" index="0" bw="32" slack="0"/>
<pin id="777" dir="1" index="1" bw="63" slack="2"/>
</pin_list>
<bind>
<opcode="sext(35) " fcode="sext"/>
<opset="sext_ln36_5_cast/1 "/>
</bind>
</comp>

<comp id="779" class="1004" name="sext_ln36_6_cast_fu_779">
<pin_list>
<pin id="780" dir="0" index="0" bw="31" slack="0"/>
<pin id="781" dir="1" index="1" bw="33" slack="1"/>
</pin_list>
<bind>
<opcode="zext(34) " fcode="zext"/>
<opset="sext_ln36_6_cast/1 "/>
</bind>
</comp>

<comp id="783" class="1004" name="ty_cast_fu_783">
<pin_list>
<pin id="784" dir="0" index="0" bw="31" slack="0"/>
<pin id="785" dir="1" index="1" bw="32" slack="1"/>
</pin_list>
<bind>
<opcode="zext(34) " fcode="zext"/>
<opset="ty_cast/1 "/>
</bind>
</comp>

<comp id="787" class="1004" name="store_ln0_store_fu_787">
<pin_list>
<pin id="788" dir="0" index="0" bw="1" slack="0"/>
<pin id="789" dir="0" index="1" bw="9" slack="0"/>
<pin id="790" dir="1" index="2" bw="0" slack="2147483647"/>
</pin_list>
<bind>
<opcode="store(28) " fcode="store"/>
<opset="store_ln0/1 "/>
</bind>
</comp>

<comp id="792" class="1004" name="store_ln40_store_fu_792">
<pin_list>
<pin id="793" dir="0" index="0" bw="1" slack="0"/>
<pin id="794" dir="0" index="1" bw="5" slack="0"/>
<pin id="795" dir="1" index="2" bw="0" slack="2147483647"/>
</pin_list>
<bind>
<opcode="store(28) " fcode="store"/>
<opset="store_ln40/1 "/>
</bind>
</comp>

<comp id="797" class="1004" name="store_ln41_store_fu_797">
<pin_list>
<pin id="798" dir="0" index="0" bw="1" slack="0"/>
<pin id="799" dir="0" index="1" bw="5" slack="0"/>
<pin id="800" dir="1" index="2" bw="0" slack="2147483647"/>
</pin_list>
<bind>
<opcode="store(28) " fcode="store"/>
<opset="store_ln41/1 "/>
</bind>
</comp>

<comp id="802" class="1004" name="indvar_flatten_load_load_fu_802">
<pin_list>
<pin id="803" dir="0" index="0" bw="9" slack="0"/>
<pin id="804" dir="1" index="1" bw="9" slack="0"/>
</pin_list>
<bind>
<opcode="load(27) " fcode="load"/>
<opset="indvar_flatten_load/1 "/>
</bind>
</comp>

<comp id="805" class="1004" name="icmp_ln40_fu_805">
<pin_list>
<pin id="806" dir="0" index="0" bw="9" slack="0"/>
<pin id="807" dir="0" index="1" bw="9" slack="0"/>
<pin id="808" dir="1" index="2" bw="1" slack="1"/>
</pin_list>
<bind>
<opcode="icmp(45) " fcode="icmp"/>
<opset="icmp_ln40/1 "/>
</bind>
</comp>

<comp id="811" class="1004" name="add_ln40_1_fu_811">
<pin_list>
<pin id="812" dir="0" index="0" bw="9" slack="0"/>
<pin id="813" dir="0" index="1" bw="1" slack="0"/>
<pin id="814" dir="1" index="2" bw="9" slack="0"/>
</pin_list>
<bind>
<opcode="add(8) " fcode="add"/>
<opset="add_ln40_1/1 "/>
</bind>
</comp>

<comp id="817" class="1004" name="x_load_load_fu_817">
<pin_list>
<pin id="818" dir="0" index="0" bw="5" slack="0"/>
<pin id="819" dir="1" index="1" bw="5" slack="0"/>
</pin_list>
<bind>
<opcode="load(27) " fcode="load"/>
<opset="x_load/1 "/>
</bind>
</comp>

<comp id="820" class="1004" name="y_load_load_fu_820">
<pin_list>
<pin id="821" dir="0" index="0" bw="5" slack="0"/>
<pin id="822" dir="1" index="1" bw="5" slack="0"/>
</pin_list>
<bind>
<opcode="load(27) " fcode="load"/>
<opset="y_load/1 "/>
</bind>
</comp>

<comp id="823" class="1004" name="add_ln40_fu_823">
<pin_list>
<pin id="824" dir="0" index="0" bw="5" slack="0"/>
<pin id="825" dir="0" index="1" bw="1" slack="0"/>
<pin id="826" dir="1" index="2" bw="5" slack="0"/>
</pin_list>
<bind>
<opcode="add(8) " fcode="add"/>
<opset="add_ln40/1 "/>
</bind>
</comp>

<comp id="829" class="1004" name="icmp_ln41_fu_829">
<pin_list>
<pin id="830" dir="0" index="0" bw="5" slack="0"/>
<pin id="831" dir="0" index="1" bw="5" slack="0"/>
<pin id="832" dir="1" index="2" bw="1" slack="0"/>
</pin_list>
<bind>
<opcode="icmp(45) " fcode="icmp"/>
<opset="icmp_ln41/1 "/>
</bind>
</comp>

<comp id="835" class="1004" name="select_ln40_fu_835">
<pin_list>
<pin id="836" dir="0" index="0" bw="1" slack="0"/>
<pin id="837" dir="0" index="1" bw="1" slack="0"/>
<pin id="838" dir="0" index="2" bw="5" slack="0"/>
<pin id="839" dir="1" index="3" bw="5" slack="1"/>
</pin_list>
<bind>
<opcode="select(49) " fcode="select"/>
<opset="select_ln40/1 "/>
</bind>
</comp>

<comp id="843" class="1004" name="select_ln40_1_fu_843">
<pin_list>
<pin id="844" dir="0" index="0" bw="1" slack="0"/>
<pin id="845" dir="0" index="1" bw="5" slack="0"/>
<pin id="846" dir="0" index="2" bw="5" slack="0"/>
<pin id="847" dir="1" index="3" bw="5" slack="0"/>
</pin_list>
<bind>
<opcode="select(49) " fcode="select"/>
<opset="select_ln40_1/1 "/>
</bind>
</comp>

<comp id="851" class="1004" name="store_ln40_store_fu_851">
<pin_list>
<pin id="852" dir="0" index="0" bw="9" slack="0"/>
<pin id="853" dir="0" index="1" bw="9" slack="0"/>
<pin id="854" dir="1" index="2" bw="0" slack="2147483647"/>
</pin_list>
<bind>
<opcode="store(28) " fcode="store"/>
<opset="store_ln40/1 "/>
</bind>
</comp>

<comp id="856" class="1004" name="store_ln40_store_fu_856">
<pin_list>
<pin id="857" dir="0" index="0" bw="5" slack="0"/>
<pin id="858" dir="0" index="1" bw="5" slack="0"/>
<pin id="859" dir="1" index="2" bw="0" slack="2147483647"/>
</pin_list>
<bind>
<opcode="store(28) " fcode="store"/>
<opset="store_ln40/1 "/>
</bind>
</comp>

<comp id="861" class="1004" name="zext_ln40_fu_861">
<pin_list>
<pin id="862" dir="0" index="0" bw="5" slack="1"/>
<pin id="863" dir="1" index="1" bw="32" slack="0"/>
</pin_list>
<bind>
<opcode="zext(34) " fcode="zext"/>
<opset="zext_ln40/2 "/>
</bind>
</comp>

<comp id="864" class="1004" name="zext_ln40_1_fu_864">
<pin_list>
<pin id="865" dir="0" index="0" bw="5" slack="1"/>
<pin id="866" dir="1" index="1" bw="11" slack="0"/>
</pin_list>
<bind>
<opcode="zext(34) " fcode="zext"/>
<opset="zext_ln40_1/2 "/>
</bind>
</comp>

<comp id="867" class="1004" name="mul_ln40_fu_867">
<pin_list>
<pin id="868" dir="0" index="0" bw="5" slack="0"/>
<pin id="869" dir="0" index="1" bw="7" slack="0"/>
<pin id="870" dir="1" index="2" bw="11" slack="0"/>
</pin_list>
<bind>
<opcode="mul(12) " fcode="mul"/>
<opset="mul_ln40/2 "/>
</bind>
</comp>

<comp id="873" class="1004" name="tmp_fu_873">
<pin_list>
<pin id="874" dir="0" index="0" bw="4" slack="0"/>
<pin id="875" dir="0" index="1" bw="11" slack="0"/>
<pin id="876" dir="0" index="2" bw="4" slack="0"/>
<pin id="877" dir="0" index="3" bw="5" slack="0"/>
<pin id="878" dir="1" index="4" bw="4" slack="2"/>
</pin_list>
<bind>
<opcode="partselect(1002) " fcode="partselect"/>
<opset="tmp/2 "/>
</bind>
</comp>

<comp id="883" class="1004" name="grp_fu_883">
<pin_list>
<pin id="884" dir="0" index="0" bw="5" slack="1"/>
<pin id="885" dir="0" index="1" bw="3" slack="0"/>
<pin id="886" dir="1" index="2" bw="2" slack="0"/>
</pin_list>
<bind>
<opcode="urem(17) " fcode="urem"/>
<opset="urem_ln40/2 "/>
</bind>
</comp>

<comp id="888" class="1004" name="empty_fu_888">
<pin_list>
<pin id="889" dir="0" index="0" bw="5" slack="0"/>
<pin id="890" dir="0" index="1" bw="31" slack="1"/>
<pin id="891" dir="1" index="2" bw="32" slack="0"/>
</pin_list>
<bind>
<opcode="add(8) " fcode="add"/>
<opset="empty/2 "/>
</bind>
</comp>

<comp id="893" class="1004" name="p_cast_fu_893">
<pin_list>
<pin id="894" dir="0" index="0" bw="32" slack="0"/>
<pin id="895" dir="1" index="1" bw="33" slack="0"/>
</pin_list>
<bind>
<opcode="zext(34) " fcode="zext"/>
<opset="p_cast/2 "/>
</bind>
</comp>

<comp id="897" class="1004" name="empty_35_fu_897">
<pin_list>
<pin id="898" dir="0" index="0" bw="32" slack="0"/>
<pin id="899" dir="0" index="1" bw="1" slack="0"/>
<pin id="900" dir="1" index="2" bw="33" slack="0"/>
</pin_list>
<bind>
<opcode="add(8) " fcode="add"/>
<opset="empty_35/2 "/>
</bind>
</comp>

<comp id="903" class="1004" name="tmp_13_fu_903">
<pin_list>
<pin id="904" dir="0" index="0" bw="1" slack="0"/>
<pin id="905" dir="0" index="1" bw="33" slack="0"/>
<pin id="906" dir="0" index="2" bw="7" slack="0"/>
<pin id="907" dir="1" index="3" bw="1" slack="0"/>
</pin_list>
<bind>
<opcode="bitselect(1000) " fcode="bitselect"/>
<opset="tmp_13/2 "/>
</bind>
</comp>

<comp id="911" class="1004" name="cmp22_fu_911">
<pin_list>
<pin id="912" dir="0" index="0" bw="32" slack="0"/>
<pin id="913" dir="0" index="1" bw="31" slack="1"/>
<pin id="914" dir="1" index="2" bw="1" slack="0"/>
</pin_list>
<bind>
<opcode="icmp(45) " fcode="icmp"/>
<opset="cmp22/2 "/>
</bind>
</comp>

<comp id="916" class="1004" name="zext_ln41_fu_916">
<pin_list>
<pin id="917" dir="0" index="0" bw="5" slack="1"/>
<pin id="918" dir="1" index="1" bw="32" slack="0"/>
</pin_list>
<bind>
<opcode="zext(34) " fcode="zext"/>
<opset="zext_ln41/2 "/>
</bind>
</comp>

<comp id="919" class="1004" name="add_ln45_fu_919">
<pin_list>
<pin id="920" dir="0" index="0" bw="5" slack="0"/>
<pin id="921" dir="0" index="1" bw="31" slack="1"/>
<pin id="922" dir="1" index="2" bw="32" slack="0"/>
</pin_list>
<bind>
<opcode="add(8) " fcode="add"/>
<opset="add_ln45/2 "/>
</bind>
</comp>

<comp id="924" class="1004" name="zext_ln45_fu_924">
<pin_list>
<pin id="925" dir="0" index="0" bw="32" slack="0"/>
<pin id="926" dir="1" index="1" bw="33" slack="0"/>
</pin_list>
<bind>
<opcode="zext(34) " fcode="zext"/>
<opset="zext_ln45/2 "/>
</bind>
</comp>

<comp id="928" class="1004" name="add_ln45_1_fu_928">
<pin_list>
<pin id="929" dir="0" index="0" bw="32" slack="0"/>
<pin id="930" dir="0" index="1" bw="1" slack="0"/>
<pin id="931" dir="1" index="2" bw="33" slack="0"/>
</pin_list>
<bind>
<opcode="add(8) " fcode="add"/>
<opset="add_ln45_1/2 "/>
</bind>
</comp>

<comp id="934" class="1004" name="tmp_15_fu_934">
<pin_list>
<pin id="935" dir="0" index="0" bw="1" slack="0"/>
<pin id="936" dir="0" index="1" bw="33" slack="0"/>
<pin id="937" dir="0" index="2" bw="7" slack="0"/>
<pin id="938" dir="1" index="3" bw="1" slack="0"/>
</pin_list>
<bind>
<opcode="bitselect(1000) " fcode="bitselect"/>
<opset="tmp_15/2 "/>
</bind>
</comp>

<comp id="942" class="1004" name="cmp24_fu_942">
<pin_list>
<pin id="943" dir="0" index="0" bw="32" slack="0"/>
<pin id="944" dir="0" index="1" bw="31" slack="1"/>
<pin id="945" dir="1" index="2" bw="1" slack="0"/>
</pin_list>
<bind>
<opcode="icmp(45) " fcode="icmp"/>
<opset="cmp24/2 "/>
</bind>
</comp>

<comp id="947" class="1004" name="tmp1_fu_947">
<pin_list>
<pin id="948" dir="0" index="0" bw="1" slack="0"/>
<pin id="949" dir="0" index="1" bw="1" slack="0"/>
<pin id="950" dir="1" index="2" bw="1" slack="0"/>
</pin_list>
<bind>
<opcode="or(24) " fcode="or"/>
<opset="tmp1/2 "/>
</bind>
</comp>

<comp id="953" class="1004" name="tmp2_fu_953">
<pin_list>
<pin id="954" dir="0" index="0" bw="1" slack="0"/>
<pin id="955" dir="0" index="1" bw="1" slack="0"/>
<pin id="956" dir="1" index="2" bw="1" slack="0"/>
</pin_list>
<bind>
<opcode="or(24) " fcode="or"/>
<opset="tmp2/2 "/>
</bind>
</comp>

<comp id="959" class="1004" name="thr_or32_fu_959">
<pin_list>
<pin id="960" dir="0" index="0" bw="1" slack="0"/>
<pin id="961" dir="0" index="1" bw="1" slack="0"/>
<pin id="962" dir="1" index="2" bw="1" slack="4"/>
</pin_list>
<bind>
<opcode="or(24) " fcode="or"/>
<opset="thr_or32/2 "/>
</bind>
</comp>

<comp id="965" class="1004" name="add_ln41_fu_965">
<pin_list>
<pin id="966" dir="0" index="0" bw="5" slack="1"/>
<pin id="967" dir="0" index="1" bw="1" slack="0"/>
<pin id="968" dir="1" index="2" bw="5" slack="0"/>
</pin_list>
<bind>
<opcode="add(8) " fcode="add"/>
<opset="add_ln41/2 "/>
</bind>
</comp>

<comp id="970" class="1004" name="store_ln41_store_fu_970">
<pin_list>
<pin id="971" dir="0" index="0" bw="5" slack="0"/>
<pin id="972" dir="0" index="1" bw="5" slack="1"/>
<pin id="973" dir="1" index="2" bw="0" slack="2147483647"/>
</pin_list>
<bind>
<opcode="store(28) " fcode="store"/>
<opset="store_ln41/2 "/>
</bind>
</comp>

<comp id="975" class="1004" name="p_cast31_fu_975">
<pin_list>
<pin id="976" dir="0" index="0" bw="33" slack="1"/>
<pin id="977" dir="1" index="1" bw="63" slack="0"/>
</pin_list>
<bind>
<opcode="sext(35) " fcode="sext"/>
<opset="p_cast31/3 "/>
</bind>
</comp>

<comp id="979" class="1004" name="grp_fu_979">
<pin_list>
<pin id="980" dir="0" index="0" bw="5" slack="2"/>
<pin id="981" dir="0" index="1" bw="3" slack="0"/>
<pin id="982" dir="1" index="2" bw="2" slack="0"/>
</pin_list>
<bind>
<opcode="urem(17) " fcode="urem"/>
<opset="urem_ln41/3 "/>
</bind>
</comp>

<comp id="984" class="1004" name="p_shl_fu_984">
<pin_list>
<pin id="985" dir="0" index="0" bw="7" slack="0"/>
<pin id="986" dir="0" index="1" bw="4" slack="2"/>
<pin id="987" dir="0" index="2" bw="1" slack="0"/>
<pin id="988" dir="1" index="3" bw="7" slack="0"/>
</pin_list>
<bind>
<opcode="bitconcatenate(1004) " fcode="bitconcatenate"/>
<opset="p_shl/4 "/>
</bind>
</comp>

<comp id="991" class="1004" name="tmp_12_fu_991">
<pin_list>
<pin id="992" dir="0" index="0" bw="5" slack="0"/>
<pin id="993" dir="0" index="1" bw="4" slack="2"/>
<pin id="994" dir="0" index="2" bw="1" slack="0"/>
<pin id="995" dir="1" index="3" bw="5" slack="0"/>
</pin_list>
<bind>
<opcode="bitconcatenate(1004) " fcode="bitconcatenate"/>
<opset="tmp_12/4 "/>
</bind>
</comp>

<comp id="998" class="1004" name="zext_ln51_fu_998">
<pin_list>
<pin id="999" dir="0" index="0" bw="5" slack="0"/>
<pin id="1000" dir="1" index="1" bw="7" slack="0"/>
</pin_list>
<bind>
<opcode="zext(34) " fcode="zext"/>
<opset="zext_ln51/4 "/>
</bind>
</comp>

<comp id="1002" class="1004" name="sub_ln51_fu_1002">
<pin_list>
<pin id="1003" dir="0" index="0" bw="7" slack="0"/>
<pin id="1004" dir="0" index="1" bw="5" slack="0"/>
<pin id="1005" dir="1" index="2" bw="7" slack="0"/>
</pin_list>
<bind>
<opcode="sub(10) " fcode="sub"/>
<opset="sub_ln51/4 "/>
</bind>
</comp>

<comp id="1008" class="1004" name="zext_ln41_1_fu_1008">
<pin_list>
<pin id="1009" dir="0" index="0" bw="5" slack="3"/>
<pin id="1010" dir="1" index="1" bw="11" slack="0"/>
</pin_list>
<bind>
<opcode="zext(34) " fcode="zext"/>
<opset="zext_ln41_1/4 "/>
</bind>
</comp>

<comp id="1011" class="1004" name="mul_ln41_fu_1011">
<pin_list>
<pin id="1012" dir="0" index="0" bw="5" slack="0"/>
<pin id="1013" dir="0" index="1" bw="7" slack="0"/>
<pin id="1014" dir="1" index="2" bw="11" slack="0"/>
</pin_list>
<bind>
<opcode="mul(12) " fcode="mul"/>
<opset="mul_ln41/4 "/>
</bind>
</comp>

<comp id="1017" class="1004" name="tmp_14_fu_1017">
<pin_list>
<pin id="1018" dir="0" index="0" bw="4" slack="0"/>
<pin id="1019" dir="0" index="1" bw="11" slack="0"/>
<pin id="1020" dir="0" index="2" bw="4" slack="0"/>
<pin id="1021" dir="0" index="3" bw="5" slack="0"/>
<pin id="1022" dir="1" index="4" bw="4" slack="0"/>
</pin_list>
<bind>
<opcode="partselect(1002) " fcode="partselect"/>
<opset="tmp_14/4 "/>
</bind>
</comp>

<comp id="1027" class="1004" name="zext_ln51_1_fu_1027">
<pin_list>
<pin id="1028" dir="0" index="0" bw="4" slack="0"/>
<pin id="1029" dir="1" index="1" bw="7" slack="0"/>
</pin_list>
<bind>
<opcode="zext(34) " fcode="zext"/>
<opset="zext_ln51_1/4 "/>
</bind>
</comp>

<comp id="1031" class="1004" name="add_ln51_1_fu_1031">
<pin_list>
<pin id="1032" dir="0" index="0" bw="7" slack="0"/>
<pin id="1033" dir="0" index="1" bw="4" slack="0"/>
<pin id="1034" dir="1" index="2" bw="7" slack="1"/>
</pin_list>
<bind>
<opcode="add(8) " fcode="add"/>
<opset="add_ln51_1/4 "/>
</bind>
</comp>

<comp id="1037" class="1004" name="p_cast36_fu_1037">
<pin_list>
<pin id="1038" dir="0" index="0" bw="63" slack="1"/>
<pin id="1039" dir="1" index="1" bw="64" slack="0"/>
</pin_list>
<bind>
<opcode="sext(35) " fcode="sext"/>
<opset="p_cast36/5 "/>
</bind>
</comp>

<comp id="1040" class="1004" name="zext_ln51_2_fu_1040">
<pin_list>
<pin id="1041" dir="0" index="0" bw="7" slack="1"/>
<pin id="1042" dir="1" index="1" bw="11" slack="0"/>
</pin_list>
<bind>
<opcode="zext(34) " fcode="zext"/>
<opset="zext_ln51_2/5 "/>
</bind>
</comp>

<comp id="1043" class="1004" name="mul_ln51_fu_1043">
<pin_list>
<pin id="1044" dir="0" index="0" bw="7" slack="0"/>
<pin id="1045" dir="0" index="1" bw="5" slack="0"/>
<pin id="1046" dir="1" index="2" bw="11" slack="7"/>
</pin_list>
<bind>
<opcode="mul(12) " fcode="mul"/>
<opset="mul_ln51/5 "/>
</bind>
</comp>

<comp id="1049" class="1004" name="add_ln45_3_cast_fu_1049">
<pin_list>
<pin id="1050" dir="0" index="0" bw="33" slack="3"/>
<pin id="1051" dir="1" index="1" bw="64" slack="0"/>
</pin_list>
<bind>
<opcode="sext(35) " fcode="sext"/>
<opset="add_ln45_3_cast/5 "/>
</bind>
</comp>

<comp id="1052" class="1004" name="empty_38_fu_1052">
<pin_list>
<pin id="1053" dir="0" index="0" bw="33" slack="0"/>
<pin id="1054" dir="0" index="1" bw="63" slack="0"/>
<pin id="1055" dir="1" index="2" bw="64" slack="0"/>
</pin_list>
<bind>
<opcode="add(8) " fcode="add"/>
<opset="empty_38/5 "/>
</bind>
</comp>

<comp id="1058" class="1004" name="empty_39_fu_1058">
<pin_list>
<pin id="1059" dir="0" index="0" bw="64" slack="0"/>
<pin id="1060" dir="0" index="1" bw="3" slack="0"/>
<pin id="1061" dir="1" index="2" bw="64" slack="0"/>
</pin_list>
<bind>
<opcode="shl(20) " fcode="shl"/>
<opset="empty_39/5 "/>
</bind>
</comp>

<comp id="1064" class="1004" name="empty_40_fu_1064">
<pin_list>
<pin id="1065" dir="0" index="0" bw="64" slack="0"/>
<pin id="1066" dir="0" index="1" bw="64" slack="0"/>
<pin id="1067" dir="1" index="2" bw="64" slack="1"/>
</pin_list>
<bind>
<opcode="sub(10) " fcode="sub"/>
<opset="empty_40/5 "/>
</bind>
</comp>

<comp id="1070" class="1004" name="add_ln51_fu_1070">
<pin_list>
<pin id="1071" dir="0" index="0" bw="64" slack="1"/>
<pin id="1072" dir="0" index="1" bw="64" slack="5"/>
<pin id="1073" dir="1" index="2" bw="64" slack="0"/>
</pin_list>
<bind>
<opcode="add(8) " fcode="add"/>
<opset="add_ln51/6 "/>
</bind>
</comp>

<comp id="1074" class="1004" name="gmem_addr_fu_1074">
<pin_list>
<pin id="1075" dir="0" index="0" bw="8" slack="0"/>
<pin id="1076" dir="0" index="1" bw="64" slack="0"/>
<pin id="1077" dir="1" index="2" bw="8" slack="1"/>
</pin_list>
<bind>
<opcode="getelementptr(29) " fcode="getelementptr"/>
<opset="gmem_addr/6 "/>
</bind>
</comp>

<comp id="1080" class="1004" name="add_ln51_2_fu_1080">
<pin_list>
<pin id="1081" dir="0" index="0" bw="64" slack="1"/>
<pin id="1082" dir="0" index="1" bw="1" slack="0"/>
<pin id="1083" dir="1" index="2" bw="64" slack="0"/>
</pin_list>
<bind>
<opcode="add(8) " fcode="add"/>
<opset="add_ln51_2/6 "/>
</bind>
</comp>

<comp id="1085" class="1004" name="add_ln51_3_fu_1085">
<pin_list>
<pin id="1086" dir="0" index="0" bw="64" slack="0"/>
<pin id="1087" dir="0" index="1" bw="64" slack="5"/>
<pin id="1088" dir="1" index="2" bw="64" slack="0"/>
</pin_list>
<bind>
<opcode="add(8) " fcode="add"/>
<opset="add_ln51_3/6 "/>
</bind>
</comp>

<comp id="1090" class="1004" name="add_ln51_4_fu_1090">
<pin_list>
<pin id="1091" dir="0" index="0" bw="64" slack="1"/>
<pin id="1092" dir="0" index="1" bw="3" slack="0"/>
<pin id="1093" dir="1" index="2" bw="64" slack="0"/>
</pin_list>
<bind>
<opcode="add(8) " fcode="add"/>
<opset="add_ln51_4/6 "/>
</bind>
</comp>

<comp id="1095" class="1004" name="add_ln51_5_fu_1095">
<pin_list>
<pin id="1096" dir="0" index="0" bw="64" slack="0"/>
<pin id="1097" dir="0" index="1" bw="64" slack="5"/>
<pin id="1098" dir="1" index="2" bw="64" slack="7"/>
</pin_list>
<bind>
<opcode="add(8) " fcode="add"/>
<opset="add_ln51_5/6 "/>
</bind>
</comp>

<comp id="1100" class="1004" name="gmem_addr_16_fu_1100">
<pin_list>
<pin id="1101" dir="0" index="0" bw="8" slack="0"/>
<pin id="1102" dir="0" index="1" bw="64" slack="0"/>
<pin id="1103" dir="1" index="2" bw="8" slack="6"/>
</pin_list>
<bind>
<opcode="getelementptr(29) " fcode="getelementptr"/>
<opset="gmem_addr_16/6 "/>
</bind>
</comp>

<comp id="1106" class="1004" name="trunc_ln40_fu_1106">
<pin_list>
<pin id="1107" dir="0" index="0" bw="2" slack="0"/>
<pin id="1108" dir="1" index="1" bw="2" slack="1"/>
</pin_list>
<bind>
<opcode="trunc(33) " fcode="trunc"/>
<opset="trunc_ln40/10 "/>
</bind>
</comp>

<comp id="1110" class="1004" name="trunc_ln41_fu_1110">
<pin_list>
<pin id="1111" dir="0" index="0" bw="2" slack="0"/>
<pin id="1112" dir="1" index="1" bw="2" slack="1"/>
</pin_list>
<bind>
<opcode="trunc(33) " fcode="trunc"/>
<opset="trunc_ln41/11 "/>
</bind>
</comp>

<comp id="1114" class="1004" name="zext_ln51_3_fu_1114">
<pin_list>
<pin id="1115" dir="0" index="0" bw="11" slack="7"/>
<pin id="1116" dir="1" index="1" bw="64" slack="0"/>
</pin_list>
<bind>
<opcode="zext(34) " fcode="zext"/>
<opset="zext_ln51_3/12 "/>
</bind>
</comp>

<comp id="1144" class="1005" name="x_reg_1144">
<pin_list>
<pin id="1145" dir="0" index="0" bw="5" slack="0"/>
<pin id="1146" dir="1" index="1" bw="5" slack="0"/>
</pin_list>
<bind>
<opset="x "/>
</bind>
</comp>

<comp id="1151" class="1005" name="y_reg_1151">
<pin_list>
<pin id="1152" dir="0" index="0" bw="5" slack="0"/>
<pin id="1153" dir="1" index="1" bw="5" slack="0"/>
</pin_list>
<bind>
<opset="y "/>
</bind>
</comp>

<comp id="1158" class="1005" name="indvar_flatten_reg_1158">
<pin_list>
<pin id="1159" dir="0" index="0" bw="9" slack="0"/>
<pin id="1160" dir="1" index="1" bw="9" slack="0"/>
</pin_list>
<bind>
<opset="indvar_flatten "/>
</bind>
</comp>

<comp id="1165" class="1005" name="input_read_reg_1165">
<pin_list>
<pin id="1166" dir="0" index="0" bw="64" slack="5"/>
<pin id="1167" dir="1" index="1" bw="64" slack="5"/>
</pin_list>
<bind>
<opset="input_read "/>
</bind>
</comp>

<comp id="1172" class="1005" name="tx_cast_reg_1172">
<pin_list>
<pin id="1173" dir="0" index="0" bw="32" slack="1"/>
<pin id="1174" dir="1" index="1" bw="32" slack="1"/>
</pin_list>
<bind>
<opset="tx_cast "/>
</bind>
</comp>

<comp id="1177" class="1005" name="sext_ln36_5_cast_reg_1177">
<pin_list>
<pin id="1178" dir="0" index="0" bw="63" slack="2"/>
<pin id="1179" dir="1" index="1" bw="63" slack="2"/>
</pin_list>
<bind>
<opset="sext_ln36_5_cast "/>
</bind>
</comp>

<comp id="1182" class="1005" name="sext_ln36_6_cast_reg_1182">
<pin_list>
<pin id="1183" dir="0" index="0" bw="33" slack="1"/>
<pin id="1184" dir="1" index="1" bw="33" slack="1"/>
</pin_list>
<bind>
<opset="sext_ln36_6_cast "/>
</bind>
</comp>

<comp id="1188" class="1005" name="ty_cast_reg_1188">
<pin_list>
<pin id="1189" dir="0" index="0" bw="32" slack="1"/>
<pin id="1190" dir="1" index="1" bw="32" slack="1"/>
</pin_list>
<bind>
<opset="ty_cast "/>
</bind>
</comp>

<comp id="1193" class="1005" name="icmp_ln40_reg_1193">
<pin_list>
<pin id="1194" dir="0" index="0" bw="1" slack="1"/>
<pin id="1195" dir="1" index="1" bw="1" slack="2147483647"/>
</pin_list>
<bind>
<opset="icmp_ln40 "/>
</bind>
</comp>

<comp id="1197" class="1005" name="select_ln40_reg_1197">
<pin_list>
<pin id="1198" dir="0" index="0" bw="5" slack="1"/>
<pin id="1199" dir="1" index="1" bw="5" slack="1"/>
</pin_list>
<bind>
<opset="select_ln40 "/>
</bind>
</comp>

<comp id="1205" class="1005" name="select_ln40_1_reg_1205">
<pin_list>
<pin id="1206" dir="0" index="0" bw="5" slack="1"/>
<pin id="1207" dir="1" index="1" bw="5" slack="1"/>
</pin_list>
<bind>
<opset="select_ln40_1 "/>
</bind>
</comp>

<comp id="1212" class="1005" name="tmp_reg_1212">
<pin_list>
<pin id="1213" dir="0" index="0" bw="4" slack="2"/>
<pin id="1214" dir="1" index="1" bw="4" slack="2"/>
</pin_list>
<bind>
<opset="tmp "/>
</bind>
</comp>

<comp id="1218" class="1005" name="empty_35_reg_1218">
<pin_list>
<pin id="1219" dir="0" index="0" bw="33" slack="1"/>
<pin id="1220" dir="1" index="1" bw="33" slack="1"/>
</pin_list>
<bind>
<opset="empty_35 "/>
</bind>
</comp>

<comp id="1223" class="1005" name="add_ln45_1_reg_1223">
<pin_list>
<pin id="1224" dir="0" index="0" bw="33" slack="3"/>
<pin id="1225" dir="1" index="1" bw="33" slack="3"/>
</pin_list>
<bind>
<opset="add_ln45_1 "/>
</bind>
</comp>

<comp id="1228" class="1005" name="thr_or32_reg_1228">
<pin_list>
<pin id="1229" dir="0" index="0" bw="1" slack="4"/>
<pin id="1230" dir="1" index="1" bw="1" slack="2147483647"/>
</pin_list>
<bind>
<opset="thr_or32 "/>
</bind>
</comp>

<comp id="1232" class="1005" name="p_cast31_reg_1232">
<pin_list>
<pin id="1233" dir="0" index="0" bw="63" slack="1"/>
<pin id="1234" dir="1" index="1" bw="63" slack="1"/>
</pin_list>
<bind>
<opset="p_cast31 "/>
</bind>
</comp>

<comp id="1237" class="1005" name="empty_36_reg_1237">
<pin_list>
<pin id="1238" dir="0" index="0" bw="63" slack="1"/>
<pin id="1239" dir="1" index="1" bw="63" slack="1"/>
</pin_list>
<bind>
<opset="empty_36 "/>
</bind>
</comp>

<comp id="1242" class="1005" name="add_ln51_1_reg_1242">
<pin_list>
<pin id="1243" dir="0" index="0" bw="7" slack="1"/>
<pin id="1244" dir="1" index="1" bw="7" slack="1"/>
</pin_list>
<bind>
<opset="add_ln51_1 "/>
</bind>
</comp>

<comp id="1247" class="1005" name="mul_ln51_reg_1247">
<pin_list>
<pin id="1248" dir="0" index="0" bw="11" slack="7"/>
<pin id="1249" dir="1" index="1" bw="11" slack="7"/>
</pin_list>
<bind>
<opset="mul_ln51 "/>
</bind>
</comp>

<comp id="1252" class="1005" name="empty_40_reg_1252">
<pin_list>
<pin id="1253" dir="0" index="0" bw="64" slack="1"/>
<pin id="1254" dir="1" index="1" bw="64" slack="1"/>
</pin_list>
<bind>
<opset="empty_40 "/>
</bind>
</comp>

<comp id="1259" class="1005" name="gmem_addr_reg_1259">
<pin_list>
<pin id="1260" dir="0" index="0" bw="8" slack="1"/>
<pin id="1261" dir="1" index="1" bw="8" slack="1"/>
</pin_list>
<bind>
<opset="gmem_addr "/>
</bind>
</comp>

<comp id="1265" class="1005" name="add_ln51_5_reg_1265">
<pin_list>
<pin id="1266" dir="0" index="0" bw="64" slack="7"/>
<pin id="1267" dir="1" index="1" bw="64" slack="7"/>
</pin_list>
<bind>
<opset="add_ln51_5 "/>
</bind>
</comp>

<comp id="1270" class="1005" name="gmem_addr_16_reg_1270">
<pin_list>
<pin id="1271" dir="0" index="0" bw="8" slack="6"/>
<pin id="1272" dir="1" index="1" bw="8" slack="6"/>
</pin_list>
<bind>
<opset="gmem_addr_16 "/>
</bind>
</comp>

<comp id="1276" class="1005" name="trunc_ln40_reg_1276">
<pin_list>
<pin id="1277" dir="0" index="0" bw="2" slack="1"/>
<pin id="1278" dir="1" index="1" bw="2" slack="2147483647"/>
</pin_list>
<bind>
<opset="trunc_ln40 "/>
</bind>
</comp>

<comp id="1280" class="1005" name="trunc_ln41_reg_1280">
<pin_list>
<pin id="1281" dir="0" index="0" bw="2" slack="1"/>
<pin id="1282" dir="1" index="1" bw="2" slack="2147483647"/>
</pin_list>
<bind>
<opset="trunc_ln41 "/>
</bind>
</comp>

<comp id="1284" class="1005" name="tile_in_addr_reg_1284">
<pin_list>
<pin id="1285" dir="0" index="0" bw="9" slack="8"/>
<pin id="1286" dir="1" index="1" bw="9" slack="8"/>
</pin_list>
<bind>
<opset="tile_in_addr "/>
</bind>
</comp>

<comp id="1289" class="1005" name="tile_in_431_addr_reg_1289">
<pin_list>
<pin id="1290" dir="0" index="0" bw="9" slack="17"/>
<pin id="1291" dir="1" index="1" bw="9" slack="17"/>
</pin_list>
<bind>
<opset="tile_in_431_addr "/>
</bind>
</comp>

<comp id="1294" class="1005" name="tile_in_432_addr_reg_1294">
<pin_list>
<pin id="1295" dir="0" index="0" bw="9" slack="18"/>
<pin id="1296" dir="1" index="1" bw="9" slack="18"/>
</pin_list>
<bind>
<opset="tile_in_432_addr "/>
</bind>
</comp>

<comp id="1299" class="1005" name="tile_in_433_addr_reg_1299">
<pin_list>
<pin id="1300" dir="0" index="0" bw="9" slack="8"/>
<pin id="1301" dir="1" index="1" bw="9" slack="8"/>
</pin_list>
<bind>
<opset="tile_in_433_addr "/>
</bind>
</comp>

<comp id="1304" class="1005" name="tile_in_434_addr_reg_1304">
<pin_list>
<pin id="1305" dir="0" index="0" bw="9" slack="15"/>
<pin id="1306" dir="1" index="1" bw="9" slack="15"/>
</pin_list>
<bind>
<opset="tile_in_434_addr "/>
</bind>
</comp>

<comp id="1309" class="1005" name="tile_in_435_addr_reg_1309">
<pin_list>
<pin id="1310" dir="0" index="0" bw="9" slack="16"/>
<pin id="1311" dir="1" index="1" bw="9" slack="16"/>
</pin_list>
<bind>
<opset="tile_in_435_addr "/>
</bind>
</comp>

<comp id="1314" class="1005" name="tile_in_436_addr_reg_1314">
<pin_list>
<pin id="1315" dir="0" index="0" bw="9" slack="8"/>
<pin id="1316" dir="1" index="1" bw="9" slack="8"/>
</pin_list>
<bind>
<opset="tile_in_436_addr "/>
</bind>
</comp>

<comp id="1319" class="1005" name="tile_in_437_addr_reg_1319">
<pin_list>
<pin id="1320" dir="0" index="0" bw="9" slack="19"/>
<pin id="1321" dir="1" index="1" bw="9" slack="19"/>
</pin_list>
<bind>
<opset="tile_in_437_addr "/>
</bind>
</comp>

<comp id="1324" class="1005" name="tile_in_438_addr_reg_1324">
<pin_list>
<pin id="1325" dir="0" index="0" bw="9" slack="20"/>
<pin id="1326" dir="1" index="1" bw="9" slack="20"/>
</pin_list>
<bind>
<opset="tile_in_438_addr "/>
</bind>
</comp>

<comp id="1329" class="1005" name="tile_in_439_addr_reg_1329">
<pin_list>
<pin id="1330" dir="0" index="0" bw="9" slack="8"/>
<pin id="1331" dir="1" index="1" bw="9" slack="8"/>
</pin_list>
<bind>
<opset="tile_in_439_addr "/>
</bind>
</comp>

<comp id="1334" class="1005" name="tile_in_440_addr_reg_1334">
<pin_list>
<pin id="1335" dir="0" index="0" bw="9" slack="11"/>
<pin id="1336" dir="1" index="1" bw="9" slack="11"/>
</pin_list>
<bind>
<opset="tile_in_440_addr "/>
</bind>
</comp>

<comp id="1339" class="1005" name="tile_in_441_addr_reg_1339">
<pin_list>
<pin id="1340" dir="0" index="0" bw="9" slack="12"/>
<pin id="1341" dir="1" index="1" bw="9" slack="12"/>
</pin_list>
<bind>
<opset="tile_in_441_addr "/>
</bind>
</comp>

<comp id="1344" class="1005" name="tile_in_442_addr_reg_1344">
<pin_list>
<pin id="1345" dir="0" index="0" bw="9" slack="8"/>
<pin id="1346" dir="1" index="1" bw="9" slack="8"/>
</pin_list>
<bind>
<opset="tile_in_442_addr "/>
</bind>
</comp>

<comp id="1349" class="1005" name="tile_in_443_addr_reg_1349">
<pin_list>
<pin id="1350" dir="0" index="0" bw="9" slack="9"/>
<pin id="1351" dir="1" index="1" bw="9" slack="9"/>
</pin_list>
<bind>
<opset="tile_in_443_addr "/>
</bind>
</comp>

<comp id="1354" class="1005" name="tile_in_444_addr_reg_1354">
<pin_list>
<pin id="1355" dir="0" index="0" bw="9" slack="10"/>
<pin id="1356" dir="1" index="1" bw="9" slack="10"/>
</pin_list>
<bind>
<opset="tile_in_444_addr "/>
</bind>
</comp>

<comp id="1359" class="1005" name="tile_in_445_addr_reg_1359">
<pin_list>
<pin id="1360" dir="0" index="0" bw="9" slack="8"/>
<pin id="1361" dir="1" index="1" bw="9" slack="8"/>
</pin_list>
<bind>
<opset="tile_in_445_addr "/>
</bind>
</comp>

<comp id="1364" class="1005" name="tile_in_446_addr_reg_1364">
<pin_list>
<pin id="1365" dir="0" index="0" bw="9" slack="13"/>
<pin id="1366" dir="1" index="1" bw="9" slack="13"/>
</pin_list>
<bind>
<opset="tile_in_446_addr "/>
</bind>
</comp>

<comp id="1369" class="1005" name="tile_in_447_addr_reg_1369">
<pin_list>
<pin id="1370" dir="0" index="0" bw="9" slack="14"/>
<pin id="1371" dir="1" index="1" bw="9" slack="14"/>
</pin_list>
<bind>
<opset="tile_in_447_addr "/>
</bind>
</comp>

<comp id="1374" class="1005" name="tile_in_448_addr_reg_1374">
<pin_list>
<pin id="1375" dir="0" index="0" bw="9" slack="8"/>
<pin id="1376" dir="1" index="1" bw="9" slack="8"/>
</pin_list>
<bind>
<opset="tile_in_448_addr "/>
</bind>
</comp>

<comp id="1379" class="1005" name="tile_in_449_addr_reg_1379">
<pin_list>
<pin id="1380" dir="0" index="0" bw="9" slack="23"/>
<pin id="1381" dir="1" index="1" bw="9" slack="23"/>
</pin_list>
<bind>
<opset="tile_in_449_addr "/>
</bind>
</comp>

<comp id="1384" class="1005" name="tile_in_450_addr_reg_1384">
<pin_list>
<pin id="1385" dir="0" index="0" bw="9" slack="24"/>
<pin id="1386" dir="1" index="1" bw="9" slack="24"/>
</pin_list>
<bind>
<opset="tile_in_450_addr "/>
</bind>
</comp>

<comp id="1389" class="1005" name="tile_in_451_addr_reg_1389">
<pin_list>
<pin id="1390" dir="0" index="0" bw="9" slack="8"/>
<pin id="1391" dir="1" index="1" bw="9" slack="8"/>
</pin_list>
<bind>
<opset="tile_in_451_addr "/>
</bind>
</comp>

<comp id="1394" class="1005" name="tile_in_452_addr_reg_1394">
<pin_list>
<pin id="1395" dir="0" index="0" bw="9" slack="21"/>
<pin id="1396" dir="1" index="1" bw="9" slack="21"/>
</pin_list>
<bind>
<opset="tile_in_452_addr "/>
</bind>
</comp>

<comp id="1399" class="1005" name="tile_in_453_addr_reg_1399">
<pin_list>
<pin id="1400" dir="0" index="0" bw="9" slack="22"/>
<pin id="1401" dir="1" index="1" bw="9" slack="22"/>
</pin_list>
<bind>
<opset="tile_in_453_addr "/>
</bind>
</comp>

<comp id="1404" class="1005" name="tile_in_454_addr_reg_1404">
<pin_list>
<pin id="1405" dir="0" index="0" bw="9" slack="8"/>
<pin id="1406" dir="1" index="1" bw="9" slack="8"/>
</pin_list>
<bind>
<opset="tile_in_454_addr "/>
</bind>
</comp>

<comp id="1409" class="1005" name="tile_in_455_addr_reg_1409">
<pin_list>
<pin id="1410" dir="0" index="0" bw="9" slack="25"/>
<pin id="1411" dir="1" index="1" bw="9" slack="25"/>
</pin_list>
<bind>
<opset="tile_in_455_addr "/>
</bind>
</comp>

<comp id="1414" class="1005" name="tile_in_456_addr_reg_1414">
<pin_list>
<pin id="1415" dir="0" index="0" bw="9" slack="26"/>
<pin id="1416" dir="1" index="1" bw="9" slack="26"/>
</pin_list>
<bind>
<opset="tile_in_456_addr "/>
</bind>
</comp>

<comp id="1419" class="1005" name="gmem_addr_read_reg_1419">
<pin_list>
<pin id="1420" dir="0" index="0" bw="8" slack="1"/>
<pin id="1421" dir="1" index="1" bw="8" slack="1"/>
</pin_list>
<bind>
<opset="gmem_addr_read "/>
</bind>
</comp>

<comp id="1432" class="1005" name="gmem_addr_25_read_reg_1432">
<pin_list>
<pin id="1433" dir="0" index="0" bw="8" slack="1"/>
<pin id="1434" dir="1" index="1" bw="8" slack="1"/>
</pin_list>
<bind>
<opset="gmem_addr_25_read "/>
</bind>
</comp>

<comp id="1437" class="1005" name="gmem_addr_24_read_reg_1437">
<pin_list>
<pin id="1438" dir="0" index="0" bw="8" slack="1"/>
<pin id="1439" dir="1" index="1" bw="8" slack="1"/>
</pin_list>
<bind>
<opset="gmem_addr_24_read "/>
</bind>
</comp>

<comp id="1442" class="1005" name="gmem_addr_23_read_reg_1442">
<pin_list>
<pin id="1443" dir="0" index="0" bw="8" slack="1"/>
<pin id="1444" dir="1" index="1" bw="8" slack="1"/>
</pin_list>
<bind>
<opset="gmem_addr_23_read "/>
</bind>
</comp>

<comp id="1447" class="1005" name="gmem_addr_22_read_reg_1447">
<pin_list>
<pin id="1448" dir="0" index="0" bw="8" slack="1"/>
<pin id="1449" dir="1" index="1" bw="8" slack="1"/>
</pin_list>
<bind>
<opset="gmem_addr_22_read "/>
</bind>
</comp>

<comp id="1452" class="1005" name="gmem_addr_21_read_reg_1452">
<pin_list>
<pin id="1453" dir="0" index="0" bw="8" slack="1"/>
<pin id="1454" dir="1" index="1" bw="8" slack="1"/>
</pin_list>
<bind>
<opset="gmem_addr_21_read "/>
</bind>
</comp>

<comp id="1457" class="1005" name="gmem_addr_20_read_reg_1457">
<pin_list>
<pin id="1458" dir="0" index="0" bw="8" slack="1"/>
<pin id="1459" dir="1" index="1" bw="8" slack="1"/>
</pin_list>
<bind>
<opset="gmem_addr_20_read "/>
</bind>
</comp>

<comp id="1462" class="1005" name="gmem_addr_19_read_reg_1462">
<pin_list>
<pin id="1463" dir="0" index="0" bw="8" slack="1"/>
<pin id="1464" dir="1" index="1" bw="8" slack="1"/>
</pin_list>
<bind>
<opset="gmem_addr_19_read "/>
</bind>
</comp>

<comp id="1467" class="1005" name="gmem_addr_18_read_reg_1467">
<pin_list>
<pin id="1468" dir="0" index="0" bw="8" slack="1"/>
<pin id="1469" dir="1" index="1" bw="8" slack="1"/>
</pin_list>
<bind>
<opset="gmem_addr_18_read "/>
</bind>
</comp>

<comp id="1472" class="1005" name="gmem_addr_17_read_reg_1472">
<pin_list>
<pin id="1473" dir="0" index="0" bw="8" slack="1"/>
<pin id="1474" dir="1" index="1" bw="8" slack="1"/>
</pin_list>
<bind>
<opset="gmem_addr_17_read "/>
</bind>
</comp>

</comp_list>

<net_list>
<net id="165"><net_src comp="66" pin="0"/><net_sink comp="162" pin=0"/></net>

<net id="169"><net_src comp="66" pin="0"/><net_sink comp="166" pin=0"/></net>

<net id="173"><net_src comp="66" pin="0"/><net_sink comp="170" pin=0"/></net>

<net id="178"><net_src comp="68" pin="0"/><net_sink comp="174" pin=0"/></net>

<net id="179"><net_src comp="64" pin="0"/><net_sink comp="174" pin=1"/></net>

<net id="184"><net_src comp="70" pin="0"/><net_sink comp="180" pin=0"/></net>

<net id="185"><net_src comp="8" pin="0"/><net_sink comp="180" pin=1"/></net>

<net id="190"><net_src comp="68" pin="0"/><net_sink comp="186" pin=0"/></net>

<net id="191"><net_src comp="6" pin="0"/><net_sink comp="186" pin=1"/></net>

<net id="196"><net_src comp="68" pin="0"/><net_sink comp="192" pin=0"/></net>

<net id="197"><net_src comp="4" pin="0"/><net_sink comp="192" pin=1"/></net>

<net id="202"><net_src comp="72" pin="0"/><net_sink comp="198" pin=0"/></net>

<net id="203"><net_src comp="2" pin="0"/><net_sink comp="198" pin=1"/></net>

<net id="209"><net_src comp="140" pin="0"/><net_sink comp="204" pin=0"/></net>

<net id="210"><net_src comp="138" pin="0"/><net_sink comp="204" pin=2"/></net>

<net id="216"><net_src comp="140" pin="0"/><net_sink comp="211" pin=0"/></net>

<net id="217"><net_src comp="138" pin="0"/><net_sink comp="211" pin=2"/></net>

<net id="223"><net_src comp="140" pin="0"/><net_sink comp="218" pin=0"/></net>

<net id="224"><net_src comp="138" pin="0"/><net_sink comp="218" pin=2"/></net>

<net id="230"><net_src comp="140" pin="0"/><net_sink comp="225" pin=0"/></net>

<net id="231"><net_src comp="138" pin="0"/><net_sink comp="225" pin=2"/></net>

<net id="237"><net_src comp="140" pin="0"/><net_sink comp="232" pin=0"/></net>

<net id="238"><net_src comp="138" pin="0"/><net_sink comp="232" pin=2"/></net>

<net id="244"><net_src comp="140" pin="0"/><net_sink comp="239" pin=0"/></net>

<net id="245"><net_src comp="138" pin="0"/><net_sink comp="239" pin=2"/></net>

<net id="251"><net_src comp="140" pin="0"/><net_sink comp="246" pin=0"/></net>

<net id="252"><net_src comp="138" pin="0"/><net_sink comp="246" pin=2"/></net>

<net id="258"><net_src comp="140" pin="0"/><net_sink comp="253" pin=0"/></net>

<net id="259"><net_src comp="138" pin="0"/><net_sink comp="253" pin=2"/></net>

<net id="265"><net_src comp="140" pin="0"/><net_sink comp="260" pin=0"/></net>

<net id="266"><net_src comp="138" pin="0"/><net_sink comp="260" pin=2"/></net>

<net id="272"><net_src comp="140" pin="0"/><net_sink comp="267" pin=0"/></net>

<net id="273"><net_src comp="138" pin="0"/><net_sink comp="267" pin=2"/></net>

<net id="279"><net_src comp="140" pin="0"/><net_sink comp="274" pin=0"/></net>

<net id="280"><net_src comp="138" pin="0"/><net_sink comp="274" pin=2"/></net>

<net id="285"><net_src comp="160" pin="0"/><net_sink comp="281" pin=0"/></net>

<net id="290"><net_src comp="160" pin="0"/><net_sink comp="286" pin=0"/></net>

<net id="295"><net_src comp="160" pin="0"/><net_sink comp="291" pin=0"/></net>

<net id="300"><net_src comp="160" pin="0"/><net_sink comp="296" pin=0"/></net>

<net id="305"><net_src comp="160" pin="0"/><net_sink comp="301" pin=0"/></net>

<net id="310"><net_src comp="160" pin="0"/><net_sink comp="306" pin=0"/></net>

<net id="315"><net_src comp="160" pin="0"/><net_sink comp="311" pin=0"/></net>

<net id="320"><net_src comp="160" pin="0"/><net_sink comp="316" pin=0"/></net>

<net id="325"><net_src comp="160" pin="0"/><net_sink comp="321" pin=0"/></net>

<net id="330"><net_src comp="160" pin="0"/><net_sink comp="326" pin=0"/></net>

<net id="335"><net_src comp="160" pin="0"/><net_sink comp="331" pin=0"/></net>

<net id="341"><net_src comp="10" pin="0"/><net_sink comp="336" pin=0"/></net>

<net id="342"><net_src comp="156" pin="0"/><net_sink comp="336" pin=1"/></net>

<net id="348"><net_src comp="12" pin="0"/><net_sink comp="343" pin=0"/></net>

<net id="349"><net_src comp="156" pin="0"/><net_sink comp="343" pin=1"/></net>

<net id="355"><net_src comp="14" pin="0"/><net_sink comp="350" pin=0"/></net>

<net id="356"><net_src comp="156" pin="0"/><net_sink comp="350" pin=1"/></net>

<net id="362"><net_src comp="16" pin="0"/><net_sink comp="357" pin=0"/></net>

<net id="363"><net_src comp="156" pin="0"/><net_sink comp="357" pin=1"/></net>

<net id="369"><net_src comp="18" pin="0"/><net_sink comp="364" pin=0"/></net>

<net id="370"><net_src comp="156" pin="0"/><net_sink comp="364" pin=1"/></net>

<net id="376"><net_src comp="20" pin="0"/><net_sink comp="371" pin=0"/></net>

<net id="377"><net_src comp="156" pin="0"/><net_sink comp="371" pin=1"/></net>

<net id="383"><net_src comp="22" pin="0"/><net_sink comp="378" pin=0"/></net>

<net id="384"><net_src comp="156" pin="0"/><net_sink comp="378" pin=1"/></net>

<net id="390"><net_src comp="24" pin="0"/><net_sink comp="385" pin=0"/></net>

<net id="391"><net_src comp="156" pin="0"/><net_sink comp="385" pin=1"/></net>

<net id="397"><net_src comp="26" pin="0"/><net_sink comp="392" pin=0"/></net>

<net id="398"><net_src comp="156" pin="0"/><net_sink comp="392" pin=1"/></net>

<net id="404"><net_src comp="28" pin="0"/><net_sink comp="399" pin=0"/></net>

<net id="405"><net_src comp="156" pin="0"/><net_sink comp="399" pin=1"/></net>

<net id="411"><net_src comp="30" pin="0"/><net_sink comp="406" pin=0"/></net>

<net id="412"><net_src comp="156" pin="0"/><net_sink comp="406" pin=1"/></net>

<net id="418"><net_src comp="32" pin="0"/><net_sink comp="413" pin=0"/></net>

<net id="419"><net_src comp="156" pin="0"/><net_sink comp="413" pin=1"/></net>

<net id="425"><net_src comp="34" pin="0"/><net_sink comp="420" pin=0"/></net>

<net id="426"><net_src comp="156" pin="0"/><net_sink comp="420" pin=1"/></net>

<net id="432"><net_src comp="36" pin="0"/><net_sink comp="427" pin=0"/></net>

<net id="433"><net_src comp="156" pin="0"/><net_sink comp="427" pin=1"/></net>

<net id="439"><net_src comp="38" pin="0"/><net_sink comp="434" pin=0"/></net>

<net id="440"><net_src comp="156" pin="0"/><net_sink comp="434" pin=1"/></net>

<net id="446"><net_src comp="40" pin="0"/><net_sink comp="441" pin=0"/></net>

<net id="447"><net_src comp="156" pin="0"/><net_sink comp="441" pin=1"/></net>

<net id="453"><net_src comp="42" pin="0"/><net_sink comp="448" pin=0"/></net>

<net id="454"><net_src comp="156" pin="0"/><net_sink comp="448" pin=1"/></net>

<net id="460"><net_src comp="44" pin="0"/><net_sink comp="455" pin=0"/></net>

<net id="461"><net_src comp="156" pin="0"/><net_sink comp="455" pin=1"/></net>

<net id="467"><net_src comp="46" pin="0"/><net_sink comp="462" pin=0"/></net>

<net id="468"><net_src comp="156" pin="0"/><net_sink comp="462" pin=1"/></net>

<net id="474"><net_src comp="48" pin="0"/><net_sink comp="469" pin=0"/></net>

<net id="475"><net_src comp="156" pin="0"/><net_sink comp="469" pin=1"/></net>

<net id="481"><net_src comp="50" pin="0"/><net_sink comp="476" pin=0"/></net>

<net id="482"><net_src comp="156" pin="0"/><net_sink comp="476" pin=1"/></net>

<net id="488"><net_src comp="52" pin="0"/><net_sink comp="483" pin=0"/></net>

<net id="489"><net_src comp="156" pin="0"/><net_sink comp="483" pin=1"/></net>

<net id="495"><net_src comp="54" pin="0"/><net_sink comp="490" pin=0"/></net>

<net id="496"><net_src comp="156" pin="0"/><net_sink comp="490" pin=1"/></net>

<net id="502"><net_src comp="56" pin="0"/><net_sink comp="497" pin=0"/></net>

<net id="503"><net_src comp="156" pin="0"/><net_sink comp="497" pin=1"/></net>

<net id="509"><net_src comp="58" pin="0"/><net_sink comp="504" pin=0"/></net>

<net id="510"><net_src comp="156" pin="0"/><net_sink comp="504" pin=1"/></net>

<net id="516"><net_src comp="60" pin="0"/><net_sink comp="511" pin=0"/></net>

<net id="517"><net_src comp="156" pin="0"/><net_sink comp="511" pin=1"/></net>

<net id="523"><net_src comp="62" pin="0"/><net_sink comp="518" pin=0"/></net>

<net id="524"><net_src comp="156" pin="0"/><net_sink comp="518" pin=1"/></net>

<net id="530"><net_src comp="158" pin="0"/><net_sink comp="525" pin=1"/></net>

<net id="531"><net_src comp="420" pin="3"/><net_sink comp="525" pin=0"/></net>

<net id="537"><net_src comp="158" pin="0"/><net_sink comp="532" pin=1"/></net>

<net id="538"><net_src comp="427" pin="3"/><net_sink comp="532" pin=0"/></net>

<net id="544"><net_src comp="158" pin="0"/><net_sink comp="539" pin=1"/></net>

<net id="545"><net_src comp="434" pin="3"/><net_sink comp="539" pin=0"/></net>

<net id="551"><net_src comp="158" pin="0"/><net_sink comp="546" pin=1"/></net>

<net id="552"><net_src comp="399" pin="3"/><net_sink comp="546" pin=0"/></net>

<net id="558"><net_src comp="158" pin="0"/><net_sink comp="553" pin=1"/></net>

<net id="559"><net_src comp="406" pin="3"/><net_sink comp="553" pin=0"/></net>

<net id="565"><net_src comp="158" pin="0"/><net_sink comp="560" pin=1"/></net>

<net id="566"><net_src comp="413" pin="3"/><net_sink comp="560" pin=0"/></net>

<net id="572"><net_src comp="158" pin="0"/><net_sink comp="567" pin=1"/></net>

<net id="573"><net_src comp="441" pin="3"/><net_sink comp="567" pin=0"/></net>

<net id="579"><net_src comp="158" pin="0"/><net_sink comp="574" pin=1"/></net>

<net id="580"><net_src comp="448" pin="3"/><net_sink comp="574" pin=0"/></net>

<net id="586"><net_src comp="158" pin="0"/><net_sink comp="581" pin=1"/></net>

<net id="587"><net_src comp="455" pin="3"/><net_sink comp="581" pin=0"/></net>

<net id="593"><net_src comp="158" pin="0"/><net_sink comp="588" pin=1"/></net>

<net id="594"><net_src comp="357" pin="3"/><net_sink comp="588" pin=0"/></net>

<net id="600"><net_src comp="158" pin="0"/><net_sink comp="595" pin=1"/></net>

<net id="601"><net_src comp="364" pin="3"/><net_sink comp="595" pin=0"/></net>

<net id="607"><net_src comp="158" pin="0"/><net_sink comp="602" pin=1"/></net>

<net id="608"><net_src comp="371" pin="3"/><net_sink comp="602" pin=0"/></net>

<net id="614"><net_src comp="158" pin="0"/><net_sink comp="609" pin=1"/></net>

<net id="615"><net_src comp="336" pin="3"/><net_sink comp="609" pin=0"/></net>

<net id="621"><net_src comp="158" pin="0"/><net_sink comp="616" pin=1"/></net>

<net id="622"><net_src comp="343" pin="3"/><net_sink comp="616" pin=0"/></net>

<net id="628"><net_src comp="158" pin="0"/><net_sink comp="623" pin=1"/></net>

<net id="629"><net_src comp="350" pin="3"/><net_sink comp="623" pin=0"/></net>

<net id="635"><net_src comp="158" pin="0"/><net_sink comp="630" pin=1"/></net>

<net id="636"><net_src comp="378" pin="3"/><net_sink comp="630" pin=0"/></net>

<net id="646"><net_src comp="158" pin="0"/><net_sink comp="637" pin=4"/></net>

<net id="647"><net_src comp="385" pin="3"/><net_sink comp="637" pin=2"/></net>

<net id="653"><net_src comp="158" pin="0"/><net_sink comp="648" pin=1"/></net>

<net id="654"><net_src comp="392" pin="3"/><net_sink comp="648" pin=0"/></net>

<net id="660"><net_src comp="158" pin="0"/><net_sink comp="655" pin=1"/></net>

<net id="661"><net_src comp="483" pin="3"/><net_sink comp="655" pin=0"/></net>

<net id="667"><net_src comp="158" pin="0"/><net_sink comp="662" pin=1"/></net>

<net id="668"><net_src comp="490" pin="3"/><net_sink comp="662" pin=0"/></net>

<net id="674"><net_src comp="158" pin="0"/><net_sink comp="669" pin=1"/></net>

<net id="675"><net_src comp="497" pin="3"/><net_sink comp="669" pin=0"/></net>

<net id="681"><net_src comp="158" pin="0"/><net_sink comp="676" pin=1"/></net>

<net id="682"><net_src comp="462" pin="3"/><net_sink comp="676" pin=0"/></net>

<net id="688"><net_src comp="158" pin="0"/><net_sink comp="683" pin=1"/></net>

<net id="689"><net_src comp="469" pin="3"/><net_sink comp="683" pin=0"/></net>

<net id="695"><net_src comp="158" pin="0"/><net_sink comp="690" pin=1"/></net>

<net id="696"><net_src comp="476" pin="3"/><net_sink comp="690" pin=0"/></net>

<net id="702"><net_src comp="158" pin="0"/><net_sink comp="697" pin=1"/></net>

<net id="703"><net_src comp="504" pin="3"/><net_sink comp="697" pin=0"/></net>

<net id="709"><net_src comp="158" pin="0"/><net_sink comp="704" pin=1"/></net>

<net id="710"><net_src comp="511" pin="3"/><net_sink comp="704" pin=0"/></net>

<net id="716"><net_src comp="158" pin="0"/><net_sink comp="711" pin=1"/></net>

<net id="717"><net_src comp="518" pin="3"/><net_sink comp="711" pin=0"/></net>

<net id="726"><net_src comp="0" pin="0"/><net_sink comp="722" pin=0"/></net>

<net id="727"><net_src comp="722" pin="2"/><net_sink comp="218" pin=1"/></net>

<net id="728"><net_src comp="722" pin="2"/><net_sink comp="225" pin=1"/></net>

<net id="729"><net_src comp="722" pin="2"/><net_sink comp="232" pin=1"/></net>

<net id="730"><net_src comp="722" pin="2"/><net_sink comp="239" pin=1"/></net>

<net id="731"><net_src comp="722" pin="2"/><net_sink comp="246" pin=1"/></net>

<net id="732"><net_src comp="722" pin="2"/><net_sink comp="253" pin=1"/></net>

<net id="733"><net_src comp="722" pin="2"/><net_sink comp="260" pin=1"/></net>

<net id="734"><net_src comp="722" pin="2"/><net_sink comp="267" pin=1"/></net>

<net id="735"><net_src comp="722" pin="2"/><net_sink comp="274" pin=1"/></net>

<net id="739"><net_src comp="722" pin="2"/><net_sink comp="736" pin=0"/></net>

<net id="740"><net_src comp="736" pin="1"/><net_sink comp="218" pin=1"/></net>

<net id="741"><net_src comp="736" pin="1"/><net_sink comp="291" pin=1"/></net>

<net id="742"><net_src comp="736" pin="1"/><net_sink comp="225" pin=1"/></net>

<net id="743"><net_src comp="736" pin="1"/><net_sink comp="296" pin=1"/></net>

<net id="744"><net_src comp="736" pin="1"/><net_sink comp="232" pin=1"/></net>

<net id="745"><net_src comp="736" pin="1"/><net_sink comp="301" pin=1"/></net>

<net id="746"><net_src comp="736" pin="1"/><net_sink comp="239" pin=1"/></net>

<net id="747"><net_src comp="736" pin="1"/><net_sink comp="306" pin=1"/></net>

<net id="748"><net_src comp="736" pin="1"/><net_sink comp="246" pin=1"/></net>

<net id="749"><net_src comp="736" pin="1"/><net_sink comp="311" pin=1"/></net>

<net id="750"><net_src comp="736" pin="1"/><net_sink comp="253" pin=1"/></net>

<net id="751"><net_src comp="736" pin="1"/><net_sink comp="316" pin=1"/></net>

<net id="752"><net_src comp="736" pin="1"/><net_sink comp="260" pin=1"/></net>

<net id="753"><net_src comp="736" pin="1"/><net_sink comp="321" pin=1"/></net>

<net id="754"><net_src comp="736" pin="1"/><net_sink comp="267" pin=1"/></net>

<net id="755"><net_src comp="736" pin="1"/><net_sink comp="326" pin=1"/></net>

<net id="756"><net_src comp="736" pin="1"/><net_sink comp="274" pin=1"/></net>

<net id="757"><net_src comp="736" pin="1"/><net_sink comp="331" pin=1"/></net>

<net id="761"><net_src comp="286" pin="2"/><net_sink comp="758" pin=0"/></net>

<net id="762"><net_src comp="758" pin="1"/><net_sink comp="532" pin=1"/></net>

<net id="763"><net_src comp="758" pin="1"/><net_sink comp="553" pin=1"/></net>

<net id="764"><net_src comp="758" pin="1"/><net_sink comp="574" pin=1"/></net>

<net id="765"><net_src comp="758" pin="1"/><net_sink comp="595" pin=1"/></net>

<net id="766"><net_src comp="758" pin="1"/><net_sink comp="616" pin=1"/></net>

<net id="767"><net_src comp="758" pin="1"/><net_sink comp="637" pin=1"/></net>

<net id="768"><net_src comp="758" pin="1"/><net_sink comp="662" pin=1"/></net>

<net id="769"><net_src comp="758" pin="1"/><net_sink comp="683" pin=1"/></net>

<net id="770"><net_src comp="758" pin="1"/><net_sink comp="704" pin=1"/></net>

<net id="774"><net_src comp="174" pin="2"/><net_sink comp="771" pin=0"/></net>

<net id="778"><net_src comp="180" pin="2"/><net_sink comp="775" pin=0"/></net>

<net id="782"><net_src comp="186" pin="2"/><net_sink comp="779" pin=0"/></net>

<net id="786"><net_src comp="192" pin="2"/><net_sink comp="783" pin=0"/></net>

<net id="791"><net_src comp="98" pin="0"/><net_sink comp="787" pin=0"/></net>

<net id="796"><net_src comp="100" pin="0"/><net_sink comp="792" pin=0"/></net>

<net id="801"><net_src comp="100" pin="0"/><net_sink comp="797" pin=0"/></net>

<net id="809"><net_src comp="802" pin="1"/><net_sink comp="805" pin=0"/></net>

<net id="810"><net_src comp="102" pin="0"/><net_sink comp="805" pin=1"/></net>

<net id="815"><net_src comp="802" pin="1"/><net_sink comp="811" pin=0"/></net>

<net id="816"><net_src comp="104" pin="0"/><net_sink comp="811" pin=1"/></net>

<net id="827"><net_src comp="820" pin="1"/><net_sink comp="823" pin=0"/></net>

<net id="828"><net_src comp="106" pin="0"/><net_sink comp="823" pin=1"/></net>

<net id="833"><net_src comp="817" pin="1"/><net_sink comp="829" pin=0"/></net>

<net id="834"><net_src comp="108" pin="0"/><net_sink comp="829" pin=1"/></net>

<net id="840"><net_src comp="829" pin="2"/><net_sink comp="835" pin=0"/></net>

<net id="841"><net_src comp="100" pin="0"/><net_sink comp="835" pin=1"/></net>

<net id="842"><net_src comp="817" pin="1"/><net_sink comp="835" pin=2"/></net>

<net id="848"><net_src comp="829" pin="2"/><net_sink comp="843" pin=0"/></net>

<net id="849"><net_src comp="823" pin="2"/><net_sink comp="843" pin=1"/></net>

<net id="850"><net_src comp="820" pin="1"/><net_sink comp="843" pin=2"/></net>

<net id="855"><net_src comp="811" pin="2"/><net_sink comp="851" pin=0"/></net>

<net id="860"><net_src comp="843" pin="3"/><net_sink comp="856" pin=0"/></net>

<net id="871"><net_src comp="864" pin="1"/><net_sink comp="867" pin=0"/></net>

<net id="872"><net_src comp="110" pin="0"/><net_sink comp="867" pin=1"/></net>

<net id="879"><net_src comp="112" pin="0"/><net_sink comp="873" pin=0"/></net>

<net id="880"><net_src comp="867" pin="2"/><net_sink comp="873" pin=1"/></net>

<net id="881"><net_src comp="114" pin="0"/><net_sink comp="873" pin=2"/></net>

<net id="882"><net_src comp="116" pin="0"/><net_sink comp="873" pin=3"/></net>

<net id="887"><net_src comp="118" pin="0"/><net_sink comp="883" pin=1"/></net>

<net id="892"><net_src comp="861" pin="1"/><net_sink comp="888" pin=0"/></net>

<net id="896"><net_src comp="888" pin="2"/><net_sink comp="893" pin=0"/></net>

<net id="901"><net_src comp="893" pin="1"/><net_sink comp="897" pin=0"/></net>

<net id="902"><net_src comp="120" pin="0"/><net_sink comp="897" pin=1"/></net>

<net id="908"><net_src comp="122" pin="0"/><net_sink comp="903" pin=0"/></net>

<net id="909"><net_src comp="897" pin="2"/><net_sink comp="903" pin=1"/></net>

<net id="910"><net_src comp="124" pin="0"/><net_sink comp="903" pin=2"/></net>

<net id="915"><net_src comp="893" pin="1"/><net_sink comp="911" pin=0"/></net>

<net id="923"><net_src comp="916" pin="1"/><net_sink comp="919" pin=0"/></net>

<net id="927"><net_src comp="919" pin="2"/><net_sink comp="924" pin=0"/></net>

<net id="932"><net_src comp="924" pin="1"/><net_sink comp="928" pin=0"/></net>

<net id="933"><net_src comp="120" pin="0"/><net_sink comp="928" pin=1"/></net>

<net id="939"><net_src comp="122" pin="0"/><net_sink comp="934" pin=0"/></net>

<net id="940"><net_src comp="928" pin="2"/><net_sink comp="934" pin=1"/></net>

<net id="941"><net_src comp="124" pin="0"/><net_sink comp="934" pin=2"/></net>

<net id="946"><net_src comp="924" pin="1"/><net_sink comp="942" pin=0"/></net>

<net id="951"><net_src comp="911" pin="2"/><net_sink comp="947" pin=0"/></net>

<net id="952"><net_src comp="903" pin="3"/><net_sink comp="947" pin=1"/></net>

<net id="957"><net_src comp="934" pin="3"/><net_sink comp="953" pin=0"/></net>

<net id="958"><net_src comp="942" pin="2"/><net_sink comp="953" pin=1"/></net>

<net id="963"><net_src comp="953" pin="2"/><net_sink comp="959" pin=0"/></net>

<net id="964"><net_src comp="947" pin="2"/><net_sink comp="959" pin=1"/></net>

<net id="969"><net_src comp="106" pin="0"/><net_sink comp="965" pin=1"/></net>

<net id="974"><net_src comp="965" pin="2"/><net_sink comp="970" pin=0"/></net>

<net id="978"><net_src comp="975" pin="1"/><net_sink comp="718" pin=0"/></net>

<net id="983"><net_src comp="118" pin="0"/><net_sink comp="979" pin=1"/></net>

<net id="989"><net_src comp="126" pin="0"/><net_sink comp="984" pin=0"/></net>

<net id="990"><net_src comp="128" pin="0"/><net_sink comp="984" pin=2"/></net>

<net id="996"><net_src comp="130" pin="0"/><net_sink comp="991" pin=0"/></net>

<net id="997"><net_src comp="132" pin="0"/><net_sink comp="991" pin=2"/></net>

<net id="1001"><net_src comp="991" pin="3"/><net_sink comp="998" pin=0"/></net>

<net id="1006"><net_src comp="984" pin="3"/><net_sink comp="1002" pin=0"/></net>

<net id="1007"><net_src comp="998" pin="1"/><net_sink comp="1002" pin=1"/></net>

<net id="1015"><net_src comp="1008" pin="1"/><net_sink comp="1011" pin=0"/></net>

<net id="1016"><net_src comp="110" pin="0"/><net_sink comp="1011" pin=1"/></net>

<net id="1023"><net_src comp="112" pin="0"/><net_sink comp="1017" pin=0"/></net>

<net id="1024"><net_src comp="1011" pin="2"/><net_sink comp="1017" pin=1"/></net>

<net id="1025"><net_src comp="114" pin="0"/><net_sink comp="1017" pin=2"/></net>

<net id="1026"><net_src comp="116" pin="0"/><net_sink comp="1017" pin=3"/></net>

<net id="1030"><net_src comp="1017" pin="4"/><net_sink comp="1027" pin=0"/></net>

<net id="1035"><net_src comp="1002" pin="2"/><net_sink comp="1031" pin=0"/></net>

<net id="1036"><net_src comp="1027" pin="1"/><net_sink comp="1031" pin=1"/></net>

<net id="1047"><net_src comp="1040" pin="1"/><net_sink comp="1043" pin=0"/></net>

<net id="1048"><net_src comp="134" pin="0"/><net_sink comp="1043" pin=1"/></net>

<net id="1056"><net_src comp="1049" pin="1"/><net_sink comp="1052" pin=0"/></net>

<net id="1057"><net_src comp="1037" pin="1"/><net_sink comp="1052" pin=1"/></net>

<net id="1062"><net_src comp="1052" pin="2"/><net_sink comp="1058" pin=0"/></net>

<net id="1063"><net_src comp="136" pin="0"/><net_sink comp="1058" pin=1"/></net>

<net id="1068"><net_src comp="1058" pin="2"/><net_sink comp="1064" pin=0"/></net>

<net id="1069"><net_src comp="1052" pin="2"/><net_sink comp="1064" pin=1"/></net>

<net id="1078"><net_src comp="0" pin="0"/><net_sink comp="1074" pin=0"/></net>

<net id="1079"><net_src comp="1070" pin="2"/><net_sink comp="1074" pin=1"/></net>

<net id="1084"><net_src comp="138" pin="0"/><net_sink comp="1080" pin=1"/></net>

<net id="1089"><net_src comp="1080" pin="2"/><net_sink comp="1085" pin=0"/></net>

<net id="1094"><net_src comp="136" pin="0"/><net_sink comp="1090" pin=1"/></net>

<net id="1099"><net_src comp="1090" pin="2"/><net_sink comp="1095" pin=0"/></net>

<net id="1104"><net_src comp="0" pin="0"/><net_sink comp="1100" pin=0"/></net>

<net id="1105"><net_src comp="1085" pin="2"/><net_sink comp="1100" pin=1"/></net>

<net id="1109"><net_src comp="883" pin="2"/><net_sink comp="1106" pin=0"/></net>

<net id="1113"><net_src comp="979" pin="2"/><net_sink comp="1110" pin=0"/></net>

<net id="1117"><net_src comp="1114" pin="1"/><net_sink comp="336" pin=2"/></net>

<net id="1118"><net_src comp="1114" pin="1"/><net_sink comp="343" pin=2"/></net>

<net id="1119"><net_src comp="1114" pin="1"/><net_sink comp="350" pin=2"/></net>

<net id="1120"><net_src comp="1114" pin="1"/><net_sink comp="357" pin=2"/></net>

<net id="1121"><net_src comp="1114" pin="1"/><net_sink comp="364" pin=2"/></net>

<net id="1122"><net_src comp="1114" pin="1"/><net_sink comp="371" pin=2"/></net>

<net id="1123"><net_src comp="1114" pin="1"/><net_sink comp="378" pin=2"/></net>

<net id="1124"><net_src comp="1114" pin="1"/><net_sink comp="385" pin=2"/></net>

<net id="1125"><net_src comp="1114" pin="1"/><net_sink comp="392" pin=2"/></net>

<net id="1126"><net_src comp="1114" pin="1"/><net_sink comp="399" pin=2"/></net>

<net id="1127"><net_src comp="1114" pin="1"/><net_sink comp="406" pin=2"/></net>

<net id="1128"><net_src comp="1114" pin="1"/><net_sink comp="413" pin=2"/></net>

<net id="1129"><net_src comp="1114" pin="1"/><net_sink comp="420" pin=2"/></net>

<net id="1130"><net_src comp="1114" pin="1"/><net_sink comp="427" pin=2"/></net>

<net id="1131"><net_src comp="1114" pin="1"/><net_sink comp="434" pin=2"/></net>

<net id="1132"><net_src comp="1114" pin="1"/><net_sink comp="441" pin=2"/></net>

<net id="1133"><net_src comp="1114" pin="1"/><net_sink comp="448" pin=2"/></net>

<net id="1134"><net_src comp="1114" pin="1"/><net_sink comp="455" pin=2"/></net>

<net id="1135"><net_src comp="1114" pin="1"/><net_sink comp="462" pin=2"/></net>

<net id="1136"><net_src comp="1114" pin="1"/><net_sink comp="469" pin=2"/></net>

<net id="1137"><net_src comp="1114" pin="1"/><net_sink comp="476" pin=2"/></net>

<net id="1138"><net_src comp="1114" pin="1"/><net_sink comp="483" pin=2"/></net>

<net id="1139"><net_src comp="1114" pin="1"/><net_sink comp="490" pin=2"/></net>

<net id="1140"><net_src comp="1114" pin="1"/><net_sink comp="497" pin=2"/></net>

<net id="1141"><net_src comp="1114" pin="1"/><net_sink comp="504" pin=2"/></net>

<net id="1142"><net_src comp="1114" pin="1"/><net_sink comp="511" pin=2"/></net>

<net id="1143"><net_src comp="1114" pin="1"/><net_sink comp="518" pin=2"/></net>

<net id="1147"><net_src comp="162" pin="1"/><net_sink comp="1144" pin=0"/></net>

<net id="1148"><net_src comp="1144" pin="1"/><net_sink comp="797" pin=1"/></net>

<net id="1149"><net_src comp="1144" pin="1"/><net_sink comp="817" pin=0"/></net>

<net id="1150"><net_src comp="1144" pin="1"/><net_sink comp="970" pin=1"/></net>

<net id="1154"><net_src comp="166" pin="1"/><net_sink comp="1151" pin=0"/></net>

<net id="1155"><net_src comp="1151" pin="1"/><net_sink comp="792" pin=1"/></net>

<net id="1156"><net_src comp="1151" pin="1"/><net_sink comp="820" pin=0"/></net>

<net id="1157"><net_src comp="1151" pin="1"/><net_sink comp="856" pin=1"/></net>

<net id="1161"><net_src comp="170" pin="1"/><net_sink comp="1158" pin=0"/></net>

<net id="1162"><net_src comp="1158" pin="1"/><net_sink comp="787" pin=1"/></net>

<net id="1163"><net_src comp="1158" pin="1"/><net_sink comp="802" pin=0"/></net>

<net id="1164"><net_src comp="1158" pin="1"/><net_sink comp="851" pin=1"/></net>

<net id="1168"><net_src comp="198" pin="2"/><net_sink comp="1165" pin=0"/></net>

<net id="1169"><net_src comp="1165" pin="1"/><net_sink comp="1070" pin=1"/></net>

<net id="1170"><net_src comp="1165" pin="1"/><net_sink comp="1085" pin=1"/></net>

<net id="1171"><net_src comp="1165" pin="1"/><net_sink comp="1095" pin=1"/></net>

<net id="1175"><net_src comp="771" pin="1"/><net_sink comp="1172" pin=0"/></net>

<net id="1176"><net_src comp="1172" pin="1"/><net_sink comp="919" pin=1"/></net>

<net id="1180"><net_src comp="775" pin="1"/><net_sink comp="1177" pin=0"/></net>

<net id="1181"><net_src comp="1177" pin="1"/><net_sink comp="718" pin=1"/></net>

<net id="1185"><net_src comp="779" pin="1"/><net_sink comp="1182" pin=0"/></net>

<net id="1186"><net_src comp="1182" pin="1"/><net_sink comp="911" pin=1"/></net>

<net id="1187"><net_src comp="1182" pin="1"/><net_sink comp="942" pin=1"/></net>

<net id="1191"><net_src comp="783" pin="1"/><net_sink comp="1188" pin=0"/></net>

<net id="1192"><net_src comp="1188" pin="1"/><net_sink comp="888" pin=1"/></net>

<net id="1196"><net_src comp="805" pin="2"/><net_sink comp="1193" pin=0"/></net>

<net id="1200"><net_src comp="835" pin="3"/><net_sink comp="1197" pin=0"/></net>

<net id="1201"><net_src comp="1197" pin="1"/><net_sink comp="916" pin=0"/></net>

<net id="1202"><net_src comp="1197" pin="1"/><net_sink comp="965" pin=0"/></net>

<net id="1203"><net_src comp="1197" pin="1"/><net_sink comp="979" pin=0"/></net>

<net id="1204"><net_src comp="1197" pin="1"/><net_sink comp="1008" pin=0"/></net>

<net id="1208"><net_src comp="843" pin="3"/><net_sink comp="1205" pin=0"/></net>

<net id="1209"><net_src comp="1205" pin="1"/><net_sink comp="861" pin=0"/></net>

<net id="1210"><net_src comp="1205" pin="1"/><net_sink comp="864" pin=0"/></net>

<net id="1211"><net_src comp="1205" pin="1"/><net_sink comp="883" pin=0"/></net>

<net id="1215"><net_src comp="873" pin="4"/><net_sink comp="1212" pin=0"/></net>

<net id="1216"><net_src comp="1212" pin="1"/><net_sink comp="984" pin=1"/></net>

<net id="1217"><net_src comp="1212" pin="1"/><net_sink comp="991" pin=1"/></net>

<net id="1221"><net_src comp="897" pin="2"/><net_sink comp="1218" pin=0"/></net>

<net id="1222"><net_src comp="1218" pin="1"/><net_sink comp="975" pin=0"/></net>

<net id="1226"><net_src comp="928" pin="2"/><net_sink comp="1223" pin=0"/></net>

<net id="1227"><net_src comp="1223" pin="1"/><net_sink comp="1049" pin=0"/></net>

<net id="1231"><net_src comp="959" pin="2"/><net_sink comp="1228" pin=0"/></net>

<net id="1235"><net_src comp="975" pin="1"/><net_sink comp="1232" pin=0"/></net>

<net id="1236"><net_src comp="1232" pin="1"/><net_sink comp="718" pin=0"/></net>

<net id="1240"><net_src comp="718" pin="2"/><net_sink comp="1237" pin=0"/></net>

<net id="1241"><net_src comp="1237" pin="1"/><net_sink comp="1037" pin=0"/></net>

<net id="1245"><net_src comp="1031" pin="2"/><net_sink comp="1242" pin=0"/></net>

<net id="1246"><net_src comp="1242" pin="1"/><net_sink comp="1040" pin=0"/></net>

<net id="1250"><net_src comp="1043" pin="2"/><net_sink comp="1247" pin=0"/></net>

<net id="1251"><net_src comp="1247" pin="1"/><net_sink comp="1114" pin=0"/></net>

<net id="1255"><net_src comp="1064" pin="2"/><net_sink comp="1252" pin=0"/></net>

<net id="1256"><net_src comp="1252" pin="1"/><net_sink comp="1070" pin=0"/></net>

<net id="1257"><net_src comp="1252" pin="1"/><net_sink comp="1080" pin=0"/></net>

<net id="1258"><net_src comp="1252" pin="1"/><net_sink comp="1090" pin=0"/></net>

<net id="1262"><net_src comp="1074" pin="2"/><net_sink comp="1259" pin=0"/></net>

<net id="1263"><net_src comp="1259" pin="1"/><net_sink comp="204" pin=1"/></net>

<net id="1264"><net_src comp="1259" pin="1"/><net_sink comp="281" pin=1"/></net>

<net id="1268"><net_src comp="1095" pin="2"/><net_sink comp="1265" pin=0"/></net>

<net id="1269"><net_src comp="1265" pin="1"/><net_sink comp="722" pin=1"/></net>

<net id="1273"><net_src comp="1100" pin="2"/><net_sink comp="1270" pin=0"/></net>

<net id="1274"><net_src comp="1270" pin="1"/><net_sink comp="211" pin=1"/></net>

<net id="1275"><net_src comp="1270" pin="1"/><net_sink comp="286" pin=1"/></net>

<net id="1279"><net_src comp="1106" pin="1"/><net_sink comp="1276" pin=0"/></net>

<net id="1283"><net_src comp="1110" pin="1"/><net_sink comp="1280" pin=0"/></net>

<net id="1287"><net_src comp="336" pin="3"/><net_sink comp="1284" pin=0"/></net>

<net id="1288"><net_src comp="1284" pin="1"/><net_sink comp="609" pin=0"/></net>

<net id="1292"><net_src comp="343" pin="3"/><net_sink comp="1289" pin=0"/></net>

<net id="1293"><net_src comp="1289" pin="1"/><net_sink comp="616" pin=0"/></net>

<net id="1297"><net_src comp="350" pin="3"/><net_sink comp="1294" pin=0"/></net>

<net id="1298"><net_src comp="1294" pin="1"/><net_sink comp="623" pin=0"/></net>

<net id="1302"><net_src comp="357" pin="3"/><net_sink comp="1299" pin=0"/></net>

<net id="1303"><net_src comp="1299" pin="1"/><net_sink comp="588" pin=0"/></net>

<net id="1307"><net_src comp="364" pin="3"/><net_sink comp="1304" pin=0"/></net>

<net id="1308"><net_src comp="1304" pin="1"/><net_sink comp="595" pin=0"/></net>

<net id="1312"><net_src comp="371" pin="3"/><net_sink comp="1309" pin=0"/></net>

<net id="1313"><net_src comp="1309" pin="1"/><net_sink comp="602" pin=0"/></net>

<net id="1317"><net_src comp="378" pin="3"/><net_sink comp="1314" pin=0"/></net>

<net id="1318"><net_src comp="1314" pin="1"/><net_sink comp="630" pin=0"/></net>

<net id="1322"><net_src comp="385" pin="3"/><net_sink comp="1319" pin=0"/></net>

<net id="1323"><net_src comp="1319" pin="1"/><net_sink comp="637" pin=0"/></net>

<net id="1327"><net_src comp="392" pin="3"/><net_sink comp="1324" pin=0"/></net>

<net id="1328"><net_src comp="1324" pin="1"/><net_sink comp="648" pin=0"/></net>

<net id="1332"><net_src comp="399" pin="3"/><net_sink comp="1329" pin=0"/></net>

<net id="1333"><net_src comp="1329" pin="1"/><net_sink comp="546" pin=0"/></net>

<net id="1337"><net_src comp="406" pin="3"/><net_sink comp="1334" pin=0"/></net>

<net id="1338"><net_src comp="1334" pin="1"/><net_sink comp="553" pin=0"/></net>

<net id="1342"><net_src comp="413" pin="3"/><net_sink comp="1339" pin=0"/></net>

<net id="1343"><net_src comp="1339" pin="1"/><net_sink comp="560" pin=0"/></net>

<net id="1347"><net_src comp="420" pin="3"/><net_sink comp="1344" pin=0"/></net>

<net id="1348"><net_src comp="1344" pin="1"/><net_sink comp="525" pin=0"/></net>

<net id="1352"><net_src comp="427" pin="3"/><net_sink comp="1349" pin=0"/></net>

<net id="1353"><net_src comp="1349" pin="1"/><net_sink comp="532" pin=0"/></net>

<net id="1357"><net_src comp="434" pin="3"/><net_sink comp="1354" pin=0"/></net>

<net id="1358"><net_src comp="1354" pin="1"/><net_sink comp="539" pin=0"/></net>

<net id="1362"><net_src comp="441" pin="3"/><net_sink comp="1359" pin=0"/></net>

<net id="1363"><net_src comp="1359" pin="1"/><net_sink comp="567" pin=0"/></net>

<net id="1367"><net_src comp="448" pin="3"/><net_sink comp="1364" pin=0"/></net>

<net id="1368"><net_src comp="1364" pin="1"/><net_sink comp="574" pin=0"/></net>

<net id="1372"><net_src comp="455" pin="3"/><net_sink comp="1369" pin=0"/></net>

<net id="1373"><net_src comp="1369" pin="1"/><net_sink comp="581" pin=0"/></net>

<net id="1377"><net_src comp="462" pin="3"/><net_sink comp="1374" pin=0"/></net>

<net id="1378"><net_src comp="1374" pin="1"/><net_sink comp="676" pin=0"/></net>

<net id="1382"><net_src comp="469" pin="3"/><net_sink comp="1379" pin=0"/></net>

<net id="1383"><net_src comp="1379" pin="1"/><net_sink comp="683" pin=0"/></net>

<net id="1387"><net_src comp="476" pin="3"/><net_sink comp="1384" pin=0"/></net>

<net id="1388"><net_src comp="1384" pin="1"/><net_sink comp="690" pin=0"/></net>

<net id="1392"><net_src comp="483" pin="3"/><net_sink comp="1389" pin=0"/></net>

<net id="1393"><net_src comp="1389" pin="1"/><net_sink comp="655" pin=0"/></net>

<net id="1397"><net_src comp="490" pin="3"/><net_sink comp="1394" pin=0"/></net>

<net id="1398"><net_src comp="1394" pin="1"/><net_sink comp="662" pin=0"/></net>

<net id="1402"><net_src comp="497" pin="3"/><net_sink comp="1399" pin=0"/></net>

<net id="1403"><net_src comp="1399" pin="1"/><net_sink comp="669" pin=0"/></net>

<net id="1407"><net_src comp="504" pin="3"/><net_sink comp="1404" pin=0"/></net>

<net id="1408"><net_src comp="1404" pin="1"/><net_sink comp="697" pin=0"/></net>

<net id="1412"><net_src comp="511" pin="3"/><net_sink comp="1409" pin=0"/></net>

<net id="1413"><net_src comp="1409" pin="1"/><net_sink comp="704" pin=0"/></net>

<net id="1417"><net_src comp="518" pin="3"/><net_sink comp="1414" pin=0"/></net>

<net id="1418"><net_src comp="1414" pin="1"/><net_sink comp="711" pin=0"/></net>

<net id="1422"><net_src comp="281" pin="2"/><net_sink comp="1419" pin=0"/></net>

<net id="1423"><net_src comp="1419" pin="1"/><net_sink comp="525" pin=1"/></net>

<net id="1424"><net_src comp="1419" pin="1"/><net_sink comp="546" pin=1"/></net>

<net id="1425"><net_src comp="1419" pin="1"/><net_sink comp="567" pin=1"/></net>

<net id="1426"><net_src comp="1419" pin="1"/><net_sink comp="588" pin=1"/></net>

<net id="1427"><net_src comp="1419" pin="1"/><net_sink comp="609" pin=1"/></net>

<net id="1428"><net_src comp="1419" pin="1"/><net_sink comp="630" pin=1"/></net>

<net id="1429"><net_src comp="1419" pin="1"/><net_sink comp="655" pin=1"/></net>

<net id="1430"><net_src comp="1419" pin="1"/><net_sink comp="676" pin=1"/></net>

<net id="1431"><net_src comp="1419" pin="1"/><net_sink comp="697" pin=1"/></net>

<net id="1435"><net_src comp="291" pin="2"/><net_sink comp="1432" pin=0"/></net>

<net id="1436"><net_src comp="1432" pin="1"/><net_sink comp="539" pin=1"/></net>

<net id="1440"><net_src comp="296" pin="2"/><net_sink comp="1437" pin=0"/></net>

<net id="1441"><net_src comp="1437" pin="1"/><net_sink comp="560" pin=1"/></net>

<net id="1445"><net_src comp="301" pin="2"/><net_sink comp="1442" pin=0"/></net>

<net id="1446"><net_src comp="1442" pin="1"/><net_sink comp="581" pin=1"/></net>

<net id="1450"><net_src comp="306" pin="2"/><net_sink comp="1447" pin=0"/></net>

<net id="1451"><net_src comp="1447" pin="1"/><net_sink comp="602" pin=1"/></net>

<net id="1455"><net_src comp="311" pin="2"/><net_sink comp="1452" pin=0"/></net>

<net id="1456"><net_src comp="1452" pin="1"/><net_sink comp="623" pin=1"/></net>

<net id="1460"><net_src comp="316" pin="2"/><net_sink comp="1457" pin=0"/></net>

<net id="1461"><net_src comp="1457" pin="1"/><net_sink comp="648" pin=1"/></net>

<net id="1465"><net_src comp="321" pin="2"/><net_sink comp="1462" pin=0"/></net>

<net id="1466"><net_src comp="1462" pin="1"/><net_sink comp="669" pin=1"/></net>

<net id="1470"><net_src comp="326" pin="2"/><net_sink comp="1467" pin=0"/></net>

<net id="1471"><net_src comp="1467" pin="1"/><net_sink comp="690" pin=1"/></net>

<net id="1475"><net_src comp="331" pin="2"/><net_sink comp="1472" pin=0"/></net>

<net id="1476"><net_src comp="1472" pin="1"/><net_sink comp="711" pin=1"/></net>

</net_list>

</model> 
---------------- Datapath Model END ------------------

* FSMD analyzer results:
  - Output states:
	Port: tile_in | {12 20 }
	Port: tile_in_431 | {12 29 }
	Port: tile_in_432 | {12 30 }
	Port: tile_in_433 | {12 20 }
	Port: tile_in_434 | {12 27 }
	Port: tile_in_435 | {12 28 }
	Port: tile_in_436 | {12 20 }
	Port: tile_in_437 | {12 31 }
	Port: tile_in_438 | {12 32 }
	Port: tile_in_439 | {12 20 }
	Port: tile_in_440 | {12 23 }
	Port: tile_in_441 | {12 24 }
	Port: tile_in_442 | {12 20 }
	Port: tile_in_443 | {12 21 }
	Port: tile_in_444 | {12 22 }
	Port: tile_in_445 | {12 20 }
	Port: tile_in_446 | {12 25 }
	Port: tile_in_447 | {12 26 }
	Port: tile_in_448 | {12 20 }
	Port: tile_in_449 | {12 35 }
	Port: tile_in_450 | {12 36 }
	Port: tile_in_451 | {12 20 }
	Port: tile_in_452 | {12 33 }
	Port: tile_in_453 | {12 34 }
	Port: tile_in_454 | {12 20 }
	Port: tile_in_455 | {12 37 }
	Port: tile_in_456 | {12 38 }
 - Input state : 
	Port: conv_layer_Pipeline_VITIS_LOOP_40_3_VITIS_LOOP_41_4 : gmem | {7 8 9 10 11 12 13 14 15 16 17 18 19 20 21 22 23 24 25 26 27 28 29 30 31 32 33 34 35 36 37 }
	Port: conv_layer_Pipeline_VITIS_LOOP_40_3_VITIS_LOOP_41_4 : input_r | {1 }
	Port: conv_layer_Pipeline_VITIS_LOOP_40_3_VITIS_LOOP_41_4 : ty | {1 }
	Port: conv_layer_Pipeline_VITIS_LOOP_40_3_VITIS_LOOP_41_4 : sext_ln36_6 | {1 }
	Port: conv_layer_Pipeline_VITIS_LOOP_40_3_VITIS_LOOP_41_4 : sext_ln36_5 | {1 }
	Port: conv_layer_Pipeline_VITIS_LOOP_40_3_VITIS_LOOP_41_4 : tx | {1 }
  - Chain level:
	State 1
		store_ln0 : 1
		store_ln40 : 1
		store_ln41 : 1
		indvar_flatten_load : 1
		icmp_ln40 : 2
		add_ln40_1 : 2
		br_ln40 : 3
		x_load : 1
		y_load : 1
		add_ln40 : 2
		icmp_ln41 : 2
		select_ln40 : 3
		select_ln40_1 : 3
		store_ln40 : 3
		store_ln40 : 4
	State 2
		mul_ln40 : 1
		tmp : 2
		empty : 1
		p_cast : 2
		empty_35 : 3
		tmp_13 : 4
		cmp22 : 3
		add_ln45 : 1
		zext_ln45 : 2
		add_ln45_1 : 3
		tmp_15 : 4
		cmp24 : 3
		tmp1 : 5
		tmp2 : 5
		thr_or32 : 5
		br_ln49 : 5
		store_ln41 : 1
	State 3
		empty_36 : 1
	State 4
		zext_ln51 : 1
		sub_ln51 : 2
		mul_ln41 : 1
		tmp_14 : 2
		zext_ln51_1 : 3
		add_ln51_1 : 4
	State 5
		mul_ln51 : 1
		empty_38 : 1
		empty_39 : 2
		empty_40 : 2
	State 6
		gmem_addr : 1
		add_ln51_3 : 1
		add_ln51_5 : 1
		gmem_addr_16 : 2
	State 7
	State 8
	State 9
	State 10
		trunc_ln40 : 1
		switch_ln51 : 2
		switch_ln53 : 2
	State 11
		trunc_ln41 : 1
		switch_ln51 : 2
		switch_ln51 : 2
		switch_ln51 : 2
		switch_ln53 : 2
		switch_ln53 : 2
		switch_ln53 : 2
	State 12
		tile_in_addr : 1
		tile_in_431_addr : 1
		tile_in_432_addr : 1
		tile_in_433_addr : 1
		tile_in_434_addr : 1
		tile_in_435_addr : 1
		tile_in_436_addr : 1
		tile_in_437_addr : 1
		tile_in_438_addr : 1
		tile_in_439_addr : 1
		tile_in_440_addr : 1
		tile_in_441_addr : 1
		tile_in_442_addr : 1
		tile_in_443_addr : 1
		tile_in_444_addr : 1
		tile_in_445_addr : 1
		tile_in_446_addr : 1
		tile_in_447_addr : 1
		tile_in_448_addr : 1
		tile_in_449_addr : 1
		tile_in_450_addr : 1
		tile_in_451_addr : 1
		tile_in_452_addr : 1
		tile_in_453_addr : 1
		tile_in_454_addr : 1
		tile_in_455_addr : 1
		tile_in_456_addr : 1
		store_ln53 : 2
		store_ln53 : 2
		store_ln53 : 2
		store_ln53 : 2
		store_ln53 : 2
		store_ln53 : 2
		store_ln53 : 2
		store_ln53 : 2
		store_ln53 : 2
		store_ln53 : 2
		store_ln53 : 2
		store_ln53 : 2
		store_ln53 : 2
		store_ln53 : 2
		store_ln53 : 2
		store_ln53 : 2
		store_ln53 : 2
		store_ln53 : 2
		store_ln53 : 2
		store_ln53 : 2
		store_ln53 : 2
		store_ln53 : 2
		store_ln53 : 2
		store_ln53 : 2
		store_ln53 : 2
		store_ln53 : 2
		store_ln53 : 2
	State 13
		gmem_load_432_req : 1
		gmem_load_430_req : 1
		gmem_load_428_req : 1
		gmem_load_426_req : 1
		gmem_load_424_req : 1
		gmem_load_422_req : 1
		gmem_load_420_req : 1
		gmem_load_418_req : 1
		gmem_load_416_req : 1
	State 14
	State 15
	State 16
	State 17
	State 18
	State 19
	State 20
	State 21
	State 22
	State 23
	State 24
	State 25
	State 26
	State 27
	State 28
	State 29
	State 30
	State 31
	State 32
	State 33
	State 34
	State 35
	State 36
	State 37
	State 38


============================================================
+ Verbose Summary: Datapath Resource usage 
============================================================

* Functional unit list:
|----------|-------------------------------|---------|---------|---------|
| Operation|        Functional Unit        |   DSP   |    FF   |   LUT   |
|----------|-------------------------------|---------|---------|---------|
|          |       add_ln40_1_fu_811       |    0    |    0    |    16   |
|          |        add_ln40_fu_823        |    0    |    0    |    13   |
|          |          empty_fu_888         |    0    |    0    |    38   |
|          |        empty_35_fu_897        |    0    |    0    |    39   |
|          |        add_ln45_fu_919        |    0    |    0    |    38   |
|          |       add_ln45_1_fu_928       |    0    |    0    |    39   |
|    add   |        add_ln41_fu_965        |    0    |    0    |    13   |
|          |       add_ln51_1_fu_1031      |    0    |    0    |    7    |
|          |        empty_38_fu_1052       |    0    |    0    |    70   |
|          |        add_ln51_fu_1070       |    0    |    0    |    71   |
|          |       add_ln51_2_fu_1080      |    0    |    0    |    64   |
|          |       add_ln51_3_fu_1085      |    0    |    0    |    64   |
|          |       add_ln51_4_fu_1090      |    0    |    0    |    64   |
|          |       add_ln51_5_fu_1095      |    0    |    0    |    64   |
|----------|-------------------------------|---------|---------|---------|
|          |           grp_fu_718          |    4    |   169   |    52   |
|    mul   |        mul_ln40_fu_867        |    0    |    0    |    33   |
|          |        mul_ln41_fu_1011       |    0    |    0    |    33   |
|          |        mul_ln51_fu_1043       |    0    |    0    |    33   |
|----------|-------------------------------|---------|---------|---------|
|   urem   |           grp_fu_883          |    0    |    99   |    55   |
|          |           grp_fu_979          |    0    |    99   |    55   |
|----------|-------------------------------|---------|---------|---------|
|          |        icmp_ln40_fu_805       |    0    |    0    |    16   |
|   icmp   |        icmp_ln41_fu_829       |    0    |    0    |    13   |
|          |          cmp22_fu_911         |    0    |    0    |    39   |
|          |          cmp24_fu_942         |    0    |    0    |    39   |
|----------|-------------------------------|---------|---------|---------|
|    sub   |        sub_ln51_fu_1002       |    0    |    0    |    7    |
|          |        empty_40_fu_1064       |    0    |    0    |    71   |
|----------|-------------------------------|---------|---------|---------|
|  select  |       select_ln40_fu_835      |    0    |    0    |    5    |
|          |      select_ln40_1_fu_843     |    0    |    0    |    5    |
|----------|-------------------------------|---------|---------|---------|
|          |          tmp1_fu_947          |    0    |    0    |    2    |
|    or    |          tmp2_fu_953          |    0    |    0    |    2    |
|          |        thr_or32_fu_959        |    0    |    0    |    2    |
|----------|-------------------------------|---------|---------|---------|
|          |      tx_read_read_fu_174      |    0    |    0    |    0    |
|          |  sext_ln36_5_read_read_fu_180 |    0    |    0    |    0    |
|          |  sext_ln36_6_read_read_fu_186 |    0    |    0    |    0    |
|          |      ty_read_read_fu_192      |    0    |    0    |    0    |
|          |     input_read_read_fu_198    |    0    |    0    |    0    |
|          |   gmem_addr_read_read_fu_281  |    0    |    0    |    0    |
|          |        grp_read_fu_286        |    0    |    0    |    0    |
|   read   | gmem_addr_25_read_read_fu_291 |    0    |    0    |    0    |
|          | gmem_addr_24_read_read_fu_296 |    0    |    0    |    0    |
|          | gmem_addr_23_read_read_fu_301 |    0    |    0    |    0    |
|          | gmem_addr_22_read_read_fu_306 |    0    |    0    |    0    |
|          | gmem_addr_21_read_read_fu_311 |    0    |    0    |    0    |
|          | gmem_addr_20_read_read_fu_316 |    0    |    0    |    0    |
|          | gmem_addr_19_read_read_fu_321 |    0    |    0    |    0    |
|          | gmem_addr_18_read_read_fu_326 |    0    |    0    |    0    |
|          | gmem_addr_17_read_read_fu_331 |    0    |    0    |    0    |
|----------|-------------------------------|---------|---------|---------|
|          |       grp_readreq_fu_204      |    0    |    0    |    0    |
|          |       grp_readreq_fu_211      |    0    |    0    |    0    |
|          |       grp_readreq_fu_218      |    0    |    0    |    0    |
|          |       grp_readreq_fu_225      |    0    |    0    |    0    |
|          |       grp_readreq_fu_232      |    0    |    0    |    0    |
|  readreq |       grp_readreq_fu_239      |    0    |    0    |    0    |
|          |       grp_readreq_fu_246      |    0    |    0    |    0    |
|          |       grp_readreq_fu_253      |    0    |    0    |    0    |
|          |       grp_readreq_fu_260      |    0    |    0    |    0    |
|          |       grp_readreq_fu_267      |    0    |    0    |    0    |
|          |       grp_readreq_fu_274      |    0    |    0    |    0    |
|----------|-------------------------------|---------|---------|---------|
|          |         tx_cast_fu_771        |    0    |    0    |    0    |
|          |    sext_ln36_6_cast_fu_779    |    0    |    0    |    0    |
|          |         ty_cast_fu_783        |    0    |    0    |    0    |
|          |        zext_ln40_fu_861       |    0    |    0    |    0    |
|          |       zext_ln40_1_fu_864      |    0    |    0    |    0    |
|          |         p_cast_fu_893         |    0    |    0    |    0    |
|   zext   |        zext_ln41_fu_916       |    0    |    0    |    0    |
|          |        zext_ln45_fu_924       |    0    |    0    |    0    |
|          |        zext_ln51_fu_998       |    0    |    0    |    0    |
|          |      zext_ln41_1_fu_1008      |    0    |    0    |    0    |
|          |      zext_ln51_1_fu_1027      |    0    |    0    |    0    |
|          |      zext_ln51_2_fu_1040      |    0    |    0    |    0    |
|          |      zext_ln51_3_fu_1114      |    0    |    0    |    0    |
|----------|-------------------------------|---------|---------|---------|
|          |    sext_ln36_5_cast_fu_775    |    0    |    0    |    0    |
|   sext   |        p_cast31_fu_975        |    0    |    0    |    0    |
|          |        p_cast36_fu_1037       |    0    |    0    |    0    |
|          |    add_ln45_3_cast_fu_1049    |    0    |    0    |    0    |
|----------|-------------------------------|---------|---------|---------|
|partselect|           tmp_fu_873          |    0    |    0    |    0    |
|          |         tmp_14_fu_1017        |    0    |    0    |    0    |
|----------|-------------------------------|---------|---------|---------|
| bitselect|         tmp_13_fu_903         |    0    |    0    |    0    |
|          |         tmp_15_fu_934         |    0    |    0    |    0    |
|----------|-------------------------------|---------|---------|---------|
|bitconcatenate|          p_shl_fu_984         |    0    |    0    |    0    |
|          |         tmp_12_fu_991         |    0    |    0    |    0    |
|----------|-------------------------------|---------|---------|---------|
|    shl   |        empty_39_fu_1058       |    0    |    0    |    0    |
|----------|-------------------------------|---------|---------|---------|
|   trunc  |       trunc_ln40_fu_1106      |    0    |    0    |    0    |
|          |       trunc_ln41_fu_1110      |    0    |    0    |    0    |
|----------|-------------------------------|---------|---------|---------|
|   Total  |                               |    4    |   367   |   1062  |
|----------|-------------------------------|---------|---------|---------|

Memories:
N/A

* Register list:
+--------------------------+--------+
|                          |   FF   |
+--------------------------+--------+
|    add_ln45_1_reg_1223   |   33   |
|    add_ln51_1_reg_1242   |    7   |
|    add_ln51_5_reg_1265   |   64   |
|     empty_35_reg_1218    |   33   |
|     empty_36_reg_1237    |   63   |
|     empty_40_reg_1252    |   64   |
|   gmem_addr_16_reg_1270  |    8   |
|gmem_addr_17_read_reg_1472|    8   |
|gmem_addr_18_read_reg_1467|    8   |
|gmem_addr_19_read_reg_1462|    8   |
|gmem_addr_20_read_reg_1457|    8   |
|gmem_addr_21_read_reg_1452|    8   |
|gmem_addr_22_read_reg_1447|    8   |
|gmem_addr_23_read_reg_1442|    8   |
|gmem_addr_24_read_reg_1437|    8   |
|gmem_addr_25_read_reg_1432|    8   |
|  gmem_addr_read_reg_1419 |    8   |
|    gmem_addr_reg_1259    |    8   |
|    icmp_ln40_reg_1193    |    1   |
|  indvar_flatten_reg_1158 |    9   |
|    input_read_reg_1165   |   64   |
|     mul_ln51_reg_1247    |   11   |
|     p_cast31_reg_1232    |   63   |
|          reg_736         |    8   |
|          reg_758         |    8   |
|  select_ln40_1_reg_1205  |    5   |
|   select_ln40_reg_1197   |    5   |
| sext_ln36_5_cast_reg_1177|   63   |
| sext_ln36_6_cast_reg_1182|   33   |
|     thr_or32_reg_1228    |    1   |
| tile_in_431_addr_reg_1289|    9   |
| tile_in_432_addr_reg_1294|    9   |
| tile_in_433_addr_reg_1299|    9   |
| tile_in_434_addr_reg_1304|    9   |
| tile_in_435_addr_reg_1309|    9   |
| tile_in_436_addr_reg_1314|    9   |
| tile_in_437_addr_reg_1319|    9   |
| tile_in_438_addr_reg_1324|    9   |
| tile_in_439_addr_reg_1329|    9   |
| tile_in_440_addr_reg_1334|    9   |
| tile_in_441_addr_reg_1339|    9   |
| tile_in_442_addr_reg_1344|    9   |
| tile_in_443_addr_reg_1349|    9   |
| tile_in_444_addr_reg_1354|    9   |
| tile_in_445_addr_reg_1359|    9   |
| tile_in_446_addr_reg_1364|    9   |
| tile_in_447_addr_reg_1369|    9   |
| tile_in_448_addr_reg_1374|    9   |
| tile_in_449_addr_reg_1379|    9   |
| tile_in_450_addr_reg_1384|    9   |
| tile_in_451_addr_reg_1389|    9   |
| tile_in_452_addr_reg_1394|    9   |
| tile_in_453_addr_reg_1399|    9   |
| tile_in_454_addr_reg_1404|    9   |
| tile_in_455_addr_reg_1409|    9   |
| tile_in_456_addr_reg_1414|    9   |
|   tile_in_addr_reg_1284  |    9   |
|       tmp_reg_1212       |    4   |
|    trunc_ln40_reg_1276   |    2   |
|    trunc_ln41_reg_1280   |    2   |
|     tx_cast_reg_1172     |   32   |
|     ty_cast_reg_1188     |   32   |
|        x_reg_1144        |    5   |
|        y_reg_1151        |    5   |
+--------------------------+--------+
|           Total          |   956  |
+--------------------------+--------+

* Multiplexer (MUX) list: 
|--------------------|------|------|------|--------||---------||---------||---------|
|        Comp        |  Pin | Size |  BW  | S x BW ||  Delay  ||    FF   ||   LUT   |
|--------------------|------|------|------|--------||---------||---------||---------|
| grp_readreq_fu_218 |  p1  |   2  |   8  |   16   ||    0    ||    9    |
| grp_readreq_fu_225 |  p1  |   2  |   8  |   16   ||    0    ||    9    |
| grp_readreq_fu_232 |  p1  |   2  |   8  |   16   ||    0    ||    9    |
| grp_readreq_fu_239 |  p1  |   2  |   8  |   16   ||    0    ||    9    |
| grp_readreq_fu_246 |  p1  |   2  |   8  |   16   ||    0    ||    9    |
| grp_readreq_fu_253 |  p1  |   2  |   8  |   16   ||    0    ||    9    |
| grp_readreq_fu_260 |  p1  |   2  |   8  |   16   ||    0    ||    9    |
| grp_readreq_fu_267 |  p1  |   2  |   8  |   16   ||    0    ||    9    |
| grp_readreq_fu_274 |  p1  |   2  |   8  |   16   ||    0    ||    9    |
|  grp_access_fu_525 |  p0  |   2  |   9  |   18   ||    0    ||    9    |
|  grp_access_fu_525 |  p1  |   2  |   8  |   16   ||    0    ||    9    |
|  grp_access_fu_532 |  p0  |   2  |   9  |   18   ||    0    ||    9    |
|  grp_access_fu_532 |  p1  |   2  |   8  |   16   ||    0    ||    9    |
|  grp_access_fu_539 |  p0  |   2  |   9  |   18   ||    0    ||    9    |
|  grp_access_fu_539 |  p1  |   2  |   8  |   16   ||    0    ||    9    |
|  grp_access_fu_546 |  p0  |   2  |   9  |   18   ||    0    ||    9    |
|  grp_access_fu_546 |  p1  |   2  |   8  |   16   ||    0    ||    9    |
|  grp_access_fu_553 |  p0  |   2  |   9  |   18   ||    0    ||    9    |
|  grp_access_fu_553 |  p1  |   2  |   8  |   16   ||    0    ||    9    |
|  grp_access_fu_560 |  p0  |   2  |   9  |   18   ||    0    ||    9    |
|  grp_access_fu_560 |  p1  |   2  |   8  |   16   ||    0    ||    9    |
|  grp_access_fu_567 |  p0  |   2  |   9  |   18   ||    0    ||    9    |
|  grp_access_fu_567 |  p1  |   2  |   8  |   16   ||    0    ||    9    |
|  grp_access_fu_574 |  p0  |   2  |   9  |   18   ||    0    ||    9    |
|  grp_access_fu_574 |  p1  |   2  |   8  |   16   ||    0    ||    9    |
|  grp_access_fu_581 |  p0  |   2  |   9  |   18   ||    0    ||    9    |
|  grp_access_fu_581 |  p1  |   2  |   8  |   16   ||    0    ||    9    |
|  grp_access_fu_588 |  p0  |   2  |   9  |   18   ||    0    ||    9    |
|  grp_access_fu_588 |  p1  |   2  |   8  |   16   ||    0    ||    9    |
|  grp_access_fu_595 |  p0  |   2  |   9  |   18   ||    0    ||    9    |
|  grp_access_fu_595 |  p1  |   2  |   8  |   16   ||    0    ||    9    |
|  grp_access_fu_602 |  p0  |   2  |   9  |   18   ||    0    ||    9    |
|  grp_access_fu_602 |  p1  |   2  |   8  |   16   ||    0    ||    9    |
|  grp_access_fu_609 |  p0  |   2  |   9  |   18   ||    0    ||    9    |
|  grp_access_fu_609 |  p1  |   2  |   8  |   16   ||    0    ||    9    |
|  grp_access_fu_616 |  p0  |   2  |   9  |   18   ||    0    ||    9    |
|  grp_access_fu_616 |  p1  |   2  |   8  |   16   ||    0    ||    9    |
|  grp_access_fu_623 |  p0  |   2  |   9  |   18   ||    0    ||    9    |
|  grp_access_fu_623 |  p1  |   2  |   8  |   16   ||    0    ||    9    |
|  grp_access_fu_630 |  p0  |   2  |   9  |   18   ||    0    ||    9    |
|  grp_access_fu_630 |  p1  |   2  |   8  |   16   ||    0    ||    9    |
|  grp_access_fu_648 |  p0  |   2  |   9  |   18   ||    0    ||    9    |
|  grp_access_fu_648 |  p1  |   2  |   8  |   16   ||    0    ||    9    |
|  grp_access_fu_655 |  p0  |   2  |   9  |   18   ||    0    ||    9    |
|  grp_access_fu_655 |  p1  |   2  |   8  |   16   ||    0    ||    9    |
|  grp_access_fu_662 |  p0  |   2  |   9  |   18   ||    0    ||    9    |
|  grp_access_fu_662 |  p1  |   2  |   8  |   16   ||    0    ||    9    |
|  grp_access_fu_669 |  p0  |   2  |   9  |   18   ||    0    ||    9    |
|  grp_access_fu_669 |  p1  |   2  |   8  |   16   ||    0    ||    9    |
|  grp_access_fu_676 |  p0  |   2  |   9  |   18   ||    0    ||    9    |
|  grp_access_fu_676 |  p1  |   2  |   8  |   16   ||    0    ||    9    |
|  grp_access_fu_683 |  p0  |   2  |   9  |   18   ||    0    ||    9    |
|  grp_access_fu_683 |  p1  |   2  |   8  |   16   ||    0    ||    9    |
|  grp_access_fu_690 |  p0  |   2  |   9  |   18   ||    0    ||    9    |
|  grp_access_fu_690 |  p1  |   2  |   8  |   16   ||    0    ||    9    |
|  grp_access_fu_697 |  p0  |   2  |   9  |   18   ||    0    ||    9    |
|  grp_access_fu_697 |  p1  |   2  |   8  |   16   ||    0    ||    9    |
|  grp_access_fu_704 |  p0  |   2  |   9  |   18   ||    0    ||    9    |
|  grp_access_fu_704 |  p1  |   2  |   8  |   16   ||    0    ||    9    |
|  grp_access_fu_711 |  p0  |   2  |   9  |   18   ||    0    ||    9    |
|  grp_access_fu_711 |  p1  |   2  |   8  |   16   ||    0    ||    9    |
|     grp_fu_718     |  p0  |   2  |  33  |   66   ||    0    ||    9    |
|--------------------|------|------|------|--------||---------||---------||---------|
|        Total       |      |      |      |  1094  ||  99.82  ||    0    ||   558   |
|--------------------|------|------|------|--------||---------||---------||---------|



* Summary:
+-----------+--------+--------+--------+--------+
|           |   DSP  |  Delay |   FF   |   LUT  |
+-----------+--------+--------+--------+--------+
|  Function |    4   |    -   |   367  |  1062  |
|   Memory  |    -   |    -   |    -   |    -   |
|Multiplexer|    -   |   99   |    0   |   558  |
|  Register |    -   |    -   |   956  |    -   |
+-----------+--------+--------+--------+--------+
|   Total   |    4   |   99   |  1323  |  1620  |
+-----------+--------+--------+--------+--------+
