

================================================================
== Vitis HLS Report for 'conv_layer_1'
================================================================
* Date:           Wed Apr 29 12:17:24 2026

* Version:        2024.2 (Build 5238294 on Nov  8 2024)
* Project:        cnn_accel
* Solution:       solution1 (Vivado IP Flow Target)
* Product family: artix7
* Target device:  xc7a200t-sbg484-1


================================================================
== Performance Estimates
================================================================
+ Timing: 
    * Summary: 
    +--------+----------+----------+------------+
    |  Clock |  Target  | Estimated| Uncertainty|
    +--------+----------+----------+------------+
    |ap_clk  |  10.00 ns|  7.528 ns|     2.70 ns|
    +--------+----------+----------+------------+

+ Latency: 
    * Summary: 
    +---------+---------+----------+----------+-----+-----+---------+
    |  Latency (cycles) |  Latency (absolute) |  Interval | Pipeline|
    |   min   |   max   |    min   |    max   | min | max |   Type  |
    +---------+---------+----------+----------+-----+-----+---------+
    |        ?|        ?|         ?|         ?|    ?|    ?|       no|
    +---------+---------+----------+----------+-----+-----+---------+

    + Detail: 
        * Instance: 
        N/A

        * Loop: 
        +----------------------+---------+---------+----------+-----------+-----------+------+----------+
        |                      |  Latency (cycles) | Iteration|  Initiation Interval  | Trip |          |
        |       Loop Name      |   min   |   max   |  Latency |  achieved |   target  | Count| Pipelined|
        +----------------------+---------+---------+----------+-----------+-----------+------+----------+
        |- VITIS_LOOP_37_1     |        ?|        ?|         ?|          -|          -|     4|        no|
        | + VITIS_LOOP_39_2    |        ?|        ?|         ?|          -|          -|     ?|        no|
        |  ++ VITIS_LOOP_40_3  |        ?|        ?|     48218|          -|          -|     ?|        no|
        +----------------------+---------+---------+----------+-----------+-----------+------+----------+

============================================================
+ Verbose Summary: Synthesis Manager
============================================================
InlineROM: 1
ExposeGlobal: 0
============================================================
+ Verbose Summary: CDFG Model
============================================================
IsTopModel: 0
ResetActiveHigh: 1
IsCombinational: 0
IsDatapathOnly: 0
HasWiredReturn: 1
HasMFsm: 0
HasVarLatency: 1
IsPipeline: 0
IsRtlPipelined: 0
IsInstanceOverlapped: 0
IsDontTouch: 0
HasImplIP: 0
IsGatedGlobalClock: 0


============================================================
+ Verbose Summary: Schedule
============================================================
* Number of FSM states : 9
* Pipeline : 0
* Dataflow Pipeline: 0

* FSM state transitions: 
1 --> 2 
2 --> 3 
3 --> 4 2 
4 --> 5 3 
5 --> 6 
6 --> 7 
7 --> 8 
8 --> 9 
9 --> 4 

* FSM state operations: 

State 1 <SV = 0> <Delay = 1.61>
ST_1 : Operation 10 [1/1] (0.00ns)   --->   "%oc_base = alloca i32 1" [cnn_accel.cpp:37]   --->   Operation 10 'alloca' 'oc_base' <Predicate = true> <Delay = 0.00>
ST_1 : Operation 11 [1/1] (0.00ns)   --->   "%specinterface_ln0 = specinterface void @_ssdm_op_SpecInterface, i8 %gmem, void @empty_15, i32 0, i32 0, void @empty_5, i32 0, i32 0, void @empty_4, void @empty_3, void @empty_5, i32 16, i32 16, i32 16, i32 16, void @empty_5, void @empty_5, i32 4294967295, i32 0, i32 0"   --->   Operation 11 'specinterface' 'specinterface_ln0' <Predicate = true> <Delay = 0.00>
ST_1 : Operation 12 [1/1] (0.00ns)   --->   "%H_read = read i32 @_ssdm_op_Read.ap_auto.i32, i32 %H"   --->   Operation 12 'read' 'H_read' <Predicate = true> <Delay = 0.00>
ST_1 : Operation 13 [1/1] (0.00ns)   --->   "%input_read = read i64 @_ssdm_op_Read.ap_auto.i64, i64 %input_r"   --->   Operation 13 'read' 'input_read' <Predicate = true> <Delay = 0.00>
ST_1 : Operation 14 [1/1] (0.00ns)   --->   "%tile_in = alloca i64 1" [cnn_accel.cpp:31]   --->   Operation 14 'alloca' 'tile_in' <Predicate = true> <Delay = 0.00> <CoreInst = "RAM_T2P_BRAM">   --->   Core 93 'RAM_T2P_BRAM' <Latency = 1> <II = 1> <Delay = 3.25> <Storage> <Opcode : 'load' 'store'> <Ports = 2> <Width = 8> <Depth = 36> <RAM>
ST_1 : Operation 15 [1/1] (0.00ns)   --->   "%tile_in_288 = alloca i64 1" [cnn_accel.cpp:31]   --->   Operation 15 'alloca' 'tile_in_288' <Predicate = true> <Delay = 0.00> <CoreInst = "RAM_T2P_BRAM">   --->   Core 93 'RAM_T2P_BRAM' <Latency = 1> <II = 1> <Delay = 3.25> <Storage> <Opcode : 'load' 'store'> <Ports = 2> <Width = 8> <Depth = 36> <RAM>
ST_1 : Operation 16 [1/1] (0.00ns)   --->   "%tile_in_289 = alloca i64 1" [cnn_accel.cpp:31]   --->   Operation 16 'alloca' 'tile_in_289' <Predicate = true> <Delay = 0.00> <CoreInst = "RAM_T2P_BRAM">   --->   Core 93 'RAM_T2P_BRAM' <Latency = 1> <II = 1> <Delay = 3.25> <Storage> <Opcode : 'load' 'store'> <Ports = 2> <Width = 8> <Depth = 36> <RAM>
ST_1 : Operation 17 [1/1] (0.00ns)   --->   "%tile_in_290 = alloca i64 1" [cnn_accel.cpp:31]   --->   Operation 17 'alloca' 'tile_in_290' <Predicate = true> <Delay = 0.00> <CoreInst = "RAM_T2P_BRAM">   --->   Core 93 'RAM_T2P_BRAM' <Latency = 1> <II = 1> <Delay = 3.25> <Storage> <Opcode : 'load' 'store'> <Ports = 2> <Width = 8> <Depth = 36> <RAM>
ST_1 : Operation 18 [1/1] (0.00ns)   --->   "%tile_in_291 = alloca i64 1" [cnn_accel.cpp:31]   --->   Operation 18 'alloca' 'tile_in_291' <Predicate = true> <Delay = 0.00> <CoreInst = "RAM_T2P_BRAM">   --->   Core 93 'RAM_T2P_BRAM' <Latency = 1> <II = 1> <Delay = 3.25> <Storage> <Opcode : 'load' 'store'> <Ports = 2> <Width = 8> <Depth = 36> <RAM>
ST_1 : Operation 19 [1/1] (0.00ns)   --->   "%tile_in_292 = alloca i64 1" [cnn_accel.cpp:31]   --->   Operation 19 'alloca' 'tile_in_292' <Predicate = true> <Delay = 0.00> <CoreInst = "RAM_T2P_BRAM">   --->   Core 93 'RAM_T2P_BRAM' <Latency = 1> <II = 1> <Delay = 3.25> <Storage> <Opcode : 'load' 'store'> <Ports = 2> <Width = 8> <Depth = 36> <RAM>
ST_1 : Operation 20 [1/1] (0.00ns)   --->   "%tile_in_293 = alloca i64 1" [cnn_accel.cpp:31]   --->   Operation 20 'alloca' 'tile_in_293' <Predicate = true> <Delay = 0.00> <CoreInst = "RAM_T2P_BRAM">   --->   Core 93 'RAM_T2P_BRAM' <Latency = 1> <II = 1> <Delay = 3.25> <Storage> <Opcode : 'load' 'store'> <Ports = 2> <Width = 8> <Depth = 36> <RAM>
ST_1 : Operation 21 [1/1] (0.00ns)   --->   "%tile_in_294 = alloca i64 1" [cnn_accel.cpp:31]   --->   Operation 21 'alloca' 'tile_in_294' <Predicate = true> <Delay = 0.00> <CoreInst = "RAM_T2P_BRAM">   --->   Core 93 'RAM_T2P_BRAM' <Latency = 1> <II = 1> <Delay = 3.25> <Storage> <Opcode : 'load' 'store'> <Ports = 2> <Width = 8> <Depth = 36> <RAM>
ST_1 : Operation 22 [1/1] (0.00ns)   --->   "%tile_in_295 = alloca i64 1" [cnn_accel.cpp:31]   --->   Operation 22 'alloca' 'tile_in_295' <Predicate = true> <Delay = 0.00> <CoreInst = "RAM_T2P_BRAM">   --->   Core 93 'RAM_T2P_BRAM' <Latency = 1> <II = 1> <Delay = 3.25> <Storage> <Opcode : 'load' 'store'> <Ports = 2> <Width = 8> <Depth = 36> <RAM>
ST_1 : Operation 23 [1/1] (0.00ns)   --->   "%tile_in_296 = alloca i64 1" [cnn_accel.cpp:31]   --->   Operation 23 'alloca' 'tile_in_296' <Predicate = true> <Delay = 0.00> <CoreInst = "RAM_T2P_BRAM">   --->   Core 93 'RAM_T2P_BRAM' <Latency = 1> <II = 1> <Delay = 3.25> <Storage> <Opcode : 'load' 'store'> <Ports = 2> <Width = 8> <Depth = 36> <RAM>
ST_1 : Operation 24 [1/1] (0.00ns)   --->   "%tile_in_297 = alloca i64 1" [cnn_accel.cpp:31]   --->   Operation 24 'alloca' 'tile_in_297' <Predicate = true> <Delay = 0.00> <CoreInst = "RAM_T2P_BRAM">   --->   Core 93 'RAM_T2P_BRAM' <Latency = 1> <II = 1> <Delay = 3.25> <Storage> <Opcode : 'load' 'store'> <Ports = 2> <Width = 8> <Depth = 36> <RAM>
ST_1 : Operation 25 [1/1] (0.00ns)   --->   "%tile_in_298 = alloca i64 1" [cnn_accel.cpp:31]   --->   Operation 25 'alloca' 'tile_in_298' <Predicate = true> <Delay = 0.00> <CoreInst = "RAM_T2P_BRAM">   --->   Core 93 'RAM_T2P_BRAM' <Latency = 1> <II = 1> <Delay = 3.25> <Storage> <Opcode : 'load' 'store'> <Ports = 2> <Width = 8> <Depth = 36> <RAM>
ST_1 : Operation 26 [1/1] (0.00ns)   --->   "%tile_in_299 = alloca i64 1" [cnn_accel.cpp:31]   --->   Operation 26 'alloca' 'tile_in_299' <Predicate = true> <Delay = 0.00> <CoreInst = "RAM_T2P_BRAM">   --->   Core 93 'RAM_T2P_BRAM' <Latency = 1> <II = 1> <Delay = 3.25> <Storage> <Opcode : 'load' 'store'> <Ports = 2> <Width = 8> <Depth = 36> <RAM>
ST_1 : Operation 27 [1/1] (0.00ns)   --->   "%tile_in_300 = alloca i64 1" [cnn_accel.cpp:31]   --->   Operation 27 'alloca' 'tile_in_300' <Predicate = true> <Delay = 0.00> <CoreInst = "RAM_T2P_BRAM">   --->   Core 93 'RAM_T2P_BRAM' <Latency = 1> <II = 1> <Delay = 3.25> <Storage> <Opcode : 'load' 'store'> <Ports = 2> <Width = 8> <Depth = 36> <RAM>
ST_1 : Operation 28 [1/1] (0.00ns)   --->   "%tile_in_301 = alloca i64 1" [cnn_accel.cpp:31]   --->   Operation 28 'alloca' 'tile_in_301' <Predicate = true> <Delay = 0.00> <CoreInst = "RAM_T2P_BRAM">   --->   Core 93 'RAM_T2P_BRAM' <Latency = 1> <II = 1> <Delay = 3.25> <Storage> <Opcode : 'load' 'store'> <Ports = 2> <Width = 8> <Depth = 36> <RAM>
ST_1 : Operation 29 [1/1] (0.00ns)   --->   "%tile_in_302 = alloca i64 1" [cnn_accel.cpp:31]   --->   Operation 29 'alloca' 'tile_in_302' <Predicate = true> <Delay = 0.00> <CoreInst = "RAM_T2P_BRAM">   --->   Core 93 'RAM_T2P_BRAM' <Latency = 1> <II = 1> <Delay = 3.25> <Storage> <Opcode : 'load' 'store'> <Ports = 2> <Width = 8> <Depth = 36> <RAM>
ST_1 : Operation 30 [1/1] (0.00ns)   --->   "%tile_in_303 = alloca i64 1" [cnn_accel.cpp:31]   --->   Operation 30 'alloca' 'tile_in_303' <Predicate = true> <Delay = 0.00> <CoreInst = "RAM_T2P_BRAM">   --->   Core 93 'RAM_T2P_BRAM' <Latency = 1> <II = 1> <Delay = 3.25> <Storage> <Opcode : 'load' 'store'> <Ports = 2> <Width = 8> <Depth = 36> <RAM>
ST_1 : Operation 31 [1/1] (0.00ns)   --->   "%tile_in_304 = alloca i64 1" [cnn_accel.cpp:31]   --->   Operation 31 'alloca' 'tile_in_304' <Predicate = true> <Delay = 0.00> <CoreInst = "RAM_T2P_BRAM">   --->   Core 93 'RAM_T2P_BRAM' <Latency = 1> <II = 1> <Delay = 3.25> <Storage> <Opcode : 'load' 'store'> <Ports = 2> <Width = 8> <Depth = 36> <RAM>
ST_1 : Operation 32 [1/1] (0.00ns)   --->   "%tile_in_305 = alloca i64 1" [cnn_accel.cpp:31]   --->   Operation 32 'alloca' 'tile_in_305' <Predicate = true> <Delay = 0.00> <CoreInst = "RAM_T2P_BRAM">   --->   Core 93 'RAM_T2P_BRAM' <Latency = 1> <II = 1> <Delay = 3.25> <Storage> <Opcode : 'load' 'store'> <Ports = 2> <Width = 8> <Depth = 36> <RAM>
ST_1 : Operation 33 [1/1] (0.00ns)   --->   "%tile_in_306 = alloca i64 1" [cnn_accel.cpp:31]   --->   Operation 33 'alloca' 'tile_in_306' <Predicate = true> <Delay = 0.00> <CoreInst = "RAM_T2P_BRAM">   --->   Core 93 'RAM_T2P_BRAM' <Latency = 1> <II = 1> <Delay = 3.25> <Storage> <Opcode : 'load' 'store'> <Ports = 2> <Width = 8> <Depth = 36> <RAM>
ST_1 : Operation 34 [1/1] (0.00ns)   --->   "%tile_in_307 = alloca i64 1" [cnn_accel.cpp:31]   --->   Operation 34 'alloca' 'tile_in_307' <Predicate = true> <Delay = 0.00> <CoreInst = "RAM_T2P_BRAM">   --->   Core 93 'RAM_T2P_BRAM' <Latency = 1> <II = 1> <Delay = 3.25> <Storage> <Opcode : 'load' 'store'> <Ports = 2> <Width = 8> <Depth = 36> <RAM>
ST_1 : Operation 35 [1/1] (0.00ns)   --->   "%tile_in_308 = alloca i64 1" [cnn_accel.cpp:31]   --->   Operation 35 'alloca' 'tile_in_308' <Predicate = true> <Delay = 0.00> <CoreInst = "RAM_T2P_BRAM">   --->   Core 93 'RAM_T2P_BRAM' <Latency = 1> <II = 1> <Delay = 3.25> <Storage> <Opcode : 'load' 'store'> <Ports = 2> <Width = 8> <Depth = 36> <RAM>
ST_1 : Operation 36 [1/1] (0.00ns)   --->   "%tile_in_309 = alloca i64 1" [cnn_accel.cpp:31]   --->   Operation 36 'alloca' 'tile_in_309' <Predicate = true> <Delay = 0.00> <CoreInst = "RAM_T2P_BRAM">   --->   Core 93 'RAM_T2P_BRAM' <Latency = 1> <II = 1> <Delay = 3.25> <Storage> <Opcode : 'load' 'store'> <Ports = 2> <Width = 8> <Depth = 36> <RAM>
ST_1 : Operation 37 [1/1] (0.00ns)   --->   "%tile_in_310 = alloca i64 1" [cnn_accel.cpp:31]   --->   Operation 37 'alloca' 'tile_in_310' <Predicate = true> <Delay = 0.00> <CoreInst = "RAM_T2P_BRAM">   --->   Core 93 'RAM_T2P_BRAM' <Latency = 1> <II = 1> <Delay = 3.25> <Storage> <Opcode : 'load' 'store'> <Ports = 2> <Width = 8> <Depth = 36> <RAM>
ST_1 : Operation 38 [1/1] (0.00ns)   --->   "%tile_in_311 = alloca i64 1" [cnn_accel.cpp:31]   --->   Operation 38 'alloca' 'tile_in_311' <Predicate = true> <Delay = 0.00> <CoreInst = "RAM_T2P_BRAM">   --->   Core 93 'RAM_T2P_BRAM' <Latency = 1> <II = 1> <Delay = 3.25> <Storage> <Opcode : 'load' 'store'> <Ports = 2> <Width = 8> <Depth = 36> <RAM>
ST_1 : Operation 39 [1/1] (0.00ns)   --->   "%tile_in_312 = alloca i64 1" [cnn_accel.cpp:31]   --->   Operation 39 'alloca' 'tile_in_312' <Predicate = true> <Delay = 0.00> <CoreInst = "RAM_T2P_BRAM">   --->   Core 93 'RAM_T2P_BRAM' <Latency = 1> <II = 1> <Delay = 3.25> <Storage> <Opcode : 'load' 'store'> <Ports = 2> <Width = 8> <Depth = 36> <RAM>
ST_1 : Operation 40 [1/1] (0.00ns)   --->   "%tile_in_313 = alloca i64 1" [cnn_accel.cpp:31]   --->   Operation 40 'alloca' 'tile_in_313' <Predicate = true> <Delay = 0.00> <CoreInst = "RAM_T2P_BRAM">   --->   Core 93 'RAM_T2P_BRAM' <Latency = 1> <II = 1> <Delay = 3.25> <Storage> <Opcode : 'load' 'store'> <Ports = 2> <Width = 8> <Depth = 36> <RAM>
ST_1 : Operation 41 [1/1] (0.00ns)   --->   "%tile_in_314 = alloca i64 1" [cnn_accel.cpp:31]   --->   Operation 41 'alloca' 'tile_in_314' <Predicate = true> <Delay = 0.00> <CoreInst = "RAM_T2P_BRAM">   --->   Core 93 'RAM_T2P_BRAM' <Latency = 1> <II = 1> <Delay = 3.25> <Storage> <Opcode : 'load' 'store'> <Ports = 2> <Width = 8> <Depth = 36> <RAM>
ST_1 : Operation 42 [1/1] (0.00ns)   --->   "%tile_in_315 = alloca i64 1" [cnn_accel.cpp:31]   --->   Operation 42 'alloca' 'tile_in_315' <Predicate = true> <Delay = 0.00> <CoreInst = "RAM_T2P_BRAM">   --->   Core 93 'RAM_T2P_BRAM' <Latency = 1> <II = 1> <Delay = 3.25> <Storage> <Opcode : 'load' 'store'> <Ports = 2> <Width = 8> <Depth = 36> <RAM>
ST_1 : Operation 43 [1/1] (0.00ns)   --->   "%tile_in_316 = alloca i64 1" [cnn_accel.cpp:31]   --->   Operation 43 'alloca' 'tile_in_316' <Predicate = true> <Delay = 0.00> <CoreInst = "RAM_T2P_BRAM">   --->   Core 93 'RAM_T2P_BRAM' <Latency = 1> <II = 1> <Delay = 3.25> <Storage> <Opcode : 'load' 'store'> <Ports = 2> <Width = 8> <Depth = 36> <RAM>
ST_1 : Operation 44 [1/1] (0.00ns)   --->   "%tile_in_317 = alloca i64 1" [cnn_accel.cpp:31]   --->   Operation 44 'alloca' 'tile_in_317' <Predicate = true> <Delay = 0.00> <CoreInst = "RAM_T2P_BRAM">   --->   Core 93 'RAM_T2P_BRAM' <Latency = 1> <II = 1> <Delay = 3.25> <Storage> <Opcode : 'load' 'store'> <Ports = 2> <Width = 8> <Depth = 36> <RAM>
ST_1 : Operation 45 [1/1] (0.00ns)   --->   "%tile_in_318 = alloca i64 1" [cnn_accel.cpp:31]   --->   Operation 45 'alloca' 'tile_in_318' <Predicate = true> <Delay = 0.00> <CoreInst = "RAM_T2P_BRAM">   --->   Core 93 'RAM_T2P_BRAM' <Latency = 1> <II = 1> <Delay = 3.25> <Storage> <Opcode : 'load' 'store'> <Ports = 2> <Width = 8> <Depth = 36> <RAM>
ST_1 : Operation 46 [1/1] (0.00ns)   --->   "%tile_in_319 = alloca i64 1" [cnn_accel.cpp:31]   --->   Operation 46 'alloca' 'tile_in_319' <Predicate = true> <Delay = 0.00> <CoreInst = "RAM_T2P_BRAM">   --->   Core 93 'RAM_T2P_BRAM' <Latency = 1> <II = 1> <Delay = 3.25> <Storage> <Opcode : 'load' 'store'> <Ports = 2> <Width = 8> <Depth = 36> <RAM>
ST_1 : Operation 47 [1/1] (0.00ns)   --->   "%tile_in_320 = alloca i64 1" [cnn_accel.cpp:31]   --->   Operation 47 'alloca' 'tile_in_320' <Predicate = true> <Delay = 0.00> <CoreInst = "RAM_T2P_BRAM">   --->   Core 93 'RAM_T2P_BRAM' <Latency = 1> <II = 1> <Delay = 3.25> <Storage> <Opcode : 'load' 'store'> <Ports = 2> <Width = 8> <Depth = 36> <RAM>
ST_1 : Operation 48 [1/1] (0.00ns)   --->   "%tile_in_321 = alloca i64 1" [cnn_accel.cpp:31]   --->   Operation 48 'alloca' 'tile_in_321' <Predicate = true> <Delay = 0.00> <CoreInst = "RAM_T2P_BRAM">   --->   Core 93 'RAM_T2P_BRAM' <Latency = 1> <II = 1> <Delay = 3.25> <Storage> <Opcode : 'load' 'store'> <Ports = 2> <Width = 8> <Depth = 36> <RAM>
ST_1 : Operation 49 [1/1] (0.00ns)   --->   "%tile_in_322 = alloca i64 1" [cnn_accel.cpp:31]   --->   Operation 49 'alloca' 'tile_in_322' <Predicate = true> <Delay = 0.00> <CoreInst = "RAM_T2P_BRAM">   --->   Core 93 'RAM_T2P_BRAM' <Latency = 1> <II = 1> <Delay = 3.25> <Storage> <Opcode : 'load' 'store'> <Ports = 2> <Width = 8> <Depth = 36> <RAM>
ST_1 : Operation 50 [1/1] (0.00ns)   --->   "%tile_in_323 = alloca i64 1" [cnn_accel.cpp:31]   --->   Operation 50 'alloca' 'tile_in_323' <Predicate = true> <Delay = 0.00> <CoreInst = "RAM_T2P_BRAM">   --->   Core 93 'RAM_T2P_BRAM' <Latency = 1> <II = 1> <Delay = 3.25> <Storage> <Opcode : 'load' 'store'> <Ports = 2> <Width = 8> <Depth = 36> <RAM>
ST_1 : Operation 51 [1/1] (0.00ns)   --->   "%tile_in_324 = alloca i64 1" [cnn_accel.cpp:31]   --->   Operation 51 'alloca' 'tile_in_324' <Predicate = true> <Delay = 0.00> <CoreInst = "RAM_T2P_BRAM">   --->   Core 93 'RAM_T2P_BRAM' <Latency = 1> <II = 1> <Delay = 3.25> <Storage> <Opcode : 'load' 'store'> <Ports = 2> <Width = 8> <Depth = 36> <RAM>
ST_1 : Operation 52 [1/1] (0.00ns)   --->   "%tile_in_325 = alloca i64 1" [cnn_accel.cpp:31]   --->   Operation 52 'alloca' 'tile_in_325' <Predicate = true> <Delay = 0.00> <CoreInst = "RAM_T2P_BRAM">   --->   Core 93 'RAM_T2P_BRAM' <Latency = 1> <II = 1> <Delay = 3.25> <Storage> <Opcode : 'load' 'store'> <Ports = 2> <Width = 8> <Depth = 36> <RAM>
ST_1 : Operation 53 [1/1] (0.00ns)   --->   "%tile_in_326 = alloca i64 1" [cnn_accel.cpp:31]   --->   Operation 53 'alloca' 'tile_in_326' <Predicate = true> <Delay = 0.00> <CoreInst = "RAM_T2P_BRAM">   --->   Core 93 'RAM_T2P_BRAM' <Latency = 1> <II = 1> <Delay = 3.25> <Storage> <Opcode : 'load' 'store'> <Ports = 2> <Width = 8> <Depth = 36> <RAM>
ST_1 : Operation 54 [1/1] (0.00ns)   --->   "%tile_in_327 = alloca i64 1" [cnn_accel.cpp:31]   --->   Operation 54 'alloca' 'tile_in_327' <Predicate = true> <Delay = 0.00> <CoreInst = "RAM_T2P_BRAM">   --->   Core 93 'RAM_T2P_BRAM' <Latency = 1> <II = 1> <Delay = 3.25> <Storage> <Opcode : 'load' 'store'> <Ports = 2> <Width = 8> <Depth = 36> <RAM>
ST_1 : Operation 55 [1/1] (0.00ns)   --->   "%tile_in_328 = alloca i64 1" [cnn_accel.cpp:31]   --->   Operation 55 'alloca' 'tile_in_328' <Predicate = true> <Delay = 0.00> <CoreInst = "RAM_T2P_BRAM">   --->   Core 93 'RAM_T2P_BRAM' <Latency = 1> <II = 1> <Delay = 3.25> <Storage> <Opcode : 'load' 'store'> <Ports = 2> <Width = 8> <Depth = 36> <RAM>
ST_1 : Operation 56 [1/1] (0.00ns)   --->   "%tile_in_329 = alloca i64 1" [cnn_accel.cpp:31]   --->   Operation 56 'alloca' 'tile_in_329' <Predicate = true> <Delay = 0.00> <CoreInst = "RAM_T2P_BRAM">   --->   Core 93 'RAM_T2P_BRAM' <Latency = 1> <II = 1> <Delay = 3.25> <Storage> <Opcode : 'load' 'store'> <Ports = 2> <Width = 8> <Depth = 36> <RAM>
ST_1 : Operation 57 [1/1] (0.00ns)   --->   "%tile_in_330 = alloca i64 1" [cnn_accel.cpp:31]   --->   Operation 57 'alloca' 'tile_in_330' <Predicate = true> <Delay = 0.00> <CoreInst = "RAM_T2P_BRAM">   --->   Core 93 'RAM_T2P_BRAM' <Latency = 1> <II = 1> <Delay = 3.25> <Storage> <Opcode : 'load' 'store'> <Ports = 2> <Width = 8> <Depth = 36> <RAM>
ST_1 : Operation 58 [1/1] (0.00ns)   --->   "%tile_in_331 = alloca i64 1" [cnn_accel.cpp:31]   --->   Operation 58 'alloca' 'tile_in_331' <Predicate = true> <Delay = 0.00> <CoreInst = "RAM_T2P_BRAM">   --->   Core 93 'RAM_T2P_BRAM' <Latency = 1> <II = 1> <Delay = 3.25> <Storage> <Opcode : 'load' 'store'> <Ports = 2> <Width = 8> <Depth = 36> <RAM>
ST_1 : Operation 59 [1/1] (0.00ns)   --->   "%tile_in_332 = alloca i64 1" [cnn_accel.cpp:31]   --->   Operation 59 'alloca' 'tile_in_332' <Predicate = true> <Delay = 0.00> <CoreInst = "RAM_T2P_BRAM">   --->   Core 93 'RAM_T2P_BRAM' <Latency = 1> <II = 1> <Delay = 3.25> <Storage> <Opcode : 'load' 'store'> <Ports = 2> <Width = 8> <Depth = 36> <RAM>
ST_1 : Operation 60 [1/1] (0.00ns)   --->   "%tile_in_333 = alloca i64 1" [cnn_accel.cpp:31]   --->   Operation 60 'alloca' 'tile_in_333' <Predicate = true> <Delay = 0.00> <CoreInst = "RAM_T2P_BRAM">   --->   Core 93 'RAM_T2P_BRAM' <Latency = 1> <II = 1> <Delay = 3.25> <Storage> <Opcode : 'load' 'store'> <Ports = 2> <Width = 8> <Depth = 36> <RAM>
ST_1 : Operation 61 [1/1] (0.00ns)   --->   "%tile_in_334 = alloca i64 1" [cnn_accel.cpp:31]   --->   Operation 61 'alloca' 'tile_in_334' <Predicate = true> <Delay = 0.00> <CoreInst = "RAM_T2P_BRAM">   --->   Core 93 'RAM_T2P_BRAM' <Latency = 1> <II = 1> <Delay = 3.25> <Storage> <Opcode : 'load' 'store'> <Ports = 2> <Width = 8> <Depth = 36> <RAM>
ST_1 : Operation 62 [1/1] (0.00ns)   --->   "%tile_in_335 = alloca i64 1" [cnn_accel.cpp:31]   --->   Operation 62 'alloca' 'tile_in_335' <Predicate = true> <Delay = 0.00> <CoreInst = "RAM_T2P_BRAM">   --->   Core 93 'RAM_T2P_BRAM' <Latency = 1> <II = 1> <Delay = 3.25> <Storage> <Opcode : 'load' 'store'> <Ports = 2> <Width = 8> <Depth = 36> <RAM>
ST_1 : Operation 63 [1/1] (0.00ns)   --->   "%tile_in_336 = alloca i64 1" [cnn_accel.cpp:31]   --->   Operation 63 'alloca' 'tile_in_336' <Predicate = true> <Delay = 0.00> <CoreInst = "RAM_T2P_BRAM">   --->   Core 93 'RAM_T2P_BRAM' <Latency = 1> <II = 1> <Delay = 3.25> <Storage> <Opcode : 'load' 'store'> <Ports = 2> <Width = 8> <Depth = 36> <RAM>
ST_1 : Operation 64 [1/1] (0.00ns)   --->   "%tile_in_337 = alloca i64 1" [cnn_accel.cpp:31]   --->   Operation 64 'alloca' 'tile_in_337' <Predicate = true> <Delay = 0.00> <CoreInst = "RAM_T2P_BRAM">   --->   Core 93 'RAM_T2P_BRAM' <Latency = 1> <II = 1> <Delay = 3.25> <Storage> <Opcode : 'load' 'store'> <Ports = 2> <Width = 8> <Depth = 36> <RAM>
ST_1 : Operation 65 [1/1] (0.00ns)   --->   "%tile_in_338 = alloca i64 1" [cnn_accel.cpp:31]   --->   Operation 65 'alloca' 'tile_in_338' <Predicate = true> <Delay = 0.00> <CoreInst = "RAM_T2P_BRAM">   --->   Core 93 'RAM_T2P_BRAM' <Latency = 1> <II = 1> <Delay = 3.25> <Storage> <Opcode : 'load' 'store'> <Ports = 2> <Width = 8> <Depth = 36> <RAM>
ST_1 : Operation 66 [1/1] (0.00ns)   --->   "%tile_in_339 = alloca i64 1" [cnn_accel.cpp:31]   --->   Operation 66 'alloca' 'tile_in_339' <Predicate = true> <Delay = 0.00> <CoreInst = "RAM_T2P_BRAM">   --->   Core 93 'RAM_T2P_BRAM' <Latency = 1> <II = 1> <Delay = 3.25> <Storage> <Opcode : 'load' 'store'> <Ports = 2> <Width = 8> <Depth = 36> <RAM>
ST_1 : Operation 67 [1/1] (0.00ns)   --->   "%tile_in_340 = alloca i64 1" [cnn_accel.cpp:31]   --->   Operation 67 'alloca' 'tile_in_340' <Predicate = true> <Delay = 0.00> <CoreInst = "RAM_T2P_BRAM">   --->   Core 93 'RAM_T2P_BRAM' <Latency = 1> <II = 1> <Delay = 3.25> <Storage> <Opcode : 'load' 'store'> <Ports = 2> <Width = 8> <Depth = 36> <RAM>
ST_1 : Operation 68 [1/1] (0.00ns)   --->   "%tile_in_341 = alloca i64 1" [cnn_accel.cpp:31]   --->   Operation 68 'alloca' 'tile_in_341' <Predicate = true> <Delay = 0.00> <CoreInst = "RAM_T2P_BRAM">   --->   Core 93 'RAM_T2P_BRAM' <Latency = 1> <II = 1> <Delay = 3.25> <Storage> <Opcode : 'load' 'store'> <Ports = 2> <Width = 8> <Depth = 36> <RAM>
ST_1 : Operation 69 [1/1] (0.00ns)   --->   "%tile_in_342 = alloca i64 1" [cnn_accel.cpp:31]   --->   Operation 69 'alloca' 'tile_in_342' <Predicate = true> <Delay = 0.00> <CoreInst = "RAM_T2P_BRAM">   --->   Core 93 'RAM_T2P_BRAM' <Latency = 1> <II = 1> <Delay = 3.25> <Storage> <Opcode : 'load' 'store'> <Ports = 2> <Width = 8> <Depth = 36> <RAM>
ST_1 : Operation 70 [1/1] (0.00ns)   --->   "%tile_in_343 = alloca i64 1" [cnn_accel.cpp:31]   --->   Operation 70 'alloca' 'tile_in_343' <Predicate = true> <Delay = 0.00> <CoreInst = "RAM_T2P_BRAM">   --->   Core 93 'RAM_T2P_BRAM' <Latency = 1> <II = 1> <Delay = 3.25> <Storage> <Opcode : 'load' 'store'> <Ports = 2> <Width = 8> <Depth = 36> <RAM>
ST_1 : Operation 71 [1/1] (0.00ns)   --->   "%tile_in_344 = alloca i64 1" [cnn_accel.cpp:31]   --->   Operation 71 'alloca' 'tile_in_344' <Predicate = true> <Delay = 0.00> <CoreInst = "RAM_T2P_BRAM">   --->   Core 93 'RAM_T2P_BRAM' <Latency = 1> <II = 1> <Delay = 3.25> <Storage> <Opcode : 'load' 'store'> <Ports = 2> <Width = 8> <Depth = 36> <RAM>
ST_1 : Operation 72 [1/1] (0.00ns)   --->   "%tile_in_345 = alloca i64 1" [cnn_accel.cpp:31]   --->   Operation 72 'alloca' 'tile_in_345' <Predicate = true> <Delay = 0.00> <CoreInst = "RAM_T2P_BRAM">   --->   Core 93 'RAM_T2P_BRAM' <Latency = 1> <II = 1> <Delay = 3.25> <Storage> <Opcode : 'load' 'store'> <Ports = 2> <Width = 8> <Depth = 36> <RAM>
ST_1 : Operation 73 [1/1] (0.00ns)   --->   "%tile_in_346 = alloca i64 1" [cnn_accel.cpp:31]   --->   Operation 73 'alloca' 'tile_in_346' <Predicate = true> <Delay = 0.00> <CoreInst = "RAM_T2P_BRAM">   --->   Core 93 'RAM_T2P_BRAM' <Latency = 1> <II = 1> <Delay = 3.25> <Storage> <Opcode : 'load' 'store'> <Ports = 2> <Width = 8> <Depth = 36> <RAM>
ST_1 : Operation 74 [1/1] (0.00ns)   --->   "%tile_in_347 = alloca i64 1" [cnn_accel.cpp:31]   --->   Operation 74 'alloca' 'tile_in_347' <Predicate = true> <Delay = 0.00> <CoreInst = "RAM_T2P_BRAM">   --->   Core 93 'RAM_T2P_BRAM' <Latency = 1> <II = 1> <Delay = 3.25> <Storage> <Opcode : 'load' 'store'> <Ports = 2> <Width = 8> <Depth = 36> <RAM>
ST_1 : Operation 75 [1/1] (0.00ns)   --->   "%tile_in_348 = alloca i64 1" [cnn_accel.cpp:31]   --->   Operation 75 'alloca' 'tile_in_348' <Predicate = true> <Delay = 0.00> <CoreInst = "RAM_T2P_BRAM">   --->   Core 93 'RAM_T2P_BRAM' <Latency = 1> <II = 1> <Delay = 3.25> <Storage> <Opcode : 'load' 'store'> <Ports = 2> <Width = 8> <Depth = 36> <RAM>
ST_1 : Operation 76 [1/1] (0.00ns)   --->   "%tile_in_349 = alloca i64 1" [cnn_accel.cpp:31]   --->   Operation 76 'alloca' 'tile_in_349' <Predicate = true> <Delay = 0.00> <CoreInst = "RAM_T2P_BRAM">   --->   Core 93 'RAM_T2P_BRAM' <Latency = 1> <II = 1> <Delay = 3.25> <Storage> <Opcode : 'load' 'store'> <Ports = 2> <Width = 8> <Depth = 36> <RAM>
ST_1 : Operation 77 [1/1] (0.00ns)   --->   "%tile_in_350 = alloca i64 1" [cnn_accel.cpp:31]   --->   Operation 77 'alloca' 'tile_in_350' <Predicate = true> <Delay = 0.00> <CoreInst = "RAM_T2P_BRAM">   --->   Core 93 'RAM_T2P_BRAM' <Latency = 1> <II = 1> <Delay = 3.25> <Storage> <Opcode : 'load' 'store'> <Ports = 2> <Width = 8> <Depth = 36> <RAM>
ST_1 : Operation 78 [1/1] (0.00ns)   --->   "%tile_in_351 = alloca i64 1" [cnn_accel.cpp:31]   --->   Operation 78 'alloca' 'tile_in_351' <Predicate = true> <Delay = 0.00> <CoreInst = "RAM_T2P_BRAM">   --->   Core 93 'RAM_T2P_BRAM' <Latency = 1> <II = 1> <Delay = 3.25> <Storage> <Opcode : 'load' 'store'> <Ports = 2> <Width = 8> <Depth = 36> <RAM>
ST_1 : Operation 79 [1/1] (0.00ns)   --->   "%tile_in_352 = alloca i64 1" [cnn_accel.cpp:31]   --->   Operation 79 'alloca' 'tile_in_352' <Predicate = true> <Delay = 0.00> <CoreInst = "RAM_T2P_BRAM">   --->   Core 93 'RAM_T2P_BRAM' <Latency = 1> <II = 1> <Delay = 3.25> <Storage> <Opcode : 'load' 'store'> <Ports = 2> <Width = 8> <Depth = 36> <RAM>
ST_1 : Operation 80 [1/1] (0.00ns)   --->   "%tile_in_353 = alloca i64 1" [cnn_accel.cpp:31]   --->   Operation 80 'alloca' 'tile_in_353' <Predicate = true> <Delay = 0.00> <CoreInst = "RAM_T2P_BRAM">   --->   Core 93 'RAM_T2P_BRAM' <Latency = 1> <II = 1> <Delay = 3.25> <Storage> <Opcode : 'load' 'store'> <Ports = 2> <Width = 8> <Depth = 36> <RAM>
ST_1 : Operation 81 [1/1] (0.00ns)   --->   "%tile_in_354 = alloca i64 1" [cnn_accel.cpp:31]   --->   Operation 81 'alloca' 'tile_in_354' <Predicate = true> <Delay = 0.00> <CoreInst = "RAM_T2P_BRAM">   --->   Core 93 'RAM_T2P_BRAM' <Latency = 1> <II = 1> <Delay = 3.25> <Storage> <Opcode : 'load' 'store'> <Ports = 2> <Width = 8> <Depth = 36> <RAM>
ST_1 : Operation 82 [1/1] (0.00ns)   --->   "%tile_in_355 = alloca i64 1" [cnn_accel.cpp:31]   --->   Operation 82 'alloca' 'tile_in_355' <Predicate = true> <Delay = 0.00> <CoreInst = "RAM_T2P_BRAM">   --->   Core 93 'RAM_T2P_BRAM' <Latency = 1> <II = 1> <Delay = 3.25> <Storage> <Opcode : 'load' 'store'> <Ports = 2> <Width = 8> <Depth = 36> <RAM>
ST_1 : Operation 83 [1/1] (0.00ns)   --->   "%tile_in_356 = alloca i64 1" [cnn_accel.cpp:31]   --->   Operation 83 'alloca' 'tile_in_356' <Predicate = true> <Delay = 0.00> <CoreInst = "RAM_T2P_BRAM">   --->   Core 93 'RAM_T2P_BRAM' <Latency = 1> <II = 1> <Delay = 3.25> <Storage> <Opcode : 'load' 'store'> <Ports = 2> <Width = 8> <Depth = 36> <RAM>
ST_1 : Operation 84 [1/1] (0.00ns)   --->   "%tile_in_357 = alloca i64 1" [cnn_accel.cpp:31]   --->   Operation 84 'alloca' 'tile_in_357' <Predicate = true> <Delay = 0.00> <CoreInst = "RAM_T2P_BRAM">   --->   Core 93 'RAM_T2P_BRAM' <Latency = 1> <II = 1> <Delay = 3.25> <Storage> <Opcode : 'load' 'store'> <Ports = 2> <Width = 8> <Depth = 36> <RAM>
ST_1 : Operation 85 [1/1] (0.00ns)   --->   "%tile_in_358 = alloca i64 1" [cnn_accel.cpp:31]   --->   Operation 85 'alloca' 'tile_in_358' <Predicate = true> <Delay = 0.00> <CoreInst = "RAM_T2P_BRAM">   --->   Core 93 'RAM_T2P_BRAM' <Latency = 1> <II = 1> <Delay = 3.25> <Storage> <Opcode : 'load' 'store'> <Ports = 2> <Width = 8> <Depth = 36> <RAM>
ST_1 : Operation 86 [1/1] (0.00ns)   --->   "%tile_in_359 = alloca i64 1" [cnn_accel.cpp:31]   --->   Operation 86 'alloca' 'tile_in_359' <Predicate = true> <Delay = 0.00> <CoreInst = "RAM_T2P_BRAM">   --->   Core 93 'RAM_T2P_BRAM' <Latency = 1> <II = 1> <Delay = 3.25> <Storage> <Opcode : 'load' 'store'> <Ports = 2> <Width = 8> <Depth = 36> <RAM>
ST_1 : Operation 87 [1/1] (0.00ns)   --->   "%tile_in_360 = alloca i64 1" [cnn_accel.cpp:31]   --->   Operation 87 'alloca' 'tile_in_360' <Predicate = true> <Delay = 0.00> <CoreInst = "RAM_T2P_BRAM">   --->   Core 93 'RAM_T2P_BRAM' <Latency = 1> <II = 1> <Delay = 3.25> <Storage> <Opcode : 'load' 'store'> <Ports = 2> <Width = 8> <Depth = 36> <RAM>
ST_1 : Operation 88 [1/1] (0.00ns)   --->   "%tile_in_361 = alloca i64 1" [cnn_accel.cpp:31]   --->   Operation 88 'alloca' 'tile_in_361' <Predicate = true> <Delay = 0.00> <CoreInst = "RAM_T2P_BRAM">   --->   Core 93 'RAM_T2P_BRAM' <Latency = 1> <II = 1> <Delay = 3.25> <Storage> <Opcode : 'load' 'store'> <Ports = 2> <Width = 8> <Depth = 36> <RAM>
ST_1 : Operation 89 [1/1] (0.00ns)   --->   "%tile_in_362 = alloca i64 1" [cnn_accel.cpp:31]   --->   Operation 89 'alloca' 'tile_in_362' <Predicate = true> <Delay = 0.00> <CoreInst = "RAM_T2P_BRAM">   --->   Core 93 'RAM_T2P_BRAM' <Latency = 1> <II = 1> <Delay = 3.25> <Storage> <Opcode : 'load' 'store'> <Ports = 2> <Width = 8> <Depth = 36> <RAM>
ST_1 : Operation 90 [1/1] (0.00ns)   --->   "%tile_in_363 = alloca i64 1" [cnn_accel.cpp:31]   --->   Operation 90 'alloca' 'tile_in_363' <Predicate = true> <Delay = 0.00> <CoreInst = "RAM_T2P_BRAM">   --->   Core 93 'RAM_T2P_BRAM' <Latency = 1> <II = 1> <Delay = 3.25> <Storage> <Opcode : 'load' 'store'> <Ports = 2> <Width = 8> <Depth = 36> <RAM>
ST_1 : Operation 91 [1/1] (0.00ns)   --->   "%tile_in_364 = alloca i64 1" [cnn_accel.cpp:31]   --->   Operation 91 'alloca' 'tile_in_364' <Predicate = true> <Delay = 0.00> <CoreInst = "RAM_T2P_BRAM">   --->   Core 93 'RAM_T2P_BRAM' <Latency = 1> <II = 1> <Delay = 3.25> <Storage> <Opcode : 'load' 'store'> <Ports = 2> <Width = 8> <Depth = 36> <RAM>
ST_1 : Operation 92 [1/1] (0.00ns)   --->   "%tile_in_365 = alloca i64 1" [cnn_accel.cpp:31]   --->   Operation 92 'alloca' 'tile_in_365' <Predicate = true> <Delay = 0.00> <CoreInst = "RAM_T2P_BRAM">   --->   Core 93 'RAM_T2P_BRAM' <Latency = 1> <II = 1> <Delay = 3.25> <Storage> <Opcode : 'load' 'store'> <Ports = 2> <Width = 8> <Depth = 36> <RAM>
ST_1 : Operation 93 [1/1] (0.00ns)   --->   "%tile_in_366 = alloca i64 1" [cnn_accel.cpp:31]   --->   Operation 93 'alloca' 'tile_in_366' <Predicate = true> <Delay = 0.00> <CoreInst = "RAM_T2P_BRAM">   --->   Core 93 'RAM_T2P_BRAM' <Latency = 1> <II = 1> <Delay = 3.25> <Storage> <Opcode : 'load' 'store'> <Ports = 2> <Width = 8> <Depth = 36> <RAM>
ST_1 : Operation 94 [1/1] (0.00ns)   --->   "%tile_in_367 = alloca i64 1" [cnn_accel.cpp:31]   --->   Operation 94 'alloca' 'tile_in_367' <Predicate = true> <Delay = 0.00> <CoreInst = "RAM_T2P_BRAM">   --->   Core 93 'RAM_T2P_BRAM' <Latency = 1> <II = 1> <Delay = 3.25> <Storage> <Opcode : 'load' 'store'> <Ports = 2> <Width = 8> <Depth = 36> <RAM>
ST_1 : Operation 95 [1/1] (0.00ns)   --->   "%tile_in_368 = alloca i64 1" [cnn_accel.cpp:31]   --->   Operation 95 'alloca' 'tile_in_368' <Predicate = true> <Delay = 0.00> <CoreInst = "RAM_T2P_BRAM">   --->   Core 93 'RAM_T2P_BRAM' <Latency = 1> <II = 1> <Delay = 3.25> <Storage> <Opcode : 'load' 'store'> <Ports = 2> <Width = 8> <Depth = 36> <RAM>
ST_1 : Operation 96 [1/1] (0.00ns)   --->   "%tile_in_369 = alloca i64 1" [cnn_accel.cpp:31]   --->   Operation 96 'alloca' 'tile_in_369' <Predicate = true> <Delay = 0.00> <CoreInst = "RAM_T2P_BRAM">   --->   Core 93 'RAM_T2P_BRAM' <Latency = 1> <II = 1> <Delay = 3.25> <Storage> <Opcode : 'load' 'store'> <Ports = 2> <Width = 8> <Depth = 36> <RAM>
ST_1 : Operation 97 [1/1] (0.00ns)   --->   "%tile_in_370 = alloca i64 1" [cnn_accel.cpp:31]   --->   Operation 97 'alloca' 'tile_in_370' <Predicate = true> <Delay = 0.00> <CoreInst = "RAM_T2P_BRAM">   --->   Core 93 'RAM_T2P_BRAM' <Latency = 1> <II = 1> <Delay = 3.25> <Storage> <Opcode : 'load' 'store'> <Ports = 2> <Width = 8> <Depth = 36> <RAM>
ST_1 : Operation 98 [1/1] (0.00ns)   --->   "%tile_in_371 = alloca i64 1" [cnn_accel.cpp:31]   --->   Operation 98 'alloca' 'tile_in_371' <Predicate = true> <Delay = 0.00> <CoreInst = "RAM_T2P_BRAM">   --->   Core 93 'RAM_T2P_BRAM' <Latency = 1> <II = 1> <Delay = 3.25> <Storage> <Opcode : 'load' 'store'> <Ports = 2> <Width = 8> <Depth = 36> <RAM>
ST_1 : Operation 99 [1/1] (0.00ns)   --->   "%tile_in_372 = alloca i64 1" [cnn_accel.cpp:31]   --->   Operation 99 'alloca' 'tile_in_372' <Predicate = true> <Delay = 0.00> <CoreInst = "RAM_T2P_BRAM">   --->   Core 93 'RAM_T2P_BRAM' <Latency = 1> <II = 1> <Delay = 3.25> <Storage> <Opcode : 'load' 'store'> <Ports = 2> <Width = 8> <Depth = 36> <RAM>
ST_1 : Operation 100 [1/1] (0.00ns)   --->   "%tile_in_373 = alloca i64 1" [cnn_accel.cpp:31]   --->   Operation 100 'alloca' 'tile_in_373' <Predicate = true> <Delay = 0.00> <CoreInst = "RAM_T2P_BRAM">   --->   Core 93 'RAM_T2P_BRAM' <Latency = 1> <II = 1> <Delay = 3.25> <Storage> <Opcode : 'load' 'store'> <Ports = 2> <Width = 8> <Depth = 36> <RAM>
ST_1 : Operation 101 [1/1] (0.00ns)   --->   "%tile_in_374 = alloca i64 1" [cnn_accel.cpp:31]   --->   Operation 101 'alloca' 'tile_in_374' <Predicate = true> <Delay = 0.00> <CoreInst = "RAM_T2P_BRAM">   --->   Core 93 'RAM_T2P_BRAM' <Latency = 1> <II = 1> <Delay = 3.25> <Storage> <Opcode : 'load' 'store'> <Ports = 2> <Width = 8> <Depth = 36> <RAM>
ST_1 : Operation 102 [1/1] (0.00ns)   --->   "%tile_in_375 = alloca i64 1" [cnn_accel.cpp:31]   --->   Operation 102 'alloca' 'tile_in_375' <Predicate = true> <Delay = 0.00> <CoreInst = "RAM_T2P_BRAM">   --->   Core 93 'RAM_T2P_BRAM' <Latency = 1> <II = 1> <Delay = 3.25> <Storage> <Opcode : 'load' 'store'> <Ports = 2> <Width = 8> <Depth = 36> <RAM>
ST_1 : Operation 103 [1/1] (0.00ns)   --->   "%tile_in_376 = alloca i64 1" [cnn_accel.cpp:31]   --->   Operation 103 'alloca' 'tile_in_376' <Predicate = true> <Delay = 0.00> <CoreInst = "RAM_T2P_BRAM">   --->   Core 93 'RAM_T2P_BRAM' <Latency = 1> <II = 1> <Delay = 3.25> <Storage> <Opcode : 'load' 'store'> <Ports = 2> <Width = 8> <Depth = 36> <RAM>
ST_1 : Operation 104 [1/1] (0.00ns)   --->   "%tile_in_377 = alloca i64 1" [cnn_accel.cpp:31]   --->   Operation 104 'alloca' 'tile_in_377' <Predicate = true> <Delay = 0.00> <CoreInst = "RAM_T2P_BRAM">   --->   Core 93 'RAM_T2P_BRAM' <Latency = 1> <II = 1> <Delay = 3.25> <Storage> <Opcode : 'load' 'store'> <Ports = 2> <Width = 8> <Depth = 36> <RAM>
ST_1 : Operation 105 [1/1] (0.00ns)   --->   "%tile_in_378 = alloca i64 1" [cnn_accel.cpp:31]   --->   Operation 105 'alloca' 'tile_in_378' <Predicate = true> <Delay = 0.00> <CoreInst = "RAM_T2P_BRAM">   --->   Core 93 'RAM_T2P_BRAM' <Latency = 1> <II = 1> <Delay = 3.25> <Storage> <Opcode : 'load' 'store'> <Ports = 2> <Width = 8> <Depth = 36> <RAM>
ST_1 : Operation 106 [1/1] (0.00ns)   --->   "%tile_in_379 = alloca i64 1" [cnn_accel.cpp:31]   --->   Operation 106 'alloca' 'tile_in_379' <Predicate = true> <Delay = 0.00> <CoreInst = "RAM_T2P_BRAM">   --->   Core 93 'RAM_T2P_BRAM' <Latency = 1> <II = 1> <Delay = 3.25> <Storage> <Opcode : 'load' 'store'> <Ports = 2> <Width = 8> <Depth = 36> <RAM>
ST_1 : Operation 107 [1/1] (0.00ns)   --->   "%tile_in_380 = alloca i64 1" [cnn_accel.cpp:31]   --->   Operation 107 'alloca' 'tile_in_380' <Predicate = true> <Delay = 0.00> <CoreInst = "RAM_T2P_BRAM">   --->   Core 93 'RAM_T2P_BRAM' <Latency = 1> <II = 1> <Delay = 3.25> <Storage> <Opcode : 'load' 'store'> <Ports = 2> <Width = 8> <Depth = 36> <RAM>
ST_1 : Operation 108 [1/1] (0.00ns)   --->   "%tile_in_381 = alloca i64 1" [cnn_accel.cpp:31]   --->   Operation 108 'alloca' 'tile_in_381' <Predicate = true> <Delay = 0.00> <CoreInst = "RAM_T2P_BRAM">   --->   Core 93 'RAM_T2P_BRAM' <Latency = 1> <II = 1> <Delay = 3.25> <Storage> <Opcode : 'load' 'store'> <Ports = 2> <Width = 8> <Depth = 36> <RAM>
ST_1 : Operation 109 [1/1] (0.00ns)   --->   "%tile_in_382 = alloca i64 1" [cnn_accel.cpp:31]   --->   Operation 109 'alloca' 'tile_in_382' <Predicate = true> <Delay = 0.00> <CoreInst = "RAM_T2P_BRAM">   --->   Core 93 'RAM_T2P_BRAM' <Latency = 1> <II = 1> <Delay = 3.25> <Storage> <Opcode : 'load' 'store'> <Ports = 2> <Width = 8> <Depth = 36> <RAM>
ST_1 : Operation 110 [1/1] (0.00ns)   --->   "%tile_in_383 = alloca i64 1" [cnn_accel.cpp:31]   --->   Operation 110 'alloca' 'tile_in_383' <Predicate = true> <Delay = 0.00> <CoreInst = "RAM_T2P_BRAM">   --->   Core 93 'RAM_T2P_BRAM' <Latency = 1> <II = 1> <Delay = 3.25> <Storage> <Opcode : 'load' 'store'> <Ports = 2> <Width = 8> <Depth = 36> <RAM>
ST_1 : Operation 111 [1/1] (0.00ns)   --->   "%tile_in_384 = alloca i64 1" [cnn_accel.cpp:31]   --->   Operation 111 'alloca' 'tile_in_384' <Predicate = true> <Delay = 0.00> <CoreInst = "RAM_T2P_BRAM">   --->   Core 93 'RAM_T2P_BRAM' <Latency = 1> <II = 1> <Delay = 3.25> <Storage> <Opcode : 'load' 'store'> <Ports = 2> <Width = 8> <Depth = 36> <RAM>
ST_1 : Operation 112 [1/1] (0.00ns)   --->   "%tile_in_385 = alloca i64 1" [cnn_accel.cpp:31]   --->   Operation 112 'alloca' 'tile_in_385' <Predicate = true> <Delay = 0.00> <CoreInst = "RAM_T2P_BRAM">   --->   Core 93 'RAM_T2P_BRAM' <Latency = 1> <II = 1> <Delay = 3.25> <Storage> <Opcode : 'load' 'store'> <Ports = 2> <Width = 8> <Depth = 36> <RAM>
ST_1 : Operation 113 [1/1] (0.00ns)   --->   "%tile_in_386 = alloca i64 1" [cnn_accel.cpp:31]   --->   Operation 113 'alloca' 'tile_in_386' <Predicate = true> <Delay = 0.00> <CoreInst = "RAM_T2P_BRAM">   --->   Core 93 'RAM_T2P_BRAM' <Latency = 1> <II = 1> <Delay = 3.25> <Storage> <Opcode : 'load' 'store'> <Ports = 2> <Width = 8> <Depth = 36> <RAM>
ST_1 : Operation 114 [1/1] (0.00ns)   --->   "%tile_in_387 = alloca i64 1" [cnn_accel.cpp:31]   --->   Operation 114 'alloca' 'tile_in_387' <Predicate = true> <Delay = 0.00> <CoreInst = "RAM_T2P_BRAM">   --->   Core 93 'RAM_T2P_BRAM' <Latency = 1> <II = 1> <Delay = 3.25> <Storage> <Opcode : 'load' 'store'> <Ports = 2> <Width = 8> <Depth = 36> <RAM>
ST_1 : Operation 115 [1/1] (0.00ns)   --->   "%tile_in_388 = alloca i64 1" [cnn_accel.cpp:31]   --->   Operation 115 'alloca' 'tile_in_388' <Predicate = true> <Delay = 0.00> <CoreInst = "RAM_T2P_BRAM">   --->   Core 93 'RAM_T2P_BRAM' <Latency = 1> <II = 1> <Delay = 3.25> <Storage> <Opcode : 'load' 'store'> <Ports = 2> <Width = 8> <Depth = 36> <RAM>
ST_1 : Operation 116 [1/1] (0.00ns)   --->   "%tile_in_389 = alloca i64 1" [cnn_accel.cpp:31]   --->   Operation 116 'alloca' 'tile_in_389' <Predicate = true> <Delay = 0.00> <CoreInst = "RAM_T2P_BRAM">   --->   Core 93 'RAM_T2P_BRAM' <Latency = 1> <II = 1> <Delay = 3.25> <Storage> <Opcode : 'load' 'store'> <Ports = 2> <Width = 8> <Depth = 36> <RAM>
ST_1 : Operation 117 [1/1] (0.00ns)   --->   "%tile_in_390 = alloca i64 1" [cnn_accel.cpp:31]   --->   Operation 117 'alloca' 'tile_in_390' <Predicate = true> <Delay = 0.00> <CoreInst = "RAM_T2P_BRAM">   --->   Core 93 'RAM_T2P_BRAM' <Latency = 1> <II = 1> <Delay = 3.25> <Storage> <Opcode : 'load' 'store'> <Ports = 2> <Width = 8> <Depth = 36> <RAM>
ST_1 : Operation 118 [1/1] (0.00ns)   --->   "%tile_in_391 = alloca i64 1" [cnn_accel.cpp:31]   --->   Operation 118 'alloca' 'tile_in_391' <Predicate = true> <Delay = 0.00> <CoreInst = "RAM_T2P_BRAM">   --->   Core 93 'RAM_T2P_BRAM' <Latency = 1> <II = 1> <Delay = 3.25> <Storage> <Opcode : 'load' 'store'> <Ports = 2> <Width = 8> <Depth = 36> <RAM>
ST_1 : Operation 119 [1/1] (0.00ns)   --->   "%tile_in_392 = alloca i64 1" [cnn_accel.cpp:31]   --->   Operation 119 'alloca' 'tile_in_392' <Predicate = true> <Delay = 0.00> <CoreInst = "RAM_T2P_BRAM">   --->   Core 93 'RAM_T2P_BRAM' <Latency = 1> <II = 1> <Delay = 3.25> <Storage> <Opcode : 'load' 'store'> <Ports = 2> <Width = 8> <Depth = 36> <RAM>
ST_1 : Operation 120 [1/1] (0.00ns)   --->   "%tile_in_393 = alloca i64 1" [cnn_accel.cpp:31]   --->   Operation 120 'alloca' 'tile_in_393' <Predicate = true> <Delay = 0.00> <CoreInst = "RAM_T2P_BRAM">   --->   Core 93 'RAM_T2P_BRAM' <Latency = 1> <II = 1> <Delay = 3.25> <Storage> <Opcode : 'load' 'store'> <Ports = 2> <Width = 8> <Depth = 36> <RAM>
ST_1 : Operation 121 [1/1] (0.00ns)   --->   "%tile_in_394 = alloca i64 1" [cnn_accel.cpp:31]   --->   Operation 121 'alloca' 'tile_in_394' <Predicate = true> <Delay = 0.00> <CoreInst = "RAM_T2P_BRAM">   --->   Core 93 'RAM_T2P_BRAM' <Latency = 1> <II = 1> <Delay = 3.25> <Storage> <Opcode : 'load' 'store'> <Ports = 2> <Width = 8> <Depth = 36> <RAM>
ST_1 : Operation 122 [1/1] (0.00ns)   --->   "%tile_in_395 = alloca i64 1" [cnn_accel.cpp:31]   --->   Operation 122 'alloca' 'tile_in_395' <Predicate = true> <Delay = 0.00> <CoreInst = "RAM_T2P_BRAM">   --->   Core 93 'RAM_T2P_BRAM' <Latency = 1> <II = 1> <Delay = 3.25> <Storage> <Opcode : 'load' 'store'> <Ports = 2> <Width = 8> <Depth = 36> <RAM>
ST_1 : Operation 123 [1/1] (0.00ns)   --->   "%tile_in_396 = alloca i64 1" [cnn_accel.cpp:31]   --->   Operation 123 'alloca' 'tile_in_396' <Predicate = true> <Delay = 0.00> <CoreInst = "RAM_T2P_BRAM">   --->   Core 93 'RAM_T2P_BRAM' <Latency = 1> <II = 1> <Delay = 3.25> <Storage> <Opcode : 'load' 'store'> <Ports = 2> <Width = 8> <Depth = 36> <RAM>
ST_1 : Operation 124 [1/1] (0.00ns)   --->   "%tile_in_397 = alloca i64 1" [cnn_accel.cpp:31]   --->   Operation 124 'alloca' 'tile_in_397' <Predicate = true> <Delay = 0.00> <CoreInst = "RAM_T2P_BRAM">   --->   Core 93 'RAM_T2P_BRAM' <Latency = 1> <II = 1> <Delay = 3.25> <Storage> <Opcode : 'load' 'store'> <Ports = 2> <Width = 8> <Depth = 36> <RAM>
ST_1 : Operation 125 [1/1] (0.00ns)   --->   "%tile_in_398 = alloca i64 1" [cnn_accel.cpp:31]   --->   Operation 125 'alloca' 'tile_in_398' <Predicate = true> <Delay = 0.00> <CoreInst = "RAM_T2P_BRAM">   --->   Core 93 'RAM_T2P_BRAM' <Latency = 1> <II = 1> <Delay = 3.25> <Storage> <Opcode : 'load' 'store'> <Ports = 2> <Width = 8> <Depth = 36> <RAM>
ST_1 : Operation 126 [1/1] (0.00ns)   --->   "%tile_in_399 = alloca i64 1" [cnn_accel.cpp:31]   --->   Operation 126 'alloca' 'tile_in_399' <Predicate = true> <Delay = 0.00> <CoreInst = "RAM_T2P_BRAM">   --->   Core 93 'RAM_T2P_BRAM' <Latency = 1> <II = 1> <Delay = 3.25> <Storage> <Opcode : 'load' 'store'> <Ports = 2> <Width = 8> <Depth = 36> <RAM>
ST_1 : Operation 127 [1/1] (0.00ns)   --->   "%tile_in_400 = alloca i64 1" [cnn_accel.cpp:31]   --->   Operation 127 'alloca' 'tile_in_400' <Predicate = true> <Delay = 0.00> <CoreInst = "RAM_T2P_BRAM">   --->   Core 93 'RAM_T2P_BRAM' <Latency = 1> <II = 1> <Delay = 3.25> <Storage> <Opcode : 'load' 'store'> <Ports = 2> <Width = 8> <Depth = 36> <RAM>
ST_1 : Operation 128 [1/1] (0.00ns)   --->   "%tile_in_401 = alloca i64 1" [cnn_accel.cpp:31]   --->   Operation 128 'alloca' 'tile_in_401' <Predicate = true> <Delay = 0.00> <CoreInst = "RAM_T2P_BRAM">   --->   Core 93 'RAM_T2P_BRAM' <Latency = 1> <II = 1> <Delay = 3.25> <Storage> <Opcode : 'load' 'store'> <Ports = 2> <Width = 8> <Depth = 36> <RAM>
ST_1 : Operation 129 [1/1] (0.00ns)   --->   "%tile_in_402 = alloca i64 1" [cnn_accel.cpp:31]   --->   Operation 129 'alloca' 'tile_in_402' <Predicate = true> <Delay = 0.00> <CoreInst = "RAM_T2P_BRAM">   --->   Core 93 'RAM_T2P_BRAM' <Latency = 1> <II = 1> <Delay = 3.25> <Storage> <Opcode : 'load' 'store'> <Ports = 2> <Width = 8> <Depth = 36> <RAM>
ST_1 : Operation 130 [1/1] (0.00ns)   --->   "%tile_in_403 = alloca i64 1" [cnn_accel.cpp:31]   --->   Operation 130 'alloca' 'tile_in_403' <Predicate = true> <Delay = 0.00> <CoreInst = "RAM_T2P_BRAM">   --->   Core 93 'RAM_T2P_BRAM' <Latency = 1> <II = 1> <Delay = 3.25> <Storage> <Opcode : 'load' 'store'> <Ports = 2> <Width = 8> <Depth = 36> <RAM>
ST_1 : Operation 131 [1/1] (0.00ns)   --->   "%tile_in_404 = alloca i64 1" [cnn_accel.cpp:31]   --->   Operation 131 'alloca' 'tile_in_404' <Predicate = true> <Delay = 0.00> <CoreInst = "RAM_T2P_BRAM">   --->   Core 93 'RAM_T2P_BRAM' <Latency = 1> <II = 1> <Delay = 3.25> <Storage> <Opcode : 'load' 'store'> <Ports = 2> <Width = 8> <Depth = 36> <RAM>
ST_1 : Operation 132 [1/1] (0.00ns)   --->   "%tile_in_405 = alloca i64 1" [cnn_accel.cpp:31]   --->   Operation 132 'alloca' 'tile_in_405' <Predicate = true> <Delay = 0.00> <CoreInst = "RAM_T2P_BRAM">   --->   Core 93 'RAM_T2P_BRAM' <Latency = 1> <II = 1> <Delay = 3.25> <Storage> <Opcode : 'load' 'store'> <Ports = 2> <Width = 8> <Depth = 36> <RAM>
ST_1 : Operation 133 [1/1] (0.00ns)   --->   "%tile_in_406 = alloca i64 1" [cnn_accel.cpp:31]   --->   Operation 133 'alloca' 'tile_in_406' <Predicate = true> <Delay = 0.00> <CoreInst = "RAM_T2P_BRAM">   --->   Core 93 'RAM_T2P_BRAM' <Latency = 1> <II = 1> <Delay = 3.25> <Storage> <Opcode : 'load' 'store'> <Ports = 2> <Width = 8> <Depth = 36> <RAM>
ST_1 : Operation 134 [1/1] (0.00ns)   --->   "%tile_in_407 = alloca i64 1" [cnn_accel.cpp:31]   --->   Operation 134 'alloca' 'tile_in_407' <Predicate = true> <Delay = 0.00> <CoreInst = "RAM_T2P_BRAM">   --->   Core 93 'RAM_T2P_BRAM' <Latency = 1> <II = 1> <Delay = 3.25> <Storage> <Opcode : 'load' 'store'> <Ports = 2> <Width = 8> <Depth = 36> <RAM>
ST_1 : Operation 135 [1/1] (0.00ns)   --->   "%tile_in_408 = alloca i64 1" [cnn_accel.cpp:31]   --->   Operation 135 'alloca' 'tile_in_408' <Predicate = true> <Delay = 0.00> <CoreInst = "RAM_T2P_BRAM">   --->   Core 93 'RAM_T2P_BRAM' <Latency = 1> <II = 1> <Delay = 3.25> <Storage> <Opcode : 'load' 'store'> <Ports = 2> <Width = 8> <Depth = 36> <RAM>
ST_1 : Operation 136 [1/1] (0.00ns)   --->   "%tile_in_409 = alloca i64 1" [cnn_accel.cpp:31]   --->   Operation 136 'alloca' 'tile_in_409' <Predicate = true> <Delay = 0.00> <CoreInst = "RAM_T2P_BRAM">   --->   Core 93 'RAM_T2P_BRAM' <Latency = 1> <II = 1> <Delay = 3.25> <Storage> <Opcode : 'load' 'store'> <Ports = 2> <Width = 8> <Depth = 36> <RAM>
ST_1 : Operation 137 [1/1] (0.00ns)   --->   "%tile_in_410 = alloca i64 1" [cnn_accel.cpp:31]   --->   Operation 137 'alloca' 'tile_in_410' <Predicate = true> <Delay = 0.00> <CoreInst = "RAM_T2P_BRAM">   --->   Core 93 'RAM_T2P_BRAM' <Latency = 1> <II = 1> <Delay = 3.25> <Storage> <Opcode : 'load' 'store'> <Ports = 2> <Width = 8> <Depth = 36> <RAM>
ST_1 : Operation 138 [1/1] (0.00ns)   --->   "%tile_in_411 = alloca i64 1" [cnn_accel.cpp:31]   --->   Operation 138 'alloca' 'tile_in_411' <Predicate = true> <Delay = 0.00> <CoreInst = "RAM_T2P_BRAM">   --->   Core 93 'RAM_T2P_BRAM' <Latency = 1> <II = 1> <Delay = 3.25> <Storage> <Opcode : 'load' 'store'> <Ports = 2> <Width = 8> <Depth = 36> <RAM>
ST_1 : Operation 139 [1/1] (0.00ns)   --->   "%tile_in_412 = alloca i64 1" [cnn_accel.cpp:31]   --->   Operation 139 'alloca' 'tile_in_412' <Predicate = true> <Delay = 0.00> <CoreInst = "RAM_T2P_BRAM">   --->   Core 93 'RAM_T2P_BRAM' <Latency = 1> <II = 1> <Delay = 3.25> <Storage> <Opcode : 'load' 'store'> <Ports = 2> <Width = 8> <Depth = 36> <RAM>
ST_1 : Operation 140 [1/1] (0.00ns)   --->   "%tile_in_413 = alloca i64 1" [cnn_accel.cpp:31]   --->   Operation 140 'alloca' 'tile_in_413' <Predicate = true> <Delay = 0.00> <CoreInst = "RAM_T2P_BRAM">   --->   Core 93 'RAM_T2P_BRAM' <Latency = 1> <II = 1> <Delay = 3.25> <Storage> <Opcode : 'load' 'store'> <Ports = 2> <Width = 8> <Depth = 36> <RAM>
ST_1 : Operation 141 [1/1] (0.00ns)   --->   "%tile_in_414 = alloca i64 1" [cnn_accel.cpp:31]   --->   Operation 141 'alloca' 'tile_in_414' <Predicate = true> <Delay = 0.00> <CoreInst = "RAM_T2P_BRAM">   --->   Core 93 'RAM_T2P_BRAM' <Latency = 1> <II = 1> <Delay = 3.25> <Storage> <Opcode : 'load' 'store'> <Ports = 2> <Width = 8> <Depth = 36> <RAM>
ST_1 : Operation 142 [1/1] (0.00ns)   --->   "%tile_in_415 = alloca i64 1" [cnn_accel.cpp:31]   --->   Operation 142 'alloca' 'tile_in_415' <Predicate = true> <Delay = 0.00> <CoreInst = "RAM_T2P_BRAM">   --->   Core 93 'RAM_T2P_BRAM' <Latency = 1> <II = 1> <Delay = 3.25> <Storage> <Opcode : 'load' 'store'> <Ports = 2> <Width = 8> <Depth = 36> <RAM>
ST_1 : Operation 143 [1/1] (0.00ns)   --->   "%tile_in_416 = alloca i64 1" [cnn_accel.cpp:31]   --->   Operation 143 'alloca' 'tile_in_416' <Predicate = true> <Delay = 0.00> <CoreInst = "RAM_T2P_BRAM">   --->   Core 93 'RAM_T2P_BRAM' <Latency = 1> <II = 1> <Delay = 3.25> <Storage> <Opcode : 'load' 'store'> <Ports = 2> <Width = 8> <Depth = 36> <RAM>
ST_1 : Operation 144 [1/1] (0.00ns)   --->   "%tile_in_417 = alloca i64 1" [cnn_accel.cpp:31]   --->   Operation 144 'alloca' 'tile_in_417' <Predicate = true> <Delay = 0.00> <CoreInst = "RAM_T2P_BRAM">   --->   Core 93 'RAM_T2P_BRAM' <Latency = 1> <II = 1> <Delay = 3.25> <Storage> <Opcode : 'load' 'store'> <Ports = 2> <Width = 8> <Depth = 36> <RAM>
ST_1 : Operation 145 [1/1] (0.00ns)   --->   "%tile_in_418 = alloca i64 1" [cnn_accel.cpp:31]   --->   Operation 145 'alloca' 'tile_in_418' <Predicate = true> <Delay = 0.00> <CoreInst = "RAM_T2P_BRAM">   --->   Core 93 'RAM_T2P_BRAM' <Latency = 1> <II = 1> <Delay = 3.25> <Storage> <Opcode : 'load' 'store'> <Ports = 2> <Width = 8> <Depth = 36> <RAM>
ST_1 : Operation 146 [1/1] (0.00ns)   --->   "%tile_in_419 = alloca i64 1" [cnn_accel.cpp:31]   --->   Operation 146 'alloca' 'tile_in_419' <Predicate = true> <Delay = 0.00> <CoreInst = "RAM_T2P_BRAM">   --->   Core 93 'RAM_T2P_BRAM' <Latency = 1> <II = 1> <Delay = 3.25> <Storage> <Opcode : 'load' 'store'> <Ports = 2> <Width = 8> <Depth = 36> <RAM>
ST_1 : Operation 147 [1/1] (0.00ns)   --->   "%tile_in_420 = alloca i64 1" [cnn_accel.cpp:31]   --->   Operation 147 'alloca' 'tile_in_420' <Predicate = true> <Delay = 0.00> <CoreInst = "RAM_T2P_BRAM">   --->   Core 93 'RAM_T2P_BRAM' <Latency = 1> <II = 1> <Delay = 3.25> <Storage> <Opcode : 'load' 'store'> <Ports = 2> <Width = 8> <Depth = 36> <RAM>
ST_1 : Operation 148 [1/1] (0.00ns)   --->   "%tile_in_421 = alloca i64 1" [cnn_accel.cpp:31]   --->   Operation 148 'alloca' 'tile_in_421' <Predicate = true> <Delay = 0.00> <CoreInst = "RAM_T2P_BRAM">   --->   Core 93 'RAM_T2P_BRAM' <Latency = 1> <II = 1> <Delay = 3.25> <Storage> <Opcode : 'load' 'store'> <Ports = 2> <Width = 8> <Depth = 36> <RAM>
ST_1 : Operation 149 [1/1] (0.00ns)   --->   "%tile_in_422 = alloca i64 1" [cnn_accel.cpp:31]   --->   Operation 149 'alloca' 'tile_in_422' <Predicate = true> <Delay = 0.00> <CoreInst = "RAM_T2P_BRAM">   --->   Core 93 'RAM_T2P_BRAM' <Latency = 1> <II = 1> <Delay = 3.25> <Storage> <Opcode : 'load' 'store'> <Ports = 2> <Width = 8> <Depth = 36> <RAM>
ST_1 : Operation 150 [1/1] (0.00ns)   --->   "%tile_in_423 = alloca i64 1" [cnn_accel.cpp:31]   --->   Operation 150 'alloca' 'tile_in_423' <Predicate = true> <Delay = 0.00> <CoreInst = "RAM_T2P_BRAM">   --->   Core 93 'RAM_T2P_BRAM' <Latency = 1> <II = 1> <Delay = 3.25> <Storage> <Opcode : 'load' 'store'> <Ports = 2> <Width = 8> <Depth = 36> <RAM>
ST_1 : Operation 151 [1/1] (0.00ns)   --->   "%tile_in_424 = alloca i64 1" [cnn_accel.cpp:31]   --->   Operation 151 'alloca' 'tile_in_424' <Predicate = true> <Delay = 0.00> <CoreInst = "RAM_T2P_BRAM">   --->   Core 93 'RAM_T2P_BRAM' <Latency = 1> <II = 1> <Delay = 3.25> <Storage> <Opcode : 'load' 'store'> <Ports = 2> <Width = 8> <Depth = 36> <RAM>
ST_1 : Operation 152 [1/1] (0.00ns)   --->   "%tile_in_425 = alloca i64 1" [cnn_accel.cpp:31]   --->   Operation 152 'alloca' 'tile_in_425' <Predicate = true> <Delay = 0.00> <CoreInst = "RAM_T2P_BRAM">   --->   Core 93 'RAM_T2P_BRAM' <Latency = 1> <II = 1> <Delay = 3.25> <Storage> <Opcode : 'load' 'store'> <Ports = 2> <Width = 8> <Depth = 36> <RAM>
ST_1 : Operation 153 [1/1] (0.00ns)   --->   "%tile_in_426 = alloca i64 1" [cnn_accel.cpp:31]   --->   Operation 153 'alloca' 'tile_in_426' <Predicate = true> <Delay = 0.00> <CoreInst = "RAM_T2P_BRAM">   --->   Core 93 'RAM_T2P_BRAM' <Latency = 1> <II = 1> <Delay = 3.25> <Storage> <Opcode : 'load' 'store'> <Ports = 2> <Width = 8> <Depth = 36> <RAM>
ST_1 : Operation 154 [1/1] (0.00ns)   --->   "%tile_in_427 = alloca i64 1" [cnn_accel.cpp:31]   --->   Operation 154 'alloca' 'tile_in_427' <Predicate = true> <Delay = 0.00> <CoreInst = "RAM_T2P_BRAM">   --->   Core 93 'RAM_T2P_BRAM' <Latency = 1> <II = 1> <Delay = 3.25> <Storage> <Opcode : 'load' 'store'> <Ports = 2> <Width = 8> <Depth = 36> <RAM>
ST_1 : Operation 155 [1/1] (0.00ns)   --->   "%tile_in_428 = alloca i64 1" [cnn_accel.cpp:31]   --->   Operation 155 'alloca' 'tile_in_428' <Predicate = true> <Delay = 0.00> <CoreInst = "RAM_T2P_BRAM">   --->   Core 93 'RAM_T2P_BRAM' <Latency = 1> <II = 1> <Delay = 3.25> <Storage> <Opcode : 'load' 'store'> <Ports = 2> <Width = 8> <Depth = 36> <RAM>
ST_1 : Operation 156 [1/1] (0.00ns)   --->   "%tile_in_429 = alloca i64 1" [cnn_accel.cpp:31]   --->   Operation 156 'alloca' 'tile_in_429' <Predicate = true> <Delay = 0.00> <CoreInst = "RAM_T2P_BRAM">   --->   Core 93 'RAM_T2P_BRAM' <Latency = 1> <II = 1> <Delay = 3.25> <Storage> <Opcode : 'load' 'store'> <Ports = 2> <Width = 8> <Depth = 36> <RAM>
ST_1 : Operation 157 [1/1] (0.00ns)   --->   "%tile_in_430 = alloca i64 1" [cnn_accel.cpp:31]   --->   Operation 157 'alloca' 'tile_in_430' <Predicate = true> <Delay = 0.00> <CoreInst = "RAM_T2P_BRAM">   --->   Core 93 'RAM_T2P_BRAM' <Latency = 1> <II = 1> <Delay = 3.25> <Storage> <Opcode : 'load' 'store'> <Ports = 2> <Width = 8> <Depth = 36> <RAM>
ST_1 : Operation 158 [1/1] (0.00ns)   --->   "%tile_out = alloca i64 1" [cnn_accel.cpp:34]   --->   Operation 158 'alloca' 'tile_out' <Predicate = true> <Delay = 0.00> <CoreInst = "RAM_T2P_BRAM">   --->   Core 93 'RAM_T2P_BRAM' <Latency = 1> <II = 1> <Delay = 3.25> <Storage> <Opcode : 'load' 'store'> <Ports = 2> <Width = 7> <Depth = 2048> <RAM>
ST_1 : Operation 159 [1/1] (0.00ns)   --->   "%specmemcore_ln32 = specmemcore void @_ssdm_op_SpecMemCore, i8 %tile_in_430, i64 666, i64 30, i64 18446744073709551615" [cnn_accel.cpp:32]   --->   Operation 159 'specmemcore' 'specmemcore_ln32' <Predicate = true> <Delay = 0.00>
ST_1 : Operation 160 [1/1] (0.00ns)   --->   "%specmemcore_ln32 = specmemcore void @_ssdm_op_SpecMemCore, i8 %tile_in_429, i64 666, i64 30, i64 18446744073709551615" [cnn_accel.cpp:32]   --->   Operation 160 'specmemcore' 'specmemcore_ln32' <Predicate = true> <Delay = 0.00>
ST_1 : Operation 161 [1/1] (0.00ns)   --->   "%specmemcore_ln32 = specmemcore void @_ssdm_op_SpecMemCore, i8 %tile_in_428, i64 666, i64 30, i64 18446744073709551615" [cnn_accel.cpp:32]   --->   Operation 161 'specmemcore' 'specmemcore_ln32' <Predicate = true> <Delay = 0.00>
ST_1 : Operation 162 [1/1] (0.00ns)   --->   "%specmemcore_ln32 = specmemcore void @_ssdm_op_SpecMemCore, i8 %tile_in_427, i64 666, i64 30, i64 18446744073709551615" [cnn_accel.cpp:32]   --->   Operation 162 'specmemcore' 'specmemcore_ln32' <Predicate = true> <Delay = 0.00>
ST_1 : Operation 163 [1/1] (0.00ns)   --->   "%specmemcore_ln32 = specmemcore void @_ssdm_op_SpecMemCore, i8 %tile_in_426, i64 666, i64 30, i64 18446744073709551615" [cnn_accel.cpp:32]   --->   Operation 163 'specmemcore' 'specmemcore_ln32' <Predicate = true> <Delay = 0.00>
ST_1 : Operation 164 [1/1] (0.00ns)   --->   "%specmemcore_ln32 = specmemcore void @_ssdm_op_SpecMemCore, i8 %tile_in_425, i64 666, i64 30, i64 18446744073709551615" [cnn_accel.cpp:32]   --->   Operation 164 'specmemcore' 'specmemcore_ln32' <Predicate = true> <Delay = 0.00>
ST_1 : Operation 165 [1/1] (0.00ns)   --->   "%specmemcore_ln32 = specmemcore void @_ssdm_op_SpecMemCore, i8 %tile_in_424, i64 666, i64 30, i64 18446744073709551615" [cnn_accel.cpp:32]   --->   Operation 165 'specmemcore' 'specmemcore_ln32' <Predicate = true> <Delay = 0.00>
ST_1 : Operation 166 [1/1] (0.00ns)   --->   "%specmemcore_ln32 = specmemcore void @_ssdm_op_SpecMemCore, i8 %tile_in_423, i64 666, i64 30, i64 18446744073709551615" [cnn_accel.cpp:32]   --->   Operation 166 'specmemcore' 'specmemcore_ln32' <Predicate = true> <Delay = 0.00>
ST_1 : Operation 167 [1/1] (0.00ns)   --->   "%specmemcore_ln32 = specmemcore void @_ssdm_op_SpecMemCore, i8 %tile_in_422, i64 666, i64 30, i64 18446744073709551615" [cnn_accel.cpp:32]   --->   Operation 167 'specmemcore' 'specmemcore_ln32' <Predicate = true> <Delay = 0.00>
ST_1 : Operation 168 [1/1] (0.00ns)   --->   "%specmemcore_ln32 = specmemcore void @_ssdm_op_SpecMemCore, i8 %tile_in_421, i64 666, i64 30, i64 18446744073709551615" [cnn_accel.cpp:32]   --->   Operation 168 'specmemcore' 'specmemcore_ln32' <Predicate = true> <Delay = 0.00>
ST_1 : Operation 169 [1/1] (0.00ns)   --->   "%specmemcore_ln32 = specmemcore void @_ssdm_op_SpecMemCore, i8 %tile_in_420, i64 666, i64 30, i64 18446744073709551615" [cnn_accel.cpp:32]   --->   Operation 169 'specmemcore' 'specmemcore_ln32' <Predicate = true> <Delay = 0.00>
ST_1 : Operation 170 [1/1] (0.00ns)   --->   "%specmemcore_ln32 = specmemcore void @_ssdm_op_SpecMemCore, i8 %tile_in_419, i64 666, i64 30, i64 18446744073709551615" [cnn_accel.cpp:32]   --->   Operation 170 'specmemcore' 'specmemcore_ln32' <Predicate = true> <Delay = 0.00>
ST_1 : Operation 171 [1/1] (0.00ns)   --->   "%specmemcore_ln32 = specmemcore void @_ssdm_op_SpecMemCore, i8 %tile_in_418, i64 666, i64 30, i64 18446744073709551615" [cnn_accel.cpp:32]   --->   Operation 171 'specmemcore' 'specmemcore_ln32' <Predicate = true> <Delay = 0.00>
ST_1 : Operation 172 [1/1] (0.00ns)   --->   "%specmemcore_ln32 = specmemcore void @_ssdm_op_SpecMemCore, i8 %tile_in_417, i64 666, i64 30, i64 18446744073709551615" [cnn_accel.cpp:32]   --->   Operation 172 'specmemcore' 'specmemcore_ln32' <Predicate = true> <Delay = 0.00>
ST_1 : Operation 173 [1/1] (0.00ns)   --->   "%specmemcore_ln32 = specmemcore void @_ssdm_op_SpecMemCore, i8 %tile_in_416, i64 666, i64 30, i64 18446744073709551615" [cnn_accel.cpp:32]   --->   Operation 173 'specmemcore' 'specmemcore_ln32' <Predicate = true> <Delay = 0.00>
ST_1 : Operation 174 [1/1] (0.00ns)   --->   "%specmemcore_ln32 = specmemcore void @_ssdm_op_SpecMemCore, i8 %tile_in_415, i64 666, i64 30, i64 18446744073709551615" [cnn_accel.cpp:32]   --->   Operation 174 'specmemcore' 'specmemcore_ln32' <Predicate = true> <Delay = 0.00>
ST_1 : Operation 175 [1/1] (0.00ns)   --->   "%specmemcore_ln32 = specmemcore void @_ssdm_op_SpecMemCore, i8 %tile_in_414, i64 666, i64 30, i64 18446744073709551615" [cnn_accel.cpp:32]   --->   Operation 175 'specmemcore' 'specmemcore_ln32' <Predicate = true> <Delay = 0.00>
ST_1 : Operation 176 [1/1] (0.00ns)   --->   "%specmemcore_ln32 = specmemcore void @_ssdm_op_SpecMemCore, i8 %tile_in_413, i64 666, i64 30, i64 18446744073709551615" [cnn_accel.cpp:32]   --->   Operation 176 'specmemcore' 'specmemcore_ln32' <Predicate = true> <Delay = 0.00>
ST_1 : Operation 177 [1/1] (0.00ns)   --->   "%specmemcore_ln32 = specmemcore void @_ssdm_op_SpecMemCore, i8 %tile_in_412, i64 666, i64 30, i64 18446744073709551615" [cnn_accel.cpp:32]   --->   Operation 177 'specmemcore' 'specmemcore_ln32' <Predicate = true> <Delay = 0.00>
ST_1 : Operation 178 [1/1] (0.00ns)   --->   "%specmemcore_ln32 = specmemcore void @_ssdm_op_SpecMemCore, i8 %tile_in_411, i64 666, i64 30, i64 18446744073709551615" [cnn_accel.cpp:32]   --->   Operation 178 'specmemcore' 'specmemcore_ln32' <Predicate = true> <Delay = 0.00>
ST_1 : Operation 179 [1/1] (0.00ns)   --->   "%specmemcore_ln32 = specmemcore void @_ssdm_op_SpecMemCore, i8 %tile_in_410, i64 666, i64 30, i64 18446744073709551615" [cnn_accel.cpp:32]   --->   Operation 179 'specmemcore' 'specmemcore_ln32' <Predicate = true> <Delay = 0.00>
ST_1 : Operation 180 [1/1] (0.00ns)   --->   "%specmemcore_ln32 = specmemcore void @_ssdm_op_SpecMemCore, i8 %tile_in_409, i64 666, i64 30, i64 18446744073709551615" [cnn_accel.cpp:32]   --->   Operation 180 'specmemcore' 'specmemcore_ln32' <Predicate = true> <Delay = 0.00>
ST_1 : Operation 181 [1/1] (0.00ns)   --->   "%specmemcore_ln32 = specmemcore void @_ssdm_op_SpecMemCore, i8 %tile_in_408, i64 666, i64 30, i64 18446744073709551615" [cnn_accel.cpp:32]   --->   Operation 181 'specmemcore' 'specmemcore_ln32' <Predicate = true> <Delay = 0.00>
ST_1 : Operation 182 [1/1] (0.00ns)   --->   "%specmemcore_ln32 = specmemcore void @_ssdm_op_SpecMemCore, i8 %tile_in_407, i64 666, i64 30, i64 18446744073709551615" [cnn_accel.cpp:32]   --->   Operation 182 'specmemcore' 'specmemcore_ln32' <Predicate = true> <Delay = 0.00>
ST_1 : Operation 183 [1/1] (0.00ns)   --->   "%specmemcore_ln32 = specmemcore void @_ssdm_op_SpecMemCore, i8 %tile_in_406, i64 666, i64 30, i64 18446744073709551615" [cnn_accel.cpp:32]   --->   Operation 183 'specmemcore' 'specmemcore_ln32' <Predicate = true> <Delay = 0.00>
ST_1 : Operation 184 [1/1] (0.00ns)   --->   "%specmemcore_ln32 = specmemcore void @_ssdm_op_SpecMemCore, i8 %tile_in_405, i64 666, i64 30, i64 18446744073709551615" [cnn_accel.cpp:32]   --->   Operation 184 'specmemcore' 'specmemcore_ln32' <Predicate = true> <Delay = 0.00>
ST_1 : Operation 185 [1/1] (0.00ns)   --->   "%specmemcore_ln32 = specmemcore void @_ssdm_op_SpecMemCore, i8 %tile_in_404, i64 666, i64 30, i64 18446744073709551615" [cnn_accel.cpp:32]   --->   Operation 185 'specmemcore' 'specmemcore_ln32' <Predicate = true> <Delay = 0.00>
ST_1 : Operation 186 [1/1] (0.00ns)   --->   "%specmemcore_ln32 = specmemcore void @_ssdm_op_SpecMemCore, i8 %tile_in_403, i64 666, i64 30, i64 18446744073709551615" [cnn_accel.cpp:32]   --->   Operation 186 'specmemcore' 'specmemcore_ln32' <Predicate = true> <Delay = 0.00>
ST_1 : Operation 187 [1/1] (0.00ns)   --->   "%specmemcore_ln32 = specmemcore void @_ssdm_op_SpecMemCore, i8 %tile_in_402, i64 666, i64 30, i64 18446744073709551615" [cnn_accel.cpp:32]   --->   Operation 187 'specmemcore' 'specmemcore_ln32' <Predicate = true> <Delay = 0.00>
ST_1 : Operation 188 [1/1] (0.00ns)   --->   "%specmemcore_ln32 = specmemcore void @_ssdm_op_SpecMemCore, i8 %tile_in_401, i64 666, i64 30, i64 18446744073709551615" [cnn_accel.cpp:32]   --->   Operation 188 'specmemcore' 'specmemcore_ln32' <Predicate = true> <Delay = 0.00>
ST_1 : Operation 189 [1/1] (0.00ns)   --->   "%specmemcore_ln32 = specmemcore void @_ssdm_op_SpecMemCore, i8 %tile_in_400, i64 666, i64 30, i64 18446744073709551615" [cnn_accel.cpp:32]   --->   Operation 189 'specmemcore' 'specmemcore_ln32' <Predicate = true> <Delay = 0.00>
ST_1 : Operation 190 [1/1] (0.00ns)   --->   "%specmemcore_ln32 = specmemcore void @_ssdm_op_SpecMemCore, i8 %tile_in_399, i64 666, i64 30, i64 18446744073709551615" [cnn_accel.cpp:32]   --->   Operation 190 'specmemcore' 'specmemcore_ln32' <Predicate = true> <Delay = 0.00>
ST_1 : Operation 191 [1/1] (0.00ns)   --->   "%specmemcore_ln32 = specmemcore void @_ssdm_op_SpecMemCore, i8 %tile_in_398, i64 666, i64 30, i64 18446744073709551615" [cnn_accel.cpp:32]   --->   Operation 191 'specmemcore' 'specmemcore_ln32' <Predicate = true> <Delay = 0.00>
ST_1 : Operation 192 [1/1] (0.00ns)   --->   "%specmemcore_ln32 = specmemcore void @_ssdm_op_SpecMemCore, i8 %tile_in_397, i64 666, i64 30, i64 18446744073709551615" [cnn_accel.cpp:32]   --->   Operation 192 'specmemcore' 'specmemcore_ln32' <Predicate = true> <Delay = 0.00>
ST_1 : Operation 193 [1/1] (0.00ns)   --->   "%specmemcore_ln32 = specmemcore void @_ssdm_op_SpecMemCore, i8 %tile_in_396, i64 666, i64 30, i64 18446744073709551615" [cnn_accel.cpp:32]   --->   Operation 193 'specmemcore' 'specmemcore_ln32' <Predicate = true> <Delay = 0.00>
ST_1 : Operation 194 [1/1] (0.00ns)   --->   "%specmemcore_ln32 = specmemcore void @_ssdm_op_SpecMemCore, i8 %tile_in_395, i64 666, i64 30, i64 18446744073709551615" [cnn_accel.cpp:32]   --->   Operation 194 'specmemcore' 'specmemcore_ln32' <Predicate = true> <Delay = 0.00>
ST_1 : Operation 195 [1/1] (0.00ns)   --->   "%specmemcore_ln32 = specmemcore void @_ssdm_op_SpecMemCore, i8 %tile_in_394, i64 666, i64 30, i64 18446744073709551615" [cnn_accel.cpp:32]   --->   Operation 195 'specmemcore' 'specmemcore_ln32' <Predicate = true> <Delay = 0.00>
ST_1 : Operation 196 [1/1] (0.00ns)   --->   "%specmemcore_ln32 = specmemcore void @_ssdm_op_SpecMemCore, i8 %tile_in_393, i64 666, i64 30, i64 18446744073709551615" [cnn_accel.cpp:32]   --->   Operation 196 'specmemcore' 'specmemcore_ln32' <Predicate = true> <Delay = 0.00>
ST_1 : Operation 197 [1/1] (0.00ns)   --->   "%specmemcore_ln32 = specmemcore void @_ssdm_op_SpecMemCore, i8 %tile_in_392, i64 666, i64 30, i64 18446744073709551615" [cnn_accel.cpp:32]   --->   Operation 197 'specmemcore' 'specmemcore_ln32' <Predicate = true> <Delay = 0.00>
ST_1 : Operation 198 [1/1] (0.00ns)   --->   "%specmemcore_ln32 = specmemcore void @_ssdm_op_SpecMemCore, i8 %tile_in_391, i64 666, i64 30, i64 18446744073709551615" [cnn_accel.cpp:32]   --->   Operation 198 'specmemcore' 'specmemcore_ln32' <Predicate = true> <Delay = 0.00>
ST_1 : Operation 199 [1/1] (0.00ns)   --->   "%specmemcore_ln32 = specmemcore void @_ssdm_op_SpecMemCore, i8 %tile_in_390, i64 666, i64 30, i64 18446744073709551615" [cnn_accel.cpp:32]   --->   Operation 199 'specmemcore' 'specmemcore_ln32' <Predicate = true> <Delay = 0.00>
ST_1 : Operation 200 [1/1] (0.00ns)   --->   "%specmemcore_ln32 = specmemcore void @_ssdm_op_SpecMemCore, i8 %tile_in_389, i64 666, i64 30, i64 18446744073709551615" [cnn_accel.cpp:32]   --->   Operation 200 'specmemcore' 'specmemcore_ln32' <Predicate = true> <Delay = 0.00>
ST_1 : Operation 201 [1/1] (0.00ns)   --->   "%specmemcore_ln32 = specmemcore void @_ssdm_op_SpecMemCore, i8 %tile_in_388, i64 666, i64 30, i64 18446744073709551615" [cnn_accel.cpp:32]   --->   Operation 201 'specmemcore' 'specmemcore_ln32' <Predicate = true> <Delay = 0.00>
ST_1 : Operation 202 [1/1] (0.00ns)   --->   "%specmemcore_ln32 = specmemcore void @_ssdm_op_SpecMemCore, i8 %tile_in_387, i64 666, i64 30, i64 18446744073709551615" [cnn_accel.cpp:32]   --->   Operation 202 'specmemcore' 'specmemcore_ln32' <Predicate = true> <Delay = 0.00>
ST_1 : Operation 203 [1/1] (0.00ns)   --->   "%specmemcore_ln32 = specmemcore void @_ssdm_op_SpecMemCore, i8 %tile_in_386, i64 666, i64 30, i64 18446744073709551615" [cnn_accel.cpp:32]   --->   Operation 203 'specmemcore' 'specmemcore_ln32' <Predicate = true> <Delay = 0.00>
ST_1 : Operation 204 [1/1] (0.00ns)   --->   "%specmemcore_ln32 = specmemcore void @_ssdm_op_SpecMemCore, i8 %tile_in_385, i64 666, i64 30, i64 18446744073709551615" [cnn_accel.cpp:32]   --->   Operation 204 'specmemcore' 'specmemcore_ln32' <Predicate = true> <Delay = 0.00>
ST_1 : Operation 205 [1/1] (0.00ns)   --->   "%specmemcore_ln32 = specmemcore void @_ssdm_op_SpecMemCore, i8 %tile_in_384, i64 666, i64 30, i64 18446744073709551615" [cnn_accel.cpp:32]   --->   Operation 205 'specmemcore' 'specmemcore_ln32' <Predicate = true> <Delay = 0.00>
ST_1 : Operation 206 [1/1] (0.00ns)   --->   "%specmemcore_ln32 = specmemcore void @_ssdm_op_SpecMemCore, i8 %tile_in_383, i64 666, i64 30, i64 18446744073709551615" [cnn_accel.cpp:32]   --->   Operation 206 'specmemcore' 'specmemcore_ln32' <Predicate = true> <Delay = 0.00>
ST_1 : Operation 207 [1/1] (0.00ns)   --->   "%specmemcore_ln32 = specmemcore void @_ssdm_op_SpecMemCore, i8 %tile_in_382, i64 666, i64 30, i64 18446744073709551615" [cnn_accel.cpp:32]   --->   Operation 207 'specmemcore' 'specmemcore_ln32' <Predicate = true> <Delay = 0.00>
ST_1 : Operation 208 [1/1] (0.00ns)   --->   "%specmemcore_ln32 = specmemcore void @_ssdm_op_SpecMemCore, i8 %tile_in_381, i64 666, i64 30, i64 18446744073709551615" [cnn_accel.cpp:32]   --->   Operation 208 'specmemcore' 'specmemcore_ln32' <Predicate = true> <Delay = 0.00>
ST_1 : Operation 209 [1/1] (0.00ns)   --->   "%specmemcore_ln32 = specmemcore void @_ssdm_op_SpecMemCore, i8 %tile_in_380, i64 666, i64 30, i64 18446744073709551615" [cnn_accel.cpp:32]   --->   Operation 209 'specmemcore' 'specmemcore_ln32' <Predicate = true> <Delay = 0.00>
ST_1 : Operation 210 [1/1] (0.00ns)   --->   "%specmemcore_ln32 = specmemcore void @_ssdm_op_SpecMemCore, i8 %tile_in_379, i64 666, i64 30, i64 18446744073709551615" [cnn_accel.cpp:32]   --->   Operation 210 'specmemcore' 'specmemcore_ln32' <Predicate = true> <Delay = 0.00>
ST_1 : Operation 211 [1/1] (0.00ns)   --->   "%specmemcore_ln32 = specmemcore void @_ssdm_op_SpecMemCore, i8 %tile_in_378, i64 666, i64 30, i64 18446744073709551615" [cnn_accel.cpp:32]   --->   Operation 211 'specmemcore' 'specmemcore_ln32' <Predicate = true> <Delay = 0.00>
ST_1 : Operation 212 [1/1] (0.00ns)   --->   "%specmemcore_ln32 = specmemcore void @_ssdm_op_SpecMemCore, i8 %tile_in_377, i64 666, i64 30, i64 18446744073709551615" [cnn_accel.cpp:32]   --->   Operation 212 'specmemcore' 'specmemcore_ln32' <Predicate = true> <Delay = 0.00>
ST_1 : Operation 213 [1/1] (0.00ns)   --->   "%specmemcore_ln32 = specmemcore void @_ssdm_op_SpecMemCore, i8 %tile_in_376, i64 666, i64 30, i64 18446744073709551615" [cnn_accel.cpp:32]   --->   Operation 213 'specmemcore' 'specmemcore_ln32' <Predicate = true> <Delay = 0.00>
ST_1 : Operation 214 [1/1] (0.00ns)   --->   "%specmemcore_ln32 = specmemcore void @_ssdm_op_SpecMemCore, i8 %tile_in_375, i64 666, i64 30, i64 18446744073709551615" [cnn_accel.cpp:32]   --->   Operation 214 'specmemcore' 'specmemcore_ln32' <Predicate = true> <Delay = 0.00>
ST_1 : Operation 215 [1/1] (0.00ns)   --->   "%specmemcore_ln32 = specmemcore void @_ssdm_op_SpecMemCore, i8 %tile_in_374, i64 666, i64 30, i64 18446744073709551615" [cnn_accel.cpp:32]   --->   Operation 215 'specmemcore' 'specmemcore_ln32' <Predicate = true> <Delay = 0.00>
ST_1 : Operation 216 [1/1] (0.00ns)   --->   "%specmemcore_ln32 = specmemcore void @_ssdm_op_SpecMemCore, i8 %tile_in_373, i64 666, i64 30, i64 18446744073709551615" [cnn_accel.cpp:32]   --->   Operation 216 'specmemcore' 'specmemcore_ln32' <Predicate = true> <Delay = 0.00>
ST_1 : Operation 217 [1/1] (0.00ns)   --->   "%specmemcore_ln32 = specmemcore void @_ssdm_op_SpecMemCore, i8 %tile_in_372, i64 666, i64 30, i64 18446744073709551615" [cnn_accel.cpp:32]   --->   Operation 217 'specmemcore' 'specmemcore_ln32' <Predicate = true> <Delay = 0.00>
ST_1 : Operation 218 [1/1] (0.00ns)   --->   "%specmemcore_ln32 = specmemcore void @_ssdm_op_SpecMemCore, i8 %tile_in_371, i64 666, i64 30, i64 18446744073709551615" [cnn_accel.cpp:32]   --->   Operation 218 'specmemcore' 'specmemcore_ln32' <Predicate = true> <Delay = 0.00>
ST_1 : Operation 219 [1/1] (0.00ns)   --->   "%specmemcore_ln32 = specmemcore void @_ssdm_op_SpecMemCore, i8 %tile_in_370, i64 666, i64 30, i64 18446744073709551615" [cnn_accel.cpp:32]   --->   Operation 219 'specmemcore' 'specmemcore_ln32' <Predicate = true> <Delay = 0.00>
ST_1 : Operation 220 [1/1] (0.00ns)   --->   "%specmemcore_ln32 = specmemcore void @_ssdm_op_SpecMemCore, i8 %tile_in_369, i64 666, i64 30, i64 18446744073709551615" [cnn_accel.cpp:32]   --->   Operation 220 'specmemcore' 'specmemcore_ln32' <Predicate = true> <Delay = 0.00>
ST_1 : Operation 221 [1/1] (0.00ns)   --->   "%specmemcore_ln32 = specmemcore void @_ssdm_op_SpecMemCore, i8 %tile_in_368, i64 666, i64 30, i64 18446744073709551615" [cnn_accel.cpp:32]   --->   Operation 221 'specmemcore' 'specmemcore_ln32' <Predicate = true> <Delay = 0.00>
ST_1 : Operation 222 [1/1] (0.00ns)   --->   "%specmemcore_ln32 = specmemcore void @_ssdm_op_SpecMemCore, i8 %tile_in_367, i64 666, i64 30, i64 18446744073709551615" [cnn_accel.cpp:32]   --->   Operation 222 'specmemcore' 'specmemcore_ln32' <Predicate = true> <Delay = 0.00>
ST_1 : Operation 223 [1/1] (0.00ns)   --->   "%specmemcore_ln32 = specmemcore void @_ssdm_op_SpecMemCore, i8 %tile_in_366, i64 666, i64 30, i64 18446744073709551615" [cnn_accel.cpp:32]   --->   Operation 223 'specmemcore' 'specmemcore_ln32' <Predicate = true> <Delay = 0.00>
ST_1 : Operation 224 [1/1] (0.00ns)   --->   "%specmemcore_ln32 = specmemcore void @_ssdm_op_SpecMemCore, i8 %tile_in_365, i64 666, i64 30, i64 18446744073709551615" [cnn_accel.cpp:32]   --->   Operation 224 'specmemcore' 'specmemcore_ln32' <Predicate = true> <Delay = 0.00>
ST_1 : Operation 225 [1/1] (0.00ns)   --->   "%specmemcore_ln32 = specmemcore void @_ssdm_op_SpecMemCore, i8 %tile_in_364, i64 666, i64 30, i64 18446744073709551615" [cnn_accel.cpp:32]   --->   Operation 225 'specmemcore' 'specmemcore_ln32' <Predicate = true> <Delay = 0.00>
ST_1 : Operation 226 [1/1] (0.00ns)   --->   "%specmemcore_ln32 = specmemcore void @_ssdm_op_SpecMemCore, i8 %tile_in_363, i64 666, i64 30, i64 18446744073709551615" [cnn_accel.cpp:32]   --->   Operation 226 'specmemcore' 'specmemcore_ln32' <Predicate = true> <Delay = 0.00>
ST_1 : Operation 227 [1/1] (0.00ns)   --->   "%specmemcore_ln32 = specmemcore void @_ssdm_op_SpecMemCore, i8 %tile_in_362, i64 666, i64 30, i64 18446744073709551615" [cnn_accel.cpp:32]   --->   Operation 227 'specmemcore' 'specmemcore_ln32' <Predicate = true> <Delay = 0.00>
ST_1 : Operation 228 [1/1] (0.00ns)   --->   "%specmemcore_ln32 = specmemcore void @_ssdm_op_SpecMemCore, i8 %tile_in_361, i64 666, i64 30, i64 18446744073709551615" [cnn_accel.cpp:32]   --->   Operation 228 'specmemcore' 'specmemcore_ln32' <Predicate = true> <Delay = 0.00>
ST_1 : Operation 229 [1/1] (0.00ns)   --->   "%specmemcore_ln32 = specmemcore void @_ssdm_op_SpecMemCore, i8 %tile_in_360, i64 666, i64 30, i64 18446744073709551615" [cnn_accel.cpp:32]   --->   Operation 229 'specmemcore' 'specmemcore_ln32' <Predicate = true> <Delay = 0.00>
ST_1 : Operation 230 [1/1] (0.00ns)   --->   "%specmemcore_ln32 = specmemcore void @_ssdm_op_SpecMemCore, i8 %tile_in_359, i64 666, i64 30, i64 18446744073709551615" [cnn_accel.cpp:32]   --->   Operation 230 'specmemcore' 'specmemcore_ln32' <Predicate = true> <Delay = 0.00>
ST_1 : Operation 231 [1/1] (0.00ns)   --->   "%specmemcore_ln32 = specmemcore void @_ssdm_op_SpecMemCore, i8 %tile_in_358, i64 666, i64 30, i64 18446744073709551615" [cnn_accel.cpp:32]   --->   Operation 231 'specmemcore' 'specmemcore_ln32' <Predicate = true> <Delay = 0.00>
ST_1 : Operation 232 [1/1] (0.00ns)   --->   "%specmemcore_ln32 = specmemcore void @_ssdm_op_SpecMemCore, i8 %tile_in_357, i64 666, i64 30, i64 18446744073709551615" [cnn_accel.cpp:32]   --->   Operation 232 'specmemcore' 'specmemcore_ln32' <Predicate = true> <Delay = 0.00>
ST_1 : Operation 233 [1/1] (0.00ns)   --->   "%specmemcore_ln32 = specmemcore void @_ssdm_op_SpecMemCore, i8 %tile_in_356, i64 666, i64 30, i64 18446744073709551615" [cnn_accel.cpp:32]   --->   Operation 233 'specmemcore' 'specmemcore_ln32' <Predicate = true> <Delay = 0.00>
ST_1 : Operation 234 [1/1] (0.00ns)   --->   "%specmemcore_ln32 = specmemcore void @_ssdm_op_SpecMemCore, i8 %tile_in_355, i64 666, i64 30, i64 18446744073709551615" [cnn_accel.cpp:32]   --->   Operation 234 'specmemcore' 'specmemcore_ln32' <Predicate = true> <Delay = 0.00>
ST_1 : Operation 235 [1/1] (0.00ns)   --->   "%specmemcore_ln32 = specmemcore void @_ssdm_op_SpecMemCore, i8 %tile_in_354, i64 666, i64 30, i64 18446744073709551615" [cnn_accel.cpp:32]   --->   Operation 235 'specmemcore' 'specmemcore_ln32' <Predicate = true> <Delay = 0.00>
ST_1 : Operation 236 [1/1] (0.00ns)   --->   "%specmemcore_ln32 = specmemcore void @_ssdm_op_SpecMemCore, i8 %tile_in_353, i64 666, i64 30, i64 18446744073709551615" [cnn_accel.cpp:32]   --->   Operation 236 'specmemcore' 'specmemcore_ln32' <Predicate = true> <Delay = 0.00>
ST_1 : Operation 237 [1/1] (0.00ns)   --->   "%specmemcore_ln32 = specmemcore void @_ssdm_op_SpecMemCore, i8 %tile_in_352, i64 666, i64 30, i64 18446744073709551615" [cnn_accel.cpp:32]   --->   Operation 237 'specmemcore' 'specmemcore_ln32' <Predicate = true> <Delay = 0.00>
ST_1 : Operation 238 [1/1] (0.00ns)   --->   "%specmemcore_ln32 = specmemcore void @_ssdm_op_SpecMemCore, i8 %tile_in_351, i64 666, i64 30, i64 18446744073709551615" [cnn_accel.cpp:32]   --->   Operation 238 'specmemcore' 'specmemcore_ln32' <Predicate = true> <Delay = 0.00>
ST_1 : Operation 239 [1/1] (0.00ns)   --->   "%specmemcore_ln32 = specmemcore void @_ssdm_op_SpecMemCore, i8 %tile_in_350, i64 666, i64 30, i64 18446744073709551615" [cnn_accel.cpp:32]   --->   Operation 239 'specmemcore' 'specmemcore_ln32' <Predicate = true> <Delay = 0.00>
ST_1 : Operation 240 [1/1] (0.00ns)   --->   "%specmemcore_ln32 = specmemcore void @_ssdm_op_SpecMemCore, i8 %tile_in_349, i64 666, i64 30, i64 18446744073709551615" [cnn_accel.cpp:32]   --->   Operation 240 'specmemcore' 'specmemcore_ln32' <Predicate = true> <Delay = 0.00>
ST_1 : Operation 241 [1/1] (0.00ns)   --->   "%specmemcore_ln32 = specmemcore void @_ssdm_op_SpecMemCore, i8 %tile_in_348, i64 666, i64 30, i64 18446744073709551615" [cnn_accel.cpp:32]   --->   Operation 241 'specmemcore' 'specmemcore_ln32' <Predicate = true> <Delay = 0.00>
ST_1 : Operation 242 [1/1] (0.00ns)   --->   "%specmemcore_ln32 = specmemcore void @_ssdm_op_SpecMemCore, i8 %tile_in_347, i64 666, i64 30, i64 18446744073709551615" [cnn_accel.cpp:32]   --->   Operation 242 'specmemcore' 'specmemcore_ln32' <Predicate = true> <Delay = 0.00>
ST_1 : Operation 243 [1/1] (0.00ns)   --->   "%specmemcore_ln32 = specmemcore void @_ssdm_op_SpecMemCore, i8 %tile_in_346, i64 666, i64 30, i64 18446744073709551615" [cnn_accel.cpp:32]   --->   Operation 243 'specmemcore' 'specmemcore_ln32' <Predicate = true> <Delay = 0.00>
ST_1 : Operation 244 [1/1] (0.00ns)   --->   "%specmemcore_ln32 = specmemcore void @_ssdm_op_SpecMemCore, i8 %tile_in_345, i64 666, i64 30, i64 18446744073709551615" [cnn_accel.cpp:32]   --->   Operation 244 'specmemcore' 'specmemcore_ln32' <Predicate = true> <Delay = 0.00>
ST_1 : Operation 245 [1/1] (0.00ns)   --->   "%specmemcore_ln32 = specmemcore void @_ssdm_op_SpecMemCore, i8 %tile_in_344, i64 666, i64 30, i64 18446744073709551615" [cnn_accel.cpp:32]   --->   Operation 245 'specmemcore' 'specmemcore_ln32' <Predicate = true> <Delay = 0.00>
ST_1 : Operation 246 [1/1] (0.00ns)   --->   "%specmemcore_ln32 = specmemcore void @_ssdm_op_SpecMemCore, i8 %tile_in_343, i64 666, i64 30, i64 18446744073709551615" [cnn_accel.cpp:32]   --->   Operation 246 'specmemcore' 'specmemcore_ln32' <Predicate = true> <Delay = 0.00>
ST_1 : Operation 247 [1/1] (0.00ns)   --->   "%specmemcore_ln32 = specmemcore void @_ssdm_op_SpecMemCore, i8 %tile_in_342, i64 666, i64 30, i64 18446744073709551615" [cnn_accel.cpp:32]   --->   Operation 247 'specmemcore' 'specmemcore_ln32' <Predicate = true> <Delay = 0.00>
ST_1 : Operation 248 [1/1] (0.00ns)   --->   "%specmemcore_ln32 = specmemcore void @_ssdm_op_SpecMemCore, i8 %tile_in_341, i64 666, i64 30, i64 18446744073709551615" [cnn_accel.cpp:32]   --->   Operation 248 'specmemcore' 'specmemcore_ln32' <Predicate = true> <Delay = 0.00>
ST_1 : Operation 249 [1/1] (0.00ns)   --->   "%specmemcore_ln32 = specmemcore void @_ssdm_op_SpecMemCore, i8 %tile_in_340, i64 666, i64 30, i64 18446744073709551615" [cnn_accel.cpp:32]   --->   Operation 249 'specmemcore' 'specmemcore_ln32' <Predicate = true> <Delay = 0.00>
ST_1 : Operation 250 [1/1] (0.00ns)   --->   "%specmemcore_ln32 = specmemcore void @_ssdm_op_SpecMemCore, i8 %tile_in_339, i64 666, i64 30, i64 18446744073709551615" [cnn_accel.cpp:32]   --->   Operation 250 'specmemcore' 'specmemcore_ln32' <Predicate = true> <Delay = 0.00>
ST_1 : Operation 251 [1/1] (0.00ns)   --->   "%specmemcore_ln32 = specmemcore void @_ssdm_op_SpecMemCore, i8 %tile_in_338, i64 666, i64 30, i64 18446744073709551615" [cnn_accel.cpp:32]   --->   Operation 251 'specmemcore' 'specmemcore_ln32' <Predicate = true> <Delay = 0.00>
ST_1 : Operation 252 [1/1] (0.00ns)   --->   "%specmemcore_ln32 = specmemcore void @_ssdm_op_SpecMemCore, i8 %tile_in_337, i64 666, i64 30, i64 18446744073709551615" [cnn_accel.cpp:32]   --->   Operation 252 'specmemcore' 'specmemcore_ln32' <Predicate = true> <Delay = 0.00>
ST_1 : Operation 253 [1/1] (0.00ns)   --->   "%specmemcore_ln32 = specmemcore void @_ssdm_op_SpecMemCore, i8 %tile_in_336, i64 666, i64 30, i64 18446744073709551615" [cnn_accel.cpp:32]   --->   Operation 253 'specmemcore' 'specmemcore_ln32' <Predicate = true> <Delay = 0.00>
ST_1 : Operation 254 [1/1] (0.00ns)   --->   "%specmemcore_ln32 = specmemcore void @_ssdm_op_SpecMemCore, i8 %tile_in_335, i64 666, i64 30, i64 18446744073709551615" [cnn_accel.cpp:32]   --->   Operation 254 'specmemcore' 'specmemcore_ln32' <Predicate = true> <Delay = 0.00>
ST_1 : Operation 255 [1/1] (0.00ns)   --->   "%specmemcore_ln32 = specmemcore void @_ssdm_op_SpecMemCore, i8 %tile_in_334, i64 666, i64 30, i64 18446744073709551615" [cnn_accel.cpp:32]   --->   Operation 255 'specmemcore' 'specmemcore_ln32' <Predicate = true> <Delay = 0.00>
ST_1 : Operation 256 [1/1] (0.00ns)   --->   "%specmemcore_ln32 = specmemcore void @_ssdm_op_SpecMemCore, i8 %tile_in_333, i64 666, i64 30, i64 18446744073709551615" [cnn_accel.cpp:32]   --->   Operation 256 'specmemcore' 'specmemcore_ln32' <Predicate = true> <Delay = 0.00>
ST_1 : Operation 257 [1/1] (0.00ns)   --->   "%specmemcore_ln32 = specmemcore void @_ssdm_op_SpecMemCore, i8 %tile_in_332, i64 666, i64 30, i64 18446744073709551615" [cnn_accel.cpp:32]   --->   Operation 257 'specmemcore' 'specmemcore_ln32' <Predicate = true> <Delay = 0.00>
ST_1 : Operation 258 [1/1] (0.00ns)   --->   "%specmemcore_ln32 = specmemcore void @_ssdm_op_SpecMemCore, i8 %tile_in_331, i64 666, i64 30, i64 18446744073709551615" [cnn_accel.cpp:32]   --->   Operation 258 'specmemcore' 'specmemcore_ln32' <Predicate = true> <Delay = 0.00>
ST_1 : Operation 259 [1/1] (0.00ns)   --->   "%specmemcore_ln32 = specmemcore void @_ssdm_op_SpecMemCore, i8 %tile_in_330, i64 666, i64 30, i64 18446744073709551615" [cnn_accel.cpp:32]   --->   Operation 259 'specmemcore' 'specmemcore_ln32' <Predicate = true> <Delay = 0.00>
ST_1 : Operation 260 [1/1] (0.00ns)   --->   "%specmemcore_ln32 = specmemcore void @_ssdm_op_SpecMemCore, i8 %tile_in_329, i64 666, i64 30, i64 18446744073709551615" [cnn_accel.cpp:32]   --->   Operation 260 'specmemcore' 'specmemcore_ln32' <Predicate = true> <Delay = 0.00>
ST_1 : Operation 261 [1/1] (0.00ns)   --->   "%specmemcore_ln32 = specmemcore void @_ssdm_op_SpecMemCore, i8 %tile_in_328, i64 666, i64 30, i64 18446744073709551615" [cnn_accel.cpp:32]   --->   Operation 261 'specmemcore' 'specmemcore_ln32' <Predicate = true> <Delay = 0.00>
ST_1 : Operation 262 [1/1] (0.00ns)   --->   "%specmemcore_ln32 = specmemcore void @_ssdm_op_SpecMemCore, i8 %tile_in_327, i64 666, i64 30, i64 18446744073709551615" [cnn_accel.cpp:32]   --->   Operation 262 'specmemcore' 'specmemcore_ln32' <Predicate = true> <Delay = 0.00>
ST_1 : Operation 263 [1/1] (0.00ns)   --->   "%specmemcore_ln32 = specmemcore void @_ssdm_op_SpecMemCore, i8 %tile_in_326, i64 666, i64 30, i64 18446744073709551615" [cnn_accel.cpp:32]   --->   Operation 263 'specmemcore' 'specmemcore_ln32' <Predicate = true> <Delay = 0.00>
ST_1 : Operation 264 [1/1] (0.00ns)   --->   "%specmemcore_ln32 = specmemcore void @_ssdm_op_SpecMemCore, i8 %tile_in_325, i64 666, i64 30, i64 18446744073709551615" [cnn_accel.cpp:32]   --->   Operation 264 'specmemcore' 'specmemcore_ln32' <Predicate = true> <Delay = 0.00>
ST_1 : Operation 265 [1/1] (0.00ns)   --->   "%specmemcore_ln32 = specmemcore void @_ssdm_op_SpecMemCore, i8 %tile_in_324, i64 666, i64 30, i64 18446744073709551615" [cnn_accel.cpp:32]   --->   Operation 265 'specmemcore' 'specmemcore_ln32' <Predicate = true> <Delay = 0.00>
ST_1 : Operation 266 [1/1] (0.00ns)   --->   "%specmemcore_ln32 = specmemcore void @_ssdm_op_SpecMemCore, i8 %tile_in_323, i64 666, i64 30, i64 18446744073709551615" [cnn_accel.cpp:32]   --->   Operation 266 'specmemcore' 'specmemcore_ln32' <Predicate = true> <Delay = 0.00>
ST_1 : Operation 267 [1/1] (0.00ns)   --->   "%specmemcore_ln32 = specmemcore void @_ssdm_op_SpecMemCore, i8 %tile_in_322, i64 666, i64 30, i64 18446744073709551615" [cnn_accel.cpp:32]   --->   Operation 267 'specmemcore' 'specmemcore_ln32' <Predicate = true> <Delay = 0.00>
ST_1 : Operation 268 [1/1] (0.00ns)   --->   "%specmemcore_ln32 = specmemcore void @_ssdm_op_SpecMemCore, i8 %tile_in_321, i64 666, i64 30, i64 18446744073709551615" [cnn_accel.cpp:32]   --->   Operation 268 'specmemcore' 'specmemcore_ln32' <Predicate = true> <Delay = 0.00>
ST_1 : Operation 269 [1/1] (0.00ns)   --->   "%specmemcore_ln32 = specmemcore void @_ssdm_op_SpecMemCore, i8 %tile_in_320, i64 666, i64 30, i64 18446744073709551615" [cnn_accel.cpp:32]   --->   Operation 269 'specmemcore' 'specmemcore_ln32' <Predicate = true> <Delay = 0.00>
ST_1 : Operation 270 [1/1] (0.00ns)   --->   "%specmemcore_ln32 = specmemcore void @_ssdm_op_SpecMemCore, i8 %tile_in_319, i64 666, i64 30, i64 18446744073709551615" [cnn_accel.cpp:32]   --->   Operation 270 'specmemcore' 'specmemcore_ln32' <Predicate = true> <Delay = 0.00>
ST_1 : Operation 271 [1/1] (0.00ns)   --->   "%specmemcore_ln32 = specmemcore void @_ssdm_op_SpecMemCore, i8 %tile_in_318, i64 666, i64 30, i64 18446744073709551615" [cnn_accel.cpp:32]   --->   Operation 271 'specmemcore' 'specmemcore_ln32' <Predicate = true> <Delay = 0.00>
ST_1 : Operation 272 [1/1] (0.00ns)   --->   "%specmemcore_ln32 = specmemcore void @_ssdm_op_SpecMemCore, i8 %tile_in_317, i64 666, i64 30, i64 18446744073709551615" [cnn_accel.cpp:32]   --->   Operation 272 'specmemcore' 'specmemcore_ln32' <Predicate = true> <Delay = 0.00>
ST_1 : Operation 273 [1/1] (0.00ns)   --->   "%specmemcore_ln32 = specmemcore void @_ssdm_op_SpecMemCore, i8 %tile_in_316, i64 666, i64 30, i64 18446744073709551615" [cnn_accel.cpp:32]   --->   Operation 273 'specmemcore' 'specmemcore_ln32' <Predicate = true> <Delay = 0.00>
ST_1 : Operation 274 [1/1] (0.00ns)   --->   "%specmemcore_ln32 = specmemcore void @_ssdm_op_SpecMemCore, i8 %tile_in_315, i64 666, i64 30, i64 18446744073709551615" [cnn_accel.cpp:32]   --->   Operation 274 'specmemcore' 'specmemcore_ln32' <Predicate = true> <Delay = 0.00>
ST_1 : Operation 275 [1/1] (0.00ns)   --->   "%specmemcore_ln32 = specmemcore void @_ssdm_op_SpecMemCore, i8 %tile_in_314, i64 666, i64 30, i64 18446744073709551615" [cnn_accel.cpp:32]   --->   Operation 275 'specmemcore' 'specmemcore_ln32' <Predicate = true> <Delay = 0.00>
ST_1 : Operation 276 [1/1] (0.00ns)   --->   "%specmemcore_ln32 = specmemcore void @_ssdm_op_SpecMemCore, i8 %tile_in_313, i64 666, i64 30, i64 18446744073709551615" [cnn_accel.cpp:32]   --->   Operation 276 'specmemcore' 'specmemcore_ln32' <Predicate = true> <Delay = 0.00>
ST_1 : Operation 277 [1/1] (0.00ns)   --->   "%specmemcore_ln32 = specmemcore void @_ssdm_op_SpecMemCore, i8 %tile_in_312, i64 666, i64 30, i64 18446744073709551615" [cnn_accel.cpp:32]   --->   Operation 277 'specmemcore' 'specmemcore_ln32' <Predicate = true> <Delay = 0.00>
ST_1 : Operation 278 [1/1] (0.00ns)   --->   "%specmemcore_ln32 = specmemcore void @_ssdm_op_SpecMemCore, i8 %tile_in_311, i64 666, i64 30, i64 18446744073709551615" [cnn_accel.cpp:32]   --->   Operation 278 'specmemcore' 'specmemcore_ln32' <Predicate = true> <Delay = 0.00>
ST_1 : Operation 279 [1/1] (0.00ns)   --->   "%specmemcore_ln32 = specmemcore void @_ssdm_op_SpecMemCore, i8 %tile_in_310, i64 666, i64 30, i64 18446744073709551615" [cnn_accel.cpp:32]   --->   Operation 279 'specmemcore' 'specmemcore_ln32' <Predicate = true> <Delay = 0.00>
ST_1 : Operation 280 [1/1] (0.00ns)   --->   "%specmemcore_ln32 = specmemcore void @_ssdm_op_SpecMemCore, i8 %tile_in_309, i64 666, i64 30, i64 18446744073709551615" [cnn_accel.cpp:32]   --->   Operation 280 'specmemcore' 'specmemcore_ln32' <Predicate = true> <Delay = 0.00>
ST_1 : Operation 281 [1/1] (0.00ns)   --->   "%specmemcore_ln32 = specmemcore void @_ssdm_op_SpecMemCore, i8 %tile_in_308, i64 666, i64 30, i64 18446744073709551615" [cnn_accel.cpp:32]   --->   Operation 281 'specmemcore' 'specmemcore_ln32' <Predicate = true> <Delay = 0.00>
ST_1 : Operation 282 [1/1] (0.00ns)   --->   "%specmemcore_ln32 = specmemcore void @_ssdm_op_SpecMemCore, i8 %tile_in_307, i64 666, i64 30, i64 18446744073709551615" [cnn_accel.cpp:32]   --->   Operation 282 'specmemcore' 'specmemcore_ln32' <Predicate = true> <Delay = 0.00>
ST_1 : Operation 283 [1/1] (0.00ns)   --->   "%specmemcore_ln32 = specmemcore void @_ssdm_op_SpecMemCore, i8 %tile_in_306, i64 666, i64 30, i64 18446744073709551615" [cnn_accel.cpp:32]   --->   Operation 283 'specmemcore' 'specmemcore_ln32' <Predicate = true> <Delay = 0.00>
ST_1 : Operation 284 [1/1] (0.00ns)   --->   "%specmemcore_ln32 = specmemcore void @_ssdm_op_SpecMemCore, i8 %tile_in_305, i64 666, i64 30, i64 18446744073709551615" [cnn_accel.cpp:32]   --->   Operation 284 'specmemcore' 'specmemcore_ln32' <Predicate = true> <Delay = 0.00>
ST_1 : Operation 285 [1/1] (0.00ns)   --->   "%specmemcore_ln32 = specmemcore void @_ssdm_op_SpecMemCore, i8 %tile_in_304, i64 666, i64 30, i64 18446744073709551615" [cnn_accel.cpp:32]   --->   Operation 285 'specmemcore' 'specmemcore_ln32' <Predicate = true> <Delay = 0.00>
ST_1 : Operation 286 [1/1] (0.00ns)   --->   "%specmemcore_ln32 = specmemcore void @_ssdm_op_SpecMemCore, i8 %tile_in_303, i64 666, i64 30, i64 18446744073709551615" [cnn_accel.cpp:32]   --->   Operation 286 'specmemcore' 'specmemcore_ln32' <Predicate = true> <Delay = 0.00>
ST_1 : Operation 287 [1/1] (0.00ns)   --->   "%specmemcore_ln32 = specmemcore void @_ssdm_op_SpecMemCore, i8 %tile_in_302, i64 666, i64 30, i64 18446744073709551615" [cnn_accel.cpp:32]   --->   Operation 287 'specmemcore' 'specmemcore_ln32' <Predicate = true> <Delay = 0.00>
ST_1 : Operation 288 [1/1] (0.00ns)   --->   "%specmemcore_ln32 = specmemcore void @_ssdm_op_SpecMemCore, i8 %tile_in_301, i64 666, i64 30, i64 18446744073709551615" [cnn_accel.cpp:32]   --->   Operation 288 'specmemcore' 'specmemcore_ln32' <Predicate = true> <Delay = 0.00>
ST_1 : Operation 289 [1/1] (0.00ns)   --->   "%specmemcore_ln32 = specmemcore void @_ssdm_op_SpecMemCore, i8 %tile_in_300, i64 666, i64 30, i64 18446744073709551615" [cnn_accel.cpp:32]   --->   Operation 289 'specmemcore' 'specmemcore_ln32' <Predicate = true> <Delay = 0.00>
ST_1 : Operation 290 [1/1] (0.00ns)   --->   "%specmemcore_ln32 = specmemcore void @_ssdm_op_SpecMemCore, i8 %tile_in_299, i64 666, i64 30, i64 18446744073709551615" [cnn_accel.cpp:32]   --->   Operation 290 'specmemcore' 'specmemcore_ln32' <Predicate = true> <Delay = 0.00>
ST_1 : Operation 291 [1/1] (0.00ns)   --->   "%specmemcore_ln32 = specmemcore void @_ssdm_op_SpecMemCore, i8 %tile_in_298, i64 666, i64 30, i64 18446744073709551615" [cnn_accel.cpp:32]   --->   Operation 291 'specmemcore' 'specmemcore_ln32' <Predicate = true> <Delay = 0.00>
ST_1 : Operation 292 [1/1] (0.00ns)   --->   "%specmemcore_ln32 = specmemcore void @_ssdm_op_SpecMemCore, i8 %tile_in_297, i64 666, i64 30, i64 18446744073709551615" [cnn_accel.cpp:32]   --->   Operation 292 'specmemcore' 'specmemcore_ln32' <Predicate = true> <Delay = 0.00>
ST_1 : Operation 293 [1/1] (0.00ns)   --->   "%specmemcore_ln32 = specmemcore void @_ssdm_op_SpecMemCore, i8 %tile_in_296, i64 666, i64 30, i64 18446744073709551615" [cnn_accel.cpp:32]   --->   Operation 293 'specmemcore' 'specmemcore_ln32' <Predicate = true> <Delay = 0.00>
ST_1 : Operation 294 [1/1] (0.00ns)   --->   "%specmemcore_ln32 = specmemcore void @_ssdm_op_SpecMemCore, i8 %tile_in_295, i64 666, i64 30, i64 18446744073709551615" [cnn_accel.cpp:32]   --->   Operation 294 'specmemcore' 'specmemcore_ln32' <Predicate = true> <Delay = 0.00>
ST_1 : Operation 295 [1/1] (0.00ns)   --->   "%specmemcore_ln32 = specmemcore void @_ssdm_op_SpecMemCore, i8 %tile_in_294, i64 666, i64 30, i64 18446744073709551615" [cnn_accel.cpp:32]   --->   Operation 295 'specmemcore' 'specmemcore_ln32' <Predicate = true> <Delay = 0.00>
ST_1 : Operation 296 [1/1] (0.00ns)   --->   "%specmemcore_ln32 = specmemcore void @_ssdm_op_SpecMemCore, i8 %tile_in_293, i64 666, i64 30, i64 18446744073709551615" [cnn_accel.cpp:32]   --->   Operation 296 'specmemcore' 'specmemcore_ln32' <Predicate = true> <Delay = 0.00>
ST_1 : Operation 297 [1/1] (0.00ns)   --->   "%specmemcore_ln32 = specmemcore void @_ssdm_op_SpecMemCore, i8 %tile_in_292, i64 666, i64 30, i64 18446744073709551615" [cnn_accel.cpp:32]   --->   Operation 297 'specmemcore' 'specmemcore_ln32' <Predicate = true> <Delay = 0.00>
ST_1 : Operation 298 [1/1] (0.00ns)   --->   "%specmemcore_ln32 = specmemcore void @_ssdm_op_SpecMemCore, i8 %tile_in_291, i64 666, i64 30, i64 18446744073709551615" [cnn_accel.cpp:32]   --->   Operation 298 'specmemcore' 'specmemcore_ln32' <Predicate = true> <Delay = 0.00>
ST_1 : Operation 299 [1/1] (0.00ns)   --->   "%specmemcore_ln32 = specmemcore void @_ssdm_op_SpecMemCore, i8 %tile_in_290, i64 666, i64 30, i64 18446744073709551615" [cnn_accel.cpp:32]   --->   Operation 299 'specmemcore' 'specmemcore_ln32' <Predicate = true> <Delay = 0.00>
ST_1 : Operation 300 [1/1] (0.00ns)   --->   "%specmemcore_ln32 = specmemcore void @_ssdm_op_SpecMemCore, i8 %tile_in_289, i64 666, i64 30, i64 18446744073709551615" [cnn_accel.cpp:32]   --->   Operation 300 'specmemcore' 'specmemcore_ln32' <Predicate = true> <Delay = 0.00>
ST_1 : Operation 301 [1/1] (0.00ns)   --->   "%specmemcore_ln32 = specmemcore void @_ssdm_op_SpecMemCore, i8 %tile_in_288, i64 666, i64 30, i64 18446744073709551615" [cnn_accel.cpp:32]   --->   Operation 301 'specmemcore' 'specmemcore_ln32' <Predicate = true> <Delay = 0.00>
ST_1 : Operation 302 [1/1] (0.00ns)   --->   "%specmemcore_ln32 = specmemcore void @_ssdm_op_SpecMemCore, i8 %tile_in, i64 666, i64 30, i64 18446744073709551615" [cnn_accel.cpp:32]   --->   Operation 302 'specmemcore' 'specmemcore_ln32' <Predicate = true> <Delay = 0.00>
ST_1 : Operation 303 [1/1] (0.00ns)   --->   "%specmemcore_ln35 = specmemcore void @_ssdm_op_SpecMemCore, i7 %tile_out, i64 666, i64 30, i64 18446744073709551615" [cnn_accel.cpp:35]   --->   Operation 303 'specmemcore' 'specmemcore_ln35' <Predicate = true> <Delay = 0.00>
ST_1 : Operation 304 [1/1] (0.00ns)   --->   "%sext_ln37 = sext i32 %H_read" [cnn_accel.cpp:37]   --->   Operation 304 'sext' 'sext_ln37' <Predicate = true> <Delay = 0.00>
ST_1 : Operation 305 [1/1] (0.00ns)   --->   "%trunc_ln37 = trunc i32 %H_read" [cnn_accel.cpp:37]   --->   Operation 305 'trunc' 'trunc_ln37' <Predicate = true> <Delay = 0.00>
ST_1 : Operation 306 [1/1] (1.61ns)   --->   "%store_ln37 = store i6 0, i6 %oc_base" [cnn_accel.cpp:37]   --->   Operation 306 'store' 'store_ln37' <Predicate = true> <Delay = 1.61>
ST_1 : Operation 307 [1/1] (0.00ns)   --->   "%br_ln37 = br void %VITIS_LOOP_39_2" [cnn_accel.cpp:37]   --->   Operation 307 'br' 'br_ln37' <Predicate = true> <Delay = 0.00>

State 2 <SV = 1> <Delay = 1.61>
ST_2 : Operation 308 [1/1] (0.00ns)   --->   "%oc_base_2 = load i6 %oc_base" [cnn_accel.cpp:37]   --->   Operation 308 'load' 'oc_base_2' <Predicate = true> <Delay = 0.00>
ST_2 : Operation 309 [1/1] (0.00ns)   --->   "%tmp = bitselect i1 @_ssdm_op_BitSelect.i1.i6.i32, i6 %oc_base_2, i32 5" [cnn_accel.cpp:37]   --->   Operation 309 'bitselect' 'tmp' <Predicate = true> <Delay = 0.00>
ST_2 : Operation 310 [1/1] (0.00ns)   --->   "%speclooptripcount_ln0 = speclooptripcount void @_ssdm_op_SpecLoopTripCount, i64 4, i64 4, i64 4"   --->   Operation 310 'speclooptripcount' 'speclooptripcount_ln0' <Predicate = true> <Delay = 0.00>
ST_2 : Operation 311 [1/1] (0.00ns)   --->   "%br_ln37 = br i1 %tmp, void %VITIS_LOOP_39_2.split, void %for.end188" [cnn_accel.cpp:37]   --->   Operation 311 'br' 'br_ln37' <Predicate = true> <Delay = 0.00>
ST_2 : Operation 312 [1/1] (0.00ns)   --->   "%trunc_ln37_2 = trunc i6 %oc_base_2" [cnn_accel.cpp:37]   --->   Operation 312 'trunc' 'trunc_ln37_2' <Predicate = (!tmp)> <Delay = 0.00>
ST_2 : Operation 313 [1/1] (0.00ns)   --->   "%specloopname_ln37 = specloopname void @_ssdm_op_SpecLoopName, void @empty_7" [cnn_accel.cpp:37]   --->   Operation 313 'specloopname' 'specloopname_ln37' <Predicate = (!tmp)> <Delay = 0.00>
ST_2 : Operation 314 [1/1] (1.61ns)   --->   "%br_ln39 = br void %VITIS_LOOP_40_3" [cnn_accel.cpp:39]   --->   Operation 314 'br' 'br_ln39' <Predicate = (!tmp)> <Delay = 1.61>
ST_2 : Operation 315 [1/1] (0.00ns)   --->   "%ret_ln116 = ret" [cnn_accel.cpp:116]   --->   Operation 315 'ret' 'ret_ln116' <Predicate = (tmp)> <Delay = 0.00>

State 3 <SV = 2> <Delay = 4.31>
ST_3 : Operation 316 [1/1] (0.00ns)   --->   "%ty = phi i32 0, void %VITIS_LOOP_39_2.split, i32 %add_ln39, void %for.inc183.loopexit" [cnn_accel.cpp:39]   --->   Operation 316 'phi' 'ty' <Predicate = true> <Delay = 0.00>
ST_3 : Operation 317 [1/1] (0.00ns)   --->   "%zext_ln39 = zext i32 %ty" [cnn_accel.cpp:39]   --->   Operation 317 'zext' 'zext_ln39' <Predicate = true> <Delay = 0.00>
ST_3 : Operation 318 [1/1] (2.70ns)   --->   "%icmp_ln39 = icmp_slt  i33 %zext_ln39, i33 %sext_ln37" [cnn_accel.cpp:39]   --->   Operation 318 'icmp' 'icmp_ln39' <Predicate = true> <Delay = 2.70> <CoreInst = "Cmp">   --->   Core 9 'Cmp' <Latency = 0> <II = 1> <Delay = 2.70> <FuncUnit> <Opcode : 'seteq' 'setne' 'setle' 'setge' 'setlt' 'setgt'> <InPorts = 2> <OutPorts = 1>
ST_3 : Operation 319 [1/1] (0.00ns)   --->   "%br_ln39 = br i1 %icmp_ln39, void %for.inc186.loopexit, void %VITIS_LOOP_40_3.split" [cnn_accel.cpp:39]   --->   Operation 319 'br' 'br_ln39' <Predicate = true> <Delay = 0.00>
ST_3 : Operation 320 [1/1] (0.00ns)   --->   "%trunc_ln39 = trunc i32 %ty" [cnn_accel.cpp:39]   --->   Operation 320 'trunc' 'trunc_ln39' <Predicate = (icmp_ln39)> <Delay = 0.00>
ST_3 : Operation 321 [1/1] (0.00ns)   --->   "%specloopname_ln39 = specloopname void @_ssdm_op_SpecLoopName, void @empty_8" [cnn_accel.cpp:39]   --->   Operation 321 'specloopname' 'specloopname_ln39' <Predicate = (icmp_ln39)> <Delay = 0.00>
ST_3 : Operation 322 [1/1] (1.61ns)   --->   "%br_ln40 = br void %VITIS_LOOP_43_4" [cnn_accel.cpp:40]   --->   Operation 322 'br' 'br_ln40' <Predicate = (icmp_ln39)> <Delay = 1.61>
ST_3 : Operation 323 [1/1] (1.94ns)   --->   "%add_ln37 = add i6 %oc_base_2, i6 8" [cnn_accel.cpp:37]   --->   Operation 323 'add' 'add_ln37' <Predicate = (!icmp_ln39)> <Delay = 1.94> <CoreInst = "Adder">   --->   Core 1 'Adder' <Latency = 0> <II = 1> <Delay = 1.94> <FuncUnit> <Opcode : 'add' 'sub'> <InPorts = 2> <OutPorts = 1>
ST_3 : Operation 324 [1/1] (1.61ns)   --->   "%store_ln37 = store i6 %add_ln37, i6 %oc_base" [cnn_accel.cpp:37]   --->   Operation 324 'store' 'store_ln37' <Predicate = (!icmp_ln39)> <Delay = 1.61>
ST_3 : Operation 325 [1/1] (0.00ns)   --->   "%br_ln37 = br void %VITIS_LOOP_39_2" [cnn_accel.cpp:37]   --->   Operation 325 'br' 'br_ln37' <Predicate = (!icmp_ln39)> <Delay = 0.00>

State 4 <SV = 3> <Delay = 2.70>
ST_4 : Operation 326 [1/1] (0.00ns)   --->   "%tx = phi i32 0, void %VITIS_LOOP_40_3.split, i32 %add_ln40, void %VITIS_LOOP_43_4.split" [cnn_accel.cpp:40]   --->   Operation 326 'phi' 'tx' <Predicate = true> <Delay = 0.00>
ST_4 : Operation 327 [1/1] (0.00ns)   --->   "%zext_ln40 = zext i32 %tx" [cnn_accel.cpp:40]   --->   Operation 327 'zext' 'zext_ln40' <Predicate = true> <Delay = 0.00>
ST_4 : Operation 328 [1/1] (2.70ns)   --->   "%icmp_ln40 = icmp_slt  i33 %zext_ln40, i33 %sext_ln37" [cnn_accel.cpp:40]   --->   Operation 328 'icmp' 'icmp_ln40' <Predicate = true> <Delay = 2.70> <CoreInst = "Cmp">   --->   Core 9 'Cmp' <Latency = 0> <II = 1> <Delay = 2.70> <FuncUnit> <Opcode : 'seteq' 'setne' 'setle' 'setge' 'setlt' 'setgt'> <InPorts = 2> <OutPorts = 1>
ST_4 : Operation 329 [1/1] (0.00ns)   --->   "%br_ln40 = br i1 %icmp_ln40, void %for.inc183.loopexit, void %VITIS_LOOP_43_4.split" [cnn_accel.cpp:40]   --->   Operation 329 'br' 'br_ln40' <Predicate = true> <Delay = 0.00>
ST_4 : Operation 330 [1/1] (0.00ns)   --->   "%trunc_ln40 = trunc i32 %tx" [cnn_accel.cpp:40]   --->   Operation 330 'trunc' 'trunc_ln40' <Predicate = (icmp_ln40)> <Delay = 0.00>
ST_4 : Operation 331 [2/2] (0.00ns)   --->   "%call_ln39 = call void @conv_layer.1_Pipeline_VITIS_LOOP_43_4_VITIS_LOOP_44_5, i8 %gmem, i64 %input_read, i31 %trunc_ln39, i31 %trunc_ln37, i32 %H_read, i8 %tile_in, i8 %tile_in_288, i8 %tile_in_289, i8 %tile_in_290, i8 %tile_in_291, i8 %tile_in_292, i8 %tile_in_293, i8 %tile_in_294, i8 %tile_in_295, i8 %tile_in_296, i8 %tile_in_297, i8 %tile_in_298, i8 %tile_in_299, i8 %tile_in_300, i8 %tile_in_301, i8 %tile_in_302, i8 %tile_in_303, i8 %tile_in_304, i8 %tile_in_305, i8 %tile_in_306, i8 %tile_in_307, i8 %tile_in_308, i8 %tile_in_309, i8 %tile_in_310, i8 %tile_in_311, i8 %tile_in_312, i8 %tile_in_313, i8 %tile_in_314, i8 %tile_in_315, i8 %tile_in_316, i8 %tile_in_317, i8 %tile_in_318, i8 %tile_in_319, i8 %tile_in_320, i8 %tile_in_321, i8 %tile_in_322, i8 %tile_in_323, i8 %tile_in_324, i8 %tile_in_325, i8 %tile_in_326, i8 %tile_in_327, i8 %tile_in_328, i8 %tile_in_329, i8 %tile_in_330, i8 %tile_in_331, i8 %tile_in_332, i8 %tile_in_333, i8 %tile_in_334, i8 %tile_in_335, i8 %tile_in_336, i8 %tile_in_337, i8 %tile_in_338, i8 %tile_in_339, i8 %tile_in_340, i8 %tile_in_341, i8 %tile_in_342, i8 %tile_in_343, i8 %tile_in_344, i8 %tile_in_345, i8 %tile_in_346, i8 %tile_in_347, i8 %tile_in_348, i8 %tile_in_349, i8 %tile_in_350, i8 %tile_in_351, i8 %tile_in_352, i8 %tile_in_353, i8 %tile_in_354, i8 %tile_in_355, i8 %tile_in_356, i8 %tile_in_357, i8 %tile_in_358, i8 %tile_in_359, i8 %tile_in_360, i8 %tile_in_361, i8 %tile_in_362, i8 %tile_in_363, i8 %tile_in_364, i8 %tile_in_365, i8 %tile_in_366, i8 %tile_in_367, i8 %tile_in_368, i8 %tile_in_369, i8 %tile_in_370, i8 %tile_in_371, i8 %tile_in_372, i8 %tile_in_373, i8 %tile_in_374, i8 %tile_in_375, i8 %tile_in_376, i8 %tile_in_377, i8 %tile_in_378, i8 %tile_in_379, i8 %tile_in_380, i8 %tile_in_381, i8 %tile_in_382, i8 %tile_in_383, i8 %tile_in_384, i8 %tile_in_385, i8 %tile_in_386, i8 %tile_in_387, i8 %tile_in_388, i8 %tile_in_389, i8 %tile_in_390, i8 %tile_in_391, i8 %tile_in_392, i8 %tile_in_393, i8 %tile_in_394, i8 %tile_in_395, i8 %tile_in_396, i8 %tile_in_397, i8 %tile_in_398, i8 %tile_in_399, i8 %tile_in_400, i8 %tile_in_401, i8 %tile_in_402, i8 %tile_in_403, i8 %tile_in_404, i8 %tile_in_405, i8 %tile_in_406, i8 %tile_in_407, i8 %tile_in_408, i8 %tile_in_409, i8 %tile_in_410, i8 %tile_in_411, i8 %tile_in_412, i8 %tile_in_413, i8 %tile_in_414, i8 %tile_in_415, i8 %tile_in_416, i8 %tile_in_417, i8 %tile_in_418, i8 %tile_in_419, i8 %tile_in_420, i8 %tile_in_421, i8 %tile_in_422, i8 %tile_in_423, i8 %tile_in_424, i8 %tile_in_425, i8 %tile_in_426, i8 %tile_in_427, i8 %tile_in_428, i8 %tile_in_429, i8 %tile_in_430, i31 %trunc_ln40" [cnn_accel.cpp:39]   --->   Operation 331 'call' 'call_ln39' <Predicate = (icmp_ln40)> <Delay = 0.00> <CoreType = "Generic">   --->   Generic Core
ST_4 : Operation 332 [1/1] (2.70ns)   --->   "%add_ln40 = add i32 %tx, i32 16" [cnn_accel.cpp:40]   --->   Operation 332 'add' 'add_ln40' <Predicate = (icmp_ln40)> <Delay = 2.70> <CoreInst = "Adder">   --->   Core 1 'Adder' <Latency = 0> <II = 1> <Delay = 2.70> <FuncUnit> <Opcode : 'add' 'sub'> <InPorts = 2> <OutPorts = 1>
ST_4 : Operation 333 [1/1] (2.70ns)   --->   "%add_ln39 = add i32 %ty, i32 16" [cnn_accel.cpp:39]   --->   Operation 333 'add' 'add_ln39' <Predicate = (!icmp_ln40)> <Delay = 2.70> <CoreInst = "Adder">   --->   Core 1 'Adder' <Latency = 0> <II = 1> <Delay = 2.70> <FuncUnit> <Opcode : 'add' 'sub'> <InPorts = 2> <OutPorts = 1>
ST_4 : Operation 334 [1/1] (0.00ns)   --->   "%br_ln39 = br void %VITIS_LOOP_40_3" [cnn_accel.cpp:39]   --->   Operation 334 'br' 'br_ln39' <Predicate = (!icmp_ln40)> <Delay = 0.00>

State 5 <SV = 4> <Delay = 0.00>
ST_5 : Operation 335 [1/2] (0.00ns)   --->   "%call_ln39 = call void @conv_layer.1_Pipeline_VITIS_LOOP_43_4_VITIS_LOOP_44_5, i8 %gmem, i64 %input_read, i31 %trunc_ln39, i31 %trunc_ln37, i32 %H_read, i8 %tile_in, i8 %tile_in_288, i8 %tile_in_289, i8 %tile_in_290, i8 %tile_in_291, i8 %tile_in_292, i8 %tile_in_293, i8 %tile_in_294, i8 %tile_in_295, i8 %tile_in_296, i8 %tile_in_297, i8 %tile_in_298, i8 %tile_in_299, i8 %tile_in_300, i8 %tile_in_301, i8 %tile_in_302, i8 %tile_in_303, i8 %tile_in_304, i8 %tile_in_305, i8 %tile_in_306, i8 %tile_in_307, i8 %tile_in_308, i8 %tile_in_309, i8 %tile_in_310, i8 %tile_in_311, i8 %tile_in_312, i8 %tile_in_313, i8 %tile_in_314, i8 %tile_in_315, i8 %tile_in_316, i8 %tile_in_317, i8 %tile_in_318, i8 %tile_in_319, i8 %tile_in_320, i8 %tile_in_321, i8 %tile_in_322, i8 %tile_in_323, i8 %tile_in_324, i8 %tile_in_325, i8 %tile_in_326, i8 %tile_in_327, i8 %tile_in_328, i8 %tile_in_329, i8 %tile_in_330, i8 %tile_in_331, i8 %tile_in_332, i8 %tile_in_333, i8 %tile_in_334, i8 %tile_in_335, i8 %tile_in_336, i8 %tile_in_337, i8 %tile_in_338, i8 %tile_in_339, i8 %tile_in_340, i8 %tile_in_341, i8 %tile_in_342, i8 %tile_in_343, i8 %tile_in_344, i8 %tile_in_345, i8 %tile_in_346, i8 %tile_in_347, i8 %tile_in_348, i8 %tile_in_349, i8 %tile_in_350, i8 %tile_in_351, i8 %tile_in_352, i8 %tile_in_353, i8 %tile_in_354, i8 %tile_in_355, i8 %tile_in_356, i8 %tile_in_357, i8 %tile_in_358, i8 %tile_in_359, i8 %tile_in_360, i8 %tile_in_361, i8 %tile_in_362, i8 %tile_in_363, i8 %tile_in_364, i8 %tile_in_365, i8 %tile_in_366, i8 %tile_in_367, i8 %tile_in_368, i8 %tile_in_369, i8 %tile_in_370, i8 %tile_in_371, i8 %tile_in_372, i8 %tile_in_373, i8 %tile_in_374, i8 %tile_in_375, i8 %tile_in_376, i8 %tile_in_377, i8 %tile_in_378, i8 %tile_in_379, i8 %tile_in_380, i8 %tile_in_381, i8 %tile_in_382, i8 %tile_in_383, i8 %tile_in_384, i8 %tile_in_385, i8 %tile_in_386, i8 %tile_in_387, i8 %tile_in_388, i8 %tile_in_389, i8 %tile_in_390, i8 %tile_in_391, i8 %tile_in_392, i8 %tile_in_393, i8 %tile_in_394, i8 %tile_in_395, i8 %tile_in_396, i8 %tile_in_397, i8 %tile_in_398, i8 %tile_in_399, i8 %tile_in_400, i8 %tile_in_401, i8 %tile_in_402, i8 %tile_in_403, i8 %tile_in_404, i8 %tile_in_405, i8 %tile_in_406, i8 %tile_in_407, i8 %tile_in_408, i8 %tile_in_409, i8 %tile_in_410, i8 %tile_in_411, i8 %tile_in_412, i8 %tile_in_413, i8 %tile_in_414, i8 %tile_in_415, i8 %tile_in_416, i8 %tile_in_417, i8 %tile_in_418, i8 %tile_in_419, i8 %tile_in_420, i8 %tile_in_421, i8 %tile_in_422, i8 %tile_in_423, i8 %tile_in_424, i8 %tile_in_425, i8 %tile_in_426, i8 %tile_in_427, i8 %tile_in_428, i8 %tile_in_429, i8 %tile_in_430, i31 %trunc_ln40" [cnn_accel.cpp:39]   --->   Operation 335 'call' 'call_ln39' <Predicate = true> <Delay = 0.00> <CoreType = "Generic">   --->   Generic Core

State 6 <SV = 5> <Delay = 0.00>
ST_6 : Operation 336 [2/2] (0.00ns)   --->   "%call_ln37 = call void @conv_layer.1_Pipeline_VITIS_LOOP_62_7_VITIS_LOOP_63_8_VITIS_LOOP_64_9, i5 %trunc_ln37_2, i7 %tile_out, i8 %tile_in, i8 %tile_in_288, i8 %tile_in_289, i8 %tile_in_290, i8 %tile_in_291, i8 %tile_in_292, i8 %tile_in_293, i8 %tile_in_294, i8 %tile_in_295, i8 %tile_in_296, i8 %tile_in_297, i8 %tile_in_298, i8 %tile_in_299, i8 %tile_in_300, i8 %tile_in_301, i8 %tile_in_302, i8 %tile_in_303, i8 %tile_in_304, i8 %tile_in_305, i8 %tile_in_306, i8 %tile_in_307, i8 %tile_in_308, i8 %tile_in_309, i8 %tile_in_310, i8 %tile_in_311, i8 %tile_in_312, i8 %tile_in_313, i8 %tile_in_314, i8 %tile_in_315, i8 %tile_in_316, i8 %tile_in_317, i8 %tile_in_318, i8 %tile_in_319, i8 %tile_in_320, i8 %tile_in_321, i8 %tile_in_322, i8 %tile_in_323, i8 %tile_in_324, i8 %tile_in_325, i8 %tile_in_326, i8 %tile_in_327, i8 %tile_in_328, i8 %tile_in_329, i8 %tile_in_330, i8 %tile_in_331, i8 %tile_in_332, i8 %tile_in_333, i8 %tile_in_334, i8 %tile_in_335, i8 %tile_in_336, i8 %tile_in_337, i8 %tile_in_338, i8 %tile_in_339, i8 %tile_in_340, i8 %tile_in_341, i8 %tile_in_342, i8 %tile_in_343, i8 %tile_in_344, i8 %tile_in_345, i8 %tile_in_346, i8 %tile_in_347, i8 %tile_in_348, i8 %tile_in_349, i8 %tile_in_350, i8 %tile_in_351, i8 %tile_in_352, i8 %tile_in_353, i8 %tile_in_354, i8 %tile_in_355, i8 %tile_in_356, i8 %tile_in_357, i8 %tile_in_358, i8 %tile_in_359, i8 %tile_in_360, i8 %tile_in_361, i8 %tile_in_362, i8 %tile_in_363, i8 %tile_in_364, i8 %tile_in_365, i8 %tile_in_366, i8 %tile_in_367, i8 %tile_in_368, i8 %tile_in_369, i8 %tile_in_370, i8 %tile_in_371, i8 %tile_in_372, i8 %tile_in_373, i8 %tile_in_374, i8 %tile_in_375, i8 %tile_in_376, i8 %tile_in_377, i8 %tile_in_378, i8 %tile_in_379, i8 %tile_in_380, i8 %tile_in_381, i8 %tile_in_382, i8 %tile_in_383, i8 %tile_in_384, i8 %tile_in_385, i8 %tile_in_386, i8 %tile_in_387, i8 %tile_in_388, i8 %tile_in_389, i8 %tile_in_390, i8 %tile_in_391, i8 %tile_in_392, i8 %tile_in_393, i8 %tile_in_394, i8 %tile_in_395, i8 %tile_in_396, i8 %tile_in_397, i8 %tile_in_398, i8 %tile_in_399, i8 %tile_in_400, i8 %tile_in_401, i8 %tile_in_402, i8 %tile_in_403, i8 %tile_in_404, i8 %tile_in_405, i8 %tile_in_406, i8 %tile_in_407, i8 %tile_in_408, i8 %tile_in_409, i8 %tile_in_410, i8 %tile_in_411, i8 %tile_in_412, i8 %tile_in_413, i8 %tile_in_414, i8 %tile_in_415, i8 %tile_in_416, i8 %tile_in_417, i8 %tile_in_418, i8 %tile_in_419, i8 %tile_in_420, i8 %tile_in_421, i8 %tile_in_422, i8 %tile_in_423, i8 %tile_in_424, i8 %tile_in_425, i8 %tile_in_426, i8 %tile_in_427, i8 %tile_in_428, i8 %tile_in_429, i8 %tile_in_430, i8 %w_1_conv_weight_bias, i6 %w_1_conv_weight_0, i7 %w_1_conv_weight_1, i6 %w_1_conv_weight_2, i7 %w_1_conv_weight_3, i7 %w_1_conv_weight_4, i7 %w_1_conv_weight_5, i6 %w_1_conv_weight_6, i7 %w_1_conv_weight_7, i6 %w_1_conv_weight_8, i6 %w_1_conv_weight_9, i6 %w_1_conv_weight_10, i6 %w_1_conv_weight_11, i6 %w_1_conv_weight_12, i6 %w_1_conv_weight_13, i6 %w_1_conv_weight_14, i6 %w_1_conv_weight_15, i6 %w_1_conv_weight_16, i6 %w_1_conv_weight_17, i7 %w_1_conv_weight_18, i8 %w_1_conv_weight_19, i7 %w_1_conv_weight_20, i8 %w_1_conv_weight_21, i7 %w_1_conv_weight_22, i8 %w_1_conv_weight_23, i7 %w_1_conv_weight_24, i8 %w_1_conv_weight_25, i7 %w_1_conv_weight_26, i6 %w_1_conv_weight_27, i6 %w_1_conv_weight_28, i6 %w_1_conv_weight_29, i6 %w_1_conv_weight_30, i8 %w_1_conv_weight_31, i7 %w_1_conv_weight_32, i6 %w_1_conv_weight_33, i7 %w_1_conv_weight_34, i7 %w_1_conv_weight_35, i5 %w_1_conv_weight_36, i7 %w_1_conv_weight_37, i6 %w_1_conv_weight_38, i6 %w_1_conv_weight_39, i8 %w_1_conv_weight_40, i7 %w_1_conv_weight_41, i6 %w_1_conv_weight_42, i6 %w_1_conv_weight_43, i6 %w_1_conv_weight_44, i7 %w_1_conv_weight_45, i8 %w_1_conv_weight_46, i7 %w_1_conv_weight_47, i8 %w_1_conv_weight_48, i7 %w_1_conv_weight_49, i8 %w_1_conv_weight_50, i7 %w_1_conv_weight_51, i8 %w_1_conv_weight_52, i8 %w_1_conv_weight_53, i6 %w_1_conv_weight_54, i6 %w_1_conv_weight_55, i6 %w_1_conv_weight_56, i6 %w_1_conv_weight_57, i8 %w_1_conv_weight_58, i7 %w_1_conv_weight_59, i6 %w_1_conv_weight_60, i7 %w_1_conv_weight_61, i7 %w_1_conv_weight_62, i5 %w_1_conv_weight_63, i6 %w_1_conv_weight_64, i6 %w_1_conv_weight_65, i6 %w_1_conv_weight_66, i6 %w_1_conv_weight_67, i6 %w_1_conv_weight_68, i6 %w_1_conv_weight_69, i6 %w_1_conv_weight_70, i6 %w_1_conv_weight_71" [cnn_accel.cpp:37]   --->   Operation 336 'call' 'call_ln37' <Predicate = true> <Delay = 0.00> <CoreType = "Generic">   --->   Generic Core

State 7 <SV = 6> <Delay = 0.00>
ST_7 : Operation 337 [1/2] (0.00ns)   --->   "%call_ln37 = call void @conv_layer.1_Pipeline_VITIS_LOOP_62_7_VITIS_LOOP_63_8_VITIS_LOOP_64_9, i5 %trunc_ln37_2, i7 %tile_out, i8 %tile_in, i8 %tile_in_288, i8 %tile_in_289, i8 %tile_in_290, i8 %tile_in_291, i8 %tile_in_292, i8 %tile_in_293, i8 %tile_in_294, i8 %tile_in_295, i8 %tile_in_296, i8 %tile_in_297, i8 %tile_in_298, i8 %tile_in_299, i8 %tile_in_300, i8 %tile_in_301, i8 %tile_in_302, i8 %tile_in_303, i8 %tile_in_304, i8 %tile_in_305, i8 %tile_in_306, i8 %tile_in_307, i8 %tile_in_308, i8 %tile_in_309, i8 %tile_in_310, i8 %tile_in_311, i8 %tile_in_312, i8 %tile_in_313, i8 %tile_in_314, i8 %tile_in_315, i8 %tile_in_316, i8 %tile_in_317, i8 %tile_in_318, i8 %tile_in_319, i8 %tile_in_320, i8 %tile_in_321, i8 %tile_in_322, i8 %tile_in_323, i8 %tile_in_324, i8 %tile_in_325, i8 %tile_in_326, i8 %tile_in_327, i8 %tile_in_328, i8 %tile_in_329, i8 %tile_in_330, i8 %tile_in_331, i8 %tile_in_332, i8 %tile_in_333, i8 %tile_in_334, i8 %tile_in_335, i8 %tile_in_336, i8 %tile_in_337, i8 %tile_in_338, i8 %tile_in_339, i8 %tile_in_340, i8 %tile_in_341, i8 %tile_in_342, i8 %tile_in_343, i8 %tile_in_344, i8 %tile_in_345, i8 %tile_in_346, i8 %tile_in_347, i8 %tile_in_348, i8 %tile_in_349, i8 %tile_in_350, i8 %tile_in_351, i8 %tile_in_352, i8 %tile_in_353, i8 %tile_in_354, i8 %tile_in_355, i8 %tile_in_356, i8 %tile_in_357, i8 %tile_in_358, i8 %tile_in_359, i8 %tile_in_360, i8 %tile_in_361, i8 %tile_in_362, i8 %tile_in_363, i8 %tile_in_364, i8 %tile_in_365, i8 %tile_in_366, i8 %tile_in_367, i8 %tile_in_368, i8 %tile_in_369, i8 %tile_in_370, i8 %tile_in_371, i8 %tile_in_372, i8 %tile_in_373, i8 %tile_in_374, i8 %tile_in_375, i8 %tile_in_376, i8 %tile_in_377, i8 %tile_in_378, i8 %tile_in_379, i8 %tile_in_380, i8 %tile_in_381, i8 %tile_in_382, i8 %tile_in_383, i8 %tile_in_384, i8 %tile_in_385, i8 %tile_in_386, i8 %tile_in_387, i8 %tile_in_388, i8 %tile_in_389, i8 %tile_in_390, i8 %tile_in_391, i8 %tile_in_392, i8 %tile_in_393, i8 %tile_in_394, i8 %tile_in_395, i8 %tile_in_396, i8 %tile_in_397, i8 %tile_in_398, i8 %tile_in_399, i8 %tile_in_400, i8 %tile_in_401, i8 %tile_in_402, i8 %tile_in_403, i8 %tile_in_404, i8 %tile_in_405, i8 %tile_in_406, i8 %tile_in_407, i8 %tile_in_408, i8 %tile_in_409, i8 %tile_in_410, i8 %tile_in_411, i8 %tile_in_412, i8 %tile_in_413, i8 %tile_in_414, i8 %tile_in_415, i8 %tile_in_416, i8 %tile_in_417, i8 %tile_in_418, i8 %tile_in_419, i8 %tile_in_420, i8 %tile_in_421, i8 %tile_in_422, i8 %tile_in_423, i8 %tile_in_424, i8 %tile_in_425, i8 %tile_in_426, i8 %tile_in_427, i8 %tile_in_428, i8 %tile_in_429, i8 %tile_in_430, i8 %w_1_conv_weight_bias, i6 %w_1_conv_weight_0, i7 %w_1_conv_weight_1, i6 %w_1_conv_weight_2, i7 %w_1_conv_weight_3, i7 %w_1_conv_weight_4, i7 %w_1_conv_weight_5, i6 %w_1_conv_weight_6, i7 %w_1_conv_weight_7, i6 %w_1_conv_weight_8, i6 %w_1_conv_weight_9, i6 %w_1_conv_weight_10, i6 %w_1_conv_weight_11, i6 %w_1_conv_weight_12, i6 %w_1_conv_weight_13, i6 %w_1_conv_weight_14, i6 %w_1_conv_weight_15, i6 %w_1_conv_weight_16, i6 %w_1_conv_weight_17, i7 %w_1_conv_weight_18, i8 %w_1_conv_weight_19, i7 %w_1_conv_weight_20, i8 %w_1_conv_weight_21, i7 %w_1_conv_weight_22, i8 %w_1_conv_weight_23, i7 %w_1_conv_weight_24, i8 %w_1_conv_weight_25, i7 %w_1_conv_weight_26, i6 %w_1_conv_weight_27, i6 %w_1_conv_weight_28, i6 %w_1_conv_weight_29, i6 %w_1_conv_weight_30, i8 %w_1_conv_weight_31, i7 %w_1_conv_weight_32, i6 %w_1_conv_weight_33, i7 %w_1_conv_weight_34, i7 %w_1_conv_weight_35, i5 %w_1_conv_weight_36, i7 %w_1_conv_weight_37, i6 %w_1_conv_weight_38, i6 %w_1_conv_weight_39, i8 %w_1_conv_weight_40, i7 %w_1_conv_weight_41, i6 %w_1_conv_weight_42, i6 %w_1_conv_weight_43, i6 %w_1_conv_weight_44, i7 %w_1_conv_weight_45, i8 %w_1_conv_weight_46, i7 %w_1_conv_weight_47, i8 %w_1_conv_weight_48, i7 %w_1_conv_weight_49, i8 %w_1_conv_weight_50, i7 %w_1_conv_weight_51, i8 %w_1_conv_weight_52, i8 %w_1_conv_weight_53, i6 %w_1_conv_weight_54, i6 %w_1_conv_weight_55, i6 %w_1_conv_weight_56, i6 %w_1_conv_weight_57, i8 %w_1_conv_weight_58, i7 %w_1_conv_weight_59, i6 %w_1_conv_weight_60, i7 %w_1_conv_weight_61, i7 %w_1_conv_weight_62, i5 %w_1_conv_weight_63, i6 %w_1_conv_weight_64, i6 %w_1_conv_weight_65, i6 %w_1_conv_weight_66, i6 %w_1_conv_weight_67, i6 %w_1_conv_weight_68, i6 %w_1_conv_weight_69, i6 %w_1_conv_weight_70, i6 %w_1_conv_weight_71" [cnn_accel.cpp:37]   --->   Operation 337 'call' 'call_ln37' <Predicate = true> <Delay = 0.00> <CoreType = "Generic">   --->   Generic Core

State 8 <SV = 7> <Delay = 0.00>
ST_8 : Operation 338 [2/2] (0.00ns)   --->   "%call_ln39 = call void @conv_layer.1_Pipeline_VITIS_LOOP_96_13_VITIS_LOOP_97_14, i31 %trunc_ln39, i32 %H_read, i32 %H_read, i7 %tile_out, i31 %trunc_ln40, i5 %trunc_ln37_2, i64 %input_read, i8 %gmem" [cnn_accel.cpp:39]   --->   Operation 338 'call' 'call_ln39' <Predicate = true> <Delay = 0.00> <CoreType = "Generic">   --->   Generic Core

State 9 <SV = 8> <Delay = 0.00>
ST_9 : Operation 339 [1/1] (0.00ns)   --->   "%specloopname_ln40 = specloopname void @_ssdm_op_SpecLoopName, void @empty_9" [cnn_accel.cpp:40]   --->   Operation 339 'specloopname' 'specloopname_ln40' <Predicate = true> <Delay = 0.00>
ST_9 : Operation 340 [1/2] (0.00ns)   --->   "%call_ln39 = call void @conv_layer.1_Pipeline_VITIS_LOOP_96_13_VITIS_LOOP_97_14, i31 %trunc_ln39, i32 %H_read, i32 %H_read, i7 %tile_out, i31 %trunc_ln40, i5 %trunc_ln37_2, i64 %input_read, i8 %gmem" [cnn_accel.cpp:39]   --->   Operation 340 'call' 'call_ln39' <Predicate = true> <Delay = 0.00> <CoreType = "Generic">   --->   Generic Core
ST_9 : Operation 341 [1/1] (0.00ns)   --->   "%br_ln40 = br void %VITIS_LOOP_43_4" [cnn_accel.cpp:40]   --->   Operation 341 'br' 'br_ln40' <Predicate = true> <Delay = 0.00>


============================================================
+ Verbose Summary: Timing violations
============================================================
Target clock period: 10.000ns, clock uncertainty: 2.700ns.

 <State 1>: 1.610ns
The critical path consists of the following:
	'alloca' operation 6 bit ('oc_base', cnn_accel.cpp:37) [77]  (0.000 ns)
	'store' operation 0 bit ('store_ln37', cnn_accel.cpp:37) of constant 0 on local variable 'oc_base', cnn_accel.cpp:37 [373]  (1.610 ns)

 <State 2>: 1.610ns
The critical path consists of the following:
	'load' operation 6 bit ('oc_base', cnn_accel.cpp:37) on local variable 'oc_base', cnn_accel.cpp:37 [376]  (0.000 ns)
	multiplexor before 'phi' operation 32 bit ('ty', cnn_accel.cpp:39) with incoming values : ('add_ln39', cnn_accel.cpp:39) [385]  (1.610 ns)

 <State 3>: 4.312ns
The critical path consists of the following:
	'phi' operation 32 bit ('ty', cnn_accel.cpp:39) with incoming values : ('add_ln39', cnn_accel.cpp:39) [385]  (0.000 ns)
	'icmp' operation 1 bit ('icmp_ln39', cnn_accel.cpp:39) [387]  (2.702 ns)
	'store' operation 0 bit ('store_ln37', cnn_accel.cpp:37) of variable 'add_ln37', cnn_accel.cpp:37 on local variable 'oc_base', cnn_accel.cpp:37 [411]  (1.610 ns)

 <State 4>: 2.702ns
The critical path consists of the following:
	'add' operation 32 bit ('add_ln39', cnn_accel.cpp:39) [407]  (2.702 ns)

 <State 5>: 0.000ns
The critical path consists of the following:

 <State 6>: 0.000ns
The critical path consists of the following:

 <State 7>: 0.000ns
The critical path consists of the following:

 <State 8>: 0.000ns
The critical path consists of the following:

 <State 9>: 0.000ns
The critical path consists of the following:


============================================================
+ Verbose Summary: Binding
============================================================
N/A
* FSMD analyzer results:
  - Output states:
 - Input state : 
  - Chain level:
	State 1
	State 2
	State 3
	State 4
	State 5
	State 6
	State 7
	State 8
	State 9


============================================================
+ Verbose Summary: Datapath Resource usage 
============================================================
N/A
