

================================================================
== Vitis HLS Report for 'conv_layer'
================================================================
* Date:           Wed Apr 29 12:16:04 2026

* Version:        2024.2 (Build 5238294 on Nov  8 2024)
* Project:        cnn_accel
* Solution:       solution1 (Vivado IP Flow Target)
* Product family: artix7
* Target device:  xc7a200t-sbg484-1


================================================================
== Performance Estimates
================================================================
+ Timing: 
    * Summary: 
    +--------+----------+----------+------------+
    |  Clock |  Target  | Estimated| Uncertainty|
    +--------+----------+----------+------------+
    |ap_clk  |  10.00 ns|  7.528 ns|     2.70 ns|
    +--------+----------+----------+------------+

+ Latency: 
    * Summary: 
    +---------+---------+----------+----------+-----+-----+---------+
    |  Latency (cycles) |  Latency (absolute) |  Interval | Pipeline|
    |   min   |   max   |    min   |    max   | min | max |   Type  |
    +---------+---------+----------+----------+-----+-----+---------+
    |        ?|        ?|         ?|         ?|    ?|    ?|       no|
    +---------+---------+----------+----------+-----+-----+---------+

    + Detail: 
        * Instance: 
        +--------------------------------------------------------------------------------+---------------------------------------------------------------------+---------+---------+-----------+-----------+------+------+------------------------------------------------+
        |                                                                                |                                                                     |  Latency (cycles) |   Latency (absolute)  |   Interval  |                    Pipeline                    |
        |                                    Instance                                    |                                Module                               |   min   |   max   |    min    |    max    |  min |  max |                      Type                      |
        +--------------------------------------------------------------------------------+---------------------------------------------------------------------+---------+---------+-----------+-----------+------+------+------------------------------------------------+
        |grp_conv_layer_Pipeline_VITIS_LOOP_43_4_VITIS_LOOP_44_5_fu_279                  |conv_layer_Pipeline_VITIS_LOOP_43_4_VITIS_LOOP_44_5                  |     6176|     6176|  61.760 us|  61.760 us|  6175|  6175|  loop auto-rewind stp (delay=0 clock cycles(s))|
        |grp_conv_layer_Pipeline_VITIS_LOOP_62_7_VITIS_LOOP_63_8_VITIS_LOOP_64_9_fu_317  |conv_layer_Pipeline_VITIS_LOOP_62_7_VITIS_LOOP_63_8_VITIS_LOOP_64_9  |     2067|     2067|  20.670 us|  20.670 us|  2049|  2049|  loop auto-rewind stp (delay=0 clock cycles(s))|
        |grp_conv_layer_Pipeline_VITIS_LOOP_96_13_VITIS_LOOP_97_14_fu_406                |conv_layer_Pipeline_VITIS_LOOP_96_13_VITIS_LOOP_97_14                |     2060|     2060|  20.600 us|  20.600 us|  2056|  2056|  loop auto-rewind stp (delay=0 clock cycles(s))|
        +--------------------------------------------------------------------------------+---------------------------------------------------------------------+---------+---------+-----------+-----------+------+------+------------------------------------------------+

        * Loop: 
        +----------------------+---------+---------+----------+-----------+-----------+------+----------+
        |                      |  Latency (cycles) | Iteration|  Initiation Interval  | Trip |          |
        |       Loop Name      |   min   |   max   |  Latency |  achieved |   target  | Count| Pipelined|
        +----------------------+---------+---------+----------+-----------+-----------+------+----------+
        |- VITIS_LOOP_37_1     |        ?|        ?|         ?|          -|          -|     2|        no|
        | + VITIS_LOOP_39_2    |        ?|        ?|         ?|          -|          -|     ?|        no|
        |  ++ VITIS_LOOP_40_3  |        ?|        ?|     10309|          -|          -|     ?|        no|
        +----------------------+---------+---------+----------+-----------+-----------+------+----------+

============================================================
+ Verbose Summary: Synthesis Manager
============================================================
InlineROM: 1
ExposeGlobal: 0
============================================================
+ Verbose Summary: CDFG Model
============================================================
IsTopModel: 0
ResetActiveHigh: 1
IsCombinational: 0
IsDatapathOnly: 0
HasWiredReturn: 1
HasMFsm: 0
HasVarLatency: 1
IsPipeline: 0
IsRtlPipelined: 0
IsInstanceOverlapped: 0
IsDontTouch: 0
HasImplIP: 0
IsGatedGlobalClock: 0


============================================================
+ Verbose Summary: Schedule
============================================================
* Number of FSM states : 9
* Pipeline : 0
* Dataflow Pipeline: 0

* FSM state transitions: 
1 --> 2 
2 --> 3 
3 --> 4 2 
4 --> 5 3 
5 --> 6 
6 --> 7 
7 --> 8 
8 --> 9 
9 --> 4 

* FSM state operations: 

State 1 <SV = 0> <Delay = 3.25>
ST_1 : Operation 10 [1/1] (0.00ns)   --->   "%oc_base = alloca i32 1" [cnn_accel.cpp:37]   --->   Operation 10 'alloca' 'oc_base' <Predicate = true> <Delay = 0.00>
ST_1 : Operation 11 [1/1] (0.00ns)   --->   "%specinterface_ln0 = specinterface void @_ssdm_op_SpecInterface, i8 %gmem, void @empty_15, i32 0, i32 0, void @empty_5, i32 0, i32 0, void @empty_4, void @empty_3, void @empty_5, i32 16, i32 16, i32 16, i32 16, void @empty_5, void @empty_5, i32 4294967295, i32 0, i32 0"   --->   Operation 11 'specinterface' 'specinterface_ln0' <Predicate = true> <Delay = 0.00>
ST_1 : Operation 12 [1/1] (0.00ns)   --->   "%H_read = read i32 @_ssdm_op_Read.ap_auto.i32, i32 %H"   --->   Operation 12 'read' 'H_read' <Predicate = true> <Delay = 0.00>
ST_1 : Operation 13 [1/1] (0.00ns)   --->   "%output_read = read i64 @_ssdm_op_Read.ap_auto.i64, i64 %output_r"   --->   Operation 13 'read' 'output_read' <Predicate = true> <Delay = 0.00>
ST_1 : Operation 14 [1/1] (0.00ns)   --->   "%input_read = read i64 @_ssdm_op_Read.ap_auto.i64, i64 %input_r"   --->   Operation 14 'read' 'input_read' <Predicate = true> <Delay = 0.00>
ST_1 : Operation 15 [1/1] (3.25ns)   --->   "%tile_in = alloca i64 1" [cnn_accel.cpp:31]   --->   Operation 15 'alloca' 'tile_in' <Predicate = true> <Delay = 3.25> <CoreInst = "RAM_T2P_BRAM">   --->   Core 93 'RAM_T2P_BRAM' <Latency = 1> <II = 1> <Delay = 3.25> <Storage> <Opcode : 'load' 'store'> <Ports = 2> <Width = 8> <Depth = 396> <RAM>
ST_1 : Operation 16 [1/1] (3.25ns)   --->   "%tile_in_431 = alloca i64 1" [cnn_accel.cpp:31]   --->   Operation 16 'alloca' 'tile_in_431' <Predicate = true> <Delay = 3.25> <CoreInst = "RAM_T2P_BRAM">   --->   Core 93 'RAM_T2P_BRAM' <Latency = 1> <II = 1> <Delay = 3.25> <Storage> <Opcode : 'load' 'store'> <Ports = 2> <Width = 8> <Depth = 396> <RAM>
ST_1 : Operation 17 [1/1] (3.25ns)   --->   "%tile_in_432 = alloca i64 1" [cnn_accel.cpp:31]   --->   Operation 17 'alloca' 'tile_in_432' <Predicate = true> <Delay = 3.25> <CoreInst = "RAM_T2P_BRAM">   --->   Core 93 'RAM_T2P_BRAM' <Latency = 1> <II = 1> <Delay = 3.25> <Storage> <Opcode : 'load' 'store'> <Ports = 2> <Width = 8> <Depth = 396> <RAM>
ST_1 : Operation 18 [1/1] (3.25ns)   --->   "%tile_in_433 = alloca i64 1" [cnn_accel.cpp:31]   --->   Operation 18 'alloca' 'tile_in_433' <Predicate = true> <Delay = 3.25> <CoreInst = "RAM_T2P_BRAM">   --->   Core 93 'RAM_T2P_BRAM' <Latency = 1> <II = 1> <Delay = 3.25> <Storage> <Opcode : 'load' 'store'> <Ports = 2> <Width = 8> <Depth = 396> <RAM>
ST_1 : Operation 19 [1/1] (3.25ns)   --->   "%tile_in_434 = alloca i64 1" [cnn_accel.cpp:31]   --->   Operation 19 'alloca' 'tile_in_434' <Predicate = true> <Delay = 3.25> <CoreInst = "RAM_T2P_BRAM">   --->   Core 93 'RAM_T2P_BRAM' <Latency = 1> <II = 1> <Delay = 3.25> <Storage> <Opcode : 'load' 'store'> <Ports = 2> <Width = 8> <Depth = 396> <RAM>
ST_1 : Operation 20 [1/1] (3.25ns)   --->   "%tile_in_435 = alloca i64 1" [cnn_accel.cpp:31]   --->   Operation 20 'alloca' 'tile_in_435' <Predicate = true> <Delay = 3.25> <CoreInst = "RAM_T2P_BRAM">   --->   Core 93 'RAM_T2P_BRAM' <Latency = 1> <II = 1> <Delay = 3.25> <Storage> <Opcode : 'load' 'store'> <Ports = 2> <Width = 8> <Depth = 396> <RAM>
ST_1 : Operation 21 [1/1] (3.25ns)   --->   "%tile_in_436 = alloca i64 1" [cnn_accel.cpp:31]   --->   Operation 21 'alloca' 'tile_in_436' <Predicate = true> <Delay = 3.25> <CoreInst = "RAM_T2P_BRAM">   --->   Core 93 'RAM_T2P_BRAM' <Latency = 1> <II = 1> <Delay = 3.25> <Storage> <Opcode : 'load' 'store'> <Ports = 2> <Width = 8> <Depth = 396> <RAM>
ST_1 : Operation 22 [1/1] (3.25ns)   --->   "%tile_in_437 = alloca i64 1" [cnn_accel.cpp:31]   --->   Operation 22 'alloca' 'tile_in_437' <Predicate = true> <Delay = 3.25> <CoreInst = "RAM_T2P_BRAM">   --->   Core 93 'RAM_T2P_BRAM' <Latency = 1> <II = 1> <Delay = 3.25> <Storage> <Opcode : 'load' 'store'> <Ports = 2> <Width = 8> <Depth = 396> <RAM>
ST_1 : Operation 23 [1/1] (3.25ns)   --->   "%tile_in_438 = alloca i64 1" [cnn_accel.cpp:31]   --->   Operation 23 'alloca' 'tile_in_438' <Predicate = true> <Delay = 3.25> <CoreInst = "RAM_T2P_BRAM">   --->   Core 93 'RAM_T2P_BRAM' <Latency = 1> <II = 1> <Delay = 3.25> <Storage> <Opcode : 'load' 'store'> <Ports = 2> <Width = 8> <Depth = 396> <RAM>
ST_1 : Operation 24 [1/1] (3.25ns)   --->   "%tile_in_439 = alloca i64 1" [cnn_accel.cpp:31]   --->   Operation 24 'alloca' 'tile_in_439' <Predicate = true> <Delay = 3.25> <CoreInst = "RAM_T2P_BRAM">   --->   Core 93 'RAM_T2P_BRAM' <Latency = 1> <II = 1> <Delay = 3.25> <Storage> <Opcode : 'load' 'store'> <Ports = 2> <Width = 8> <Depth = 396> <RAM>
ST_1 : Operation 25 [1/1] (3.25ns)   --->   "%tile_in_440 = alloca i64 1" [cnn_accel.cpp:31]   --->   Operation 25 'alloca' 'tile_in_440' <Predicate = true> <Delay = 3.25> <CoreInst = "RAM_T2P_BRAM">   --->   Core 93 'RAM_T2P_BRAM' <Latency = 1> <II = 1> <Delay = 3.25> <Storage> <Opcode : 'load' 'store'> <Ports = 2> <Width = 8> <Depth = 396> <RAM>
ST_1 : Operation 26 [1/1] (3.25ns)   --->   "%tile_in_441 = alloca i64 1" [cnn_accel.cpp:31]   --->   Operation 26 'alloca' 'tile_in_441' <Predicate = true> <Delay = 3.25> <CoreInst = "RAM_T2P_BRAM">   --->   Core 93 'RAM_T2P_BRAM' <Latency = 1> <II = 1> <Delay = 3.25> <Storage> <Opcode : 'load' 'store'> <Ports = 2> <Width = 8> <Depth = 396> <RAM>
ST_1 : Operation 27 [1/1] (3.25ns)   --->   "%tile_in_442 = alloca i64 1" [cnn_accel.cpp:31]   --->   Operation 27 'alloca' 'tile_in_442' <Predicate = true> <Delay = 3.25> <CoreInst = "RAM_T2P_BRAM">   --->   Core 93 'RAM_T2P_BRAM' <Latency = 1> <II = 1> <Delay = 3.25> <Storage> <Opcode : 'load' 'store'> <Ports = 2> <Width = 8> <Depth = 396> <RAM>
ST_1 : Operation 28 [1/1] (3.25ns)   --->   "%tile_in_443 = alloca i64 1" [cnn_accel.cpp:31]   --->   Operation 28 'alloca' 'tile_in_443' <Predicate = true> <Delay = 3.25> <CoreInst = "RAM_T2P_BRAM">   --->   Core 93 'RAM_T2P_BRAM' <Latency = 1> <II = 1> <Delay = 3.25> <Storage> <Opcode : 'load' 'store'> <Ports = 2> <Width = 8> <Depth = 396> <RAM>
ST_1 : Operation 29 [1/1] (3.25ns)   --->   "%tile_in_444 = alloca i64 1" [cnn_accel.cpp:31]   --->   Operation 29 'alloca' 'tile_in_444' <Predicate = true> <Delay = 3.25> <CoreInst = "RAM_T2P_BRAM">   --->   Core 93 'RAM_T2P_BRAM' <Latency = 1> <II = 1> <Delay = 3.25> <Storage> <Opcode : 'load' 'store'> <Ports = 2> <Width = 8> <Depth = 396> <RAM>
ST_1 : Operation 30 [1/1] (3.25ns)   --->   "%tile_in_445 = alloca i64 1" [cnn_accel.cpp:31]   --->   Operation 30 'alloca' 'tile_in_445' <Predicate = true> <Delay = 3.25> <CoreInst = "RAM_T2P_BRAM">   --->   Core 93 'RAM_T2P_BRAM' <Latency = 1> <II = 1> <Delay = 3.25> <Storage> <Opcode : 'load' 'store'> <Ports = 2> <Width = 8> <Depth = 396> <RAM>
ST_1 : Operation 31 [1/1] (3.25ns)   --->   "%tile_in_446 = alloca i64 1" [cnn_accel.cpp:31]   --->   Operation 31 'alloca' 'tile_in_446' <Predicate = true> <Delay = 3.25> <CoreInst = "RAM_T2P_BRAM">   --->   Core 93 'RAM_T2P_BRAM' <Latency = 1> <II = 1> <Delay = 3.25> <Storage> <Opcode : 'load' 'store'> <Ports = 2> <Width = 8> <Depth = 396> <RAM>
ST_1 : Operation 32 [1/1] (3.25ns)   --->   "%tile_in_447 = alloca i64 1" [cnn_accel.cpp:31]   --->   Operation 32 'alloca' 'tile_in_447' <Predicate = true> <Delay = 3.25> <CoreInst = "RAM_T2P_BRAM">   --->   Core 93 'RAM_T2P_BRAM' <Latency = 1> <II = 1> <Delay = 3.25> <Storage> <Opcode : 'load' 'store'> <Ports = 2> <Width = 8> <Depth = 396> <RAM>
ST_1 : Operation 33 [1/1] (3.25ns)   --->   "%tile_in_448 = alloca i64 1" [cnn_accel.cpp:31]   --->   Operation 33 'alloca' 'tile_in_448' <Predicate = true> <Delay = 3.25> <CoreInst = "RAM_T2P_BRAM">   --->   Core 93 'RAM_T2P_BRAM' <Latency = 1> <II = 1> <Delay = 3.25> <Storage> <Opcode : 'load' 'store'> <Ports = 2> <Width = 8> <Depth = 396> <RAM>
ST_1 : Operation 34 [1/1] (3.25ns)   --->   "%tile_in_449 = alloca i64 1" [cnn_accel.cpp:31]   --->   Operation 34 'alloca' 'tile_in_449' <Predicate = true> <Delay = 3.25> <CoreInst = "RAM_T2P_BRAM">   --->   Core 93 'RAM_T2P_BRAM' <Latency = 1> <II = 1> <Delay = 3.25> <Storage> <Opcode : 'load' 'store'> <Ports = 2> <Width = 8> <Depth = 396> <RAM>
ST_1 : Operation 35 [1/1] (3.25ns)   --->   "%tile_in_450 = alloca i64 1" [cnn_accel.cpp:31]   --->   Operation 35 'alloca' 'tile_in_450' <Predicate = true> <Delay = 3.25> <CoreInst = "RAM_T2P_BRAM">   --->   Core 93 'RAM_T2P_BRAM' <Latency = 1> <II = 1> <Delay = 3.25> <Storage> <Opcode : 'load' 'store'> <Ports = 2> <Width = 8> <Depth = 396> <RAM>
ST_1 : Operation 36 [1/1] (3.25ns)   --->   "%tile_in_451 = alloca i64 1" [cnn_accel.cpp:31]   --->   Operation 36 'alloca' 'tile_in_451' <Predicate = true> <Delay = 3.25> <CoreInst = "RAM_T2P_BRAM">   --->   Core 93 'RAM_T2P_BRAM' <Latency = 1> <II = 1> <Delay = 3.25> <Storage> <Opcode : 'load' 'store'> <Ports = 2> <Width = 8> <Depth = 396> <RAM>
ST_1 : Operation 37 [1/1] (3.25ns)   --->   "%tile_in_452 = alloca i64 1" [cnn_accel.cpp:31]   --->   Operation 37 'alloca' 'tile_in_452' <Predicate = true> <Delay = 3.25> <CoreInst = "RAM_T2P_BRAM">   --->   Core 93 'RAM_T2P_BRAM' <Latency = 1> <II = 1> <Delay = 3.25> <Storage> <Opcode : 'load' 'store'> <Ports = 2> <Width = 8> <Depth = 396> <RAM>
ST_1 : Operation 38 [1/1] (3.25ns)   --->   "%tile_in_453 = alloca i64 1" [cnn_accel.cpp:31]   --->   Operation 38 'alloca' 'tile_in_453' <Predicate = true> <Delay = 3.25> <CoreInst = "RAM_T2P_BRAM">   --->   Core 93 'RAM_T2P_BRAM' <Latency = 1> <II = 1> <Delay = 3.25> <Storage> <Opcode : 'load' 'store'> <Ports = 2> <Width = 8> <Depth = 396> <RAM>
ST_1 : Operation 39 [1/1] (3.25ns)   --->   "%tile_in_454 = alloca i64 1" [cnn_accel.cpp:31]   --->   Operation 39 'alloca' 'tile_in_454' <Predicate = true> <Delay = 3.25> <CoreInst = "RAM_T2P_BRAM">   --->   Core 93 'RAM_T2P_BRAM' <Latency = 1> <II = 1> <Delay = 3.25> <Storage> <Opcode : 'load' 'store'> <Ports = 2> <Width = 8> <Depth = 396> <RAM>
ST_1 : Operation 40 [1/1] (3.25ns)   --->   "%tile_in_455 = alloca i64 1" [cnn_accel.cpp:31]   --->   Operation 40 'alloca' 'tile_in_455' <Predicate = true> <Delay = 3.25> <CoreInst = "RAM_T2P_BRAM">   --->   Core 93 'RAM_T2P_BRAM' <Latency = 1> <II = 1> <Delay = 3.25> <Storage> <Opcode : 'load' 'store'> <Ports = 2> <Width = 8> <Depth = 396> <RAM>
ST_1 : Operation 41 [1/1] (3.25ns)   --->   "%tile_in_456 = alloca i64 1" [cnn_accel.cpp:31]   --->   Operation 41 'alloca' 'tile_in_456' <Predicate = true> <Delay = 3.25> <CoreInst = "RAM_T2P_BRAM">   --->   Core 93 'RAM_T2P_BRAM' <Latency = 1> <II = 1> <Delay = 3.25> <Storage> <Opcode : 'load' 'store'> <Ports = 2> <Width = 8> <Depth = 396> <RAM>
ST_1 : Operation 42 [1/1] (3.25ns)   --->   "%tile_out = alloca i64 1" [cnn_accel.cpp:34]   --->   Operation 42 'alloca' 'tile_out' <Predicate = true> <Delay = 3.25> <CoreInst = "RAM_T2P_BRAM">   --->   Core 93 'RAM_T2P_BRAM' <Latency = 1> <II = 1> <Delay = 3.25> <Storage> <Opcode : 'load' 'store'> <Ports = 2> <Width = 7> <Depth = 2048> <RAM>
ST_1 : Operation 43 [1/1] (0.00ns)   --->   "%specmemcore_ln32 = specmemcore void @_ssdm_op_SpecMemCore, i8 %tile_in_456, i64 666, i64 30, i64 18446744073709551615" [cnn_accel.cpp:32]   --->   Operation 43 'specmemcore' 'specmemcore_ln32' <Predicate = true> <Delay = 0.00>
ST_1 : Operation 44 [1/1] (0.00ns)   --->   "%specmemcore_ln32 = specmemcore void @_ssdm_op_SpecMemCore, i8 %tile_in_455, i64 666, i64 30, i64 18446744073709551615" [cnn_accel.cpp:32]   --->   Operation 44 'specmemcore' 'specmemcore_ln32' <Predicate = true> <Delay = 0.00>
ST_1 : Operation 45 [1/1] (0.00ns)   --->   "%specmemcore_ln32 = specmemcore void @_ssdm_op_SpecMemCore, i8 %tile_in_454, i64 666, i64 30, i64 18446744073709551615" [cnn_accel.cpp:32]   --->   Operation 45 'specmemcore' 'specmemcore_ln32' <Predicate = true> <Delay = 0.00>
ST_1 : Operation 46 [1/1] (0.00ns)   --->   "%specmemcore_ln32 = specmemcore void @_ssdm_op_SpecMemCore, i8 %tile_in_453, i64 666, i64 30, i64 18446744073709551615" [cnn_accel.cpp:32]   --->   Operation 46 'specmemcore' 'specmemcore_ln32' <Predicate = true> <Delay = 0.00>
ST_1 : Operation 47 [1/1] (0.00ns)   --->   "%specmemcore_ln32 = specmemcore void @_ssdm_op_SpecMemCore, i8 %tile_in_452, i64 666, i64 30, i64 18446744073709551615" [cnn_accel.cpp:32]   --->   Operation 47 'specmemcore' 'specmemcore_ln32' <Predicate = true> <Delay = 0.00>
ST_1 : Operation 48 [1/1] (0.00ns)   --->   "%specmemcore_ln32 = specmemcore void @_ssdm_op_SpecMemCore, i8 %tile_in_451, i64 666, i64 30, i64 18446744073709551615" [cnn_accel.cpp:32]   --->   Operation 48 'specmemcore' 'specmemcore_ln32' <Predicate = true> <Delay = 0.00>
ST_1 : Operation 49 [1/1] (0.00ns)   --->   "%specmemcore_ln32 = specmemcore void @_ssdm_op_SpecMemCore, i8 %tile_in_450, i64 666, i64 30, i64 18446744073709551615" [cnn_accel.cpp:32]   --->   Operation 49 'specmemcore' 'specmemcore_ln32' <Predicate = true> <Delay = 0.00>
ST_1 : Operation 50 [1/1] (0.00ns)   --->   "%specmemcore_ln32 = specmemcore void @_ssdm_op_SpecMemCore, i8 %tile_in_449, i64 666, i64 30, i64 18446744073709551615" [cnn_accel.cpp:32]   --->   Operation 50 'specmemcore' 'specmemcore_ln32' <Predicate = true> <Delay = 0.00>
ST_1 : Operation 51 [1/1] (0.00ns)   --->   "%specmemcore_ln32 = specmemcore void @_ssdm_op_SpecMemCore, i8 %tile_in_448, i64 666, i64 30, i64 18446744073709551615" [cnn_accel.cpp:32]   --->   Operation 51 'specmemcore' 'specmemcore_ln32' <Predicate = true> <Delay = 0.00>
ST_1 : Operation 52 [1/1] (0.00ns)   --->   "%specmemcore_ln32 = specmemcore void @_ssdm_op_SpecMemCore, i8 %tile_in_447, i64 666, i64 30, i64 18446744073709551615" [cnn_accel.cpp:32]   --->   Operation 52 'specmemcore' 'specmemcore_ln32' <Predicate = true> <Delay = 0.00>
ST_1 : Operation 53 [1/1] (0.00ns)   --->   "%specmemcore_ln32 = specmemcore void @_ssdm_op_SpecMemCore, i8 %tile_in_446, i64 666, i64 30, i64 18446744073709551615" [cnn_accel.cpp:32]   --->   Operation 53 'specmemcore' 'specmemcore_ln32' <Predicate = true> <Delay = 0.00>
ST_1 : Operation 54 [1/1] (0.00ns)   --->   "%specmemcore_ln32 = specmemcore void @_ssdm_op_SpecMemCore, i8 %tile_in_445, i64 666, i64 30, i64 18446744073709551615" [cnn_accel.cpp:32]   --->   Operation 54 'specmemcore' 'specmemcore_ln32' <Predicate = true> <Delay = 0.00>
ST_1 : Operation 55 [1/1] (0.00ns)   --->   "%specmemcore_ln32 = specmemcore void @_ssdm_op_SpecMemCore, i8 %tile_in_444, i64 666, i64 30, i64 18446744073709551615" [cnn_accel.cpp:32]   --->   Operation 55 'specmemcore' 'specmemcore_ln32' <Predicate = true> <Delay = 0.00>
ST_1 : Operation 56 [1/1] (0.00ns)   --->   "%specmemcore_ln32 = specmemcore void @_ssdm_op_SpecMemCore, i8 %tile_in_443, i64 666, i64 30, i64 18446744073709551615" [cnn_accel.cpp:32]   --->   Operation 56 'specmemcore' 'specmemcore_ln32' <Predicate = true> <Delay = 0.00>
ST_1 : Operation 57 [1/1] (0.00ns)   --->   "%specmemcore_ln32 = specmemcore void @_ssdm_op_SpecMemCore, i8 %tile_in_442, i64 666, i64 30, i64 18446744073709551615" [cnn_accel.cpp:32]   --->   Operation 57 'specmemcore' 'specmemcore_ln32' <Predicate = true> <Delay = 0.00>
ST_1 : Operation 58 [1/1] (0.00ns)   --->   "%specmemcore_ln32 = specmemcore void @_ssdm_op_SpecMemCore, i8 %tile_in_441, i64 666, i64 30, i64 18446744073709551615" [cnn_accel.cpp:32]   --->   Operation 58 'specmemcore' 'specmemcore_ln32' <Predicate = true> <Delay = 0.00>
ST_1 : Operation 59 [1/1] (0.00ns)   --->   "%specmemcore_ln32 = specmemcore void @_ssdm_op_SpecMemCore, i8 %tile_in_440, i64 666, i64 30, i64 18446744073709551615" [cnn_accel.cpp:32]   --->   Operation 59 'specmemcore' 'specmemcore_ln32' <Predicate = true> <Delay = 0.00>
ST_1 : Operation 60 [1/1] (0.00ns)   --->   "%specmemcore_ln32 = specmemcore void @_ssdm_op_SpecMemCore, i8 %tile_in_439, i64 666, i64 30, i64 18446744073709551615" [cnn_accel.cpp:32]   --->   Operation 60 'specmemcore' 'specmemcore_ln32' <Predicate = true> <Delay = 0.00>
ST_1 : Operation 61 [1/1] (0.00ns)   --->   "%specmemcore_ln32 = specmemcore void @_ssdm_op_SpecMemCore, i8 %tile_in_438, i64 666, i64 30, i64 18446744073709551615" [cnn_accel.cpp:32]   --->   Operation 61 'specmemcore' 'specmemcore_ln32' <Predicate = true> <Delay = 0.00>
ST_1 : Operation 62 [1/1] (0.00ns)   --->   "%specmemcore_ln32 = specmemcore void @_ssdm_op_SpecMemCore, i8 %tile_in_437, i64 666, i64 30, i64 18446744073709551615" [cnn_accel.cpp:32]   --->   Operation 62 'specmemcore' 'specmemcore_ln32' <Predicate = true> <Delay = 0.00>
ST_1 : Operation 63 [1/1] (0.00ns)   --->   "%specmemcore_ln32 = specmemcore void @_ssdm_op_SpecMemCore, i8 %tile_in_436, i64 666, i64 30, i64 18446744073709551615" [cnn_accel.cpp:32]   --->   Operation 63 'specmemcore' 'specmemcore_ln32' <Predicate = true> <Delay = 0.00>
ST_1 : Operation 64 [1/1] (0.00ns)   --->   "%specmemcore_ln32 = specmemcore void @_ssdm_op_SpecMemCore, i8 %tile_in_435, i64 666, i64 30, i64 18446744073709551615" [cnn_accel.cpp:32]   --->   Operation 64 'specmemcore' 'specmemcore_ln32' <Predicate = true> <Delay = 0.00>
ST_1 : Operation 65 [1/1] (0.00ns)   --->   "%specmemcore_ln32 = specmemcore void @_ssdm_op_SpecMemCore, i8 %tile_in_434, i64 666, i64 30, i64 18446744073709551615" [cnn_accel.cpp:32]   --->   Operation 65 'specmemcore' 'specmemcore_ln32' <Predicate = true> <Delay = 0.00>
ST_1 : Operation 66 [1/1] (0.00ns)   --->   "%specmemcore_ln32 = specmemcore void @_ssdm_op_SpecMemCore, i8 %tile_in_433, i64 666, i64 30, i64 18446744073709551615" [cnn_accel.cpp:32]   --->   Operation 66 'specmemcore' 'specmemcore_ln32' <Predicate = true> <Delay = 0.00>
ST_1 : Operation 67 [1/1] (0.00ns)   --->   "%specmemcore_ln32 = specmemcore void @_ssdm_op_SpecMemCore, i8 %tile_in_432, i64 666, i64 30, i64 18446744073709551615" [cnn_accel.cpp:32]   --->   Operation 67 'specmemcore' 'specmemcore_ln32' <Predicate = true> <Delay = 0.00>
ST_1 : Operation 68 [1/1] (0.00ns)   --->   "%specmemcore_ln32 = specmemcore void @_ssdm_op_SpecMemCore, i8 %tile_in_431, i64 666, i64 30, i64 18446744073709551615" [cnn_accel.cpp:32]   --->   Operation 68 'specmemcore' 'specmemcore_ln32' <Predicate = true> <Delay = 0.00>
ST_1 : Operation 69 [1/1] (0.00ns)   --->   "%specmemcore_ln32 = specmemcore void @_ssdm_op_SpecMemCore, i8 %tile_in, i64 666, i64 30, i64 18446744073709551615" [cnn_accel.cpp:32]   --->   Operation 69 'specmemcore' 'specmemcore_ln32' <Predicate = true> <Delay = 0.00>
ST_1 : Operation 70 [1/1] (0.00ns)   --->   "%specmemcore_ln35 = specmemcore void @_ssdm_op_SpecMemCore, i7 %tile_out, i64 666, i64 30, i64 18446744073709551615" [cnn_accel.cpp:35]   --->   Operation 70 'specmemcore' 'specmemcore_ln35' <Predicate = true> <Delay = 0.00>
ST_1 : Operation 71 [1/1] (0.00ns)   --->   "%sext_ln37 = sext i32 %H_read" [cnn_accel.cpp:37]   --->   Operation 71 'sext' 'sext_ln37' <Predicate = true> <Delay = 0.00>
ST_1 : Operation 72 [1/1] (0.00ns)   --->   "%trunc_ln37 = trunc i32 %H_read" [cnn_accel.cpp:37]   --->   Operation 72 'trunc' 'trunc_ln37' <Predicate = true> <Delay = 0.00>
ST_1 : Operation 73 [1/1] (1.61ns)   --->   "%store_ln37 = store i5 0, i5 %oc_base" [cnn_accel.cpp:37]   --->   Operation 73 'store' 'store_ln37' <Predicate = true> <Delay = 1.61>
ST_1 : Operation 74 [1/1] (0.00ns)   --->   "%br_ln37 = br void %VITIS_LOOP_39_2" [cnn_accel.cpp:37]   --->   Operation 74 'br' 'br_ln37' <Predicate = true> <Delay = 0.00>

State 2 <SV = 1> <Delay = 1.61>
ST_2 : Operation 75 [1/1] (0.00ns)   --->   "%oc_base_3 = load i5 %oc_base" [cnn_accel.cpp:37]   --->   Operation 75 'load' 'oc_base_3' <Predicate = true> <Delay = 0.00>
ST_2 : Operation 76 [1/1] (0.00ns)   --->   "%tmp = bitselect i1 @_ssdm_op_BitSelect.i1.i5.i32, i5 %oc_base_3, i32 4" [cnn_accel.cpp:37]   --->   Operation 76 'bitselect' 'tmp' <Predicate = true> <Delay = 0.00>
ST_2 : Operation 77 [1/1] (0.00ns)   --->   "%speclooptripcount_ln0 = speclooptripcount void @_ssdm_op_SpecLoopTripCount, i64 2, i64 2, i64 2"   --->   Operation 77 'speclooptripcount' 'speclooptripcount_ln0' <Predicate = true> <Delay = 0.00>
ST_2 : Operation 78 [1/1] (0.00ns)   --->   "%br_ln37 = br i1 %tmp, void %VITIS_LOOP_39_2.split, void %for.end188" [cnn_accel.cpp:37]   --->   Operation 78 'br' 'br_ln37' <Predicate = true> <Delay = 0.00>
ST_2 : Operation 79 [1/1] (0.00ns)   --->   "%trunc_ln37_3 = trunc i5 %oc_base_3" [cnn_accel.cpp:37]   --->   Operation 79 'trunc' 'trunc_ln37_3' <Predicate = (!tmp)> <Delay = 0.00>
ST_2 : Operation 80 [1/1] (0.00ns)   --->   "%specloopname_ln37 = specloopname void @_ssdm_op_SpecLoopName, void @empty_7" [cnn_accel.cpp:37]   --->   Operation 80 'specloopname' 'specloopname_ln37' <Predicate = (!tmp)> <Delay = 0.00>
ST_2 : Operation 81 [1/1] (1.61ns)   --->   "%br_ln39 = br void %VITIS_LOOP_40_3" [cnn_accel.cpp:39]   --->   Operation 81 'br' 'br_ln39' <Predicate = (!tmp)> <Delay = 1.61>
ST_2 : Operation 82 [1/1] (0.00ns)   --->   "%ret_ln116 = ret" [cnn_accel.cpp:116]   --->   Operation 82 'ret' 'ret_ln116' <Predicate = (tmp)> <Delay = 0.00>

State 3 <SV = 2> <Delay = 4.31>
ST_3 : Operation 83 [1/1] (0.00ns)   --->   "%ty = phi i32 0, void %VITIS_LOOP_39_2.split, i32 %add_ln39, void %for.inc183.loopexit" [cnn_accel.cpp:39]   --->   Operation 83 'phi' 'ty' <Predicate = true> <Delay = 0.00>
ST_3 : Operation 84 [1/1] (0.00ns)   --->   "%zext_ln39 = zext i32 %ty" [cnn_accel.cpp:39]   --->   Operation 84 'zext' 'zext_ln39' <Predicate = true> <Delay = 0.00>
ST_3 : Operation 85 [1/1] (2.70ns)   --->   "%icmp_ln39 = icmp_slt  i33 %zext_ln39, i33 %sext_ln37" [cnn_accel.cpp:39]   --->   Operation 85 'icmp' 'icmp_ln39' <Predicate = true> <Delay = 2.70> <CoreInst = "Cmp">   --->   Core 9 'Cmp' <Latency = 0> <II = 1> <Delay = 2.70> <FuncUnit> <Opcode : 'seteq' 'setne' 'setle' 'setge' 'setlt' 'setgt'> <InPorts = 2> <OutPorts = 1>
ST_3 : Operation 86 [1/1] (0.00ns)   --->   "%br_ln39 = br i1 %icmp_ln39, void %for.inc186.loopexit, void %VITIS_LOOP_40_3.split" [cnn_accel.cpp:39]   --->   Operation 86 'br' 'br_ln39' <Predicate = true> <Delay = 0.00>
ST_3 : Operation 87 [1/1] (0.00ns)   --->   "%trunc_ln39 = trunc i32 %ty" [cnn_accel.cpp:39]   --->   Operation 87 'trunc' 'trunc_ln39' <Predicate = (icmp_ln39)> <Delay = 0.00>
ST_3 : Operation 88 [1/1] (0.00ns)   --->   "%specloopname_ln39 = specloopname void @_ssdm_op_SpecLoopName, void @empty_8" [cnn_accel.cpp:39]   --->   Operation 88 'specloopname' 'specloopname_ln39' <Predicate = (icmp_ln39)> <Delay = 0.00>
ST_3 : Operation 89 [1/1] (1.61ns)   --->   "%br_ln40 = br void %VITIS_LOOP_43_4" [cnn_accel.cpp:40]   --->   Operation 89 'br' 'br_ln40' <Predicate = (icmp_ln39)> <Delay = 1.61>
ST_3 : Operation 90 [1/1] (1.86ns)   --->   "%add_ln37 = add i5 %oc_base_3, i5 8" [cnn_accel.cpp:37]   --->   Operation 90 'add' 'add_ln37' <Predicate = (!icmp_ln39)> <Delay = 1.86> <CoreInst = "Adder">   --->   Core 1 'Adder' <Latency = 0> <II = 1> <Delay = 1.86> <FuncUnit> <Opcode : 'add' 'sub'> <InPorts = 2> <OutPorts = 1>
ST_3 : Operation 91 [1/1] (1.61ns)   --->   "%store_ln37 = store i5 %add_ln37, i5 %oc_base" [cnn_accel.cpp:37]   --->   Operation 91 'store' 'store_ln37' <Predicate = (!icmp_ln39)> <Delay = 1.61>
ST_3 : Operation 92 [1/1] (0.00ns)   --->   "%br_ln37 = br void %VITIS_LOOP_39_2" [cnn_accel.cpp:37]   --->   Operation 92 'br' 'br_ln37' <Predicate = (!icmp_ln39)> <Delay = 0.00>

State 4 <SV = 3> <Delay = 2.70>
ST_4 : Operation 93 [1/1] (0.00ns)   --->   "%tx = phi i32 0, void %VITIS_LOOP_40_3.split, i32 %add_ln40, void %VITIS_LOOP_43_4.split" [cnn_accel.cpp:40]   --->   Operation 93 'phi' 'tx' <Predicate = true> <Delay = 0.00>
ST_4 : Operation 94 [1/1] (0.00ns)   --->   "%zext_ln40 = zext i32 %tx" [cnn_accel.cpp:40]   --->   Operation 94 'zext' 'zext_ln40' <Predicate = true> <Delay = 0.00>
ST_4 : Operation 95 [1/1] (2.70ns)   --->   "%icmp_ln40 = icmp_slt  i33 %zext_ln40, i33 %sext_ln37" [cnn_accel.cpp:40]   --->   Operation 95 'icmp' 'icmp_ln40' <Predicate = true> <Delay = 2.70> <CoreInst = "Cmp">   --->   Core 9 'Cmp' <Latency = 0> <II = 1> <Delay = 2.70> <FuncUnit> <Opcode : 'seteq' 'setne' 'setle' 'setge' 'setlt' 'setgt'> <InPorts = 2> <OutPorts = 1>
ST_4 : Operation 96 [1/1] (0.00ns)   --->   "%br_ln40 = br i1 %icmp_ln40, void %for.inc183.loopexit, void %VITIS_LOOP_43_4.split" [cnn_accel.cpp:40]   --->   Operation 96 'br' 'br_ln40' <Predicate = true> <Delay = 0.00>
ST_4 : Operation 97 [1/1] (0.00ns)   --->   "%trunc_ln40 = trunc i32 %tx" [cnn_accel.cpp:40]   --->   Operation 97 'trunc' 'trunc_ln40' <Predicate = (icmp_ln40)> <Delay = 0.00>
ST_4 : Operation 98 [2/2] (0.00ns)   --->   "%call_ln39 = call void @conv_layer_Pipeline_VITIS_LOOP_43_4_VITIS_LOOP_44_5, i8 %gmem, i64 %input_read, i31 %trunc_ln39, i31 %trunc_ln37, i32 %H_read, i8 %tile_in, i8 %tile_in_431, i8 %tile_in_432, i8 %tile_in_433, i8 %tile_in_434, i8 %tile_in_435, i8 %tile_in_436, i8 %tile_in_437, i8 %tile_in_438, i8 %tile_in_439, i8 %tile_in_440, i8 %tile_in_441, i8 %tile_in_442, i8 %tile_in_443, i8 %tile_in_444, i8 %tile_in_445, i8 %tile_in_446, i8 %tile_in_447, i8 %tile_in_448, i8 %tile_in_449, i8 %tile_in_450, i8 %tile_in_451, i8 %tile_in_452, i8 %tile_in_453, i8 %tile_in_454, i8 %tile_in_455, i8 %tile_in_456, i31 %trunc_ln40" [cnn_accel.cpp:39]   --->   Operation 98 'call' 'call_ln39' <Predicate = (icmp_ln40)> <Delay = 0.00> <CoreType = "Generic">   --->   Generic Core
ST_4 : Operation 99 [1/1] (2.70ns)   --->   "%add_ln40 = add i32 %tx, i32 16" [cnn_accel.cpp:40]   --->   Operation 99 'add' 'add_ln40' <Predicate = (icmp_ln40)> <Delay = 2.70> <CoreInst = "Adder">   --->   Core 1 'Adder' <Latency = 0> <II = 1> <Delay = 2.70> <FuncUnit> <Opcode : 'add' 'sub'> <InPorts = 2> <OutPorts = 1>
ST_4 : Operation 100 [1/1] (2.70ns)   --->   "%add_ln39 = add i32 %ty, i32 16" [cnn_accel.cpp:39]   --->   Operation 100 'add' 'add_ln39' <Predicate = (!icmp_ln40)> <Delay = 2.70> <CoreInst = "Adder">   --->   Core 1 'Adder' <Latency = 0> <II = 1> <Delay = 2.70> <FuncUnit> <Opcode : 'add' 'sub'> <InPorts = 2> <OutPorts = 1>
ST_4 : Operation 101 [1/1] (0.00ns)   --->   "%br_ln39 = br void %VITIS_LOOP_40_3" [cnn_accel.cpp:39]   --->   Operation 101 'br' 'br_ln39' <Predicate = (!icmp_ln40)> <Delay = 0.00>

State 5 <SV = 4> <Delay = 0.00>
ST_5 : Operation 102 [1/2] (0.00ns)   --->   "%call_ln39 = call void @conv_layer_Pipeline_VITIS_LOOP_43_4_VITIS_LOOP_44_5, i8 %gmem, i64 %input_read, i31 %trunc_ln39, i31 %trunc_ln37, i32 %H_read, i8 %tile_in, i8 %tile_in_431, i8 %tile_in_432, i8 %tile_in_433, i8 %tile_in_434, i8 %tile_in_435, i8 %tile_in_436, i8 %tile_in_437, i8 %tile_in_438, i8 %tile_in_439, i8 %tile_in_440, i8 %tile_in_441, i8 %tile_in_442, i8 %tile_in_443, i8 %tile_in_444, i8 %tile_in_445, i8 %tile_in_446, i8 %tile_in_447, i8 %tile_in_448, i8 %tile_in_449, i8 %tile_in_450, i8 %tile_in_451, i8 %tile_in_452, i8 %tile_in_453, i8 %tile_in_454, i8 %tile_in_455, i8 %tile_in_456, i31 %trunc_ln40" [cnn_accel.cpp:39]   --->   Operation 102 'call' 'call_ln39' <Predicate = true> <Delay = 0.00> <CoreType = "Generic">   --->   Generic Core

State 6 <SV = 5> <Delay = 0.00>
ST_6 : Operation 103 [2/2] (0.00ns)   --->   "%call_ln37 = call void @conv_layer_Pipeline_VITIS_LOOP_62_7_VITIS_LOOP_63_8_VITIS_LOOP_64_9, i4 %trunc_ln37_3, i7 %tile_out, i8 %tile_in, i8 %tile_in_431, i8 %tile_in_432, i8 %tile_in_433, i8 %tile_in_434, i8 %tile_in_435, i8 %tile_in_436, i8 %tile_in_437, i8 %tile_in_438, i8 %tile_in_439, i8 %tile_in_440, i8 %tile_in_441, i8 %tile_in_442, i8 %tile_in_443, i8 %tile_in_444, i8 %tile_in_445, i8 %tile_in_446, i8 %tile_in_447, i8 %tile_in_448, i8 %tile_in_449, i8 %tile_in_450, i8 %tile_in_451, i8 %tile_in_452, i8 %tile_in_453, i8 %tile_in_454, i8 %tile_in_455, i8 %tile_in_456, i8 %w_0_conv_weight_bias, i7 %w_0_conv_weight_0, i7 %w_0_conv_weight_1, i7 %w_0_conv_weight_2, i7 %w_0_conv_weight_3, i8 %w_0_conv_weight_4, i7 %w_0_conv_weight_5, i7 %w_0_conv_weight_6, i7 %w_0_conv_weight_7, i7 %w_0_conv_weight_8, i7 %w_0_conv_weight_9, i7 %w_0_conv_weight_10, i7 %w_0_conv_weight_11, i7 %w_0_conv_weight_12, i8 %w_0_conv_weight_13, i7 %w_0_conv_weight_14, i7 %w_0_conv_weight_15, i7 %w_0_conv_weight_16, i7 %w_0_conv_weight_17, i6 %w_0_conv_weight_18, i6 %w_0_conv_weight_19, i6 %w_0_conv_weight_20, i6 %w_0_conv_weight_21, i7 %w_0_conv_weight_22, i6 %w_0_conv_weight_23, i6 %w_0_conv_weight_24, i6 %w_0_conv_weight_25, i6 %w_0_conv_weight_26" [cnn_accel.cpp:37]   --->   Operation 103 'call' 'call_ln37' <Predicate = true> <Delay = 0.00> <CoreType = "Generic">   --->   Generic Core

State 7 <SV = 6> <Delay = 0.00>
ST_7 : Operation 104 [1/2] (0.00ns)   --->   "%call_ln37 = call void @conv_layer_Pipeline_VITIS_LOOP_62_7_VITIS_LOOP_63_8_VITIS_LOOP_64_9, i4 %trunc_ln37_3, i7 %tile_out, i8 %tile_in, i8 %tile_in_431, i8 %tile_in_432, i8 %tile_in_433, i8 %tile_in_434, i8 %tile_in_435, i8 %tile_in_436, i8 %tile_in_437, i8 %tile_in_438, i8 %tile_in_439, i8 %tile_in_440, i8 %tile_in_441, i8 %tile_in_442, i8 %tile_in_443, i8 %tile_in_444, i8 %tile_in_445, i8 %tile_in_446, i8 %tile_in_447, i8 %tile_in_448, i8 %tile_in_449, i8 %tile_in_450, i8 %tile_in_451, i8 %tile_in_452, i8 %tile_in_453, i8 %tile_in_454, i8 %tile_in_455, i8 %tile_in_456, i8 %w_0_conv_weight_bias, i7 %w_0_conv_weight_0, i7 %w_0_conv_weight_1, i7 %w_0_conv_weight_2, i7 %w_0_conv_weight_3, i8 %w_0_conv_weight_4, i7 %w_0_conv_weight_5, i7 %w_0_conv_weight_6, i7 %w_0_conv_weight_7, i7 %w_0_conv_weight_8, i7 %w_0_conv_weight_9, i7 %w_0_conv_weight_10, i7 %w_0_conv_weight_11, i7 %w_0_conv_weight_12, i8 %w_0_conv_weight_13, i7 %w_0_conv_weight_14, i7 %w_0_conv_weight_15, i7 %w_0_conv_weight_16, i7 %w_0_conv_weight_17, i6 %w_0_conv_weight_18, i6 %w_0_conv_weight_19, i6 %w_0_conv_weight_20, i6 %w_0_conv_weight_21, i7 %w_0_conv_weight_22, i6 %w_0_conv_weight_23, i6 %w_0_conv_weight_24, i6 %w_0_conv_weight_25, i6 %w_0_conv_weight_26" [cnn_accel.cpp:37]   --->   Operation 104 'call' 'call_ln37' <Predicate = true> <Delay = 0.00> <CoreType = "Generic">   --->   Generic Core

State 8 <SV = 7> <Delay = 0.00>
ST_8 : Operation 105 [2/2] (0.00ns)   --->   "%call_ln39 = call void @conv_layer_Pipeline_VITIS_LOOP_96_13_VITIS_LOOP_97_14, i31 %trunc_ln39, i32 %H_read, i32 %H_read, i7 %tile_out, i31 %trunc_ln40, i4 %trunc_ln37_3, i64 %output_read, i8 %gmem" [cnn_accel.cpp:39]   --->   Operation 105 'call' 'call_ln39' <Predicate = true> <Delay = 0.00> <CoreType = "Generic">   --->   Generic Core

State 9 <SV = 8> <Delay = 0.00>
ST_9 : Operation 106 [1/1] (0.00ns)   --->   "%specloopname_ln40 = specloopname void @_ssdm_op_SpecLoopName, void @empty_9" [cnn_accel.cpp:40]   --->   Operation 106 'specloopname' 'specloopname_ln40' <Predicate = true> <Delay = 0.00>
ST_9 : Operation 107 [1/2] (0.00ns)   --->   "%call_ln39 = call void @conv_layer_Pipeline_VITIS_LOOP_96_13_VITIS_LOOP_97_14, i31 %trunc_ln39, i32 %H_read, i32 %H_read, i7 %tile_out, i31 %trunc_ln40, i4 %trunc_ln37_3, i64 %output_read, i8 %gmem" [cnn_accel.cpp:39]   --->   Operation 107 'call' 'call_ln39' <Predicate = true> <Delay = 0.00> <CoreType = "Generic">   --->   Generic Core
ST_9 : Operation 108 [1/1] (0.00ns)   --->   "%br_ln40 = br void %VITIS_LOOP_43_4" [cnn_accel.cpp:40]   --->   Operation 108 'br' 'br_ln40' <Predicate = true> <Delay = 0.00>


============================================================
+ Verbose Summary: Binding
============================================================
STG Binding: 
---------------- STG Properties BEGIN ----------------
- Is combinational: 0
- Is one-state seq: 0
- Is datapath-only: 0
- Is pipelined: 0
- Is top level: 0
Port [ Return ] is wired: 1; IO mode=ap_ctrl_hs:ce=0
Port [ gmem]:  wired=1; compound=1; hidden=0; nouse=0; global=0; static=0; extern=0; dir=2; type=4; pingpong=0; private_global=0; IO mode=m_axi:ce=0
Port [ input_r]:  wired=1; compound=0; hidden=0; nouse=0; global=0; static=0; extern=0; dir=0; type=0; pingpong=0; private_global=0; IO mode=ap_none:ce=0
Port [ output_r]:  wired=1; compound=0; hidden=0; nouse=0; global=0; static=0; extern=0; dir=0; type=0; pingpong=0; private_global=0; IO mode=ap_none:ce=0
Port [ H]:  wired=1; compound=0; hidden=0; nouse=0; global=0; static=0; extern=0; dir=0; type=0; pingpong=0; private_global=0; IO mode=ap_none:ce=0
Port [ w_0_conv_weight_bias]:  wired=0; compound=1; hidden=1; nouse=1; global=1; static=1; extern=0; dir=0; type=1; pingpong=0; private_global=0; MemPort=[1]; IO mode=ap_memory:ce=0
Port [ w_0_conv_weight_0]:  wired=0; compound=1; hidden=1; nouse=1; global=1; static=1; extern=0; dir=0; type=1; pingpong=0; private_global=0; MemPort=[1]; IO mode=ap_memory:ce=0
Port [ w_0_conv_weight_1]:  wired=0; compound=1; hidden=1; nouse=1; global=1; static=1; extern=0; dir=0; type=1; pingpong=0; private_global=0; MemPort=[1]; IO mode=ap_memory:ce=0
Port [ w_0_conv_weight_2]:  wired=0; compound=1; hidden=1; nouse=1; global=1; static=1; extern=0; dir=0; type=1; pingpong=0; private_global=0; MemPort=[1]; IO mode=ap_memory:ce=0
Port [ w_0_conv_weight_3]:  wired=0; compound=1; hidden=1; nouse=1; global=1; static=1; extern=0; dir=0; type=1; pingpong=0; private_global=0; MemPort=[1]; IO mode=ap_memory:ce=0
Port [ w_0_conv_weight_4]:  wired=0; compound=1; hidden=1; nouse=1; global=1; static=1; extern=0; dir=0; type=1; pingpong=0; private_global=0; MemPort=[1]; IO mode=ap_memory:ce=0
Port [ w_0_conv_weight_5]:  wired=0; compound=1; hidden=1; nouse=1; global=1; static=1; extern=0; dir=0; type=1; pingpong=0; private_global=0; MemPort=[1]; IO mode=ap_memory:ce=0
Port [ w_0_conv_weight_6]:  wired=0; compound=1; hidden=1; nouse=1; global=1; static=1; extern=0; dir=0; type=1; pingpong=0; private_global=0; MemPort=[1]; IO mode=ap_memory:ce=0
Port [ w_0_conv_weight_7]:  wired=0; compound=1; hidden=1; nouse=1; global=1; static=1; extern=0; dir=0; type=1; pingpong=0; private_global=0; MemPort=[1]; IO mode=ap_memory:ce=0
Port [ w_0_conv_weight_8]:  wired=0; compound=1; hidden=1; nouse=1; global=1; static=1; extern=0; dir=0; type=1; pingpong=0; private_global=0; MemPort=[1]; IO mode=ap_memory:ce=0
Port [ w_0_conv_weight_9]:  wired=0; compound=1; hidden=1; nouse=1; global=1; static=1; extern=0; dir=0; type=1; pingpong=0; private_global=0; MemPort=[1]; IO mode=ap_memory:ce=0
Port [ w_0_conv_weight_10]:  wired=0; compound=1; hidden=1; nouse=1; global=1; static=1; extern=0; dir=0; type=1; pingpong=0; private_global=0; MemPort=[1]; IO mode=ap_memory:ce=0
Port [ w_0_conv_weight_11]:  wired=0; compound=1; hidden=1; nouse=1; global=1; static=1; extern=0; dir=0; type=1; pingpong=0; private_global=0; MemPort=[1]; IO mode=ap_memory:ce=0
Port [ w_0_conv_weight_12]:  wired=0; compound=1; hidden=1; nouse=1; global=1; static=1; extern=0; dir=0; type=1; pingpong=0; private_global=0; MemPort=[1]; IO mode=ap_memory:ce=0
Port [ w_0_conv_weight_13]:  wired=0; compound=1; hidden=1; nouse=1; global=1; static=1; extern=0; dir=0; type=1; pingpong=0; private_global=0; MemPort=[1]; IO mode=ap_memory:ce=0
Port [ w_0_conv_weight_14]:  wired=0; compound=1; hidden=1; nouse=1; global=1; static=1; extern=0; dir=0; type=1; pingpong=0; private_global=0; MemPort=[1]; IO mode=ap_memory:ce=0
Port [ w_0_conv_weight_15]:  wired=0; compound=1; hidden=1; nouse=1; global=1; static=1; extern=0; dir=0; type=1; pingpong=0; private_global=0; MemPort=[1]; IO mode=ap_memory:ce=0
Port [ w_0_conv_weight_16]:  wired=0; compound=1; hidden=1; nouse=1; global=1; static=1; extern=0; dir=0; type=1; pingpong=0; private_global=0; MemPort=[1]; IO mode=ap_memory:ce=0
Port [ w_0_conv_weight_17]:  wired=0; compound=1; hidden=1; nouse=1; global=1; static=1; extern=0; dir=0; type=1; pingpong=0; private_global=0; MemPort=[1]; IO mode=ap_memory:ce=0
Port [ w_0_conv_weight_18]:  wired=0; compound=1; hidden=1; nouse=1; global=1; static=1; extern=0; dir=0; type=1; pingpong=0; private_global=0; MemPort=[1]; IO mode=ap_memory:ce=0
Port [ w_0_conv_weight_19]:  wired=0; compound=1; hidden=1; nouse=1; global=1; static=1; extern=0; dir=0; type=1; pingpong=0; private_global=0; MemPort=[1]; IO mode=ap_memory:ce=0
Port [ w_0_conv_weight_20]:  wired=0; compound=1; hidden=1; nouse=1; global=1; static=1; extern=0; dir=0; type=1; pingpong=0; private_global=0; MemPort=[1]; IO mode=ap_memory:ce=0
Port [ w_0_conv_weight_21]:  wired=0; compound=1; hidden=1; nouse=1; global=1; static=1; extern=0; dir=0; type=1; pingpong=0; private_global=0; MemPort=[1]; IO mode=ap_memory:ce=0
Port [ w_0_conv_weight_22]:  wired=0; compound=1; hidden=1; nouse=1; global=1; static=1; extern=0; dir=0; type=1; pingpong=0; private_global=0; MemPort=[1]; IO mode=ap_memory:ce=0
Port [ w_0_conv_weight_23]:  wired=0; compound=1; hidden=1; nouse=1; global=1; static=1; extern=0; dir=0; type=1; pingpong=0; private_global=0; MemPort=[1]; IO mode=ap_memory:ce=0
Port [ w_0_conv_weight_24]:  wired=0; compound=1; hidden=1; nouse=1; global=1; static=1; extern=0; dir=0; type=1; pingpong=0; private_global=0; MemPort=[1]; IO mode=ap_memory:ce=0
Port [ w_0_conv_weight_25]:  wired=0; compound=1; hidden=1; nouse=1; global=1; static=1; extern=0; dir=0; type=1; pingpong=0; private_global=0; MemPort=[1]; IO mode=ap_memory:ce=0
Port [ w_0_conv_weight_26]:  wired=0; compound=1; hidden=1; nouse=1; global=1; static=1; extern=0; dir=0; type=1; pingpong=0; private_global=0; MemPort=[1]; IO mode=ap_memory:ce=0
---------------- STG Properties END ------------------

---------------- Datapath Model BEGIN ----------------

<LifeTime>
<method=bitvector/>
oc_base               (alloca           ) [ 0111111111]
specinterface_ln0     (specinterface    ) [ 0000000000]
H_read                (read             ) [ 0011111111]
output_read           (read             ) [ 0011111111]
input_read            (read             ) [ 0011111111]
tile_in               (alloca           ) [ 0011111111]
tile_in_431           (alloca           ) [ 0011111111]
tile_in_432           (alloca           ) [ 0011111111]
tile_in_433           (alloca           ) [ 0011111111]
tile_in_434           (alloca           ) [ 0011111111]
tile_in_435           (alloca           ) [ 0011111111]
tile_in_436           (alloca           ) [ 0011111111]
tile_in_437           (alloca           ) [ 0011111111]
tile_in_438           (alloca           ) [ 0011111111]
tile_in_439           (alloca           ) [ 0011111111]
tile_in_440           (alloca           ) [ 0011111111]
tile_in_441           (alloca           ) [ 0011111111]
tile_in_442           (alloca           ) [ 0011111111]
tile_in_443           (alloca           ) [ 0011111111]
tile_in_444           (alloca           ) [ 0011111111]
tile_in_445           (alloca           ) [ 0011111111]
tile_in_446           (alloca           ) [ 0011111111]
tile_in_447           (alloca           ) [ 0011111111]
tile_in_448           (alloca           ) [ 0011111111]
tile_in_449           (alloca           ) [ 0011111111]
tile_in_450           (alloca           ) [ 0011111111]
tile_in_451           (alloca           ) [ 0011111111]
tile_in_452           (alloca           ) [ 0011111111]
tile_in_453           (alloca           ) [ 0011111111]
tile_in_454           (alloca           ) [ 0011111111]
tile_in_455           (alloca           ) [ 0011111111]
tile_in_456           (alloca           ) [ 0011111111]
tile_out              (alloca           ) [ 0011111111]
specmemcore_ln32      (specmemcore      ) [ 0000000000]
specmemcore_ln32      (specmemcore      ) [ 0000000000]
specmemcore_ln32      (specmemcore      ) [ 0000000000]
specmemcore_ln32      (specmemcore      ) [ 0000000000]
specmemcore_ln32      (specmemcore      ) [ 0000000000]
specmemcore_ln32      (specmemcore      ) [ 0000000000]
specmemcore_ln32      (specmemcore      ) [ 0000000000]
specmemcore_ln32      (specmemcore      ) [ 0000000000]
specmemcore_ln32      (specmemcore      ) [ 0000000000]
specmemcore_ln32      (specmemcore      ) [ 0000000000]
specmemcore_ln32      (specmemcore      ) [ 0000000000]
specmemcore_ln32      (specmemcore      ) [ 0000000000]
specmemcore_ln32      (specmemcore      ) [ 0000000000]
specmemcore_ln32      (specmemcore      ) [ 0000000000]
specmemcore_ln32      (specmemcore      ) [ 0000000000]
specmemcore_ln32      (specmemcore      ) [ 0000000000]
specmemcore_ln32      (specmemcore      ) [ 0000000000]
specmemcore_ln32      (specmemcore      ) [ 0000000000]
specmemcore_ln32      (specmemcore      ) [ 0000000000]
specmemcore_ln32      (specmemcore      ) [ 0000000000]
specmemcore_ln32      (specmemcore      ) [ 0000000000]
specmemcore_ln32      (specmemcore      ) [ 0000000000]
specmemcore_ln32      (specmemcore      ) [ 0000000000]
specmemcore_ln32      (specmemcore      ) [ 0000000000]
specmemcore_ln32      (specmemcore      ) [ 0000000000]
specmemcore_ln32      (specmemcore      ) [ 0000000000]
specmemcore_ln32      (specmemcore      ) [ 0000000000]
specmemcore_ln35      (specmemcore      ) [ 0000000000]
sext_ln37             (sext             ) [ 0011111111]
trunc_ln37            (trunc            ) [ 0011111111]
store_ln37            (store            ) [ 0000000000]
br_ln37               (br               ) [ 0000000000]
oc_base_3             (load             ) [ 0001111111]
tmp                   (bitselect        ) [ 0011111111]
speclooptripcount_ln0 (speclooptripcount) [ 0000000000]
br_ln37               (br               ) [ 0000000000]
trunc_ln37_3          (trunc            ) [ 0001111111]
specloopname_ln37     (specloopname     ) [ 0000000000]
br_ln39               (br               ) [ 0011111111]
ret_ln116             (ret              ) [ 0000000000]
ty                    (phi              ) [ 0001111111]
zext_ln39             (zext             ) [ 0000000000]
icmp_ln39             (icmp             ) [ 0011111111]
br_ln39               (br               ) [ 0000000000]
trunc_ln39            (trunc            ) [ 0000111111]
specloopname_ln39     (specloopname     ) [ 0000000000]
br_ln40               (br               ) [ 0011111111]
add_ln37              (add              ) [ 0000000000]
store_ln37            (store            ) [ 0000000000]
br_ln37               (br               ) [ 0000000000]
tx                    (phi              ) [ 0000100000]
zext_ln40             (zext             ) [ 0000000000]
icmp_ln40             (icmp             ) [ 0011111111]
br_ln40               (br               ) [ 0000000000]
trunc_ln40            (trunc            ) [ 0000011111]
add_ln40              (add              ) [ 0011111111]
add_ln39              (add              ) [ 0011111111]
br_ln39               (br               ) [ 0011111111]
call_ln39             (call             ) [ 0000000000]
call_ln37             (call             ) [ 0000000000]
specloopname_ln40     (specloopname     ) [ 0000000000]
call_ln39             (call             ) [ 0000000000]
br_ln40               (br               ) [ 0011111111]
</LifeTime>

<model>

<comp_list>
<comp id="0" class="1000" name="gmem">
<pin_list>
<pin id="1" dir="1" index="0" bw="1" slack="0"/>
</pin_list>
<bind>
<StgValue><ssdm name="gmem"/><MemPortTyVec>2 </MemPortTyVec>
</StgValue>
</bind>
</comp>

<comp id="2" class="1000" name="input_r">
<pin_list>
<pin id="3" dir="1" index="0" bw="1" slack="0"/>
</pin_list>
<bind>
<StgValue><ssdm name="input_r"/></StgValue>
</bind>
</comp>

<comp id="4" class="1000" name="output_r">
<pin_list>
<pin id="5" dir="1" index="0" bw="1" slack="0"/>
</pin_list>
<bind>
<StgValue><ssdm name="output_r"/></StgValue>
</bind>
</comp>

<comp id="6" class="1000" name="H">
<pin_list>
<pin id="7" dir="1" index="0" bw="1" slack="0"/>
</pin_list>
<bind>
<StgValue><ssdm name="H"/></StgValue>
</bind>
</comp>

<comp id="8" class="1000" name="w_0_conv_weight_bias">
<pin_list>
<pin id="9" dir="1" index="0" bw="1" slack="0"/>
</pin_list>
<bind>
<StgValue><ssdm name="w_0_conv_weight_bias"/><MemPortTyVec>1 </MemPortTyVec>
</StgValue>
</bind>
</comp>

<comp id="10" class="1000" name="w_0_conv_weight_0">
<pin_list>
<pin id="11" dir="1" index="0" bw="1" slack="0"/>
</pin_list>
<bind>
<StgValue><ssdm name="w_0_conv_weight_0"/><MemPortTyVec>1 </MemPortTyVec>
</StgValue>
</bind>
</comp>

<comp id="12" class="1000" name="w_0_conv_weight_1">
<pin_list>
<pin id="13" dir="1" index="0" bw="1" slack="0"/>
</pin_list>
<bind>
<StgValue><ssdm name="w_0_conv_weight_1"/><MemPortTyVec>1 </MemPortTyVec>
</StgValue>
</bind>
</comp>

<comp id="14" class="1000" name="w_0_conv_weight_2">
<pin_list>
<pin id="15" dir="1" index="0" bw="1" slack="0"/>
</pin_list>
<bind>
<StgValue><ssdm name="w_0_conv_weight_2"/><MemPortTyVec>1 </MemPortTyVec>
</StgValue>
</bind>
</comp>

<comp id="16" class="1000" name="w_0_conv_weight_3">
<pin_list>
<pin id="17" dir="1" index="0" bw="1" slack="0"/>
</pin_list>
<bind>
<StgValue><ssdm name="w_0_conv_weight_3"/><MemPortTyVec>1 </MemPortTyVec>
</StgValue>
</bind>
</comp>

<comp id="18" class="1000" name="w_0_conv_weight_4">
<pin_list>
<pin id="19" dir="1" index="0" bw="1" slack="0"/>
</pin_list>
<bind>
<StgValue><ssdm name="w_0_conv_weight_4"/><MemPortTyVec>1 </MemPortTyVec>
</StgValue>
</bind>
</comp>

<comp id="20" class="1000" name="w_0_conv_weight_5">
<pin_list>
<pin id="21" dir="1" index="0" bw="1" slack="0"/>
</pin_list>
<bind>
<StgValue><ssdm name="w_0_conv_weight_5"/><MemPortTyVec>1 </MemPortTyVec>
</StgValue>
</bind>
</comp>

<comp id="22" class="1000" name="w_0_conv_weight_6">
<pin_list>
<pin id="23" dir="1" index="0" bw="1" slack="0"/>
</pin_list>
<bind>
<StgValue><ssdm name="w_0_conv_weight_6"/><MemPortTyVec>1 </MemPortTyVec>
</StgValue>
</bind>
</comp>

<comp id="24" class="1000" name="w_0_conv_weight_7">
<pin_list>
<pin id="25" dir="1" index="0" bw="1" slack="0"/>
</pin_list>
<bind>
<StgValue><ssdm name="w_0_conv_weight_7"/><MemPortTyVec>1 </MemPortTyVec>
</StgValue>
</bind>
</comp>

<comp id="26" class="1000" name="w_0_conv_weight_8">
<pin_list>
<pin id="27" dir="1" index="0" bw="1" slack="0"/>
</pin_list>
<bind>
<StgValue><ssdm name="w_0_conv_weight_8"/><MemPortTyVec>1 </MemPortTyVec>
</StgValue>
</bind>
</comp>

<comp id="28" class="1000" name="w_0_conv_weight_9">
<pin_list>
<pin id="29" dir="1" index="0" bw="1" slack="0"/>
</pin_list>
<bind>
<StgValue><ssdm name="w_0_conv_weight_9"/><MemPortTyVec>1 </MemPortTyVec>
</StgValue>
</bind>
</comp>

<comp id="30" class="1000" name="w_0_conv_weight_10">
<pin_list>
<pin id="31" dir="1" index="0" bw="1" slack="0"/>
</pin_list>
<bind>
<StgValue><ssdm name="w_0_conv_weight_10"/><MemPortTyVec>1 </MemPortTyVec>
</StgValue>
</bind>
</comp>

<comp id="32" class="1000" name="w_0_conv_weight_11">
<pin_list>
<pin id="33" dir="1" index="0" bw="1" slack="0"/>
</pin_list>
<bind>
<StgValue><ssdm name="w_0_conv_weight_11"/><MemPortTyVec>1 </MemPortTyVec>
</StgValue>
</bind>
</comp>

<comp id="34" class="1000" name="w_0_conv_weight_12">
<pin_list>
<pin id="35" dir="1" index="0" bw="1" slack="0"/>
</pin_list>
<bind>
<StgValue><ssdm name="w_0_conv_weight_12"/><MemPortTyVec>1 </MemPortTyVec>
</StgValue>
</bind>
</comp>

<comp id="36" class="1000" name="w_0_conv_weight_13">
<pin_list>
<pin id="37" dir="1" index="0" bw="1" slack="0"/>
</pin_list>
<bind>
<StgValue><ssdm name="w_0_conv_weight_13"/><MemPortTyVec>1 </MemPortTyVec>
</StgValue>
</bind>
</comp>

<comp id="38" class="1000" name="w_0_conv_weight_14">
<pin_list>
<pin id="39" dir="1" index="0" bw="1" slack="0"/>
</pin_list>
<bind>
<StgValue><ssdm name="w_0_conv_weight_14"/><MemPortTyVec>1 </MemPortTyVec>
</StgValue>
</bind>
</comp>

<comp id="40" class="1000" name="w_0_conv_weight_15">
<pin_list>
<pin id="41" dir="1" index="0" bw="1" slack="0"/>
</pin_list>
<bind>
<StgValue><ssdm name="w_0_conv_weight_15"/><MemPortTyVec>1 </MemPortTyVec>
</StgValue>
</bind>
</comp>

<comp id="42" class="1000" name="w_0_conv_weight_16">
<pin_list>
<pin id="43" dir="1" index="0" bw="1" slack="0"/>
</pin_list>
<bind>
<StgValue><ssdm name="w_0_conv_weight_16"/><MemPortTyVec>1 </MemPortTyVec>
</StgValue>
</bind>
</comp>

<comp id="44" class="1000" name="w_0_conv_weight_17">
<pin_list>
<pin id="45" dir="1" index="0" bw="1" slack="0"/>
</pin_list>
<bind>
<StgValue><ssdm name="w_0_conv_weight_17"/><MemPortTyVec>1 </MemPortTyVec>
</StgValue>
</bind>
</comp>

<comp id="46" class="1000" name="w_0_conv_weight_18">
<pin_list>
<pin id="47" dir="1" index="0" bw="1" slack="0"/>
</pin_list>
<bind>
<StgValue><ssdm name="w_0_conv_weight_18"/><MemPortTyVec>1 </MemPortTyVec>
</StgValue>
</bind>
</comp>

<comp id="48" class="1000" name="w_0_conv_weight_19">
<pin_list>
<pin id="49" dir="1" index="0" bw="1" slack="0"/>
</pin_list>
<bind>
<StgValue><ssdm name="w_0_conv_weight_19"/><MemPortTyVec>1 </MemPortTyVec>
</StgValue>
</bind>
</comp>

<comp id="50" class="1000" name="w_0_conv_weight_20">
<pin_list>
<pin id="51" dir="1" index="0" bw="1" slack="0"/>
</pin_list>
<bind>
<StgValue><ssdm name="w_0_conv_weight_20"/><MemPortTyVec>1 </MemPortTyVec>
</StgValue>
</bind>
</comp>

<comp id="52" class="1000" name="w_0_conv_weight_21">
<pin_list>
<pin id="53" dir="1" index="0" bw="1" slack="0"/>
</pin_list>
<bind>
<StgValue><ssdm name="w_0_conv_weight_21"/><MemPortTyVec>1 </MemPortTyVec>
</StgValue>
</bind>
</comp>

<comp id="54" class="1000" name="w_0_conv_weight_22">
<pin_list>
<pin id="55" dir="1" index="0" bw="1" slack="0"/>
</pin_list>
<bind>
<StgValue><ssdm name="w_0_conv_weight_22"/><MemPortTyVec>1 </MemPortTyVec>
</StgValue>
</bind>
</comp>

<comp id="56" class="1000" name="w_0_conv_weight_23">
<pin_list>
<pin id="57" dir="1" index="0" bw="1" slack="0"/>
</pin_list>
<bind>
<StgValue><ssdm name="w_0_conv_weight_23"/><MemPortTyVec>1 </MemPortTyVec>
</StgValue>
</bind>
</comp>

<comp id="58" class="1000" name="w_0_conv_weight_24">
<pin_list>
<pin id="59" dir="1" index="0" bw="1" slack="0"/>
</pin_list>
<bind>
<StgValue><ssdm name="w_0_conv_weight_24"/><MemPortTyVec>1 </MemPortTyVec>
</StgValue>
</bind>
</comp>

<comp id="60" class="1000" name="w_0_conv_weight_25">
<pin_list>
<pin id="61" dir="1" index="0" bw="1" slack="0"/>
</pin_list>
<bind>
<StgValue><ssdm name="w_0_conv_weight_25"/><MemPortTyVec>1 </MemPortTyVec>
</StgValue>
</bind>
</comp>

<comp id="62" class="1000" name="w_0_conv_weight_26">
<pin_list>
<pin id="63" dir="1" index="0" bw="1" slack="0"/>
</pin_list>
<bind>
<StgValue><ssdm name="w_0_conv_weight_26"/><MemPortTyVec>1 </MemPortTyVec>
</StgValue>
</bind>
</comp>

<comp id="64" class="1001" name="const_64">
<pin_list>
<pin id="65" dir="1" index="0" bw="1" slack="0"/>
</pin_list>
<bind>
<StgValue><ssdm name=""/></StgValue>
</bind>
</comp>

<comp id="66" class="1001" name="const_66">
<pin_list>
<pin id="67" dir="1" index="0" bw="1" slack="2147483647"/>
</pin_list>
<bind>
<StgValue><ssdm name="_ssdm_op_SpecInterface"/></StgValue>
</bind>
</comp>

<comp id="68" class="1001" name="const_68">
<pin_list>
<pin id="69" dir="1" index="0" bw="1" slack="2147483647"/>
</pin_list>
<bind>
<StgValue><ssdm name="empty_15"/></StgValue>
</bind>
</comp>

<comp id="70" class="1001" name="const_70">
<pin_list>
<pin id="71" dir="1" index="0" bw="1" slack="1"/>
</pin_list>
<bind>
<StgValue><ssdm name=""/></StgValue>
</bind>
</comp>

<comp id="72" class="1001" name="const_72">
<pin_list>
<pin id="73" dir="1" index="0" bw="1" slack="2147483647"/>
</pin_list>
<bind>
<StgValue><ssdm name="empty_5"/></StgValue>
</bind>
</comp>

<comp id="74" class="1001" name="const_74">
<pin_list>
<pin id="75" dir="1" index="0" bw="1" slack="2147483647"/>
</pin_list>
<bind>
<StgValue><ssdm name="empty_4"/></StgValue>
</bind>
</comp>

<comp id="76" class="1001" name="const_76">
<pin_list>
<pin id="77" dir="1" index="0" bw="1" slack="2147483647"/>
</pin_list>
<bind>
<StgValue><ssdm name="empty_3"/></StgValue>
</bind>
</comp>

<comp id="78" class="1001" name="const_78">
<pin_list>
<pin id="79" dir="1" index="0" bw="1" slack="0"/>
</pin_list>
<bind>
<StgValue><ssdm name=""/></StgValue>
</bind>
</comp>

<comp id="80" class="1001" name="const_80">
<pin_list>
<pin id="81" dir="1" index="0" bw="1" slack="2147483647"/>
</pin_list>
<bind>
<StgValue><ssdm name=""/></StgValue>
</bind>
</comp>

<comp id="82" class="1001" name="const_82">
<pin_list>
<pin id="83" dir="1" index="0" bw="1" slack="0"/>
</pin_list>
<bind>
<StgValue><ssdm name="_ssdm_op_Read.ap_auto.i32"/></StgValue>
</bind>
</comp>

<comp id="84" class="1001" name="const_84">
<pin_list>
<pin id="85" dir="1" index="0" bw="1" slack="0"/>
</pin_list>
<bind>
<StgValue><ssdm name="_ssdm_op_Read.ap_auto.i64"/></StgValue>
</bind>
</comp>

<comp id="86" class="1001" name="const_86">
<pin_list>
<pin id="87" dir="1" index="0" bw="1" slack="0"/>
</pin_list>
<bind>
<StgValue><ssdm name=""/></StgValue>
</bind>
</comp>

<comp id="88" class="1001" name="const_88">
<pin_list>
<pin id="89" dir="1" index="0" bw="1" slack="2147483647"/>
</pin_list>
<bind>
<StgValue><ssdm name="_ssdm_op_SpecMemCore"/></StgValue>
</bind>
</comp>

<comp id="90" class="1001" name="const_90">
<pin_list>
<pin id="91" dir="1" index="0" bw="1" slack="2147483647"/>
</pin_list>
<bind>
<StgValue><ssdm name=""/></StgValue>
</bind>
</comp>

<comp id="92" class="1001" name="const_92">
<pin_list>
<pin id="93" dir="1" index="0" bw="1" slack="2147483647"/>
</pin_list>
<bind>
<StgValue><ssdm name=""/></StgValue>
</bind>
</comp>

<comp id="94" class="1001" name="const_94">
<pin_list>
<pin id="95" dir="1" index="0" bw="1" slack="2147483647"/>
</pin_list>
<bind>
<StgValue><ssdm name=""/></StgValue>
</bind>
</comp>

<comp id="96" class="1001" name="const_96">
<pin_list>
<pin id="97" dir="1" index="0" bw="1" slack="0"/>
</pin_list>
<bind>
<StgValue><ssdm name=""/></StgValue>
</bind>
</comp>

<comp id="98" class="1001" name="const_98">
<pin_list>
<pin id="99" dir="1" index="0" bw="1" slack="0"/>
</pin_list>
<bind>
<StgValue><ssdm name="_ssdm_op_BitSelect.i1.i5.i32"/></StgValue>
</bind>
</comp>

<comp id="100" class="1001" name="const_100">
<pin_list>
<pin id="101" dir="1" index="0" bw="1" slack="0"/>
</pin_list>
<bind>
<StgValue><ssdm name=""/></StgValue>
</bind>
</comp>

<comp id="102" class="1001" name="const_102">
<pin_list>
<pin id="103" dir="1" index="0" bw="1" slack="2147483647"/>
</pin_list>
<bind>
<StgValue><ssdm name="_ssdm_op_SpecLoopTripCount"/></StgValue>
</bind>
</comp>

<comp id="104" class="1001" name="const_104">
<pin_list>
<pin id="105" dir="1" index="0" bw="1" slack="2147483647"/>
</pin_list>
<bind>
<StgValue><ssdm name=""/></StgValue>
</bind>
</comp>

<comp id="106" class="1001" name="const_106">
<pin_list>
<pin id="107" dir="1" index="0" bw="1" slack="2147483647"/>
</pin_list>
<bind>
<StgValue><ssdm name="_ssdm_op_SpecLoopName"/></StgValue>
</bind>
</comp>

<comp id="108" class="1001" name="const_108">
<pin_list>
<pin id="109" dir="1" index="0" bw="1" slack="2147483647"/>
</pin_list>
<bind>
<StgValue><ssdm name="empty_7"/></StgValue>
</bind>
</comp>

<comp id="110" class="1001" name="const_110">
<pin_list>
<pin id="111" dir="1" index="0" bw="1" slack="2147483647"/>
</pin_list>
<bind>
<StgValue><ssdm name="empty_8"/></StgValue>
</bind>
</comp>

<comp id="112" class="1001" name="const_112">
<pin_list>
<pin id="113" dir="1" index="0" bw="1" slack="0"/>
</pin_list>
<bind>
<StgValue><ssdm name=""/></StgValue>
</bind>
</comp>

<comp id="114" class="1001" name="const_114">
<pin_list>
<pin id="115" dir="1" index="0" bw="1" slack="0"/>
</pin_list>
<bind>
<StgValue><ssdm name="conv_layer_Pipeline_VITIS_LOOP_43_4_VITIS_LOOP_44_5"/></StgValue>
</bind>
</comp>

<comp id="116" class="1001" name="const_116">
<pin_list>
<pin id="117" dir="1" index="0" bw="1" slack="0"/>
</pin_list>
<bind>
<StgValue><ssdm name="conv_layer_Pipeline_VITIS_LOOP_62_7_VITIS_LOOP_63_8_VITIS_LOOP_64_9"/></StgValue>
</bind>
</comp>

<comp id="118" class="1001" name="const_118">
<pin_list>
<pin id="119" dir="1" index="0" bw="1" slack="0"/>
</pin_list>
<bind>
<StgValue><ssdm name="conv_layer_Pipeline_VITIS_LOOP_96_13_VITIS_LOOP_97_14"/></StgValue>
</bind>
</comp>

<comp id="120" class="1001" name="const_120">
<pin_list>
<pin id="121" dir="1" index="0" bw="1" slack="2147483647"/>
</pin_list>
<bind>
<StgValue><ssdm name="empty_9"/></StgValue>
</bind>
</comp>

<comp id="122" class="1004" name="oc_base_fu_122">
<pin_list>
<pin id="123" dir="0" index="0" bw="1" slack="0"/>
<pin id="124" dir="1" index="1" bw="5" slack="0"/>
</pin_list>
<bind>
<opcode="alloca(26) " fcode="alloca"/>
<opset="oc_base/1 "/>
</bind>
</comp>

<comp id="126" class="1004" name="tile_in_alloca_fu_126">
<pin_list>
<pin id="127" dir="0" index="0" bw="1" slack="0"/>
<pin id="128" dir="1" index="1" bw="8" slack="2147483647"/>
</pin_list>
<bind>
<opcode="alloca(26) " fcode="alloca"/>
<opset="tile_in/1 "/>
</bind>
</comp>

<comp id="130" class="1004" name="tile_in_431_alloca_fu_130">
<pin_list>
<pin id="131" dir="0" index="0" bw="1" slack="0"/>
<pin id="132" dir="1" index="1" bw="8" slack="2147483647"/>
</pin_list>
<bind>
<opcode="alloca(26) " fcode="alloca"/>
<opset="tile_in_431/1 "/>
</bind>
</comp>

<comp id="134" class="1004" name="tile_in_432_alloca_fu_134">
<pin_list>
<pin id="135" dir="0" index="0" bw="1" slack="0"/>
<pin id="136" dir="1" index="1" bw="8" slack="2147483647"/>
</pin_list>
<bind>
<opcode="alloca(26) " fcode="alloca"/>
<opset="tile_in_432/1 "/>
</bind>
</comp>

<comp id="138" class="1004" name="tile_in_433_alloca_fu_138">
<pin_list>
<pin id="139" dir="0" index="0" bw="1" slack="0"/>
<pin id="140" dir="1" index="1" bw="8" slack="2147483647"/>
</pin_list>
<bind>
<opcode="alloca(26) " fcode="alloca"/>
<opset="tile_in_433/1 "/>
</bind>
</comp>

<comp id="142" class="1004" name="tile_in_434_alloca_fu_142">
<pin_list>
<pin id="143" dir="0" index="0" bw="1" slack="0"/>
<pin id="144" dir="1" index="1" bw="8" slack="2147483647"/>
</pin_list>
<bind>
<opcode="alloca(26) " fcode="alloca"/>
<opset="tile_in_434/1 "/>
</bind>
</comp>

<comp id="146" class="1004" name="tile_in_435_alloca_fu_146">
<pin_list>
<pin id="147" dir="0" index="0" bw="1" slack="0"/>
<pin id="148" dir="1" index="1" bw="8" slack="2147483647"/>
</pin_list>
<bind>
<opcode="alloca(26) " fcode="alloca"/>
<opset="tile_in_435/1 "/>
</bind>
</comp>

<comp id="150" class="1004" name="tile_in_436_alloca_fu_150">
<pin_list>
<pin id="151" dir="0" index="0" bw="1" slack="0"/>
<pin id="152" dir="1" index="1" bw="8" slack="2147483647"/>
</pin_list>
<bind>
<opcode="alloca(26) " fcode="alloca"/>
<opset="tile_in_436/1 "/>
</bind>
</comp>

<comp id="154" class="1004" name="tile_in_437_alloca_fu_154">
<pin_list>
<pin id="155" dir="0" index="0" bw="1" slack="0"/>
<pin id="156" dir="1" index="1" bw="8" slack="2147483647"/>
</pin_list>
<bind>
<opcode="alloca(26) " fcode="alloca"/>
<opset="tile_in_437/1 "/>
</bind>
</comp>

<comp id="158" class="1004" name="tile_in_438_alloca_fu_158">
<pin_list>
<pin id="159" dir="0" index="0" bw="1" slack="0"/>
<pin id="160" dir="1" index="1" bw="8" slack="2147483647"/>
</pin_list>
<bind>
<opcode="alloca(26) " fcode="alloca"/>
<opset="tile_in_438/1 "/>
</bind>
</comp>

<comp id="162" class="1004" name="tile_in_439_alloca_fu_162">
<pin_list>
<pin id="163" dir="0" index="0" bw="1" slack="0"/>
<pin id="164" dir="1" index="1" bw="8" slack="2147483647"/>
</pin_list>
<bind>
<opcode="alloca(26) " fcode="alloca"/>
<opset="tile_in_439/1 "/>
</bind>
</comp>

<comp id="166" class="1004" name="tile_in_440_alloca_fu_166">
<pin_list>
<pin id="167" dir="0" index="0" bw="1" slack="0"/>
<pin id="168" dir="1" index="1" bw="8" slack="2147483647"/>
</pin_list>
<bind>
<opcode="alloca(26) " fcode="alloca"/>
<opset="tile_in_440/1 "/>
</bind>
</comp>

<comp id="170" class="1004" name="tile_in_441_alloca_fu_170">
<pin_list>
<pin id="171" dir="0" index="0" bw="1" slack="0"/>
<pin id="172" dir="1" index="1" bw="8" slack="2147483647"/>
</pin_list>
<bind>
<opcode="alloca(26) " fcode="alloca"/>
<opset="tile_in_441/1 "/>
</bind>
</comp>

<comp id="174" class="1004" name="tile_in_442_alloca_fu_174">
<pin_list>
<pin id="175" dir="0" index="0" bw="1" slack="0"/>
<pin id="176" dir="1" index="1" bw="8" slack="2147483647"/>
</pin_list>
<bind>
<opcode="alloca(26) " fcode="alloca"/>
<opset="tile_in_442/1 "/>
</bind>
</comp>

<comp id="178" class="1004" name="tile_in_443_alloca_fu_178">
<pin_list>
<pin id="179" dir="0" index="0" bw="1" slack="0"/>
<pin id="180" dir="1" index="1" bw="8" slack="2147483647"/>
</pin_list>
<bind>
<opcode="alloca(26) " fcode="alloca"/>
<opset="tile_in_443/1 "/>
</bind>
</comp>

<comp id="182" class="1004" name="tile_in_444_alloca_fu_182">
<pin_list>
<pin id="183" dir="0" index="0" bw="1" slack="0"/>
<pin id="184" dir="1" index="1" bw="8" slack="2147483647"/>
</pin_list>
<bind>
<opcode="alloca(26) " fcode="alloca"/>
<opset="tile_in_444/1 "/>
</bind>
</comp>

<comp id="186" class="1004" name="tile_in_445_alloca_fu_186">
<pin_list>
<pin id="187" dir="0" index="0" bw="1" slack="0"/>
<pin id="188" dir="1" index="1" bw="8" slack="2147483647"/>
</pin_list>
<bind>
<opcode="alloca(26) " fcode="alloca"/>
<opset="tile_in_445/1 "/>
</bind>
</comp>

<comp id="190" class="1004" name="tile_in_446_alloca_fu_190">
<pin_list>
<pin id="191" dir="0" index="0" bw="1" slack="0"/>
<pin id="192" dir="1" index="1" bw="8" slack="2147483647"/>
</pin_list>
<bind>
<opcode="alloca(26) " fcode="alloca"/>
<opset="tile_in_446/1 "/>
</bind>
</comp>

<comp id="194" class="1004" name="tile_in_447_alloca_fu_194">
<pin_list>
<pin id="195" dir="0" index="0" bw="1" slack="0"/>
<pin id="196" dir="1" index="1" bw="8" slack="2147483647"/>
</pin_list>
<bind>
<opcode="alloca(26) " fcode="alloca"/>
<opset="tile_in_447/1 "/>
</bind>
</comp>

<comp id="198" class="1004" name="tile_in_448_alloca_fu_198">
<pin_list>
<pin id="199" dir="0" index="0" bw="1" slack="0"/>
<pin id="200" dir="1" index="1" bw="8" slack="2147483647"/>
</pin_list>
<bind>
<opcode="alloca(26) " fcode="alloca"/>
<opset="tile_in_448/1 "/>
</bind>
</comp>

<comp id="202" class="1004" name="tile_in_449_alloca_fu_202">
<pin_list>
<pin id="203" dir="0" index="0" bw="1" slack="0"/>
<pin id="204" dir="1" index="1" bw="8" slack="2147483647"/>
</pin_list>
<bind>
<opcode="alloca(26) " fcode="alloca"/>
<opset="tile_in_449/1 "/>
</bind>
</comp>

<comp id="206" class="1004" name="tile_in_450_alloca_fu_206">
<pin_list>
<pin id="207" dir="0" index="0" bw="1" slack="0"/>
<pin id="208" dir="1" index="1" bw="8" slack="2147483647"/>
</pin_list>
<bind>
<opcode="alloca(26) " fcode="alloca"/>
<opset="tile_in_450/1 "/>
</bind>
</comp>

<comp id="210" class="1004" name="tile_in_451_alloca_fu_210">
<pin_list>
<pin id="211" dir="0" index="0" bw="1" slack="0"/>
<pin id="212" dir="1" index="1" bw="8" slack="2147483647"/>
</pin_list>
<bind>
<opcode="alloca(26) " fcode="alloca"/>
<opset="tile_in_451/1 "/>
</bind>
</comp>

<comp id="214" class="1004" name="tile_in_452_alloca_fu_214">
<pin_list>
<pin id="215" dir="0" index="0" bw="1" slack="0"/>
<pin id="216" dir="1" index="1" bw="8" slack="2147483647"/>
</pin_list>
<bind>
<opcode="alloca(26) " fcode="alloca"/>
<opset="tile_in_452/1 "/>
</bind>
</comp>

<comp id="218" class="1004" name="tile_in_453_alloca_fu_218">
<pin_list>
<pin id="219" dir="0" index="0" bw="1" slack="0"/>
<pin id="220" dir="1" index="1" bw="8" slack="2147483647"/>
</pin_list>
<bind>
<opcode="alloca(26) " fcode="alloca"/>
<opset="tile_in_453/1 "/>
</bind>
</comp>

<comp id="222" class="1004" name="tile_in_454_alloca_fu_222">
<pin_list>
<pin id="223" dir="0" index="0" bw="1" slack="0"/>
<pin id="224" dir="1" index="1" bw="8" slack="2147483647"/>
</pin_list>
<bind>
<opcode="alloca(26) " fcode="alloca"/>
<opset="tile_in_454/1 "/>
</bind>
</comp>

<comp id="226" class="1004" name="tile_in_455_alloca_fu_226">
<pin_list>
<pin id="227" dir="0" index="0" bw="1" slack="0"/>
<pin id="228" dir="1" index="1" bw="8" slack="2147483647"/>
</pin_list>
<bind>
<opcode="alloca(26) " fcode="alloca"/>
<opset="tile_in_455/1 "/>
</bind>
</comp>

<comp id="230" class="1004" name="tile_in_456_alloca_fu_230">
<pin_list>
<pin id="231" dir="0" index="0" bw="1" slack="0"/>
<pin id="232" dir="1" index="1" bw="8" slack="2147483647"/>
</pin_list>
<bind>
<opcode="alloca(26) " fcode="alloca"/>
<opset="tile_in_456/1 "/>
</bind>
</comp>

<comp id="234" class="1004" name="tile_out_alloca_fu_234">
<pin_list>
<pin id="235" dir="0" index="0" bw="1" slack="0"/>
<pin id="236" dir="1" index="1" bw="7" slack="2147483647"/>
</pin_list>
<bind>
<opcode="alloca(26) " fcode="alloca"/>
<opset="tile_out/1 "/>
</bind>
</comp>

<comp id="238" class="1004" name="H_read_read_fu_238">
<pin_list>
<pin id="239" dir="0" index="0" bw="32" slack="0"/>
<pin id="240" dir="0" index="1" bw="32" slack="0"/>
<pin id="241" dir="1" index="2" bw="32" slack="0"/>
</pin_list>
<bind>
<opcode="read(1150) " fcode="read"/>
<opset="H_read/1 "/>
</bind>
</comp>

<comp id="244" class="1004" name="output_read_read_fu_244">
<pin_list>
<pin id="245" dir="0" index="0" bw="64" slack="0"/>
<pin id="246" dir="0" index="1" bw="64" slack="0"/>
<pin id="247" dir="1" index="2" bw="64" slack="7"/>
</pin_list>
<bind>
<opcode="read(1150) " fcode="read"/>
<opset="output_read/1 "/>
</bind>
</comp>

<comp id="250" class="1004" name="input_read_read_fu_250">
<pin_list>
<pin id="251" dir="0" index="0" bw="64" slack="0"/>
<pin id="252" dir="0" index="1" bw="64" slack="0"/>
<pin id="253" dir="1" index="2" bw="64" slack="3"/>
</pin_list>
<bind>
<opcode="read(1150) " fcode="read"/>
<opset="input_read/1 "/>
</bind>
</comp>

<comp id="256" class="1005" name="ty_reg_256">
<pin_list>
<pin id="257" dir="0" index="0" bw="32" slack="1"/>
<pin id="258" dir="1" index="1" bw="32" slack="1"/>
</pin_list>
<bind>
<opset="ty (phireg) "/>
</bind>
</comp>

<comp id="260" class="1004" name="ty_phi_fu_260">
<pin_list>
<pin id="261" dir="0" index="0" bw="1" slack="1"/>
<pin id="262" dir="0" index="1" bw="0" slack="2147483647"/>
<pin id="263" dir="0" index="2" bw="32" slack="1"/>
<pin id="264" dir="0" index="3" bw="0" slack="2147483647"/>
<pin id="265" dir="1" index="4" bw="32" slack="0"/>
</pin_list>
<bind>
<opcode="phi(47) " fcode="phi"/>
<opset="ty/3 "/>
</bind>
</comp>

<comp id="268" class="1005" name="tx_reg_268">
<pin_list>
<pin id="269" dir="0" index="0" bw="32" slack="1"/>
<pin id="270" dir="1" index="1" bw="32" slack="1"/>
</pin_list>
<bind>
<opset="tx (phireg) "/>
</bind>
</comp>

<comp id="272" class="1004" name="tx_phi_fu_272">
<pin_list>
<pin id="273" dir="0" index="0" bw="1" slack="1"/>
<pin id="274" dir="0" index="1" bw="0" slack="2147483647"/>
<pin id="275" dir="0" index="2" bw="32" slack="0"/>
<pin id="276" dir="0" index="3" bw="0" slack="2147483647"/>
<pin id="277" dir="1" index="4" bw="32" slack="0"/>
</pin_list>
<bind>
<opcode="phi(47) " fcode="phi"/>
<opset="tx/4 "/>
</bind>
</comp>

<comp id="279" class="1004" name="grp_conv_layer_Pipeline_VITIS_LOOP_43_4_VITIS_LOOP_44_5_fu_279">
<pin_list>
<pin id="280" dir="0" index="0" bw="0" slack="0"/>
<pin id="281" dir="0" index="1" bw="8" slack="0"/>
<pin id="282" dir="0" index="2" bw="64" slack="3"/>
<pin id="283" dir="0" index="3" bw="31" slack="1"/>
<pin id="284" dir="0" index="4" bw="31" slack="3"/>
<pin id="285" dir="0" index="5" bw="32" slack="3"/>
<pin id="286" dir="0" index="6" bw="8" slack="2147483647"/>
<pin id="287" dir="0" index="7" bw="8" slack="2147483647"/>
<pin id="288" dir="0" index="8" bw="8" slack="2147483647"/>
<pin id="289" dir="0" index="9" bw="8" slack="2147483647"/>
<pin id="290" dir="0" index="10" bw="8" slack="2147483647"/>
<pin id="291" dir="0" index="11" bw="8" slack="2147483647"/>
<pin id="292" dir="0" index="12" bw="8" slack="2147483647"/>
<pin id="293" dir="0" index="13" bw="8" slack="2147483647"/>
<pin id="294" dir="0" index="14" bw="8" slack="2147483647"/>
<pin id="295" dir="0" index="15" bw="8" slack="2147483647"/>
<pin id="296" dir="0" index="16" bw="8" slack="2147483647"/>
<pin id="297" dir="0" index="17" bw="8" slack="2147483647"/>
<pin id="298" dir="0" index="18" bw="8" slack="2147483647"/>
<pin id="299" dir="0" index="19" bw="8" slack="2147483647"/>
<pin id="300" dir="0" index="20" bw="8" slack="2147483647"/>
<pin id="301" dir="0" index="21" bw="8" slack="2147483647"/>
<pin id="302" dir="0" index="22" bw="8" slack="2147483647"/>
<pin id="303" dir="0" index="23" bw="8" slack="2147483647"/>
<pin id="304" dir="0" index="24" bw="8" slack="2147483647"/>
<pin id="305" dir="0" index="25" bw="8" slack="2147483647"/>
<pin id="306" dir="0" index="26" bw="8" slack="2147483647"/>
<pin id="307" dir="0" index="27" bw="8" slack="2147483647"/>
<pin id="308" dir="0" index="28" bw="8" slack="2147483647"/>
<pin id="309" dir="0" index="29" bw="8" slack="2147483647"/>
<pin id="310" dir="0" index="30" bw="8" slack="2147483647"/>
<pin id="311" dir="0" index="31" bw="8" slack="2147483647"/>
<pin id="312" dir="0" index="32" bw="8" slack="2147483647"/>
<pin id="313" dir="0" index="33" bw="31" slack="0"/>
<pin id="314" dir="1" index="34" bw="0" slack="2147483647"/>
</pin_list>
<bind>
<opcode="call(48) " fcode="call"/>
<opset="call_ln39/4 "/>
</bind>
</comp>

<comp id="317" class="1004" name="grp_conv_layer_Pipeline_VITIS_LOOP_62_7_VITIS_LOOP_63_8_VITIS_LOOP_64_9_fu_317">
<pin_list>
<pin id="318" dir="0" index="0" bw="0" slack="0"/>
<pin id="319" dir="0" index="1" bw="4" slack="4"/>
<pin id="320" dir="0" index="2" bw="7" slack="2147483647"/>
<pin id="321" dir="0" index="3" bw="8" slack="2147483647"/>
<pin id="322" dir="0" index="4" bw="8" slack="2147483647"/>
<pin id="323" dir="0" index="5" bw="8" slack="2147483647"/>
<pin id="324" dir="0" index="6" bw="8" slack="2147483647"/>
<pin id="325" dir="0" index="7" bw="8" slack="2147483647"/>
<pin id="326" dir="0" index="8" bw="8" slack="2147483647"/>
<pin id="327" dir="0" index="9" bw="8" slack="2147483647"/>
<pin id="328" dir="0" index="10" bw="8" slack="2147483647"/>
<pin id="329" dir="0" index="11" bw="8" slack="2147483647"/>
<pin id="330" dir="0" index="12" bw="8" slack="2147483647"/>
<pin id="331" dir="0" index="13" bw="8" slack="2147483647"/>
<pin id="332" dir="0" index="14" bw="8" slack="2147483647"/>
<pin id="333" dir="0" index="15" bw="8" slack="2147483647"/>
<pin id="334" dir="0" index="16" bw="8" slack="2147483647"/>
<pin id="335" dir="0" index="17" bw="8" slack="2147483647"/>
<pin id="336" dir="0" index="18" bw="8" slack="2147483647"/>
<pin id="337" dir="0" index="19" bw="8" slack="2147483647"/>
<pin id="338" dir="0" index="20" bw="8" slack="2147483647"/>
<pin id="339" dir="0" index="21" bw="8" slack="2147483647"/>
<pin id="340" dir="0" index="22" bw="8" slack="2147483647"/>
<pin id="341" dir="0" index="23" bw="8" slack="2147483647"/>
<pin id="342" dir="0" index="24" bw="8" slack="2147483647"/>
<pin id="343" dir="0" index="25" bw="8" slack="2147483647"/>
<pin id="344" dir="0" index="26" bw="8" slack="2147483647"/>
<pin id="345" dir="0" index="27" bw="8" slack="2147483647"/>
<pin id="346" dir="0" index="28" bw="8" slack="2147483647"/>
<pin id="347" dir="0" index="29" bw="8" slack="2147483647"/>
<pin id="348" dir="0" index="30" bw="8" slack="0"/>
<pin id="349" dir="0" index="31" bw="7" slack="0"/>
<pin id="350" dir="0" index="32" bw="7" slack="0"/>
<pin id="351" dir="0" index="33" bw="7" slack="0"/>
<pin id="352" dir="0" index="34" bw="7" slack="0"/>
<pin id="353" dir="0" index="35" bw="8" slack="0"/>
<pin id="354" dir="0" index="36" bw="7" slack="0"/>
<pin id="355" dir="0" index="37" bw="7" slack="0"/>
<pin id="356" dir="0" index="38" bw="7" slack="0"/>
<pin id="357" dir="0" index="39" bw="7" slack="0"/>
<pin id="358" dir="0" index="40" bw="7" slack="0"/>
<pin id="359" dir="0" index="41" bw="7" slack="0"/>
<pin id="360" dir="0" index="42" bw="7" slack="0"/>
<pin id="361" dir="0" index="43" bw="7" slack="0"/>
<pin id="362" dir="0" index="44" bw="8" slack="0"/>
<pin id="363" dir="0" index="45" bw="7" slack="0"/>
<pin id="364" dir="0" index="46" bw="7" slack="0"/>
<pin id="365" dir="0" index="47" bw="7" slack="0"/>
<pin id="366" dir="0" index="48" bw="7" slack="0"/>
<pin id="367" dir="0" index="49" bw="6" slack="0"/>
<pin id="368" dir="0" index="50" bw="6" slack="0"/>
<pin id="369" dir="0" index="51" bw="6" slack="0"/>
<pin id="370" dir="0" index="52" bw="6" slack="0"/>
<pin id="371" dir="0" index="53" bw="7" slack="0"/>
<pin id="372" dir="0" index="54" bw="6" slack="0"/>
<pin id="373" dir="0" index="55" bw="6" slack="0"/>
<pin id="374" dir="0" index="56" bw="6" slack="0"/>
<pin id="375" dir="0" index="57" bw="6" slack="0"/>
<pin id="376" dir="1" index="58" bw="0" slack="2147483647"/>
</pin_list>
<bind>
<opcode="call(48) " fcode="call"/>
<opset="call_ln37/6 "/>
</bind>
</comp>

<comp id="406" class="1004" name="grp_conv_layer_Pipeline_VITIS_LOOP_96_13_VITIS_LOOP_97_14_fu_406">
<pin_list>
<pin id="407" dir="0" index="0" bw="0" slack="0"/>
<pin id="408" dir="0" index="1" bw="31" slack="5"/>
<pin id="409" dir="0" index="2" bw="32" slack="7"/>
<pin id="410" dir="0" index="3" bw="32" slack="7"/>
<pin id="411" dir="0" index="4" bw="7" slack="2147483647"/>
<pin id="412" dir="0" index="5" bw="31" slack="4"/>
<pin id="413" dir="0" index="6" bw="4" slack="6"/>
<pin id="414" dir="0" index="7" bw="64" slack="7"/>
<pin id="415" dir="0" index="8" bw="8" slack="0"/>
<pin id="416" dir="1" index="9" bw="0" slack="2147483647"/>
</pin_list>
<bind>
<opcode="call(48) " fcode="call"/>
<opset="call_ln39/8 "/>
</bind>
</comp>

<comp id="419" class="1004" name="sext_ln37_fu_419">
<pin_list>
<pin id="420" dir="0" index="0" bw="32" slack="0"/>
<pin id="421" dir="1" index="1" bw="33" slack="2"/>
</pin_list>
<bind>
<opcode="sext(35) " fcode="sext"/>
<opset="sext_ln37/1 "/>
</bind>
</comp>

<comp id="423" class="1004" name="trunc_ln37_fu_423">
<pin_list>
<pin id="424" dir="0" index="0" bw="32" slack="0"/>
<pin id="425" dir="1" index="1" bw="31" slack="3"/>
</pin_list>
<bind>
<opcode="trunc(33) " fcode="trunc"/>
<opset="trunc_ln37/1 "/>
</bind>
</comp>

<comp id="427" class="1004" name="store_ln37_store_fu_427">
<pin_list>
<pin id="428" dir="0" index="0" bw="1" slack="0"/>
<pin id="429" dir="0" index="1" bw="5" slack="0"/>
<pin id="430" dir="1" index="2" bw="0" slack="2147483647"/>
</pin_list>
<bind>
<opcode="store(28) " fcode="store"/>
<opset="store_ln37/1 "/>
</bind>
</comp>

<comp id="432" class="1004" name="oc_base_3_load_fu_432">
<pin_list>
<pin id="433" dir="0" index="0" bw="5" slack="1"/>
<pin id="434" dir="1" index="1" bw="5" slack="0"/>
</pin_list>
<bind>
<opcode="load(27) " fcode="load"/>
<opset="oc_base_3/2 "/>
</bind>
</comp>

<comp id="435" class="1004" name="tmp_fu_435">
<pin_list>
<pin id="436" dir="0" index="0" bw="1" slack="0"/>
<pin id="437" dir="0" index="1" bw="5" slack="0"/>
<pin id="438" dir="0" index="2" bw="4" slack="0"/>
<pin id="439" dir="1" index="3" bw="1" slack="2147483647"/>
</pin_list>
<bind>
<opcode="bitselect(1000) " fcode="bitselect"/>
<opset="tmp/2 "/>
</bind>
</comp>

<comp id="443" class="1004" name="trunc_ln37_3_fu_443">
<pin_list>
<pin id="444" dir="0" index="0" bw="5" slack="0"/>
<pin id="445" dir="1" index="1" bw="4" slack="4"/>
</pin_list>
<bind>
<opcode="trunc(33) " fcode="trunc"/>
<opset="trunc_ln37_3/2 "/>
</bind>
</comp>

<comp id="447" class="1004" name="zext_ln39_fu_447">
<pin_list>
<pin id="448" dir="0" index="0" bw="32" slack="0"/>
<pin id="449" dir="1" index="1" bw="33" slack="0"/>
</pin_list>
<bind>
<opcode="zext(34) " fcode="zext"/>
<opset="zext_ln39/3 "/>
</bind>
</comp>

<comp id="451" class="1004" name="icmp_ln39_fu_451">
<pin_list>
<pin id="452" dir="0" index="0" bw="32" slack="0"/>
<pin id="453" dir="0" index="1" bw="32" slack="2"/>
<pin id="454" dir="1" index="2" bw="1" slack="2147483647"/>
</pin_list>
<bind>
<opcode="icmp(45) " fcode="icmp"/>
<opset="icmp_ln39/3 "/>
</bind>
</comp>

<comp id="456" class="1004" name="trunc_ln39_fu_456">
<pin_list>
<pin id="457" dir="0" index="0" bw="32" slack="0"/>
<pin id="458" dir="1" index="1" bw="31" slack="1"/>
</pin_list>
<bind>
<opcode="trunc(33) " fcode="trunc"/>
<opset="trunc_ln39/3 "/>
</bind>
</comp>

<comp id="460" class="1004" name="add_ln37_fu_460">
<pin_list>
<pin id="461" dir="0" index="0" bw="5" slack="2147483647"/>
<pin id="462" dir="0" index="1" bw="5" slack="0"/>
<pin id="463" dir="1" index="2" bw="5" slack="0"/>
</pin_list>
<bind>
<opcode="add(8) " fcode="add"/>
<opset="add_ln37/3 "/>
</bind>
</comp>

<comp id="465" class="1004" name="store_ln37_store_fu_465">
<pin_list>
<pin id="466" dir="0" index="0" bw="5" slack="0"/>
<pin id="467" dir="0" index="1" bw="5" slack="2"/>
<pin id="468" dir="1" index="2" bw="0" slack="2147483647"/>
</pin_list>
<bind>
<opcode="store(28) " fcode="store"/>
<opset="store_ln37/3 "/>
</bind>
</comp>

<comp id="470" class="1004" name="zext_ln40_fu_470">
<pin_list>
<pin id="471" dir="0" index="0" bw="32" slack="0"/>
<pin id="472" dir="1" index="1" bw="33" slack="0"/>
</pin_list>
<bind>
<opcode="zext(34) " fcode="zext"/>
<opset="zext_ln40/4 "/>
</bind>
</comp>

<comp id="474" class="1004" name="icmp_ln40_fu_474">
<pin_list>
<pin id="475" dir="0" index="0" bw="32" slack="0"/>
<pin id="476" dir="0" index="1" bw="32" slack="3"/>
<pin id="477" dir="1" index="2" bw="1" slack="2147483647"/>
</pin_list>
<bind>
<opcode="icmp(45) " fcode="icmp"/>
<opset="icmp_ln40/4 "/>
</bind>
</comp>

<comp id="479" class="1004" name="trunc_ln40_fu_479">
<pin_list>
<pin id="480" dir="0" index="0" bw="32" slack="0"/>
<pin id="481" dir="1" index="1" bw="31" slack="0"/>
</pin_list>
<bind>
<opcode="trunc(33) " fcode="trunc"/>
<opset="trunc_ln40/4 "/>
</bind>
</comp>

<comp id="484" class="1004" name="add_ln40_fu_484">
<pin_list>
<pin id="485" dir="0" index="0" bw="32" slack="0"/>
<pin id="486" dir="0" index="1" bw="6" slack="0"/>
<pin id="487" dir="1" index="2" bw="32" slack="0"/>
</pin_list>
<bind>
<opcode="add(8) " fcode="add"/>
<opset="add_ln40/4 "/>
</bind>
</comp>

<comp id="490" class="1004" name="add_ln39_fu_490">
<pin_list>
<pin id="491" dir="0" index="0" bw="32" slack="1"/>
<pin id="492" dir="0" index="1" bw="6" slack="0"/>
<pin id="493" dir="1" index="2" bw="32" slack="1"/>
</pin_list>
<bind>
<opcode="add(8) " fcode="add"/>
<opset="add_ln39/4 "/>
</bind>
</comp>

<comp id="496" class="1005" name="oc_base_reg_496">
<pin_list>
<pin id="497" dir="0" index="0" bw="5" slack="0"/>
<pin id="498" dir="1" index="1" bw="5" slack="0"/>
</pin_list>
<bind>
<opset="oc_base "/>
</bind>
</comp>

<comp id="503" class="1005" name="H_read_reg_503">
<pin_list>
<pin id="504" dir="0" index="0" bw="32" slack="3"/>
<pin id="505" dir="1" index="1" bw="32" slack="3"/>
</pin_list>
<bind>
<opset="H_read "/>
</bind>
</comp>

<comp id="510" class="1005" name="output_read_reg_510">
<pin_list>
<pin id="511" dir="0" index="0" bw="64" slack="7"/>
<pin id="512" dir="1" index="1" bw="64" slack="7"/>
</pin_list>
<bind>
<opset="output_read "/>
</bind>
</comp>

<comp id="515" class="1005" name="input_read_reg_515">
<pin_list>
<pin id="516" dir="0" index="0" bw="64" slack="3"/>
<pin id="517" dir="1" index="1" bw="64" slack="3"/>
</pin_list>
<bind>
<opset="input_read "/>
</bind>
</comp>

<comp id="520" class="1005" name="sext_ln37_reg_520">
<pin_list>
<pin id="521" dir="0" index="0" bw="33" slack="2"/>
<pin id="522" dir="1" index="1" bw="33" slack="2"/>
</pin_list>
<bind>
<opset="sext_ln37 "/>
</bind>
</comp>

<comp id="526" class="1005" name="trunc_ln37_reg_526">
<pin_list>
<pin id="527" dir="0" index="0" bw="31" slack="3"/>
<pin id="528" dir="1" index="1" bw="31" slack="3"/>
</pin_list>
<bind>
<opset="trunc_ln37 "/>
</bind>
</comp>

<comp id="537" class="1005" name="trunc_ln37_3_reg_537">
<pin_list>
<pin id="538" dir="0" index="0" bw="4" slack="4"/>
<pin id="539" dir="1" index="1" bw="4" slack="4"/>
</pin_list>
<bind>
<opset="trunc_ln37_3 "/>
</bind>
</comp>

<comp id="546" class="1005" name="trunc_ln39_reg_546">
<pin_list>
<pin id="547" dir="0" index="0" bw="31" slack="1"/>
<pin id="548" dir="1" index="1" bw="31" slack="1"/>
</pin_list>
<bind>
<opset="trunc_ln39 "/>
</bind>
</comp>

<comp id="555" class="1005" name="trunc_ln40_reg_555">
<pin_list>
<pin id="556" dir="0" index="0" bw="31" slack="1"/>
<pin id="557" dir="1" index="1" bw="31" slack="1"/>
</pin_list>
<bind>
<opset="trunc_ln40 "/>
</bind>
</comp>

<comp id="561" class="1005" name="add_ln40_reg_561">
<pin_list>
<pin id="562" dir="0" index="0" bw="32" slack="0"/>
<pin id="563" dir="1" index="1" bw="32" slack="0"/>
</pin_list>
<bind>
<opset="add_ln40 "/>
</bind>
</comp>

<comp id="566" class="1005" name="add_ln39_reg_566">
<pin_list>
<pin id="567" dir="0" index="0" bw="32" slack="1"/>
<pin id="568" dir="1" index="1" bw="32" slack="1"/>
</pin_list>
<bind>
<opset="add_ln39 "/>
</bind>
</comp>

</comp_list>

<net_list>
<net id="125"><net_src comp="64" pin="0"/><net_sink comp="122" pin=0"/></net>

<net id="129"><net_src comp="86" pin="0"/><net_sink comp="126" pin=0"/></net>

<net id="133"><net_src comp="86" pin="0"/><net_sink comp="130" pin=0"/></net>

<net id="137"><net_src comp="86" pin="0"/><net_sink comp="134" pin=0"/></net>

<net id="141"><net_src comp="86" pin="0"/><net_sink comp="138" pin=0"/></net>

<net id="145"><net_src comp="86" pin="0"/><net_sink comp="142" pin=0"/></net>

<net id="149"><net_src comp="86" pin="0"/><net_sink comp="146" pin=0"/></net>

<net id="153"><net_src comp="86" pin="0"/><net_sink comp="150" pin=0"/></net>

<net id="157"><net_src comp="86" pin="0"/><net_sink comp="154" pin=0"/></net>

<net id="161"><net_src comp="86" pin="0"/><net_sink comp="158" pin=0"/></net>

<net id="165"><net_src comp="86" pin="0"/><net_sink comp="162" pin=0"/></net>

<net id="169"><net_src comp="86" pin="0"/><net_sink comp="166" pin=0"/></net>

<net id="173"><net_src comp="86" pin="0"/><net_sink comp="170" pin=0"/></net>

<net id="177"><net_src comp="86" pin="0"/><net_sink comp="174" pin=0"/></net>

<net id="181"><net_src comp="86" pin="0"/><net_sink comp="178" pin=0"/></net>

<net id="185"><net_src comp="86" pin="0"/><net_sink comp="182" pin=0"/></net>

<net id="189"><net_src comp="86" pin="0"/><net_sink comp="186" pin=0"/></net>

<net id="193"><net_src comp="86" pin="0"/><net_sink comp="190" pin=0"/></net>

<net id="197"><net_src comp="86" pin="0"/><net_sink comp="194" pin=0"/></net>

<net id="201"><net_src comp="86" pin="0"/><net_sink comp="198" pin=0"/></net>

<net id="205"><net_src comp="86" pin="0"/><net_sink comp="202" pin=0"/></net>

<net id="209"><net_src comp="86" pin="0"/><net_sink comp="206" pin=0"/></net>

<net id="213"><net_src comp="86" pin="0"/><net_sink comp="210" pin=0"/></net>

<net id="217"><net_src comp="86" pin="0"/><net_sink comp="214" pin=0"/></net>

<net id="221"><net_src comp="86" pin="0"/><net_sink comp="218" pin=0"/></net>

<net id="225"><net_src comp="86" pin="0"/><net_sink comp="222" pin=0"/></net>

<net id="229"><net_src comp="86" pin="0"/><net_sink comp="226" pin=0"/></net>

<net id="233"><net_src comp="86" pin="0"/><net_sink comp="230" pin=0"/></net>

<net id="237"><net_src comp="86" pin="0"/><net_sink comp="234" pin=0"/></net>

<net id="242"><net_src comp="82" pin="0"/><net_sink comp="238" pin=0"/></net>

<net id="243"><net_src comp="6" pin="0"/><net_sink comp="238" pin=1"/></net>

<net id="248"><net_src comp="84" pin="0"/><net_sink comp="244" pin=0"/></net>

<net id="249"><net_src comp="4" pin="0"/><net_sink comp="244" pin=1"/></net>

<net id="254"><net_src comp="84" pin="0"/><net_sink comp="250" pin=0"/></net>

<net id="255"><net_src comp="2" pin="0"/><net_sink comp="250" pin=1"/></net>

<net id="259"><net_src comp="70" pin="0"/><net_sink comp="256" pin=0"/></net>

<net id="266"><net_src comp="256" pin="1"/><net_sink comp="260" pin=0"/></net>

<net id="267"><net_src comp="260" pin="4"/><net_sink comp="256" pin=0"/></net>

<net id="271"><net_src comp="70" pin="0"/><net_sink comp="268" pin=0"/></net>

<net id="278"><net_src comp="268" pin="1"/><net_sink comp="272" pin=0"/></net>

<net id="315"><net_src comp="114" pin="0"/><net_sink comp="279" pin=0"/></net>

<net id="316"><net_src comp="0" pin="0"/><net_sink comp="279" pin=1"/></net>

<net id="377"><net_src comp="116" pin="0"/><net_sink comp="317" pin=0"/></net>

<net id="378"><net_src comp="8" pin="0"/><net_sink comp="317" pin=30"/></net>

<net id="379"><net_src comp="10" pin="0"/><net_sink comp="317" pin=31"/></net>

<net id="380"><net_src comp="12" pin="0"/><net_sink comp="317" pin=32"/></net>

<net id="381"><net_src comp="14" pin="0"/><net_sink comp="317" pin=33"/></net>

<net id="382"><net_src comp="16" pin="0"/><net_sink comp="317" pin=34"/></net>

<net id="383"><net_src comp="18" pin="0"/><net_sink comp="317" pin=35"/></net>

<net id="384"><net_src comp="20" pin="0"/><net_sink comp="317" pin=36"/></net>

<net id="385"><net_src comp="22" pin="0"/><net_sink comp="317" pin=37"/></net>

<net id="386"><net_src comp="24" pin="0"/><net_sink comp="317" pin=38"/></net>

<net id="387"><net_src comp="26" pin="0"/><net_sink comp="317" pin=39"/></net>

<net id="388"><net_src comp="28" pin="0"/><net_sink comp="317" pin=40"/></net>

<net id="389"><net_src comp="30" pin="0"/><net_sink comp="317" pin=41"/></net>

<net id="390"><net_src comp="32" pin="0"/><net_sink comp="317" pin=42"/></net>

<net id="391"><net_src comp="34" pin="0"/><net_sink comp="317" pin=43"/></net>

<net id="392"><net_src comp="36" pin="0"/><net_sink comp="317" pin=44"/></net>

<net id="393"><net_src comp="38" pin="0"/><net_sink comp="317" pin=45"/></net>

<net id="394"><net_src comp="40" pin="0"/><net_sink comp="317" pin=46"/></net>

<net id="395"><net_src comp="42" pin="0"/><net_sink comp="317" pin=47"/></net>

<net id="396"><net_src comp="44" pin="0"/><net_sink comp="317" pin=48"/></net>

<net id="397"><net_src comp="46" pin="0"/><net_sink comp="317" pin=49"/></net>

<net id="398"><net_src comp="48" pin="0"/><net_sink comp="317" pin=50"/></net>

<net id="399"><net_src comp="50" pin="0"/><net_sink comp="317" pin=51"/></net>

<net id="400"><net_src comp="52" pin="0"/><net_sink comp="317" pin=52"/></net>

<net id="401"><net_src comp="54" pin="0"/><net_sink comp="317" pin=53"/></net>

<net id="402"><net_src comp="56" pin="0"/><net_sink comp="317" pin=54"/></net>

<net id="403"><net_src comp="58" pin="0"/><net_sink comp="317" pin=55"/></net>

<net id="404"><net_src comp="60" pin="0"/><net_sink comp="317" pin=56"/></net>

<net id="405"><net_src comp="62" pin="0"/><net_sink comp="317" pin=57"/></net>

<net id="417"><net_src comp="118" pin="0"/><net_sink comp="406" pin=0"/></net>

<net id="418"><net_src comp="0" pin="0"/><net_sink comp="406" pin=8"/></net>

<net id="422"><net_src comp="238" pin="2"/><net_sink comp="419" pin=0"/></net>

<net id="426"><net_src comp="238" pin="2"/><net_sink comp="423" pin=0"/></net>

<net id="431"><net_src comp="96" pin="0"/><net_sink comp="427" pin=0"/></net>

<net id="440"><net_src comp="98" pin="0"/><net_sink comp="435" pin=0"/></net>

<net id="441"><net_src comp="432" pin="1"/><net_sink comp="435" pin=1"/></net>

<net id="442"><net_src comp="100" pin="0"/><net_sink comp="435" pin=2"/></net>

<net id="446"><net_src comp="432" pin="1"/><net_sink comp="443" pin=0"/></net>

<net id="450"><net_src comp="260" pin="4"/><net_sink comp="447" pin=0"/></net>

<net id="455"><net_src comp="447" pin="1"/><net_sink comp="451" pin=0"/></net>

<net id="459"><net_src comp="260" pin="4"/><net_sink comp="456" pin=0"/></net>

<net id="464"><net_src comp="112" pin="0"/><net_sink comp="460" pin=1"/></net>

<net id="469"><net_src comp="460" pin="2"/><net_sink comp="465" pin=0"/></net>

<net id="473"><net_src comp="272" pin="4"/><net_sink comp="470" pin=0"/></net>

<net id="478"><net_src comp="470" pin="1"/><net_sink comp="474" pin=0"/></net>

<net id="482"><net_src comp="272" pin="4"/><net_sink comp="479" pin=0"/></net>

<net id="483"><net_src comp="479" pin="1"/><net_sink comp="279" pin=33"/></net>

<net id="488"><net_src comp="272" pin="4"/><net_sink comp="484" pin=0"/></net>

<net id="489"><net_src comp="78" pin="0"/><net_sink comp="484" pin=1"/></net>

<net id="494"><net_src comp="256" pin="1"/><net_sink comp="490" pin=0"/></net>

<net id="495"><net_src comp="78" pin="0"/><net_sink comp="490" pin=1"/></net>

<net id="499"><net_src comp="122" pin="1"/><net_sink comp="496" pin=0"/></net>

<net id="500"><net_src comp="496" pin="1"/><net_sink comp="427" pin=1"/></net>

<net id="501"><net_src comp="496" pin="1"/><net_sink comp="432" pin=0"/></net>

<net id="502"><net_src comp="496" pin="1"/><net_sink comp="465" pin=1"/></net>

<net id="506"><net_src comp="238" pin="2"/><net_sink comp="503" pin=0"/></net>

<net id="507"><net_src comp="503" pin="1"/><net_sink comp="279" pin=5"/></net>

<net id="508"><net_src comp="503" pin="1"/><net_sink comp="406" pin=2"/></net>

<net id="509"><net_src comp="503" pin="1"/><net_sink comp="406" pin=3"/></net>

<net id="513"><net_src comp="244" pin="2"/><net_sink comp="510" pin=0"/></net>

<net id="514"><net_src comp="510" pin="1"/><net_sink comp="406" pin=7"/></net>

<net id="518"><net_src comp="250" pin="2"/><net_sink comp="515" pin=0"/></net>

<net id="519"><net_src comp="515" pin="1"/><net_sink comp="279" pin=2"/></net>

<net id="523"><net_src comp="419" pin="1"/><net_sink comp="520" pin=0"/></net>

<net id="524"><net_src comp="520" pin="1"/><net_sink comp="451" pin=1"/></net>

<net id="525"><net_src comp="520" pin="1"/><net_sink comp="474" pin=1"/></net>

<net id="529"><net_src comp="423" pin="1"/><net_sink comp="526" pin=0"/></net>

<net id="530"><net_src comp="526" pin="1"/><net_sink comp="279" pin=4"/></net>

<net id="540"><net_src comp="443" pin="1"/><net_sink comp="537" pin=0"/></net>

<net id="541"><net_src comp="537" pin="1"/><net_sink comp="317" pin=1"/></net>

<net id="542"><net_src comp="537" pin="1"/><net_sink comp="406" pin=6"/></net>

<net id="549"><net_src comp="456" pin="1"/><net_sink comp="546" pin=0"/></net>

<net id="550"><net_src comp="546" pin="1"/><net_sink comp="279" pin=3"/></net>

<net id="551"><net_src comp="546" pin="1"/><net_sink comp="406" pin=1"/></net>

<net id="558"><net_src comp="479" pin="1"/><net_sink comp="555" pin=0"/></net>

<net id="559"><net_src comp="555" pin="1"/><net_sink comp="279" pin=33"/></net>

<net id="560"><net_src comp="555" pin="1"/><net_sink comp="406" pin=5"/></net>

<net id="564"><net_src comp="484" pin="2"/><net_sink comp="561" pin=0"/></net>

<net id="565"><net_src comp="561" pin="1"/><net_sink comp="272" pin=2"/></net>

<net id="569"><net_src comp="490" pin="2"/><net_sink comp="566" pin=0"/></net>

<net id="570"><net_src comp="566" pin="1"/><net_sink comp="260" pin=2"/></net>

</net_list>

</model> 
---------------- Datapath Model END ------------------

* FSMD analyzer results:
  - Output states:
	Port: gmem | {8 9 }
 - Input state : 
	Port: conv_layer : gmem | {4 5 }
	Port: conv_layer : input_r | {1 }
	Port: conv_layer : output_r | {1 }
	Port: conv_layer : H | {1 }
	Port: conv_layer : w_0_conv_weight_bias | {6 7 }
	Port: conv_layer : w_0_conv_weight_0 | {6 7 }
	Port: conv_layer : w_0_conv_weight_1 | {6 7 }
	Port: conv_layer : w_0_conv_weight_2 | {6 7 }
	Port: conv_layer : w_0_conv_weight_3 | {6 7 }
	Port: conv_layer : w_0_conv_weight_4 | {6 7 }
	Port: conv_layer : w_0_conv_weight_5 | {6 7 }
	Port: conv_layer : w_0_conv_weight_6 | {6 7 }
	Port: conv_layer : w_0_conv_weight_7 | {6 7 }
	Port: conv_layer : w_0_conv_weight_8 | {6 7 }
	Port: conv_layer : w_0_conv_weight_9 | {6 7 }
	Port: conv_layer : w_0_conv_weight_10 | {6 7 }
	Port: conv_layer : w_0_conv_weight_11 | {6 7 }
	Port: conv_layer : w_0_conv_weight_12 | {6 7 }
	Port: conv_layer : w_0_conv_weight_13 | {6 7 }
	Port: conv_layer : w_0_conv_weight_14 | {6 7 }
	Port: conv_layer : w_0_conv_weight_15 | {6 7 }
	Port: conv_layer : w_0_conv_weight_16 | {6 7 }
	Port: conv_layer : w_0_conv_weight_17 | {6 7 }
	Port: conv_layer : w_0_conv_weight_18 | {6 7 }
	Port: conv_layer : w_0_conv_weight_19 | {6 7 }
	Port: conv_layer : w_0_conv_weight_20 | {6 7 }
	Port: conv_layer : w_0_conv_weight_21 | {6 7 }
	Port: conv_layer : w_0_conv_weight_22 | {6 7 }
	Port: conv_layer : w_0_conv_weight_23 | {6 7 }
	Port: conv_layer : w_0_conv_weight_24 | {6 7 }
	Port: conv_layer : w_0_conv_weight_25 | {6 7 }
	Port: conv_layer : w_0_conv_weight_26 | {6 7 }
  - Chain level:
	State 1
		specmemcore_ln32 : 1
		specmemcore_ln32 : 1
		specmemcore_ln32 : 1
		specmemcore_ln32 : 1
		specmemcore_ln32 : 1
		specmemcore_ln32 : 1
		specmemcore_ln32 : 1
		specmemcore_ln32 : 1
		specmemcore_ln32 : 1
		specmemcore_ln32 : 1
		specmemcore_ln32 : 1
		specmemcore_ln32 : 1
		specmemcore_ln32 : 1
		specmemcore_ln32 : 1
		specmemcore_ln32 : 1
		specmemcore_ln32 : 1
		specmemcore_ln32 : 1
		specmemcore_ln32 : 1
		specmemcore_ln32 : 1
		specmemcore_ln32 : 1
		specmemcore_ln32 : 1
		specmemcore_ln32 : 1
		specmemcore_ln32 : 1
		specmemcore_ln32 : 1
		specmemcore_ln32 : 1
		specmemcore_ln32 : 1
		specmemcore_ln32 : 1
		specmemcore_ln35 : 1
		store_ln37 : 1
	State 2
		tmp : 1
		br_ln37 : 2
		trunc_ln37_3 : 1
	State 3
		zext_ln39 : 1
		icmp_ln39 : 2
		br_ln39 : 3
		trunc_ln39 : 1
		store_ln37 : 1
	State 4
		zext_ln40 : 1
		icmp_ln40 : 2
		br_ln40 : 3
		trunc_ln40 : 1
		call_ln39 : 2
		add_ln40 : 1
	State 5
	State 6
	State 7
	State 8
	State 9


============================================================
+ Verbose Summary: Datapath Resource usage 
============================================================

* Functional unit list:
|----------|--------------------------------------------------------------------------------|---------|---------|---------|---------|
| Operation|                                 Functional Unit                                |   DSP   |  Delay  |    FF   |   LUT   |
|----------|--------------------------------------------------------------------------------|---------|---------|---------|---------|
|          |         grp_conv_layer_Pipeline_VITIS_LOOP_43_4_VITIS_LOOP_44_5_fu_279         |    4    |  99.82  |   1323  |   1620  |
|   call   | grp_conv_layer_Pipeline_VITIS_LOOP_62_7_VITIS_LOOP_63_8_VITIS_LOOP_64_9_fu_317 |    16   | 176.139 |   3886  |   5212  |
|          |        grp_conv_layer_Pipeline_VITIS_LOOP_96_13_VITIS_LOOP_97_14_fu_406        |    4    | 18.0991 |   824   |   1012  |
|----------|--------------------------------------------------------------------------------|---------|---------|---------|---------|
|          |                                 add_ln37_fu_460                                |    0    |    0    |    0    |    13   |
|    add   |                                 add_ln40_fu_484                                |    0    |    0    |    0    |    39   |
|          |                                 add_ln39_fu_490                                |    0    |    0    |    0    |    39   |
|----------|--------------------------------------------------------------------------------|---------|---------|---------|---------|
|   icmp   |                                icmp_ln39_fu_451                                |    0    |    0    |    0    |    39   |
|          |                                icmp_ln40_fu_474                                |    0    |    0    |    0    |    39   |
|----------|--------------------------------------------------------------------------------|---------|---------|---------|---------|
|          |                               H_read_read_fu_238                               |    0    |    0    |    0    |    0    |
|   read   |                             output_read_read_fu_244                            |    0    |    0    |    0    |    0    |
|          |                             input_read_read_fu_250                             |    0    |    0    |    0    |    0    |
|----------|--------------------------------------------------------------------------------|---------|---------|---------|---------|
|   sext   |                                sext_ln37_fu_419                                |    0    |    0    |    0    |    0    |
|----------|--------------------------------------------------------------------------------|---------|---------|---------|---------|
|          |                                trunc_ln37_fu_423                               |    0    |    0    |    0    |    0    |
|   trunc  |                               trunc_ln37_3_fu_443                              |    0    |    0    |    0    |    0    |
|          |                                trunc_ln39_fu_456                               |    0    |    0    |    0    |    0    |
|          |                                trunc_ln40_fu_479                               |    0    |    0    |    0    |    0    |
|----------|--------------------------------------------------------------------------------|---------|---------|---------|---------|
| bitselect|                                   tmp_fu_435                                   |    0    |    0    |    0    |    0    |
|----------|--------------------------------------------------------------------------------|---------|---------|---------|---------|
|   zext   |                                zext_ln39_fu_447                                |    0    |    0    |    0    |    0    |
|          |                                zext_ln40_fu_470                                |    0    |    0    |    0    |    0    |
|----------|--------------------------------------------------------------------------------|---------|---------|---------|---------|
|   Total  |                                                                                |    24   | 294.058 |   6033  |   8013  |
|----------|--------------------------------------------------------------------------------|---------|---------|---------|---------|

Memories:
+-----------+--------+--------+--------+
|           |  BRAM  |   FF   |   LUT  |
+-----------+--------+--------+--------+
|  tile_in  |    1   |    0   |    0   |
|tile_in_431|    1   |    0   |    0   |
|tile_in_432|    1   |    0   |    0   |
|tile_in_433|    1   |    0   |    0   |
|tile_in_434|    1   |    0   |    0   |
|tile_in_435|    1   |    0   |    0   |
|tile_in_436|    1   |    0   |    0   |
|tile_in_437|    1   |    0   |    0   |
|tile_in_438|    1   |    0   |    0   |
|tile_in_439|    1   |    0   |    0   |
|tile_in_440|    1   |    0   |    0   |
|tile_in_441|    1   |    0   |    0   |
|tile_in_442|    1   |    0   |    0   |
|tile_in_443|    1   |    0   |    0   |
|tile_in_444|    1   |    0   |    0   |
|tile_in_445|    1   |    0   |    0   |
|tile_in_446|    1   |    0   |    0   |
|tile_in_447|    1   |    0   |    0   |
|tile_in_448|    1   |    0   |    0   |
|tile_in_449|    1   |    0   |    0   |
|tile_in_450|    1   |    0   |    0   |
|tile_in_451|    1   |    0   |    0   |
|tile_in_452|    1   |    0   |    0   |
|tile_in_453|    1   |    0   |    0   |
|tile_in_454|    1   |    0   |    0   |
|tile_in_455|    1   |    0   |    0   |
|tile_in_456|    1   |    0   |    0   |
|  tile_out |    1   |    0   |    0   |
+-----------+--------+--------+--------+
|   Total   |   28   |    0   |    0   |
+-----------+--------+--------+--------+

* Register list:
+--------------------+--------+
|                    |   FF   |
+--------------------+--------+
|   H_read_reg_503   |   32   |
|  add_ln39_reg_566  |   32   |
|  add_ln40_reg_561  |   32   |
| input_read_reg_515 |   64   |
|   oc_base_reg_496  |    5   |
| output_read_reg_510|   64   |
|  sext_ln37_reg_520 |   33   |
|trunc_ln37_3_reg_537|    4   |
| trunc_ln37_reg_526 |   31   |
| trunc_ln39_reg_546 |   31   |
| trunc_ln40_reg_555 |   31   |
|     tx_reg_268     |   32   |
|     ty_reg_256     |   32   |
+--------------------+--------+
|        Total       |   423  |
+--------------------+--------+

* Multiplexer (MUX) list: 
|----------------------------------------------------------------|------|------|------|--------||---------||---------||---------|
|                              Comp                              |  Pin | Size |  BW  | S x BW ||  Delay  ||    FF   ||   LUT   |
|----------------------------------------------------------------|------|------|------|--------||---------||---------||---------|
|                           ty_reg_256                           |  p0  |   2  |  32  |   64   ||    0    ||    9    |
| grp_conv_layer_Pipeline_VITIS_LOOP_43_4_VITIS_LOOP_44_5_fu_279 |  p33 |   2  |  31  |   62   ||    0    ||    9    |
|----------------------------------------------------------------|------|------|------|--------||---------||---------||---------|
|                              Total                             |      |      |      |   126  ||   3.22  ||    0    ||    18   |
|----------------------------------------------------------------|------|------|------|--------||---------||---------||---------|



* Summary:
+-----------+--------+--------+--------+--------+--------+
|           |  BRAM  |   DSP  |  Delay |   FF   |   LUT  |
+-----------+--------+--------+--------+--------+--------+
|  Function |    -   |   24   |   294  |  6033  |  8013  |
|   Memory  |   28   |    -   |    -   |    0   |    0   |
|Multiplexer|    -   |    -   |    3   |    0   |   18   |
|  Register |    -   |    -   |    -   |   423  |    -   |
+-----------+--------+--------+--------+--------+--------+
|   Total   |   28   |   24   |   297  |  6456  |  8031  |
+-----------+--------+--------+--------+--------+--------+
