

================================================================
== Vitis HLS Report for 'conv_layer_2_Pipeline_VITIS_LOOP_105_12_VITIS_LOOP_106_13'
================================================================
* Date:           Tue Apr 28 00:17:48 2026

* Version:        2024.2 (Build 5238294 on Nov  8 2024)
* Project:        cnn_accel
* Solution:       solution1 (Vivado IP Flow Target)
* Product family: artix7
* Target device:  xc7a200t-sbg484-1


================================================================
== Performance Estimates
================================================================
+ Timing: 
    * Summary: 
    +--------+----------+----------+------------+
    |  Clock |  Target  | Estimated| Uncertainty|
    +--------+----------+----------+------------+
    |ap_clk  |  10.00 ns|  7.300 ns|     2.70 ns|
    +--------+----------+----------+------------+

+ Latency: 
    * Summary: 
    +---------+---------+----------+----------+-------+-------+------------------------------------------------+
    |  Latency (cycles) |  Latency (absolute) |    Interval   |                    Pipeline                    |
    |   min   |   max   |    min   |    max   |  min  |  max  |                      Type                      |
    +---------+---------+----------+----------+-------+-------+------------------------------------------------+
    |    65548|    65548|  0.655 ms|  0.655 ms|  65547|  65547|  loop auto-rewind stp (delay=0 clock cycles(s))|
    +---------+---------+----------+----------+-------+-------+------------------------------------------------+

    + Detail: 
        * Instance: 
        N/A

        * Loop: 
        +---------------------------------------+---------+---------+----------+-----------+-----------+------+----------+
        |                                       |  Latency (cycles) | Iteration|  Initiation Interval  | Trip |          |
        |               Loop Name               |   min   |   max   |  Latency |  achieved |   target  | Count| Pipelined|
        +---------------------------------------+---------+---------+----------+-----------+-----------+------+----------+
        |- VITIS_LOOP_105_12_VITIS_LOOP_106_13  |    65546|    65546|        75|         64|          1|  1024|       yes|
        +---------------------------------------+---------+---------+----------+-----------+-----------+------+----------+

============================================================
+ Verbose Summary: Synthesis Manager
============================================================
InlineROM: 1
ExposeGlobal: 0
============================================================
+ Verbose Summary: CDFG Model
============================================================
IsTopModel: 0
ResetActiveHigh: 1
IsCombinational: 0
IsDatapathOnly: 0
HasWiredReturn: 1
HasMFsm: 2
HasVarLatency: 1
IsPipeline: 0
IsRtlPipelined: 0
IsInstanceOverlapped: 0
IsDontTouch: 0
HasImplIP: 0
IsGatedGlobalClock: 0

+ Individual pipeline summary: 
  * Pipeline-0: initiation interval (II) = 64, depth = 75


============================================================
+ Verbose Summary: Schedule
============================================================
* Number of FSM states : 75
* Pipeline : 1
  Pipeline-0 : II = 64, D = 75, States = { 1 2 3 4 5 6 7 8 9 10 11 12 13 14 15 16 17 18 19 20 21 22 23 24 25 26 27 28 29 30 31 32 33 34 35 36 37 38 39 40 41 42 43 44 45 46 47 48 49 50 51 52 53 54 55 56 57 58 59 60 61 62 63 64 65 66 67 68 69 70 71 72 73 74 75 }
* Dataflow Pipeline: 0

* FSM state transitions: 
1 --> 2 
2 --> 3 
3 --> 4 
4 --> 5 
5 --> 6 
6 --> 7 
7 --> 8 
8 --> 9 
9 --> 10 
10 --> 11 
11 --> 12 
12 --> 13 
13 --> 14 
14 --> 15 
15 --> 16 
16 --> 17 
17 --> 18 
18 --> 19 
19 --> 20 
20 --> 21 
21 --> 22 
22 --> 23 
23 --> 24 
24 --> 25 
25 --> 26 
26 --> 27 
27 --> 28 
28 --> 29 
29 --> 30 
30 --> 31 
31 --> 32 
32 --> 33 
33 --> 34 
34 --> 35 
35 --> 36 
36 --> 37 
37 --> 38 
38 --> 39 
39 --> 40 
40 --> 41 
41 --> 42 
42 --> 43 
43 --> 44 
44 --> 45 
45 --> 46 
46 --> 47 
47 --> 48 
48 --> 49 
49 --> 50 
50 --> 51 
51 --> 52 
52 --> 53 
53 --> 54 
54 --> 55 
55 --> 56 
56 --> 57 
57 --> 58 
58 --> 59 
59 --> 60 
60 --> 61 
61 --> 62 
62 --> 63 
63 --> 64 
64 --> 65 
65 --> 66 
66 --> 67 
67 --> 68 
68 --> 69 
69 --> 70 
70 --> 71 
71 --> 72 
72 --> 73 
73 --> 74 
74 --> 75 
75 --> 

* FSM state operations: 

State 1 <SV = 0> <Delay = 5.83>
ST_1 : Operation 78 [1/1] (0.00ns)   --->   "%x = alloca i32 1" [cnn_accel.cpp:106]   --->   Operation 78 'alloca' 'x' <Predicate = true> <Delay = 0.00>
ST_1 : Operation 79 [1/1] (0.00ns)   --->   "%y = alloca i32 1" [cnn_accel.cpp:105]   --->   Operation 79 'alloca' 'y' <Predicate = true> <Delay = 0.00>
ST_1 : Operation 80 [1/1] (0.00ns)   --->   "%indvar_flatten13 = alloca i32 1"   --->   Operation 80 'alloca' 'indvar_flatten13' <Predicate = true> <Delay = 0.00>
ST_1 : Operation 81 [1/1] (0.00ns)   --->   "%tx_read = read i31 @_ssdm_op_Read.ap_auto.i31, i31 %tx"   --->   Operation 81 'read' 'tx_read' <Predicate = true> <Delay = 0.00>
ST_1 : Operation 82 [1/1] (0.00ns)   --->   "%output_read = read i64 @_ssdm_op_Read.ap_auto.i64, i64 %output_r"   --->   Operation 82 'read' 'output_read' <Predicate = true> <Delay = 0.00>
ST_1 : Operation 83 [1/1] (0.00ns)   --->   "%phi_mul_read = read i53 @_ssdm_op_Read.ap_auto.i53, i53 %phi_mul"   --->   Operation 83 'read' 'phi_mul_read' <Predicate = true> <Delay = 0.00>
ST_1 : Operation 84 [1/1] (0.00ns)   --->   "%zext_ln44_read = read i26 @_ssdm_op_Read.ap_auto.i26, i26 %zext_ln44"   --->   Operation 84 'read' 'zext_ln44_read' <Predicate = true> <Delay = 0.00>
ST_1 : Operation 85 [1/1] (0.00ns)   --->   "%H_read = read i31 @_ssdm_op_Read.ap_auto.i31, i31 %H"   --->   Operation 85 'read' 'H_read' <Predicate = true> <Delay = 0.00>
ST_1 : Operation 86 [1/1] (0.00ns)   --->   "%ty_read = read i31 @_ssdm_op_Read.ap_auto.i31, i31 %ty"   --->   Operation 86 'read' 'ty_read' <Predicate = true> <Delay = 0.00>
ST_1 : Operation 87 [1/1] (0.00ns)   --->   "%H_cast303_read = read i31 @_ssdm_op_Read.ap_auto.i31, i31 %H_cast303"   --->   Operation 87 'read' 'H_cast303_read' <Predicate = true> <Delay = 0.00>
ST_1 : Operation 88 [1/1] (0.00ns)   --->   "%tx_cast = zext i31 %tx_read"   --->   Operation 88 'zext' 'tx_cast' <Predicate = true> <Delay = 0.00>
ST_1 : Operation 89 [1/1] (0.00ns)   --->   "%zext_ln44_cast = zext i26 %zext_ln44_read"   --->   Operation 89 'zext' 'zext_ln44_cast' <Predicate = true> <Delay = 0.00>
ST_1 : Operation 90 [1/1] (0.00ns)   --->   "%H_cast = zext i31 %H_read"   --->   Operation 90 'zext' 'H_cast' <Predicate = true> <Delay = 0.00>
ST_1 : Operation 91 [1/1] (0.00ns)   --->   "%ty_cast = zext i31 %ty_read"   --->   Operation 91 'zext' 'ty_cast' <Predicate = true> <Delay = 0.00>
ST_1 : Operation 92 [1/1] (0.00ns)   --->   "%H_cast303_cast = zext i31 %H_cast303_read"   --->   Operation 92 'zext' 'H_cast303_cast' <Predicate = true> <Delay = 0.00>
ST_1 : Operation 93 [1/1] (0.00ns)   --->   "%specmemcore_ln0 = specmemcore void @_ssdm_op_SpecMemCore, i7 %p_ZZ10conv_layerPaS_iiiiS_S_E8tile_out_63, i64 666, i64 30, i64 18446744073709551615"   --->   Operation 93 'specmemcore' 'specmemcore_ln0' <Predicate = true> <Delay = 0.00>
ST_1 : Operation 94 [1/1] (0.00ns)   --->   "%specmemcore_ln0 = specmemcore void @_ssdm_op_SpecMemCore, i7 %p_ZZ10conv_layerPaS_iiiiS_S_E8tile_out_62, i64 666, i64 30, i64 18446744073709551615"   --->   Operation 94 'specmemcore' 'specmemcore_ln0' <Predicate = true> <Delay = 0.00>
ST_1 : Operation 95 [1/1] (0.00ns)   --->   "%specmemcore_ln0 = specmemcore void @_ssdm_op_SpecMemCore, i7 %p_ZZ10conv_layerPaS_iiiiS_S_E8tile_out_61, i64 666, i64 30, i64 18446744073709551615"   --->   Operation 95 'specmemcore' 'specmemcore_ln0' <Predicate = true> <Delay = 0.00>
ST_1 : Operation 96 [1/1] (0.00ns)   --->   "%specmemcore_ln0 = specmemcore void @_ssdm_op_SpecMemCore, i7 %p_ZZ10conv_layerPaS_iiiiS_S_E8tile_out_60, i64 666, i64 30, i64 18446744073709551615"   --->   Operation 96 'specmemcore' 'specmemcore_ln0' <Predicate = true> <Delay = 0.00>
ST_1 : Operation 97 [1/1] (0.00ns)   --->   "%specmemcore_ln0 = specmemcore void @_ssdm_op_SpecMemCore, i7 %p_ZZ10conv_layerPaS_iiiiS_S_E8tile_out_59, i64 666, i64 30, i64 18446744073709551615"   --->   Operation 97 'specmemcore' 'specmemcore_ln0' <Predicate = true> <Delay = 0.00>
ST_1 : Operation 98 [1/1] (0.00ns)   --->   "%specmemcore_ln0 = specmemcore void @_ssdm_op_SpecMemCore, i7 %p_ZZ10conv_layerPaS_iiiiS_S_E8tile_out_58, i64 666, i64 30, i64 18446744073709551615"   --->   Operation 98 'specmemcore' 'specmemcore_ln0' <Predicate = true> <Delay = 0.00>
ST_1 : Operation 99 [1/1] (0.00ns)   --->   "%specmemcore_ln0 = specmemcore void @_ssdm_op_SpecMemCore, i7 %p_ZZ10conv_layerPaS_iiiiS_S_E8tile_out_57, i64 666, i64 30, i64 18446744073709551615"   --->   Operation 99 'specmemcore' 'specmemcore_ln0' <Predicate = true> <Delay = 0.00>
ST_1 : Operation 100 [1/1] (0.00ns)   --->   "%specmemcore_ln0 = specmemcore void @_ssdm_op_SpecMemCore, i7 %p_ZZ10conv_layerPaS_iiiiS_S_E8tile_out_56, i64 666, i64 30, i64 18446744073709551615"   --->   Operation 100 'specmemcore' 'specmemcore_ln0' <Predicate = true> <Delay = 0.00>
ST_1 : Operation 101 [1/1] (0.00ns)   --->   "%specmemcore_ln0 = specmemcore void @_ssdm_op_SpecMemCore, i7 %p_ZZ10conv_layerPaS_iiiiS_S_E8tile_out_55, i64 666, i64 30, i64 18446744073709551615"   --->   Operation 101 'specmemcore' 'specmemcore_ln0' <Predicate = true> <Delay = 0.00>
ST_1 : Operation 102 [1/1] (0.00ns)   --->   "%specmemcore_ln0 = specmemcore void @_ssdm_op_SpecMemCore, i7 %p_ZZ10conv_layerPaS_iiiiS_S_E8tile_out_54, i64 666, i64 30, i64 18446744073709551615"   --->   Operation 102 'specmemcore' 'specmemcore_ln0' <Predicate = true> <Delay = 0.00>
ST_1 : Operation 103 [1/1] (0.00ns)   --->   "%specmemcore_ln0 = specmemcore void @_ssdm_op_SpecMemCore, i7 %p_ZZ10conv_layerPaS_iiiiS_S_E8tile_out_53, i64 666, i64 30, i64 18446744073709551615"   --->   Operation 103 'specmemcore' 'specmemcore_ln0' <Predicate = true> <Delay = 0.00>
ST_1 : Operation 104 [1/1] (0.00ns)   --->   "%specmemcore_ln0 = specmemcore void @_ssdm_op_SpecMemCore, i7 %p_ZZ10conv_layerPaS_iiiiS_S_E8tile_out_52, i64 666, i64 30, i64 18446744073709551615"   --->   Operation 104 'specmemcore' 'specmemcore_ln0' <Predicate = true> <Delay = 0.00>
ST_1 : Operation 105 [1/1] (0.00ns)   --->   "%specmemcore_ln0 = specmemcore void @_ssdm_op_SpecMemCore, i7 %p_ZZ10conv_layerPaS_iiiiS_S_E8tile_out_51, i64 666, i64 30, i64 18446744073709551615"   --->   Operation 105 'specmemcore' 'specmemcore_ln0' <Predicate = true> <Delay = 0.00>
ST_1 : Operation 106 [1/1] (0.00ns)   --->   "%specmemcore_ln0 = specmemcore void @_ssdm_op_SpecMemCore, i7 %p_ZZ10conv_layerPaS_iiiiS_S_E8tile_out_50, i64 666, i64 30, i64 18446744073709551615"   --->   Operation 106 'specmemcore' 'specmemcore_ln0' <Predicate = true> <Delay = 0.00>
ST_1 : Operation 107 [1/1] (0.00ns)   --->   "%specmemcore_ln0 = specmemcore void @_ssdm_op_SpecMemCore, i7 %p_ZZ10conv_layerPaS_iiiiS_S_E8tile_out_49, i64 666, i64 30, i64 18446744073709551615"   --->   Operation 107 'specmemcore' 'specmemcore_ln0' <Predicate = true> <Delay = 0.00>
ST_1 : Operation 108 [1/1] (0.00ns)   --->   "%specmemcore_ln0 = specmemcore void @_ssdm_op_SpecMemCore, i7 %p_ZZ10conv_layerPaS_iiiiS_S_E8tile_out_48, i64 666, i64 30, i64 18446744073709551615"   --->   Operation 108 'specmemcore' 'specmemcore_ln0' <Predicate = true> <Delay = 0.00>
ST_1 : Operation 109 [1/1] (0.00ns)   --->   "%specmemcore_ln0 = specmemcore void @_ssdm_op_SpecMemCore, i7 %p_ZZ10conv_layerPaS_iiiiS_S_E8tile_out_47, i64 666, i64 30, i64 18446744073709551615"   --->   Operation 109 'specmemcore' 'specmemcore_ln0' <Predicate = true> <Delay = 0.00>
ST_1 : Operation 110 [1/1] (0.00ns)   --->   "%specmemcore_ln0 = specmemcore void @_ssdm_op_SpecMemCore, i7 %p_ZZ10conv_layerPaS_iiiiS_S_E8tile_out_46, i64 666, i64 30, i64 18446744073709551615"   --->   Operation 110 'specmemcore' 'specmemcore_ln0' <Predicate = true> <Delay = 0.00>
ST_1 : Operation 111 [1/1] (0.00ns)   --->   "%specmemcore_ln0 = specmemcore void @_ssdm_op_SpecMemCore, i7 %p_ZZ10conv_layerPaS_iiiiS_S_E8tile_out_45, i64 666, i64 30, i64 18446744073709551615"   --->   Operation 111 'specmemcore' 'specmemcore_ln0' <Predicate = true> <Delay = 0.00>
ST_1 : Operation 112 [1/1] (0.00ns)   --->   "%specmemcore_ln0 = specmemcore void @_ssdm_op_SpecMemCore, i7 %p_ZZ10conv_layerPaS_iiiiS_S_E8tile_out_44, i64 666, i64 30, i64 18446744073709551615"   --->   Operation 112 'specmemcore' 'specmemcore_ln0' <Predicate = true> <Delay = 0.00>
ST_1 : Operation 113 [1/1] (0.00ns)   --->   "%specmemcore_ln0 = specmemcore void @_ssdm_op_SpecMemCore, i7 %p_ZZ10conv_layerPaS_iiiiS_S_E8tile_out_43, i64 666, i64 30, i64 18446744073709551615"   --->   Operation 113 'specmemcore' 'specmemcore_ln0' <Predicate = true> <Delay = 0.00>
ST_1 : Operation 114 [1/1] (0.00ns)   --->   "%specmemcore_ln0 = specmemcore void @_ssdm_op_SpecMemCore, i7 %p_ZZ10conv_layerPaS_iiiiS_S_E8tile_out_42, i64 666, i64 30, i64 18446744073709551615"   --->   Operation 114 'specmemcore' 'specmemcore_ln0' <Predicate = true> <Delay = 0.00>
ST_1 : Operation 115 [1/1] (0.00ns)   --->   "%specmemcore_ln0 = specmemcore void @_ssdm_op_SpecMemCore, i7 %p_ZZ10conv_layerPaS_iiiiS_S_E8tile_out_41, i64 666, i64 30, i64 18446744073709551615"   --->   Operation 115 'specmemcore' 'specmemcore_ln0' <Predicate = true> <Delay = 0.00>
ST_1 : Operation 116 [1/1] (0.00ns)   --->   "%specmemcore_ln0 = specmemcore void @_ssdm_op_SpecMemCore, i7 %p_ZZ10conv_layerPaS_iiiiS_S_E8tile_out_40, i64 666, i64 30, i64 18446744073709551615"   --->   Operation 116 'specmemcore' 'specmemcore_ln0' <Predicate = true> <Delay = 0.00>
ST_1 : Operation 117 [1/1] (0.00ns)   --->   "%specmemcore_ln0 = specmemcore void @_ssdm_op_SpecMemCore, i7 %p_ZZ10conv_layerPaS_iiiiS_S_E8tile_out_39, i64 666, i64 30, i64 18446744073709551615"   --->   Operation 117 'specmemcore' 'specmemcore_ln0' <Predicate = true> <Delay = 0.00>
ST_1 : Operation 118 [1/1] (0.00ns)   --->   "%specmemcore_ln0 = specmemcore void @_ssdm_op_SpecMemCore, i7 %p_ZZ10conv_layerPaS_iiiiS_S_E8tile_out_38, i64 666, i64 30, i64 18446744073709551615"   --->   Operation 118 'specmemcore' 'specmemcore_ln0' <Predicate = true> <Delay = 0.00>
ST_1 : Operation 119 [1/1] (0.00ns)   --->   "%specmemcore_ln0 = specmemcore void @_ssdm_op_SpecMemCore, i7 %p_ZZ10conv_layerPaS_iiiiS_S_E8tile_out_37, i64 666, i64 30, i64 18446744073709551615"   --->   Operation 119 'specmemcore' 'specmemcore_ln0' <Predicate = true> <Delay = 0.00>
ST_1 : Operation 120 [1/1] (0.00ns)   --->   "%specmemcore_ln0 = specmemcore void @_ssdm_op_SpecMemCore, i7 %p_ZZ10conv_layerPaS_iiiiS_S_E8tile_out_36, i64 666, i64 30, i64 18446744073709551615"   --->   Operation 120 'specmemcore' 'specmemcore_ln0' <Predicate = true> <Delay = 0.00>
ST_1 : Operation 121 [1/1] (0.00ns)   --->   "%specmemcore_ln0 = specmemcore void @_ssdm_op_SpecMemCore, i7 %p_ZZ10conv_layerPaS_iiiiS_S_E8tile_out_35, i64 666, i64 30, i64 18446744073709551615"   --->   Operation 121 'specmemcore' 'specmemcore_ln0' <Predicate = true> <Delay = 0.00>
ST_1 : Operation 122 [1/1] (0.00ns)   --->   "%specmemcore_ln0 = specmemcore void @_ssdm_op_SpecMemCore, i7 %p_ZZ10conv_layerPaS_iiiiS_S_E8tile_out_34, i64 666, i64 30, i64 18446744073709551615"   --->   Operation 122 'specmemcore' 'specmemcore_ln0' <Predicate = true> <Delay = 0.00>
ST_1 : Operation 123 [1/1] (0.00ns)   --->   "%specmemcore_ln0 = specmemcore void @_ssdm_op_SpecMemCore, i7 %p_ZZ10conv_layerPaS_iiiiS_S_E8tile_out_33, i64 666, i64 30, i64 18446744073709551615"   --->   Operation 123 'specmemcore' 'specmemcore_ln0' <Predicate = true> <Delay = 0.00>
ST_1 : Operation 124 [1/1] (0.00ns)   --->   "%specmemcore_ln0 = specmemcore void @_ssdm_op_SpecMemCore, i7 %p_ZZ10conv_layerPaS_iiiiS_S_E8tile_out_32, i64 666, i64 30, i64 18446744073709551615"   --->   Operation 124 'specmemcore' 'specmemcore_ln0' <Predicate = true> <Delay = 0.00>
ST_1 : Operation 125 [1/1] (0.00ns)   --->   "%specmemcore_ln0 = specmemcore void @_ssdm_op_SpecMemCore, i7 %p_ZZ10conv_layerPaS_iiiiS_S_E8tile_out_31, i64 666, i64 30, i64 18446744073709551615"   --->   Operation 125 'specmemcore' 'specmemcore_ln0' <Predicate = true> <Delay = 0.00>
ST_1 : Operation 126 [1/1] (0.00ns)   --->   "%specmemcore_ln0 = specmemcore void @_ssdm_op_SpecMemCore, i7 %p_ZZ10conv_layerPaS_iiiiS_S_E8tile_out_30, i64 666, i64 30, i64 18446744073709551615"   --->   Operation 126 'specmemcore' 'specmemcore_ln0' <Predicate = true> <Delay = 0.00>
ST_1 : Operation 127 [1/1] (0.00ns)   --->   "%specmemcore_ln0 = specmemcore void @_ssdm_op_SpecMemCore, i7 %p_ZZ10conv_layerPaS_iiiiS_S_E8tile_out_29, i64 666, i64 30, i64 18446744073709551615"   --->   Operation 127 'specmemcore' 'specmemcore_ln0' <Predicate = true> <Delay = 0.00>
ST_1 : Operation 128 [1/1] (0.00ns)   --->   "%specmemcore_ln0 = specmemcore void @_ssdm_op_SpecMemCore, i7 %p_ZZ10conv_layerPaS_iiiiS_S_E8tile_out_28, i64 666, i64 30, i64 18446744073709551615"   --->   Operation 128 'specmemcore' 'specmemcore_ln0' <Predicate = true> <Delay = 0.00>
ST_1 : Operation 129 [1/1] (0.00ns)   --->   "%specmemcore_ln0 = specmemcore void @_ssdm_op_SpecMemCore, i7 %p_ZZ10conv_layerPaS_iiiiS_S_E8tile_out_27, i64 666, i64 30, i64 18446744073709551615"   --->   Operation 129 'specmemcore' 'specmemcore_ln0' <Predicate = true> <Delay = 0.00>
ST_1 : Operation 130 [1/1] (0.00ns)   --->   "%specmemcore_ln0 = specmemcore void @_ssdm_op_SpecMemCore, i7 %p_ZZ10conv_layerPaS_iiiiS_S_E8tile_out_26, i64 666, i64 30, i64 18446744073709551615"   --->   Operation 130 'specmemcore' 'specmemcore_ln0' <Predicate = true> <Delay = 0.00>
ST_1 : Operation 131 [1/1] (0.00ns)   --->   "%specmemcore_ln0 = specmemcore void @_ssdm_op_SpecMemCore, i7 %p_ZZ10conv_layerPaS_iiiiS_S_E8tile_out_25, i64 666, i64 30, i64 18446744073709551615"   --->   Operation 131 'specmemcore' 'specmemcore_ln0' <Predicate = true> <Delay = 0.00>
ST_1 : Operation 132 [1/1] (0.00ns)   --->   "%specmemcore_ln0 = specmemcore void @_ssdm_op_SpecMemCore, i7 %p_ZZ10conv_layerPaS_iiiiS_S_E8tile_out_24, i64 666, i64 30, i64 18446744073709551615"   --->   Operation 132 'specmemcore' 'specmemcore_ln0' <Predicate = true> <Delay = 0.00>
ST_1 : Operation 133 [1/1] (0.00ns)   --->   "%specmemcore_ln0 = specmemcore void @_ssdm_op_SpecMemCore, i7 %p_ZZ10conv_layerPaS_iiiiS_S_E8tile_out_23, i64 666, i64 30, i64 18446744073709551615"   --->   Operation 133 'specmemcore' 'specmemcore_ln0' <Predicate = true> <Delay = 0.00>
ST_1 : Operation 134 [1/1] (0.00ns)   --->   "%specmemcore_ln0 = specmemcore void @_ssdm_op_SpecMemCore, i7 %p_ZZ10conv_layerPaS_iiiiS_S_E8tile_out_22, i64 666, i64 30, i64 18446744073709551615"   --->   Operation 134 'specmemcore' 'specmemcore_ln0' <Predicate = true> <Delay = 0.00>
ST_1 : Operation 135 [1/1] (0.00ns)   --->   "%specmemcore_ln0 = specmemcore void @_ssdm_op_SpecMemCore, i7 %p_ZZ10conv_layerPaS_iiiiS_S_E8tile_out_21, i64 666, i64 30, i64 18446744073709551615"   --->   Operation 135 'specmemcore' 'specmemcore_ln0' <Predicate = true> <Delay = 0.00>
ST_1 : Operation 136 [1/1] (0.00ns)   --->   "%specmemcore_ln0 = specmemcore void @_ssdm_op_SpecMemCore, i7 %p_ZZ10conv_layerPaS_iiiiS_S_E8tile_out_20, i64 666, i64 30, i64 18446744073709551615"   --->   Operation 136 'specmemcore' 'specmemcore_ln0' <Predicate = true> <Delay = 0.00>
ST_1 : Operation 137 [1/1] (0.00ns)   --->   "%specmemcore_ln0 = specmemcore void @_ssdm_op_SpecMemCore, i7 %p_ZZ10conv_layerPaS_iiiiS_S_E8tile_out_19, i64 666, i64 30, i64 18446744073709551615"   --->   Operation 137 'specmemcore' 'specmemcore_ln0' <Predicate = true> <Delay = 0.00>
ST_1 : Operation 138 [1/1] (0.00ns)   --->   "%specmemcore_ln0 = specmemcore void @_ssdm_op_SpecMemCore, i7 %p_ZZ10conv_layerPaS_iiiiS_S_E8tile_out_18, i64 666, i64 30, i64 18446744073709551615"   --->   Operation 138 'specmemcore' 'specmemcore_ln0' <Predicate = true> <Delay = 0.00>
ST_1 : Operation 139 [1/1] (0.00ns)   --->   "%specmemcore_ln0 = specmemcore void @_ssdm_op_SpecMemCore, i7 %p_ZZ10conv_layerPaS_iiiiS_S_E8tile_out_17, i64 666, i64 30, i64 18446744073709551615"   --->   Operation 139 'specmemcore' 'specmemcore_ln0' <Predicate = true> <Delay = 0.00>
ST_1 : Operation 140 [1/1] (0.00ns)   --->   "%specmemcore_ln0 = specmemcore void @_ssdm_op_SpecMemCore, i7 %p_ZZ10conv_layerPaS_iiiiS_S_E8tile_out_16, i64 666, i64 30, i64 18446744073709551615"   --->   Operation 140 'specmemcore' 'specmemcore_ln0' <Predicate = true> <Delay = 0.00>
ST_1 : Operation 141 [1/1] (0.00ns)   --->   "%specmemcore_ln0 = specmemcore void @_ssdm_op_SpecMemCore, i7 %p_ZZ10conv_layerPaS_iiiiS_S_E8tile_out_15, i64 666, i64 30, i64 18446744073709551615"   --->   Operation 141 'specmemcore' 'specmemcore_ln0' <Predicate = true> <Delay = 0.00>
ST_1 : Operation 142 [1/1] (0.00ns)   --->   "%specmemcore_ln0 = specmemcore void @_ssdm_op_SpecMemCore, i7 %p_ZZ10conv_layerPaS_iiiiS_S_E8tile_out_14, i64 666, i64 30, i64 18446744073709551615"   --->   Operation 142 'specmemcore' 'specmemcore_ln0' <Predicate = true> <Delay = 0.00>
ST_1 : Operation 143 [1/1] (0.00ns)   --->   "%specmemcore_ln0 = specmemcore void @_ssdm_op_SpecMemCore, i7 %p_ZZ10conv_layerPaS_iiiiS_S_E8tile_out_13, i64 666, i64 30, i64 18446744073709551615"   --->   Operation 143 'specmemcore' 'specmemcore_ln0' <Predicate = true> <Delay = 0.00>
ST_1 : Operation 144 [1/1] (0.00ns)   --->   "%specmemcore_ln0 = specmemcore void @_ssdm_op_SpecMemCore, i7 %p_ZZ10conv_layerPaS_iiiiS_S_E8tile_out_12, i64 666, i64 30, i64 18446744073709551615"   --->   Operation 144 'specmemcore' 'specmemcore_ln0' <Predicate = true> <Delay = 0.00>
ST_1 : Operation 145 [1/1] (0.00ns)   --->   "%specmemcore_ln0 = specmemcore void @_ssdm_op_SpecMemCore, i7 %p_ZZ10conv_layerPaS_iiiiS_S_E8tile_out_11, i64 666, i64 30, i64 18446744073709551615"   --->   Operation 145 'specmemcore' 'specmemcore_ln0' <Predicate = true> <Delay = 0.00>
ST_1 : Operation 146 [1/1] (0.00ns)   --->   "%specmemcore_ln0 = specmemcore void @_ssdm_op_SpecMemCore, i7 %p_ZZ10conv_layerPaS_iiiiS_S_E8tile_out_10, i64 666, i64 30, i64 18446744073709551615"   --->   Operation 146 'specmemcore' 'specmemcore_ln0' <Predicate = true> <Delay = 0.00>
ST_1 : Operation 147 [1/1] (0.00ns)   --->   "%specmemcore_ln0 = specmemcore void @_ssdm_op_SpecMemCore, i7 %conv_layer_signed_char_signed_char_int_int_int_int_signed_char_signed_7, i64 666, i64 30, i64 18446744073709551615"   --->   Operation 147 'specmemcore' 'specmemcore_ln0' <Predicate = true> <Delay = 0.00>
ST_1 : Operation 148 [1/1] (0.00ns)   --->   "%specmemcore_ln0 = specmemcore void @_ssdm_op_SpecMemCore, i7 %conv_layer_signed_char_signed_char_int_int_int_int_signed_char_signed_8, i64 666, i64 30, i64 18446744073709551615"   --->   Operation 148 'specmemcore' 'specmemcore_ln0' <Predicate = true> <Delay = 0.00>
ST_1 : Operation 149 [1/1] (0.00ns)   --->   "%specmemcore_ln0 = specmemcore void @_ssdm_op_SpecMemCore, i7 %conv_mulmulmullayer_signed_char_signed_char_int_int_int_int_signed_char_signed, i64 666, i64 30, i64 18446744073709551615"   --->   Operation 149 'specmemcore' 'specmemcore_ln0' <Predicate = true> <Delay = 0.00>
ST_1 : Operation 150 [1/1] (0.00ns)   --->   "%specmemcore_ln0 = specmemcore void @_ssdm_op_SpecMemCore, i7 %conv_layer_signed_char_signed_char_int_int_int_int_signed_char_signed_1, i64 666, i64 30, i64 18446744073709551615"   --->   Operation 150 'specmemcore' 'specmemcore_ln0' <Predicate = true> <Delay = 0.00>
ST_1 : Operation 151 [1/1] (0.00ns)   --->   "%specmemcore_ln0 = specmemcore void @_ssdm_op_SpecMemCore, i7 %conv_layer_signed_char_signed_char_int_int_int_int_signed_char_signed_2, i64 666, i64 30, i64 18446744073709551615"   --->   Operation 151 'specmemcore' 'specmemcore_ln0' <Predicate = true> <Delay = 0.00>
ST_1 : Operation 152 [1/1] (0.00ns)   --->   "%specmemcore_ln0 = specmemcore void @_ssdm_op_SpecMemCore, i7 %conv_layer_signed_char_signed_char_int_int_int_int_signed_char_signed_3, i64 666, i64 30, i64 18446744073709551615"   --->   Operation 152 'specmemcore' 'specmemcore_ln0' <Predicate = true> <Delay = 0.00>
ST_1 : Operation 153 [1/1] (0.00ns)   --->   "%specmemcore_ln0 = specmemcore void @_ssdm_op_SpecMemCore, i7 %conv_layer_signed_char_signed_char_int_int_int_int_signed_char_signed_4, i64 666, i64 30, i64 18446744073709551615"   --->   Operation 153 'specmemcore' 'specmemcore_ln0' <Predicate = true> <Delay = 0.00>
ST_1 : Operation 154 [1/1] (0.00ns)   --->   "%specmemcore_ln0 = specmemcore void @_ssdm_op_SpecMemCore, i7 %conv_layer_signed_char_signed_char_int_int_int_int_signed_char_signed_5, i64 666, i64 30, i64 18446744073709551615"   --->   Operation 154 'specmemcore' 'specmemcore_ln0' <Predicate = true> <Delay = 0.00>
ST_1 : Operation 155 [1/1] (0.00ns)   --->   "%specmemcore_ln0 = specmemcore void @_ssdm_op_SpecMemCore, i7 %conv_layer_signed_char_signed_char_int_int_int_int_signed_char_signed_6, i64 666, i64 30, i64 18446744073709551615"   --->   Operation 155 'specmemcore' 'specmemcore_ln0' <Predicate = true> <Delay = 0.00>
ST_1 : Operation 156 [1/1] (0.00ns)   --->   "%specmemcore_ln0 = specmemcore void @_ssdm_op_SpecMemCore, i7 %conv_layer_signed_char_signed_char_int_int_int_int_signed_char_signed_9, i64 666, i64 30, i64 18446744073709551615"   --->   Operation 156 'specmemcore' 'specmemcore_ln0' <Predicate = true> <Delay = 0.00>
ST_1 : Operation 157 [1/1] (0.00ns)   --->   "%specinterface_ln0 = specinterface void @_ssdm_op_SpecInterface, i8 %gmem, void @empty_14, i32 0, i32 0, void @empty_9, i32 0, i32 0, void @empty_8, void @empty_7, void @empty_9, i32 16, i32 16, i32 16, i32 16, void @empty_9, void @empty_9, i32 4294967295, i32 0, i32 0"   --->   Operation 157 'specinterface' 'specinterface_ln0' <Predicate = true> <Delay = 0.00>
ST_1 : Operation 158 [1/1] (1.61ns)   --->   "%store_ln0 = store i11 0, i11 %indvar_flatten13"   --->   Operation 158 'store' 'store_ln0' <Predicate = true> <Delay = 1.61>
ST_1 : Operation 159 [1/1] (1.61ns)   --->   "%store_ln105 = store i6 0, i6 %y" [cnn_accel.cpp:105]   --->   Operation 159 'store' 'store_ln105' <Predicate = true> <Delay = 1.61>
ST_1 : Operation 160 [1/1] (1.61ns)   --->   "%store_ln106 = store i6 0, i6 %x" [cnn_accel.cpp:106]   --->   Operation 160 'store' 'store_ln106' <Predicate = true> <Delay = 1.61>
ST_1 : Operation 161 [1/1] (0.00ns)   --->   "%br_ln0 = br void %for.body136"   --->   Operation 161 'br' 'br_ln0' <Predicate = true> <Delay = 0.00>
ST_1 : Operation 162 [1/1] (0.00ns)   --->   "%indvar_flatten13_load = load i11 %indvar_flatten13" [cnn_accel.cpp:105]   --->   Operation 162 'load' 'indvar_flatten13_load' <Predicate = true> <Delay = 0.00>
ST_1 : Operation 163 [1/1] (2.12ns)   --->   "%icmp_ln105 = icmp_eq  i11 %indvar_flatten13_load, i11 1024" [cnn_accel.cpp:105]   --->   Operation 163 'icmp' 'icmp_ln105' <Predicate = true> <Delay = 2.12> <CoreInst = "Cmp">   --->   Core 9 'Cmp' <Latency = 0> <II = 1> <Delay = 2.12> <FuncUnit> <Opcode : 'seteq' 'setne' 'setle' 'setge' 'setlt' 'setgt'> <InPorts = 2> <OutPorts = 1>
ST_1 : Operation 164 [1/1] (2.12ns)   --->   "%add_ln105_1 = add i11 %indvar_flatten13_load, i11 1" [cnn_accel.cpp:105]   --->   Operation 164 'add' 'add_ln105_1' <Predicate = true> <Delay = 2.12> <CoreInst = "Adder">   --->   Core 1 'Adder' <Latency = 0> <II = 1> <Delay = 2.12> <FuncUnit> <Opcode : 'add' 'sub'> <InPorts = 2> <OutPorts = 1>
ST_1 : Operation 165 [1/1] (0.00ns)   --->   "%br_ln105 = br i1 %icmp_ln105, void %for.inc170, void %for.inc173.exitStub" [cnn_accel.cpp:105]   --->   Operation 165 'br' 'br_ln105' <Predicate = true> <Delay = 0.00>
ST_1 : Operation 166 [1/1] (0.00ns)   --->   "%x_load = load i6 %x" [cnn_accel.cpp:106]   --->   Operation 166 'load' 'x_load' <Predicate = (!icmp_ln105)> <Delay = 0.00>
ST_1 : Operation 167 [1/1] (0.00ns)   --->   "%y_load = load i6 %y" [cnn_accel.cpp:105]   --->   Operation 167 'load' 'y_load' <Predicate = (!icmp_ln105)> <Delay = 0.00>
ST_1 : Operation 168 [1/1] (1.94ns)   --->   "%add_ln105 = add i6 %y_load, i6 1" [cnn_accel.cpp:105]   --->   Operation 168 'add' 'add_ln105' <Predicate = (!icmp_ln105)> <Delay = 1.94> <CoreInst = "Adder">   --->   Core 1 'Adder' <Latency = 0> <II = 1> <Delay = 1.94> <FuncUnit> <Opcode : 'add' 'sub'> <InPorts = 2> <OutPorts = 1>
ST_1 : Operation 169 [1/1] (1.94ns)   --->   "%icmp_ln106 = icmp_eq  i6 %x_load, i6 32" [cnn_accel.cpp:106]   --->   Operation 169 'icmp' 'icmp_ln106' <Predicate = (!icmp_ln105)> <Delay = 1.94> <CoreInst = "Cmp">   --->   Core 9 'Cmp' <Latency = 0> <II = 1> <Delay = 1.94> <FuncUnit> <Opcode : 'seteq' 'setne' 'setle' 'setge' 'setlt' 'setgt'> <InPorts = 2> <OutPorts = 1>
ST_1 : Operation 170 [1/1] (0.66ns)   --->   "%select_ln105 = select i1 %icmp_ln106, i6 0, i6 %x_load" [cnn_accel.cpp:105]   --->   Operation 170 'select' 'select_ln105' <Predicate = (!icmp_ln105)> <Delay = 0.66> <CoreInst = "Sel">   --->   Core 73 'Sel' <Latency = 0> <II = 1> <Delay = 0.66> <FuncUnit> <Opcode : 'select'> <InPorts = 3> <OutPorts = 1>
ST_1 : Operation 171 [1/1] (0.66ns)   --->   "%select_ln105_1 = select i1 %icmp_ln106, i6 %add_ln105, i6 %y_load" [cnn_accel.cpp:105]   --->   Operation 171 'select' 'select_ln105_1' <Predicate = (!icmp_ln105)> <Delay = 0.66> <CoreInst = "Sel">   --->   Core 73 'Sel' <Latency = 0> <II = 1> <Delay = 0.66> <FuncUnit> <Opcode : 'select'> <InPorts = 3> <OutPorts = 1>
ST_1 : Operation 172 [1/1] (0.00ns)   --->   "%trunc_ln116 = trunc i6 %select_ln105_1" [cnn_accel.cpp:116]   --->   Operation 172 'trunc' 'trunc_ln116' <Predicate = (!icmp_ln105)> <Delay = 0.00>
ST_1 : Operation 173 [1/1] (3.27ns)   --->   "%tmp21 = add i53 %zext_ln44_cast, i53 %phi_mul_read"   --->   Operation 173 'add' 'tmp21' <Predicate = (!icmp_ln105)> <Delay = 3.27> <CoreInst = "Adder">   --->   Core 1 'Adder' <Latency = 0> <II = 1> <Delay = 3.27> <FuncUnit> <Opcode : 'add' 'sub'> <InPorts = 2> <OutPorts = 1>
ST_1 : Operation 174 [1/1] (1.61ns)   --->   "%store_ln105 = store i11 %add_ln105_1, i11 %indvar_flatten13" [cnn_accel.cpp:105]   --->   Operation 174 'store' 'store_ln105' <Predicate = (!icmp_ln105)> <Delay = 1.61>
ST_1 : Operation 175 [1/1] (1.61ns)   --->   "%store_ln105 = store i6 %select_ln105_1, i6 %y" [cnn_accel.cpp:105]   --->   Operation 175 'store' 'store_ln105' <Predicate = (!icmp_ln105)> <Delay = 1.61>

State 2 <SV = 1> <Delay = 6.86>
ST_2 : Operation 176 [1/1] (0.00ns)   --->   "%tmp_s = bitconcatenate i10 @_ssdm_op_BitConcatenate.i10.i5.i5, i5 %trunc_ln116, i5 0" [cnn_accel.cpp:116]   --->   Operation 176 'bitconcatenate' 'tmp_s' <Predicate = (!icmp_ln105)> <Delay = 0.00>
ST_2 : Operation 177 [1/1] (0.00ns)   --->   "%zext_ln105 = zext i6 %select_ln105_1" [cnn_accel.cpp:105]   --->   Operation 177 'zext' 'zext_ln105' <Predicate = (!icmp_ln105)> <Delay = 0.00>
ST_2 : Operation 178 [1/1] (0.00ns)   --->   "%y_1_cast = zext i6 %select_ln105_1" [cnn_accel.cpp:105]   --->   Operation 178 'zext' 'y_1_cast' <Predicate = (!icmp_ln105)> <Delay = 0.00>
ST_2 : Operation 179 [2/2] (6.86ns)   --->   "%empty = mul i36 %y_1_cast, i36 %H_cast303_cast" [cnn_accel.cpp:105]   --->   Operation 179 'mul' 'empty' <Predicate = (!icmp_ln105)> <Delay = 6.86> <CoreInst = "Multiplier">   --->   Core 3 'Multiplier' <Latency = 1> <II = 1> <Delay = 6.86> <FuncUnit> <Opcode : 'mul'> <InPorts = 2> <OutPorts = 1>
ST_2 : Operation 180 [1/1] (2.66ns)   --->   "%empty_97 = add i32 %zext_ln105, i32 %ty_cast" [cnn_accel.cpp:105]   --->   Operation 180 'add' 'empty_97' <Predicate = (!icmp_ln105)> <Delay = 2.66> <CoreInst = "Adder">   --->   Core 1 'Adder' <Latency = 0> <II = 1> <Delay = 2.66> <FuncUnit> <Opcode : 'add' 'sub'> <InPorts = 2> <OutPorts = 1>
ST_2 : Operation 181 [1/1] (2.70ns)   --->   "%cmp141 = icmp_slt  i32 %empty_97, i32 %H_cast" [cnn_accel.cpp:105]   --->   Operation 181 'icmp' 'cmp141' <Predicate = (!icmp_ln105)> <Delay = 2.70> <CoreInst = "Cmp">   --->   Core 9 'Cmp' <Latency = 0> <II = 1> <Delay = 2.70> <FuncUnit> <Opcode : 'seteq' 'setne' 'setle' 'setge' 'setlt' 'setgt'> <InPorts = 2> <OutPorts = 1>
ST_2 : Operation 182 [1/1] (0.00ns)   --->   "%zext_ln116_64 = zext i6 %select_ln105" [cnn_accel.cpp:116]   --->   Operation 182 'zext' 'zext_ln116_64' <Predicate = (!icmp_ln105)> <Delay = 0.00>
ST_2 : Operation 183 [1/1] (2.12ns)   --->   "%add_ln116 = add i10 %tmp_s, i10 %zext_ln116_64" [cnn_accel.cpp:116]   --->   Operation 183 'add' 'add_ln116' <Predicate = (!icmp_ln105)> <Delay = 2.12> <CoreInst = "Adder">   --->   Core 1 'Adder' <Latency = 0> <II = 1> <Delay = 2.12> <FuncUnit> <Opcode : 'add' 'sub'> <InPorts = 2> <OutPorts = 1>
ST_2 : Operation 184 [1/1] (0.00ns)   --->   "%zext_ln116_65 = zext i10 %add_ln116" [cnn_accel.cpp:116]   --->   Operation 184 'zext' 'zext_ln116_65' <Predicate = (!icmp_ln105)> <Delay = 0.00>
ST_2 : Operation 185 [1/1] (0.00ns)   --->   "%p_ZZ10conv_layerPaS_iiiiS_S_E8tile_out_10_addr = getelementptr i7 %p_ZZ10conv_layerPaS_iiiiS_S_E8tile_out_10, i64 0, i64 %zext_ln116_65" [cnn_accel.cpp:116]   --->   Operation 185 'getelementptr' 'p_ZZ10conv_layerPaS_iiiiS_S_E8tile_out_10_addr' <Predicate = (!icmp_ln105)> <Delay = 0.00>
ST_2 : Operation 186 [1/1] (0.00ns)   --->   "%p_ZZ10conv_layerPaS_iiiiS_S_E8tile_out_11_addr = getelementptr i7 %p_ZZ10conv_layerPaS_iiiiS_S_E8tile_out_11, i64 0, i64 %zext_ln116_65" [cnn_accel.cpp:116]   --->   Operation 186 'getelementptr' 'p_ZZ10conv_layerPaS_iiiiS_S_E8tile_out_11_addr' <Predicate = (!icmp_ln105)> <Delay = 0.00>
ST_2 : Operation 187 [1/1] (0.00ns)   --->   "%p_ZZ10conv_layerPaS_iiiiS_S_E8tile_out_12_addr = getelementptr i7 %p_ZZ10conv_layerPaS_iiiiS_S_E8tile_out_12, i64 0, i64 %zext_ln116_65" [cnn_accel.cpp:116]   --->   Operation 187 'getelementptr' 'p_ZZ10conv_layerPaS_iiiiS_S_E8tile_out_12_addr' <Predicate = (!icmp_ln105)> <Delay = 0.00>
ST_2 : Operation 188 [1/1] (0.00ns)   --->   "%p_ZZ10conv_layerPaS_iiiiS_S_E8tile_out_13_addr = getelementptr i7 %p_ZZ10conv_layerPaS_iiiiS_S_E8tile_out_13, i64 0, i64 %zext_ln116_65" [cnn_accel.cpp:116]   --->   Operation 188 'getelementptr' 'p_ZZ10conv_layerPaS_iiiiS_S_E8tile_out_13_addr' <Predicate = (!icmp_ln105)> <Delay = 0.00>
ST_2 : Operation 189 [1/1] (0.00ns)   --->   "%p_ZZ10conv_layerPaS_iiiiS_S_E8tile_out_14_addr = getelementptr i7 %p_ZZ10conv_layerPaS_iiiiS_S_E8tile_out_14, i64 0, i64 %zext_ln116_65" [cnn_accel.cpp:116]   --->   Operation 189 'getelementptr' 'p_ZZ10conv_layerPaS_iiiiS_S_E8tile_out_14_addr' <Predicate = (!icmp_ln105)> <Delay = 0.00>
ST_2 : Operation 190 [1/1] (0.00ns)   --->   "%conv_layer_signed_char_signed_char_int_int_int_int_signed_char_signed_char_tile_out = getelementptr i7 %p_ZZ10conv_layerPaS_iiiiS_S_E8tile_out_15, i64 0, i64 %zext_ln116_65" [cnn_accel.cpp:116]   --->   Operation 190 'getelementptr' 'conv_layer_signed_char_signed_char_int_int_int_int_signed_char_signed_char_tile_out' <Predicate = (!icmp_ln105)> <Delay = 0.00>
ST_2 : Operation 191 [1/1] (0.00ns)   --->   "%p_ZZ10conv_layerPaS_iiiiS_S_E8tile_out_16_addr = getelementptr i7 %p_ZZ10conv_layerPaS_iiiiS_S_E8tile_out_16, i64 0, i64 %zext_ln116_65" [cnn_accel.cpp:116]   --->   Operation 191 'getelementptr' 'p_ZZ10conv_layerPaS_iiiiS_S_E8tile_out_16_addr' <Predicate = (!icmp_ln105)> <Delay = 0.00>
ST_2 : Operation 192 [1/1] (0.00ns)   --->   "%p_ZZ10conv_layerPaS_iiiiS_S_E8tile_out_17_addr = getelementptr i7 %p_ZZ10conv_layerPaS_iiiiS_S_E8tile_out_17, i64 0, i64 %zext_ln116_65" [cnn_accel.cpp:116]   --->   Operation 192 'getelementptr' 'p_ZZ10conv_layerPaS_iiiiS_S_E8tile_out_17_addr' <Predicate = (!icmp_ln105)> <Delay = 0.00>
ST_2 : Operation 193 [1/1] (0.00ns)   --->   "%p_ZZ10conv_layerPaS_iiiiS_S_E8tile_out_18_addr = getelementptr i7 %p_ZZ10conv_layerPaS_iiiiS_S_E8tile_out_18, i64 0, i64 %zext_ln116_65" [cnn_accel.cpp:116]   --->   Operation 193 'getelementptr' 'p_ZZ10conv_layerPaS_iiiiS_S_E8tile_out_18_addr' <Predicate = (!icmp_ln105)> <Delay = 0.00>
ST_2 : Operation 194 [1/1] (0.00ns)   --->   "%p_ZZ10conv_layerPaS_iiiiS_S_E8tile_out_19_addr = getelementptr i7 %p_ZZ10conv_layerPaS_iiiiS_S_E8tile_out_19, i64 0, i64 %zext_ln116_65" [cnn_accel.cpp:116]   --->   Operation 194 'getelementptr' 'p_ZZ10conv_layerPaS_iiiiS_S_E8tile_out_19_addr' <Predicate = (!icmp_ln105)> <Delay = 0.00>
ST_2 : Operation 195 [1/1] (0.00ns)   --->   "%p_ZZ10conv_layerPaS_iiiiS_S_E8tile_out_20_addr = getelementptr i7 %p_ZZ10conv_layerPaS_iiiiS_S_E8tile_out_20, i64 0, i64 %zext_ln116_65" [cnn_accel.cpp:116]   --->   Operation 195 'getelementptr' 'p_ZZ10conv_layerPaS_iiiiS_S_E8tile_out_20_addr' <Predicate = (!icmp_ln105)> <Delay = 0.00>
ST_2 : Operation 196 [1/1] (0.00ns)   --->   "%p_ZZ10conv_layerPaS_iiiiS_S_E8tile_out_21_addr = getelementptr i7 %p_ZZ10conv_layerPaS_iiiiS_S_E8tile_out_21, i64 0, i64 %zext_ln116_65" [cnn_accel.cpp:116]   --->   Operation 196 'getelementptr' 'p_ZZ10conv_layerPaS_iiiiS_S_E8tile_out_21_addr' <Predicate = (!icmp_ln105)> <Delay = 0.00>
ST_2 : Operation 197 [1/1] (0.00ns)   --->   "%p_ZZ10conv_layerPaS_iiiiS_S_E8tile_out_22_addr = getelementptr i7 %p_ZZ10conv_layerPaS_iiiiS_S_E8tile_out_22, i64 0, i64 %zext_ln116_65" [cnn_accel.cpp:116]   --->   Operation 197 'getelementptr' 'p_ZZ10conv_layerPaS_iiiiS_S_E8tile_out_22_addr' <Predicate = (!icmp_ln105)> <Delay = 0.00>
ST_2 : Operation 198 [1/1] (0.00ns)   --->   "%p_ZZ10conv_layerPaS_iiiiS_S_E8tile_out_23_addr = getelementptr i7 %p_ZZ10conv_layerPaS_iiiiS_S_E8tile_out_23, i64 0, i64 %zext_ln116_65" [cnn_accel.cpp:116]   --->   Operation 198 'getelementptr' 'p_ZZ10conv_layerPaS_iiiiS_S_E8tile_out_23_addr' <Predicate = (!icmp_ln105)> <Delay = 0.00>
ST_2 : Operation 199 [1/1] (0.00ns)   --->   "%p_ZZ10conv_layerPaS_iiiiS_S_E8tile_out_24_addr = getelementptr i7 %p_ZZ10conv_layerPaS_iiiiS_S_E8tile_out_24, i64 0, i64 %zext_ln116_65" [cnn_accel.cpp:116]   --->   Operation 199 'getelementptr' 'p_ZZ10conv_layerPaS_iiiiS_S_E8tile_out_24_addr' <Predicate = (!icmp_ln105)> <Delay = 0.00>
ST_2 : Operation 200 [1/1] (0.00ns)   --->   "%conv_layer_signed_char_signed_char_int_int_int_int_signed_char_signed_char_tile_out_98 = getelementptr i7 %p_ZZ10conv_layerPaS_iiiiS_S_E8tile_out_25, i64 0, i64 %zext_ln116_65" [cnn_accel.cpp:116]   --->   Operation 200 'getelementptr' 'conv_layer_signed_char_signed_char_int_int_int_int_signed_char_signed_char_tile_out_98' <Predicate = (!icmp_ln105)> <Delay = 0.00>
ST_2 : Operation 201 [1/1] (0.00ns)   --->   "%p_ZZ10conv_layerPaS_iiiiS_S_E8tile_out_26_addr = getelementptr i7 %p_ZZ10conv_layerPaS_iiiiS_S_E8tile_out_26, i64 0, i64 %zext_ln116_65" [cnn_accel.cpp:116]   --->   Operation 201 'getelementptr' 'p_ZZ10conv_layerPaS_iiiiS_S_E8tile_out_26_addr' <Predicate = (!icmp_ln105)> <Delay = 0.00>
ST_2 : Operation 202 [1/1] (0.00ns)   --->   "%p_ZZ10conv_layerPaS_iiiiS_S_E8tile_out_27_addr = getelementptr i7 %p_ZZ10conv_layerPaS_iiiiS_S_E8tile_out_27, i64 0, i64 %zext_ln116_65" [cnn_accel.cpp:116]   --->   Operation 202 'getelementptr' 'p_ZZ10conv_layerPaS_iiiiS_S_E8tile_out_27_addr' <Predicate = (!icmp_ln105)> <Delay = 0.00>
ST_2 : Operation 203 [1/1] (0.00ns)   --->   "%p_ZZ10conv_layerPaS_iiiiS_S_E8tile_out_28_addr = getelementptr i7 %p_ZZ10conv_layerPaS_iiiiS_S_E8tile_out_28, i64 0, i64 %zext_ln116_65" [cnn_accel.cpp:116]   --->   Operation 203 'getelementptr' 'p_ZZ10conv_layerPaS_iiiiS_S_E8tile_out_28_addr' <Predicate = (!icmp_ln105)> <Delay = 0.00>
ST_2 : Operation 204 [1/1] (0.00ns)   --->   "%p_ZZ10conv_layerPaS_iiiiS_S_E8tile_out_29_addr = getelementptr i7 %p_ZZ10conv_layerPaS_iiiiS_S_E8tile_out_29, i64 0, i64 %zext_ln116_65" [cnn_accel.cpp:116]   --->   Operation 204 'getelementptr' 'p_ZZ10conv_layerPaS_iiiiS_S_E8tile_out_29_addr' <Predicate = (!icmp_ln105)> <Delay = 0.00>
ST_2 : Operation 205 [1/1] (0.00ns)   --->   "%p_ZZ10conv_layerPaS_iiiiS_S_E8tile_out_30_addr = getelementptr i7 %p_ZZ10conv_layerPaS_iiiiS_S_E8tile_out_30, i64 0, i64 %zext_ln116_65" [cnn_accel.cpp:116]   --->   Operation 205 'getelementptr' 'p_ZZ10conv_layerPaS_iiiiS_S_E8tile_out_30_addr' <Predicate = (!icmp_ln105)> <Delay = 0.00>
ST_2 : Operation 206 [1/1] (0.00ns)   --->   "%p_ZZ10conv_layerPaS_iiiiS_S_E8tile_out_31_addr = getelementptr i7 %p_ZZ10conv_layerPaS_iiiiS_S_E8tile_out_31, i64 0, i64 %zext_ln116_65" [cnn_accel.cpp:116]   --->   Operation 206 'getelementptr' 'p_ZZ10conv_layerPaS_iiiiS_S_E8tile_out_31_addr' <Predicate = (!icmp_ln105)> <Delay = 0.00>
ST_2 : Operation 207 [1/1] (0.00ns)   --->   "%p_ZZ10conv_layerPaS_iiiiS_S_E8tile_out_32_addr = getelementptr i7 %p_ZZ10conv_layerPaS_iiiiS_S_E8tile_out_32, i64 0, i64 %zext_ln116_65" [cnn_accel.cpp:116]   --->   Operation 207 'getelementptr' 'p_ZZ10conv_layerPaS_iiiiS_S_E8tile_out_32_addr' <Predicate = (!icmp_ln105)> <Delay = 0.00>
ST_2 : Operation 208 [1/1] (0.00ns)   --->   "%p_ZZ10conv_layerPaS_iiiiS_S_E8tile_out_33_addr = getelementptr i7 %p_ZZ10conv_layerPaS_iiiiS_S_E8tile_out_33, i64 0, i64 %zext_ln116_65" [cnn_accel.cpp:116]   --->   Operation 208 'getelementptr' 'p_ZZ10conv_layerPaS_iiiiS_S_E8tile_out_33_addr' <Predicate = (!icmp_ln105)> <Delay = 0.00>
ST_2 : Operation 209 [1/1] (0.00ns)   --->   "%p_ZZ10conv_layerPaS_iiiiS_S_E8tile_out_34_addr = getelementptr i7 %p_ZZ10conv_layerPaS_iiiiS_S_E8tile_out_34, i64 0, i64 %zext_ln116_65" [cnn_accel.cpp:116]   --->   Operation 209 'getelementptr' 'p_ZZ10conv_layerPaS_iiiiS_S_E8tile_out_34_addr' <Predicate = (!icmp_ln105)> <Delay = 0.00>
ST_2 : Operation 210 [1/1] (0.00ns)   --->   "%conv_layer_signed_char_signed_char_int_int_int_int_signed_char_signed_char_tile_out_99 = getelementptr i7 %p_ZZ10conv_layerPaS_iiiiS_S_E8tile_out_35, i64 0, i64 %zext_ln116_65" [cnn_accel.cpp:116]   --->   Operation 210 'getelementptr' 'conv_layer_signed_char_signed_char_int_int_int_int_signed_char_signed_char_tile_out_99' <Predicate = (!icmp_ln105)> <Delay = 0.00>
ST_2 : Operation 211 [1/1] (0.00ns)   --->   "%p_ZZ10conv_layerPaS_iiiiS_S_E8tile_out_36_addr = getelementptr i7 %p_ZZ10conv_layerPaS_iiiiS_S_E8tile_out_36, i64 0, i64 %zext_ln116_65" [cnn_accel.cpp:116]   --->   Operation 211 'getelementptr' 'p_ZZ10conv_layerPaS_iiiiS_S_E8tile_out_36_addr' <Predicate = (!icmp_ln105)> <Delay = 0.00>
ST_2 : Operation 212 [1/1] (0.00ns)   --->   "%p_ZZ10conv_layerPaS_iiiiS_S_E8tile_out_37_addr = getelementptr i7 %p_ZZ10conv_layerPaS_iiiiS_S_E8tile_out_37, i64 0, i64 %zext_ln116_65" [cnn_accel.cpp:116]   --->   Operation 212 'getelementptr' 'p_ZZ10conv_layerPaS_iiiiS_S_E8tile_out_37_addr' <Predicate = (!icmp_ln105)> <Delay = 0.00>
ST_2 : Operation 213 [1/1] (0.00ns)   --->   "%p_ZZ10conv_layerPaS_iiiiS_S_E8tile_out_38_addr = getelementptr i7 %p_ZZ10conv_layerPaS_iiiiS_S_E8tile_out_38, i64 0, i64 %zext_ln116_65" [cnn_accel.cpp:116]   --->   Operation 213 'getelementptr' 'p_ZZ10conv_layerPaS_iiiiS_S_E8tile_out_38_addr' <Predicate = (!icmp_ln105)> <Delay = 0.00>
ST_2 : Operation 214 [1/1] (0.00ns)   --->   "%p_ZZ10conv_layerPaS_iiiiS_S_E8tile_out_39_addr = getelementptr i7 %p_ZZ10conv_layerPaS_iiiiS_S_E8tile_out_39, i64 0, i64 %zext_ln116_65" [cnn_accel.cpp:116]   --->   Operation 214 'getelementptr' 'p_ZZ10conv_layerPaS_iiiiS_S_E8tile_out_39_addr' <Predicate = (!icmp_ln105)> <Delay = 0.00>
ST_2 : Operation 215 [1/1] (0.00ns)   --->   "%p_ZZ10conv_layerPaS_iiiiS_S_E8tile_out_40_addr = getelementptr i7 %p_ZZ10conv_layerPaS_iiiiS_S_E8tile_out_40, i64 0, i64 %zext_ln116_65" [cnn_accel.cpp:116]   --->   Operation 215 'getelementptr' 'p_ZZ10conv_layerPaS_iiiiS_S_E8tile_out_40_addr' <Predicate = (!icmp_ln105)> <Delay = 0.00>
ST_2 : Operation 216 [1/1] (0.00ns)   --->   "%p_ZZ10conv_layerPaS_iiiiS_S_E8tile_out_41_addr = getelementptr i7 %p_ZZ10conv_layerPaS_iiiiS_S_E8tile_out_41, i64 0, i64 %zext_ln116_65" [cnn_accel.cpp:116]   --->   Operation 216 'getelementptr' 'p_ZZ10conv_layerPaS_iiiiS_S_E8tile_out_41_addr' <Predicate = (!icmp_ln105)> <Delay = 0.00>
ST_2 : Operation 217 [1/1] (0.00ns)   --->   "%p_ZZ10conv_layerPaS_iiiiS_S_E8tile_out_42_addr = getelementptr i7 %p_ZZ10conv_layerPaS_iiiiS_S_E8tile_out_42, i64 0, i64 %zext_ln116_65" [cnn_accel.cpp:116]   --->   Operation 217 'getelementptr' 'p_ZZ10conv_layerPaS_iiiiS_S_E8tile_out_42_addr' <Predicate = (!icmp_ln105)> <Delay = 0.00>
ST_2 : Operation 218 [1/1] (0.00ns)   --->   "%p_ZZ10conv_layerPaS_iiiiS_S_E8tile_out_43_addr = getelementptr i7 %p_ZZ10conv_layerPaS_iiiiS_S_E8tile_out_43, i64 0, i64 %zext_ln116_65" [cnn_accel.cpp:116]   --->   Operation 218 'getelementptr' 'p_ZZ10conv_layerPaS_iiiiS_S_E8tile_out_43_addr' <Predicate = (!icmp_ln105)> <Delay = 0.00>
ST_2 : Operation 219 [1/1] (0.00ns)   --->   "%p_ZZ10conv_layerPaS_iiiiS_S_E8tile_out_44_addr = getelementptr i7 %p_ZZ10conv_layerPaS_iiiiS_S_E8tile_out_44, i64 0, i64 %zext_ln116_65" [cnn_accel.cpp:116]   --->   Operation 219 'getelementptr' 'p_ZZ10conv_layerPaS_iiiiS_S_E8tile_out_44_addr' <Predicate = (!icmp_ln105)> <Delay = 0.00>
ST_2 : Operation 220 [1/1] (0.00ns)   --->   "%conv_layer_signed_char_signed_char_int_int_int_int_signed_char_signed_char_tile_out_100 = getelementptr i7 %p_ZZ10conv_layerPaS_iiiiS_S_E8tile_out_45, i64 0, i64 %zext_ln116_65" [cnn_accel.cpp:116]   --->   Operation 220 'getelementptr' 'conv_layer_signed_char_signed_char_int_int_int_int_signed_char_signed_char_tile_out_100' <Predicate = (!icmp_ln105)> <Delay = 0.00>
ST_2 : Operation 221 [1/1] (0.00ns)   --->   "%p_ZZ10conv_layerPaS_iiiiS_S_E8tile_out_46_addr = getelementptr i7 %p_ZZ10conv_layerPaS_iiiiS_S_E8tile_out_46, i64 0, i64 %zext_ln116_65" [cnn_accel.cpp:116]   --->   Operation 221 'getelementptr' 'p_ZZ10conv_layerPaS_iiiiS_S_E8tile_out_46_addr' <Predicate = (!icmp_ln105)> <Delay = 0.00>
ST_2 : Operation 222 [1/1] (0.00ns)   --->   "%p_ZZ10conv_layerPaS_iiiiS_S_E8tile_out_47_addr = getelementptr i7 %p_ZZ10conv_layerPaS_iiiiS_S_E8tile_out_47, i64 0, i64 %zext_ln116_65" [cnn_accel.cpp:116]   --->   Operation 222 'getelementptr' 'p_ZZ10conv_layerPaS_iiiiS_S_E8tile_out_47_addr' <Predicate = (!icmp_ln105)> <Delay = 0.00>
ST_2 : Operation 223 [1/1] (0.00ns)   --->   "%p_ZZ10conv_layerPaS_iiiiS_S_E8tile_out_48_addr = getelementptr i7 %p_ZZ10conv_layerPaS_iiiiS_S_E8tile_out_48, i64 0, i64 %zext_ln116_65" [cnn_accel.cpp:116]   --->   Operation 223 'getelementptr' 'p_ZZ10conv_layerPaS_iiiiS_S_E8tile_out_48_addr' <Predicate = (!icmp_ln105)> <Delay = 0.00>
ST_2 : Operation 224 [1/1] (0.00ns)   --->   "%p_ZZ10conv_layerPaS_iiiiS_S_E8tile_out_49_addr = getelementptr i7 %p_ZZ10conv_layerPaS_iiiiS_S_E8tile_out_49, i64 0, i64 %zext_ln116_65" [cnn_accel.cpp:116]   --->   Operation 224 'getelementptr' 'p_ZZ10conv_layerPaS_iiiiS_S_E8tile_out_49_addr' <Predicate = (!icmp_ln105)> <Delay = 0.00>
ST_2 : Operation 225 [1/1] (0.00ns)   --->   "%p_ZZ10conv_layerPaS_iiiiS_S_E8tile_out_50_addr = getelementptr i7 %p_ZZ10conv_layerPaS_iiiiS_S_E8tile_out_50, i64 0, i64 %zext_ln116_65" [cnn_accel.cpp:116]   --->   Operation 225 'getelementptr' 'p_ZZ10conv_layerPaS_iiiiS_S_E8tile_out_50_addr' <Predicate = (!icmp_ln105)> <Delay = 0.00>
ST_2 : Operation 226 [1/1] (0.00ns)   --->   "%p_ZZ10conv_layerPaS_iiiiS_S_E8tile_out_51_addr = getelementptr i7 %p_ZZ10conv_layerPaS_iiiiS_S_E8tile_out_51, i64 0, i64 %zext_ln116_65" [cnn_accel.cpp:116]   --->   Operation 226 'getelementptr' 'p_ZZ10conv_layerPaS_iiiiS_S_E8tile_out_51_addr' <Predicate = (!icmp_ln105)> <Delay = 0.00>
ST_2 : Operation 227 [1/1] (0.00ns)   --->   "%p_ZZ10conv_layerPaS_iiiiS_S_E8tile_out_52_addr = getelementptr i7 %p_ZZ10conv_layerPaS_iiiiS_S_E8tile_out_52, i64 0, i64 %zext_ln116_65" [cnn_accel.cpp:116]   --->   Operation 227 'getelementptr' 'p_ZZ10conv_layerPaS_iiiiS_S_E8tile_out_52_addr' <Predicate = (!icmp_ln105)> <Delay = 0.00>
ST_2 : Operation 228 [1/1] (0.00ns)   --->   "%p_ZZ10conv_layerPaS_iiiiS_S_E8tile_out_53_addr = getelementptr i7 %p_ZZ10conv_layerPaS_iiiiS_S_E8tile_out_53, i64 0, i64 %zext_ln116_65" [cnn_accel.cpp:116]   --->   Operation 228 'getelementptr' 'p_ZZ10conv_layerPaS_iiiiS_S_E8tile_out_53_addr' <Predicate = (!icmp_ln105)> <Delay = 0.00>
ST_2 : Operation 229 [1/1] (0.00ns)   --->   "%p_ZZ10conv_layerPaS_iiiiS_S_E8tile_out_54_addr = getelementptr i7 %p_ZZ10conv_layerPaS_iiiiS_S_E8tile_out_54, i64 0, i64 %zext_ln116_65" [cnn_accel.cpp:116]   --->   Operation 229 'getelementptr' 'p_ZZ10conv_layerPaS_iiiiS_S_E8tile_out_54_addr' <Predicate = (!icmp_ln105)> <Delay = 0.00>
ST_2 : Operation 230 [1/1] (0.00ns)   --->   "%conv_layer_signed_char_signed_char_int_int_int_int_signed_char_signed_char_tile_out_101 = getelementptr i7 %p_ZZ10conv_layerPaS_iiiiS_S_E8tile_out_55, i64 0, i64 %zext_ln116_65" [cnn_accel.cpp:116]   --->   Operation 230 'getelementptr' 'conv_layer_signed_char_signed_char_int_int_int_int_signed_char_signed_char_tile_out_101' <Predicate = (!icmp_ln105)> <Delay = 0.00>
ST_2 : Operation 231 [1/1] (0.00ns)   --->   "%p_ZZ10conv_layerPaS_iiiiS_S_E8tile_out_56_addr = getelementptr i7 %p_ZZ10conv_layerPaS_iiiiS_S_E8tile_out_56, i64 0, i64 %zext_ln116_65" [cnn_accel.cpp:116]   --->   Operation 231 'getelementptr' 'p_ZZ10conv_layerPaS_iiiiS_S_E8tile_out_56_addr' <Predicate = (!icmp_ln105)> <Delay = 0.00>
ST_2 : Operation 232 [1/1] (0.00ns)   --->   "%p_ZZ10conv_layerPaS_iiiiS_S_E8tile_out_57_addr = getelementptr i7 %p_ZZ10conv_layerPaS_iiiiS_S_E8tile_out_57, i64 0, i64 %zext_ln116_65" [cnn_accel.cpp:116]   --->   Operation 232 'getelementptr' 'p_ZZ10conv_layerPaS_iiiiS_S_E8tile_out_57_addr' <Predicate = (!icmp_ln105)> <Delay = 0.00>
ST_2 : Operation 233 [1/1] (0.00ns)   --->   "%p_ZZ10conv_layerPaS_iiiiS_S_E8tile_out_58_addr = getelementptr i7 %p_ZZ10conv_layerPaS_iiiiS_S_E8tile_out_58, i64 0, i64 %zext_ln116_65" [cnn_accel.cpp:116]   --->   Operation 233 'getelementptr' 'p_ZZ10conv_layerPaS_iiiiS_S_E8tile_out_58_addr' <Predicate = (!icmp_ln105)> <Delay = 0.00>
ST_2 : Operation 234 [1/1] (0.00ns)   --->   "%p_ZZ10conv_layerPaS_iiiiS_S_E8tile_out_59_addr = getelementptr i7 %p_ZZ10conv_layerPaS_iiiiS_S_E8tile_out_59, i64 0, i64 %zext_ln116_65" [cnn_accel.cpp:116]   --->   Operation 234 'getelementptr' 'p_ZZ10conv_layerPaS_iiiiS_S_E8tile_out_59_addr' <Predicate = (!icmp_ln105)> <Delay = 0.00>
ST_2 : Operation 235 [1/1] (0.00ns)   --->   "%p_ZZ10conv_layerPaS_iiiiS_S_E8tile_out_60_addr = getelementptr i7 %p_ZZ10conv_layerPaS_iiiiS_S_E8tile_out_60, i64 0, i64 %zext_ln116_65" [cnn_accel.cpp:116]   --->   Operation 235 'getelementptr' 'p_ZZ10conv_layerPaS_iiiiS_S_E8tile_out_60_addr' <Predicate = (!icmp_ln105)> <Delay = 0.00>
ST_2 : Operation 236 [1/1] (0.00ns)   --->   "%p_ZZ10conv_layerPaS_iiiiS_S_E8tile_out_61_addr = getelementptr i7 %p_ZZ10conv_layerPaS_iiiiS_S_E8tile_out_61, i64 0, i64 %zext_ln116_65" [cnn_accel.cpp:116]   --->   Operation 236 'getelementptr' 'p_ZZ10conv_layerPaS_iiiiS_S_E8tile_out_61_addr' <Predicate = (!icmp_ln105)> <Delay = 0.00>
ST_2 : Operation 237 [1/1] (0.00ns)   --->   "%p_ZZ10conv_layerPaS_iiiiS_S_E8tile_out_62_addr = getelementptr i7 %p_ZZ10conv_layerPaS_iiiiS_S_E8tile_out_62, i64 0, i64 %zext_ln116_65" [cnn_accel.cpp:116]   --->   Operation 237 'getelementptr' 'p_ZZ10conv_layerPaS_iiiiS_S_E8tile_out_62_addr' <Predicate = (!icmp_ln105)> <Delay = 0.00>
ST_2 : Operation 238 [1/1] (0.00ns)   --->   "%p_ZZ10conv_layerPaS_iiiiS_S_E8tile_out_63_addr = getelementptr i7 %p_ZZ10conv_layerPaS_iiiiS_S_E8tile_out_63, i64 0, i64 %zext_ln116_65" [cnn_accel.cpp:116]   --->   Operation 238 'getelementptr' 'p_ZZ10conv_layerPaS_iiiiS_S_E8tile_out_63_addr' <Predicate = (!icmp_ln105)> <Delay = 0.00>
ST_2 : Operation 239 [1/1] (0.00ns)   --->   "%conv_layer_signed_char_signed_char_int_int_int_int_signed_char_signed_50 = getelementptr i7 %conv_layer_signed_char_signed_char_int_int_int_int_signed_char_signed_9, i64 0, i64 %zext_ln116_65" [cnn_accel.cpp:116]   --->   Operation 239 'getelementptr' 'conv_layer_signed_char_signed_char_int_int_int_int_signed_char_signed_50' <Predicate = (!icmp_ln105)> <Delay = 0.00>
ST_2 : Operation 240 [1/1] (0.00ns)   --->   "%conv_layer_signed_char_signed_char_int_int_int_int_signed_char_signed_51 = getelementptr i7 %conv_layer_signed_char_signed_char_int_int_int_int_signed_char_signed_8, i64 0, i64 %zext_ln116_65" [cnn_accel.cpp:116]   --->   Operation 240 'getelementptr' 'conv_layer_signed_char_signed_char_int_int_int_int_signed_char_signed_51' <Predicate = (!icmp_ln105)> <Delay = 0.00>
ST_2 : Operation 241 [1/1] (0.00ns)   --->   "%conv_layer_signed_char_signed_char_int_int_int_int_signed_char_signed_52 = getelementptr i7 %conv_layer_signed_char_signed_char_int_int_int_int_signed_char_signed_7, i64 0, i64 %zext_ln116_65" [cnn_accel.cpp:116]   --->   Operation 241 'getelementptr' 'conv_layer_signed_char_signed_char_int_int_int_int_signed_char_signed_52' <Predicate = (!icmp_ln105)> <Delay = 0.00>
ST_2 : Operation 242 [1/1] (0.00ns)   --->   "%conv_layer_signed_char_signed_char_int_int_int_int_signed_char_signed_53 = getelementptr i7 %conv_layer_signed_char_signed_char_int_int_int_int_signed_char_signed_6, i64 0, i64 %zext_ln116_65" [cnn_accel.cpp:116]   --->   Operation 242 'getelementptr' 'conv_layer_signed_char_signed_char_int_int_int_int_signed_char_signed_53' <Predicate = (!icmp_ln105)> <Delay = 0.00>
ST_2 : Operation 243 [1/1] (0.00ns)   --->   "%conv_layer_signed_char_signed_char_int_int_int_int_signed_char_signed_54 = getelementptr i7 %conv_layer_signed_char_signed_char_int_int_int_int_signed_char_signed_5, i64 0, i64 %zext_ln116_65" [cnn_accel.cpp:116]   --->   Operation 243 'getelementptr' 'conv_layer_signed_char_signed_char_int_int_int_int_signed_char_signed_54' <Predicate = (!icmp_ln105)> <Delay = 0.00>
ST_2 : Operation 244 [1/1] (0.00ns)   --->   "%conv_layer_signed_char_signed_char_int_int_int_int_signed_char_signed_55 = getelementptr i7 %conv_layer_signed_char_signed_char_int_int_int_int_signed_char_signed_4, i64 0, i64 %zext_ln116_65" [cnn_accel.cpp:116]   --->   Operation 244 'getelementptr' 'conv_layer_signed_char_signed_char_int_int_int_int_signed_char_signed_55' <Predicate = (!icmp_ln105)> <Delay = 0.00>
ST_2 : Operation 245 [1/1] (0.00ns)   --->   "%conv_layer_signed_char_signed_char_int_int_int_int_signed_char_signed_56 = getelementptr i7 %conv_layer_signed_char_signed_char_int_int_int_int_signed_char_signed_3, i64 0, i64 %zext_ln116_65" [cnn_accel.cpp:116]   --->   Operation 245 'getelementptr' 'conv_layer_signed_char_signed_char_int_int_int_int_signed_char_signed_56' <Predicate = (!icmp_ln105)> <Delay = 0.00>
ST_2 : Operation 246 [1/1] (0.00ns)   --->   "%conv_layer_signed_char_signed_char_int_int_int_int_signed_char_signed_57 = getelementptr i7 %conv_layer_signed_char_signed_char_int_int_int_int_signed_char_signed_2, i64 0, i64 %zext_ln116_65" [cnn_accel.cpp:116]   --->   Operation 246 'getelementptr' 'conv_layer_signed_char_signed_char_int_int_int_int_signed_char_signed_57' <Predicate = (!icmp_ln105)> <Delay = 0.00>
ST_2 : Operation 247 [1/1] (0.00ns)   --->   "%conv_layer_signed_char_signed_char_int_int_int_int_signed_char_signed_58 = getelementptr i7 %conv_layer_signed_char_signed_char_int_int_int_int_signed_char_signed_1, i64 0, i64 %zext_ln116_65" [cnn_accel.cpp:116]   --->   Operation 247 'getelementptr' 'conv_layer_signed_char_signed_char_int_int_int_int_signed_char_signed_58' <Predicate = (!icmp_ln105)> <Delay = 0.00>
ST_2 : Operation 248 [1/1] (0.00ns)   --->   "%conv_layer_signed_char_signed_char_int_int_int_int_signed_char_signed_59 = getelementptr i7 %conv_mulmulmullayer_signed_char_signed_char_int_int_int_int_signed_char_signed, i64 0, i64 %zext_ln116_65" [cnn_accel.cpp:116]   --->   Operation 248 'getelementptr' 'conv_layer_signed_char_signed_char_int_int_int_int_signed_char_signed_59' <Predicate = (!icmp_ln105)> <Delay = 0.00>
ST_2 : Operation 249 [1/1] (0.00ns)   --->   "%zext_ln106 = zext i6 %select_ln105" [cnn_accel.cpp:106]   --->   Operation 249 'zext' 'zext_ln106' <Predicate = (!icmp_ln105)> <Delay = 0.00>
ST_2 : Operation 250 [1/1] (2.66ns)   --->   "%add_ln110_2 = add i32 %zext_ln106, i32 %tx_cast" [cnn_accel.cpp:110]   --->   Operation 250 'add' 'add_ln110_2' <Predicate = (!icmp_ln105)> <Delay = 2.66> <CoreInst = "Adder">   --->   Core 1 'Adder' <Latency = 0> <II = 1> <Delay = 2.66> <FuncUnit> <Opcode : 'add' 'sub'> <InPorts = 2> <OutPorts = 1>
ST_2 : Operation 251 [1/1] (2.70ns)   --->   "%icmp_ln112 = icmp_slt  i32 %add_ln110_2, i32 %H_cast" [cnn_accel.cpp:112]   --->   Operation 251 'icmp' 'icmp_ln112' <Predicate = (!icmp_ln105)> <Delay = 2.70> <CoreInst = "Cmp">   --->   Core 9 'Cmp' <Latency = 0> <II = 1> <Delay = 2.70> <FuncUnit> <Opcode : 'seteq' 'setne' 'setle' 'setge' 'setlt' 'setgt'> <InPorts = 2> <OutPorts = 1>
ST_2 : Operation 252 [1/1] (0.97ns)   --->   "%and_ln112 = and i1 %cmp141, i1 %icmp_ln112" [cnn_accel.cpp:112]   --->   Operation 252 'and' 'and_ln112' <Predicate = (!icmp_ln105)> <Delay = 0.97> <CoreInst = "LogicGate">   --->   Core 74 'LogicGate' <Latency = 0> <II = 1> <Delay = 0.97> <FuncUnit> <Opcode : 'and' 'or' 'xor'> <InPorts = 2> <OutPorts = 1>
ST_2 : Operation 253 [1/1] (0.00ns)   --->   "%br_ln112 = br i1 %and_ln112, void %for.inc167, void %VITIS_LOOP_115_14" [cnn_accel.cpp:112]   --->   Operation 253 'br' 'br_ln112' <Predicate = (!icmp_ln105)> <Delay = 0.00>
ST_2 : Operation 254 [2/2] (3.25ns)   --->   "%conv_layer_signed_char_signed_char_int_int_int_int_signed_char_signed_60 = load i10 %conv_layer_signed_char_signed_char_int_int_int_int_signed_char_signed_50" [cnn_accel.cpp:116]   --->   Operation 254 'load' 'conv_layer_signed_char_signed_char_int_int_int_int_signed_char_signed_60' <Predicate = (!icmp_ln105 & and_ln112)> <Delay = 3.25> <CoreInst = "RAM_T2P_BRAM">   --->   Core 93 'RAM_T2P_BRAM' <Latency = 1> <II = 1> <Delay = 3.25> <Storage> <Opcode : 'load' 'store'> <Ports = 2> <Width = 7> <Depth = 1024> <RAM>
ST_2 : Operation 255 [2/2] (3.25ns)   --->   "%conv_layer_signed_char_signed_char_int_int_int_int_signed_char_signed_61 = load i10 %conv_layer_signed_char_signed_char_int_int_int_int_signed_char_signed_53" [cnn_accel.cpp:116]   --->   Operation 255 'load' 'conv_layer_signed_char_signed_char_int_int_int_int_signed_char_signed_61' <Predicate = (!icmp_ln105 & and_ln112)> <Delay = 3.25> <CoreInst = "RAM_T2P_BRAM">   --->   Core 93 'RAM_T2P_BRAM' <Latency = 1> <II = 1> <Delay = 3.25> <Storage> <Opcode : 'load' 'store'> <Ports = 2> <Width = 7> <Depth = 1024> <RAM>
ST_2 : Operation 256 [2/2] (3.25ns)   --->   "%conv_layer_signed_char_signed_char_int_int_int_int_signed_char_signed_62 = load i10 %conv_layer_signed_char_signed_char_int_int_int_int_signed_char_signed_54" [cnn_accel.cpp:116]   --->   Operation 256 'load' 'conv_layer_signed_char_signed_char_int_int_int_int_signed_char_signed_62' <Predicate = (!icmp_ln105 & and_ln112)> <Delay = 3.25> <CoreInst = "RAM_T2P_BRAM">   --->   Core 93 'RAM_T2P_BRAM' <Latency = 1> <II = 1> <Delay = 3.25> <Storage> <Opcode : 'load' 'store'> <Ports = 2> <Width = 7> <Depth = 1024> <RAM>
ST_2 : Operation 257 [2/2] (3.25ns)   --->   "%conv_layer_signed_char_signed_char_int_int_int_int_signed_char_signed_63 = load i10 %conv_layer_signed_char_signed_char_int_int_int_int_signed_char_signed_55" [cnn_accel.cpp:116]   --->   Operation 257 'load' 'conv_layer_signed_char_signed_char_int_int_int_int_signed_char_signed_63' <Predicate = (!icmp_ln105 & and_ln112)> <Delay = 3.25> <CoreInst = "RAM_T2P_BRAM">   --->   Core 93 'RAM_T2P_BRAM' <Latency = 1> <II = 1> <Delay = 3.25> <Storage> <Opcode : 'load' 'store'> <Ports = 2> <Width = 7> <Depth = 1024> <RAM>
ST_2 : Operation 258 [2/2] (3.25ns)   --->   "%conv_layer_signed_char_signed_char_int_int_int_int_signed_char_signed_64 = load i10 %conv_layer_signed_char_signed_char_int_int_int_int_signed_char_signed_56" [cnn_accel.cpp:116]   --->   Operation 258 'load' 'conv_layer_signed_char_signed_char_int_int_int_int_signed_char_signed_64' <Predicate = (!icmp_ln105 & and_ln112)> <Delay = 3.25> <CoreInst = "RAM_T2P_BRAM">   --->   Core 93 'RAM_T2P_BRAM' <Latency = 1> <II = 1> <Delay = 3.25> <Storage> <Opcode : 'load' 'store'> <Ports = 2> <Width = 7> <Depth = 1024> <RAM>
ST_2 : Operation 259 [2/2] (3.25ns)   --->   "%conv_layer_signed_char_signed_char_int_int_int_int_signed_char_signed_65 = load i10 %conv_layer_signed_char_signed_char_int_int_int_int_signed_char_signed_57" [cnn_accel.cpp:116]   --->   Operation 259 'load' 'conv_layer_signed_char_signed_char_int_int_int_int_signed_char_signed_65' <Predicate = (!icmp_ln105 & and_ln112)> <Delay = 3.25> <CoreInst = "RAM_T2P_BRAM">   --->   Core 93 'RAM_T2P_BRAM' <Latency = 1> <II = 1> <Delay = 3.25> <Storage> <Opcode : 'load' 'store'> <Ports = 2> <Width = 7> <Depth = 1024> <RAM>
ST_2 : Operation 260 [2/2] (3.25ns)   --->   "%conv_layer_signed_char_signed_char_int_int_int_int_signed_char_signed_66 = load i10 %conv_layer_signed_char_signed_char_int_int_int_int_signed_char_signed_58" [cnn_accel.cpp:116]   --->   Operation 260 'load' 'conv_layer_signed_char_signed_char_int_int_int_int_signed_char_signed_66' <Predicate = (!icmp_ln105 & and_ln112)> <Delay = 3.25> <CoreInst = "RAM_T2P_BRAM">   --->   Core 93 'RAM_T2P_BRAM' <Latency = 1> <II = 1> <Delay = 3.25> <Storage> <Opcode : 'load' 'store'> <Ports = 2> <Width = 7> <Depth = 1024> <RAM>
ST_2 : Operation 261 [2/2] (3.25ns)   --->   "%conv_layer_signed_char_signed_char_int_int_int_int_signed_char_signed_67 = load i10 %conv_layer_signed_char_signed_char_int_int_int_int_signed_char_signed_59" [cnn_accel.cpp:116]   --->   Operation 261 'load' 'conv_layer_signed_char_signed_char_int_int_int_int_signed_char_signed_67' <Predicate = (!icmp_ln105 & and_ln112)> <Delay = 3.25> <CoreInst = "RAM_T2P_BRAM">   --->   Core 93 'RAM_T2P_BRAM' <Latency = 1> <II = 1> <Delay = 3.25> <Storage> <Opcode : 'load' 'store'> <Ports = 2> <Width = 7> <Depth = 1024> <RAM>
ST_2 : Operation 262 [2/2] (3.25ns)   --->   "%conv_layer_signed_char_signed_char_int_int_int_int_signed_char_signed_68 = load i10 %conv_layer_signed_char_signed_char_int_int_int_int_signed_char_signed_51" [cnn_accel.cpp:116]   --->   Operation 262 'load' 'conv_layer_signed_char_signed_char_int_int_int_int_signed_char_signed_68' <Predicate = (!icmp_ln105 & and_ln112)> <Delay = 3.25> <CoreInst = "RAM_T2P_BRAM">   --->   Core 93 'RAM_T2P_BRAM' <Latency = 1> <II = 1> <Delay = 3.25> <Storage> <Opcode : 'load' 'store'> <Ports = 2> <Width = 7> <Depth = 1024> <RAM>
ST_2 : Operation 263 [2/2] (3.25ns)   --->   "%conv_layer_signed_char_signed_char_int_int_int_int_signed_char_signed_69 = load i10 %conv_layer_signed_char_signed_char_int_int_int_int_signed_char_signed_52" [cnn_accel.cpp:116]   --->   Operation 263 'load' 'conv_layer_signed_char_signed_char_int_int_int_int_signed_char_signed_69' <Predicate = (!icmp_ln105 & and_ln112)> <Delay = 3.25> <CoreInst = "RAM_T2P_BRAM">   --->   Core 93 'RAM_T2P_BRAM' <Latency = 1> <II = 1> <Delay = 3.25> <Storage> <Opcode : 'load' 'store'> <Ports = 2> <Width = 7> <Depth = 1024> <RAM>
ST_2 : Operation 264 [2/2] (3.25ns)   --->   "%p_ZZ10conv_layerPaS_iiiiS_S_E8tile_out_10_load = load i10 %p_ZZ10conv_layerPaS_iiiiS_S_E8tile_out_10_addr" [cnn_accel.cpp:116]   --->   Operation 264 'load' 'p_ZZ10conv_layerPaS_iiiiS_S_E8tile_out_10_load' <Predicate = (!icmp_ln105 & and_ln112)> <Delay = 3.25> <CoreInst = "RAM_T2P_BRAM">   --->   Core 93 'RAM_T2P_BRAM' <Latency = 1> <II = 1> <Delay = 3.25> <Storage> <Opcode : 'load' 'store'> <Ports = 2> <Width = 7> <Depth = 1024> <RAM>
ST_2 : Operation 265 [2/2] (3.25ns)   --->   "%conv_layer_signed_char_signed_char_int_int_int_int_signed_char_signed_char_tile_out_103 = load i10 %p_ZZ10conv_layerPaS_iiiiS_S_E8tile_out_11_addr" [cnn_accel.cpp:116]   --->   Operation 265 'load' 'conv_layer_signed_char_signed_char_int_int_int_int_signed_char_signed_char_tile_out_103' <Predicate = (!icmp_ln105 & and_ln112)> <Delay = 3.25> <CoreInst = "RAM_T2P_BRAM">   --->   Core 93 'RAM_T2P_BRAM' <Latency = 1> <II = 1> <Delay = 3.25> <Storage> <Opcode : 'load' 'store'> <Ports = 2> <Width = 7> <Depth = 1024> <RAM>
ST_2 : Operation 266 [2/2] (3.25ns)   --->   "%conv_layer_signed_char_signed_char_int_int_int_int_signed_char_signed_char_tile_out_104 = load i10 %p_ZZ10conv_layerPaS_iiiiS_S_E8tile_out_12_addr" [cnn_accel.cpp:116]   --->   Operation 266 'load' 'conv_layer_signed_char_signed_char_int_int_int_int_signed_char_signed_char_tile_out_104' <Predicate = (!icmp_ln105 & and_ln112)> <Delay = 3.25> <CoreInst = "RAM_T2P_BRAM">   --->   Core 93 'RAM_T2P_BRAM' <Latency = 1> <II = 1> <Delay = 3.25> <Storage> <Opcode : 'load' 'store'> <Ports = 2> <Width = 7> <Depth = 1024> <RAM>
ST_2 : Operation 267 [2/2] (3.25ns)   --->   "%conv_layer_signed_char_signed_char_int_int_int_int_signed_char_signed_char_tile_out_105 = load i10 %p_ZZ10conv_layerPaS_iiiiS_S_E8tile_out_13_addr" [cnn_accel.cpp:116]   --->   Operation 267 'load' 'conv_layer_signed_char_signed_char_int_int_int_int_signed_char_signed_char_tile_out_105' <Predicate = (!icmp_ln105 & and_ln112)> <Delay = 3.25> <CoreInst = "RAM_T2P_BRAM">   --->   Core 93 'RAM_T2P_BRAM' <Latency = 1> <II = 1> <Delay = 3.25> <Storage> <Opcode : 'load' 'store'> <Ports = 2> <Width = 7> <Depth = 1024> <RAM>
ST_2 : Operation 268 [2/2] (3.25ns)   --->   "%conv_layer_signed_char_signed_char_int_int_int_int_signed_char_signed_char_tile_out_106 = load i10 %p_ZZ10conv_layerPaS_iiiiS_S_E8tile_out_14_addr" [cnn_accel.cpp:116]   --->   Operation 268 'load' 'conv_layer_signed_char_signed_char_int_int_int_int_signed_char_signed_char_tile_out_106' <Predicate = (!icmp_ln105 & and_ln112)> <Delay = 3.25> <CoreInst = "RAM_T2P_BRAM">   --->   Core 93 'RAM_T2P_BRAM' <Latency = 1> <II = 1> <Delay = 3.25> <Storage> <Opcode : 'load' 'store'> <Ports = 2> <Width = 7> <Depth = 1024> <RAM>
ST_2 : Operation 269 [2/2] (3.25ns)   --->   "%conv_layer_signed_char_signed_char_int_int_int_int_signed_char_signed_char_tile_out_107 = load i10 %conv_layer_signed_char_signed_char_int_int_int_int_signed_char_signed_char_tile_out" [cnn_accel.cpp:116]   --->   Operation 269 'load' 'conv_layer_signed_char_signed_char_int_int_int_int_signed_char_signed_char_tile_out_107' <Predicate = (!icmp_ln105 & and_ln112)> <Delay = 3.25> <CoreInst = "RAM_T2P_BRAM">   --->   Core 93 'RAM_T2P_BRAM' <Latency = 1> <II = 1> <Delay = 3.25> <Storage> <Opcode : 'load' 'store'> <Ports = 2> <Width = 7> <Depth = 1024> <RAM>
ST_2 : Operation 270 [2/2] (3.25ns)   --->   "%p_ZZ10conv_layerPaS_iiiiS_S_E8tile_out_16_load = load i10 %p_ZZ10conv_layerPaS_iiiiS_S_E8tile_out_16_addr" [cnn_accel.cpp:116]   --->   Operation 270 'load' 'p_ZZ10conv_layerPaS_iiiiS_S_E8tile_out_16_load' <Predicate = (!icmp_ln105 & and_ln112)> <Delay = 3.25> <CoreInst = "RAM_T2P_BRAM">   --->   Core 93 'RAM_T2P_BRAM' <Latency = 1> <II = 1> <Delay = 3.25> <Storage> <Opcode : 'load' 'store'> <Ports = 2> <Width = 7> <Depth = 1024> <RAM>
ST_2 : Operation 271 [2/2] (3.25ns)   --->   "%p_ZZ10conv_layerPaS_iiiiS_S_E8tile_out_17_load = load i10 %p_ZZ10conv_layerPaS_iiiiS_S_E8tile_out_17_addr" [cnn_accel.cpp:116]   --->   Operation 271 'load' 'p_ZZ10conv_layerPaS_iiiiS_S_E8tile_out_17_load' <Predicate = (!icmp_ln105 & and_ln112)> <Delay = 3.25> <CoreInst = "RAM_T2P_BRAM">   --->   Core 93 'RAM_T2P_BRAM' <Latency = 1> <II = 1> <Delay = 3.25> <Storage> <Opcode : 'load' 'store'> <Ports = 2> <Width = 7> <Depth = 1024> <RAM>
ST_2 : Operation 272 [2/2] (3.25ns)   --->   "%p_ZZ10conv_layerPaS_iiiiS_S_E8tile_out_18_load = load i10 %p_ZZ10conv_layerPaS_iiiiS_S_E8tile_out_18_addr" [cnn_accel.cpp:116]   --->   Operation 272 'load' 'p_ZZ10conv_layerPaS_iiiiS_S_E8tile_out_18_load' <Predicate = (!icmp_ln105 & and_ln112)> <Delay = 3.25> <CoreInst = "RAM_T2P_BRAM">   --->   Core 93 'RAM_T2P_BRAM' <Latency = 1> <II = 1> <Delay = 3.25> <Storage> <Opcode : 'load' 'store'> <Ports = 2> <Width = 7> <Depth = 1024> <RAM>
ST_2 : Operation 273 [2/2] (3.25ns)   --->   "%p_ZZ10conv_layerPaS_iiiiS_S_E8tile_out_19_load = load i10 %p_ZZ10conv_layerPaS_iiiiS_S_E8tile_out_19_addr" [cnn_accel.cpp:116]   --->   Operation 273 'load' 'p_ZZ10conv_layerPaS_iiiiS_S_E8tile_out_19_load' <Predicate = (!icmp_ln105 & and_ln112)> <Delay = 3.25> <CoreInst = "RAM_T2P_BRAM">   --->   Core 93 'RAM_T2P_BRAM' <Latency = 1> <II = 1> <Delay = 3.25> <Storage> <Opcode : 'load' 'store'> <Ports = 2> <Width = 7> <Depth = 1024> <RAM>
ST_2 : Operation 274 [2/2] (3.25ns)   --->   "%p_ZZ10conv_layerPaS_iiiiS_S_E8tile_out_20_load = load i10 %p_ZZ10conv_layerPaS_iiiiS_S_E8tile_out_20_addr" [cnn_accel.cpp:116]   --->   Operation 274 'load' 'p_ZZ10conv_layerPaS_iiiiS_S_E8tile_out_20_load' <Predicate = (!icmp_ln105 & and_ln112)> <Delay = 3.25> <CoreInst = "RAM_T2P_BRAM">   --->   Core 93 'RAM_T2P_BRAM' <Latency = 1> <II = 1> <Delay = 3.25> <Storage> <Opcode : 'load' 'store'> <Ports = 2> <Width = 7> <Depth = 1024> <RAM>
ST_2 : Operation 275 [2/2] (3.25ns)   --->   "%conv_layer_signed_char_signed_char_int_int_int_int_signed_char_signed_char_tile_out_108 = load i10 %p_ZZ10conv_layerPaS_iiiiS_S_E8tile_out_21_addr" [cnn_accel.cpp:116]   --->   Operation 275 'load' 'conv_layer_signed_char_signed_char_int_int_int_int_signed_char_signed_char_tile_out_108' <Predicate = (!icmp_ln105 & and_ln112)> <Delay = 3.25> <CoreInst = "RAM_T2P_BRAM">   --->   Core 93 'RAM_T2P_BRAM' <Latency = 1> <II = 1> <Delay = 3.25> <Storage> <Opcode : 'load' 'store'> <Ports = 2> <Width = 7> <Depth = 1024> <RAM>
ST_2 : Operation 276 [2/2] (3.25ns)   --->   "%conv_layer_signed_char_signed_char_int_int_int_int_signed_char_signed_char_tile_out_109 = load i10 %p_ZZ10conv_layerPaS_iiiiS_S_E8tile_out_22_addr" [cnn_accel.cpp:116]   --->   Operation 276 'load' 'conv_layer_signed_char_signed_char_int_int_int_int_signed_char_signed_char_tile_out_109' <Predicate = (!icmp_ln105 & and_ln112)> <Delay = 3.25> <CoreInst = "RAM_T2P_BRAM">   --->   Core 93 'RAM_T2P_BRAM' <Latency = 1> <II = 1> <Delay = 3.25> <Storage> <Opcode : 'load' 'store'> <Ports = 2> <Width = 7> <Depth = 1024> <RAM>
ST_2 : Operation 277 [2/2] (3.25ns)   --->   "%conv_layer_signed_char_signed_char_int_int_int_int_signed_char_signed_char_tile_out_110 = load i10 %p_ZZ10conv_layerPaS_iiiiS_S_E8tile_out_23_addr" [cnn_accel.cpp:116]   --->   Operation 277 'load' 'conv_layer_signed_char_signed_char_int_int_int_int_signed_char_signed_char_tile_out_110' <Predicate = (!icmp_ln105 & and_ln112)> <Delay = 3.25> <CoreInst = "RAM_T2P_BRAM">   --->   Core 93 'RAM_T2P_BRAM' <Latency = 1> <II = 1> <Delay = 3.25> <Storage> <Opcode : 'load' 'store'> <Ports = 2> <Width = 7> <Depth = 1024> <RAM>
ST_2 : Operation 278 [2/2] (3.25ns)   --->   "%conv_layer_signed_char_signed_char_int_int_int_int_signed_char_signed_char_tile_out_111 = load i10 %p_ZZ10conv_layerPaS_iiiiS_S_E8tile_out_24_addr" [cnn_accel.cpp:116]   --->   Operation 278 'load' 'conv_layer_signed_char_signed_char_int_int_int_int_signed_char_signed_char_tile_out_111' <Predicate = (!icmp_ln105 & and_ln112)> <Delay = 3.25> <CoreInst = "RAM_T2P_BRAM">   --->   Core 93 'RAM_T2P_BRAM' <Latency = 1> <II = 1> <Delay = 3.25> <Storage> <Opcode : 'load' 'store'> <Ports = 2> <Width = 7> <Depth = 1024> <RAM>
ST_2 : Operation 279 [2/2] (3.25ns)   --->   "%conv_layer_signed_char_signed_char_int_int_int_int_signed_char_signed_char_tile_out_112 = load i10 %conv_layer_signed_char_signed_char_int_int_int_int_signed_char_signed_char_tile_out_98" [cnn_accel.cpp:116]   --->   Operation 279 'load' 'conv_layer_signed_char_signed_char_int_int_int_int_signed_char_signed_char_tile_out_112' <Predicate = (!icmp_ln105 & and_ln112)> <Delay = 3.25> <CoreInst = "RAM_T2P_BRAM">   --->   Core 93 'RAM_T2P_BRAM' <Latency = 1> <II = 1> <Delay = 3.25> <Storage> <Opcode : 'load' 'store'> <Ports = 2> <Width = 7> <Depth = 1024> <RAM>
ST_2 : Operation 280 [2/2] (3.25ns)   --->   "%p_ZZ10conv_layerPaS_iiiiS_S_E8tile_out_26_load = load i10 %p_ZZ10conv_layerPaS_iiiiS_S_E8tile_out_26_addr" [cnn_accel.cpp:116]   --->   Operation 280 'load' 'p_ZZ10conv_layerPaS_iiiiS_S_E8tile_out_26_load' <Predicate = (!icmp_ln105 & and_ln112)> <Delay = 3.25> <CoreInst = "RAM_T2P_BRAM">   --->   Core 93 'RAM_T2P_BRAM' <Latency = 1> <II = 1> <Delay = 3.25> <Storage> <Opcode : 'load' 'store'> <Ports = 2> <Width = 7> <Depth = 1024> <RAM>
ST_2 : Operation 281 [2/2] (3.25ns)   --->   "%p_ZZ10conv_layerPaS_iiiiS_S_E8tile_out_27_load = load i10 %p_ZZ10conv_layerPaS_iiiiS_S_E8tile_out_27_addr" [cnn_accel.cpp:116]   --->   Operation 281 'load' 'p_ZZ10conv_layerPaS_iiiiS_S_E8tile_out_27_load' <Predicate = (!icmp_ln105 & and_ln112)> <Delay = 3.25> <CoreInst = "RAM_T2P_BRAM">   --->   Core 93 'RAM_T2P_BRAM' <Latency = 1> <II = 1> <Delay = 3.25> <Storage> <Opcode : 'load' 'store'> <Ports = 2> <Width = 7> <Depth = 1024> <RAM>
ST_2 : Operation 282 [2/2] (3.25ns)   --->   "%p_ZZ10conv_layerPaS_iiiiS_S_E8tile_out_28_load = load i10 %p_ZZ10conv_layerPaS_iiiiS_S_E8tile_out_28_addr" [cnn_accel.cpp:116]   --->   Operation 282 'load' 'p_ZZ10conv_layerPaS_iiiiS_S_E8tile_out_28_load' <Predicate = (!icmp_ln105 & and_ln112)> <Delay = 3.25> <CoreInst = "RAM_T2P_BRAM">   --->   Core 93 'RAM_T2P_BRAM' <Latency = 1> <II = 1> <Delay = 3.25> <Storage> <Opcode : 'load' 'store'> <Ports = 2> <Width = 7> <Depth = 1024> <RAM>
ST_2 : Operation 283 [2/2] (3.25ns)   --->   "%p_ZZ10conv_layerPaS_iiiiS_S_E8tile_out_29_load = load i10 %p_ZZ10conv_layerPaS_iiiiS_S_E8tile_out_29_addr" [cnn_accel.cpp:116]   --->   Operation 283 'load' 'p_ZZ10conv_layerPaS_iiiiS_S_E8tile_out_29_load' <Predicate = (!icmp_ln105 & and_ln112)> <Delay = 3.25> <CoreInst = "RAM_T2P_BRAM">   --->   Core 93 'RAM_T2P_BRAM' <Latency = 1> <II = 1> <Delay = 3.25> <Storage> <Opcode : 'load' 'store'> <Ports = 2> <Width = 7> <Depth = 1024> <RAM>
ST_2 : Operation 284 [2/2] (3.25ns)   --->   "%p_ZZ10conv_layerPaS_iiiiS_S_E8tile_out_30_load = load i10 %p_ZZ10conv_layerPaS_iiiiS_S_E8tile_out_30_addr" [cnn_accel.cpp:116]   --->   Operation 284 'load' 'p_ZZ10conv_layerPaS_iiiiS_S_E8tile_out_30_load' <Predicate = (!icmp_ln105 & and_ln112)> <Delay = 3.25> <CoreInst = "RAM_T2P_BRAM">   --->   Core 93 'RAM_T2P_BRAM' <Latency = 1> <II = 1> <Delay = 3.25> <Storage> <Opcode : 'load' 'store'> <Ports = 2> <Width = 7> <Depth = 1024> <RAM>
ST_2 : Operation 285 [2/2] (3.25ns)   --->   "%conv_layer_signed_char_signed_char_int_int_int_int_signed_char_signed_char_tile_out_113 = load i10 %p_ZZ10conv_layerPaS_iiiiS_S_E8tile_out_31_addr" [cnn_accel.cpp:116]   --->   Operation 285 'load' 'conv_layer_signed_char_signed_char_int_int_int_int_signed_char_signed_char_tile_out_113' <Predicate = (!icmp_ln105 & and_ln112)> <Delay = 3.25> <CoreInst = "RAM_T2P_BRAM">   --->   Core 93 'RAM_T2P_BRAM' <Latency = 1> <II = 1> <Delay = 3.25> <Storage> <Opcode : 'load' 'store'> <Ports = 2> <Width = 7> <Depth = 1024> <RAM>
ST_2 : Operation 286 [2/2] (3.25ns)   --->   "%conv_layer_signed_char_signed_char_int_int_int_int_signed_char_signed_char_tile_out_114 = load i10 %p_ZZ10conv_layerPaS_iiiiS_S_E8tile_out_32_addr" [cnn_accel.cpp:116]   --->   Operation 286 'load' 'conv_layer_signed_char_signed_char_int_int_int_int_signed_char_signed_char_tile_out_114' <Predicate = (!icmp_ln105 & and_ln112)> <Delay = 3.25> <CoreInst = "RAM_T2P_BRAM">   --->   Core 93 'RAM_T2P_BRAM' <Latency = 1> <II = 1> <Delay = 3.25> <Storage> <Opcode : 'load' 'store'> <Ports = 2> <Width = 7> <Depth = 1024> <RAM>
ST_2 : Operation 287 [2/2] (3.25ns)   --->   "%conv_layer_signed_char_signed_char_int_int_int_int_signed_char_signed_char_tile_out_115 = load i10 %p_ZZ10conv_layerPaS_iiiiS_S_E8tile_out_33_addr" [cnn_accel.cpp:116]   --->   Operation 287 'load' 'conv_layer_signed_char_signed_char_int_int_int_int_signed_char_signed_char_tile_out_115' <Predicate = (!icmp_ln105 & and_ln112)> <Delay = 3.25> <CoreInst = "RAM_T2P_BRAM">   --->   Core 93 'RAM_T2P_BRAM' <Latency = 1> <II = 1> <Delay = 3.25> <Storage> <Opcode : 'load' 'store'> <Ports = 2> <Width = 7> <Depth = 1024> <RAM>
ST_2 : Operation 288 [2/2] (3.25ns)   --->   "%conv_layer_signed_char_signed_char_int_int_int_int_signed_char_signed_char_tile_out_116 = load i10 %p_ZZ10conv_layerPaS_iiiiS_S_E8tile_out_34_addr" [cnn_accel.cpp:116]   --->   Operation 288 'load' 'conv_layer_signed_char_signed_char_int_int_int_int_signed_char_signed_char_tile_out_116' <Predicate = (!icmp_ln105 & and_ln112)> <Delay = 3.25> <CoreInst = "RAM_T2P_BRAM">   --->   Core 93 'RAM_T2P_BRAM' <Latency = 1> <II = 1> <Delay = 3.25> <Storage> <Opcode : 'load' 'store'> <Ports = 2> <Width = 7> <Depth = 1024> <RAM>
ST_2 : Operation 289 [2/2] (3.25ns)   --->   "%conv_layer_signed_char_signed_char_int_int_int_int_signed_char_signed_char_tile_out_117 = load i10 %conv_layer_signed_char_signed_char_int_int_int_int_signed_char_signed_char_tile_out_99" [cnn_accel.cpp:116]   --->   Operation 289 'load' 'conv_layer_signed_char_signed_char_int_int_int_int_signed_char_signed_char_tile_out_117' <Predicate = (!icmp_ln105 & and_ln112)> <Delay = 3.25> <CoreInst = "RAM_T2P_BRAM">   --->   Core 93 'RAM_T2P_BRAM' <Latency = 1> <II = 1> <Delay = 3.25> <Storage> <Opcode : 'load' 'store'> <Ports = 2> <Width = 7> <Depth = 1024> <RAM>
ST_2 : Operation 290 [2/2] (3.25ns)   --->   "%p_ZZ10conv_layerPaS_iiiiS_S_E8tile_out_36_load = load i10 %p_ZZ10conv_layerPaS_iiiiS_S_E8tile_out_36_addr" [cnn_accel.cpp:116]   --->   Operation 290 'load' 'p_ZZ10conv_layerPaS_iiiiS_S_E8tile_out_36_load' <Predicate = (!icmp_ln105 & and_ln112)> <Delay = 3.25> <CoreInst = "RAM_T2P_BRAM">   --->   Core 93 'RAM_T2P_BRAM' <Latency = 1> <II = 1> <Delay = 3.25> <Storage> <Opcode : 'load' 'store'> <Ports = 2> <Width = 7> <Depth = 1024> <RAM>
ST_2 : Operation 291 [2/2] (3.25ns)   --->   "%p_ZZ10conv_layerPaS_iiiiS_S_E8tile_out_37_load = load i10 %p_ZZ10conv_layerPaS_iiiiS_S_E8tile_out_37_addr" [cnn_accel.cpp:116]   --->   Operation 291 'load' 'p_ZZ10conv_layerPaS_iiiiS_S_E8tile_out_37_load' <Predicate = (!icmp_ln105 & and_ln112)> <Delay = 3.25> <CoreInst = "RAM_T2P_BRAM">   --->   Core 93 'RAM_T2P_BRAM' <Latency = 1> <II = 1> <Delay = 3.25> <Storage> <Opcode : 'load' 'store'> <Ports = 2> <Width = 7> <Depth = 1024> <RAM>
ST_2 : Operation 292 [2/2] (3.25ns)   --->   "%p_ZZ10conv_layerPaS_iiiiS_S_E8tile_out_38_load = load i10 %p_ZZ10conv_layerPaS_iiiiS_S_E8tile_out_38_addr" [cnn_accel.cpp:116]   --->   Operation 292 'load' 'p_ZZ10conv_layerPaS_iiiiS_S_E8tile_out_38_load' <Predicate = (!icmp_ln105 & and_ln112)> <Delay = 3.25> <CoreInst = "RAM_T2P_BRAM">   --->   Core 93 'RAM_T2P_BRAM' <Latency = 1> <II = 1> <Delay = 3.25> <Storage> <Opcode : 'load' 'store'> <Ports = 2> <Width = 7> <Depth = 1024> <RAM>
ST_2 : Operation 293 [2/2] (3.25ns)   --->   "%p_ZZ10conv_layerPaS_iiiiS_S_E8tile_out_39_load = load i10 %p_ZZ10conv_layerPaS_iiiiS_S_E8tile_out_39_addr" [cnn_accel.cpp:116]   --->   Operation 293 'load' 'p_ZZ10conv_layerPaS_iiiiS_S_E8tile_out_39_load' <Predicate = (!icmp_ln105 & and_ln112)> <Delay = 3.25> <CoreInst = "RAM_T2P_BRAM">   --->   Core 93 'RAM_T2P_BRAM' <Latency = 1> <II = 1> <Delay = 3.25> <Storage> <Opcode : 'load' 'store'> <Ports = 2> <Width = 7> <Depth = 1024> <RAM>
ST_2 : Operation 294 [2/2] (3.25ns)   --->   "%p_ZZ10conv_layerPaS_iiiiS_S_E8tile_out_40_load = load i10 %p_ZZ10conv_layerPaS_iiiiS_S_E8tile_out_40_addr" [cnn_accel.cpp:116]   --->   Operation 294 'load' 'p_ZZ10conv_layerPaS_iiiiS_S_E8tile_out_40_load' <Predicate = (!icmp_ln105 & and_ln112)> <Delay = 3.25> <CoreInst = "RAM_T2P_BRAM">   --->   Core 93 'RAM_T2P_BRAM' <Latency = 1> <II = 1> <Delay = 3.25> <Storage> <Opcode : 'load' 'store'> <Ports = 2> <Width = 7> <Depth = 1024> <RAM>
ST_2 : Operation 295 [2/2] (3.25ns)   --->   "%conv_layer_signed_char_signed_char_int_int_int_int_signed_char_signed_char_tile_out_118 = load i10 %p_ZZ10conv_layerPaS_iiiiS_S_E8tile_out_41_addr" [cnn_accel.cpp:116]   --->   Operation 295 'load' 'conv_layer_signed_char_signed_char_int_int_int_int_signed_char_signed_char_tile_out_118' <Predicate = (!icmp_ln105 & and_ln112)> <Delay = 3.25> <CoreInst = "RAM_T2P_BRAM">   --->   Core 93 'RAM_T2P_BRAM' <Latency = 1> <II = 1> <Delay = 3.25> <Storage> <Opcode : 'load' 'store'> <Ports = 2> <Width = 7> <Depth = 1024> <RAM>
ST_2 : Operation 296 [2/2] (3.25ns)   --->   "%conv_layer_signed_char_signed_char_int_int_int_int_signed_char_signed_char_tile_out_119 = load i10 %p_ZZ10conv_layerPaS_iiiiS_S_E8tile_out_42_addr" [cnn_accel.cpp:116]   --->   Operation 296 'load' 'conv_layer_signed_char_signed_char_int_int_int_int_signed_char_signed_char_tile_out_119' <Predicate = (!icmp_ln105 & and_ln112)> <Delay = 3.25> <CoreInst = "RAM_T2P_BRAM">   --->   Core 93 'RAM_T2P_BRAM' <Latency = 1> <II = 1> <Delay = 3.25> <Storage> <Opcode : 'load' 'store'> <Ports = 2> <Width = 7> <Depth = 1024> <RAM>
ST_2 : Operation 297 [2/2] (3.25ns)   --->   "%conv_layer_signed_char_signed_char_int_int_int_int_signed_char_signed_char_tile_out_120 = load i10 %p_ZZ10conv_layerPaS_iiiiS_S_E8tile_out_43_addr" [cnn_accel.cpp:116]   --->   Operation 297 'load' 'conv_layer_signed_char_signed_char_int_int_int_int_signed_char_signed_char_tile_out_120' <Predicate = (!icmp_ln105 & and_ln112)> <Delay = 3.25> <CoreInst = "RAM_T2P_BRAM">   --->   Core 93 'RAM_T2P_BRAM' <Latency = 1> <II = 1> <Delay = 3.25> <Storage> <Opcode : 'load' 'store'> <Ports = 2> <Width = 7> <Depth = 1024> <RAM>
ST_2 : Operation 298 [2/2] (3.25ns)   --->   "%conv_layer_signed_char_signed_char_int_int_int_int_signed_char_signed_char_tile_out_121 = load i10 %p_ZZ10conv_layerPaS_iiiiS_S_E8tile_out_44_addr" [cnn_accel.cpp:116]   --->   Operation 298 'load' 'conv_layer_signed_char_signed_char_int_int_int_int_signed_char_signed_char_tile_out_121' <Predicate = (!icmp_ln105 & and_ln112)> <Delay = 3.25> <CoreInst = "RAM_T2P_BRAM">   --->   Core 93 'RAM_T2P_BRAM' <Latency = 1> <II = 1> <Delay = 3.25> <Storage> <Opcode : 'load' 'store'> <Ports = 2> <Width = 7> <Depth = 1024> <RAM>
ST_2 : Operation 299 [2/2] (3.25ns)   --->   "%conv_layer_signed_char_signed_char_int_int_int_int_signed_char_signed_char_tile_out_122 = load i10 %conv_layer_signed_char_signed_char_int_int_int_int_signed_char_signed_char_tile_out_100" [cnn_accel.cpp:116]   --->   Operation 299 'load' 'conv_layer_signed_char_signed_char_int_int_int_int_signed_char_signed_char_tile_out_122' <Predicate = (!icmp_ln105 & and_ln112)> <Delay = 3.25> <CoreInst = "RAM_T2P_BRAM">   --->   Core 93 'RAM_T2P_BRAM' <Latency = 1> <II = 1> <Delay = 3.25> <Storage> <Opcode : 'load' 'store'> <Ports = 2> <Width = 7> <Depth = 1024> <RAM>
ST_2 : Operation 300 [2/2] (3.25ns)   --->   "%p_ZZ10conv_layerPaS_iiiiS_S_E8tile_out_46_load = load i10 %p_ZZ10conv_layerPaS_iiiiS_S_E8tile_out_46_addr" [cnn_accel.cpp:116]   --->   Operation 300 'load' 'p_ZZ10conv_layerPaS_iiiiS_S_E8tile_out_46_load' <Predicate = (!icmp_ln105 & and_ln112)> <Delay = 3.25> <CoreInst = "RAM_T2P_BRAM">   --->   Core 93 'RAM_T2P_BRAM' <Latency = 1> <II = 1> <Delay = 3.25> <Storage> <Opcode : 'load' 'store'> <Ports = 2> <Width = 7> <Depth = 1024> <RAM>
ST_2 : Operation 301 [2/2] (3.25ns)   --->   "%p_ZZ10conv_layerPaS_iiiiS_S_E8tile_out_47_load = load i10 %p_ZZ10conv_layerPaS_iiiiS_S_E8tile_out_47_addr" [cnn_accel.cpp:116]   --->   Operation 301 'load' 'p_ZZ10conv_layerPaS_iiiiS_S_E8tile_out_47_load' <Predicate = (!icmp_ln105 & and_ln112)> <Delay = 3.25> <CoreInst = "RAM_T2P_BRAM">   --->   Core 93 'RAM_T2P_BRAM' <Latency = 1> <II = 1> <Delay = 3.25> <Storage> <Opcode : 'load' 'store'> <Ports = 2> <Width = 7> <Depth = 1024> <RAM>
ST_2 : Operation 302 [2/2] (3.25ns)   --->   "%p_ZZ10conv_layerPaS_iiiiS_S_E8tile_out_48_load = load i10 %p_ZZ10conv_layerPaS_iiiiS_S_E8tile_out_48_addr" [cnn_accel.cpp:116]   --->   Operation 302 'load' 'p_ZZ10conv_layerPaS_iiiiS_S_E8tile_out_48_load' <Predicate = (!icmp_ln105 & and_ln112)> <Delay = 3.25> <CoreInst = "RAM_T2P_BRAM">   --->   Core 93 'RAM_T2P_BRAM' <Latency = 1> <II = 1> <Delay = 3.25> <Storage> <Opcode : 'load' 'store'> <Ports = 2> <Width = 7> <Depth = 1024> <RAM>
ST_2 : Operation 303 [2/2] (3.25ns)   --->   "%p_ZZ10conv_layerPaS_iiiiS_S_E8tile_out_49_load = load i10 %p_ZZ10conv_layerPaS_iiiiS_S_E8tile_out_49_addr" [cnn_accel.cpp:116]   --->   Operation 303 'load' 'p_ZZ10conv_layerPaS_iiiiS_S_E8tile_out_49_load' <Predicate = (!icmp_ln105 & and_ln112)> <Delay = 3.25> <CoreInst = "RAM_T2P_BRAM">   --->   Core 93 'RAM_T2P_BRAM' <Latency = 1> <II = 1> <Delay = 3.25> <Storage> <Opcode : 'load' 'store'> <Ports = 2> <Width = 7> <Depth = 1024> <RAM>
ST_2 : Operation 304 [2/2] (3.25ns)   --->   "%p_ZZ10conv_layerPaS_iiiiS_S_E8tile_out_50_load = load i10 %p_ZZ10conv_layerPaS_iiiiS_S_E8tile_out_50_addr" [cnn_accel.cpp:116]   --->   Operation 304 'load' 'p_ZZ10conv_layerPaS_iiiiS_S_E8tile_out_50_load' <Predicate = (!icmp_ln105 & and_ln112)> <Delay = 3.25> <CoreInst = "RAM_T2P_BRAM">   --->   Core 93 'RAM_T2P_BRAM' <Latency = 1> <II = 1> <Delay = 3.25> <Storage> <Opcode : 'load' 'store'> <Ports = 2> <Width = 7> <Depth = 1024> <RAM>
ST_2 : Operation 305 [2/2] (3.25ns)   --->   "%conv_layer_signed_char_signed_char_int_int_int_int_signed_char_signed_char_tile_out_123 = load i10 %p_ZZ10conv_layerPaS_iiiiS_S_E8tile_out_51_addr" [cnn_accel.cpp:116]   --->   Operation 305 'load' 'conv_layer_signed_char_signed_char_int_int_int_int_signed_char_signed_char_tile_out_123' <Predicate = (!icmp_ln105 & and_ln112)> <Delay = 3.25> <CoreInst = "RAM_T2P_BRAM">   --->   Core 93 'RAM_T2P_BRAM' <Latency = 1> <II = 1> <Delay = 3.25> <Storage> <Opcode : 'load' 'store'> <Ports = 2> <Width = 7> <Depth = 1024> <RAM>
ST_2 : Operation 306 [2/2] (3.25ns)   --->   "%conv_layer_signed_char_signed_char_int_int_int_int_signed_char_signed_char_tile_out_124 = load i10 %p_ZZ10conv_layerPaS_iiiiS_S_E8tile_out_52_addr" [cnn_accel.cpp:116]   --->   Operation 306 'load' 'conv_layer_signed_char_signed_char_int_int_int_int_signed_char_signed_char_tile_out_124' <Predicate = (!icmp_ln105 & and_ln112)> <Delay = 3.25> <CoreInst = "RAM_T2P_BRAM">   --->   Core 93 'RAM_T2P_BRAM' <Latency = 1> <II = 1> <Delay = 3.25> <Storage> <Opcode : 'load' 'store'> <Ports = 2> <Width = 7> <Depth = 1024> <RAM>
ST_2 : Operation 307 [2/2] (3.25ns)   --->   "%conv_layer_signed_char_signed_char_int_int_int_int_signed_char_signed_char_tile_out_125 = load i10 %p_ZZ10conv_layerPaS_iiiiS_S_E8tile_out_53_addr" [cnn_accel.cpp:116]   --->   Operation 307 'load' 'conv_layer_signed_char_signed_char_int_int_int_int_signed_char_signed_char_tile_out_125' <Predicate = (!icmp_ln105 & and_ln112)> <Delay = 3.25> <CoreInst = "RAM_T2P_BRAM">   --->   Core 93 'RAM_T2P_BRAM' <Latency = 1> <II = 1> <Delay = 3.25> <Storage> <Opcode : 'load' 'store'> <Ports = 2> <Width = 7> <Depth = 1024> <RAM>
ST_2 : Operation 308 [2/2] (3.25ns)   --->   "%conv_layer_signed_char_signed_char_int_int_int_int_signed_char_signed_char_tile_out_126 = load i10 %p_ZZ10conv_layerPaS_iiiiS_S_E8tile_out_54_addr" [cnn_accel.cpp:116]   --->   Operation 308 'load' 'conv_layer_signed_char_signed_char_int_int_int_int_signed_char_signed_char_tile_out_126' <Predicate = (!icmp_ln105 & and_ln112)> <Delay = 3.25> <CoreInst = "RAM_T2P_BRAM">   --->   Core 93 'RAM_T2P_BRAM' <Latency = 1> <II = 1> <Delay = 3.25> <Storage> <Opcode : 'load' 'store'> <Ports = 2> <Width = 7> <Depth = 1024> <RAM>
ST_2 : Operation 309 [2/2] (3.25ns)   --->   "%conv_layer_signed_char_signed_char_int_int_int_int_signed_char_signed_char_tile_out_127 = load i10 %conv_layer_signed_char_signed_char_int_int_int_int_signed_char_signed_char_tile_out_101" [cnn_accel.cpp:116]   --->   Operation 309 'load' 'conv_layer_signed_char_signed_char_int_int_int_int_signed_char_signed_char_tile_out_127' <Predicate = (!icmp_ln105 & and_ln112)> <Delay = 3.25> <CoreInst = "RAM_T2P_BRAM">   --->   Core 93 'RAM_T2P_BRAM' <Latency = 1> <II = 1> <Delay = 3.25> <Storage> <Opcode : 'load' 'store'> <Ports = 2> <Width = 7> <Depth = 1024> <RAM>
ST_2 : Operation 310 [2/2] (3.25ns)   --->   "%p_ZZ10conv_layerPaS_iiiiS_S_E8tile_out_56_load = load i10 %p_ZZ10conv_layerPaS_iiiiS_S_E8tile_out_56_addr" [cnn_accel.cpp:116]   --->   Operation 310 'load' 'p_ZZ10conv_layerPaS_iiiiS_S_E8tile_out_56_load' <Predicate = (!icmp_ln105 & and_ln112)> <Delay = 3.25> <CoreInst = "RAM_T2P_BRAM">   --->   Core 93 'RAM_T2P_BRAM' <Latency = 1> <II = 1> <Delay = 3.25> <Storage> <Opcode : 'load' 'store'> <Ports = 2> <Width = 7> <Depth = 1024> <RAM>
ST_2 : Operation 311 [2/2] (3.25ns)   --->   "%p_ZZ10conv_layerPaS_iiiiS_S_E8tile_out_57_load = load i10 %p_ZZ10conv_layerPaS_iiiiS_S_E8tile_out_57_addr" [cnn_accel.cpp:116]   --->   Operation 311 'load' 'p_ZZ10conv_layerPaS_iiiiS_S_E8tile_out_57_load' <Predicate = (!icmp_ln105 & and_ln112)> <Delay = 3.25> <CoreInst = "RAM_T2P_BRAM">   --->   Core 93 'RAM_T2P_BRAM' <Latency = 1> <II = 1> <Delay = 3.25> <Storage> <Opcode : 'load' 'store'> <Ports = 2> <Width = 7> <Depth = 1024> <RAM>
ST_2 : Operation 312 [2/2] (3.25ns)   --->   "%p_ZZ10conv_layerPaS_iiiiS_S_E8tile_out_58_load = load i10 %p_ZZ10conv_layerPaS_iiiiS_S_E8tile_out_58_addr" [cnn_accel.cpp:116]   --->   Operation 312 'load' 'p_ZZ10conv_layerPaS_iiiiS_S_E8tile_out_58_load' <Predicate = (!icmp_ln105 & and_ln112)> <Delay = 3.25> <CoreInst = "RAM_T2P_BRAM">   --->   Core 93 'RAM_T2P_BRAM' <Latency = 1> <II = 1> <Delay = 3.25> <Storage> <Opcode : 'load' 'store'> <Ports = 2> <Width = 7> <Depth = 1024> <RAM>
ST_2 : Operation 313 [2/2] (3.25ns)   --->   "%p_ZZ10conv_layerPaS_iiiiS_S_E8tile_out_59_load = load i10 %p_ZZ10conv_layerPaS_iiiiS_S_E8tile_out_59_addr" [cnn_accel.cpp:116]   --->   Operation 313 'load' 'p_ZZ10conv_layerPaS_iiiiS_S_E8tile_out_59_load' <Predicate = (!icmp_ln105 & and_ln112)> <Delay = 3.25> <CoreInst = "RAM_T2P_BRAM">   --->   Core 93 'RAM_T2P_BRAM' <Latency = 1> <II = 1> <Delay = 3.25> <Storage> <Opcode : 'load' 'store'> <Ports = 2> <Width = 7> <Depth = 1024> <RAM>
ST_2 : Operation 314 [2/2] (3.25ns)   --->   "%p_ZZ10conv_layerPaS_iiiiS_S_E8tile_out_60_load = load i10 %p_ZZ10conv_layerPaS_iiiiS_S_E8tile_out_60_addr" [cnn_accel.cpp:116]   --->   Operation 314 'load' 'p_ZZ10conv_layerPaS_iiiiS_S_E8tile_out_60_load' <Predicate = (!icmp_ln105 & and_ln112)> <Delay = 3.25> <CoreInst = "RAM_T2P_BRAM">   --->   Core 93 'RAM_T2P_BRAM' <Latency = 1> <II = 1> <Delay = 3.25> <Storage> <Opcode : 'load' 'store'> <Ports = 2> <Width = 7> <Depth = 1024> <RAM>
ST_2 : Operation 315 [1/1] (1.94ns)   --->   "%add_ln106 = add i6 %select_ln105, i6 1" [cnn_accel.cpp:106]   --->   Operation 315 'add' 'add_ln106' <Predicate = (!icmp_ln105)> <Delay = 1.94> <CoreInst = "Adder">   --->   Core 1 'Adder' <Latency = 0> <II = 1> <Delay = 1.94> <FuncUnit> <Opcode : 'add' 'sub'> <InPorts = 2> <OutPorts = 1>
ST_2 : Operation 316 [1/1] (1.61ns)   --->   "%store_ln106 = store i6 %add_ln106, i6 %x" [cnn_accel.cpp:106]   --->   Operation 316 'store' 'store_ln106' <Predicate = (!icmp_ln105)> <Delay = 1.61>
ST_2 : Operation 317 [1/1] (0.00ns)   --->   "%br_ln106 = br void %for.body136" [cnn_accel.cpp:106]   --->   Operation 317 'br' 'br_ln106' <Predicate = (!icmp_ln105)> <Delay = 0.00>

State 3 <SV = 2> <Delay = 6.86>
ST_3 : Operation 318 [1/2] (6.86ns)   --->   "%empty = mul i36 %y_1_cast, i36 %H_cast303_cast" [cnn_accel.cpp:105]   --->   Operation 318 'mul' 'empty' <Predicate = (!icmp_ln105)> <Delay = 6.86> <CoreInst = "Multiplier">   --->   Core 3 'Multiplier' <Latency = 1> <II = 1> <Delay = 6.86> <FuncUnit> <Opcode : 'mul'> <InPorts = 2> <OutPorts = 1>
ST_3 : Operation 319 [1/2] ( I:3.25ns O:3.25ns )   --->   "%conv_layer_signed_char_signed_char_int_int_int_int_signed_char_signed_60 = load i10 %conv_layer_signed_char_signed_char_int_int_int_int_signed_char_signed_50" [cnn_accel.cpp:116]   --->   Operation 319 'load' 'conv_layer_signed_char_signed_char_int_int_int_int_signed_char_signed_60' <Predicate = (!icmp_ln105 & and_ln112)> <Delay = 3.25> <CoreInst = "RAM_T2P_BRAM">   --->   Core 93 'RAM_T2P_BRAM' <Latency = 1> <II = 1> <Delay = 3.25> <Storage> <Opcode : 'load' 'store'> <Ports = 2> <Width = 7> <Depth = 1024> <RAM>
ST_3 : Operation 320 [1/2] ( I:3.25ns O:3.25ns )   --->   "%conv_layer_signed_char_signed_char_int_int_int_int_signed_char_signed_61 = load i10 %conv_layer_signed_char_signed_char_int_int_int_int_signed_char_signed_53" [cnn_accel.cpp:116]   --->   Operation 320 'load' 'conv_layer_signed_char_signed_char_int_int_int_int_signed_char_signed_61' <Predicate = (!icmp_ln105 & and_ln112)> <Delay = 3.25> <CoreInst = "RAM_T2P_BRAM">   --->   Core 93 'RAM_T2P_BRAM' <Latency = 1> <II = 1> <Delay = 3.25> <Storage> <Opcode : 'load' 'store'> <Ports = 2> <Width = 7> <Depth = 1024> <RAM>
ST_3 : Operation 321 [1/2] ( I:3.25ns O:3.25ns )   --->   "%conv_layer_signed_char_signed_char_int_int_int_int_signed_char_signed_62 = load i10 %conv_layer_signed_char_signed_char_int_int_int_int_signed_char_signed_54" [cnn_accel.cpp:116]   --->   Operation 321 'load' 'conv_layer_signed_char_signed_char_int_int_int_int_signed_char_signed_62' <Predicate = (!icmp_ln105 & and_ln112)> <Delay = 3.25> <CoreInst = "RAM_T2P_BRAM">   --->   Core 93 'RAM_T2P_BRAM' <Latency = 1> <II = 1> <Delay = 3.25> <Storage> <Opcode : 'load' 'store'> <Ports = 2> <Width = 7> <Depth = 1024> <RAM>
ST_3 : Operation 322 [1/2] ( I:3.25ns O:3.25ns )   --->   "%conv_layer_signed_char_signed_char_int_int_int_int_signed_char_signed_63 = load i10 %conv_layer_signed_char_signed_char_int_int_int_int_signed_char_signed_55" [cnn_accel.cpp:116]   --->   Operation 322 'load' 'conv_layer_signed_char_signed_char_int_int_int_int_signed_char_signed_63' <Predicate = (!icmp_ln105 & and_ln112)> <Delay = 3.25> <CoreInst = "RAM_T2P_BRAM">   --->   Core 93 'RAM_T2P_BRAM' <Latency = 1> <II = 1> <Delay = 3.25> <Storage> <Opcode : 'load' 'store'> <Ports = 2> <Width = 7> <Depth = 1024> <RAM>
ST_3 : Operation 323 [1/2] ( I:3.25ns O:3.25ns )   --->   "%conv_layer_signed_char_signed_char_int_int_int_int_signed_char_signed_64 = load i10 %conv_layer_signed_char_signed_char_int_int_int_int_signed_char_signed_56" [cnn_accel.cpp:116]   --->   Operation 323 'load' 'conv_layer_signed_char_signed_char_int_int_int_int_signed_char_signed_64' <Predicate = (!icmp_ln105 & and_ln112)> <Delay = 3.25> <CoreInst = "RAM_T2P_BRAM">   --->   Core 93 'RAM_T2P_BRAM' <Latency = 1> <II = 1> <Delay = 3.25> <Storage> <Opcode : 'load' 'store'> <Ports = 2> <Width = 7> <Depth = 1024> <RAM>
ST_3 : Operation 324 [1/2] ( I:3.25ns O:3.25ns )   --->   "%conv_layer_signed_char_signed_char_int_int_int_int_signed_char_signed_65 = load i10 %conv_layer_signed_char_signed_char_int_int_int_int_signed_char_signed_57" [cnn_accel.cpp:116]   --->   Operation 324 'load' 'conv_layer_signed_char_signed_char_int_int_int_int_signed_char_signed_65' <Predicate = (!icmp_ln105 & and_ln112)> <Delay = 3.25> <CoreInst = "RAM_T2P_BRAM">   --->   Core 93 'RAM_T2P_BRAM' <Latency = 1> <II = 1> <Delay = 3.25> <Storage> <Opcode : 'load' 'store'> <Ports = 2> <Width = 7> <Depth = 1024> <RAM>
ST_3 : Operation 325 [1/2] ( I:3.25ns O:3.25ns )   --->   "%conv_layer_signed_char_signed_char_int_int_int_int_signed_char_signed_66 = load i10 %conv_layer_signed_char_signed_char_int_int_int_int_signed_char_signed_58" [cnn_accel.cpp:116]   --->   Operation 325 'load' 'conv_layer_signed_char_signed_char_int_int_int_int_signed_char_signed_66' <Predicate = (!icmp_ln105 & and_ln112)> <Delay = 3.25> <CoreInst = "RAM_T2P_BRAM">   --->   Core 93 'RAM_T2P_BRAM' <Latency = 1> <II = 1> <Delay = 3.25> <Storage> <Opcode : 'load' 'store'> <Ports = 2> <Width = 7> <Depth = 1024> <RAM>
ST_3 : Operation 326 [1/2] ( I:3.25ns O:3.25ns )   --->   "%conv_layer_signed_char_signed_char_int_int_int_int_signed_char_signed_67 = load i10 %conv_layer_signed_char_signed_char_int_int_int_int_signed_char_signed_59" [cnn_accel.cpp:116]   --->   Operation 326 'load' 'conv_layer_signed_char_signed_char_int_int_int_int_signed_char_signed_67' <Predicate = (!icmp_ln105 & and_ln112)> <Delay = 3.25> <CoreInst = "RAM_T2P_BRAM">   --->   Core 93 'RAM_T2P_BRAM' <Latency = 1> <II = 1> <Delay = 3.25> <Storage> <Opcode : 'load' 'store'> <Ports = 2> <Width = 7> <Depth = 1024> <RAM>
ST_3 : Operation 327 [1/2] ( I:3.25ns O:3.25ns )   --->   "%conv_layer_signed_char_signed_char_int_int_int_int_signed_char_signed_68 = load i10 %conv_layer_signed_char_signed_char_int_int_int_int_signed_char_signed_51" [cnn_accel.cpp:116]   --->   Operation 327 'load' 'conv_layer_signed_char_signed_char_int_int_int_int_signed_char_signed_68' <Predicate = (!icmp_ln105 & and_ln112)> <Delay = 3.25> <CoreInst = "RAM_T2P_BRAM">   --->   Core 93 'RAM_T2P_BRAM' <Latency = 1> <II = 1> <Delay = 3.25> <Storage> <Opcode : 'load' 'store'> <Ports = 2> <Width = 7> <Depth = 1024> <RAM>
ST_3 : Operation 328 [1/2] ( I:3.25ns O:3.25ns )   --->   "%conv_layer_signed_char_signed_char_int_int_int_int_signed_char_signed_69 = load i10 %conv_layer_signed_char_signed_char_int_int_int_int_signed_char_signed_52" [cnn_accel.cpp:116]   --->   Operation 328 'load' 'conv_layer_signed_char_signed_char_int_int_int_int_signed_char_signed_69' <Predicate = (!icmp_ln105 & and_ln112)> <Delay = 3.25> <CoreInst = "RAM_T2P_BRAM">   --->   Core 93 'RAM_T2P_BRAM' <Latency = 1> <II = 1> <Delay = 3.25> <Storage> <Opcode : 'load' 'store'> <Ports = 2> <Width = 7> <Depth = 1024> <RAM>
ST_3 : Operation 329 [1/2] ( I:3.25ns O:3.25ns )   --->   "%p_ZZ10conv_layerPaS_iiiiS_S_E8tile_out_10_load = load i10 %p_ZZ10conv_layerPaS_iiiiS_S_E8tile_out_10_addr" [cnn_accel.cpp:116]   --->   Operation 329 'load' 'p_ZZ10conv_layerPaS_iiiiS_S_E8tile_out_10_load' <Predicate = (!icmp_ln105 & and_ln112)> <Delay = 3.25> <CoreInst = "RAM_T2P_BRAM">   --->   Core 93 'RAM_T2P_BRAM' <Latency = 1> <II = 1> <Delay = 3.25> <Storage> <Opcode : 'load' 'store'> <Ports = 2> <Width = 7> <Depth = 1024> <RAM>
ST_3 : Operation 330 [1/2] ( I:3.25ns O:3.25ns )   --->   "%conv_layer_signed_char_signed_char_int_int_int_int_signed_char_signed_char_tile_out_103 = load i10 %p_ZZ10conv_layerPaS_iiiiS_S_E8tile_out_11_addr" [cnn_accel.cpp:116]   --->   Operation 330 'load' 'conv_layer_signed_char_signed_char_int_int_int_int_signed_char_signed_char_tile_out_103' <Predicate = (!icmp_ln105 & and_ln112)> <Delay = 3.25> <CoreInst = "RAM_T2P_BRAM">   --->   Core 93 'RAM_T2P_BRAM' <Latency = 1> <II = 1> <Delay = 3.25> <Storage> <Opcode : 'load' 'store'> <Ports = 2> <Width = 7> <Depth = 1024> <RAM>
ST_3 : Operation 331 [1/2] ( I:3.25ns O:3.25ns )   --->   "%conv_layer_signed_char_signed_char_int_int_int_int_signed_char_signed_char_tile_out_104 = load i10 %p_ZZ10conv_layerPaS_iiiiS_S_E8tile_out_12_addr" [cnn_accel.cpp:116]   --->   Operation 331 'load' 'conv_layer_signed_char_signed_char_int_int_int_int_signed_char_signed_char_tile_out_104' <Predicate = (!icmp_ln105 & and_ln112)> <Delay = 3.25> <CoreInst = "RAM_T2P_BRAM">   --->   Core 93 'RAM_T2P_BRAM' <Latency = 1> <II = 1> <Delay = 3.25> <Storage> <Opcode : 'load' 'store'> <Ports = 2> <Width = 7> <Depth = 1024> <RAM>
ST_3 : Operation 332 [1/2] ( I:3.25ns O:3.25ns )   --->   "%conv_layer_signed_char_signed_char_int_int_int_int_signed_char_signed_char_tile_out_105 = load i10 %p_ZZ10conv_layerPaS_iiiiS_S_E8tile_out_13_addr" [cnn_accel.cpp:116]   --->   Operation 332 'load' 'conv_layer_signed_char_signed_char_int_int_int_int_signed_char_signed_char_tile_out_105' <Predicate = (!icmp_ln105 & and_ln112)> <Delay = 3.25> <CoreInst = "RAM_T2P_BRAM">   --->   Core 93 'RAM_T2P_BRAM' <Latency = 1> <II = 1> <Delay = 3.25> <Storage> <Opcode : 'load' 'store'> <Ports = 2> <Width = 7> <Depth = 1024> <RAM>
ST_3 : Operation 333 [1/2] ( I:3.25ns O:3.25ns )   --->   "%conv_layer_signed_char_signed_char_int_int_int_int_signed_char_signed_char_tile_out_106 = load i10 %p_ZZ10conv_layerPaS_iiiiS_S_E8tile_out_14_addr" [cnn_accel.cpp:116]   --->   Operation 333 'load' 'conv_layer_signed_char_signed_char_int_int_int_int_signed_char_signed_char_tile_out_106' <Predicate = (!icmp_ln105 & and_ln112)> <Delay = 3.25> <CoreInst = "RAM_T2P_BRAM">   --->   Core 93 'RAM_T2P_BRAM' <Latency = 1> <II = 1> <Delay = 3.25> <Storage> <Opcode : 'load' 'store'> <Ports = 2> <Width = 7> <Depth = 1024> <RAM>
ST_3 : Operation 334 [1/2] ( I:3.25ns O:3.25ns )   --->   "%conv_layer_signed_char_signed_char_int_int_int_int_signed_char_signed_char_tile_out_107 = load i10 %conv_layer_signed_char_signed_char_int_int_int_int_signed_char_signed_char_tile_out" [cnn_accel.cpp:116]   --->   Operation 334 'load' 'conv_layer_signed_char_signed_char_int_int_int_int_signed_char_signed_char_tile_out_107' <Predicate = (!icmp_ln105 & and_ln112)> <Delay = 3.25> <CoreInst = "RAM_T2P_BRAM">   --->   Core 93 'RAM_T2P_BRAM' <Latency = 1> <II = 1> <Delay = 3.25> <Storage> <Opcode : 'load' 'store'> <Ports = 2> <Width = 7> <Depth = 1024> <RAM>
ST_3 : Operation 335 [1/2] ( I:3.25ns O:3.25ns )   --->   "%p_ZZ10conv_layerPaS_iiiiS_S_E8tile_out_16_load = load i10 %p_ZZ10conv_layerPaS_iiiiS_S_E8tile_out_16_addr" [cnn_accel.cpp:116]   --->   Operation 335 'load' 'p_ZZ10conv_layerPaS_iiiiS_S_E8tile_out_16_load' <Predicate = (!icmp_ln105 & and_ln112)> <Delay = 3.25> <CoreInst = "RAM_T2P_BRAM">   --->   Core 93 'RAM_T2P_BRAM' <Latency = 1> <II = 1> <Delay = 3.25> <Storage> <Opcode : 'load' 'store'> <Ports = 2> <Width = 7> <Depth = 1024> <RAM>
ST_3 : Operation 336 [1/2] ( I:3.25ns O:3.25ns )   --->   "%p_ZZ10conv_layerPaS_iiiiS_S_E8tile_out_17_load = load i10 %p_ZZ10conv_layerPaS_iiiiS_S_E8tile_out_17_addr" [cnn_accel.cpp:116]   --->   Operation 336 'load' 'p_ZZ10conv_layerPaS_iiiiS_S_E8tile_out_17_load' <Predicate = (!icmp_ln105 & and_ln112)> <Delay = 3.25> <CoreInst = "RAM_T2P_BRAM">   --->   Core 93 'RAM_T2P_BRAM' <Latency = 1> <II = 1> <Delay = 3.25> <Storage> <Opcode : 'load' 'store'> <Ports = 2> <Width = 7> <Depth = 1024> <RAM>
ST_3 : Operation 337 [1/2] ( I:3.25ns O:3.25ns )   --->   "%p_ZZ10conv_layerPaS_iiiiS_S_E8tile_out_18_load = load i10 %p_ZZ10conv_layerPaS_iiiiS_S_E8tile_out_18_addr" [cnn_accel.cpp:116]   --->   Operation 337 'load' 'p_ZZ10conv_layerPaS_iiiiS_S_E8tile_out_18_load' <Predicate = (!icmp_ln105 & and_ln112)> <Delay = 3.25> <CoreInst = "RAM_T2P_BRAM">   --->   Core 93 'RAM_T2P_BRAM' <Latency = 1> <II = 1> <Delay = 3.25> <Storage> <Opcode : 'load' 'store'> <Ports = 2> <Width = 7> <Depth = 1024> <RAM>
ST_3 : Operation 338 [1/2] ( I:3.25ns O:3.25ns )   --->   "%p_ZZ10conv_layerPaS_iiiiS_S_E8tile_out_19_load = load i10 %p_ZZ10conv_layerPaS_iiiiS_S_E8tile_out_19_addr" [cnn_accel.cpp:116]   --->   Operation 338 'load' 'p_ZZ10conv_layerPaS_iiiiS_S_E8tile_out_19_load' <Predicate = (!icmp_ln105 & and_ln112)> <Delay = 3.25> <CoreInst = "RAM_T2P_BRAM">   --->   Core 93 'RAM_T2P_BRAM' <Latency = 1> <II = 1> <Delay = 3.25> <Storage> <Opcode : 'load' 'store'> <Ports = 2> <Width = 7> <Depth = 1024> <RAM>
ST_3 : Operation 339 [1/2] ( I:3.25ns O:3.25ns )   --->   "%p_ZZ10conv_layerPaS_iiiiS_S_E8tile_out_20_load = load i10 %p_ZZ10conv_layerPaS_iiiiS_S_E8tile_out_20_addr" [cnn_accel.cpp:116]   --->   Operation 339 'load' 'p_ZZ10conv_layerPaS_iiiiS_S_E8tile_out_20_load' <Predicate = (!icmp_ln105 & and_ln112)> <Delay = 3.25> <CoreInst = "RAM_T2P_BRAM">   --->   Core 93 'RAM_T2P_BRAM' <Latency = 1> <II = 1> <Delay = 3.25> <Storage> <Opcode : 'load' 'store'> <Ports = 2> <Width = 7> <Depth = 1024> <RAM>
ST_3 : Operation 340 [1/2] ( I:3.25ns O:3.25ns )   --->   "%conv_layer_signed_char_signed_char_int_int_int_int_signed_char_signed_char_tile_out_108 = load i10 %p_ZZ10conv_layerPaS_iiiiS_S_E8tile_out_21_addr" [cnn_accel.cpp:116]   --->   Operation 340 'load' 'conv_layer_signed_char_signed_char_int_int_int_int_signed_char_signed_char_tile_out_108' <Predicate = (!icmp_ln105 & and_ln112)> <Delay = 3.25> <CoreInst = "RAM_T2P_BRAM">   --->   Core 93 'RAM_T2P_BRAM' <Latency = 1> <II = 1> <Delay = 3.25> <Storage> <Opcode : 'load' 'store'> <Ports = 2> <Width = 7> <Depth = 1024> <RAM>
ST_3 : Operation 341 [1/2] ( I:3.25ns O:3.25ns )   --->   "%conv_layer_signed_char_signed_char_int_int_int_int_signed_char_signed_char_tile_out_109 = load i10 %p_ZZ10conv_layerPaS_iiiiS_S_E8tile_out_22_addr" [cnn_accel.cpp:116]   --->   Operation 341 'load' 'conv_layer_signed_char_signed_char_int_int_int_int_signed_char_signed_char_tile_out_109' <Predicate = (!icmp_ln105 & and_ln112)> <Delay = 3.25> <CoreInst = "RAM_T2P_BRAM">   --->   Core 93 'RAM_T2P_BRAM' <Latency = 1> <II = 1> <Delay = 3.25> <Storage> <Opcode : 'load' 'store'> <Ports = 2> <Width = 7> <Depth = 1024> <RAM>
ST_3 : Operation 342 [1/2] ( I:3.25ns O:3.25ns )   --->   "%conv_layer_signed_char_signed_char_int_int_int_int_signed_char_signed_char_tile_out_110 = load i10 %p_ZZ10conv_layerPaS_iiiiS_S_E8tile_out_23_addr" [cnn_accel.cpp:116]   --->   Operation 342 'load' 'conv_layer_signed_char_signed_char_int_int_int_int_signed_char_signed_char_tile_out_110' <Predicate = (!icmp_ln105 & and_ln112)> <Delay = 3.25> <CoreInst = "RAM_T2P_BRAM">   --->   Core 93 'RAM_T2P_BRAM' <Latency = 1> <II = 1> <Delay = 3.25> <Storage> <Opcode : 'load' 'store'> <Ports = 2> <Width = 7> <Depth = 1024> <RAM>
ST_3 : Operation 343 [1/2] ( I:3.25ns O:3.25ns )   --->   "%conv_layer_signed_char_signed_char_int_int_int_int_signed_char_signed_char_tile_out_111 = load i10 %p_ZZ10conv_layerPaS_iiiiS_S_E8tile_out_24_addr" [cnn_accel.cpp:116]   --->   Operation 343 'load' 'conv_layer_signed_char_signed_char_int_int_int_int_signed_char_signed_char_tile_out_111' <Predicate = (!icmp_ln105 & and_ln112)> <Delay = 3.25> <CoreInst = "RAM_T2P_BRAM">   --->   Core 93 'RAM_T2P_BRAM' <Latency = 1> <II = 1> <Delay = 3.25> <Storage> <Opcode : 'load' 'store'> <Ports = 2> <Width = 7> <Depth = 1024> <RAM>
ST_3 : Operation 344 [1/2] ( I:3.25ns O:3.25ns )   --->   "%conv_layer_signed_char_signed_char_int_int_int_int_signed_char_signed_char_tile_out_112 = load i10 %conv_layer_signed_char_signed_char_int_int_int_int_signed_char_signed_char_tile_out_98" [cnn_accel.cpp:116]   --->   Operation 344 'load' 'conv_layer_signed_char_signed_char_int_int_int_int_signed_char_signed_char_tile_out_112' <Predicate = (!icmp_ln105 & and_ln112)> <Delay = 3.25> <CoreInst = "RAM_T2P_BRAM">   --->   Core 93 'RAM_T2P_BRAM' <Latency = 1> <II = 1> <Delay = 3.25> <Storage> <Opcode : 'load' 'store'> <Ports = 2> <Width = 7> <Depth = 1024> <RAM>
ST_3 : Operation 345 [1/2] ( I:3.25ns O:3.25ns )   --->   "%p_ZZ10conv_layerPaS_iiiiS_S_E8tile_out_26_load = load i10 %p_ZZ10conv_layerPaS_iiiiS_S_E8tile_out_26_addr" [cnn_accel.cpp:116]   --->   Operation 345 'load' 'p_ZZ10conv_layerPaS_iiiiS_S_E8tile_out_26_load' <Predicate = (!icmp_ln105 & and_ln112)> <Delay = 3.25> <CoreInst = "RAM_T2P_BRAM">   --->   Core 93 'RAM_T2P_BRAM' <Latency = 1> <II = 1> <Delay = 3.25> <Storage> <Opcode : 'load' 'store'> <Ports = 2> <Width = 7> <Depth = 1024> <RAM>
ST_3 : Operation 346 [1/2] ( I:3.25ns O:3.25ns )   --->   "%p_ZZ10conv_layerPaS_iiiiS_S_E8tile_out_27_load = load i10 %p_ZZ10conv_layerPaS_iiiiS_S_E8tile_out_27_addr" [cnn_accel.cpp:116]   --->   Operation 346 'load' 'p_ZZ10conv_layerPaS_iiiiS_S_E8tile_out_27_load' <Predicate = (!icmp_ln105 & and_ln112)> <Delay = 3.25> <CoreInst = "RAM_T2P_BRAM">   --->   Core 93 'RAM_T2P_BRAM' <Latency = 1> <II = 1> <Delay = 3.25> <Storage> <Opcode : 'load' 'store'> <Ports = 2> <Width = 7> <Depth = 1024> <RAM>
ST_3 : Operation 347 [1/2] ( I:3.25ns O:3.25ns )   --->   "%p_ZZ10conv_layerPaS_iiiiS_S_E8tile_out_28_load = load i10 %p_ZZ10conv_layerPaS_iiiiS_S_E8tile_out_28_addr" [cnn_accel.cpp:116]   --->   Operation 347 'load' 'p_ZZ10conv_layerPaS_iiiiS_S_E8tile_out_28_load' <Predicate = (!icmp_ln105 & and_ln112)> <Delay = 3.25> <CoreInst = "RAM_T2P_BRAM">   --->   Core 93 'RAM_T2P_BRAM' <Latency = 1> <II = 1> <Delay = 3.25> <Storage> <Opcode : 'load' 'store'> <Ports = 2> <Width = 7> <Depth = 1024> <RAM>
ST_3 : Operation 348 [1/2] ( I:3.25ns O:3.25ns )   --->   "%p_ZZ10conv_layerPaS_iiiiS_S_E8tile_out_29_load = load i10 %p_ZZ10conv_layerPaS_iiiiS_S_E8tile_out_29_addr" [cnn_accel.cpp:116]   --->   Operation 348 'load' 'p_ZZ10conv_layerPaS_iiiiS_S_E8tile_out_29_load' <Predicate = (!icmp_ln105 & and_ln112)> <Delay = 3.25> <CoreInst = "RAM_T2P_BRAM">   --->   Core 93 'RAM_T2P_BRAM' <Latency = 1> <II = 1> <Delay = 3.25> <Storage> <Opcode : 'load' 'store'> <Ports = 2> <Width = 7> <Depth = 1024> <RAM>
ST_3 : Operation 349 [1/2] ( I:3.25ns O:3.25ns )   --->   "%p_ZZ10conv_layerPaS_iiiiS_S_E8tile_out_30_load = load i10 %p_ZZ10conv_layerPaS_iiiiS_S_E8tile_out_30_addr" [cnn_accel.cpp:116]   --->   Operation 349 'load' 'p_ZZ10conv_layerPaS_iiiiS_S_E8tile_out_30_load' <Predicate = (!icmp_ln105 & and_ln112)> <Delay = 3.25> <CoreInst = "RAM_T2P_BRAM">   --->   Core 93 'RAM_T2P_BRAM' <Latency = 1> <II = 1> <Delay = 3.25> <Storage> <Opcode : 'load' 'store'> <Ports = 2> <Width = 7> <Depth = 1024> <RAM>
ST_3 : Operation 350 [1/2] ( I:3.25ns O:3.25ns )   --->   "%conv_layer_signed_char_signed_char_int_int_int_int_signed_char_signed_char_tile_out_113 = load i10 %p_ZZ10conv_layerPaS_iiiiS_S_E8tile_out_31_addr" [cnn_accel.cpp:116]   --->   Operation 350 'load' 'conv_layer_signed_char_signed_char_int_int_int_int_signed_char_signed_char_tile_out_113' <Predicate = (!icmp_ln105 & and_ln112)> <Delay = 3.25> <CoreInst = "RAM_T2P_BRAM">   --->   Core 93 'RAM_T2P_BRAM' <Latency = 1> <II = 1> <Delay = 3.25> <Storage> <Opcode : 'load' 'store'> <Ports = 2> <Width = 7> <Depth = 1024> <RAM>
ST_3 : Operation 351 [1/2] ( I:3.25ns O:3.25ns )   --->   "%conv_layer_signed_char_signed_char_int_int_int_int_signed_char_signed_char_tile_out_114 = load i10 %p_ZZ10conv_layerPaS_iiiiS_S_E8tile_out_32_addr" [cnn_accel.cpp:116]   --->   Operation 351 'load' 'conv_layer_signed_char_signed_char_int_int_int_int_signed_char_signed_char_tile_out_114' <Predicate = (!icmp_ln105 & and_ln112)> <Delay = 3.25> <CoreInst = "RAM_T2P_BRAM">   --->   Core 93 'RAM_T2P_BRAM' <Latency = 1> <II = 1> <Delay = 3.25> <Storage> <Opcode : 'load' 'store'> <Ports = 2> <Width = 7> <Depth = 1024> <RAM>
ST_3 : Operation 352 [1/2] ( I:3.25ns O:3.25ns )   --->   "%conv_layer_signed_char_signed_char_int_int_int_int_signed_char_signed_char_tile_out_115 = load i10 %p_ZZ10conv_layerPaS_iiiiS_S_E8tile_out_33_addr" [cnn_accel.cpp:116]   --->   Operation 352 'load' 'conv_layer_signed_char_signed_char_int_int_int_int_signed_char_signed_char_tile_out_115' <Predicate = (!icmp_ln105 & and_ln112)> <Delay = 3.25> <CoreInst = "RAM_T2P_BRAM">   --->   Core 93 'RAM_T2P_BRAM' <Latency = 1> <II = 1> <Delay = 3.25> <Storage> <Opcode : 'load' 'store'> <Ports = 2> <Width = 7> <Depth = 1024> <RAM>
ST_3 : Operation 353 [1/2] ( I:3.25ns O:3.25ns )   --->   "%conv_layer_signed_char_signed_char_int_int_int_int_signed_char_signed_char_tile_out_116 = load i10 %p_ZZ10conv_layerPaS_iiiiS_S_E8tile_out_34_addr" [cnn_accel.cpp:116]   --->   Operation 353 'load' 'conv_layer_signed_char_signed_char_int_int_int_int_signed_char_signed_char_tile_out_116' <Predicate = (!icmp_ln105 & and_ln112)> <Delay = 3.25> <CoreInst = "RAM_T2P_BRAM">   --->   Core 93 'RAM_T2P_BRAM' <Latency = 1> <II = 1> <Delay = 3.25> <Storage> <Opcode : 'load' 'store'> <Ports = 2> <Width = 7> <Depth = 1024> <RAM>
ST_3 : Operation 354 [1/2] ( I:3.25ns O:3.25ns )   --->   "%conv_layer_signed_char_signed_char_int_int_int_int_signed_char_signed_char_tile_out_117 = load i10 %conv_layer_signed_char_signed_char_int_int_int_int_signed_char_signed_char_tile_out_99" [cnn_accel.cpp:116]   --->   Operation 354 'load' 'conv_layer_signed_char_signed_char_int_int_int_int_signed_char_signed_char_tile_out_117' <Predicate = (!icmp_ln105 & and_ln112)> <Delay = 3.25> <CoreInst = "RAM_T2P_BRAM">   --->   Core 93 'RAM_T2P_BRAM' <Latency = 1> <II = 1> <Delay = 3.25> <Storage> <Opcode : 'load' 'store'> <Ports = 2> <Width = 7> <Depth = 1024> <RAM>
ST_3 : Operation 355 [1/2] ( I:3.25ns O:3.25ns )   --->   "%p_ZZ10conv_layerPaS_iiiiS_S_E8tile_out_36_load = load i10 %p_ZZ10conv_layerPaS_iiiiS_S_E8tile_out_36_addr" [cnn_accel.cpp:116]   --->   Operation 355 'load' 'p_ZZ10conv_layerPaS_iiiiS_S_E8tile_out_36_load' <Predicate = (!icmp_ln105 & and_ln112)> <Delay = 3.25> <CoreInst = "RAM_T2P_BRAM">   --->   Core 93 'RAM_T2P_BRAM' <Latency = 1> <II = 1> <Delay = 3.25> <Storage> <Opcode : 'load' 'store'> <Ports = 2> <Width = 7> <Depth = 1024> <RAM>
ST_3 : Operation 356 [1/2] ( I:3.25ns O:3.25ns )   --->   "%p_ZZ10conv_layerPaS_iiiiS_S_E8tile_out_37_load = load i10 %p_ZZ10conv_layerPaS_iiiiS_S_E8tile_out_37_addr" [cnn_accel.cpp:116]   --->   Operation 356 'load' 'p_ZZ10conv_layerPaS_iiiiS_S_E8tile_out_37_load' <Predicate = (!icmp_ln105 & and_ln112)> <Delay = 3.25> <CoreInst = "RAM_T2P_BRAM">   --->   Core 93 'RAM_T2P_BRAM' <Latency = 1> <II = 1> <Delay = 3.25> <Storage> <Opcode : 'load' 'store'> <Ports = 2> <Width = 7> <Depth = 1024> <RAM>
ST_3 : Operation 357 [1/2] ( I:3.25ns O:3.25ns )   --->   "%p_ZZ10conv_layerPaS_iiiiS_S_E8tile_out_38_load = load i10 %p_ZZ10conv_layerPaS_iiiiS_S_E8tile_out_38_addr" [cnn_accel.cpp:116]   --->   Operation 357 'load' 'p_ZZ10conv_layerPaS_iiiiS_S_E8tile_out_38_load' <Predicate = (!icmp_ln105 & and_ln112)> <Delay = 3.25> <CoreInst = "RAM_T2P_BRAM">   --->   Core 93 'RAM_T2P_BRAM' <Latency = 1> <II = 1> <Delay = 3.25> <Storage> <Opcode : 'load' 'store'> <Ports = 2> <Width = 7> <Depth = 1024> <RAM>
ST_3 : Operation 358 [1/2] ( I:3.25ns O:3.25ns )   --->   "%p_ZZ10conv_layerPaS_iiiiS_S_E8tile_out_39_load = load i10 %p_ZZ10conv_layerPaS_iiiiS_S_E8tile_out_39_addr" [cnn_accel.cpp:116]   --->   Operation 358 'load' 'p_ZZ10conv_layerPaS_iiiiS_S_E8tile_out_39_load' <Predicate = (!icmp_ln105 & and_ln112)> <Delay = 3.25> <CoreInst = "RAM_T2P_BRAM">   --->   Core 93 'RAM_T2P_BRAM' <Latency = 1> <II = 1> <Delay = 3.25> <Storage> <Opcode : 'load' 'store'> <Ports = 2> <Width = 7> <Depth = 1024> <RAM>
ST_3 : Operation 359 [1/2] ( I:3.25ns O:3.25ns )   --->   "%p_ZZ10conv_layerPaS_iiiiS_S_E8tile_out_40_load = load i10 %p_ZZ10conv_layerPaS_iiiiS_S_E8tile_out_40_addr" [cnn_accel.cpp:116]   --->   Operation 359 'load' 'p_ZZ10conv_layerPaS_iiiiS_S_E8tile_out_40_load' <Predicate = (!icmp_ln105 & and_ln112)> <Delay = 3.25> <CoreInst = "RAM_T2P_BRAM">   --->   Core 93 'RAM_T2P_BRAM' <Latency = 1> <II = 1> <Delay = 3.25> <Storage> <Opcode : 'load' 'store'> <Ports = 2> <Width = 7> <Depth = 1024> <RAM>
ST_3 : Operation 360 [1/2] ( I:3.25ns O:3.25ns )   --->   "%conv_layer_signed_char_signed_char_int_int_int_int_signed_char_signed_char_tile_out_118 = load i10 %p_ZZ10conv_layerPaS_iiiiS_S_E8tile_out_41_addr" [cnn_accel.cpp:116]   --->   Operation 360 'load' 'conv_layer_signed_char_signed_char_int_int_int_int_signed_char_signed_char_tile_out_118' <Predicate = (!icmp_ln105 & and_ln112)> <Delay = 3.25> <CoreInst = "RAM_T2P_BRAM">   --->   Core 93 'RAM_T2P_BRAM' <Latency = 1> <II = 1> <Delay = 3.25> <Storage> <Opcode : 'load' 'store'> <Ports = 2> <Width = 7> <Depth = 1024> <RAM>
ST_3 : Operation 361 [1/2] ( I:3.25ns O:3.25ns )   --->   "%conv_layer_signed_char_signed_char_int_int_int_int_signed_char_signed_char_tile_out_119 = load i10 %p_ZZ10conv_layerPaS_iiiiS_S_E8tile_out_42_addr" [cnn_accel.cpp:116]   --->   Operation 361 'load' 'conv_layer_signed_char_signed_char_int_int_int_int_signed_char_signed_char_tile_out_119' <Predicate = (!icmp_ln105 & and_ln112)> <Delay = 3.25> <CoreInst = "RAM_T2P_BRAM">   --->   Core 93 'RAM_T2P_BRAM' <Latency = 1> <II = 1> <Delay = 3.25> <Storage> <Opcode : 'load' 'store'> <Ports = 2> <Width = 7> <Depth = 1024> <RAM>
ST_3 : Operation 362 [1/2] ( I:3.25ns O:3.25ns )   --->   "%conv_layer_signed_char_signed_char_int_int_int_int_signed_char_signed_char_tile_out_120 = load i10 %p_ZZ10conv_layerPaS_iiiiS_S_E8tile_out_43_addr" [cnn_accel.cpp:116]   --->   Operation 362 'load' 'conv_layer_signed_char_signed_char_int_int_int_int_signed_char_signed_char_tile_out_120' <Predicate = (!icmp_ln105 & and_ln112)> <Delay = 3.25> <CoreInst = "RAM_T2P_BRAM">   --->   Core 93 'RAM_T2P_BRAM' <Latency = 1> <II = 1> <Delay = 3.25> <Storage> <Opcode : 'load' 'store'> <Ports = 2> <Width = 7> <Depth = 1024> <RAM>
ST_3 : Operation 363 [1/2] ( I:3.25ns O:3.25ns )   --->   "%conv_layer_signed_char_signed_char_int_int_int_int_signed_char_signed_char_tile_out_121 = load i10 %p_ZZ10conv_layerPaS_iiiiS_S_E8tile_out_44_addr" [cnn_accel.cpp:116]   --->   Operation 363 'load' 'conv_layer_signed_char_signed_char_int_int_int_int_signed_char_signed_char_tile_out_121' <Predicate = (!icmp_ln105 & and_ln112)> <Delay = 3.25> <CoreInst = "RAM_T2P_BRAM">   --->   Core 93 'RAM_T2P_BRAM' <Latency = 1> <II = 1> <Delay = 3.25> <Storage> <Opcode : 'load' 'store'> <Ports = 2> <Width = 7> <Depth = 1024> <RAM>
ST_3 : Operation 364 [1/2] ( I:3.25ns O:3.25ns )   --->   "%conv_layer_signed_char_signed_char_int_int_int_int_signed_char_signed_char_tile_out_122 = load i10 %conv_layer_signed_char_signed_char_int_int_int_int_signed_char_signed_char_tile_out_100" [cnn_accel.cpp:116]   --->   Operation 364 'load' 'conv_layer_signed_char_signed_char_int_int_int_int_signed_char_signed_char_tile_out_122' <Predicate = (!icmp_ln105 & and_ln112)> <Delay = 3.25> <CoreInst = "RAM_T2P_BRAM">   --->   Core 93 'RAM_T2P_BRAM' <Latency = 1> <II = 1> <Delay = 3.25> <Storage> <Opcode : 'load' 'store'> <Ports = 2> <Width = 7> <Depth = 1024> <RAM>
ST_3 : Operation 365 [1/2] ( I:3.25ns O:3.25ns )   --->   "%p_ZZ10conv_layerPaS_iiiiS_S_E8tile_out_46_load = load i10 %p_ZZ10conv_layerPaS_iiiiS_S_E8tile_out_46_addr" [cnn_accel.cpp:116]   --->   Operation 365 'load' 'p_ZZ10conv_layerPaS_iiiiS_S_E8tile_out_46_load' <Predicate = (!icmp_ln105 & and_ln112)> <Delay = 3.25> <CoreInst = "RAM_T2P_BRAM">   --->   Core 93 'RAM_T2P_BRAM' <Latency = 1> <II = 1> <Delay = 3.25> <Storage> <Opcode : 'load' 'store'> <Ports = 2> <Width = 7> <Depth = 1024> <RAM>
ST_3 : Operation 366 [1/2] ( I:3.25ns O:3.25ns )   --->   "%p_ZZ10conv_layerPaS_iiiiS_S_E8tile_out_47_load = load i10 %p_ZZ10conv_layerPaS_iiiiS_S_E8tile_out_47_addr" [cnn_accel.cpp:116]   --->   Operation 366 'load' 'p_ZZ10conv_layerPaS_iiiiS_S_E8tile_out_47_load' <Predicate = (!icmp_ln105 & and_ln112)> <Delay = 3.25> <CoreInst = "RAM_T2P_BRAM">   --->   Core 93 'RAM_T2P_BRAM' <Latency = 1> <II = 1> <Delay = 3.25> <Storage> <Opcode : 'load' 'store'> <Ports = 2> <Width = 7> <Depth = 1024> <RAM>
ST_3 : Operation 367 [1/2] ( I:3.25ns O:3.25ns )   --->   "%p_ZZ10conv_layerPaS_iiiiS_S_E8tile_out_48_load = load i10 %p_ZZ10conv_layerPaS_iiiiS_S_E8tile_out_48_addr" [cnn_accel.cpp:116]   --->   Operation 367 'load' 'p_ZZ10conv_layerPaS_iiiiS_S_E8tile_out_48_load' <Predicate = (!icmp_ln105 & and_ln112)> <Delay = 3.25> <CoreInst = "RAM_T2P_BRAM">   --->   Core 93 'RAM_T2P_BRAM' <Latency = 1> <II = 1> <Delay = 3.25> <Storage> <Opcode : 'load' 'store'> <Ports = 2> <Width = 7> <Depth = 1024> <RAM>
ST_3 : Operation 368 [1/2] ( I:3.25ns O:3.25ns )   --->   "%p_ZZ10conv_layerPaS_iiiiS_S_E8tile_out_49_load = load i10 %p_ZZ10conv_layerPaS_iiiiS_S_E8tile_out_49_addr" [cnn_accel.cpp:116]   --->   Operation 368 'load' 'p_ZZ10conv_layerPaS_iiiiS_S_E8tile_out_49_load' <Predicate = (!icmp_ln105 & and_ln112)> <Delay = 3.25> <CoreInst = "RAM_T2P_BRAM">   --->   Core 93 'RAM_T2P_BRAM' <Latency = 1> <II = 1> <Delay = 3.25> <Storage> <Opcode : 'load' 'store'> <Ports = 2> <Width = 7> <Depth = 1024> <RAM>
ST_3 : Operation 369 [1/2] ( I:3.25ns O:3.25ns )   --->   "%p_ZZ10conv_layerPaS_iiiiS_S_E8tile_out_50_load = load i10 %p_ZZ10conv_layerPaS_iiiiS_S_E8tile_out_50_addr" [cnn_accel.cpp:116]   --->   Operation 369 'load' 'p_ZZ10conv_layerPaS_iiiiS_S_E8tile_out_50_load' <Predicate = (!icmp_ln105 & and_ln112)> <Delay = 3.25> <CoreInst = "RAM_T2P_BRAM">   --->   Core 93 'RAM_T2P_BRAM' <Latency = 1> <II = 1> <Delay = 3.25> <Storage> <Opcode : 'load' 'store'> <Ports = 2> <Width = 7> <Depth = 1024> <RAM>
ST_3 : Operation 370 [1/2] ( I:3.25ns O:3.25ns )   --->   "%conv_layer_signed_char_signed_char_int_int_int_int_signed_char_signed_char_tile_out_123 = load i10 %p_ZZ10conv_layerPaS_iiiiS_S_E8tile_out_51_addr" [cnn_accel.cpp:116]   --->   Operation 370 'load' 'conv_layer_signed_char_signed_char_int_int_int_int_signed_char_signed_char_tile_out_123' <Predicate = (!icmp_ln105 & and_ln112)> <Delay = 3.25> <CoreInst = "RAM_T2P_BRAM">   --->   Core 93 'RAM_T2P_BRAM' <Latency = 1> <II = 1> <Delay = 3.25> <Storage> <Opcode : 'load' 'store'> <Ports = 2> <Width = 7> <Depth = 1024> <RAM>
ST_3 : Operation 371 [1/2] ( I:3.25ns O:3.25ns )   --->   "%conv_layer_signed_char_signed_char_int_int_int_int_signed_char_signed_char_tile_out_124 = load i10 %p_ZZ10conv_layerPaS_iiiiS_S_E8tile_out_52_addr" [cnn_accel.cpp:116]   --->   Operation 371 'load' 'conv_layer_signed_char_signed_char_int_int_int_int_signed_char_signed_char_tile_out_124' <Predicate = (!icmp_ln105 & and_ln112)> <Delay = 3.25> <CoreInst = "RAM_T2P_BRAM">   --->   Core 93 'RAM_T2P_BRAM' <Latency = 1> <II = 1> <Delay = 3.25> <Storage> <Opcode : 'load' 'store'> <Ports = 2> <Width = 7> <Depth = 1024> <RAM>
ST_3 : Operation 372 [1/2] ( I:3.25ns O:3.25ns )   --->   "%conv_layer_signed_char_signed_char_int_int_int_int_signed_char_signed_char_tile_out_125 = load i10 %p_ZZ10conv_layerPaS_iiiiS_S_E8tile_out_53_addr" [cnn_accel.cpp:116]   --->   Operation 372 'load' 'conv_layer_signed_char_signed_char_int_int_int_int_signed_char_signed_char_tile_out_125' <Predicate = (!icmp_ln105 & and_ln112)> <Delay = 3.25> <CoreInst = "RAM_T2P_BRAM">   --->   Core 93 'RAM_T2P_BRAM' <Latency = 1> <II = 1> <Delay = 3.25> <Storage> <Opcode : 'load' 'store'> <Ports = 2> <Width = 7> <Depth = 1024> <RAM>
ST_3 : Operation 373 [1/2] ( I:3.25ns O:3.25ns )   --->   "%conv_layer_signed_char_signed_char_int_int_int_int_signed_char_signed_char_tile_out_126 = load i10 %p_ZZ10conv_layerPaS_iiiiS_S_E8tile_out_54_addr" [cnn_accel.cpp:116]   --->   Operation 373 'load' 'conv_layer_signed_char_signed_char_int_int_int_int_signed_char_signed_char_tile_out_126' <Predicate = (!icmp_ln105 & and_ln112)> <Delay = 3.25> <CoreInst = "RAM_T2P_BRAM">   --->   Core 93 'RAM_T2P_BRAM' <Latency = 1> <II = 1> <Delay = 3.25> <Storage> <Opcode : 'load' 'store'> <Ports = 2> <Width = 7> <Depth = 1024> <RAM>
ST_3 : Operation 374 [1/2] ( I:3.25ns O:3.25ns )   --->   "%conv_layer_signed_char_signed_char_int_int_int_int_signed_char_signed_char_tile_out_127 = load i10 %conv_layer_signed_char_signed_char_int_int_int_int_signed_char_signed_char_tile_out_101" [cnn_accel.cpp:116]   --->   Operation 374 'load' 'conv_layer_signed_char_signed_char_int_int_int_int_signed_char_signed_char_tile_out_127' <Predicate = (!icmp_ln105 & and_ln112)> <Delay = 3.25> <CoreInst = "RAM_T2P_BRAM">   --->   Core 93 'RAM_T2P_BRAM' <Latency = 1> <II = 1> <Delay = 3.25> <Storage> <Opcode : 'load' 'store'> <Ports = 2> <Width = 7> <Depth = 1024> <RAM>
ST_3 : Operation 375 [1/2] ( I:3.25ns O:3.25ns )   --->   "%p_ZZ10conv_layerPaS_iiiiS_S_E8tile_out_56_load = load i10 %p_ZZ10conv_layerPaS_iiiiS_S_E8tile_out_56_addr" [cnn_accel.cpp:116]   --->   Operation 375 'load' 'p_ZZ10conv_layerPaS_iiiiS_S_E8tile_out_56_load' <Predicate = (!icmp_ln105 & and_ln112)> <Delay = 3.25> <CoreInst = "RAM_T2P_BRAM">   --->   Core 93 'RAM_T2P_BRAM' <Latency = 1> <II = 1> <Delay = 3.25> <Storage> <Opcode : 'load' 'store'> <Ports = 2> <Width = 7> <Depth = 1024> <RAM>
ST_3 : Operation 376 [1/2] ( I:3.25ns O:3.25ns )   --->   "%p_ZZ10conv_layerPaS_iiiiS_S_E8tile_out_57_load = load i10 %p_ZZ10conv_layerPaS_iiiiS_S_E8tile_out_57_addr" [cnn_accel.cpp:116]   --->   Operation 376 'load' 'p_ZZ10conv_layerPaS_iiiiS_S_E8tile_out_57_load' <Predicate = (!icmp_ln105 & and_ln112)> <Delay = 3.25> <CoreInst = "RAM_T2P_BRAM">   --->   Core 93 'RAM_T2P_BRAM' <Latency = 1> <II = 1> <Delay = 3.25> <Storage> <Opcode : 'load' 'store'> <Ports = 2> <Width = 7> <Depth = 1024> <RAM>
ST_3 : Operation 377 [1/2] ( I:3.25ns O:3.25ns )   --->   "%p_ZZ10conv_layerPaS_iiiiS_S_E8tile_out_58_load = load i10 %p_ZZ10conv_layerPaS_iiiiS_S_E8tile_out_58_addr" [cnn_accel.cpp:116]   --->   Operation 377 'load' 'p_ZZ10conv_layerPaS_iiiiS_S_E8tile_out_58_load' <Predicate = (!icmp_ln105 & and_ln112)> <Delay = 3.25> <CoreInst = "RAM_T2P_BRAM">   --->   Core 93 'RAM_T2P_BRAM' <Latency = 1> <II = 1> <Delay = 3.25> <Storage> <Opcode : 'load' 'store'> <Ports = 2> <Width = 7> <Depth = 1024> <RAM>
ST_3 : Operation 378 [1/2] ( I:3.25ns O:3.25ns )   --->   "%p_ZZ10conv_layerPaS_iiiiS_S_E8tile_out_59_load = load i10 %p_ZZ10conv_layerPaS_iiiiS_S_E8tile_out_59_addr" [cnn_accel.cpp:116]   --->   Operation 378 'load' 'p_ZZ10conv_layerPaS_iiiiS_S_E8tile_out_59_load' <Predicate = (!icmp_ln105 & and_ln112)> <Delay = 3.25> <CoreInst = "RAM_T2P_BRAM">   --->   Core 93 'RAM_T2P_BRAM' <Latency = 1> <II = 1> <Delay = 3.25> <Storage> <Opcode : 'load' 'store'> <Ports = 2> <Width = 7> <Depth = 1024> <RAM>
ST_3 : Operation 379 [1/2] ( I:3.25ns O:3.25ns )   --->   "%p_ZZ10conv_layerPaS_iiiiS_S_E8tile_out_60_load = load i10 %p_ZZ10conv_layerPaS_iiiiS_S_E8tile_out_60_addr" [cnn_accel.cpp:116]   --->   Operation 379 'load' 'p_ZZ10conv_layerPaS_iiiiS_S_E8tile_out_60_load' <Predicate = (!icmp_ln105 & and_ln112)> <Delay = 3.25> <CoreInst = "RAM_T2P_BRAM">   --->   Core 93 'RAM_T2P_BRAM' <Latency = 1> <II = 1> <Delay = 3.25> <Storage> <Opcode : 'load' 'store'> <Ports = 2> <Width = 7> <Depth = 1024> <RAM>

State 4 <SV = 3> <Delay = 2.79>
ST_4 : Operation 380 [1/1] (0.00ns)   --->   "%zext_ln106_1 = zext i6 %select_ln105" [cnn_accel.cpp:106]   --->   Operation 380 'zext' 'zext_ln106_1' <Predicate = (!icmp_ln105)> <Delay = 0.00>
ST_4 : Operation 381 [1/1] (2.79ns)   --->   "%tmp = add i36 %zext_ln106_1, i36 %empty" [cnn_accel.cpp:106]   --->   Operation 381 'add' 'tmp' <Predicate = (!icmp_ln105)> <Delay = 2.79> <CoreInst = "Adder">   --->   Core 1 'Adder' <Latency = 0> <II = 1> <Delay = 2.79> <FuncUnit> <Opcode : 'add' 'sub'> <InPorts = 2> <OutPorts = 1>

State 5 <SV = 4> <Delay = 5.44>
ST_5 : Operation 382 [1/1] (0.00ns)   --->   "%specloopname_ln0 = specloopname void @_ssdm_op_SpecLoopName, void @VITIS_LOOP_105_12_VITIS_LOOP_106_13_str"   --->   Operation 382 'specloopname' 'specloopname_ln0' <Predicate = (!icmp_ln105)> <Delay = 0.00>
ST_5 : Operation 383 [1/1] (0.00ns)   --->   "%speclooptripcount_ln0 = speclooptripcount void @_ssdm_op_SpecLoopTripCount, i64 1024, i64 1024, i64 1024"   --->   Operation 383 'speclooptripcount' 'speclooptripcount_ln0' <Predicate = (!icmp_ln105)> <Delay = 0.00>
ST_5 : Operation 384 [1/1] (0.00ns)   --->   "%specpipeline_ln107 = specpipeline void @_ssdm_op_SpecPipeline, i32 1, i32 0, i32 0, i32 0, void @empty_9" [cnn_accel.cpp:107]   --->   Operation 384 'specpipeline' 'specpipeline_ln107' <Predicate = (!icmp_ln105)> <Delay = 0.00>
ST_5 : Operation 385 [1/1] (0.00ns)   --->   "%tmp1 = bitconcatenate i42 @_ssdm_op_BitConcatenate.i42.i36.i6, i36 %tmp, i6 0" [cnn_accel.cpp:106]   --->   Operation 385 'bitconcatenate' 'tmp1' <Predicate = (!icmp_ln105)> <Delay = 0.00>
ST_5 : Operation 386 [1/1] (0.00ns)   --->   "%tmp1_cast = zext i42 %tmp1" [cnn_accel.cpp:106]   --->   Operation 386 'zext' 'tmp1_cast' <Predicate = (!icmp_ln105)> <Delay = 0.00>
ST_5 : Operation 387 [1/1] (0.00ns)   --->   "%tmp3 = bitconcatenate i64 @_ssdm_op_BitConcatenate.i64.i53.i11, i53 %tmp21, i11 0"   --->   Operation 387 'bitconcatenate' 'tmp3' <Predicate = (!icmp_ln105)> <Delay = 0.00>
ST_5 : Operation 388 [1/1] (0.00ns) (grouped into TernaryAdder)   --->   "%add_ln110 = add i64 %tmp1_cast, i64 %output_read" [cnn_accel.cpp:110]   --->   Operation 388 'add' 'add_ln110' <Predicate = (!icmp_ln105)> <Delay = 0.00> <CoreInst = "TAddSub">   --->   Core 10 'TAddSub' <Latency = 0> <II = 1> <Delay = 2.72> <IPBlock> <Opcode : '' 'add' 'sub'> <InPorts = 3> <OutPorts = 1> <Sync> <CReg>
ST_5 : Operation 389 [1/1] (5.44ns) (root node of TernaryAdder)   --->   "%add_ln110_1 = add i64 %add_ln110, i64 %tmp3" [cnn_accel.cpp:110]   --->   Operation 389 'add' 'add_ln110_1' <Predicate = (!icmp_ln105)> <Delay = 5.44> <CoreInst = "TAddSub">   --->   Core 10 'TAddSub' <Latency = 0> <II = 1> <Delay = 2.72> <IPBlock> <Opcode : '' 'add' 'sub'> <InPorts = 3> <OutPorts = 1> <Sync> <CReg>
ST_5 : Operation 390 [1/1] (0.00ns)   --->   "%gmem_addr = getelementptr i8 %gmem, i64 %add_ln110_1" [cnn_accel.cpp:115]   --->   Operation 390 'getelementptr' 'gmem_addr' <Predicate = (!icmp_ln105 & and_ln112)> <Delay = 0.00>

State 6 <SV = 5> <Delay = 7.30>
ST_6 : Operation 391 [1/1] (7.30ns)   --->   "%empty_102 = writereq i1 @_ssdm_op_WriteReq.m_axi.p1i8, i8 %gmem_addr, i64 64" [cnn_accel.cpp:115]   --->   Operation 391 'writereq' 'empty_102' <Predicate = (!icmp_ln105 & and_ln112)> <Delay = 7.30> <CoreInst = "m_axi">   --->   Core 111 'm_axi' <Latency = 9> <II = 1> <Delay = 1.00> <Adapter> <Opcode : 'read' 'write' 'readreq' 'writereq' 'writeresp'>

State 7 <SV = 6> <Delay = 7.30>
ST_7 : Operation 392 [1/1] (0.00ns)   --->   "%zext_ln116 = zext i7 %conv_layer_signed_char_signed_char_int_int_int_int_signed_char_signed_60" [cnn_accel.cpp:116]   --->   Operation 392 'zext' 'zext_ln116' <Predicate = (!icmp_ln105 & and_ln112)> <Delay = 0.00>
ST_7 : Operation 393 [1/1] (7.30ns)   --->   "%write_ln116 = write void @_ssdm_op_Write.m_axi.p1i8, i8 %gmem_addr, i8 %zext_ln116, i1 1" [cnn_accel.cpp:116]   --->   Operation 393 'write' 'write_ln116' <Predicate = (!icmp_ln105 & and_ln112)> <Delay = 7.30> <CoreInst = "m_axi">   --->   Core 111 'm_axi' <Latency = 5> <II = 1> <Delay = 1.00> <Adapter> <Opcode : 'read' 'write' 'readreq' 'writereq' 'writeresp'>

State 8 <SV = 7> <Delay = 7.30>
ST_8 : Operation 394 [1/1] (0.00ns)   --->   "%zext_ln116_1 = zext i7 %conv_layer_signed_char_signed_char_int_int_int_int_signed_char_signed_61" [cnn_accel.cpp:116]   --->   Operation 394 'zext' 'zext_ln116_1' <Predicate = (!icmp_ln105 & and_ln112)> <Delay = 0.00>
ST_8 : Operation 395 [1/1] (7.30ns)   --->   "%write_ln116 = write void @_ssdm_op_Write.m_axi.p1i8, i8 %gmem_addr, i8 %zext_ln116_1, i1 1" [cnn_accel.cpp:116]   --->   Operation 395 'write' 'write_ln116' <Predicate = (!icmp_ln105 & and_ln112)> <Delay = 7.30> <CoreInst = "m_axi">   --->   Core 111 'm_axi' <Latency = 5> <II = 1> <Delay = 1.00> <Adapter> <Opcode : 'read' 'write' 'readreq' 'writereq' 'writeresp'>

State 9 <SV = 8> <Delay = 7.30>
ST_9 : Operation 396 [1/1] (0.00ns)   --->   "%zext_ln116_2 = zext i7 %conv_layer_signed_char_signed_char_int_int_int_int_signed_char_signed_62" [cnn_accel.cpp:116]   --->   Operation 396 'zext' 'zext_ln116_2' <Predicate = (!icmp_ln105 & and_ln112)> <Delay = 0.00>
ST_9 : Operation 397 [1/1] (7.30ns)   --->   "%write_ln116 = write void @_ssdm_op_Write.m_axi.p1i8, i8 %gmem_addr, i8 %zext_ln116_2, i1 1" [cnn_accel.cpp:116]   --->   Operation 397 'write' 'write_ln116' <Predicate = (!icmp_ln105 & and_ln112)> <Delay = 7.30> <CoreInst = "m_axi">   --->   Core 111 'm_axi' <Latency = 5> <II = 1> <Delay = 1.00> <Adapter> <Opcode : 'read' 'write' 'readreq' 'writereq' 'writeresp'>

State 10 <SV = 9> <Delay = 7.30>
ST_10 : Operation 398 [1/1] (0.00ns)   --->   "%zext_ln116_3 = zext i7 %conv_layer_signed_char_signed_char_int_int_int_int_signed_char_signed_63" [cnn_accel.cpp:116]   --->   Operation 398 'zext' 'zext_ln116_3' <Predicate = (!icmp_ln105 & and_ln112)> <Delay = 0.00>
ST_10 : Operation 399 [1/1] (7.30ns)   --->   "%write_ln116 = write void @_ssdm_op_Write.m_axi.p1i8, i8 %gmem_addr, i8 %zext_ln116_3, i1 1" [cnn_accel.cpp:116]   --->   Operation 399 'write' 'write_ln116' <Predicate = (!icmp_ln105 & and_ln112)> <Delay = 7.30> <CoreInst = "m_axi">   --->   Core 111 'm_axi' <Latency = 5> <II = 1> <Delay = 1.00> <Adapter> <Opcode : 'read' 'write' 'readreq' 'writereq' 'writeresp'>

State 11 <SV = 10> <Delay = 7.30>
ST_11 : Operation 400 [1/1] (0.00ns)   --->   "%zext_ln116_4 = zext i7 %conv_layer_signed_char_signed_char_int_int_int_int_signed_char_signed_64" [cnn_accel.cpp:116]   --->   Operation 400 'zext' 'zext_ln116_4' <Predicate = (!icmp_ln105 & and_ln112)> <Delay = 0.00>
ST_11 : Operation 401 [1/1] (7.30ns)   --->   "%write_ln116 = write void @_ssdm_op_Write.m_axi.p1i8, i8 %gmem_addr, i8 %zext_ln116_4, i1 1" [cnn_accel.cpp:116]   --->   Operation 401 'write' 'write_ln116' <Predicate = (!icmp_ln105 & and_ln112)> <Delay = 7.30> <CoreInst = "m_axi">   --->   Core 111 'm_axi' <Latency = 5> <II = 1> <Delay = 1.00> <Adapter> <Opcode : 'read' 'write' 'readreq' 'writereq' 'writeresp'>
ST_11 : Operation 532 [1/1] (1.61ns)   --->   "%ret_ln0 = ret"   --->   Operation 532 'ret' 'ret_ln0' <Predicate = (icmp_ln105)> <Delay = 1.61>

State 12 <SV = 11> <Delay = 7.30>
ST_12 : Operation 402 [1/1] (0.00ns)   --->   "%zext_ln116_5 = zext i7 %conv_layer_signed_char_signed_char_int_int_int_int_signed_char_signed_65" [cnn_accel.cpp:116]   --->   Operation 402 'zext' 'zext_ln116_5' <Predicate = (!icmp_ln105 & and_ln112)> <Delay = 0.00>
ST_12 : Operation 403 [1/1] (7.30ns)   --->   "%write_ln116 = write void @_ssdm_op_Write.m_axi.p1i8, i8 %gmem_addr, i8 %zext_ln116_5, i1 1" [cnn_accel.cpp:116]   --->   Operation 403 'write' 'write_ln116' <Predicate = (!icmp_ln105 & and_ln112)> <Delay = 7.30> <CoreInst = "m_axi">   --->   Core 111 'm_axi' <Latency = 5> <II = 1> <Delay = 1.00> <Adapter> <Opcode : 'read' 'write' 'readreq' 'writereq' 'writeresp'>

State 13 <SV = 12> <Delay = 7.30>
ST_13 : Operation 404 [1/1] (0.00ns)   --->   "%zext_ln116_6 = zext i7 %conv_layer_signed_char_signed_char_int_int_int_int_signed_char_signed_66" [cnn_accel.cpp:116]   --->   Operation 404 'zext' 'zext_ln116_6' <Predicate = (!icmp_ln105 & and_ln112)> <Delay = 0.00>
ST_13 : Operation 405 [1/1] (7.30ns)   --->   "%write_ln116 = write void @_ssdm_op_Write.m_axi.p1i8, i8 %gmem_addr, i8 %zext_ln116_6, i1 1" [cnn_accel.cpp:116]   --->   Operation 405 'write' 'write_ln116' <Predicate = (!icmp_ln105 & and_ln112)> <Delay = 7.30> <CoreInst = "m_axi">   --->   Core 111 'm_axi' <Latency = 5> <II = 1> <Delay = 1.00> <Adapter> <Opcode : 'read' 'write' 'readreq' 'writereq' 'writeresp'>

State 14 <SV = 13> <Delay = 7.30>
ST_14 : Operation 406 [1/1] (0.00ns)   --->   "%zext_ln116_7 = zext i7 %conv_layer_signed_char_signed_char_int_int_int_int_signed_char_signed_67" [cnn_accel.cpp:116]   --->   Operation 406 'zext' 'zext_ln116_7' <Predicate = (!icmp_ln105 & and_ln112)> <Delay = 0.00>
ST_14 : Operation 407 [1/1] (7.30ns)   --->   "%write_ln116 = write void @_ssdm_op_Write.m_axi.p1i8, i8 %gmem_addr, i8 %zext_ln116_7, i1 1" [cnn_accel.cpp:116]   --->   Operation 407 'write' 'write_ln116' <Predicate = (!icmp_ln105 & and_ln112)> <Delay = 7.30> <CoreInst = "m_axi">   --->   Core 111 'm_axi' <Latency = 5> <II = 1> <Delay = 1.00> <Adapter> <Opcode : 'read' 'write' 'readreq' 'writereq' 'writeresp'>

State 15 <SV = 14> <Delay = 7.30>
ST_15 : Operation 408 [1/1] (0.00ns)   --->   "%zext_ln116_8 = zext i7 %conv_layer_signed_char_signed_char_int_int_int_int_signed_char_signed_68" [cnn_accel.cpp:116]   --->   Operation 408 'zext' 'zext_ln116_8' <Predicate = (!icmp_ln105 & and_ln112)> <Delay = 0.00>
ST_15 : Operation 409 [1/1] (7.30ns)   --->   "%write_ln116 = write void @_ssdm_op_Write.m_axi.p1i8, i8 %gmem_addr, i8 %zext_ln116_8, i1 1" [cnn_accel.cpp:116]   --->   Operation 409 'write' 'write_ln116' <Predicate = (!icmp_ln105 & and_ln112)> <Delay = 7.30> <CoreInst = "m_axi">   --->   Core 111 'm_axi' <Latency = 5> <II = 1> <Delay = 1.00> <Adapter> <Opcode : 'read' 'write' 'readreq' 'writereq' 'writeresp'>

State 16 <SV = 15> <Delay = 7.30>
ST_16 : Operation 410 [1/1] (0.00ns)   --->   "%zext_ln116_9 = zext i7 %conv_layer_signed_char_signed_char_int_int_int_int_signed_char_signed_69" [cnn_accel.cpp:116]   --->   Operation 410 'zext' 'zext_ln116_9' <Predicate = (!icmp_ln105 & and_ln112)> <Delay = 0.00>
ST_16 : Operation 411 [1/1] (7.30ns)   --->   "%write_ln116 = write void @_ssdm_op_Write.m_axi.p1i8, i8 %gmem_addr, i8 %zext_ln116_9, i1 1" [cnn_accel.cpp:116]   --->   Operation 411 'write' 'write_ln116' <Predicate = (!icmp_ln105 & and_ln112)> <Delay = 7.30> <CoreInst = "m_axi">   --->   Core 111 'm_axi' <Latency = 5> <II = 1> <Delay = 1.00> <Adapter> <Opcode : 'read' 'write' 'readreq' 'writereq' 'writeresp'>

State 17 <SV = 16> <Delay = 7.30>
ST_17 : Operation 412 [1/1] (0.00ns)   --->   "%zext_ln116_10 = zext i7 %p_ZZ10conv_layerPaS_iiiiS_S_E8tile_out_10_load" [cnn_accel.cpp:116]   --->   Operation 412 'zext' 'zext_ln116_10' <Predicate = (!icmp_ln105 & and_ln112)> <Delay = 0.00>
ST_17 : Operation 413 [1/1] (7.30ns)   --->   "%write_ln116 = write void @_ssdm_op_Write.m_axi.p1i8, i8 %gmem_addr, i8 %zext_ln116_10, i1 1" [cnn_accel.cpp:116]   --->   Operation 413 'write' 'write_ln116' <Predicate = (!icmp_ln105 & and_ln112)> <Delay = 7.30> <CoreInst = "m_axi">   --->   Core 111 'm_axi' <Latency = 5> <II = 1> <Delay = 1.00> <Adapter> <Opcode : 'read' 'write' 'readreq' 'writereq' 'writeresp'>

State 18 <SV = 17> <Delay = 7.30>
ST_18 : Operation 414 [1/1] (0.00ns)   --->   "%zext_ln116_11 = zext i7 %conv_layer_signed_char_signed_char_int_int_int_int_signed_char_signed_char_tile_out_103" [cnn_accel.cpp:116]   --->   Operation 414 'zext' 'zext_ln116_11' <Predicate = (!icmp_ln105 & and_ln112)> <Delay = 0.00>
ST_18 : Operation 415 [1/1] (7.30ns)   --->   "%write_ln116 = write void @_ssdm_op_Write.m_axi.p1i8, i8 %gmem_addr, i8 %zext_ln116_11, i1 1" [cnn_accel.cpp:116]   --->   Operation 415 'write' 'write_ln116' <Predicate = (!icmp_ln105 & and_ln112)> <Delay = 7.30> <CoreInst = "m_axi">   --->   Core 111 'm_axi' <Latency = 5> <II = 1> <Delay = 1.00> <Adapter> <Opcode : 'read' 'write' 'readreq' 'writereq' 'writeresp'>

State 19 <SV = 18> <Delay = 7.30>
ST_19 : Operation 416 [1/1] (0.00ns)   --->   "%zext_ln116_12 = zext i7 %conv_layer_signed_char_signed_char_int_int_int_int_signed_char_signed_char_tile_out_104" [cnn_accel.cpp:116]   --->   Operation 416 'zext' 'zext_ln116_12' <Predicate = (!icmp_ln105 & and_ln112)> <Delay = 0.00>
ST_19 : Operation 417 [1/1] (7.30ns)   --->   "%write_ln116 = write void @_ssdm_op_Write.m_axi.p1i8, i8 %gmem_addr, i8 %zext_ln116_12, i1 1" [cnn_accel.cpp:116]   --->   Operation 417 'write' 'write_ln116' <Predicate = (!icmp_ln105 & and_ln112)> <Delay = 7.30> <CoreInst = "m_axi">   --->   Core 111 'm_axi' <Latency = 5> <II = 1> <Delay = 1.00> <Adapter> <Opcode : 'read' 'write' 'readreq' 'writereq' 'writeresp'>

State 20 <SV = 19> <Delay = 7.30>
ST_20 : Operation 418 [1/1] (0.00ns)   --->   "%zext_ln116_13 = zext i7 %conv_layer_signed_char_signed_char_int_int_int_int_signed_char_signed_char_tile_out_105" [cnn_accel.cpp:116]   --->   Operation 418 'zext' 'zext_ln116_13' <Predicate = (!icmp_ln105 & and_ln112)> <Delay = 0.00>
ST_20 : Operation 419 [1/1] (7.30ns)   --->   "%write_ln116 = write void @_ssdm_op_Write.m_axi.p1i8, i8 %gmem_addr, i8 %zext_ln116_13, i1 1" [cnn_accel.cpp:116]   --->   Operation 419 'write' 'write_ln116' <Predicate = (!icmp_ln105 & and_ln112)> <Delay = 7.30> <CoreInst = "m_axi">   --->   Core 111 'm_axi' <Latency = 5> <II = 1> <Delay = 1.00> <Adapter> <Opcode : 'read' 'write' 'readreq' 'writereq' 'writeresp'>

State 21 <SV = 20> <Delay = 7.30>
ST_21 : Operation 420 [1/1] (0.00ns)   --->   "%zext_ln116_14 = zext i7 %conv_layer_signed_char_signed_char_int_int_int_int_signed_char_signed_char_tile_out_106" [cnn_accel.cpp:116]   --->   Operation 420 'zext' 'zext_ln116_14' <Predicate = (!icmp_ln105 & and_ln112)> <Delay = 0.00>
ST_21 : Operation 421 [1/1] (7.30ns)   --->   "%write_ln116 = write void @_ssdm_op_Write.m_axi.p1i8, i8 %gmem_addr, i8 %zext_ln116_14, i1 1" [cnn_accel.cpp:116]   --->   Operation 421 'write' 'write_ln116' <Predicate = (!icmp_ln105 & and_ln112)> <Delay = 7.30> <CoreInst = "m_axi">   --->   Core 111 'm_axi' <Latency = 5> <II = 1> <Delay = 1.00> <Adapter> <Opcode : 'read' 'write' 'readreq' 'writereq' 'writeresp'>

State 22 <SV = 21> <Delay = 7.30>
ST_22 : Operation 422 [1/1] (0.00ns)   --->   "%zext_ln116_15 = zext i7 %conv_layer_signed_char_signed_char_int_int_int_int_signed_char_signed_char_tile_out_107" [cnn_accel.cpp:116]   --->   Operation 422 'zext' 'zext_ln116_15' <Predicate = (!icmp_ln105 & and_ln112)> <Delay = 0.00>
ST_22 : Operation 423 [1/1] (7.30ns)   --->   "%write_ln116 = write void @_ssdm_op_Write.m_axi.p1i8, i8 %gmem_addr, i8 %zext_ln116_15, i1 1" [cnn_accel.cpp:116]   --->   Operation 423 'write' 'write_ln116' <Predicate = (!icmp_ln105 & and_ln112)> <Delay = 7.30> <CoreInst = "m_axi">   --->   Core 111 'm_axi' <Latency = 5> <II = 1> <Delay = 1.00> <Adapter> <Opcode : 'read' 'write' 'readreq' 'writereq' 'writeresp'>

State 23 <SV = 22> <Delay = 7.30>
ST_23 : Operation 424 [1/1] (0.00ns)   --->   "%zext_ln116_16 = zext i7 %p_ZZ10conv_layerPaS_iiiiS_S_E8tile_out_16_load" [cnn_accel.cpp:116]   --->   Operation 424 'zext' 'zext_ln116_16' <Predicate = (!icmp_ln105 & and_ln112)> <Delay = 0.00>
ST_23 : Operation 425 [1/1] (7.30ns)   --->   "%write_ln116 = write void @_ssdm_op_Write.m_axi.p1i8, i8 %gmem_addr, i8 %zext_ln116_16, i1 1" [cnn_accel.cpp:116]   --->   Operation 425 'write' 'write_ln116' <Predicate = (!icmp_ln105 & and_ln112)> <Delay = 7.30> <CoreInst = "m_axi">   --->   Core 111 'm_axi' <Latency = 5> <II = 1> <Delay = 1.00> <Adapter> <Opcode : 'read' 'write' 'readreq' 'writereq' 'writeresp'>

State 24 <SV = 23> <Delay = 7.30>
ST_24 : Operation 426 [1/1] (0.00ns)   --->   "%zext_ln116_17 = zext i7 %p_ZZ10conv_layerPaS_iiiiS_S_E8tile_out_17_load" [cnn_accel.cpp:116]   --->   Operation 426 'zext' 'zext_ln116_17' <Predicate = (!icmp_ln105 & and_ln112)> <Delay = 0.00>
ST_24 : Operation 427 [1/1] (7.30ns)   --->   "%write_ln116 = write void @_ssdm_op_Write.m_axi.p1i8, i8 %gmem_addr, i8 %zext_ln116_17, i1 1" [cnn_accel.cpp:116]   --->   Operation 427 'write' 'write_ln116' <Predicate = (!icmp_ln105 & and_ln112)> <Delay = 7.30> <CoreInst = "m_axi">   --->   Core 111 'm_axi' <Latency = 5> <II = 1> <Delay = 1.00> <Adapter> <Opcode : 'read' 'write' 'readreq' 'writereq' 'writeresp'>

State 25 <SV = 24> <Delay = 7.30>
ST_25 : Operation 428 [1/1] (0.00ns)   --->   "%zext_ln116_18 = zext i7 %p_ZZ10conv_layerPaS_iiiiS_S_E8tile_out_18_load" [cnn_accel.cpp:116]   --->   Operation 428 'zext' 'zext_ln116_18' <Predicate = (!icmp_ln105 & and_ln112)> <Delay = 0.00>
ST_25 : Operation 429 [1/1] (7.30ns)   --->   "%write_ln116 = write void @_ssdm_op_Write.m_axi.p1i8, i8 %gmem_addr, i8 %zext_ln116_18, i1 1" [cnn_accel.cpp:116]   --->   Operation 429 'write' 'write_ln116' <Predicate = (!icmp_ln105 & and_ln112)> <Delay = 7.30> <CoreInst = "m_axi">   --->   Core 111 'm_axi' <Latency = 5> <II = 1> <Delay = 1.00> <Adapter> <Opcode : 'read' 'write' 'readreq' 'writereq' 'writeresp'>

State 26 <SV = 25> <Delay = 7.30>
ST_26 : Operation 430 [1/1] (0.00ns)   --->   "%zext_ln116_19 = zext i7 %p_ZZ10conv_layerPaS_iiiiS_S_E8tile_out_19_load" [cnn_accel.cpp:116]   --->   Operation 430 'zext' 'zext_ln116_19' <Predicate = (!icmp_ln105 & and_ln112)> <Delay = 0.00>
ST_26 : Operation 431 [1/1] (7.30ns)   --->   "%write_ln116 = write void @_ssdm_op_Write.m_axi.p1i8, i8 %gmem_addr, i8 %zext_ln116_19, i1 1" [cnn_accel.cpp:116]   --->   Operation 431 'write' 'write_ln116' <Predicate = (!icmp_ln105 & and_ln112)> <Delay = 7.30> <CoreInst = "m_axi">   --->   Core 111 'm_axi' <Latency = 5> <II = 1> <Delay = 1.00> <Adapter> <Opcode : 'read' 'write' 'readreq' 'writereq' 'writeresp'>

State 27 <SV = 26> <Delay = 7.30>
ST_27 : Operation 432 [1/1] (0.00ns)   --->   "%zext_ln116_20 = zext i7 %p_ZZ10conv_layerPaS_iiiiS_S_E8tile_out_20_load" [cnn_accel.cpp:116]   --->   Operation 432 'zext' 'zext_ln116_20' <Predicate = (!icmp_ln105 & and_ln112)> <Delay = 0.00>
ST_27 : Operation 433 [1/1] (7.30ns)   --->   "%write_ln116 = write void @_ssdm_op_Write.m_axi.p1i8, i8 %gmem_addr, i8 %zext_ln116_20, i1 1" [cnn_accel.cpp:116]   --->   Operation 433 'write' 'write_ln116' <Predicate = (!icmp_ln105 & and_ln112)> <Delay = 7.30> <CoreInst = "m_axi">   --->   Core 111 'm_axi' <Latency = 5> <II = 1> <Delay = 1.00> <Adapter> <Opcode : 'read' 'write' 'readreq' 'writereq' 'writeresp'>

State 28 <SV = 27> <Delay = 7.30>
ST_28 : Operation 434 [1/1] (0.00ns)   --->   "%zext_ln116_21 = zext i7 %conv_layer_signed_char_signed_char_int_int_int_int_signed_char_signed_char_tile_out_108" [cnn_accel.cpp:116]   --->   Operation 434 'zext' 'zext_ln116_21' <Predicate = (!icmp_ln105 & and_ln112)> <Delay = 0.00>
ST_28 : Operation 435 [1/1] (7.30ns)   --->   "%write_ln116 = write void @_ssdm_op_Write.m_axi.p1i8, i8 %gmem_addr, i8 %zext_ln116_21, i1 1" [cnn_accel.cpp:116]   --->   Operation 435 'write' 'write_ln116' <Predicate = (!icmp_ln105 & and_ln112)> <Delay = 7.30> <CoreInst = "m_axi">   --->   Core 111 'm_axi' <Latency = 5> <II = 1> <Delay = 1.00> <Adapter> <Opcode : 'read' 'write' 'readreq' 'writereq' 'writeresp'>

State 29 <SV = 28> <Delay = 7.30>
ST_29 : Operation 436 [1/1] (0.00ns)   --->   "%zext_ln116_22 = zext i7 %conv_layer_signed_char_signed_char_int_int_int_int_signed_char_signed_char_tile_out_109" [cnn_accel.cpp:116]   --->   Operation 436 'zext' 'zext_ln116_22' <Predicate = (!icmp_ln105 & and_ln112)> <Delay = 0.00>
ST_29 : Operation 437 [1/1] (7.30ns)   --->   "%write_ln116 = write void @_ssdm_op_Write.m_axi.p1i8, i8 %gmem_addr, i8 %zext_ln116_22, i1 1" [cnn_accel.cpp:116]   --->   Operation 437 'write' 'write_ln116' <Predicate = (!icmp_ln105 & and_ln112)> <Delay = 7.30> <CoreInst = "m_axi">   --->   Core 111 'm_axi' <Latency = 5> <II = 1> <Delay = 1.00> <Adapter> <Opcode : 'read' 'write' 'readreq' 'writereq' 'writeresp'>

State 30 <SV = 29> <Delay = 7.30>
ST_30 : Operation 438 [1/1] (0.00ns)   --->   "%zext_ln116_23 = zext i7 %conv_layer_signed_char_signed_char_int_int_int_int_signed_char_signed_char_tile_out_110" [cnn_accel.cpp:116]   --->   Operation 438 'zext' 'zext_ln116_23' <Predicate = (!icmp_ln105 & and_ln112)> <Delay = 0.00>
ST_30 : Operation 439 [1/1] (7.30ns)   --->   "%write_ln116 = write void @_ssdm_op_Write.m_axi.p1i8, i8 %gmem_addr, i8 %zext_ln116_23, i1 1" [cnn_accel.cpp:116]   --->   Operation 439 'write' 'write_ln116' <Predicate = (!icmp_ln105 & and_ln112)> <Delay = 7.30> <CoreInst = "m_axi">   --->   Core 111 'm_axi' <Latency = 5> <II = 1> <Delay = 1.00> <Adapter> <Opcode : 'read' 'write' 'readreq' 'writereq' 'writeresp'>

State 31 <SV = 30> <Delay = 7.30>
ST_31 : Operation 440 [1/1] (0.00ns)   --->   "%zext_ln116_24 = zext i7 %conv_layer_signed_char_signed_char_int_int_int_int_signed_char_signed_char_tile_out_111" [cnn_accel.cpp:116]   --->   Operation 440 'zext' 'zext_ln116_24' <Predicate = (!icmp_ln105 & and_ln112)> <Delay = 0.00>
ST_31 : Operation 441 [1/1] (7.30ns)   --->   "%write_ln116 = write void @_ssdm_op_Write.m_axi.p1i8, i8 %gmem_addr, i8 %zext_ln116_24, i1 1" [cnn_accel.cpp:116]   --->   Operation 441 'write' 'write_ln116' <Predicate = (!icmp_ln105 & and_ln112)> <Delay = 7.30> <CoreInst = "m_axi">   --->   Core 111 'm_axi' <Latency = 5> <II = 1> <Delay = 1.00> <Adapter> <Opcode : 'read' 'write' 'readreq' 'writereq' 'writeresp'>

State 32 <SV = 31> <Delay = 7.30>
ST_32 : Operation 442 [1/1] (0.00ns)   --->   "%zext_ln116_25 = zext i7 %conv_layer_signed_char_signed_char_int_int_int_int_signed_char_signed_char_tile_out_112" [cnn_accel.cpp:116]   --->   Operation 442 'zext' 'zext_ln116_25' <Predicate = (!icmp_ln105 & and_ln112)> <Delay = 0.00>
ST_32 : Operation 443 [1/1] (7.30ns)   --->   "%write_ln116 = write void @_ssdm_op_Write.m_axi.p1i8, i8 %gmem_addr, i8 %zext_ln116_25, i1 1" [cnn_accel.cpp:116]   --->   Operation 443 'write' 'write_ln116' <Predicate = (!icmp_ln105 & and_ln112)> <Delay = 7.30> <CoreInst = "m_axi">   --->   Core 111 'm_axi' <Latency = 5> <II = 1> <Delay = 1.00> <Adapter> <Opcode : 'read' 'write' 'readreq' 'writereq' 'writeresp'>

State 33 <SV = 32> <Delay = 7.30>
ST_33 : Operation 444 [1/1] (0.00ns)   --->   "%zext_ln116_26 = zext i7 %p_ZZ10conv_layerPaS_iiiiS_S_E8tile_out_26_load" [cnn_accel.cpp:116]   --->   Operation 444 'zext' 'zext_ln116_26' <Predicate = (!icmp_ln105 & and_ln112)> <Delay = 0.00>
ST_33 : Operation 445 [1/1] (7.30ns)   --->   "%write_ln116 = write void @_ssdm_op_Write.m_axi.p1i8, i8 %gmem_addr, i8 %zext_ln116_26, i1 1" [cnn_accel.cpp:116]   --->   Operation 445 'write' 'write_ln116' <Predicate = (!icmp_ln105 & and_ln112)> <Delay = 7.30> <CoreInst = "m_axi">   --->   Core 111 'm_axi' <Latency = 5> <II = 1> <Delay = 1.00> <Adapter> <Opcode : 'read' 'write' 'readreq' 'writereq' 'writeresp'>

State 34 <SV = 33> <Delay = 7.30>
ST_34 : Operation 446 [1/1] (0.00ns)   --->   "%zext_ln116_27 = zext i7 %p_ZZ10conv_layerPaS_iiiiS_S_E8tile_out_27_load" [cnn_accel.cpp:116]   --->   Operation 446 'zext' 'zext_ln116_27' <Predicate = (!icmp_ln105 & and_ln112)> <Delay = 0.00>
ST_34 : Operation 447 [1/1] (7.30ns)   --->   "%write_ln116 = write void @_ssdm_op_Write.m_axi.p1i8, i8 %gmem_addr, i8 %zext_ln116_27, i1 1" [cnn_accel.cpp:116]   --->   Operation 447 'write' 'write_ln116' <Predicate = (!icmp_ln105 & and_ln112)> <Delay = 7.30> <CoreInst = "m_axi">   --->   Core 111 'm_axi' <Latency = 5> <II = 1> <Delay = 1.00> <Adapter> <Opcode : 'read' 'write' 'readreq' 'writereq' 'writeresp'>

State 35 <SV = 34> <Delay = 7.30>
ST_35 : Operation 448 [1/1] (0.00ns)   --->   "%zext_ln116_28 = zext i7 %p_ZZ10conv_layerPaS_iiiiS_S_E8tile_out_28_load" [cnn_accel.cpp:116]   --->   Operation 448 'zext' 'zext_ln116_28' <Predicate = (!icmp_ln105 & and_ln112)> <Delay = 0.00>
ST_35 : Operation 449 [1/1] (7.30ns)   --->   "%write_ln116 = write void @_ssdm_op_Write.m_axi.p1i8, i8 %gmem_addr, i8 %zext_ln116_28, i1 1" [cnn_accel.cpp:116]   --->   Operation 449 'write' 'write_ln116' <Predicate = (!icmp_ln105 & and_ln112)> <Delay = 7.30> <CoreInst = "m_axi">   --->   Core 111 'm_axi' <Latency = 5> <II = 1> <Delay = 1.00> <Adapter> <Opcode : 'read' 'write' 'readreq' 'writereq' 'writeresp'>

State 36 <SV = 35> <Delay = 7.30>
ST_36 : Operation 450 [1/1] (0.00ns)   --->   "%zext_ln116_29 = zext i7 %p_ZZ10conv_layerPaS_iiiiS_S_E8tile_out_29_load" [cnn_accel.cpp:116]   --->   Operation 450 'zext' 'zext_ln116_29' <Predicate = (!icmp_ln105 & and_ln112)> <Delay = 0.00>
ST_36 : Operation 451 [1/1] (7.30ns)   --->   "%write_ln116 = write void @_ssdm_op_Write.m_axi.p1i8, i8 %gmem_addr, i8 %zext_ln116_29, i1 1" [cnn_accel.cpp:116]   --->   Operation 451 'write' 'write_ln116' <Predicate = (!icmp_ln105 & and_ln112)> <Delay = 7.30> <CoreInst = "m_axi">   --->   Core 111 'm_axi' <Latency = 5> <II = 1> <Delay = 1.00> <Adapter> <Opcode : 'read' 'write' 'readreq' 'writereq' 'writeresp'>

State 37 <SV = 36> <Delay = 7.30>
ST_37 : Operation 452 [1/1] (0.00ns)   --->   "%zext_ln116_30 = zext i7 %p_ZZ10conv_layerPaS_iiiiS_S_E8tile_out_30_load" [cnn_accel.cpp:116]   --->   Operation 452 'zext' 'zext_ln116_30' <Predicate = (!icmp_ln105 & and_ln112)> <Delay = 0.00>
ST_37 : Operation 453 [1/1] (7.30ns)   --->   "%write_ln116 = write void @_ssdm_op_Write.m_axi.p1i8, i8 %gmem_addr, i8 %zext_ln116_30, i1 1" [cnn_accel.cpp:116]   --->   Operation 453 'write' 'write_ln116' <Predicate = (!icmp_ln105 & and_ln112)> <Delay = 7.30> <CoreInst = "m_axi">   --->   Core 111 'm_axi' <Latency = 5> <II = 1> <Delay = 1.00> <Adapter> <Opcode : 'read' 'write' 'readreq' 'writereq' 'writeresp'>

State 38 <SV = 37> <Delay = 7.30>
ST_38 : Operation 454 [1/1] (0.00ns)   --->   "%zext_ln116_31 = zext i7 %conv_layer_signed_char_signed_char_int_int_int_int_signed_char_signed_char_tile_out_113" [cnn_accel.cpp:116]   --->   Operation 454 'zext' 'zext_ln116_31' <Predicate = (!icmp_ln105 & and_ln112)> <Delay = 0.00>
ST_38 : Operation 455 [1/1] (7.30ns)   --->   "%write_ln116 = write void @_ssdm_op_Write.m_axi.p1i8, i8 %gmem_addr, i8 %zext_ln116_31, i1 1" [cnn_accel.cpp:116]   --->   Operation 455 'write' 'write_ln116' <Predicate = (!icmp_ln105 & and_ln112)> <Delay = 7.30> <CoreInst = "m_axi">   --->   Core 111 'm_axi' <Latency = 5> <II = 1> <Delay = 1.00> <Adapter> <Opcode : 'read' 'write' 'readreq' 'writereq' 'writeresp'>

State 39 <SV = 38> <Delay = 7.30>
ST_39 : Operation 456 [1/1] (0.00ns)   --->   "%zext_ln116_32 = zext i7 %conv_layer_signed_char_signed_char_int_int_int_int_signed_char_signed_char_tile_out_114" [cnn_accel.cpp:116]   --->   Operation 456 'zext' 'zext_ln116_32' <Predicate = (!icmp_ln105 & and_ln112)> <Delay = 0.00>
ST_39 : Operation 457 [1/1] (7.30ns)   --->   "%write_ln116 = write void @_ssdm_op_Write.m_axi.p1i8, i8 %gmem_addr, i8 %zext_ln116_32, i1 1" [cnn_accel.cpp:116]   --->   Operation 457 'write' 'write_ln116' <Predicate = (!icmp_ln105 & and_ln112)> <Delay = 7.30> <CoreInst = "m_axi">   --->   Core 111 'm_axi' <Latency = 5> <II = 1> <Delay = 1.00> <Adapter> <Opcode : 'read' 'write' 'readreq' 'writereq' 'writeresp'>

State 40 <SV = 39> <Delay = 7.30>
ST_40 : Operation 458 [1/1] (0.00ns)   --->   "%zext_ln116_33 = zext i7 %conv_layer_signed_char_signed_char_int_int_int_int_signed_char_signed_char_tile_out_115" [cnn_accel.cpp:116]   --->   Operation 458 'zext' 'zext_ln116_33' <Predicate = (!icmp_ln105 & and_ln112)> <Delay = 0.00>
ST_40 : Operation 459 [1/1] (7.30ns)   --->   "%write_ln116 = write void @_ssdm_op_Write.m_axi.p1i8, i8 %gmem_addr, i8 %zext_ln116_33, i1 1" [cnn_accel.cpp:116]   --->   Operation 459 'write' 'write_ln116' <Predicate = (!icmp_ln105 & and_ln112)> <Delay = 7.30> <CoreInst = "m_axi">   --->   Core 111 'm_axi' <Latency = 5> <II = 1> <Delay = 1.00> <Adapter> <Opcode : 'read' 'write' 'readreq' 'writereq' 'writeresp'>

State 41 <SV = 40> <Delay = 7.30>
ST_41 : Operation 460 [1/1] (0.00ns)   --->   "%zext_ln116_34 = zext i7 %conv_layer_signed_char_signed_char_int_int_int_int_signed_char_signed_char_tile_out_116" [cnn_accel.cpp:116]   --->   Operation 460 'zext' 'zext_ln116_34' <Predicate = (!icmp_ln105 & and_ln112)> <Delay = 0.00>
ST_41 : Operation 461 [1/1] (7.30ns)   --->   "%write_ln116 = write void @_ssdm_op_Write.m_axi.p1i8, i8 %gmem_addr, i8 %zext_ln116_34, i1 1" [cnn_accel.cpp:116]   --->   Operation 461 'write' 'write_ln116' <Predicate = (!icmp_ln105 & and_ln112)> <Delay = 7.30> <CoreInst = "m_axi">   --->   Core 111 'm_axi' <Latency = 5> <II = 1> <Delay = 1.00> <Adapter> <Opcode : 'read' 'write' 'readreq' 'writereq' 'writeresp'>

State 42 <SV = 41> <Delay = 7.30>
ST_42 : Operation 462 [1/1] (0.00ns)   --->   "%zext_ln116_35 = zext i7 %conv_layer_signed_char_signed_char_int_int_int_int_signed_char_signed_char_tile_out_117" [cnn_accel.cpp:116]   --->   Operation 462 'zext' 'zext_ln116_35' <Predicate = (!icmp_ln105 & and_ln112)> <Delay = 0.00>
ST_42 : Operation 463 [1/1] (7.30ns)   --->   "%write_ln116 = write void @_ssdm_op_Write.m_axi.p1i8, i8 %gmem_addr, i8 %zext_ln116_35, i1 1" [cnn_accel.cpp:116]   --->   Operation 463 'write' 'write_ln116' <Predicate = (!icmp_ln105 & and_ln112)> <Delay = 7.30> <CoreInst = "m_axi">   --->   Core 111 'm_axi' <Latency = 5> <II = 1> <Delay = 1.00> <Adapter> <Opcode : 'read' 'write' 'readreq' 'writereq' 'writeresp'>

State 43 <SV = 42> <Delay = 7.30>
ST_43 : Operation 464 [1/1] (0.00ns)   --->   "%zext_ln116_36 = zext i7 %p_ZZ10conv_layerPaS_iiiiS_S_E8tile_out_36_load" [cnn_accel.cpp:116]   --->   Operation 464 'zext' 'zext_ln116_36' <Predicate = (!icmp_ln105 & and_ln112)> <Delay = 0.00>
ST_43 : Operation 465 [1/1] (7.30ns)   --->   "%write_ln116 = write void @_ssdm_op_Write.m_axi.p1i8, i8 %gmem_addr, i8 %zext_ln116_36, i1 1" [cnn_accel.cpp:116]   --->   Operation 465 'write' 'write_ln116' <Predicate = (!icmp_ln105 & and_ln112)> <Delay = 7.30> <CoreInst = "m_axi">   --->   Core 111 'm_axi' <Latency = 5> <II = 1> <Delay = 1.00> <Adapter> <Opcode : 'read' 'write' 'readreq' 'writereq' 'writeresp'>

State 44 <SV = 43> <Delay = 7.30>
ST_44 : Operation 466 [1/1] (0.00ns)   --->   "%zext_ln116_37 = zext i7 %p_ZZ10conv_layerPaS_iiiiS_S_E8tile_out_37_load" [cnn_accel.cpp:116]   --->   Operation 466 'zext' 'zext_ln116_37' <Predicate = (!icmp_ln105 & and_ln112)> <Delay = 0.00>
ST_44 : Operation 467 [1/1] (7.30ns)   --->   "%write_ln116 = write void @_ssdm_op_Write.m_axi.p1i8, i8 %gmem_addr, i8 %zext_ln116_37, i1 1" [cnn_accel.cpp:116]   --->   Operation 467 'write' 'write_ln116' <Predicate = (!icmp_ln105 & and_ln112)> <Delay = 7.30> <CoreInst = "m_axi">   --->   Core 111 'm_axi' <Latency = 5> <II = 1> <Delay = 1.00> <Adapter> <Opcode : 'read' 'write' 'readreq' 'writereq' 'writeresp'>

State 45 <SV = 44> <Delay = 7.30>
ST_45 : Operation 468 [1/1] (0.00ns)   --->   "%zext_ln116_38 = zext i7 %p_ZZ10conv_layerPaS_iiiiS_S_E8tile_out_38_load" [cnn_accel.cpp:116]   --->   Operation 468 'zext' 'zext_ln116_38' <Predicate = (!icmp_ln105 & and_ln112)> <Delay = 0.00>
ST_45 : Operation 469 [1/1] (7.30ns)   --->   "%write_ln116 = write void @_ssdm_op_Write.m_axi.p1i8, i8 %gmem_addr, i8 %zext_ln116_38, i1 1" [cnn_accel.cpp:116]   --->   Operation 469 'write' 'write_ln116' <Predicate = (!icmp_ln105 & and_ln112)> <Delay = 7.30> <CoreInst = "m_axi">   --->   Core 111 'm_axi' <Latency = 5> <II = 1> <Delay = 1.00> <Adapter> <Opcode : 'read' 'write' 'readreq' 'writereq' 'writeresp'>

State 46 <SV = 45> <Delay = 7.30>
ST_46 : Operation 470 [1/1] (0.00ns)   --->   "%zext_ln116_39 = zext i7 %p_ZZ10conv_layerPaS_iiiiS_S_E8tile_out_39_load" [cnn_accel.cpp:116]   --->   Operation 470 'zext' 'zext_ln116_39' <Predicate = (!icmp_ln105 & and_ln112)> <Delay = 0.00>
ST_46 : Operation 471 [1/1] (7.30ns)   --->   "%write_ln116 = write void @_ssdm_op_Write.m_axi.p1i8, i8 %gmem_addr, i8 %zext_ln116_39, i1 1" [cnn_accel.cpp:116]   --->   Operation 471 'write' 'write_ln116' <Predicate = (!icmp_ln105 & and_ln112)> <Delay = 7.30> <CoreInst = "m_axi">   --->   Core 111 'm_axi' <Latency = 5> <II = 1> <Delay = 1.00> <Adapter> <Opcode : 'read' 'write' 'readreq' 'writereq' 'writeresp'>

State 47 <SV = 46> <Delay = 7.30>
ST_47 : Operation 472 [1/1] (0.00ns)   --->   "%zext_ln116_40 = zext i7 %p_ZZ10conv_layerPaS_iiiiS_S_E8tile_out_40_load" [cnn_accel.cpp:116]   --->   Operation 472 'zext' 'zext_ln116_40' <Predicate = (!icmp_ln105 & and_ln112)> <Delay = 0.00>
ST_47 : Operation 473 [1/1] (7.30ns)   --->   "%write_ln116 = write void @_ssdm_op_Write.m_axi.p1i8, i8 %gmem_addr, i8 %zext_ln116_40, i1 1" [cnn_accel.cpp:116]   --->   Operation 473 'write' 'write_ln116' <Predicate = (!icmp_ln105 & and_ln112)> <Delay = 7.30> <CoreInst = "m_axi">   --->   Core 111 'm_axi' <Latency = 5> <II = 1> <Delay = 1.00> <Adapter> <Opcode : 'read' 'write' 'readreq' 'writereq' 'writeresp'>

State 48 <SV = 47> <Delay = 7.30>
ST_48 : Operation 474 [1/1] (0.00ns)   --->   "%zext_ln116_41 = zext i7 %conv_layer_signed_char_signed_char_int_int_int_int_signed_char_signed_char_tile_out_118" [cnn_accel.cpp:116]   --->   Operation 474 'zext' 'zext_ln116_41' <Predicate = (!icmp_ln105 & and_ln112)> <Delay = 0.00>
ST_48 : Operation 475 [1/1] (7.30ns)   --->   "%write_ln116 = write void @_ssdm_op_Write.m_axi.p1i8, i8 %gmem_addr, i8 %zext_ln116_41, i1 1" [cnn_accel.cpp:116]   --->   Operation 475 'write' 'write_ln116' <Predicate = (!icmp_ln105 & and_ln112)> <Delay = 7.30> <CoreInst = "m_axi">   --->   Core 111 'm_axi' <Latency = 5> <II = 1> <Delay = 1.00> <Adapter> <Opcode : 'read' 'write' 'readreq' 'writereq' 'writeresp'>

State 49 <SV = 48> <Delay = 7.30>
ST_49 : Operation 476 [1/1] (0.00ns)   --->   "%zext_ln116_42 = zext i7 %conv_layer_signed_char_signed_char_int_int_int_int_signed_char_signed_char_tile_out_119" [cnn_accel.cpp:116]   --->   Operation 476 'zext' 'zext_ln116_42' <Predicate = (!icmp_ln105 & and_ln112)> <Delay = 0.00>
ST_49 : Operation 477 [1/1] (7.30ns)   --->   "%write_ln116 = write void @_ssdm_op_Write.m_axi.p1i8, i8 %gmem_addr, i8 %zext_ln116_42, i1 1" [cnn_accel.cpp:116]   --->   Operation 477 'write' 'write_ln116' <Predicate = (!icmp_ln105 & and_ln112)> <Delay = 7.30> <CoreInst = "m_axi">   --->   Core 111 'm_axi' <Latency = 5> <II = 1> <Delay = 1.00> <Adapter> <Opcode : 'read' 'write' 'readreq' 'writereq' 'writeresp'>

State 50 <SV = 49> <Delay = 7.30>
ST_50 : Operation 478 [1/1] (0.00ns)   --->   "%zext_ln116_43 = zext i7 %conv_layer_signed_char_signed_char_int_int_int_int_signed_char_signed_char_tile_out_120" [cnn_accel.cpp:116]   --->   Operation 478 'zext' 'zext_ln116_43' <Predicate = (!icmp_ln105 & and_ln112)> <Delay = 0.00>
ST_50 : Operation 479 [1/1] (7.30ns)   --->   "%write_ln116 = write void @_ssdm_op_Write.m_axi.p1i8, i8 %gmem_addr, i8 %zext_ln116_43, i1 1" [cnn_accel.cpp:116]   --->   Operation 479 'write' 'write_ln116' <Predicate = (!icmp_ln105 & and_ln112)> <Delay = 7.30> <CoreInst = "m_axi">   --->   Core 111 'm_axi' <Latency = 5> <II = 1> <Delay = 1.00> <Adapter> <Opcode : 'read' 'write' 'readreq' 'writereq' 'writeresp'>

State 51 <SV = 50> <Delay = 7.30>
ST_51 : Operation 480 [1/1] (0.00ns)   --->   "%zext_ln116_44 = zext i7 %conv_layer_signed_char_signed_char_int_int_int_int_signed_char_signed_char_tile_out_121" [cnn_accel.cpp:116]   --->   Operation 480 'zext' 'zext_ln116_44' <Predicate = (!icmp_ln105 & and_ln112)> <Delay = 0.00>
ST_51 : Operation 481 [1/1] (7.30ns)   --->   "%write_ln116 = write void @_ssdm_op_Write.m_axi.p1i8, i8 %gmem_addr, i8 %zext_ln116_44, i1 1" [cnn_accel.cpp:116]   --->   Operation 481 'write' 'write_ln116' <Predicate = (!icmp_ln105 & and_ln112)> <Delay = 7.30> <CoreInst = "m_axi">   --->   Core 111 'm_axi' <Latency = 5> <II = 1> <Delay = 1.00> <Adapter> <Opcode : 'read' 'write' 'readreq' 'writereq' 'writeresp'>

State 52 <SV = 51> <Delay = 7.30>
ST_52 : Operation 482 [1/1] (0.00ns)   --->   "%zext_ln116_45 = zext i7 %conv_layer_signed_char_signed_char_int_int_int_int_signed_char_signed_char_tile_out_122" [cnn_accel.cpp:116]   --->   Operation 482 'zext' 'zext_ln116_45' <Predicate = (!icmp_ln105 & and_ln112)> <Delay = 0.00>
ST_52 : Operation 483 [1/1] (7.30ns)   --->   "%write_ln116 = write void @_ssdm_op_Write.m_axi.p1i8, i8 %gmem_addr, i8 %zext_ln116_45, i1 1" [cnn_accel.cpp:116]   --->   Operation 483 'write' 'write_ln116' <Predicate = (!icmp_ln105 & and_ln112)> <Delay = 7.30> <CoreInst = "m_axi">   --->   Core 111 'm_axi' <Latency = 5> <II = 1> <Delay = 1.00> <Adapter> <Opcode : 'read' 'write' 'readreq' 'writereq' 'writeresp'>

State 53 <SV = 52> <Delay = 7.30>
ST_53 : Operation 484 [1/1] (0.00ns)   --->   "%zext_ln116_46 = zext i7 %p_ZZ10conv_layerPaS_iiiiS_S_E8tile_out_46_load" [cnn_accel.cpp:116]   --->   Operation 484 'zext' 'zext_ln116_46' <Predicate = (!icmp_ln105 & and_ln112)> <Delay = 0.00>
ST_53 : Operation 485 [1/1] (7.30ns)   --->   "%write_ln116 = write void @_ssdm_op_Write.m_axi.p1i8, i8 %gmem_addr, i8 %zext_ln116_46, i1 1" [cnn_accel.cpp:116]   --->   Operation 485 'write' 'write_ln116' <Predicate = (!icmp_ln105 & and_ln112)> <Delay = 7.30> <CoreInst = "m_axi">   --->   Core 111 'm_axi' <Latency = 5> <II = 1> <Delay = 1.00> <Adapter> <Opcode : 'read' 'write' 'readreq' 'writereq' 'writeresp'>

State 54 <SV = 53> <Delay = 7.30>
ST_54 : Operation 486 [1/1] (0.00ns)   --->   "%zext_ln116_47 = zext i7 %p_ZZ10conv_layerPaS_iiiiS_S_E8tile_out_47_load" [cnn_accel.cpp:116]   --->   Operation 486 'zext' 'zext_ln116_47' <Predicate = (!icmp_ln105 & and_ln112)> <Delay = 0.00>
ST_54 : Operation 487 [1/1] (7.30ns)   --->   "%write_ln116 = write void @_ssdm_op_Write.m_axi.p1i8, i8 %gmem_addr, i8 %zext_ln116_47, i1 1" [cnn_accel.cpp:116]   --->   Operation 487 'write' 'write_ln116' <Predicate = (!icmp_ln105 & and_ln112)> <Delay = 7.30> <CoreInst = "m_axi">   --->   Core 111 'm_axi' <Latency = 5> <II = 1> <Delay = 1.00> <Adapter> <Opcode : 'read' 'write' 'readreq' 'writereq' 'writeresp'>

State 55 <SV = 54> <Delay = 7.30>
ST_55 : Operation 488 [1/1] (0.00ns)   --->   "%zext_ln116_48 = zext i7 %p_ZZ10conv_layerPaS_iiiiS_S_E8tile_out_48_load" [cnn_accel.cpp:116]   --->   Operation 488 'zext' 'zext_ln116_48' <Predicate = (!icmp_ln105 & and_ln112)> <Delay = 0.00>
ST_55 : Operation 489 [1/1] (7.30ns)   --->   "%write_ln116 = write void @_ssdm_op_Write.m_axi.p1i8, i8 %gmem_addr, i8 %zext_ln116_48, i1 1" [cnn_accel.cpp:116]   --->   Operation 489 'write' 'write_ln116' <Predicate = (!icmp_ln105 & and_ln112)> <Delay = 7.30> <CoreInst = "m_axi">   --->   Core 111 'm_axi' <Latency = 5> <II = 1> <Delay = 1.00> <Adapter> <Opcode : 'read' 'write' 'readreq' 'writereq' 'writeresp'>

State 56 <SV = 55> <Delay = 7.30>
ST_56 : Operation 490 [1/1] (0.00ns)   --->   "%zext_ln116_49 = zext i7 %p_ZZ10conv_layerPaS_iiiiS_S_E8tile_out_49_load" [cnn_accel.cpp:116]   --->   Operation 490 'zext' 'zext_ln116_49' <Predicate = (!icmp_ln105 & and_ln112)> <Delay = 0.00>
ST_56 : Operation 491 [1/1] (7.30ns)   --->   "%write_ln116 = write void @_ssdm_op_Write.m_axi.p1i8, i8 %gmem_addr, i8 %zext_ln116_49, i1 1" [cnn_accel.cpp:116]   --->   Operation 491 'write' 'write_ln116' <Predicate = (!icmp_ln105 & and_ln112)> <Delay = 7.30> <CoreInst = "m_axi">   --->   Core 111 'm_axi' <Latency = 5> <II = 1> <Delay = 1.00> <Adapter> <Opcode : 'read' 'write' 'readreq' 'writereq' 'writeresp'>

State 57 <SV = 56> <Delay = 7.30>
ST_57 : Operation 492 [1/1] (0.00ns)   --->   "%zext_ln116_50 = zext i7 %p_ZZ10conv_layerPaS_iiiiS_S_E8tile_out_50_load" [cnn_accel.cpp:116]   --->   Operation 492 'zext' 'zext_ln116_50' <Predicate = (!icmp_ln105 & and_ln112)> <Delay = 0.00>
ST_57 : Operation 493 [1/1] (7.30ns)   --->   "%write_ln116 = write void @_ssdm_op_Write.m_axi.p1i8, i8 %gmem_addr, i8 %zext_ln116_50, i1 1" [cnn_accel.cpp:116]   --->   Operation 493 'write' 'write_ln116' <Predicate = (!icmp_ln105 & and_ln112)> <Delay = 7.30> <CoreInst = "m_axi">   --->   Core 111 'm_axi' <Latency = 5> <II = 1> <Delay = 1.00> <Adapter> <Opcode : 'read' 'write' 'readreq' 'writereq' 'writeresp'>

State 58 <SV = 57> <Delay = 7.30>
ST_58 : Operation 494 [1/1] (0.00ns)   --->   "%zext_ln116_51 = zext i7 %conv_layer_signed_char_signed_char_int_int_int_int_signed_char_signed_char_tile_out_123" [cnn_accel.cpp:116]   --->   Operation 494 'zext' 'zext_ln116_51' <Predicate = (!icmp_ln105 & and_ln112)> <Delay = 0.00>
ST_58 : Operation 495 [1/1] (7.30ns)   --->   "%write_ln116 = write void @_ssdm_op_Write.m_axi.p1i8, i8 %gmem_addr, i8 %zext_ln116_51, i1 1" [cnn_accel.cpp:116]   --->   Operation 495 'write' 'write_ln116' <Predicate = (!icmp_ln105 & and_ln112)> <Delay = 7.30> <CoreInst = "m_axi">   --->   Core 111 'm_axi' <Latency = 5> <II = 1> <Delay = 1.00> <Adapter> <Opcode : 'read' 'write' 'readreq' 'writereq' 'writeresp'>

State 59 <SV = 58> <Delay = 7.30>
ST_59 : Operation 496 [1/1] (0.00ns)   --->   "%zext_ln116_52 = zext i7 %conv_layer_signed_char_signed_char_int_int_int_int_signed_char_signed_char_tile_out_124" [cnn_accel.cpp:116]   --->   Operation 496 'zext' 'zext_ln116_52' <Predicate = (!icmp_ln105 & and_ln112)> <Delay = 0.00>
ST_59 : Operation 497 [1/1] (7.30ns)   --->   "%write_ln116 = write void @_ssdm_op_Write.m_axi.p1i8, i8 %gmem_addr, i8 %zext_ln116_52, i1 1" [cnn_accel.cpp:116]   --->   Operation 497 'write' 'write_ln116' <Predicate = (!icmp_ln105 & and_ln112)> <Delay = 7.30> <CoreInst = "m_axi">   --->   Core 111 'm_axi' <Latency = 5> <II = 1> <Delay = 1.00> <Adapter> <Opcode : 'read' 'write' 'readreq' 'writereq' 'writeresp'>

State 60 <SV = 59> <Delay = 7.30>
ST_60 : Operation 498 [1/1] (0.00ns)   --->   "%zext_ln116_53 = zext i7 %conv_layer_signed_char_signed_char_int_int_int_int_signed_char_signed_char_tile_out_125" [cnn_accel.cpp:116]   --->   Operation 498 'zext' 'zext_ln116_53' <Predicate = (!icmp_ln105 & and_ln112)> <Delay = 0.00>
ST_60 : Operation 499 [1/1] (7.30ns)   --->   "%write_ln116 = write void @_ssdm_op_Write.m_axi.p1i8, i8 %gmem_addr, i8 %zext_ln116_53, i1 1" [cnn_accel.cpp:116]   --->   Operation 499 'write' 'write_ln116' <Predicate = (!icmp_ln105 & and_ln112)> <Delay = 7.30> <CoreInst = "m_axi">   --->   Core 111 'm_axi' <Latency = 5> <II = 1> <Delay = 1.00> <Adapter> <Opcode : 'read' 'write' 'readreq' 'writereq' 'writeresp'>

State 61 <SV = 60> <Delay = 7.30>
ST_61 : Operation 500 [1/1] (0.00ns)   --->   "%zext_ln116_54 = zext i7 %conv_layer_signed_char_signed_char_int_int_int_int_signed_char_signed_char_tile_out_126" [cnn_accel.cpp:116]   --->   Operation 500 'zext' 'zext_ln116_54' <Predicate = (!icmp_ln105 & and_ln112)> <Delay = 0.00>
ST_61 : Operation 501 [1/1] (7.30ns)   --->   "%write_ln116 = write void @_ssdm_op_Write.m_axi.p1i8, i8 %gmem_addr, i8 %zext_ln116_54, i1 1" [cnn_accel.cpp:116]   --->   Operation 501 'write' 'write_ln116' <Predicate = (!icmp_ln105 & and_ln112)> <Delay = 7.30> <CoreInst = "m_axi">   --->   Core 111 'm_axi' <Latency = 5> <II = 1> <Delay = 1.00> <Adapter> <Opcode : 'read' 'write' 'readreq' 'writereq' 'writeresp'>

State 62 <SV = 61> <Delay = 7.30>
ST_62 : Operation 502 [1/1] (0.00ns)   --->   "%zext_ln116_55 = zext i7 %conv_layer_signed_char_signed_char_int_int_int_int_signed_char_signed_char_tile_out_127" [cnn_accel.cpp:116]   --->   Operation 502 'zext' 'zext_ln116_55' <Predicate = (!icmp_ln105 & and_ln112)> <Delay = 0.00>
ST_62 : Operation 503 [1/1] (7.30ns)   --->   "%write_ln116 = write void @_ssdm_op_Write.m_axi.p1i8, i8 %gmem_addr, i8 %zext_ln116_55, i1 1" [cnn_accel.cpp:116]   --->   Operation 503 'write' 'write_ln116' <Predicate = (!icmp_ln105 & and_ln112)> <Delay = 7.30> <CoreInst = "m_axi">   --->   Core 111 'm_axi' <Latency = 5> <II = 1> <Delay = 1.00> <Adapter> <Opcode : 'read' 'write' 'readreq' 'writereq' 'writeresp'>

State 63 <SV = 62> <Delay = 7.30>
ST_63 : Operation 504 [1/1] (0.00ns)   --->   "%zext_ln116_56 = zext i7 %p_ZZ10conv_layerPaS_iiiiS_S_E8tile_out_56_load" [cnn_accel.cpp:116]   --->   Operation 504 'zext' 'zext_ln116_56' <Predicate = (!icmp_ln105 & and_ln112)> <Delay = 0.00>
ST_63 : Operation 505 [1/1] (7.30ns)   --->   "%write_ln116 = write void @_ssdm_op_Write.m_axi.p1i8, i8 %gmem_addr, i8 %zext_ln116_56, i1 1" [cnn_accel.cpp:116]   --->   Operation 505 'write' 'write_ln116' <Predicate = (!icmp_ln105 & and_ln112)> <Delay = 7.30> <CoreInst = "m_axi">   --->   Core 111 'm_axi' <Latency = 5> <II = 1> <Delay = 1.00> <Adapter> <Opcode : 'read' 'write' 'readreq' 'writereq' 'writeresp'>

State 64 <SV = 63> <Delay = 7.30>
ST_64 : Operation 506 [1/1] (0.00ns)   --->   "%zext_ln116_57 = zext i7 %p_ZZ10conv_layerPaS_iiiiS_S_E8tile_out_57_load" [cnn_accel.cpp:116]   --->   Operation 506 'zext' 'zext_ln116_57' <Predicate = (!icmp_ln105 & and_ln112)> <Delay = 0.00>
ST_64 : Operation 507 [1/1] (7.30ns)   --->   "%write_ln116 = write void @_ssdm_op_Write.m_axi.p1i8, i8 %gmem_addr, i8 %zext_ln116_57, i1 1" [cnn_accel.cpp:116]   --->   Operation 507 'write' 'write_ln116' <Predicate = (!icmp_ln105 & and_ln112)> <Delay = 7.30> <CoreInst = "m_axi">   --->   Core 111 'm_axi' <Latency = 5> <II = 1> <Delay = 1.00> <Adapter> <Opcode : 'read' 'write' 'readreq' 'writereq' 'writeresp'>

State 65 <SV = 64> <Delay = 7.30>
ST_65 : Operation 508 [1/1] (0.00ns)   --->   "%zext_ln116_58 = zext i7 %p_ZZ10conv_layerPaS_iiiiS_S_E8tile_out_58_load" [cnn_accel.cpp:116]   --->   Operation 508 'zext' 'zext_ln116_58' <Predicate = (and_ln112)> <Delay = 0.00>
ST_65 : Operation 509 [1/1] (7.30ns)   --->   "%write_ln116 = write void @_ssdm_op_Write.m_axi.p1i8, i8 %gmem_addr, i8 %zext_ln116_58, i1 1" [cnn_accel.cpp:116]   --->   Operation 509 'write' 'write_ln116' <Predicate = (and_ln112)> <Delay = 7.30> <CoreInst = "m_axi">   --->   Core 111 'm_axi' <Latency = 5> <II = 1> <Delay = 1.00> <Adapter> <Opcode : 'read' 'write' 'readreq' 'writereq' 'writeresp'>

State 66 <SV = 65> <Delay = 7.30>
ST_66 : Operation 510 [1/1] (0.00ns)   --->   "%zext_ln116_59 = zext i7 %p_ZZ10conv_layerPaS_iiiiS_S_E8tile_out_59_load" [cnn_accel.cpp:116]   --->   Operation 510 'zext' 'zext_ln116_59' <Predicate = (and_ln112)> <Delay = 0.00>
ST_66 : Operation 511 [1/1] (7.30ns)   --->   "%write_ln116 = write void @_ssdm_op_Write.m_axi.p1i8, i8 %gmem_addr, i8 %zext_ln116_59, i1 1" [cnn_accel.cpp:116]   --->   Operation 511 'write' 'write_ln116' <Predicate = (and_ln112)> <Delay = 7.30> <CoreInst = "m_axi">   --->   Core 111 'm_axi' <Latency = 5> <II = 1> <Delay = 1.00> <Adapter> <Opcode : 'read' 'write' 'readreq' 'writereq' 'writeresp'>
ST_66 : Operation 512 [2/2] (3.25ns)   --->   "%conv_layer_signed_char_signed_char_int_int_int_int_signed_char_signed_char_tile_out_128 = load i10 %p_ZZ10conv_layerPaS_iiiiS_S_E8tile_out_61_addr" [cnn_accel.cpp:116]   --->   Operation 512 'load' 'conv_layer_signed_char_signed_char_int_int_int_int_signed_char_signed_char_tile_out_128' <Predicate = (and_ln112)> <Delay = 3.25> <CoreInst = "RAM_T2P_BRAM">   --->   Core 93 'RAM_T2P_BRAM' <Latency = 1> <II = 1> <Delay = 3.25> <Storage> <Opcode : 'load' 'store'> <Ports = 2> <Width = 7> <Depth = 1024> <RAM>
ST_66 : Operation 513 [2/2] (3.25ns)   --->   "%conv_layer_signed_char_signed_char_int_int_int_int_signed_char_signed_char_tile_out_129 = load i10 %p_ZZ10conv_layerPaS_iiiiS_S_E8tile_out_62_addr" [cnn_accel.cpp:116]   --->   Operation 513 'load' 'conv_layer_signed_char_signed_char_int_int_int_int_signed_char_signed_char_tile_out_129' <Predicate = (and_ln112)> <Delay = 3.25> <CoreInst = "RAM_T2P_BRAM">   --->   Core 93 'RAM_T2P_BRAM' <Latency = 1> <II = 1> <Delay = 3.25> <Storage> <Opcode : 'load' 'store'> <Ports = 2> <Width = 7> <Depth = 1024> <RAM>
ST_66 : Operation 514 [2/2] (3.25ns)   --->   "%conv_layer_signed_char_signed_char_int_int_int_int_signed_char_signed_char_tile_out_130 = load i10 %p_ZZ10conv_layerPaS_iiiiS_S_E8tile_out_63_addr" [cnn_accel.cpp:116]   --->   Operation 514 'load' 'conv_layer_signed_char_signed_char_int_int_int_int_signed_char_signed_char_tile_out_130' <Predicate = (and_ln112)> <Delay = 3.25> <CoreInst = "RAM_T2P_BRAM">   --->   Core 93 'RAM_T2P_BRAM' <Latency = 1> <II = 1> <Delay = 3.25> <Storage> <Opcode : 'load' 'store'> <Ports = 2> <Width = 7> <Depth = 1024> <RAM>

State 67 <SV = 66> <Delay = 7.30>
ST_67 : Operation 515 [1/1] (0.00ns)   --->   "%zext_ln116_60 = zext i7 %p_ZZ10conv_layerPaS_iiiiS_S_E8tile_out_60_load" [cnn_accel.cpp:116]   --->   Operation 515 'zext' 'zext_ln116_60' <Predicate = (and_ln112)> <Delay = 0.00>
ST_67 : Operation 516 [1/1] (7.30ns)   --->   "%write_ln116 = write void @_ssdm_op_Write.m_axi.p1i8, i8 %gmem_addr, i8 %zext_ln116_60, i1 1" [cnn_accel.cpp:116]   --->   Operation 516 'write' 'write_ln116' <Predicate = (and_ln112)> <Delay = 7.30> <CoreInst = "m_axi">   --->   Core 111 'm_axi' <Latency = 5> <II = 1> <Delay = 1.00> <Adapter> <Opcode : 'read' 'write' 'readreq' 'writereq' 'writeresp'>
ST_67 : Operation 517 [1/2] ( I:3.25ns O:3.25ns )   --->   "%conv_layer_signed_char_signed_char_int_int_int_int_signed_char_signed_char_tile_out_128 = load i10 %p_ZZ10conv_layerPaS_iiiiS_S_E8tile_out_61_addr" [cnn_accel.cpp:116]   --->   Operation 517 'load' 'conv_layer_signed_char_signed_char_int_int_int_int_signed_char_signed_char_tile_out_128' <Predicate = (and_ln112)> <Delay = 3.25> <CoreInst = "RAM_T2P_BRAM">   --->   Core 93 'RAM_T2P_BRAM' <Latency = 1> <II = 1> <Delay = 3.25> <Storage> <Opcode : 'load' 'store'> <Ports = 2> <Width = 7> <Depth = 1024> <RAM>
ST_67 : Operation 518 [1/2] ( I:3.25ns O:3.25ns )   --->   "%conv_layer_signed_char_signed_char_int_int_int_int_signed_char_signed_char_tile_out_129 = load i10 %p_ZZ10conv_layerPaS_iiiiS_S_E8tile_out_62_addr" [cnn_accel.cpp:116]   --->   Operation 518 'load' 'conv_layer_signed_char_signed_char_int_int_int_int_signed_char_signed_char_tile_out_129' <Predicate = (and_ln112)> <Delay = 3.25> <CoreInst = "RAM_T2P_BRAM">   --->   Core 93 'RAM_T2P_BRAM' <Latency = 1> <II = 1> <Delay = 3.25> <Storage> <Opcode : 'load' 'store'> <Ports = 2> <Width = 7> <Depth = 1024> <RAM>
ST_67 : Operation 519 [1/2] ( I:3.25ns O:3.25ns )   --->   "%conv_layer_signed_char_signed_char_int_int_int_int_signed_char_signed_char_tile_out_130 = load i10 %p_ZZ10conv_layerPaS_iiiiS_S_E8tile_out_63_addr" [cnn_accel.cpp:116]   --->   Operation 519 'load' 'conv_layer_signed_char_signed_char_int_int_int_int_signed_char_signed_char_tile_out_130' <Predicate = (and_ln112)> <Delay = 3.25> <CoreInst = "RAM_T2P_BRAM">   --->   Core 93 'RAM_T2P_BRAM' <Latency = 1> <II = 1> <Delay = 3.25> <Storage> <Opcode : 'load' 'store'> <Ports = 2> <Width = 7> <Depth = 1024> <RAM>

State 68 <SV = 67> <Delay = 7.30>
ST_68 : Operation 520 [1/1] (0.00ns)   --->   "%zext_ln116_61 = zext i7 %conv_layer_signed_char_signed_char_int_int_int_int_signed_char_signed_char_tile_out_128" [cnn_accel.cpp:116]   --->   Operation 520 'zext' 'zext_ln116_61' <Predicate = (and_ln112)> <Delay = 0.00>
ST_68 : Operation 521 [1/1] (7.30ns)   --->   "%write_ln116 = write void @_ssdm_op_Write.m_axi.p1i8, i8 %gmem_addr, i8 %zext_ln116_61, i1 1" [cnn_accel.cpp:116]   --->   Operation 521 'write' 'write_ln116' <Predicate = (and_ln112)> <Delay = 7.30> <CoreInst = "m_axi">   --->   Core 111 'm_axi' <Latency = 5> <II = 1> <Delay = 1.00> <Adapter> <Opcode : 'read' 'write' 'readreq' 'writereq' 'writeresp'>

State 69 <SV = 68> <Delay = 7.30>
ST_69 : Operation 522 [1/1] (0.00ns)   --->   "%zext_ln116_62 = zext i7 %conv_layer_signed_char_signed_char_int_int_int_int_signed_char_signed_char_tile_out_129" [cnn_accel.cpp:116]   --->   Operation 522 'zext' 'zext_ln116_62' <Predicate = (and_ln112)> <Delay = 0.00>
ST_69 : Operation 523 [1/1] (7.30ns)   --->   "%write_ln116 = write void @_ssdm_op_Write.m_axi.p1i8, i8 %gmem_addr, i8 %zext_ln116_62, i1 1" [cnn_accel.cpp:116]   --->   Operation 523 'write' 'write_ln116' <Predicate = (and_ln112)> <Delay = 7.30> <CoreInst = "m_axi">   --->   Core 111 'm_axi' <Latency = 5> <II = 1> <Delay = 1.00> <Adapter> <Opcode : 'read' 'write' 'readreq' 'writereq' 'writeresp'>

State 70 <SV = 69> <Delay = 7.30>
ST_70 : Operation 524 [1/1] (0.00ns)   --->   "%zext_ln116_63 = zext i7 %conv_layer_signed_char_signed_char_int_int_int_int_signed_char_signed_char_tile_out_130" [cnn_accel.cpp:116]   --->   Operation 524 'zext' 'zext_ln116_63' <Predicate = (and_ln112)> <Delay = 0.00>
ST_70 : Operation 525 [1/1] (7.30ns)   --->   "%write_ln116 = write void @_ssdm_op_Write.m_axi.p1i8, i8 %gmem_addr, i8 %zext_ln116_63, i1 1" [cnn_accel.cpp:116]   --->   Operation 525 'write' 'write_ln116' <Predicate = (and_ln112)> <Delay = 7.30> <CoreInst = "m_axi">   --->   Core 111 'm_axi' <Latency = 5> <II = 1> <Delay = 1.00> <Adapter> <Opcode : 'read' 'write' 'readreq' 'writereq' 'writeresp'>

State 71 <SV = 70> <Delay = 7.30>
ST_71 : Operation 526 [5/5] (7.30ns)   --->   "%empty_131 = writeresp i1 @_ssdm_op_WriteResp.m_axi.p1i8, i8 %gmem_addr" [cnn_accel.cpp:106]   --->   Operation 526 'writeresp' 'empty_131' <Predicate = (and_ln112)> <Delay = 7.30> <CoreInst = "m_axi">   --->   Core 111 'm_axi' <Latency = 3> <II = 1> <Delay = 1.00> <Adapter> <Opcode : 'read' 'write' 'readreq' 'writereq' 'writeresp'>

State 72 <SV = 71> <Delay = 7.30>
ST_72 : Operation 527 [4/5] (7.30ns)   --->   "%empty_131 = writeresp i1 @_ssdm_op_WriteResp.m_axi.p1i8, i8 %gmem_addr" [cnn_accel.cpp:106]   --->   Operation 527 'writeresp' 'empty_131' <Predicate = (and_ln112)> <Delay = 7.30> <CoreInst = "m_axi">   --->   Core 111 'm_axi' <Latency = 3> <II = 1> <Delay = 1.00> <Adapter> <Opcode : 'read' 'write' 'readreq' 'writereq' 'writeresp'>

State 73 <SV = 72> <Delay = 7.30>
ST_73 : Operation 528 [3/5] (7.30ns)   --->   "%empty_131 = writeresp i1 @_ssdm_op_WriteResp.m_axi.p1i8, i8 %gmem_addr" [cnn_accel.cpp:106]   --->   Operation 528 'writeresp' 'empty_131' <Predicate = (and_ln112)> <Delay = 7.30> <CoreInst = "m_axi">   --->   Core 111 'm_axi' <Latency = 3> <II = 1> <Delay = 1.00> <Adapter> <Opcode : 'read' 'write' 'readreq' 'writereq' 'writeresp'>

State 74 <SV = 73> <Delay = 7.30>
ST_74 : Operation 529 [2/5] (7.30ns)   --->   "%empty_131 = writeresp i1 @_ssdm_op_WriteResp.m_axi.p1i8, i8 %gmem_addr" [cnn_accel.cpp:106]   --->   Operation 529 'writeresp' 'empty_131' <Predicate = (and_ln112)> <Delay = 7.30> <CoreInst = "m_axi">   --->   Core 111 'm_axi' <Latency = 3> <II = 1> <Delay = 1.00> <Adapter> <Opcode : 'read' 'write' 'readreq' 'writereq' 'writeresp'>

State 75 <SV = 74> <Delay = 7.30>
ST_75 : Operation 530 [1/5] (7.30ns)   --->   "%empty_131 = writeresp i1 @_ssdm_op_WriteResp.m_axi.p1i8, i8 %gmem_addr" [cnn_accel.cpp:106]   --->   Operation 530 'writeresp' 'empty_131' <Predicate = (and_ln112)> <Delay = 7.30> <CoreInst = "m_axi">   --->   Core 111 'm_axi' <Latency = 3> <II = 1> <Delay = 1.00> <Adapter> <Opcode : 'read' 'write' 'readreq' 'writereq' 'writeresp'>
ST_75 : Operation 531 [1/1] (0.00ns)   --->   "%br_ln106 = br void %for.inc167" [cnn_accel.cpp:106]   --->   Operation 531 'br' 'br_ln106' <Predicate = (and_ln112)> <Delay = 0.00>


============================================================
+ Verbose Summary: Binding
============================================================
STG Binding: 
---------------- STG Properties BEGIN ----------------
- Is combinational: 0
- Is one-state seq: 0
- Is datapath-only: 0
- Is pipelined: 0
- Is top level: 0
Port [ Return ] is wired: 1; IO mode=ap_ctrl_hs:ce=0
Port [ H_cast303]:  wired=1; compound=0; hidden=0; nouse=0; global=0; static=0; extern=0; dir=0; type=0; pingpong=0; private_global=0; IO mode=ap_none:ce=0
Port [ ty]:  wired=1; compound=0; hidden=0; nouse=0; global=0; static=0; extern=0; dir=0; type=0; pingpong=0; private_global=0; IO mode=ap_none:ce=0
Port [ H]:  wired=1; compound=0; hidden=0; nouse=0; global=0; static=0; extern=0; dir=0; type=0; pingpong=0; private_global=0; IO mode=ap_none:ce=0
Port [ zext_ln44]:  wired=1; compound=0; hidden=0; nouse=0; global=0; static=0; extern=0; dir=0; type=0; pingpong=0; private_global=0; IO mode=ap_none:ce=0
Port [ phi_mul]:  wired=1; compound=0; hidden=0; nouse=0; global=0; static=0; extern=0; dir=0; type=0; pingpong=0; private_global=0; IO mode=ap_none:ce=0
Port [ output_r]:  wired=1; compound=0; hidden=0; nouse=0; global=0; static=0; extern=0; dir=0; type=0; pingpong=0; private_global=0; IO mode=ap_none:ce=0
Port [ tx]:  wired=1; compound=0; hidden=0; nouse=0; global=0; static=0; extern=0; dir=0; type=0; pingpong=0; private_global=0; IO mode=ap_none:ce=0
Port [ gmem]:  wired=1; compound=1; hidden=0; nouse=0; global=0; static=0; extern=0; dir=1; type=4; pingpong=0; private_global=0; IO mode=m_axi:ce=0
Port [ conv_layer_signed_char_signed_char_int_int_int_int_signed_char_signed_9]:  wired=1; compound=1; hidden=0; nouse=0; global=1; static=1; extern=0; dir=0; type=1; pingpong=0; private_global=0; MemPort=[13]; IO mode=ap_memory:ce=0
Port [ conv_layer_signed_char_signed_char_int_int_int_int_signed_char_signed_6]:  wired=1; compound=1; hidden=0; nouse=0; global=1; static=1; extern=0; dir=0; type=1; pingpong=0; private_global=0; MemPort=[13]; IO mode=ap_memory:ce=0
Port [ conv_layer_signed_char_signed_char_int_int_int_int_signed_char_signed_5]:  wired=1; compound=1; hidden=0; nouse=0; global=1; static=1; extern=0; dir=0; type=1; pingpong=0; private_global=0; MemPort=[13]; IO mode=ap_memory:ce=0
Port [ conv_layer_signed_char_signed_char_int_int_int_int_signed_char_signed_4]:  wired=1; compound=1; hidden=0; nouse=0; global=1; static=1; extern=0; dir=0; type=1; pingpong=0; private_global=0; MemPort=[13]; IO mode=ap_memory:ce=0
Port [ conv_layer_signed_char_signed_char_int_int_int_int_signed_char_signed_3]:  wired=1; compound=1; hidden=0; nouse=0; global=1; static=1; extern=0; dir=0; type=1; pingpong=0; private_global=0; MemPort=[13]; IO mode=ap_memory:ce=0
Port [ conv_layer_signed_char_signed_char_int_int_int_int_signed_char_signed_2]:  wired=1; compound=1; hidden=0; nouse=0; global=1; static=1; extern=0; dir=0; type=1; pingpong=0; private_global=0; MemPort=[13]; IO mode=ap_memory:ce=0
Port [ conv_layer_signed_char_signed_char_int_int_int_int_signed_char_signed_1]:  wired=1; compound=1; hidden=0; nouse=0; global=1; static=1; extern=0; dir=0; type=1; pingpong=0; private_global=0; MemPort=[13]; IO mode=ap_memory:ce=0
Port [ conv_mulmulmullayer_signed_char_signed_char_int_int_int_int_signed_char_signed]:  wired=1; compound=1; hidden=0; nouse=0; global=1; static=1; extern=0; dir=0; type=1; pingpong=0; private_global=0; MemPort=[13]; IO mode=ap_memory:ce=0
Port [ conv_layer_signed_char_signed_char_int_int_int_int_signed_char_signed_8]:  wired=1; compound=1; hidden=0; nouse=0; global=1; static=1; extern=0; dir=0; type=1; pingpong=0; private_global=0; MemPort=[13]; IO mode=ap_memory:ce=0
Port [ conv_layer_signed_char_signed_char_int_int_int_int_signed_char_signed_7]:  wired=1; compound=1; hidden=0; nouse=0; global=1; static=1; extern=0; dir=0; type=1; pingpong=0; private_global=0; MemPort=[13]; IO mode=ap_memory:ce=0
Port [ p_ZZ10conv_layerPaS_iiiiS_S_E8tile_out_10]:  wired=1; compound=1; hidden=0; nouse=0; global=1; static=1; extern=0; dir=0; type=1; pingpong=0; private_global=0; MemPort=[13]; IO mode=ap_memory:ce=0
Port [ p_ZZ10conv_layerPaS_iiiiS_S_E8tile_out_11]:  wired=1; compound=1; hidden=0; nouse=0; global=1; static=1; extern=0; dir=0; type=1; pingpong=0; private_global=0; MemPort=[13]; IO mode=ap_memory:ce=0
Port [ p_ZZ10conv_layerPaS_iiiiS_S_E8tile_out_12]:  wired=1; compound=1; hidden=0; nouse=0; global=1; static=1; extern=0; dir=0; type=1; pingpong=0; private_global=0; MemPort=[13]; IO mode=ap_memory:ce=0
Port [ p_ZZ10conv_layerPaS_iiiiS_S_E8tile_out_13]:  wired=1; compound=1; hidden=0; nouse=0; global=1; static=1; extern=0; dir=0; type=1; pingpong=0; private_global=0; MemPort=[13]; IO mode=ap_memory:ce=0
Port [ p_ZZ10conv_layerPaS_iiiiS_S_E8tile_out_14]:  wired=1; compound=1; hidden=0; nouse=0; global=1; static=1; extern=0; dir=0; type=1; pingpong=0; private_global=0; MemPort=[13]; IO mode=ap_memory:ce=0
Port [ p_ZZ10conv_layerPaS_iiiiS_S_E8tile_out_15]:  wired=1; compound=1; hidden=0; nouse=0; global=1; static=1; extern=0; dir=0; type=1; pingpong=0; private_global=0; MemPort=[13]; IO mode=ap_memory:ce=0
Port [ p_ZZ10conv_layerPaS_iiiiS_S_E8tile_out_16]:  wired=1; compound=1; hidden=0; nouse=0; global=1; static=1; extern=0; dir=0; type=1; pingpong=0; private_global=0; MemPort=[13]; IO mode=ap_memory:ce=0
Port [ p_ZZ10conv_layerPaS_iiiiS_S_E8tile_out_17]:  wired=1; compound=1; hidden=0; nouse=0; global=1; static=1; extern=0; dir=0; type=1; pingpong=0; private_global=0; MemPort=[13]; IO mode=ap_memory:ce=0
Port [ p_ZZ10conv_layerPaS_iiiiS_S_E8tile_out_18]:  wired=1; compound=1; hidden=0; nouse=0; global=1; static=1; extern=0; dir=0; type=1; pingpong=0; private_global=0; MemPort=[13]; IO mode=ap_memory:ce=0
Port [ p_ZZ10conv_layerPaS_iiiiS_S_E8tile_out_19]:  wired=1; compound=1; hidden=0; nouse=0; global=1; static=1; extern=0; dir=0; type=1; pingpong=0; private_global=0; MemPort=[13]; IO mode=ap_memory:ce=0
Port [ p_ZZ10conv_layerPaS_iiiiS_S_E8tile_out_20]:  wired=1; compound=1; hidden=0; nouse=0; global=1; static=1; extern=0; dir=0; type=1; pingpong=0; private_global=0; MemPort=[13]; IO mode=ap_memory:ce=0
Port [ p_ZZ10conv_layerPaS_iiiiS_S_E8tile_out_21]:  wired=1; compound=1; hidden=0; nouse=0; global=1; static=1; extern=0; dir=0; type=1; pingpong=0; private_global=0; MemPort=[13]; IO mode=ap_memory:ce=0
Port [ p_ZZ10conv_layerPaS_iiiiS_S_E8tile_out_22]:  wired=1; compound=1; hidden=0; nouse=0; global=1; static=1; extern=0; dir=0; type=1; pingpong=0; private_global=0; MemPort=[13]; IO mode=ap_memory:ce=0
Port [ p_ZZ10conv_layerPaS_iiiiS_S_E8tile_out_23]:  wired=1; compound=1; hidden=0; nouse=0; global=1; static=1; extern=0; dir=0; type=1; pingpong=0; private_global=0; MemPort=[13]; IO mode=ap_memory:ce=0
Port [ p_ZZ10conv_layerPaS_iiiiS_S_E8tile_out_24]:  wired=1; compound=1; hidden=0; nouse=0; global=1; static=1; extern=0; dir=0; type=1; pingpong=0; private_global=0; MemPort=[13]; IO mode=ap_memory:ce=0
Port [ p_ZZ10conv_layerPaS_iiiiS_S_E8tile_out_25]:  wired=1; compound=1; hidden=0; nouse=0; global=1; static=1; extern=0; dir=0; type=1; pingpong=0; private_global=0; MemPort=[13]; IO mode=ap_memory:ce=0
Port [ p_ZZ10conv_layerPaS_iiiiS_S_E8tile_out_26]:  wired=1; compound=1; hidden=0; nouse=0; global=1; static=1; extern=0; dir=0; type=1; pingpong=0; private_global=0; MemPort=[13]; IO mode=ap_memory:ce=0
Port [ p_ZZ10conv_layerPaS_iiiiS_S_E8tile_out_27]:  wired=1; compound=1; hidden=0; nouse=0; global=1; static=1; extern=0; dir=0; type=1; pingpong=0; private_global=0; MemPort=[13]; IO mode=ap_memory:ce=0
Port [ p_ZZ10conv_layerPaS_iiiiS_S_E8tile_out_28]:  wired=1; compound=1; hidden=0; nouse=0; global=1; static=1; extern=0; dir=0; type=1; pingpong=0; private_global=0; MemPort=[13]; IO mode=ap_memory:ce=0
Port [ p_ZZ10conv_layerPaS_iiiiS_S_E8tile_out_29]:  wired=1; compound=1; hidden=0; nouse=0; global=1; static=1; extern=0; dir=0; type=1; pingpong=0; private_global=0; MemPort=[13]; IO mode=ap_memory:ce=0
Port [ p_ZZ10conv_layerPaS_iiiiS_S_E8tile_out_30]:  wired=1; compound=1; hidden=0; nouse=0; global=1; static=1; extern=0; dir=0; type=1; pingpong=0; private_global=0; MemPort=[13]; IO mode=ap_memory:ce=0
Port [ p_ZZ10conv_layerPaS_iiiiS_S_E8tile_out_31]:  wired=1; compound=1; hidden=0; nouse=0; global=1; static=1; extern=0; dir=0; type=1; pingpong=0; private_global=0; MemPort=[13]; IO mode=ap_memory:ce=0
Port [ p_ZZ10conv_layerPaS_iiiiS_S_E8tile_out_32]:  wired=1; compound=1; hidden=0; nouse=0; global=1; static=1; extern=0; dir=0; type=1; pingpong=0; private_global=0; MemPort=[13]; IO mode=ap_memory:ce=0
Port [ p_ZZ10conv_layerPaS_iiiiS_S_E8tile_out_33]:  wired=1; compound=1; hidden=0; nouse=0; global=1; static=1; extern=0; dir=0; type=1; pingpong=0; private_global=0; MemPort=[13]; IO mode=ap_memory:ce=0
Port [ p_ZZ10conv_layerPaS_iiiiS_S_E8tile_out_34]:  wired=1; compound=1; hidden=0; nouse=0; global=1; static=1; extern=0; dir=0; type=1; pingpong=0; private_global=0; MemPort=[13]; IO mode=ap_memory:ce=0
Port [ p_ZZ10conv_layerPaS_iiiiS_S_E8tile_out_35]:  wired=1; compound=1; hidden=0; nouse=0; global=1; static=1; extern=0; dir=0; type=1; pingpong=0; private_global=0; MemPort=[13]; IO mode=ap_memory:ce=0
Port [ p_ZZ10conv_layerPaS_iiiiS_S_E8tile_out_36]:  wired=1; compound=1; hidden=0; nouse=0; global=1; static=1; extern=0; dir=0; type=1; pingpong=0; private_global=0; MemPort=[13]; IO mode=ap_memory:ce=0
Port [ p_ZZ10conv_layerPaS_iiiiS_S_E8tile_out_37]:  wired=1; compound=1; hidden=0; nouse=0; global=1; static=1; extern=0; dir=0; type=1; pingpong=0; private_global=0; MemPort=[13]; IO mode=ap_memory:ce=0
Port [ p_ZZ10conv_layerPaS_iiiiS_S_E8tile_out_38]:  wired=1; compound=1; hidden=0; nouse=0; global=1; static=1; extern=0; dir=0; type=1; pingpong=0; private_global=0; MemPort=[13]; IO mode=ap_memory:ce=0
Port [ p_ZZ10conv_layerPaS_iiiiS_S_E8tile_out_39]:  wired=1; compound=1; hidden=0; nouse=0; global=1; static=1; extern=0; dir=0; type=1; pingpong=0; private_global=0; MemPort=[13]; IO mode=ap_memory:ce=0
Port [ p_ZZ10conv_layerPaS_iiiiS_S_E8tile_out_40]:  wired=1; compound=1; hidden=0; nouse=0; global=1; static=1; extern=0; dir=0; type=1; pingpong=0; private_global=0; MemPort=[13]; IO mode=ap_memory:ce=0
Port [ p_ZZ10conv_layerPaS_iiiiS_S_E8tile_out_41]:  wired=1; compound=1; hidden=0; nouse=0; global=1; static=1; extern=0; dir=0; type=1; pingpong=0; private_global=0; MemPort=[13]; IO mode=ap_memory:ce=0
Port [ p_ZZ10conv_layerPaS_iiiiS_S_E8tile_out_42]:  wired=1; compound=1; hidden=0; nouse=0; global=1; static=1; extern=0; dir=0; type=1; pingpong=0; private_global=0; MemPort=[13]; IO mode=ap_memory:ce=0
Port [ p_ZZ10conv_layerPaS_iiiiS_S_E8tile_out_43]:  wired=1; compound=1; hidden=0; nouse=0; global=1; static=1; extern=0; dir=0; type=1; pingpong=0; private_global=0; MemPort=[13]; IO mode=ap_memory:ce=0
Port [ p_ZZ10conv_layerPaS_iiiiS_S_E8tile_out_44]:  wired=1; compound=1; hidden=0; nouse=0; global=1; static=1; extern=0; dir=0; type=1; pingpong=0; private_global=0; MemPort=[13]; IO mode=ap_memory:ce=0
Port [ p_ZZ10conv_layerPaS_iiiiS_S_E8tile_out_45]:  wired=1; compound=1; hidden=0; nouse=0; global=1; static=1; extern=0; dir=0; type=1; pingpong=0; private_global=0; MemPort=[13]; IO mode=ap_memory:ce=0
Port [ p_ZZ10conv_layerPaS_iiiiS_S_E8tile_out_46]:  wired=1; compound=1; hidden=0; nouse=0; global=1; static=1; extern=0; dir=0; type=1; pingpong=0; private_global=0; MemPort=[13]; IO mode=ap_memory:ce=0
Port [ p_ZZ10conv_layerPaS_iiiiS_S_E8tile_out_47]:  wired=1; compound=1; hidden=0; nouse=0; global=1; static=1; extern=0; dir=0; type=1; pingpong=0; private_global=0; MemPort=[13]; IO mode=ap_memory:ce=0
Port [ p_ZZ10conv_layerPaS_iiiiS_S_E8tile_out_48]:  wired=1; compound=1; hidden=0; nouse=0; global=1; static=1; extern=0; dir=0; type=1; pingpong=0; private_global=0; MemPort=[13]; IO mode=ap_memory:ce=0
Port [ p_ZZ10conv_layerPaS_iiiiS_S_E8tile_out_49]:  wired=1; compound=1; hidden=0; nouse=0; global=1; static=1; extern=0; dir=0; type=1; pingpong=0; private_global=0; MemPort=[13]; IO mode=ap_memory:ce=0
Port [ p_ZZ10conv_layerPaS_iiiiS_S_E8tile_out_50]:  wired=1; compound=1; hidden=0; nouse=0; global=1; static=1; extern=0; dir=0; type=1; pingpong=0; private_global=0; MemPort=[13]; IO mode=ap_memory:ce=0
Port [ p_ZZ10conv_layerPaS_iiiiS_S_E8tile_out_51]:  wired=1; compound=1; hidden=0; nouse=0; global=1; static=1; extern=0; dir=0; type=1; pingpong=0; private_global=0; MemPort=[13]; IO mode=ap_memory:ce=0
Port [ p_ZZ10conv_layerPaS_iiiiS_S_E8tile_out_52]:  wired=1; compound=1; hidden=0; nouse=0; global=1; static=1; extern=0; dir=0; type=1; pingpong=0; private_global=0; MemPort=[13]; IO mode=ap_memory:ce=0
Port [ p_ZZ10conv_layerPaS_iiiiS_S_E8tile_out_53]:  wired=1; compound=1; hidden=0; nouse=0; global=1; static=1; extern=0; dir=0; type=1; pingpong=0; private_global=0; MemPort=[13]; IO mode=ap_memory:ce=0
Port [ p_ZZ10conv_layerPaS_iiiiS_S_E8tile_out_54]:  wired=1; compound=1; hidden=0; nouse=0; global=1; static=1; extern=0; dir=0; type=1; pingpong=0; private_global=0; MemPort=[13]; IO mode=ap_memory:ce=0
Port [ p_ZZ10conv_layerPaS_iiiiS_S_E8tile_out_55]:  wired=1; compound=1; hidden=0; nouse=0; global=1; static=1; extern=0; dir=0; type=1; pingpong=0; private_global=0; MemPort=[13]; IO mode=ap_memory:ce=0
Port [ p_ZZ10conv_layerPaS_iiiiS_S_E8tile_out_56]:  wired=1; compound=1; hidden=0; nouse=0; global=1; static=1; extern=0; dir=0; type=1; pingpong=0; private_global=0; MemPort=[13]; IO mode=ap_memory:ce=0
Port [ p_ZZ10conv_layerPaS_iiiiS_S_E8tile_out_57]:  wired=1; compound=1; hidden=0; nouse=0; global=1; static=1; extern=0; dir=0; type=1; pingpong=0; private_global=0; MemPort=[13]; IO mode=ap_memory:ce=0
Port [ p_ZZ10conv_layerPaS_iiiiS_S_E8tile_out_58]:  wired=1; compound=1; hidden=0; nouse=0; global=1; static=1; extern=0; dir=0; type=1; pingpong=0; private_global=0; MemPort=[13]; IO mode=ap_memory:ce=0
Port [ p_ZZ10conv_layerPaS_iiiiS_S_E8tile_out_59]:  wired=1; compound=1; hidden=0; nouse=0; global=1; static=1; extern=0; dir=0; type=1; pingpong=0; private_global=0; MemPort=[13]; IO mode=ap_memory:ce=0
Port [ p_ZZ10conv_layerPaS_iiiiS_S_E8tile_out_60]:  wired=1; compound=1; hidden=0; nouse=0; global=1; static=1; extern=0; dir=0; type=1; pingpong=0; private_global=0; MemPort=[13]; IO mode=ap_memory:ce=0
Port [ p_ZZ10conv_layerPaS_iiiiS_S_E8tile_out_61]:  wired=1; compound=1; hidden=0; nouse=0; global=1; static=1; extern=0; dir=0; type=1; pingpong=0; private_global=0; MemPort=[13]; IO mode=ap_memory:ce=0
Port [ p_ZZ10conv_layerPaS_iiiiS_S_E8tile_out_62]:  wired=1; compound=1; hidden=0; nouse=0; global=1; static=1; extern=0; dir=0; type=1; pingpong=0; private_global=0; MemPort=[13]; IO mode=ap_memory:ce=0
Port [ p_ZZ10conv_layerPaS_iiiiS_S_E8tile_out_63]:  wired=1; compound=1; hidden=0; nouse=0; global=1; static=1; extern=0; dir=0; type=1; pingpong=0; private_global=0; MemPort=[13]; IO mode=ap_memory:ce=0
---------------- STG Properties END ------------------

---------------- Datapath Model BEGIN ----------------

<LifeTime>
<method=bitvector/>
x                                                                                       (alloca           ) [ 0110000000000000000000000000000000000000000000000000000000000000000000000000]
y                                                                                       (alloca           ) [ 0100000000000000000000000000000000000000000000000000000000000000000000000000]
indvar_flatten13                                                                        (alloca           ) [ 0100000000000000000000000000000000000000000000000000000000000000000000000000]
tx_read                                                                                 (read             ) [ 0000000000000000000000000000000000000000000000000000000000000000000000000000]
output_read                                                                             (read             ) [ 0011110000000000000000000000000000000000000000000000000000000000000000000000]
phi_mul_read                                                                            (read             ) [ 0000000000000000000000000000000000000000000000000000000000000000000000000000]
zext_ln44_read                                                                          (read             ) [ 0000000000000000000000000000000000000000000000000000000000000000000000000000]
H_read                                                                                  (read             ) [ 0000000000000000000000000000000000000000000000000000000000000000000000000000]
ty_read                                                                                 (read             ) [ 0000000000000000000000000000000000000000000000000000000000000000000000000000]
H_cast303_read                                                                          (read             ) [ 0000000000000000000000000000000000000000000000000000000000000000000000000000]
tx_cast                                                                                 (zext             ) [ 0010000000000000000000000000000000000000000000000000000000000000000000000000]
zext_ln44_cast                                                                          (zext             ) [ 0000000000000000000000000000000000000000000000000000000000000000000000000000]
H_cast                                                                                  (zext             ) [ 0010000000000000000000000000000000000000000000000000000000000000000000000000]
ty_cast                                                                                 (zext             ) [ 0010000000000000000000000000000000000000000000000000000000000000000000000000]
H_cast303_cast                                                                          (zext             ) [ 0011000000000000000000000000000000000000000000000000000000000000000000000000]
specmemcore_ln0                                                                         (specmemcore      ) [ 0000000000000000000000000000000000000000000000000000000000000000000000000000]
specmemcore_ln0                                                                         (specmemcore      ) [ 0000000000000000000000000000000000000000000000000000000000000000000000000000]
specmemcore_ln0                                                                         (specmemcore      ) [ 0000000000000000000000000000000000000000000000000000000000000000000000000000]
specmemcore_ln0                                                                         (specmemcore      ) [ 0000000000000000000000000000000000000000000000000000000000000000000000000000]
specmemcore_ln0                                                                         (specmemcore      ) [ 0000000000000000000000000000000000000000000000000000000000000000000000000000]
specmemcore_ln0                                                                         (specmemcore      ) [ 0000000000000000000000000000000000000000000000000000000000000000000000000000]
specmemcore_ln0                                                                         (specmemcore      ) [ 0000000000000000000000000000000000000000000000000000000000000000000000000000]
specmemcore_ln0                                                                         (specmemcore      ) [ 0000000000000000000000000000000000000000000000000000000000000000000000000000]
specmemcore_ln0                                                                         (specmemcore      ) [ 0000000000000000000000000000000000000000000000000000000000000000000000000000]
specmemcore_ln0                                                                         (specmemcore      ) [ 0000000000000000000000000000000000000000000000000000000000000000000000000000]
specmemcore_ln0                                                                         (specmemcore      ) [ 0000000000000000000000000000000000000000000000000000000000000000000000000000]
specmemcore_ln0                                                                         (specmemcore      ) [ 0000000000000000000000000000000000000000000000000000000000000000000000000000]
specmemcore_ln0                                                                         (specmemcore      ) [ 0000000000000000000000000000000000000000000000000000000000000000000000000000]
specmemcore_ln0                                                                         (specmemcore      ) [ 0000000000000000000000000000000000000000000000000000000000000000000000000000]
specmemcore_ln0                                                                         (specmemcore      ) [ 0000000000000000000000000000000000000000000000000000000000000000000000000000]
specmemcore_ln0                                                                         (specmemcore      ) [ 0000000000000000000000000000000000000000000000000000000000000000000000000000]
specmemcore_ln0                                                                         (specmemcore      ) [ 0000000000000000000000000000000000000000000000000000000000000000000000000000]
specmemcore_ln0                                                                         (specmemcore      ) [ 0000000000000000000000000000000000000000000000000000000000000000000000000000]
specmemcore_ln0                                                                         (specmemcore      ) [ 0000000000000000000000000000000000000000000000000000000000000000000000000000]
specmemcore_ln0                                                                         (specmemcore      ) [ 0000000000000000000000000000000000000000000000000000000000000000000000000000]
specmemcore_ln0                                                                         (specmemcore      ) [ 0000000000000000000000000000000000000000000000000000000000000000000000000000]
specmemcore_ln0                                                                         (specmemcore      ) [ 0000000000000000000000000000000000000000000000000000000000000000000000000000]
specmemcore_ln0                                                                         (specmemcore      ) [ 0000000000000000000000000000000000000000000000000000000000000000000000000000]
specmemcore_ln0                                                                         (specmemcore      ) [ 0000000000000000000000000000000000000000000000000000000000000000000000000000]
specmemcore_ln0                                                                         (specmemcore      ) [ 0000000000000000000000000000000000000000000000000000000000000000000000000000]
specmemcore_ln0                                                                         (specmemcore      ) [ 0000000000000000000000000000000000000000000000000000000000000000000000000000]
specmemcore_ln0                                                                         (specmemcore      ) [ 0000000000000000000000000000000000000000000000000000000000000000000000000000]
specmemcore_ln0                                                                         (specmemcore      ) [ 0000000000000000000000000000000000000000000000000000000000000000000000000000]
specmemcore_ln0                                                                         (specmemcore      ) [ 0000000000000000000000000000000000000000000000000000000000000000000000000000]
specmemcore_ln0                                                                         (specmemcore      ) [ 0000000000000000000000000000000000000000000000000000000000000000000000000000]
specmemcore_ln0                                                                         (specmemcore      ) [ 0000000000000000000000000000000000000000000000000000000000000000000000000000]
specmemcore_ln0                                                                         (specmemcore      ) [ 0000000000000000000000000000000000000000000000000000000000000000000000000000]
specmemcore_ln0                                                                         (specmemcore      ) [ 0000000000000000000000000000000000000000000000000000000000000000000000000000]
specmemcore_ln0                                                                         (specmemcore      ) [ 0000000000000000000000000000000000000000000000000000000000000000000000000000]
specmemcore_ln0                                                                         (specmemcore      ) [ 0000000000000000000000000000000000000000000000000000000000000000000000000000]
specmemcore_ln0                                                                         (specmemcore      ) [ 0000000000000000000000000000000000000000000000000000000000000000000000000000]
specmemcore_ln0                                                                         (specmemcore      ) [ 0000000000000000000000000000000000000000000000000000000000000000000000000000]
specmemcore_ln0                                                                         (specmemcore      ) [ 0000000000000000000000000000000000000000000000000000000000000000000000000000]
specmemcore_ln0                                                                         (specmemcore      ) [ 0000000000000000000000000000000000000000000000000000000000000000000000000000]
specmemcore_ln0                                                                         (specmemcore      ) [ 0000000000000000000000000000000000000000000000000000000000000000000000000000]
specmemcore_ln0                                                                         (specmemcore      ) [ 0000000000000000000000000000000000000000000000000000000000000000000000000000]
specmemcore_ln0                                                                         (specmemcore      ) [ 0000000000000000000000000000000000000000000000000000000000000000000000000000]
specmemcore_ln0                                                                         (specmemcore      ) [ 0000000000000000000000000000000000000000000000000000000000000000000000000000]
specmemcore_ln0                                                                         (specmemcore      ) [ 0000000000000000000000000000000000000000000000000000000000000000000000000000]
specmemcore_ln0                                                                         (specmemcore      ) [ 0000000000000000000000000000000000000000000000000000000000000000000000000000]
specmemcore_ln0                                                                         (specmemcore      ) [ 0000000000000000000000000000000000000000000000000000000000000000000000000000]
specmemcore_ln0                                                                         (specmemcore      ) [ 0000000000000000000000000000000000000000000000000000000000000000000000000000]
specmemcore_ln0                                                                         (specmemcore      ) [ 0000000000000000000000000000000000000000000000000000000000000000000000000000]
specmemcore_ln0                                                                         (specmemcore      ) [ 0000000000000000000000000000000000000000000000000000000000000000000000000000]
specmemcore_ln0                                                                         (specmemcore      ) [ 0000000000000000000000000000000000000000000000000000000000000000000000000000]
specmemcore_ln0                                                                         (specmemcore      ) [ 0000000000000000000000000000000000000000000000000000000000000000000000000000]
specmemcore_ln0                                                                         (specmemcore      ) [ 0000000000000000000000000000000000000000000000000000000000000000000000000000]
specmemcore_ln0                                                                         (specmemcore      ) [ 0000000000000000000000000000000000000000000000000000000000000000000000000000]
specmemcore_ln0                                                                         (specmemcore      ) [ 0000000000000000000000000000000000000000000000000000000000000000000000000000]
specmemcore_ln0                                                                         (specmemcore      ) [ 0000000000000000000000000000000000000000000000000000000000000000000000000000]
specmemcore_ln0                                                                         (specmemcore      ) [ 0000000000000000000000000000000000000000000000000000000000000000000000000000]
specmemcore_ln0                                                                         (specmemcore      ) [ 0000000000000000000000000000000000000000000000000000000000000000000000000000]
specmemcore_ln0                                                                         (specmemcore      ) [ 0000000000000000000000000000000000000000000000000000000000000000000000000000]
specmemcore_ln0                                                                         (specmemcore      ) [ 0000000000000000000000000000000000000000000000000000000000000000000000000000]
specmemcore_ln0                                                                         (specmemcore      ) [ 0000000000000000000000000000000000000000000000000000000000000000000000000000]
specmemcore_ln0                                                                         (specmemcore      ) [ 0000000000000000000000000000000000000000000000000000000000000000000000000000]
specmemcore_ln0                                                                         (specmemcore      ) [ 0000000000000000000000000000000000000000000000000000000000000000000000000000]
specmemcore_ln0                                                                         (specmemcore      ) [ 0000000000000000000000000000000000000000000000000000000000000000000000000000]
specmemcore_ln0                                                                         (specmemcore      ) [ 0000000000000000000000000000000000000000000000000000000000000000000000000000]
specinterface_ln0                                                                       (specinterface    ) [ 0000000000000000000000000000000000000000000000000000000000000000000000000000]
store_ln0                                                                               (store            ) [ 0000000000000000000000000000000000000000000000000000000000000000000000000000]
store_ln105                                                                             (store            ) [ 0000000000000000000000000000000000000000000000000000000000000000000000000000]
store_ln106                                                                             (store            ) [ 0000000000000000000000000000000000000000000000000000000000000000000000000000]
br_ln0                                                                                  (br               ) [ 0000000000000000000000000000000000000000000000000000000000000000000000000000]
indvar_flatten13_load                                                                   (load             ) [ 0000000000000000000000000000000000000000000000000000000000000000000000000000]
icmp_ln105                                                                              (icmp             ) [ 0111111111111111111111111111111111111111111111111111111111111111100000000000]
add_ln105_1                                                                             (add              ) [ 0000000000000000000000000000000000000000000000000000000000000000000000000000]
br_ln105                                                                                (br               ) [ 0000000000000000000000000000000000000000000000000000000000000000000000000000]
x_load                                                                                  (load             ) [ 0000000000000000000000000000000000000000000000000000000000000000000000000000]
y_load                                                                                  (load             ) [ 0000000000000000000000000000000000000000000000000000000000000000000000000000]
add_ln105                                                                               (add              ) [ 0000000000000000000000000000000000000000000000000000000000000000000000000000]
icmp_ln106                                                                              (icmp             ) [ 0000000000000000000000000000000000000000000000000000000000000000000000000000]
select_ln105                                                                            (select           ) [ 0011100000000000000000000000000000000000000000000000000000000000000000000000]
select_ln105_1                                                                          (select           ) [ 0010000000000000000000000000000000000000000000000000000000000000000000000000]
trunc_ln116                                                                             (trunc            ) [ 0010000000000000000000000000000000000000000000000000000000000000000000000000]
tmp21                                                                                   (add              ) [ 0011110000000000000000000000000000000000000000000000000000000000000000000000]
store_ln105                                                                             (store            ) [ 0000000000000000000000000000000000000000000000000000000000000000000000000000]
store_ln105                                                                             (store            ) [ 0000000000000000000000000000000000000000000000000000000000000000000000000000]
tmp_s                                                                                   (bitconcatenate   ) [ 0000000000000000000000000000000000000000000000000000000000000000000000000000]
zext_ln105                                                                              (zext             ) [ 0000000000000000000000000000000000000000000000000000000000000000000000000000]
y_1_cast                                                                                (zext             ) [ 0001000000000000000000000000000000000000000000000000000000000000000000000000]
empty_97                                                                                (add              ) [ 0000000000000000000000000000000000000000000000000000000000000000000000000000]
cmp141                                                                                  (icmp             ) [ 0000000000000000000000000000000000000000000000000000000000000000000000000000]
zext_ln116_64                                                                           (zext             ) [ 0000000000000000000000000000000000000000000000000000000000000000000000000000]
add_ln116                                                                               (add              ) [ 0000000000000000000000000000000000000000000000000000000000000000000000000000]
zext_ln116_65                                                                           (zext             ) [ 0000000000000000000000000000000000000000000000000000000000000000000000000000]
p_ZZ10conv_layerPaS_iiiiS_S_E8tile_out_10_addr                                          (getelementptr    ) [ 0001000000000000000000000000000000000000000000000000000000000000000000000000]
p_ZZ10conv_layerPaS_iiiiS_S_E8tile_out_11_addr                                          (getelementptr    ) [ 0001000000000000000000000000000000000000000000000000000000000000000000000000]
p_ZZ10conv_layerPaS_iiiiS_S_E8tile_out_12_addr                                          (getelementptr    ) [ 0001000000000000000000000000000000000000000000000000000000000000000000000000]
p_ZZ10conv_layerPaS_iiiiS_S_E8tile_out_13_addr                                          (getelementptr    ) [ 0001000000000000000000000000000000000000000000000000000000000000000000000000]
p_ZZ10conv_layerPaS_iiiiS_S_E8tile_out_14_addr                                          (getelementptr    ) [ 0001000000000000000000000000000000000000000000000000000000000000000000000000]
conv_layer_signed_char_signed_char_int_int_int_int_signed_char_signed_char_tile_out     (getelementptr    ) [ 0001000000000000000000000000000000000000000000000000000000000000000000000000]
p_ZZ10conv_layerPaS_iiiiS_S_E8tile_out_16_addr                                          (getelementptr    ) [ 0001000000000000000000000000000000000000000000000000000000000000000000000000]
p_ZZ10conv_layerPaS_iiiiS_S_E8tile_out_17_addr                                          (getelementptr    ) [ 0001000000000000000000000000000000000000000000000000000000000000000000000000]
p_ZZ10conv_layerPaS_iiiiS_S_E8tile_out_18_addr                                          (getelementptr    ) [ 0001000000000000000000000000000000000000000000000000000000000000000000000000]
p_ZZ10conv_layerPaS_iiiiS_S_E8tile_out_19_addr                                          (getelementptr    ) [ 0001000000000000000000000000000000000000000000000000000000000000000000000000]
p_ZZ10conv_layerPaS_iiiiS_S_E8tile_out_20_addr                                          (getelementptr    ) [ 0001000000000000000000000000000000000000000000000000000000000000000000000000]
p_ZZ10conv_layerPaS_iiiiS_S_E8tile_out_21_addr                                          (getelementptr    ) [ 0001000000000000000000000000000000000000000000000000000000000000000000000000]
p_ZZ10conv_layerPaS_iiiiS_S_E8tile_out_22_addr                                          (getelementptr    ) [ 0001000000000000000000000000000000000000000000000000000000000000000000000000]
p_ZZ10conv_layerPaS_iiiiS_S_E8tile_out_23_addr                                          (getelementptr    ) [ 0001000000000000000000000000000000000000000000000000000000000000000000000000]
p_ZZ10conv_layerPaS_iiiiS_S_E8tile_out_24_addr                                          (getelementptr    ) [ 0001000000000000000000000000000000000000000000000000000000000000000000000000]
conv_layer_signed_char_signed_char_int_int_int_int_signed_char_signed_char_tile_out_98  (getelementptr    ) [ 0001000000000000000000000000000000000000000000000000000000000000000000000000]
p_ZZ10conv_layerPaS_iiiiS_S_E8tile_out_26_addr                                          (getelementptr    ) [ 0001000000000000000000000000000000000000000000000000000000000000000000000000]
p_ZZ10conv_layerPaS_iiiiS_S_E8tile_out_27_addr                                          (getelementptr    ) [ 0001000000000000000000000000000000000000000000000000000000000000000000000000]
p_ZZ10conv_layerPaS_iiiiS_S_E8tile_out_28_addr                                          (getelementptr    ) [ 0001000000000000000000000000000000000000000000000000000000000000000000000000]
p_ZZ10conv_layerPaS_iiiiS_S_E8tile_out_29_addr                                          (getelementptr    ) [ 0001000000000000000000000000000000000000000000000000000000000000000000000000]
p_ZZ10conv_layerPaS_iiiiS_S_E8tile_out_30_addr                                          (getelementptr    ) [ 0001000000000000000000000000000000000000000000000000000000000000000000000000]
p_ZZ10conv_layerPaS_iiiiS_S_E8tile_out_31_addr                                          (getelementptr    ) [ 0001000000000000000000000000000000000000000000000000000000000000000000000000]
p_ZZ10conv_layerPaS_iiiiS_S_E8tile_out_32_addr                                          (getelementptr    ) [ 0001000000000000000000000000000000000000000000000000000000000000000000000000]
p_ZZ10conv_layerPaS_iiiiS_S_E8tile_out_33_addr                                          (getelementptr    ) [ 0001000000000000000000000000000000000000000000000000000000000000000000000000]
p_ZZ10conv_layerPaS_iiiiS_S_E8tile_out_34_addr                                          (getelementptr    ) [ 0001000000000000000000000000000000000000000000000000000000000000000000000000]
conv_layer_signed_char_signed_char_int_int_int_int_signed_char_signed_char_tile_out_99  (getelementptr    ) [ 0001000000000000000000000000000000000000000000000000000000000000000000000000]
p_ZZ10conv_layerPaS_iiiiS_S_E8tile_out_36_addr                                          (getelementptr    ) [ 0001000000000000000000000000000000000000000000000000000000000000000000000000]
p_ZZ10conv_layerPaS_iiiiS_S_E8tile_out_37_addr                                          (getelementptr    ) [ 0001000000000000000000000000000000000000000000000000000000000000000000000000]
p_ZZ10conv_layerPaS_iiiiS_S_E8tile_out_38_addr                                          (getelementptr    ) [ 0001000000000000000000000000000000000000000000000000000000000000000000000000]
p_ZZ10conv_layerPaS_iiiiS_S_E8tile_out_39_addr                                          (getelementptr    ) [ 0001000000000000000000000000000000000000000000000000000000000000000000000000]
p_ZZ10conv_layerPaS_iiiiS_S_E8tile_out_40_addr                                          (getelementptr    ) [ 0001000000000000000000000000000000000000000000000000000000000000000000000000]
p_ZZ10conv_layerPaS_iiiiS_S_E8tile_out_41_addr                                          (getelementptr    ) [ 0001000000000000000000000000000000000000000000000000000000000000000000000000]
p_ZZ10conv_layerPaS_iiiiS_S_E8tile_out_42_addr                                          (getelementptr    ) [ 0001000000000000000000000000000000000000000000000000000000000000000000000000]
p_ZZ10conv_layerPaS_iiiiS_S_E8tile_out_43_addr                                          (getelementptr    ) [ 0001000000000000000000000000000000000000000000000000000000000000000000000000]
p_ZZ10conv_layerPaS_iiiiS_S_E8tile_out_44_addr                                          (getelementptr    ) [ 0001000000000000000000000000000000000000000000000000000000000000000000000000]
conv_layer_signed_char_signed_char_int_int_int_int_signed_char_signed_char_tile_out_100 (getelementptr    ) [ 0001000000000000000000000000000000000000000000000000000000000000000000000000]
p_ZZ10conv_layerPaS_iiiiS_S_E8tile_out_46_addr                                          (getelementptr    ) [ 0001000000000000000000000000000000000000000000000000000000000000000000000000]
p_ZZ10conv_layerPaS_iiiiS_S_E8tile_out_47_addr                                          (getelementptr    ) [ 0001000000000000000000000000000000000000000000000000000000000000000000000000]
p_ZZ10conv_layerPaS_iiiiS_S_E8tile_out_48_addr                                          (getelementptr    ) [ 0001000000000000000000000000000000000000000000000000000000000000000000000000]
p_ZZ10conv_layerPaS_iiiiS_S_E8tile_out_49_addr                                          (getelementptr    ) [ 0001000000000000000000000000000000000000000000000000000000000000000000000000]
p_ZZ10conv_layerPaS_iiiiS_S_E8tile_out_50_addr                                          (getelementptr    ) [ 0001000000000000000000000000000000000000000000000000000000000000000000000000]
p_ZZ10conv_layerPaS_iiiiS_S_E8tile_out_51_addr                                          (getelementptr    ) [ 0001000000000000000000000000000000000000000000000000000000000000000000000000]
p_ZZ10conv_layerPaS_iiiiS_S_E8tile_out_52_addr                                          (getelementptr    ) [ 0001000000000000000000000000000000000000000000000000000000000000000000000000]
p_ZZ10conv_layerPaS_iiiiS_S_E8tile_out_53_addr                                          (getelementptr    ) [ 0001000000000000000000000000000000000000000000000000000000000000000000000000]
p_ZZ10conv_layerPaS_iiiiS_S_E8tile_out_54_addr                                          (getelementptr    ) [ 0001000000000000000000000000000000000000000000000000000000000000000000000000]
conv_layer_signed_char_signed_char_int_int_int_int_signed_char_signed_char_tile_out_101 (getelementptr    ) [ 0001000000000000000000000000000000000000000000000000000000000000000000000000]
p_ZZ10conv_layerPaS_iiiiS_S_E8tile_out_56_addr                                          (getelementptr    ) [ 0001000000000000000000000000000000000000000000000000000000000000000000000000]
p_ZZ10conv_layerPaS_iiiiS_S_E8tile_out_57_addr                                          (getelementptr    ) [ 0001000000000000000000000000000000000000000000000000000000000000000000000000]
p_ZZ10conv_layerPaS_iiiiS_S_E8tile_out_58_addr                                          (getelementptr    ) [ 0001000000000000000000000000000000000000000000000000000000000000000000000000]
p_ZZ10conv_layerPaS_iiiiS_S_E8tile_out_59_addr                                          (getelementptr    ) [ 0001000000000000000000000000000000000000000000000000000000000000000000000000]
p_ZZ10conv_layerPaS_iiiiS_S_E8tile_out_60_addr                                          (getelementptr    ) [ 0001000000000000000000000000000000000000000000000000000000000000000000000000]
p_ZZ10conv_layerPaS_iiiiS_S_E8tile_out_61_addr                                          (getelementptr    ) [ 0111111111111111111111111111111111111111111111111111111111111111111100000000]
p_ZZ10conv_layerPaS_iiiiS_S_E8tile_out_62_addr                                          (getelementptr    ) [ 0111111111111111111111111111111111111111111111111111111111111111111100000000]
p_ZZ10conv_layerPaS_iiiiS_S_E8tile_out_63_addr                                          (getelementptr    ) [ 0111111111111111111111111111111111111111111111111111111111111111111100000000]
conv_layer_signed_char_signed_char_int_int_int_int_signed_char_signed_50                (getelementptr    ) [ 0001000000000000000000000000000000000000000000000000000000000000000000000000]
conv_layer_signed_char_signed_char_int_int_int_int_signed_char_signed_51                (getelementptr    ) [ 0001000000000000000000000000000000000000000000000000000000000000000000000000]
conv_layer_signed_char_signed_char_int_int_int_int_signed_char_signed_52                (getelementptr    ) [ 0001000000000000000000000000000000000000000000000000000000000000000000000000]
conv_layer_signed_char_signed_char_int_int_int_int_signed_char_signed_53                (getelementptr    ) [ 0001000000000000000000000000000000000000000000000000000000000000000000000000]
conv_layer_signed_char_signed_char_int_int_int_int_signed_char_signed_54                (getelementptr    ) [ 0001000000000000000000000000000000000000000000000000000000000000000000000000]
conv_layer_signed_char_signed_char_int_int_int_int_signed_char_signed_55                (getelementptr    ) [ 0001000000000000000000000000000000000000000000000000000000000000000000000000]
conv_layer_signed_char_signed_char_int_int_int_int_signed_char_signed_56                (getelementptr    ) [ 0001000000000000000000000000000000000000000000000000000000000000000000000000]
conv_layer_signed_char_signed_char_int_int_int_int_signed_char_signed_57                (getelementptr    ) [ 0001000000000000000000000000000000000000000000000000000000000000000000000000]
conv_layer_signed_char_signed_char_int_int_int_int_signed_char_signed_58                (getelementptr    ) [ 0001000000000000000000000000000000000000000000000000000000000000000000000000]
conv_layer_signed_char_signed_char_int_int_int_int_signed_char_signed_59                (getelementptr    ) [ 0001000000000000000000000000000000000000000000000000000000000000000000000000]
zext_ln106                                                                              (zext             ) [ 0000000000000000000000000000000000000000000000000000000000000000000000000000]
add_ln110_2                                                                             (add              ) [ 0000000000000000000000000000000000000000000000000000000000000000000000000000]
icmp_ln112                                                                              (icmp             ) [ 0000000000000000000000000000000000000000000000000000000000000000000000000000]
and_ln112                                                                               (and              ) [ 0111111111111111111111111111111111111111111111111111111111111111111111111111]
br_ln112                                                                                (br               ) [ 0000000000000000000000000000000000000000000000000000000000000000000000000000]
add_ln106                                                                               (add              ) [ 0000000000000000000000000000000000000000000000000000000000000000000000000000]
store_ln106                                                                             (store            ) [ 0000000000000000000000000000000000000000000000000000000000000000000000000000]
br_ln106                                                                                (br               ) [ 0000000000000000000000000000000000000000000000000000000000000000000000000000]
empty                                                                                   (mul              ) [ 0000100000000000000000000000000000000000000000000000000000000000000000000000]
conv_layer_signed_char_signed_char_int_int_int_int_signed_char_signed_60                (load             ) [ 0000111100000000000000000000000000000000000000000000000000000000000000000000]
conv_layer_signed_char_signed_char_int_int_int_int_signed_char_signed_61                (load             ) [ 0000111110000000000000000000000000000000000000000000000000000000000000000000]
conv_layer_signed_char_signed_char_int_int_int_int_signed_char_signed_62                (load             ) [ 0000111111000000000000000000000000000000000000000000000000000000000000000000]
conv_layer_signed_char_signed_char_int_int_int_int_signed_char_signed_63                (load             ) [ 0000111111100000000000000000000000000000000000000000000000000000000000000000]
conv_layer_signed_char_signed_char_int_int_int_int_signed_char_signed_64                (load             ) [ 0000111111110000000000000000000000000000000000000000000000000000000000000000]
conv_layer_signed_char_signed_char_int_int_int_int_signed_char_signed_65                (load             ) [ 0000111111111000000000000000000000000000000000000000000000000000000000000000]
conv_layer_signed_char_signed_char_int_int_int_int_signed_char_signed_66                (load             ) [ 0000111111111100000000000000000000000000000000000000000000000000000000000000]
conv_layer_signed_char_signed_char_int_int_int_int_signed_char_signed_67                (load             ) [ 0000111111111110000000000000000000000000000000000000000000000000000000000000]
conv_layer_signed_char_signed_char_int_int_int_int_signed_char_signed_68                (load             ) [ 0000111111111111000000000000000000000000000000000000000000000000000000000000]
conv_layer_signed_char_signed_char_int_int_int_int_signed_char_signed_69                (load             ) [ 0000111111111111100000000000000000000000000000000000000000000000000000000000]
p_ZZ10conv_layerPaS_iiiiS_S_E8tile_out_10_load                                          (load             ) [ 0000111111111111110000000000000000000000000000000000000000000000000000000000]
conv_layer_signed_char_signed_char_int_int_int_int_signed_char_signed_char_tile_out_103 (load             ) [ 0000111111111111111000000000000000000000000000000000000000000000000000000000]
conv_layer_signed_char_signed_char_int_int_int_int_signed_char_signed_char_tile_out_104 (load             ) [ 0000111111111111111100000000000000000000000000000000000000000000000000000000]
conv_layer_signed_char_signed_char_int_int_int_int_signed_char_signed_char_tile_out_105 (load             ) [ 0000111111111111111110000000000000000000000000000000000000000000000000000000]
conv_layer_signed_char_signed_char_int_int_int_int_signed_char_signed_char_tile_out_106 (load             ) [ 0000111111111111111111000000000000000000000000000000000000000000000000000000]
conv_layer_signed_char_signed_char_int_int_int_int_signed_char_signed_char_tile_out_107 (load             ) [ 0000111111111111111111100000000000000000000000000000000000000000000000000000]
p_ZZ10conv_layerPaS_iiiiS_S_E8tile_out_16_load                                          (load             ) [ 0000111111111111111111110000000000000000000000000000000000000000000000000000]
p_ZZ10conv_layerPaS_iiiiS_S_E8tile_out_17_load                                          (load             ) [ 0000111111111111111111111000000000000000000000000000000000000000000000000000]
p_ZZ10conv_layerPaS_iiiiS_S_E8tile_out_18_load                                          (load             ) [ 0000111111111111111111111100000000000000000000000000000000000000000000000000]
p_ZZ10conv_layerPaS_iiiiS_S_E8tile_out_19_load                                          (load             ) [ 0000111111111111111111111110000000000000000000000000000000000000000000000000]
p_ZZ10conv_layerPaS_iiiiS_S_E8tile_out_20_load                                          (load             ) [ 0000111111111111111111111111000000000000000000000000000000000000000000000000]
conv_layer_signed_char_signed_char_int_int_int_int_signed_char_signed_char_tile_out_108 (load             ) [ 0000111111111111111111111111100000000000000000000000000000000000000000000000]
conv_layer_signed_char_signed_char_int_int_int_int_signed_char_signed_char_tile_out_109 (load             ) [ 0000111111111111111111111111110000000000000000000000000000000000000000000000]
conv_layer_signed_char_signed_char_int_int_int_int_signed_char_signed_char_tile_out_110 (load             ) [ 0000111111111111111111111111111000000000000000000000000000000000000000000000]
conv_layer_signed_char_signed_char_int_int_int_int_signed_char_signed_char_tile_out_111 (load             ) [ 0000111111111111111111111111111100000000000000000000000000000000000000000000]
conv_layer_signed_char_signed_char_int_int_int_int_signed_char_signed_char_tile_out_112 (load             ) [ 0000111111111111111111111111111110000000000000000000000000000000000000000000]
p_ZZ10conv_layerPaS_iiiiS_S_E8tile_out_26_load                                          (load             ) [ 0000111111111111111111111111111111000000000000000000000000000000000000000000]
p_ZZ10conv_layerPaS_iiiiS_S_E8tile_out_27_load                                          (load             ) [ 0000111111111111111111111111111111100000000000000000000000000000000000000000]
p_ZZ10conv_layerPaS_iiiiS_S_E8tile_out_28_load                                          (load             ) [ 0000111111111111111111111111111111110000000000000000000000000000000000000000]
p_ZZ10conv_layerPaS_iiiiS_S_E8tile_out_29_load                                          (load             ) [ 0000111111111111111111111111111111111000000000000000000000000000000000000000]
p_ZZ10conv_layerPaS_iiiiS_S_E8tile_out_30_load                                          (load             ) [ 0000111111111111111111111111111111111100000000000000000000000000000000000000]
conv_layer_signed_char_signed_char_int_int_int_int_signed_char_signed_char_tile_out_113 (load             ) [ 0000111111111111111111111111111111111110000000000000000000000000000000000000]
conv_layer_signed_char_signed_char_int_int_int_int_signed_char_signed_char_tile_out_114 (load             ) [ 0000111111111111111111111111111111111111000000000000000000000000000000000000]
conv_layer_signed_char_signed_char_int_int_int_int_signed_char_signed_char_tile_out_115 (load             ) [ 0000111111111111111111111111111111111111100000000000000000000000000000000000]
conv_layer_signed_char_signed_char_int_int_int_int_signed_char_signed_char_tile_out_116 (load             ) [ 0000111111111111111111111111111111111111110000000000000000000000000000000000]
conv_layer_signed_char_signed_char_int_int_int_int_signed_char_signed_char_tile_out_117 (load             ) [ 0000111111111111111111111111111111111111111000000000000000000000000000000000]
p_ZZ10conv_layerPaS_iiiiS_S_E8tile_out_36_load                                          (load             ) [ 0000111111111111111111111111111111111111111100000000000000000000000000000000]
p_ZZ10conv_layerPaS_iiiiS_S_E8tile_out_37_load                                          (load             ) [ 0000111111111111111111111111111111111111111110000000000000000000000000000000]
p_ZZ10conv_layerPaS_iiiiS_S_E8tile_out_38_load                                          (load             ) [ 0000111111111111111111111111111111111111111111000000000000000000000000000000]
p_ZZ10conv_layerPaS_iiiiS_S_E8tile_out_39_load                                          (load             ) [ 0000111111111111111111111111111111111111111111100000000000000000000000000000]
p_ZZ10conv_layerPaS_iiiiS_S_E8tile_out_40_load                                          (load             ) [ 0000111111111111111111111111111111111111111111110000000000000000000000000000]
conv_layer_signed_char_signed_char_int_int_int_int_signed_char_signed_char_tile_out_118 (load             ) [ 0000111111111111111111111111111111111111111111111000000000000000000000000000]
conv_layer_signed_char_signed_char_int_int_int_int_signed_char_signed_char_tile_out_119 (load             ) [ 0000111111111111111111111111111111111111111111111100000000000000000000000000]
conv_layer_signed_char_signed_char_int_int_int_int_signed_char_signed_char_tile_out_120 (load             ) [ 0000111111111111111111111111111111111111111111111110000000000000000000000000]
conv_layer_signed_char_signed_char_int_int_int_int_signed_char_signed_char_tile_out_121 (load             ) [ 0000111111111111111111111111111111111111111111111111000000000000000000000000]
conv_layer_signed_char_signed_char_int_int_int_int_signed_char_signed_char_tile_out_122 (load             ) [ 0000111111111111111111111111111111111111111111111111100000000000000000000000]
p_ZZ10conv_layerPaS_iiiiS_S_E8tile_out_46_load                                          (load             ) [ 0000111111111111111111111111111111111111111111111111110000000000000000000000]
p_ZZ10conv_layerPaS_iiiiS_S_E8tile_out_47_load                                          (load             ) [ 0000111111111111111111111111111111111111111111111111111000000000000000000000]
p_ZZ10conv_layerPaS_iiiiS_S_E8tile_out_48_load                                          (load             ) [ 0000111111111111111111111111111111111111111111111111111100000000000000000000]
p_ZZ10conv_layerPaS_iiiiS_S_E8tile_out_49_load                                          (load             ) [ 0000111111111111111111111111111111111111111111111111111110000000000000000000]
p_ZZ10conv_layerPaS_iiiiS_S_E8tile_out_50_load                                          (load             ) [ 0000111111111111111111111111111111111111111111111111111111000000000000000000]
conv_layer_signed_char_signed_char_int_int_int_int_signed_char_signed_char_tile_out_123 (load             ) [ 0000111111111111111111111111111111111111111111111111111111100000000000000000]
conv_layer_signed_char_signed_char_int_int_int_int_signed_char_signed_char_tile_out_124 (load             ) [ 0000111111111111111111111111111111111111111111111111111111110000000000000000]
conv_layer_signed_char_signed_char_int_int_int_int_signed_char_signed_char_tile_out_125 (load             ) [ 0000111111111111111111111111111111111111111111111111111111111000000000000000]
conv_layer_signed_char_signed_char_int_int_int_int_signed_char_signed_char_tile_out_126 (load             ) [ 0000111111111111111111111111111111111111111111111111111111111100000000000000]
conv_layer_signed_char_signed_char_int_int_int_int_signed_char_signed_char_tile_out_127 (load             ) [ 0000111111111111111111111111111111111111111111111111111111111110000000000000]
p_ZZ10conv_layerPaS_iiiiS_S_E8tile_out_56_load                                          (load             ) [ 0000111111111111111111111111111111111111111111111111111111111111000000000000]
p_ZZ10conv_layerPaS_iiiiS_S_E8tile_out_57_load                                          (load             ) [ 0000111111111111111111111111111111111111111111111111111111111111100000000000]
p_ZZ10conv_layerPaS_iiiiS_S_E8tile_out_58_load                                          (load             ) [ 0100111111111111111111111111111111111111111111111111111111111111110000000000]
p_ZZ10conv_layerPaS_iiiiS_S_E8tile_out_59_load                                          (load             ) [ 0110111111111111111111111111111111111111111111111111111111111111111000000000]
p_ZZ10conv_layerPaS_iiiiS_S_E8tile_out_60_load                                          (load             ) [ 0111111111111111111111111111111111111111111111111111111111111111111100000000]
zext_ln106_1                                                                            (zext             ) [ 0000000000000000000000000000000000000000000000000000000000000000000000000000]
tmp                                                                                     (add              ) [ 0000010000000000000000000000000000000000000000000000000000000000000000000000]
specloopname_ln0                                                                        (specloopname     ) [ 0000000000000000000000000000000000000000000000000000000000000000000000000000]
speclooptripcount_ln0                                                                   (speclooptripcount) [ 0000000000000000000000000000000000000000000000000000000000000000000000000000]
specpipeline_ln107                                                                      (specpipeline     ) [ 0000000000000000000000000000000000000000000000000000000000000000000000000000]
tmp1                                                                                    (bitconcatenate   ) [ 0000000000000000000000000000000000000000000000000000000000000000000000000000]
tmp1_cast                                                                               (zext             ) [ 0000000000000000000000000000000000000000000000000000000000000000000000000000]
tmp3                                                                                    (bitconcatenate   ) [ 0000000000000000000000000000000000000000000000000000000000000000000000000000]
add_ln110                                                                               (add              ) [ 0000000000000000000000000000000000000000000000000000000000000000000000000000]
add_ln110_1                                                                             (add              ) [ 0000000000000000000000000000000000000000000000000000000000000000000000000000]
gmem_addr                                                                               (getelementptr    ) [ 0111111111111111111111111111111111111111111111111111111111111111111111111111]
empty_102                                                                               (writereq         ) [ 0000000000000000000000000000000000000000000000000000000000000000000000000000]
zext_ln116                                                                              (zext             ) [ 0000000000000000000000000000000000000000000000000000000000000000000000000000]
write_ln116                                                                             (write            ) [ 0000000000000000000000000000000000000000000000000000000000000000000000000000]
zext_ln116_1                                                                            (zext             ) [ 0000000000000000000000000000000000000000000000000000000000000000000000000000]
write_ln116                                                                             (write            ) [ 0000000000000000000000000000000000000000000000000000000000000000000000000000]
zext_ln116_2                                                                            (zext             ) [ 0000000000000000000000000000000000000000000000000000000000000000000000000000]
write_ln116                                                                             (write            ) [ 0000000000000000000000000000000000000000000000000000000000000000000000000000]
zext_ln116_3                                                                            (zext             ) [ 0000000000000000000000000000000000000000000000000000000000000000000000000000]
write_ln116                                                                             (write            ) [ 0000000000000000000000000000000000000000000000000000000000000000000000000000]
zext_ln116_4                                                                            (zext             ) [ 0000000000000000000000000000000000000000000000000000000000000000000000000000]
write_ln116                                                                             (write            ) [ 0000000000000000000000000000000000000000000000000000000000000000000000000000]
zext_ln116_5                                                                            (zext             ) [ 0000000000000000000000000000000000000000000000000000000000000000000000000000]
write_ln116                                                                             (write            ) [ 0000000000000000000000000000000000000000000000000000000000000000000000000000]
zext_ln116_6                                                                            (zext             ) [ 0000000000000000000000000000000000000000000000000000000000000000000000000000]
write_ln116                                                                             (write            ) [ 0000000000000000000000000000000000000000000000000000000000000000000000000000]
zext_ln116_7                                                                            (zext             ) [ 0000000000000000000000000000000000000000000000000000000000000000000000000000]
write_ln116                                                                             (write            ) [ 0000000000000000000000000000000000000000000000000000000000000000000000000000]
zext_ln116_8                                                                            (zext             ) [ 0000000000000000000000000000000000000000000000000000000000000000000000000000]
write_ln116                                                                             (write            ) [ 0000000000000000000000000000000000000000000000000000000000000000000000000000]
zext_ln116_9                                                                            (zext             ) [ 0000000000000000000000000000000000000000000000000000000000000000000000000000]
write_ln116                                                                             (write            ) [ 0000000000000000000000000000000000000000000000000000000000000000000000000000]
zext_ln116_10                                                                           (zext             ) [ 0000000000000000000000000000000000000000000000000000000000000000000000000000]
write_ln116                                                                             (write            ) [ 0000000000000000000000000000000000000000000000000000000000000000000000000000]
zext_ln116_11                                                                           (zext             ) [ 0000000000000000000000000000000000000000000000000000000000000000000000000000]
write_ln116                                                                             (write            ) [ 0000000000000000000000000000000000000000000000000000000000000000000000000000]
zext_ln116_12                                                                           (zext             ) [ 0000000000000000000000000000000000000000000000000000000000000000000000000000]
write_ln116                                                                             (write            ) [ 0000000000000000000000000000000000000000000000000000000000000000000000000000]
zext_ln116_13                                                                           (zext             ) [ 0000000000000000000000000000000000000000000000000000000000000000000000000000]
write_ln116                                                                             (write            ) [ 0000000000000000000000000000000000000000000000000000000000000000000000000000]
zext_ln116_14                                                                           (zext             ) [ 0000000000000000000000000000000000000000000000000000000000000000000000000000]
write_ln116                                                                             (write            ) [ 0000000000000000000000000000000000000000000000000000000000000000000000000000]
zext_ln116_15                                                                           (zext             ) [ 0000000000000000000000000000000000000000000000000000000000000000000000000000]
write_ln116                                                                             (write            ) [ 0000000000000000000000000000000000000000000000000000000000000000000000000000]
zext_ln116_16                                                                           (zext             ) [ 0000000000000000000000000000000000000000000000000000000000000000000000000000]
write_ln116                                                                             (write            ) [ 0000000000000000000000000000000000000000000000000000000000000000000000000000]
zext_ln116_17                                                                           (zext             ) [ 0000000000000000000000000000000000000000000000000000000000000000000000000000]
write_ln116                                                                             (write            ) [ 0000000000000000000000000000000000000000000000000000000000000000000000000000]
zext_ln116_18                                                                           (zext             ) [ 0000000000000000000000000000000000000000000000000000000000000000000000000000]
write_ln116                                                                             (write            ) [ 0000000000000000000000000000000000000000000000000000000000000000000000000000]
zext_ln116_19                                                                           (zext             ) [ 0000000000000000000000000000000000000000000000000000000000000000000000000000]
write_ln116                                                                             (write            ) [ 0000000000000000000000000000000000000000000000000000000000000000000000000000]
zext_ln116_20                                                                           (zext             ) [ 0000000000000000000000000000000000000000000000000000000000000000000000000000]
write_ln116                                                                             (write            ) [ 0000000000000000000000000000000000000000000000000000000000000000000000000000]
zext_ln116_21                                                                           (zext             ) [ 0000000000000000000000000000000000000000000000000000000000000000000000000000]
write_ln116                                                                             (write            ) [ 0000000000000000000000000000000000000000000000000000000000000000000000000000]
zext_ln116_22                                                                           (zext             ) [ 0000000000000000000000000000000000000000000000000000000000000000000000000000]
write_ln116                                                                             (write            ) [ 0000000000000000000000000000000000000000000000000000000000000000000000000000]
zext_ln116_23                                                                           (zext             ) [ 0000000000000000000000000000000000000000000000000000000000000000000000000000]
write_ln116                                                                             (write            ) [ 0000000000000000000000000000000000000000000000000000000000000000000000000000]
zext_ln116_24                                                                           (zext             ) [ 0000000000000000000000000000000000000000000000000000000000000000000000000000]
write_ln116                                                                             (write            ) [ 0000000000000000000000000000000000000000000000000000000000000000000000000000]
zext_ln116_25                                                                           (zext             ) [ 0000000000000000000000000000000000000000000000000000000000000000000000000000]
write_ln116                                                                             (write            ) [ 0000000000000000000000000000000000000000000000000000000000000000000000000000]
zext_ln116_26                                                                           (zext             ) [ 0000000000000000000000000000000000000000000000000000000000000000000000000000]
write_ln116                                                                             (write            ) [ 0000000000000000000000000000000000000000000000000000000000000000000000000000]
zext_ln116_27                                                                           (zext             ) [ 0000000000000000000000000000000000000000000000000000000000000000000000000000]
write_ln116                                                                             (write            ) [ 0000000000000000000000000000000000000000000000000000000000000000000000000000]
zext_ln116_28                                                                           (zext             ) [ 0000000000000000000000000000000000000000000000000000000000000000000000000000]
write_ln116                                                                             (write            ) [ 0000000000000000000000000000000000000000000000000000000000000000000000000000]
zext_ln116_29                                                                           (zext             ) [ 0000000000000000000000000000000000000000000000000000000000000000000000000000]
write_ln116                                                                             (write            ) [ 0000000000000000000000000000000000000000000000000000000000000000000000000000]
zext_ln116_30                                                                           (zext             ) [ 0000000000000000000000000000000000000000000000000000000000000000000000000000]
write_ln116                                                                             (write            ) [ 0000000000000000000000000000000000000000000000000000000000000000000000000000]
zext_ln116_31                                                                           (zext             ) [ 0000000000000000000000000000000000000000000000000000000000000000000000000000]
write_ln116                                                                             (write            ) [ 0000000000000000000000000000000000000000000000000000000000000000000000000000]
zext_ln116_32                                                                           (zext             ) [ 0000000000000000000000000000000000000000000000000000000000000000000000000000]
write_ln116                                                                             (write            ) [ 0000000000000000000000000000000000000000000000000000000000000000000000000000]
zext_ln116_33                                                                           (zext             ) [ 0000000000000000000000000000000000000000000000000000000000000000000000000000]
write_ln116                                                                             (write            ) [ 0000000000000000000000000000000000000000000000000000000000000000000000000000]
zext_ln116_34                                                                           (zext             ) [ 0000000000000000000000000000000000000000000000000000000000000000000000000000]
write_ln116                                                                             (write            ) [ 0000000000000000000000000000000000000000000000000000000000000000000000000000]
zext_ln116_35                                                                           (zext             ) [ 0000000000000000000000000000000000000000000000000000000000000000000000000000]
write_ln116                                                                             (write            ) [ 0000000000000000000000000000000000000000000000000000000000000000000000000000]
zext_ln116_36                                                                           (zext             ) [ 0000000000000000000000000000000000000000000000000000000000000000000000000000]
write_ln116                                                                             (write            ) [ 0000000000000000000000000000000000000000000000000000000000000000000000000000]
zext_ln116_37                                                                           (zext             ) [ 0000000000000000000000000000000000000000000000000000000000000000000000000000]
write_ln116                                                                             (write            ) [ 0000000000000000000000000000000000000000000000000000000000000000000000000000]
zext_ln116_38                                                                           (zext             ) [ 0000000000000000000000000000000000000000000000000000000000000000000000000000]
write_ln116                                                                             (write            ) [ 0000000000000000000000000000000000000000000000000000000000000000000000000000]
zext_ln116_39                                                                           (zext             ) [ 0000000000000000000000000000000000000000000000000000000000000000000000000000]
write_ln116                                                                             (write            ) [ 0000000000000000000000000000000000000000000000000000000000000000000000000000]
zext_ln116_40                                                                           (zext             ) [ 0000000000000000000000000000000000000000000000000000000000000000000000000000]
write_ln116                                                                             (write            ) [ 0000000000000000000000000000000000000000000000000000000000000000000000000000]
zext_ln116_41                                                                           (zext             ) [ 0000000000000000000000000000000000000000000000000000000000000000000000000000]
write_ln116                                                                             (write            ) [ 0000000000000000000000000000000000000000000000000000000000000000000000000000]
zext_ln116_42                                                                           (zext             ) [ 0000000000000000000000000000000000000000000000000000000000000000000000000000]
write_ln116                                                                             (write            ) [ 0000000000000000000000000000000000000000000000000000000000000000000000000000]
zext_ln116_43                                                                           (zext             ) [ 0000000000000000000000000000000000000000000000000000000000000000000000000000]
write_ln116                                                                             (write            ) [ 0000000000000000000000000000000000000000000000000000000000000000000000000000]
zext_ln116_44                                                                           (zext             ) [ 0000000000000000000000000000000000000000000000000000000000000000000000000000]
write_ln116                                                                             (write            ) [ 0000000000000000000000000000000000000000000000000000000000000000000000000000]
zext_ln116_45                                                                           (zext             ) [ 0000000000000000000000000000000000000000000000000000000000000000000000000000]
write_ln116                                                                             (write            ) [ 0000000000000000000000000000000000000000000000000000000000000000000000000000]
zext_ln116_46                                                                           (zext             ) [ 0000000000000000000000000000000000000000000000000000000000000000000000000000]
write_ln116                                                                             (write            ) [ 0000000000000000000000000000000000000000000000000000000000000000000000000000]
zext_ln116_47                                                                           (zext             ) [ 0000000000000000000000000000000000000000000000000000000000000000000000000000]
write_ln116                                                                             (write            ) [ 0000000000000000000000000000000000000000000000000000000000000000000000000000]
zext_ln116_48                                                                           (zext             ) [ 0000000000000000000000000000000000000000000000000000000000000000000000000000]
write_ln116                                                                             (write            ) [ 0000000000000000000000000000000000000000000000000000000000000000000000000000]
zext_ln116_49                                                                           (zext             ) [ 0000000000000000000000000000000000000000000000000000000000000000000000000000]
write_ln116                                                                             (write            ) [ 0000000000000000000000000000000000000000000000000000000000000000000000000000]
zext_ln116_50                                                                           (zext             ) [ 0000000000000000000000000000000000000000000000000000000000000000000000000000]
write_ln116                                                                             (write            ) [ 0000000000000000000000000000000000000000000000000000000000000000000000000000]
zext_ln116_51                                                                           (zext             ) [ 0000000000000000000000000000000000000000000000000000000000000000000000000000]
write_ln116                                                                             (write            ) [ 0000000000000000000000000000000000000000000000000000000000000000000000000000]
zext_ln116_52                                                                           (zext             ) [ 0000000000000000000000000000000000000000000000000000000000000000000000000000]
write_ln116                                                                             (write            ) [ 0000000000000000000000000000000000000000000000000000000000000000000000000000]
zext_ln116_53                                                                           (zext             ) [ 0000000000000000000000000000000000000000000000000000000000000000000000000000]
write_ln116                                                                             (write            ) [ 0000000000000000000000000000000000000000000000000000000000000000000000000000]
zext_ln116_54                                                                           (zext             ) [ 0000000000000000000000000000000000000000000000000000000000000000000000000000]
write_ln116                                                                             (write            ) [ 0000000000000000000000000000000000000000000000000000000000000000000000000000]
zext_ln116_55                                                                           (zext             ) [ 0000000000000000000000000000000000000000000000000000000000000000000000000000]
write_ln116                                                                             (write            ) [ 0000000000000000000000000000000000000000000000000000000000000000000000000000]
zext_ln116_56                                                                           (zext             ) [ 0000000000000000000000000000000000000000000000000000000000000000000000000000]
write_ln116                                                                             (write            ) [ 0000000000000000000000000000000000000000000000000000000000000000000000000000]
zext_ln116_57                                                                           (zext             ) [ 0000000000000000000000000000000000000000000000000000000000000000000000000000]
write_ln116                                                                             (write            ) [ 0000000000000000000000000000000000000000000000000000000000000000000000000000]
zext_ln116_58                                                                           (zext             ) [ 0000000000000000000000000000000000000000000000000000000000000000000000000000]
write_ln116                                                                             (write            ) [ 0000000000000000000000000000000000000000000000000000000000000000000000000000]
zext_ln116_59                                                                           (zext             ) [ 0000000000000000000000000000000000000000000000000000000000000000000000000000]
write_ln116                                                                             (write            ) [ 0000000000000000000000000000000000000000000000000000000000000000000000000000]
zext_ln116_60                                                                           (zext             ) [ 0000000000000000000000000000000000000000000000000000000000000000000000000000]
write_ln116                                                                             (write            ) [ 0000000000000000000000000000000000000000000000000000000000000000000000000000]
conv_layer_signed_char_signed_char_int_int_int_int_signed_char_signed_char_tile_out_128 (load             ) [ 0000100000000000000000000000000000000000000000000000000000000000000010000000]
conv_layer_signed_char_signed_char_int_int_int_int_signed_char_signed_char_tile_out_129 (load             ) [ 0000110000000000000000000000000000000000000000000000000000000000000011000000]
conv_layer_signed_char_signed_char_int_int_int_int_signed_char_signed_char_tile_out_130 (load             ) [ 0000111000000000000000000000000000000000000000000000000000000000000011100000]
zext_ln116_61                                                                           (zext             ) [ 0000000000000000000000000000000000000000000000000000000000000000000000000000]
write_ln116                                                                             (write            ) [ 0000000000000000000000000000000000000000000000000000000000000000000000000000]
zext_ln116_62                                                                           (zext             ) [ 0000000000000000000000000000000000000000000000000000000000000000000000000000]
write_ln116                                                                             (write            ) [ 0000000000000000000000000000000000000000000000000000000000000000000000000000]
zext_ln116_63                                                                           (zext             ) [ 0000000000000000000000000000000000000000000000000000000000000000000000000000]
write_ln116                                                                             (write            ) [ 0000000000000000000000000000000000000000000000000000000000000000000000000000]
empty_131                                                                               (writeresp        ) [ 0000000000000000000000000000000000000000000000000000000000000000000000000000]
br_ln106                                                                                (br               ) [ 0000000000000000000000000000000000000000000000000000000000000000000000000000]
ret_ln0                                                                                 (ret              ) [ 0000000000000000000000000000000000000000000000000000000000000000000000000000]
</LifeTime>

<model>

<comp_list>
<comp id="0" class="1000" name="H_cast303">
<pin_list>
<pin id="1" dir="1" index="0" bw="1" slack="0"/>
</pin_list>
<bind>
<StgValue><ssdm name="H_cast303"/></StgValue>
</bind>
</comp>

<comp id="2" class="1000" name="ty">
<pin_list>
<pin id="3" dir="1" index="0" bw="1" slack="0"/>
</pin_list>
<bind>
<StgValue><ssdm name="ty"/></StgValue>
</bind>
</comp>

<comp id="4" class="1000" name="H">
<pin_list>
<pin id="5" dir="1" index="0" bw="1" slack="0"/>
</pin_list>
<bind>
<StgValue><ssdm name="H"/></StgValue>
</bind>
</comp>

<comp id="6" class="1000" name="zext_ln44">
<pin_list>
<pin id="7" dir="1" index="0" bw="1" slack="0"/>
</pin_list>
<bind>
<StgValue><ssdm name="zext_ln44"/></StgValue>
</bind>
</comp>

<comp id="8" class="1000" name="phi_mul">
<pin_list>
<pin id="9" dir="1" index="0" bw="1" slack="0"/>
</pin_list>
<bind>
<StgValue><ssdm name="phi_mul"/></StgValue>
</bind>
</comp>

<comp id="10" class="1000" name="output_r">
<pin_list>
<pin id="11" dir="1" index="0" bw="1" slack="0"/>
</pin_list>
<bind>
<StgValue><ssdm name="output_r"/></StgValue>
</bind>
</comp>

<comp id="12" class="1000" name="tx">
<pin_list>
<pin id="13" dir="1" index="0" bw="1" slack="0"/>
</pin_list>
<bind>
<StgValue><ssdm name="tx"/></StgValue>
</bind>
</comp>

<comp id="14" class="1000" name="gmem">
<pin_list>
<pin id="15" dir="1" index="0" bw="1" slack="0"/>
</pin_list>
<bind>
<StgValue><ssdm name="gmem"/><MemPortTyVec>1 </MemPortTyVec>
</StgValue>
</bind>
</comp>

<comp id="16" class="1000" name="conv_layer_signed_char_signed_char_int_int_int_int_signed_char_signed_9">
<pin_list>
<pin id="17" dir="1" index="0" bw="1" slack="0"/>
</pin_list>
<bind>
<StgValue><ssdm name="conv_layer_signed_char_signed_char_int_int_int_int_signed_char_signed_9"/><MemPortTyVec>1 3 </MemPortTyVec>
</StgValue>
</bind>
</comp>

<comp id="18" class="1000" name="conv_layer_signed_char_signed_char_int_int_int_int_signed_char_signed_6">
<pin_list>
<pin id="19" dir="1" index="0" bw="1" slack="0"/>
</pin_list>
<bind>
<StgValue><ssdm name="conv_layer_signed_char_signed_char_int_int_int_int_signed_char_signed_6"/><MemPortTyVec>1 3 </MemPortTyVec>
</StgValue>
</bind>
</comp>

<comp id="20" class="1000" name="conv_layer_signed_char_signed_char_int_int_int_int_signed_char_signed_5">
<pin_list>
<pin id="21" dir="1" index="0" bw="1" slack="0"/>
</pin_list>
<bind>
<StgValue><ssdm name="conv_layer_signed_char_signed_char_int_int_int_int_signed_char_signed_5"/><MemPortTyVec>1 3 </MemPortTyVec>
</StgValue>
</bind>
</comp>

<comp id="22" class="1000" name="conv_layer_signed_char_signed_char_int_int_int_int_signed_char_signed_4">
<pin_list>
<pin id="23" dir="1" index="0" bw="1" slack="0"/>
</pin_list>
<bind>
<StgValue><ssdm name="conv_layer_signed_char_signed_char_int_int_int_int_signed_char_signed_4"/><MemPortTyVec>1 3 </MemPortTyVec>
</StgValue>
</bind>
</comp>

<comp id="24" class="1000" name="conv_layer_signed_char_signed_char_int_int_int_int_signed_char_signed_3">
<pin_list>
<pin id="25" dir="1" index="0" bw="1" slack="0"/>
</pin_list>
<bind>
<StgValue><ssdm name="conv_layer_signed_char_signed_char_int_int_int_int_signed_char_signed_3"/><MemPortTyVec>1 3 </MemPortTyVec>
</StgValue>
</bind>
</comp>

<comp id="26" class="1000" name="conv_layer_signed_char_signed_char_int_int_int_int_signed_char_signed_2">
<pin_list>
<pin id="27" dir="1" index="0" bw="1" slack="0"/>
</pin_list>
<bind>
<StgValue><ssdm name="conv_layer_signed_char_signed_char_int_int_int_int_signed_char_signed_2"/><MemPortTyVec>1 3 </MemPortTyVec>
</StgValue>
</bind>
</comp>

<comp id="28" class="1000" name="conv_layer_signed_char_signed_char_int_int_int_int_signed_char_signed_1">
<pin_list>
<pin id="29" dir="1" index="0" bw="1" slack="0"/>
</pin_list>
<bind>
<StgValue><ssdm name="conv_layer_signed_char_signed_char_int_int_int_int_signed_char_signed_1"/><MemPortTyVec>1 3 </MemPortTyVec>
</StgValue>
</bind>
</comp>

<comp id="30" class="1000" name="conv_mulmulmullayer_signed_char_signed_char_int_int_int_int_signed_char_signed">
<pin_list>
<pin id="31" dir="1" index="0" bw="1" slack="0"/>
</pin_list>
<bind>
<StgValue><ssdm name="conv_mulmulmullayer_signed_char_signed_char_int_int_int_int_signed_char_signed"/><MemPortTyVec>1 3 </MemPortTyVec>
</StgValue>
</bind>
</comp>

<comp id="32" class="1000" name="conv_layer_signed_char_signed_char_int_int_int_int_signed_char_signed_8">
<pin_list>
<pin id="33" dir="1" index="0" bw="1" slack="0"/>
</pin_list>
<bind>
<StgValue><ssdm name="conv_layer_signed_char_signed_char_int_int_int_int_signed_char_signed_8"/><MemPortTyVec>1 3 </MemPortTyVec>
</StgValue>
</bind>
</comp>

<comp id="34" class="1000" name="conv_layer_signed_char_signed_char_int_int_int_int_signed_char_signed_7">
<pin_list>
<pin id="35" dir="1" index="0" bw="1" slack="0"/>
</pin_list>
<bind>
<StgValue><ssdm name="conv_layer_signed_char_signed_char_int_int_int_int_signed_char_signed_7"/><MemPortTyVec>1 3 </MemPortTyVec>
</StgValue>
</bind>
</comp>

<comp id="36" class="1000" name="p_ZZ10conv_layerPaS_iiiiS_S_E8tile_out_10">
<pin_list>
<pin id="37" dir="1" index="0" bw="1" slack="0"/>
</pin_list>
<bind>
<StgValue><ssdm name="p_ZZ10conv_layerPaS_iiiiS_S_E8tile_out_10"/><MemPortTyVec>1 3 </MemPortTyVec>
</StgValue>
</bind>
</comp>

<comp id="38" class="1000" name="p_ZZ10conv_layerPaS_iiiiS_S_E8tile_out_11">
<pin_list>
<pin id="39" dir="1" index="0" bw="1" slack="0"/>
</pin_list>
<bind>
<StgValue><ssdm name="p_ZZ10conv_layerPaS_iiiiS_S_E8tile_out_11"/><MemPortTyVec>1 3 </MemPortTyVec>
</StgValue>
</bind>
</comp>

<comp id="40" class="1000" name="p_ZZ10conv_layerPaS_iiiiS_S_E8tile_out_12">
<pin_list>
<pin id="41" dir="1" index="0" bw="1" slack="0"/>
</pin_list>
<bind>
<StgValue><ssdm name="p_ZZ10conv_layerPaS_iiiiS_S_E8tile_out_12"/><MemPortTyVec>1 3 </MemPortTyVec>
</StgValue>
</bind>
</comp>

<comp id="42" class="1000" name="p_ZZ10conv_layerPaS_iiiiS_S_E8tile_out_13">
<pin_list>
<pin id="43" dir="1" index="0" bw="1" slack="0"/>
</pin_list>
<bind>
<StgValue><ssdm name="p_ZZ10conv_layerPaS_iiiiS_S_E8tile_out_13"/><MemPortTyVec>1 3 </MemPortTyVec>
</StgValue>
</bind>
</comp>

<comp id="44" class="1000" name="p_ZZ10conv_layerPaS_iiiiS_S_E8tile_out_14">
<pin_list>
<pin id="45" dir="1" index="0" bw="1" slack="0"/>
</pin_list>
<bind>
<StgValue><ssdm name="p_ZZ10conv_layerPaS_iiiiS_S_E8tile_out_14"/><MemPortTyVec>1 3 </MemPortTyVec>
</StgValue>
</bind>
</comp>

<comp id="46" class="1000" name="p_ZZ10conv_layerPaS_iiiiS_S_E8tile_out_15">
<pin_list>
<pin id="47" dir="1" index="0" bw="1" slack="0"/>
</pin_list>
<bind>
<StgValue><ssdm name="p_ZZ10conv_layerPaS_iiiiS_S_E8tile_out_15"/><MemPortTyVec>1 3 </MemPortTyVec>
</StgValue>
</bind>
</comp>

<comp id="48" class="1000" name="p_ZZ10conv_layerPaS_iiiiS_S_E8tile_out_16">
<pin_list>
<pin id="49" dir="1" index="0" bw="1" slack="0"/>
</pin_list>
<bind>
<StgValue><ssdm name="p_ZZ10conv_layerPaS_iiiiS_S_E8tile_out_16"/><MemPortTyVec>1 3 </MemPortTyVec>
</StgValue>
</bind>
</comp>

<comp id="50" class="1000" name="p_ZZ10conv_layerPaS_iiiiS_S_E8tile_out_17">
<pin_list>
<pin id="51" dir="1" index="0" bw="1" slack="0"/>
</pin_list>
<bind>
<StgValue><ssdm name="p_ZZ10conv_layerPaS_iiiiS_S_E8tile_out_17"/><MemPortTyVec>1 3 </MemPortTyVec>
</StgValue>
</bind>
</comp>

<comp id="52" class="1000" name="p_ZZ10conv_layerPaS_iiiiS_S_E8tile_out_18">
<pin_list>
<pin id="53" dir="1" index="0" bw="1" slack="0"/>
</pin_list>
<bind>
<StgValue><ssdm name="p_ZZ10conv_layerPaS_iiiiS_S_E8tile_out_18"/><MemPortTyVec>1 3 </MemPortTyVec>
</StgValue>
</bind>
</comp>

<comp id="54" class="1000" name="p_ZZ10conv_layerPaS_iiiiS_S_E8tile_out_19">
<pin_list>
<pin id="55" dir="1" index="0" bw="1" slack="0"/>
</pin_list>
<bind>
<StgValue><ssdm name="p_ZZ10conv_layerPaS_iiiiS_S_E8tile_out_19"/><MemPortTyVec>1 3 </MemPortTyVec>
</StgValue>
</bind>
</comp>

<comp id="56" class="1000" name="p_ZZ10conv_layerPaS_iiiiS_S_E8tile_out_20">
<pin_list>
<pin id="57" dir="1" index="0" bw="1" slack="0"/>
</pin_list>
<bind>
<StgValue><ssdm name="p_ZZ10conv_layerPaS_iiiiS_S_E8tile_out_20"/><MemPortTyVec>1 3 </MemPortTyVec>
</StgValue>
</bind>
</comp>

<comp id="58" class="1000" name="p_ZZ10conv_layerPaS_iiiiS_S_E8tile_out_21">
<pin_list>
<pin id="59" dir="1" index="0" bw="1" slack="0"/>
</pin_list>
<bind>
<StgValue><ssdm name="p_ZZ10conv_layerPaS_iiiiS_S_E8tile_out_21"/><MemPortTyVec>1 3 </MemPortTyVec>
</StgValue>
</bind>
</comp>

<comp id="60" class="1000" name="p_ZZ10conv_layerPaS_iiiiS_S_E8tile_out_22">
<pin_list>
<pin id="61" dir="1" index="0" bw="1" slack="0"/>
</pin_list>
<bind>
<StgValue><ssdm name="p_ZZ10conv_layerPaS_iiiiS_S_E8tile_out_22"/><MemPortTyVec>1 3 </MemPortTyVec>
</StgValue>
</bind>
</comp>

<comp id="62" class="1000" name="p_ZZ10conv_layerPaS_iiiiS_S_E8tile_out_23">
<pin_list>
<pin id="63" dir="1" index="0" bw="1" slack="0"/>
</pin_list>
<bind>
<StgValue><ssdm name="p_ZZ10conv_layerPaS_iiiiS_S_E8tile_out_23"/><MemPortTyVec>1 3 </MemPortTyVec>
</StgValue>
</bind>
</comp>

<comp id="64" class="1000" name="p_ZZ10conv_layerPaS_iiiiS_S_E8tile_out_24">
<pin_list>
<pin id="65" dir="1" index="0" bw="1" slack="0"/>
</pin_list>
<bind>
<StgValue><ssdm name="p_ZZ10conv_layerPaS_iiiiS_S_E8tile_out_24"/><MemPortTyVec>1 3 </MemPortTyVec>
</StgValue>
</bind>
</comp>

<comp id="66" class="1000" name="p_ZZ10conv_layerPaS_iiiiS_S_E8tile_out_25">
<pin_list>
<pin id="67" dir="1" index="0" bw="1" slack="0"/>
</pin_list>
<bind>
<StgValue><ssdm name="p_ZZ10conv_layerPaS_iiiiS_S_E8tile_out_25"/><MemPortTyVec>1 3 </MemPortTyVec>
</StgValue>
</bind>
</comp>

<comp id="68" class="1000" name="p_ZZ10conv_layerPaS_iiiiS_S_E8tile_out_26">
<pin_list>
<pin id="69" dir="1" index="0" bw="1" slack="0"/>
</pin_list>
<bind>
<StgValue><ssdm name="p_ZZ10conv_layerPaS_iiiiS_S_E8tile_out_26"/><MemPortTyVec>1 3 </MemPortTyVec>
</StgValue>
</bind>
</comp>

<comp id="70" class="1000" name="p_ZZ10conv_layerPaS_iiiiS_S_E8tile_out_27">
<pin_list>
<pin id="71" dir="1" index="0" bw="1" slack="0"/>
</pin_list>
<bind>
<StgValue><ssdm name="p_ZZ10conv_layerPaS_iiiiS_S_E8tile_out_27"/><MemPortTyVec>1 3 </MemPortTyVec>
</StgValue>
</bind>
</comp>

<comp id="72" class="1000" name="p_ZZ10conv_layerPaS_iiiiS_S_E8tile_out_28">
<pin_list>
<pin id="73" dir="1" index="0" bw="1" slack="0"/>
</pin_list>
<bind>
<StgValue><ssdm name="p_ZZ10conv_layerPaS_iiiiS_S_E8tile_out_28"/><MemPortTyVec>1 3 </MemPortTyVec>
</StgValue>
</bind>
</comp>

<comp id="74" class="1000" name="p_ZZ10conv_layerPaS_iiiiS_S_E8tile_out_29">
<pin_list>
<pin id="75" dir="1" index="0" bw="1" slack="0"/>
</pin_list>
<bind>
<StgValue><ssdm name="p_ZZ10conv_layerPaS_iiiiS_S_E8tile_out_29"/><MemPortTyVec>1 3 </MemPortTyVec>
</StgValue>
</bind>
</comp>

<comp id="76" class="1000" name="p_ZZ10conv_layerPaS_iiiiS_S_E8tile_out_30">
<pin_list>
<pin id="77" dir="1" index="0" bw="1" slack="0"/>
</pin_list>
<bind>
<StgValue><ssdm name="p_ZZ10conv_layerPaS_iiiiS_S_E8tile_out_30"/><MemPortTyVec>1 3 </MemPortTyVec>
</StgValue>
</bind>
</comp>

<comp id="78" class="1000" name="p_ZZ10conv_layerPaS_iiiiS_S_E8tile_out_31">
<pin_list>
<pin id="79" dir="1" index="0" bw="1" slack="0"/>
</pin_list>
<bind>
<StgValue><ssdm name="p_ZZ10conv_layerPaS_iiiiS_S_E8tile_out_31"/><MemPortTyVec>1 3 </MemPortTyVec>
</StgValue>
</bind>
</comp>

<comp id="80" class="1000" name="p_ZZ10conv_layerPaS_iiiiS_S_E8tile_out_32">
<pin_list>
<pin id="81" dir="1" index="0" bw="1" slack="0"/>
</pin_list>
<bind>
<StgValue><ssdm name="p_ZZ10conv_layerPaS_iiiiS_S_E8tile_out_32"/><MemPortTyVec>1 3 </MemPortTyVec>
</StgValue>
</bind>
</comp>

<comp id="82" class="1000" name="p_ZZ10conv_layerPaS_iiiiS_S_E8tile_out_33">
<pin_list>
<pin id="83" dir="1" index="0" bw="1" slack="0"/>
</pin_list>
<bind>
<StgValue><ssdm name="p_ZZ10conv_layerPaS_iiiiS_S_E8tile_out_33"/><MemPortTyVec>1 3 </MemPortTyVec>
</StgValue>
</bind>
</comp>

<comp id="84" class="1000" name="p_ZZ10conv_layerPaS_iiiiS_S_E8tile_out_34">
<pin_list>
<pin id="85" dir="1" index="0" bw="1" slack="0"/>
</pin_list>
<bind>
<StgValue><ssdm name="p_ZZ10conv_layerPaS_iiiiS_S_E8tile_out_34"/><MemPortTyVec>1 3 </MemPortTyVec>
</StgValue>
</bind>
</comp>

<comp id="86" class="1000" name="p_ZZ10conv_layerPaS_iiiiS_S_E8tile_out_35">
<pin_list>
<pin id="87" dir="1" index="0" bw="1" slack="0"/>
</pin_list>
<bind>
<StgValue><ssdm name="p_ZZ10conv_layerPaS_iiiiS_S_E8tile_out_35"/><MemPortTyVec>1 3 </MemPortTyVec>
</StgValue>
</bind>
</comp>

<comp id="88" class="1000" name="p_ZZ10conv_layerPaS_iiiiS_S_E8tile_out_36">
<pin_list>
<pin id="89" dir="1" index="0" bw="1" slack="0"/>
</pin_list>
<bind>
<StgValue><ssdm name="p_ZZ10conv_layerPaS_iiiiS_S_E8tile_out_36"/><MemPortTyVec>1 3 </MemPortTyVec>
</StgValue>
</bind>
</comp>

<comp id="90" class="1000" name="p_ZZ10conv_layerPaS_iiiiS_S_E8tile_out_37">
<pin_list>
<pin id="91" dir="1" index="0" bw="1" slack="0"/>
</pin_list>
<bind>
<StgValue><ssdm name="p_ZZ10conv_layerPaS_iiiiS_S_E8tile_out_37"/><MemPortTyVec>1 3 </MemPortTyVec>
</StgValue>
</bind>
</comp>

<comp id="92" class="1000" name="p_ZZ10conv_layerPaS_iiiiS_S_E8tile_out_38">
<pin_list>
<pin id="93" dir="1" index="0" bw="1" slack="0"/>
</pin_list>
<bind>
<StgValue><ssdm name="p_ZZ10conv_layerPaS_iiiiS_S_E8tile_out_38"/><MemPortTyVec>1 3 </MemPortTyVec>
</StgValue>
</bind>
</comp>

<comp id="94" class="1000" name="p_ZZ10conv_layerPaS_iiiiS_S_E8tile_out_39">
<pin_list>
<pin id="95" dir="1" index="0" bw="1" slack="0"/>
</pin_list>
<bind>
<StgValue><ssdm name="p_ZZ10conv_layerPaS_iiiiS_S_E8tile_out_39"/><MemPortTyVec>1 3 </MemPortTyVec>
</StgValue>
</bind>
</comp>

<comp id="96" class="1000" name="p_ZZ10conv_layerPaS_iiiiS_S_E8tile_out_40">
<pin_list>
<pin id="97" dir="1" index="0" bw="1" slack="0"/>
</pin_list>
<bind>
<StgValue><ssdm name="p_ZZ10conv_layerPaS_iiiiS_S_E8tile_out_40"/><MemPortTyVec>1 3 </MemPortTyVec>
</StgValue>
</bind>
</comp>

<comp id="98" class="1000" name="p_ZZ10conv_layerPaS_iiiiS_S_E8tile_out_41">
<pin_list>
<pin id="99" dir="1" index="0" bw="1" slack="0"/>
</pin_list>
<bind>
<StgValue><ssdm name="p_ZZ10conv_layerPaS_iiiiS_S_E8tile_out_41"/><MemPortTyVec>1 3 </MemPortTyVec>
</StgValue>
</bind>
</comp>

<comp id="100" class="1000" name="p_ZZ10conv_layerPaS_iiiiS_S_E8tile_out_42">
<pin_list>
<pin id="101" dir="1" index="0" bw="1" slack="0"/>
</pin_list>
<bind>
<StgValue><ssdm name="p_ZZ10conv_layerPaS_iiiiS_S_E8tile_out_42"/><MemPortTyVec>1 3 </MemPortTyVec>
</StgValue>
</bind>
</comp>

<comp id="102" class="1000" name="p_ZZ10conv_layerPaS_iiiiS_S_E8tile_out_43">
<pin_list>
<pin id="103" dir="1" index="0" bw="1" slack="0"/>
</pin_list>
<bind>
<StgValue><ssdm name="p_ZZ10conv_layerPaS_iiiiS_S_E8tile_out_43"/><MemPortTyVec>1 3 </MemPortTyVec>
</StgValue>
</bind>
</comp>

<comp id="104" class="1000" name="p_ZZ10conv_layerPaS_iiiiS_S_E8tile_out_44">
<pin_list>
<pin id="105" dir="1" index="0" bw="1" slack="0"/>
</pin_list>
<bind>
<StgValue><ssdm name="p_ZZ10conv_layerPaS_iiiiS_S_E8tile_out_44"/><MemPortTyVec>1 3 </MemPortTyVec>
</StgValue>
</bind>
</comp>

<comp id="106" class="1000" name="p_ZZ10conv_layerPaS_iiiiS_S_E8tile_out_45">
<pin_list>
<pin id="107" dir="1" index="0" bw="1" slack="0"/>
</pin_list>
<bind>
<StgValue><ssdm name="p_ZZ10conv_layerPaS_iiiiS_S_E8tile_out_45"/><MemPortTyVec>1 3 </MemPortTyVec>
</StgValue>
</bind>
</comp>

<comp id="108" class="1000" name="p_ZZ10conv_layerPaS_iiiiS_S_E8tile_out_46">
<pin_list>
<pin id="109" dir="1" index="0" bw="1" slack="0"/>
</pin_list>
<bind>
<StgValue><ssdm name="p_ZZ10conv_layerPaS_iiiiS_S_E8tile_out_46"/><MemPortTyVec>1 3 </MemPortTyVec>
</StgValue>
</bind>
</comp>

<comp id="110" class="1000" name="p_ZZ10conv_layerPaS_iiiiS_S_E8tile_out_47">
<pin_list>
<pin id="111" dir="1" index="0" bw="1" slack="0"/>
</pin_list>
<bind>
<StgValue><ssdm name="p_ZZ10conv_layerPaS_iiiiS_S_E8tile_out_47"/><MemPortTyVec>1 3 </MemPortTyVec>
</StgValue>
</bind>
</comp>

<comp id="112" class="1000" name="p_ZZ10conv_layerPaS_iiiiS_S_E8tile_out_48">
<pin_list>
<pin id="113" dir="1" index="0" bw="1" slack="0"/>
</pin_list>
<bind>
<StgValue><ssdm name="p_ZZ10conv_layerPaS_iiiiS_S_E8tile_out_48"/><MemPortTyVec>1 3 </MemPortTyVec>
</StgValue>
</bind>
</comp>

<comp id="114" class="1000" name="p_ZZ10conv_layerPaS_iiiiS_S_E8tile_out_49">
<pin_list>
<pin id="115" dir="1" index="0" bw="1" slack="0"/>
</pin_list>
<bind>
<StgValue><ssdm name="p_ZZ10conv_layerPaS_iiiiS_S_E8tile_out_49"/><MemPortTyVec>1 3 </MemPortTyVec>
</StgValue>
</bind>
</comp>

<comp id="116" class="1000" name="p_ZZ10conv_layerPaS_iiiiS_S_E8tile_out_50">
<pin_list>
<pin id="117" dir="1" index="0" bw="1" slack="0"/>
</pin_list>
<bind>
<StgValue><ssdm name="p_ZZ10conv_layerPaS_iiiiS_S_E8tile_out_50"/><MemPortTyVec>1 3 </MemPortTyVec>
</StgValue>
</bind>
</comp>

<comp id="118" class="1000" name="p_ZZ10conv_layerPaS_iiiiS_S_E8tile_out_51">
<pin_list>
<pin id="119" dir="1" index="0" bw="1" slack="0"/>
</pin_list>
<bind>
<StgValue><ssdm name="p_ZZ10conv_layerPaS_iiiiS_S_E8tile_out_51"/><MemPortTyVec>1 3 </MemPortTyVec>
</StgValue>
</bind>
</comp>

<comp id="120" class="1000" name="p_ZZ10conv_layerPaS_iiiiS_S_E8tile_out_52">
<pin_list>
<pin id="121" dir="1" index="0" bw="1" slack="0"/>
</pin_list>
<bind>
<StgValue><ssdm name="p_ZZ10conv_layerPaS_iiiiS_S_E8tile_out_52"/><MemPortTyVec>1 3 </MemPortTyVec>
</StgValue>
</bind>
</comp>

<comp id="122" class="1000" name="p_ZZ10conv_layerPaS_iiiiS_S_E8tile_out_53">
<pin_list>
<pin id="123" dir="1" index="0" bw="1" slack="0"/>
</pin_list>
<bind>
<StgValue><ssdm name="p_ZZ10conv_layerPaS_iiiiS_S_E8tile_out_53"/><MemPortTyVec>1 3 </MemPortTyVec>
</StgValue>
</bind>
</comp>

<comp id="124" class="1000" name="p_ZZ10conv_layerPaS_iiiiS_S_E8tile_out_54">
<pin_list>
<pin id="125" dir="1" index="0" bw="1" slack="0"/>
</pin_list>
<bind>
<StgValue><ssdm name="p_ZZ10conv_layerPaS_iiiiS_S_E8tile_out_54"/><MemPortTyVec>1 3 </MemPortTyVec>
</StgValue>
</bind>
</comp>

<comp id="126" class="1000" name="p_ZZ10conv_layerPaS_iiiiS_S_E8tile_out_55">
<pin_list>
<pin id="127" dir="1" index="0" bw="1" slack="0"/>
</pin_list>
<bind>
<StgValue><ssdm name="p_ZZ10conv_layerPaS_iiiiS_S_E8tile_out_55"/><MemPortTyVec>1 3 </MemPortTyVec>
</StgValue>
</bind>
</comp>

<comp id="128" class="1000" name="p_ZZ10conv_layerPaS_iiiiS_S_E8tile_out_56">
<pin_list>
<pin id="129" dir="1" index="0" bw="1" slack="0"/>
</pin_list>
<bind>
<StgValue><ssdm name="p_ZZ10conv_layerPaS_iiiiS_S_E8tile_out_56"/><MemPortTyVec>1 3 </MemPortTyVec>
</StgValue>
</bind>
</comp>

<comp id="130" class="1000" name="p_ZZ10conv_layerPaS_iiiiS_S_E8tile_out_57">
<pin_list>
<pin id="131" dir="1" index="0" bw="1" slack="0"/>
</pin_list>
<bind>
<StgValue><ssdm name="p_ZZ10conv_layerPaS_iiiiS_S_E8tile_out_57"/><MemPortTyVec>1 3 </MemPortTyVec>
</StgValue>
</bind>
</comp>

<comp id="132" class="1000" name="p_ZZ10conv_layerPaS_iiiiS_S_E8tile_out_58">
<pin_list>
<pin id="133" dir="1" index="0" bw="1" slack="0"/>
</pin_list>
<bind>
<StgValue><ssdm name="p_ZZ10conv_layerPaS_iiiiS_S_E8tile_out_58"/><MemPortTyVec>1 3 </MemPortTyVec>
</StgValue>
</bind>
</comp>

<comp id="134" class="1000" name="p_ZZ10conv_layerPaS_iiiiS_S_E8tile_out_59">
<pin_list>
<pin id="135" dir="1" index="0" bw="1" slack="0"/>
</pin_list>
<bind>
<StgValue><ssdm name="p_ZZ10conv_layerPaS_iiiiS_S_E8tile_out_59"/><MemPortTyVec>1 3 </MemPortTyVec>
</StgValue>
</bind>
</comp>

<comp id="136" class="1000" name="p_ZZ10conv_layerPaS_iiiiS_S_E8tile_out_60">
<pin_list>
<pin id="137" dir="1" index="0" bw="1" slack="0"/>
</pin_list>
<bind>
<StgValue><ssdm name="p_ZZ10conv_layerPaS_iiiiS_S_E8tile_out_60"/><MemPortTyVec>1 3 </MemPortTyVec>
</StgValue>
</bind>
</comp>

<comp id="138" class="1000" name="p_ZZ10conv_layerPaS_iiiiS_S_E8tile_out_61">
<pin_list>
<pin id="139" dir="1" index="0" bw="1" slack="0"/>
</pin_list>
<bind>
<StgValue><ssdm name="p_ZZ10conv_layerPaS_iiiiS_S_E8tile_out_61"/><MemPortTyVec>1 3 </MemPortTyVec>
</StgValue>
</bind>
</comp>

<comp id="140" class="1000" name="p_ZZ10conv_layerPaS_iiiiS_S_E8tile_out_62">
<pin_list>
<pin id="141" dir="1" index="0" bw="1" slack="0"/>
</pin_list>
<bind>
<StgValue><ssdm name="p_ZZ10conv_layerPaS_iiiiS_S_E8tile_out_62"/><MemPortTyVec>1 3 </MemPortTyVec>
</StgValue>
</bind>
</comp>

<comp id="142" class="1000" name="p_ZZ10conv_layerPaS_iiiiS_S_E8tile_out_63">
<pin_list>
<pin id="143" dir="1" index="0" bw="1" slack="0"/>
</pin_list>
<bind>
<StgValue><ssdm name="p_ZZ10conv_layerPaS_iiiiS_S_E8tile_out_63"/><MemPortTyVec>1 3 </MemPortTyVec>
</StgValue>
</bind>
</comp>

<comp id="144" class="1001" name="const_144">
<pin_list>
<pin id="145" dir="1" index="0" bw="1" slack="0"/>
</pin_list>
<bind>
<StgValue><ssdm name=""/></StgValue>
</bind>
</comp>

<comp id="146" class="1001" name="const_146">
<pin_list>
<pin id="147" dir="1" index="0" bw="1" slack="0"/>
</pin_list>
<bind>
<StgValue><ssdm name="_ssdm_op_Read.ap_auto.i31"/></StgValue>
</bind>
</comp>

<comp id="148" class="1001" name="const_148">
<pin_list>
<pin id="149" dir="1" index="0" bw="1" slack="0"/>
</pin_list>
<bind>
<StgValue><ssdm name="_ssdm_op_Read.ap_auto.i64"/></StgValue>
</bind>
</comp>

<comp id="150" class="1001" name="const_150">
<pin_list>
<pin id="151" dir="1" index="0" bw="1" slack="0"/>
</pin_list>
<bind>
<StgValue><ssdm name="_ssdm_op_Read.ap_auto.i53"/></StgValue>
</bind>
</comp>

<comp id="152" class="1001" name="const_152">
<pin_list>
<pin id="153" dir="1" index="0" bw="1" slack="0"/>
</pin_list>
<bind>
<StgValue><ssdm name="_ssdm_op_Read.ap_auto.i26"/></StgValue>
</bind>
</comp>

<comp id="154" class="1001" name="const_154">
<pin_list>
<pin id="155" dir="1" index="0" bw="1" slack="2147483647"/>
</pin_list>
<bind>
<StgValue><ssdm name="_ssdm_op_SpecMemCore"/></StgValue>
</bind>
</comp>

<comp id="156" class="1001" name="const_156">
<pin_list>
<pin id="157" dir="1" index="0" bw="1" slack="2147483647"/>
</pin_list>
<bind>
<StgValue><ssdm name=""/></StgValue>
</bind>
</comp>

<comp id="158" class="1001" name="const_158">
<pin_list>
<pin id="159" dir="1" index="0" bw="1" slack="2147483647"/>
</pin_list>
<bind>
<StgValue><ssdm name=""/></StgValue>
</bind>
</comp>

<comp id="160" class="1001" name="const_160">
<pin_list>
<pin id="161" dir="1" index="0" bw="1" slack="2147483647"/>
</pin_list>
<bind>
<StgValue><ssdm name=""/></StgValue>
</bind>
</comp>

<comp id="162" class="1001" name="const_162">
<pin_list>
<pin id="163" dir="1" index="0" bw="1" slack="2147483647"/>
</pin_list>
<bind>
<StgValue><ssdm name="_ssdm_op_SpecInterface"/></StgValue>
</bind>
</comp>

<comp id="164" class="1001" name="const_164">
<pin_list>
<pin id="165" dir="1" index="0" bw="1" slack="2147483647"/>
</pin_list>
<bind>
<StgValue><ssdm name="empty_14"/></StgValue>
</bind>
</comp>

<comp id="166" class="1001" name="const_166">
<pin_list>
<pin id="167" dir="1" index="0" bw="1" slack="2147483647"/>
</pin_list>
<bind>
<StgValue><ssdm name=""/></StgValue>
</bind>
</comp>

<comp id="168" class="1001" name="const_168">
<pin_list>
<pin id="169" dir="1" index="0" bw="1" slack="2147483647"/>
</pin_list>
<bind>
<StgValue><ssdm name="empty_9"/></StgValue>
</bind>
</comp>

<comp id="170" class="1001" name="const_170">
<pin_list>
<pin id="171" dir="1" index="0" bw="1" slack="2147483647"/>
</pin_list>
<bind>
<StgValue><ssdm name="empty_8"/></StgValue>
</bind>
</comp>

<comp id="172" class="1001" name="const_172">
<pin_list>
<pin id="173" dir="1" index="0" bw="1" slack="2147483647"/>
</pin_list>
<bind>
<StgValue><ssdm name="empty_7"/></StgValue>
</bind>
</comp>

<comp id="174" class="1001" name="const_174">
<pin_list>
<pin id="175" dir="1" index="0" bw="1" slack="2147483647"/>
</pin_list>
<bind>
<StgValue><ssdm name=""/></StgValue>
</bind>
</comp>

<comp id="176" class="1001" name="const_176">
<pin_list>
<pin id="177" dir="1" index="0" bw="1" slack="2147483647"/>
</pin_list>
<bind>
<StgValue><ssdm name=""/></StgValue>
</bind>
</comp>

<comp id="178" class="1001" name="const_178">
<pin_list>
<pin id="179" dir="1" index="0" bw="1" slack="0"/>
</pin_list>
<bind>
<StgValue><ssdm name=""/></StgValue>
</bind>
</comp>

<comp id="180" class="1001" name="const_180">
<pin_list>
<pin id="181" dir="1" index="0" bw="1" slack="0"/>
</pin_list>
<bind>
<StgValue><ssdm name=""/></StgValue>
</bind>
</comp>

<comp id="182" class="1001" name="const_182">
<pin_list>
<pin id="183" dir="1" index="0" bw="1" slack="0"/>
</pin_list>
<bind>
<StgValue><ssdm name=""/></StgValue>
</bind>
</comp>

<comp id="184" class="1001" name="const_184">
<pin_list>
<pin id="185" dir="1" index="0" bw="1" slack="0"/>
</pin_list>
<bind>
<StgValue><ssdm name=""/></StgValue>
</bind>
</comp>

<comp id="186" class="1001" name="const_186">
<pin_list>
<pin id="187" dir="1" index="0" bw="1" slack="0"/>
</pin_list>
<bind>
<StgValue><ssdm name=""/></StgValue>
</bind>
</comp>

<comp id="188" class="1001" name="const_188">
<pin_list>
<pin id="189" dir="1" index="0" bw="1" slack="0"/>
</pin_list>
<bind>
<StgValue><ssdm name=""/></StgValue>
</bind>
</comp>

<comp id="190" class="1001" name="const_190">
<pin_list>
<pin id="191" dir="1" index="0" bw="1" slack="0"/>
</pin_list>
<bind>
<StgValue><ssdm name="_ssdm_op_BitConcatenate.i10.i5.i5"/></StgValue>
</bind>
</comp>

<comp id="192" class="1001" name="const_192">
<pin_list>
<pin id="193" dir="1" index="0" bw="1" slack="0"/>
</pin_list>
<bind>
<StgValue><ssdm name=""/></StgValue>
</bind>
</comp>

<comp id="194" class="1001" name="const_194">
<pin_list>
<pin id="195" dir="1" index="0" bw="1" slack="0"/>
</pin_list>
<bind>
<StgValue><ssdm name=""/></StgValue>
</bind>
</comp>

<comp id="196" class="1001" name="const_196">
<pin_list>
<pin id="197" dir="1" index="0" bw="1" slack="2147483647"/>
</pin_list>
<bind>
<StgValue><ssdm name="_ssdm_op_SpecLoopName"/></StgValue>
</bind>
</comp>

<comp id="198" class="1001" name="const_198">
<pin_list>
<pin id="199" dir="1" index="0" bw="1" slack="2147483647"/>
</pin_list>
<bind>
<StgValue><ssdm name="VITIS_LOOP_105_12_VITIS_LOOP_106_13_str"/></StgValue>
</bind>
</comp>

<comp id="200" class="1001" name="const_200">
<pin_list>
<pin id="201" dir="1" index="0" bw="1" slack="2147483647"/>
</pin_list>
<bind>
<StgValue><ssdm name="_ssdm_op_SpecLoopTripCount"/></StgValue>
</bind>
</comp>

<comp id="202" class="1001" name="const_202">
<pin_list>
<pin id="203" dir="1" index="0" bw="1" slack="2147483647"/>
</pin_list>
<bind>
<StgValue><ssdm name=""/></StgValue>
</bind>
</comp>

<comp id="204" class="1001" name="const_204">
<pin_list>
<pin id="205" dir="1" index="0" bw="1" slack="2147483647"/>
</pin_list>
<bind>
<StgValue><ssdm name="_ssdm_op_SpecPipeline"/></StgValue>
</bind>
</comp>

<comp id="206" class="1001" name="const_206">
<pin_list>
<pin id="207" dir="1" index="0" bw="1" slack="0"/>
</pin_list>
<bind>
<StgValue><ssdm name="_ssdm_op_BitConcatenate.i42.i36.i6"/></StgValue>
</bind>
</comp>

<comp id="208" class="1001" name="const_208">
<pin_list>
<pin id="209" dir="1" index="0" bw="1" slack="0"/>
</pin_list>
<bind>
<StgValue><ssdm name="_ssdm_op_BitConcatenate.i64.i53.i11"/></StgValue>
</bind>
</comp>

<comp id="210" class="1001" name="const_210">
<pin_list>
<pin id="211" dir="1" index="0" bw="1" slack="0"/>
</pin_list>
<bind>
<StgValue><ssdm name="_ssdm_op_WriteReq.m_axi.p1i8"/></StgValue>
</bind>
</comp>

<comp id="212" class="1001" name="const_212">
<pin_list>
<pin id="213" dir="1" index="0" bw="1" slack="0"/>
</pin_list>
<bind>
<StgValue><ssdm name=""/></StgValue>
</bind>
</comp>

<comp id="214" class="1001" name="const_214">
<pin_list>
<pin id="215" dir="1" index="0" bw="1" slack="0"/>
</pin_list>
<bind>
<StgValue><ssdm name="_ssdm_op_Write.m_axi.p1i8"/></StgValue>
</bind>
</comp>

<comp id="216" class="1001" name="const_216">
<pin_list>
<pin id="217" dir="1" index="0" bw="1" slack="0"/>
</pin_list>
<bind>
<StgValue><ssdm name=""/></StgValue>
</bind>
</comp>

<comp id="218" class="1001" name="const_218">
<pin_list>
<pin id="219" dir="1" index="0" bw="1" slack="0"/>
</pin_list>
<bind>
<StgValue><ssdm name="_ssdm_op_WriteResp.m_axi.p1i8"/></StgValue>
</bind>
</comp>

<comp id="220" class="1004" name="x_fu_220">
<pin_list>
<pin id="221" dir="0" index="0" bw="1" slack="0"/>
<pin id="222" dir="1" index="1" bw="6" slack="0"/>
</pin_list>
<bind>
<opcode="alloca(26) " fcode="alloca"/>
<opset="x/1 "/>
</bind>
</comp>

<comp id="224" class="1004" name="y_fu_224">
<pin_list>
<pin id="225" dir="0" index="0" bw="1" slack="0"/>
<pin id="226" dir="1" index="1" bw="6" slack="0"/>
</pin_list>
<bind>
<opcode="alloca(26) " fcode="alloca"/>
<opset="y/1 "/>
</bind>
</comp>

<comp id="228" class="1004" name="indvar_flatten13_fu_228">
<pin_list>
<pin id="229" dir="0" index="0" bw="1" slack="0"/>
<pin id="230" dir="1" index="1" bw="11" slack="0"/>
</pin_list>
<bind>
<opcode="alloca(26) " fcode="alloca"/>
<opset="indvar_flatten13/1 "/>
</bind>
</comp>

<comp id="232" class="1004" name="tx_read_read_fu_232">
<pin_list>
<pin id="233" dir="0" index="0" bw="31" slack="0"/>
<pin id="234" dir="0" index="1" bw="31" slack="0"/>
<pin id="235" dir="1" index="2" bw="31" slack="0"/>
</pin_list>
<bind>
<opcode="read(1150) " fcode="read"/>
<opset="tx_read/1 "/>
</bind>
</comp>

<comp id="238" class="1004" name="output_read_read_fu_238">
<pin_list>
<pin id="239" dir="0" index="0" bw="64" slack="0"/>
<pin id="240" dir="0" index="1" bw="64" slack="0"/>
<pin id="241" dir="1" index="2" bw="64" slack="4"/>
</pin_list>
<bind>
<opcode="read(1150) " fcode="read"/>
<opset="output_read/1 "/>
</bind>
</comp>

<comp id="244" class="1004" name="phi_mul_read_read_fu_244">
<pin_list>
<pin id="245" dir="0" index="0" bw="53" slack="0"/>
<pin id="246" dir="0" index="1" bw="53" slack="0"/>
<pin id="247" dir="1" index="2" bw="53" slack="0"/>
</pin_list>
<bind>
<opcode="read(1150) " fcode="read"/>
<opset="phi_mul_read/1 "/>
</bind>
</comp>

<comp id="250" class="1004" name="zext_ln44_read_read_fu_250">
<pin_list>
<pin id="251" dir="0" index="0" bw="26" slack="0"/>
<pin id="252" dir="0" index="1" bw="26" slack="0"/>
<pin id="253" dir="1" index="2" bw="26" slack="0"/>
</pin_list>
<bind>
<opcode="read(1150) " fcode="read"/>
<opset="zext_ln44_read/1 "/>
</bind>
</comp>

<comp id="256" class="1004" name="H_read_read_fu_256">
<pin_list>
<pin id="257" dir="0" index="0" bw="31" slack="0"/>
<pin id="258" dir="0" index="1" bw="31" slack="0"/>
<pin id="259" dir="1" index="2" bw="31" slack="0"/>
</pin_list>
<bind>
<opcode="read(1150) " fcode="read"/>
<opset="H_read/1 "/>
</bind>
</comp>

<comp id="262" class="1004" name="ty_read_read_fu_262">
<pin_list>
<pin id="263" dir="0" index="0" bw="31" slack="0"/>
<pin id="264" dir="0" index="1" bw="31" slack="0"/>
<pin id="265" dir="1" index="2" bw="31" slack="0"/>
</pin_list>
<bind>
<opcode="read(1150) " fcode="read"/>
<opset="ty_read/1 "/>
</bind>
</comp>

<comp id="268" class="1004" name="H_cast303_read_read_fu_268">
<pin_list>
<pin id="269" dir="0" index="0" bw="31" slack="0"/>
<pin id="270" dir="0" index="1" bw="31" slack="0"/>
<pin id="271" dir="1" index="2" bw="31" slack="0"/>
</pin_list>
<bind>
<opcode="read(1150) " fcode="read"/>
<opset="H_cast303_read/1 "/>
</bind>
</comp>

<comp id="274" class="1004" name="grp_writeresp_fu_274">
<pin_list>
<pin id="275" dir="0" index="0" bw="1" slack="0"/>
<pin id="276" dir="0" index="1" bw="8" slack="1"/>
<pin id="277" dir="0" index="2" bw="8" slack="0"/>
<pin id="278" dir="1" index="3" bw="1" slack="2147483647"/>
</pin_list>
<bind>
<opcode="writereq(1155) writeresp(1158) " fcode="writeresp"/>
<opset="empty_102/6 empty_131/71 "/>
</bind>
</comp>

<comp id="281" class="1004" name="write_ln116_write_fu_281">
<pin_list>
<pin id="282" dir="0" index="0" bw="0" slack="0"/>
<pin id="283" dir="0" index="1" bw="8" slack="2"/>
<pin id="284" dir="0" index="2" bw="7" slack="0"/>
<pin id="285" dir="0" index="3" bw="1" slack="0"/>
<pin id="286" dir="1" index="4" bw="0" slack="2147483647"/>
</pin_list>
<bind>
<opcode="write(1151) " fcode="write"/>
<opset="write_ln116/7 "/>
</bind>
</comp>

<comp id="289" class="1004" name="write_ln116_write_fu_289">
<pin_list>
<pin id="290" dir="0" index="0" bw="0" slack="0"/>
<pin id="291" dir="0" index="1" bw="8" slack="3"/>
<pin id="292" dir="0" index="2" bw="7" slack="0"/>
<pin id="293" dir="0" index="3" bw="1" slack="0"/>
<pin id="294" dir="1" index="4" bw="0" slack="2147483647"/>
</pin_list>
<bind>
<opcode="write(1151) " fcode="write"/>
<opset="write_ln116/8 "/>
</bind>
</comp>

<comp id="297" class="1004" name="write_ln116_write_fu_297">
<pin_list>
<pin id="298" dir="0" index="0" bw="0" slack="0"/>
<pin id="299" dir="0" index="1" bw="8" slack="4"/>
<pin id="300" dir="0" index="2" bw="7" slack="0"/>
<pin id="301" dir="0" index="3" bw="1" slack="0"/>
<pin id="302" dir="1" index="4" bw="0" slack="2147483647"/>
</pin_list>
<bind>
<opcode="write(1151) " fcode="write"/>
<opset="write_ln116/9 "/>
</bind>
</comp>

<comp id="305" class="1004" name="write_ln116_write_fu_305">
<pin_list>
<pin id="306" dir="0" index="0" bw="0" slack="0"/>
<pin id="307" dir="0" index="1" bw="8" slack="5"/>
<pin id="308" dir="0" index="2" bw="7" slack="0"/>
<pin id="309" dir="0" index="3" bw="1" slack="0"/>
<pin id="310" dir="1" index="4" bw="0" slack="2147483647"/>
</pin_list>
<bind>
<opcode="write(1151) " fcode="write"/>
<opset="write_ln116/10 "/>
</bind>
</comp>

<comp id="313" class="1004" name="write_ln116_write_fu_313">
<pin_list>
<pin id="314" dir="0" index="0" bw="0" slack="0"/>
<pin id="315" dir="0" index="1" bw="8" slack="6"/>
<pin id="316" dir="0" index="2" bw="7" slack="0"/>
<pin id="317" dir="0" index="3" bw="1" slack="0"/>
<pin id="318" dir="1" index="4" bw="0" slack="2147483647"/>
</pin_list>
<bind>
<opcode="write(1151) " fcode="write"/>
<opset="write_ln116/11 "/>
</bind>
</comp>

<comp id="321" class="1004" name="write_ln116_write_fu_321">
<pin_list>
<pin id="322" dir="0" index="0" bw="0" slack="0"/>
<pin id="323" dir="0" index="1" bw="8" slack="7"/>
<pin id="324" dir="0" index="2" bw="7" slack="0"/>
<pin id="325" dir="0" index="3" bw="1" slack="0"/>
<pin id="326" dir="1" index="4" bw="0" slack="2147483647"/>
</pin_list>
<bind>
<opcode="write(1151) " fcode="write"/>
<opset="write_ln116/12 "/>
</bind>
</comp>

<comp id="329" class="1004" name="write_ln116_write_fu_329">
<pin_list>
<pin id="330" dir="0" index="0" bw="0" slack="0"/>
<pin id="331" dir="0" index="1" bw="8" slack="8"/>
<pin id="332" dir="0" index="2" bw="7" slack="0"/>
<pin id="333" dir="0" index="3" bw="1" slack="0"/>
<pin id="334" dir="1" index="4" bw="0" slack="2147483647"/>
</pin_list>
<bind>
<opcode="write(1151) " fcode="write"/>
<opset="write_ln116/13 "/>
</bind>
</comp>

<comp id="337" class="1004" name="write_ln116_write_fu_337">
<pin_list>
<pin id="338" dir="0" index="0" bw="0" slack="0"/>
<pin id="339" dir="0" index="1" bw="8" slack="9"/>
<pin id="340" dir="0" index="2" bw="7" slack="0"/>
<pin id="341" dir="0" index="3" bw="1" slack="0"/>
<pin id="342" dir="1" index="4" bw="0" slack="2147483647"/>
</pin_list>
<bind>
<opcode="write(1151) " fcode="write"/>
<opset="write_ln116/14 "/>
</bind>
</comp>

<comp id="345" class="1004" name="write_ln116_write_fu_345">
<pin_list>
<pin id="346" dir="0" index="0" bw="0" slack="0"/>
<pin id="347" dir="0" index="1" bw="8" slack="10"/>
<pin id="348" dir="0" index="2" bw="7" slack="0"/>
<pin id="349" dir="0" index="3" bw="1" slack="0"/>
<pin id="350" dir="1" index="4" bw="0" slack="2147483647"/>
</pin_list>
<bind>
<opcode="write(1151) " fcode="write"/>
<opset="write_ln116/15 "/>
</bind>
</comp>

<comp id="353" class="1004" name="write_ln116_write_fu_353">
<pin_list>
<pin id="354" dir="0" index="0" bw="0" slack="0"/>
<pin id="355" dir="0" index="1" bw="8" slack="11"/>
<pin id="356" dir="0" index="2" bw="7" slack="0"/>
<pin id="357" dir="0" index="3" bw="1" slack="0"/>
<pin id="358" dir="1" index="4" bw="0" slack="2147483647"/>
</pin_list>
<bind>
<opcode="write(1151) " fcode="write"/>
<opset="write_ln116/16 "/>
</bind>
</comp>

<comp id="361" class="1004" name="write_ln116_write_fu_361">
<pin_list>
<pin id="362" dir="0" index="0" bw="0" slack="0"/>
<pin id="363" dir="0" index="1" bw="8" slack="12"/>
<pin id="364" dir="0" index="2" bw="7" slack="0"/>
<pin id="365" dir="0" index="3" bw="1" slack="0"/>
<pin id="366" dir="1" index="4" bw="0" slack="2147483647"/>
</pin_list>
<bind>
<opcode="write(1151) " fcode="write"/>
<opset="write_ln116/17 "/>
</bind>
</comp>

<comp id="369" class="1004" name="write_ln116_write_fu_369">
<pin_list>
<pin id="370" dir="0" index="0" bw="0" slack="0"/>
<pin id="371" dir="0" index="1" bw="8" slack="13"/>
<pin id="372" dir="0" index="2" bw="7" slack="0"/>
<pin id="373" dir="0" index="3" bw="1" slack="0"/>
<pin id="374" dir="1" index="4" bw="0" slack="2147483647"/>
</pin_list>
<bind>
<opcode="write(1151) " fcode="write"/>
<opset="write_ln116/18 "/>
</bind>
</comp>

<comp id="377" class="1004" name="write_ln116_write_fu_377">
<pin_list>
<pin id="378" dir="0" index="0" bw="0" slack="0"/>
<pin id="379" dir="0" index="1" bw="8" slack="14"/>
<pin id="380" dir="0" index="2" bw="7" slack="0"/>
<pin id="381" dir="0" index="3" bw="1" slack="0"/>
<pin id="382" dir="1" index="4" bw="0" slack="2147483647"/>
</pin_list>
<bind>
<opcode="write(1151) " fcode="write"/>
<opset="write_ln116/19 "/>
</bind>
</comp>

<comp id="385" class="1004" name="write_ln116_write_fu_385">
<pin_list>
<pin id="386" dir="0" index="0" bw="0" slack="0"/>
<pin id="387" dir="0" index="1" bw="8" slack="15"/>
<pin id="388" dir="0" index="2" bw="7" slack="0"/>
<pin id="389" dir="0" index="3" bw="1" slack="0"/>
<pin id="390" dir="1" index="4" bw="0" slack="2147483647"/>
</pin_list>
<bind>
<opcode="write(1151) " fcode="write"/>
<opset="write_ln116/20 "/>
</bind>
</comp>

<comp id="393" class="1004" name="write_ln116_write_fu_393">
<pin_list>
<pin id="394" dir="0" index="0" bw="0" slack="0"/>
<pin id="395" dir="0" index="1" bw="8" slack="16"/>
<pin id="396" dir="0" index="2" bw="7" slack="0"/>
<pin id="397" dir="0" index="3" bw="1" slack="0"/>
<pin id="398" dir="1" index="4" bw="0" slack="2147483647"/>
</pin_list>
<bind>
<opcode="write(1151) " fcode="write"/>
<opset="write_ln116/21 "/>
</bind>
</comp>

<comp id="401" class="1004" name="write_ln116_write_fu_401">
<pin_list>
<pin id="402" dir="0" index="0" bw="0" slack="0"/>
<pin id="403" dir="0" index="1" bw="8" slack="17"/>
<pin id="404" dir="0" index="2" bw="7" slack="0"/>
<pin id="405" dir="0" index="3" bw="1" slack="0"/>
<pin id="406" dir="1" index="4" bw="0" slack="2147483647"/>
</pin_list>
<bind>
<opcode="write(1151) " fcode="write"/>
<opset="write_ln116/22 "/>
</bind>
</comp>

<comp id="409" class="1004" name="write_ln116_write_fu_409">
<pin_list>
<pin id="410" dir="0" index="0" bw="0" slack="0"/>
<pin id="411" dir="0" index="1" bw="8" slack="18"/>
<pin id="412" dir="0" index="2" bw="7" slack="0"/>
<pin id="413" dir="0" index="3" bw="1" slack="0"/>
<pin id="414" dir="1" index="4" bw="0" slack="2147483647"/>
</pin_list>
<bind>
<opcode="write(1151) " fcode="write"/>
<opset="write_ln116/23 "/>
</bind>
</comp>

<comp id="417" class="1004" name="write_ln116_write_fu_417">
<pin_list>
<pin id="418" dir="0" index="0" bw="0" slack="0"/>
<pin id="419" dir="0" index="1" bw="8" slack="19"/>
<pin id="420" dir="0" index="2" bw="7" slack="0"/>
<pin id="421" dir="0" index="3" bw="1" slack="0"/>
<pin id="422" dir="1" index="4" bw="0" slack="2147483647"/>
</pin_list>
<bind>
<opcode="write(1151) " fcode="write"/>
<opset="write_ln116/24 "/>
</bind>
</comp>

<comp id="425" class="1004" name="write_ln116_write_fu_425">
<pin_list>
<pin id="426" dir="0" index="0" bw="0" slack="0"/>
<pin id="427" dir="0" index="1" bw="8" slack="20"/>
<pin id="428" dir="0" index="2" bw="7" slack="0"/>
<pin id="429" dir="0" index="3" bw="1" slack="0"/>
<pin id="430" dir="1" index="4" bw="0" slack="2147483647"/>
</pin_list>
<bind>
<opcode="write(1151) " fcode="write"/>
<opset="write_ln116/25 "/>
</bind>
</comp>

<comp id="433" class="1004" name="write_ln116_write_fu_433">
<pin_list>
<pin id="434" dir="0" index="0" bw="0" slack="0"/>
<pin id="435" dir="0" index="1" bw="8" slack="21"/>
<pin id="436" dir="0" index="2" bw="7" slack="0"/>
<pin id="437" dir="0" index="3" bw="1" slack="0"/>
<pin id="438" dir="1" index="4" bw="0" slack="2147483647"/>
</pin_list>
<bind>
<opcode="write(1151) " fcode="write"/>
<opset="write_ln116/26 "/>
</bind>
</comp>

<comp id="441" class="1004" name="write_ln116_write_fu_441">
<pin_list>
<pin id="442" dir="0" index="0" bw="0" slack="0"/>
<pin id="443" dir="0" index="1" bw="8" slack="22"/>
<pin id="444" dir="0" index="2" bw="7" slack="0"/>
<pin id="445" dir="0" index="3" bw="1" slack="0"/>
<pin id="446" dir="1" index="4" bw="0" slack="2147483647"/>
</pin_list>
<bind>
<opcode="write(1151) " fcode="write"/>
<opset="write_ln116/27 "/>
</bind>
</comp>

<comp id="449" class="1004" name="write_ln116_write_fu_449">
<pin_list>
<pin id="450" dir="0" index="0" bw="0" slack="0"/>
<pin id="451" dir="0" index="1" bw="8" slack="23"/>
<pin id="452" dir="0" index="2" bw="7" slack="0"/>
<pin id="453" dir="0" index="3" bw="1" slack="0"/>
<pin id="454" dir="1" index="4" bw="0" slack="2147483647"/>
</pin_list>
<bind>
<opcode="write(1151) " fcode="write"/>
<opset="write_ln116/28 "/>
</bind>
</comp>

<comp id="457" class="1004" name="write_ln116_write_fu_457">
<pin_list>
<pin id="458" dir="0" index="0" bw="0" slack="0"/>
<pin id="459" dir="0" index="1" bw="8" slack="24"/>
<pin id="460" dir="0" index="2" bw="7" slack="0"/>
<pin id="461" dir="0" index="3" bw="1" slack="0"/>
<pin id="462" dir="1" index="4" bw="0" slack="2147483647"/>
</pin_list>
<bind>
<opcode="write(1151) " fcode="write"/>
<opset="write_ln116/29 "/>
</bind>
</comp>

<comp id="465" class="1004" name="write_ln116_write_fu_465">
<pin_list>
<pin id="466" dir="0" index="0" bw="0" slack="0"/>
<pin id="467" dir="0" index="1" bw="8" slack="25"/>
<pin id="468" dir="0" index="2" bw="7" slack="0"/>
<pin id="469" dir="0" index="3" bw="1" slack="0"/>
<pin id="470" dir="1" index="4" bw="0" slack="2147483647"/>
</pin_list>
<bind>
<opcode="write(1151) " fcode="write"/>
<opset="write_ln116/30 "/>
</bind>
</comp>

<comp id="473" class="1004" name="write_ln116_write_fu_473">
<pin_list>
<pin id="474" dir="0" index="0" bw="0" slack="0"/>
<pin id="475" dir="0" index="1" bw="8" slack="26"/>
<pin id="476" dir="0" index="2" bw="7" slack="0"/>
<pin id="477" dir="0" index="3" bw="1" slack="0"/>
<pin id="478" dir="1" index="4" bw="0" slack="2147483647"/>
</pin_list>
<bind>
<opcode="write(1151) " fcode="write"/>
<opset="write_ln116/31 "/>
</bind>
</comp>

<comp id="481" class="1004" name="write_ln116_write_fu_481">
<pin_list>
<pin id="482" dir="0" index="0" bw="0" slack="0"/>
<pin id="483" dir="0" index="1" bw="8" slack="27"/>
<pin id="484" dir="0" index="2" bw="7" slack="0"/>
<pin id="485" dir="0" index="3" bw="1" slack="0"/>
<pin id="486" dir="1" index="4" bw="0" slack="2147483647"/>
</pin_list>
<bind>
<opcode="write(1151) " fcode="write"/>
<opset="write_ln116/32 "/>
</bind>
</comp>

<comp id="489" class="1004" name="write_ln116_write_fu_489">
<pin_list>
<pin id="490" dir="0" index="0" bw="0" slack="0"/>
<pin id="491" dir="0" index="1" bw="8" slack="28"/>
<pin id="492" dir="0" index="2" bw="7" slack="0"/>
<pin id="493" dir="0" index="3" bw="1" slack="0"/>
<pin id="494" dir="1" index="4" bw="0" slack="2147483647"/>
</pin_list>
<bind>
<opcode="write(1151) " fcode="write"/>
<opset="write_ln116/33 "/>
</bind>
</comp>

<comp id="497" class="1004" name="write_ln116_write_fu_497">
<pin_list>
<pin id="498" dir="0" index="0" bw="0" slack="0"/>
<pin id="499" dir="0" index="1" bw="8" slack="29"/>
<pin id="500" dir="0" index="2" bw="7" slack="0"/>
<pin id="501" dir="0" index="3" bw="1" slack="0"/>
<pin id="502" dir="1" index="4" bw="0" slack="2147483647"/>
</pin_list>
<bind>
<opcode="write(1151) " fcode="write"/>
<opset="write_ln116/34 "/>
</bind>
</comp>

<comp id="505" class="1004" name="write_ln116_write_fu_505">
<pin_list>
<pin id="506" dir="0" index="0" bw="0" slack="0"/>
<pin id="507" dir="0" index="1" bw="8" slack="30"/>
<pin id="508" dir="0" index="2" bw="7" slack="0"/>
<pin id="509" dir="0" index="3" bw="1" slack="0"/>
<pin id="510" dir="1" index="4" bw="0" slack="2147483647"/>
</pin_list>
<bind>
<opcode="write(1151) " fcode="write"/>
<opset="write_ln116/35 "/>
</bind>
</comp>

<comp id="513" class="1004" name="write_ln116_write_fu_513">
<pin_list>
<pin id="514" dir="0" index="0" bw="0" slack="0"/>
<pin id="515" dir="0" index="1" bw="8" slack="31"/>
<pin id="516" dir="0" index="2" bw="7" slack="0"/>
<pin id="517" dir="0" index="3" bw="1" slack="0"/>
<pin id="518" dir="1" index="4" bw="0" slack="2147483647"/>
</pin_list>
<bind>
<opcode="write(1151) " fcode="write"/>
<opset="write_ln116/36 "/>
</bind>
</comp>

<comp id="521" class="1004" name="write_ln116_write_fu_521">
<pin_list>
<pin id="522" dir="0" index="0" bw="0" slack="0"/>
<pin id="523" dir="0" index="1" bw="8" slack="32"/>
<pin id="524" dir="0" index="2" bw="7" slack="0"/>
<pin id="525" dir="0" index="3" bw="1" slack="0"/>
<pin id="526" dir="1" index="4" bw="0" slack="2147483647"/>
</pin_list>
<bind>
<opcode="write(1151) " fcode="write"/>
<opset="write_ln116/37 "/>
</bind>
</comp>

<comp id="529" class="1004" name="write_ln116_write_fu_529">
<pin_list>
<pin id="530" dir="0" index="0" bw="0" slack="0"/>
<pin id="531" dir="0" index="1" bw="8" slack="33"/>
<pin id="532" dir="0" index="2" bw="7" slack="0"/>
<pin id="533" dir="0" index="3" bw="1" slack="0"/>
<pin id="534" dir="1" index="4" bw="0" slack="2147483647"/>
</pin_list>
<bind>
<opcode="write(1151) " fcode="write"/>
<opset="write_ln116/38 "/>
</bind>
</comp>

<comp id="537" class="1004" name="write_ln116_write_fu_537">
<pin_list>
<pin id="538" dir="0" index="0" bw="0" slack="0"/>
<pin id="539" dir="0" index="1" bw="8" slack="34"/>
<pin id="540" dir="0" index="2" bw="7" slack="0"/>
<pin id="541" dir="0" index="3" bw="1" slack="0"/>
<pin id="542" dir="1" index="4" bw="0" slack="2147483647"/>
</pin_list>
<bind>
<opcode="write(1151) " fcode="write"/>
<opset="write_ln116/39 "/>
</bind>
</comp>

<comp id="545" class="1004" name="write_ln116_write_fu_545">
<pin_list>
<pin id="546" dir="0" index="0" bw="0" slack="0"/>
<pin id="547" dir="0" index="1" bw="8" slack="35"/>
<pin id="548" dir="0" index="2" bw="7" slack="0"/>
<pin id="549" dir="0" index="3" bw="1" slack="0"/>
<pin id="550" dir="1" index="4" bw="0" slack="2147483647"/>
</pin_list>
<bind>
<opcode="write(1151) " fcode="write"/>
<opset="write_ln116/40 "/>
</bind>
</comp>

<comp id="553" class="1004" name="write_ln116_write_fu_553">
<pin_list>
<pin id="554" dir="0" index="0" bw="0" slack="0"/>
<pin id="555" dir="0" index="1" bw="8" slack="36"/>
<pin id="556" dir="0" index="2" bw="7" slack="0"/>
<pin id="557" dir="0" index="3" bw="1" slack="0"/>
<pin id="558" dir="1" index="4" bw="0" slack="2147483647"/>
</pin_list>
<bind>
<opcode="write(1151) " fcode="write"/>
<opset="write_ln116/41 "/>
</bind>
</comp>

<comp id="561" class="1004" name="write_ln116_write_fu_561">
<pin_list>
<pin id="562" dir="0" index="0" bw="0" slack="0"/>
<pin id="563" dir="0" index="1" bw="8" slack="37"/>
<pin id="564" dir="0" index="2" bw="7" slack="0"/>
<pin id="565" dir="0" index="3" bw="1" slack="0"/>
<pin id="566" dir="1" index="4" bw="0" slack="2147483647"/>
</pin_list>
<bind>
<opcode="write(1151) " fcode="write"/>
<opset="write_ln116/42 "/>
</bind>
</comp>

<comp id="569" class="1004" name="write_ln116_write_fu_569">
<pin_list>
<pin id="570" dir="0" index="0" bw="0" slack="0"/>
<pin id="571" dir="0" index="1" bw="8" slack="38"/>
<pin id="572" dir="0" index="2" bw="7" slack="0"/>
<pin id="573" dir="0" index="3" bw="1" slack="0"/>
<pin id="574" dir="1" index="4" bw="0" slack="2147483647"/>
</pin_list>
<bind>
<opcode="write(1151) " fcode="write"/>
<opset="write_ln116/43 "/>
</bind>
</comp>

<comp id="577" class="1004" name="write_ln116_write_fu_577">
<pin_list>
<pin id="578" dir="0" index="0" bw="0" slack="0"/>
<pin id="579" dir="0" index="1" bw="8" slack="39"/>
<pin id="580" dir="0" index="2" bw="7" slack="0"/>
<pin id="581" dir="0" index="3" bw="1" slack="0"/>
<pin id="582" dir="1" index="4" bw="0" slack="2147483647"/>
</pin_list>
<bind>
<opcode="write(1151) " fcode="write"/>
<opset="write_ln116/44 "/>
</bind>
</comp>

<comp id="585" class="1004" name="write_ln116_write_fu_585">
<pin_list>
<pin id="586" dir="0" index="0" bw="0" slack="0"/>
<pin id="587" dir="0" index="1" bw="8" slack="40"/>
<pin id="588" dir="0" index="2" bw="7" slack="0"/>
<pin id="589" dir="0" index="3" bw="1" slack="0"/>
<pin id="590" dir="1" index="4" bw="0" slack="2147483647"/>
</pin_list>
<bind>
<opcode="write(1151) " fcode="write"/>
<opset="write_ln116/45 "/>
</bind>
</comp>

<comp id="593" class="1004" name="write_ln116_write_fu_593">
<pin_list>
<pin id="594" dir="0" index="0" bw="0" slack="0"/>
<pin id="595" dir="0" index="1" bw="8" slack="41"/>
<pin id="596" dir="0" index="2" bw="7" slack="0"/>
<pin id="597" dir="0" index="3" bw="1" slack="0"/>
<pin id="598" dir="1" index="4" bw="0" slack="2147483647"/>
</pin_list>
<bind>
<opcode="write(1151) " fcode="write"/>
<opset="write_ln116/46 "/>
</bind>
</comp>

<comp id="601" class="1004" name="write_ln116_write_fu_601">
<pin_list>
<pin id="602" dir="0" index="0" bw="0" slack="0"/>
<pin id="603" dir="0" index="1" bw="8" slack="42"/>
<pin id="604" dir="0" index="2" bw="7" slack="0"/>
<pin id="605" dir="0" index="3" bw="1" slack="0"/>
<pin id="606" dir="1" index="4" bw="0" slack="2147483647"/>
</pin_list>
<bind>
<opcode="write(1151) " fcode="write"/>
<opset="write_ln116/47 "/>
</bind>
</comp>

<comp id="609" class="1004" name="write_ln116_write_fu_609">
<pin_list>
<pin id="610" dir="0" index="0" bw="0" slack="0"/>
<pin id="611" dir="0" index="1" bw="8" slack="43"/>
<pin id="612" dir="0" index="2" bw="7" slack="0"/>
<pin id="613" dir="0" index="3" bw="1" slack="0"/>
<pin id="614" dir="1" index="4" bw="0" slack="2147483647"/>
</pin_list>
<bind>
<opcode="write(1151) " fcode="write"/>
<opset="write_ln116/48 "/>
</bind>
</comp>

<comp id="617" class="1004" name="write_ln116_write_fu_617">
<pin_list>
<pin id="618" dir="0" index="0" bw="0" slack="0"/>
<pin id="619" dir="0" index="1" bw="8" slack="44"/>
<pin id="620" dir="0" index="2" bw="7" slack="0"/>
<pin id="621" dir="0" index="3" bw="1" slack="0"/>
<pin id="622" dir="1" index="4" bw="0" slack="2147483647"/>
</pin_list>
<bind>
<opcode="write(1151) " fcode="write"/>
<opset="write_ln116/49 "/>
</bind>
</comp>

<comp id="625" class="1004" name="write_ln116_write_fu_625">
<pin_list>
<pin id="626" dir="0" index="0" bw="0" slack="0"/>
<pin id="627" dir="0" index="1" bw="8" slack="45"/>
<pin id="628" dir="0" index="2" bw="7" slack="0"/>
<pin id="629" dir="0" index="3" bw="1" slack="0"/>
<pin id="630" dir="1" index="4" bw="0" slack="2147483647"/>
</pin_list>
<bind>
<opcode="write(1151) " fcode="write"/>
<opset="write_ln116/50 "/>
</bind>
</comp>

<comp id="633" class="1004" name="write_ln116_write_fu_633">
<pin_list>
<pin id="634" dir="0" index="0" bw="0" slack="0"/>
<pin id="635" dir="0" index="1" bw="8" slack="46"/>
<pin id="636" dir="0" index="2" bw="7" slack="0"/>
<pin id="637" dir="0" index="3" bw="1" slack="0"/>
<pin id="638" dir="1" index="4" bw="0" slack="2147483647"/>
</pin_list>
<bind>
<opcode="write(1151) " fcode="write"/>
<opset="write_ln116/51 "/>
</bind>
</comp>

<comp id="641" class="1004" name="write_ln116_write_fu_641">
<pin_list>
<pin id="642" dir="0" index="0" bw="0" slack="0"/>
<pin id="643" dir="0" index="1" bw="8" slack="47"/>
<pin id="644" dir="0" index="2" bw="7" slack="0"/>
<pin id="645" dir="0" index="3" bw="1" slack="0"/>
<pin id="646" dir="1" index="4" bw="0" slack="2147483647"/>
</pin_list>
<bind>
<opcode="write(1151) " fcode="write"/>
<opset="write_ln116/52 "/>
</bind>
</comp>

<comp id="649" class="1004" name="write_ln116_write_fu_649">
<pin_list>
<pin id="650" dir="0" index="0" bw="0" slack="0"/>
<pin id="651" dir="0" index="1" bw="8" slack="48"/>
<pin id="652" dir="0" index="2" bw="7" slack="0"/>
<pin id="653" dir="0" index="3" bw="1" slack="0"/>
<pin id="654" dir="1" index="4" bw="0" slack="2147483647"/>
</pin_list>
<bind>
<opcode="write(1151) " fcode="write"/>
<opset="write_ln116/53 "/>
</bind>
</comp>

<comp id="657" class="1004" name="write_ln116_write_fu_657">
<pin_list>
<pin id="658" dir="0" index="0" bw="0" slack="0"/>
<pin id="659" dir="0" index="1" bw="8" slack="49"/>
<pin id="660" dir="0" index="2" bw="7" slack="0"/>
<pin id="661" dir="0" index="3" bw="1" slack="0"/>
<pin id="662" dir="1" index="4" bw="0" slack="2147483647"/>
</pin_list>
<bind>
<opcode="write(1151) " fcode="write"/>
<opset="write_ln116/54 "/>
</bind>
</comp>

<comp id="665" class="1004" name="write_ln116_write_fu_665">
<pin_list>
<pin id="666" dir="0" index="0" bw="0" slack="0"/>
<pin id="667" dir="0" index="1" bw="8" slack="50"/>
<pin id="668" dir="0" index="2" bw="7" slack="0"/>
<pin id="669" dir="0" index="3" bw="1" slack="0"/>
<pin id="670" dir="1" index="4" bw="0" slack="2147483647"/>
</pin_list>
<bind>
<opcode="write(1151) " fcode="write"/>
<opset="write_ln116/55 "/>
</bind>
</comp>

<comp id="673" class="1004" name="write_ln116_write_fu_673">
<pin_list>
<pin id="674" dir="0" index="0" bw="0" slack="0"/>
<pin id="675" dir="0" index="1" bw="8" slack="51"/>
<pin id="676" dir="0" index="2" bw="7" slack="0"/>
<pin id="677" dir="0" index="3" bw="1" slack="0"/>
<pin id="678" dir="1" index="4" bw="0" slack="2147483647"/>
</pin_list>
<bind>
<opcode="write(1151) " fcode="write"/>
<opset="write_ln116/56 "/>
</bind>
</comp>

<comp id="681" class="1004" name="write_ln116_write_fu_681">
<pin_list>
<pin id="682" dir="0" index="0" bw="0" slack="0"/>
<pin id="683" dir="0" index="1" bw="8" slack="52"/>
<pin id="684" dir="0" index="2" bw="7" slack="0"/>
<pin id="685" dir="0" index="3" bw="1" slack="0"/>
<pin id="686" dir="1" index="4" bw="0" slack="2147483647"/>
</pin_list>
<bind>
<opcode="write(1151) " fcode="write"/>
<opset="write_ln116/57 "/>
</bind>
</comp>

<comp id="689" class="1004" name="write_ln116_write_fu_689">
<pin_list>
<pin id="690" dir="0" index="0" bw="0" slack="0"/>
<pin id="691" dir="0" index="1" bw="8" slack="53"/>
<pin id="692" dir="0" index="2" bw="7" slack="0"/>
<pin id="693" dir="0" index="3" bw="1" slack="0"/>
<pin id="694" dir="1" index="4" bw="0" slack="2147483647"/>
</pin_list>
<bind>
<opcode="write(1151) " fcode="write"/>
<opset="write_ln116/58 "/>
</bind>
</comp>

<comp id="697" class="1004" name="write_ln116_write_fu_697">
<pin_list>
<pin id="698" dir="0" index="0" bw="0" slack="0"/>
<pin id="699" dir="0" index="1" bw="8" slack="54"/>
<pin id="700" dir="0" index="2" bw="7" slack="0"/>
<pin id="701" dir="0" index="3" bw="1" slack="0"/>
<pin id="702" dir="1" index="4" bw="0" slack="2147483647"/>
</pin_list>
<bind>
<opcode="write(1151) " fcode="write"/>
<opset="write_ln116/59 "/>
</bind>
</comp>

<comp id="705" class="1004" name="write_ln116_write_fu_705">
<pin_list>
<pin id="706" dir="0" index="0" bw="0" slack="0"/>
<pin id="707" dir="0" index="1" bw="8" slack="55"/>
<pin id="708" dir="0" index="2" bw="7" slack="0"/>
<pin id="709" dir="0" index="3" bw="1" slack="0"/>
<pin id="710" dir="1" index="4" bw="0" slack="2147483647"/>
</pin_list>
<bind>
<opcode="write(1151) " fcode="write"/>
<opset="write_ln116/60 "/>
</bind>
</comp>

<comp id="713" class="1004" name="write_ln116_write_fu_713">
<pin_list>
<pin id="714" dir="0" index="0" bw="0" slack="0"/>
<pin id="715" dir="0" index="1" bw="8" slack="56"/>
<pin id="716" dir="0" index="2" bw="7" slack="0"/>
<pin id="717" dir="0" index="3" bw="1" slack="0"/>
<pin id="718" dir="1" index="4" bw="0" slack="2147483647"/>
</pin_list>
<bind>
<opcode="write(1151) " fcode="write"/>
<opset="write_ln116/61 "/>
</bind>
</comp>

<comp id="721" class="1004" name="write_ln116_write_fu_721">
<pin_list>
<pin id="722" dir="0" index="0" bw="0" slack="0"/>
<pin id="723" dir="0" index="1" bw="8" slack="57"/>
<pin id="724" dir="0" index="2" bw="7" slack="0"/>
<pin id="725" dir="0" index="3" bw="1" slack="0"/>
<pin id="726" dir="1" index="4" bw="0" slack="2147483647"/>
</pin_list>
<bind>
<opcode="write(1151) " fcode="write"/>
<opset="write_ln116/62 "/>
</bind>
</comp>

<comp id="729" class="1004" name="write_ln116_write_fu_729">
<pin_list>
<pin id="730" dir="0" index="0" bw="0" slack="0"/>
<pin id="731" dir="0" index="1" bw="8" slack="58"/>
<pin id="732" dir="0" index="2" bw="7" slack="0"/>
<pin id="733" dir="0" index="3" bw="1" slack="0"/>
<pin id="734" dir="1" index="4" bw="0" slack="2147483647"/>
</pin_list>
<bind>
<opcode="write(1151) " fcode="write"/>
<opset="write_ln116/63 "/>
</bind>
</comp>

<comp id="737" class="1004" name="write_ln116_write_fu_737">
<pin_list>
<pin id="738" dir="0" index="0" bw="0" slack="0"/>
<pin id="739" dir="0" index="1" bw="8" slack="59"/>
<pin id="740" dir="0" index="2" bw="7" slack="0"/>
<pin id="741" dir="0" index="3" bw="1" slack="0"/>
<pin id="742" dir="1" index="4" bw="0" slack="2147483647"/>
</pin_list>
<bind>
<opcode="write(1151) " fcode="write"/>
<opset="write_ln116/64 "/>
</bind>
</comp>

<comp id="745" class="1004" name="write_ln116_write_fu_745">
<pin_list>
<pin id="746" dir="0" index="0" bw="0" slack="0"/>
<pin id="747" dir="0" index="1" bw="8" slack="60"/>
<pin id="748" dir="0" index="2" bw="7" slack="0"/>
<pin id="749" dir="0" index="3" bw="1" slack="0"/>
<pin id="750" dir="1" index="4" bw="0" slack="2147483647"/>
</pin_list>
<bind>
<opcode="write(1151) " fcode="write"/>
<opset="write_ln116/65 "/>
</bind>
</comp>

<comp id="753" class="1004" name="write_ln116_write_fu_753">
<pin_list>
<pin id="754" dir="0" index="0" bw="0" slack="0"/>
<pin id="755" dir="0" index="1" bw="8" slack="61"/>
<pin id="756" dir="0" index="2" bw="7" slack="0"/>
<pin id="757" dir="0" index="3" bw="1" slack="0"/>
<pin id="758" dir="1" index="4" bw="0" slack="2147483647"/>
</pin_list>
<bind>
<opcode="write(1151) " fcode="write"/>
<opset="write_ln116/66 "/>
</bind>
</comp>

<comp id="761" class="1004" name="write_ln116_write_fu_761">
<pin_list>
<pin id="762" dir="0" index="0" bw="0" slack="0"/>
<pin id="763" dir="0" index="1" bw="8" slack="62"/>
<pin id="764" dir="0" index="2" bw="7" slack="0"/>
<pin id="765" dir="0" index="3" bw="1" slack="0"/>
<pin id="766" dir="1" index="4" bw="0" slack="2147483647"/>
</pin_list>
<bind>
<opcode="write(1151) " fcode="write"/>
<opset="write_ln116/67 "/>
</bind>
</comp>

<comp id="769" class="1004" name="write_ln116_write_fu_769">
<pin_list>
<pin id="770" dir="0" index="0" bw="0" slack="0"/>
<pin id="771" dir="0" index="1" bw="8" slack="63"/>
<pin id="772" dir="0" index="2" bw="7" slack="0"/>
<pin id="773" dir="0" index="3" bw="1" slack="0"/>
<pin id="774" dir="1" index="4" bw="0" slack="2147483647"/>
</pin_list>
<bind>
<opcode="write(1151) " fcode="write"/>
<opset="write_ln116/68 "/>
</bind>
</comp>

<comp id="777" class="1004" name="write_ln116_write_fu_777">
<pin_list>
<pin id="778" dir="0" index="0" bw="0" slack="0"/>
<pin id="779" dir="0" index="1" bw="8" slack="64"/>
<pin id="780" dir="0" index="2" bw="7" slack="0"/>
<pin id="781" dir="0" index="3" bw="1" slack="0"/>
<pin id="782" dir="1" index="4" bw="0" slack="2147483647"/>
</pin_list>
<bind>
<opcode="write(1151) " fcode="write"/>
<opset="write_ln116/69 "/>
</bind>
</comp>

<comp id="785" class="1004" name="write_ln116_write_fu_785">
<pin_list>
<pin id="786" dir="0" index="0" bw="0" slack="0"/>
<pin id="787" dir="0" index="1" bw="8" slack="65"/>
<pin id="788" dir="0" index="2" bw="7" slack="0"/>
<pin id="789" dir="0" index="3" bw="1" slack="0"/>
<pin id="790" dir="1" index="4" bw="0" slack="2147483647"/>
</pin_list>
<bind>
<opcode="write(1151) " fcode="write"/>
<opset="write_ln116/70 "/>
</bind>
</comp>

<comp id="794" class="1004" name="p_ZZ10conv_layerPaS_iiiiS_S_E8tile_out_10_addr_gep_fu_794">
<pin_list>
<pin id="795" dir="0" index="0" bw="7" slack="0"/>
<pin id="796" dir="0" index="1" bw="1" slack="0"/>
<pin id="797" dir="0" index="2" bw="10" slack="0"/>
<pin id="798" dir="1" index="3" bw="10" slack="0"/>
</pin_list>
<bind>
<opcode="getelementptr(29) " fcode="getelementptr"/>
<opset="p_ZZ10conv_layerPaS_iiiiS_S_E8tile_out_10_addr/2 "/>
</bind>
</comp>

<comp id="801" class="1004" name="p_ZZ10conv_layerPaS_iiiiS_S_E8tile_out_11_addr_gep_fu_801">
<pin_list>
<pin id="802" dir="0" index="0" bw="7" slack="0"/>
<pin id="803" dir="0" index="1" bw="1" slack="0"/>
<pin id="804" dir="0" index="2" bw="10" slack="0"/>
<pin id="805" dir="1" index="3" bw="10" slack="0"/>
</pin_list>
<bind>
<opcode="getelementptr(29) " fcode="getelementptr"/>
<opset="p_ZZ10conv_layerPaS_iiiiS_S_E8tile_out_11_addr/2 "/>
</bind>
</comp>

<comp id="808" class="1004" name="p_ZZ10conv_layerPaS_iiiiS_S_E8tile_out_12_addr_gep_fu_808">
<pin_list>
<pin id="809" dir="0" index="0" bw="7" slack="0"/>
<pin id="810" dir="0" index="1" bw="1" slack="0"/>
<pin id="811" dir="0" index="2" bw="10" slack="0"/>
<pin id="812" dir="1" index="3" bw="10" slack="0"/>
</pin_list>
<bind>
<opcode="getelementptr(29) " fcode="getelementptr"/>
<opset="p_ZZ10conv_layerPaS_iiiiS_S_E8tile_out_12_addr/2 "/>
</bind>
</comp>

<comp id="815" class="1004" name="p_ZZ10conv_layerPaS_iiiiS_S_E8tile_out_13_addr_gep_fu_815">
<pin_list>
<pin id="816" dir="0" index="0" bw="7" slack="0"/>
<pin id="817" dir="0" index="1" bw="1" slack="0"/>
<pin id="818" dir="0" index="2" bw="10" slack="0"/>
<pin id="819" dir="1" index="3" bw="10" slack="0"/>
</pin_list>
<bind>
<opcode="getelementptr(29) " fcode="getelementptr"/>
<opset="p_ZZ10conv_layerPaS_iiiiS_S_E8tile_out_13_addr/2 "/>
</bind>
</comp>

<comp id="822" class="1004" name="p_ZZ10conv_layerPaS_iiiiS_S_E8tile_out_14_addr_gep_fu_822">
<pin_list>
<pin id="823" dir="0" index="0" bw="7" slack="0"/>
<pin id="824" dir="0" index="1" bw="1" slack="0"/>
<pin id="825" dir="0" index="2" bw="10" slack="0"/>
<pin id="826" dir="1" index="3" bw="10" slack="0"/>
</pin_list>
<bind>
<opcode="getelementptr(29) " fcode="getelementptr"/>
<opset="p_ZZ10conv_layerPaS_iiiiS_S_E8tile_out_14_addr/2 "/>
</bind>
</comp>

<comp id="829" class="1004" name="conv_layer_signed_char_signed_char_int_int_int_int_signed_char_signed_char_tile_out_gep_fu_829">
<pin_list>
<pin id="830" dir="0" index="0" bw="7" slack="0"/>
<pin id="831" dir="0" index="1" bw="1" slack="0"/>
<pin id="832" dir="0" index="2" bw="10" slack="0"/>
<pin id="833" dir="1" index="3" bw="10" slack="0"/>
</pin_list>
<bind>
<opcode="getelementptr(29) " fcode="getelementptr"/>
<opset="conv_layer_signed_char_signed_char_int_int_int_int_signed_char_signed_char_tile_out/2 "/>
</bind>
</comp>

<comp id="836" class="1004" name="p_ZZ10conv_layerPaS_iiiiS_S_E8tile_out_16_addr_gep_fu_836">
<pin_list>
<pin id="837" dir="0" index="0" bw="7" slack="0"/>
<pin id="838" dir="0" index="1" bw="1" slack="0"/>
<pin id="839" dir="0" index="2" bw="10" slack="0"/>
<pin id="840" dir="1" index="3" bw="10" slack="0"/>
</pin_list>
<bind>
<opcode="getelementptr(29) " fcode="getelementptr"/>
<opset="p_ZZ10conv_layerPaS_iiiiS_S_E8tile_out_16_addr/2 "/>
</bind>
</comp>

<comp id="843" class="1004" name="p_ZZ10conv_layerPaS_iiiiS_S_E8tile_out_17_addr_gep_fu_843">
<pin_list>
<pin id="844" dir="0" index="0" bw="7" slack="0"/>
<pin id="845" dir="0" index="1" bw="1" slack="0"/>
<pin id="846" dir="0" index="2" bw="10" slack="0"/>
<pin id="847" dir="1" index="3" bw="10" slack="0"/>
</pin_list>
<bind>
<opcode="getelementptr(29) " fcode="getelementptr"/>
<opset="p_ZZ10conv_layerPaS_iiiiS_S_E8tile_out_17_addr/2 "/>
</bind>
</comp>

<comp id="850" class="1004" name="p_ZZ10conv_layerPaS_iiiiS_S_E8tile_out_18_addr_gep_fu_850">
<pin_list>
<pin id="851" dir="0" index="0" bw="7" slack="0"/>
<pin id="852" dir="0" index="1" bw="1" slack="0"/>
<pin id="853" dir="0" index="2" bw="10" slack="0"/>
<pin id="854" dir="1" index="3" bw="10" slack="0"/>
</pin_list>
<bind>
<opcode="getelementptr(29) " fcode="getelementptr"/>
<opset="p_ZZ10conv_layerPaS_iiiiS_S_E8tile_out_18_addr/2 "/>
</bind>
</comp>

<comp id="857" class="1004" name="p_ZZ10conv_layerPaS_iiiiS_S_E8tile_out_19_addr_gep_fu_857">
<pin_list>
<pin id="858" dir="0" index="0" bw="7" slack="0"/>
<pin id="859" dir="0" index="1" bw="1" slack="0"/>
<pin id="860" dir="0" index="2" bw="10" slack="0"/>
<pin id="861" dir="1" index="3" bw="10" slack="0"/>
</pin_list>
<bind>
<opcode="getelementptr(29) " fcode="getelementptr"/>
<opset="p_ZZ10conv_layerPaS_iiiiS_S_E8tile_out_19_addr/2 "/>
</bind>
</comp>

<comp id="864" class="1004" name="p_ZZ10conv_layerPaS_iiiiS_S_E8tile_out_20_addr_gep_fu_864">
<pin_list>
<pin id="865" dir="0" index="0" bw="7" slack="0"/>
<pin id="866" dir="0" index="1" bw="1" slack="0"/>
<pin id="867" dir="0" index="2" bw="10" slack="0"/>
<pin id="868" dir="1" index="3" bw="10" slack="0"/>
</pin_list>
<bind>
<opcode="getelementptr(29) " fcode="getelementptr"/>
<opset="p_ZZ10conv_layerPaS_iiiiS_S_E8tile_out_20_addr/2 "/>
</bind>
</comp>

<comp id="871" class="1004" name="p_ZZ10conv_layerPaS_iiiiS_S_E8tile_out_21_addr_gep_fu_871">
<pin_list>
<pin id="872" dir="0" index="0" bw="7" slack="0"/>
<pin id="873" dir="0" index="1" bw="1" slack="0"/>
<pin id="874" dir="0" index="2" bw="10" slack="0"/>
<pin id="875" dir="1" index="3" bw="10" slack="0"/>
</pin_list>
<bind>
<opcode="getelementptr(29) " fcode="getelementptr"/>
<opset="p_ZZ10conv_layerPaS_iiiiS_S_E8tile_out_21_addr/2 "/>
</bind>
</comp>

<comp id="878" class="1004" name="p_ZZ10conv_layerPaS_iiiiS_S_E8tile_out_22_addr_gep_fu_878">
<pin_list>
<pin id="879" dir="0" index="0" bw="7" slack="0"/>
<pin id="880" dir="0" index="1" bw="1" slack="0"/>
<pin id="881" dir="0" index="2" bw="10" slack="0"/>
<pin id="882" dir="1" index="3" bw="10" slack="0"/>
</pin_list>
<bind>
<opcode="getelementptr(29) " fcode="getelementptr"/>
<opset="p_ZZ10conv_layerPaS_iiiiS_S_E8tile_out_22_addr/2 "/>
</bind>
</comp>

<comp id="885" class="1004" name="p_ZZ10conv_layerPaS_iiiiS_S_E8tile_out_23_addr_gep_fu_885">
<pin_list>
<pin id="886" dir="0" index="0" bw="7" slack="0"/>
<pin id="887" dir="0" index="1" bw="1" slack="0"/>
<pin id="888" dir="0" index="2" bw="10" slack="0"/>
<pin id="889" dir="1" index="3" bw="10" slack="0"/>
</pin_list>
<bind>
<opcode="getelementptr(29) " fcode="getelementptr"/>
<opset="p_ZZ10conv_layerPaS_iiiiS_S_E8tile_out_23_addr/2 "/>
</bind>
</comp>

<comp id="892" class="1004" name="p_ZZ10conv_layerPaS_iiiiS_S_E8tile_out_24_addr_gep_fu_892">
<pin_list>
<pin id="893" dir="0" index="0" bw="7" slack="0"/>
<pin id="894" dir="0" index="1" bw="1" slack="0"/>
<pin id="895" dir="0" index="2" bw="10" slack="0"/>
<pin id="896" dir="1" index="3" bw="10" slack="0"/>
</pin_list>
<bind>
<opcode="getelementptr(29) " fcode="getelementptr"/>
<opset="p_ZZ10conv_layerPaS_iiiiS_S_E8tile_out_24_addr/2 "/>
</bind>
</comp>

<comp id="899" class="1004" name="conv_layer_signed_char_signed_char_int_int_int_int_signed_char_signed_char_tile_out_98_gep_fu_899">
<pin_list>
<pin id="900" dir="0" index="0" bw="7" slack="0"/>
<pin id="901" dir="0" index="1" bw="1" slack="0"/>
<pin id="902" dir="0" index="2" bw="10" slack="0"/>
<pin id="903" dir="1" index="3" bw="10" slack="0"/>
</pin_list>
<bind>
<opcode="getelementptr(29) " fcode="getelementptr"/>
<opset="conv_layer_signed_char_signed_char_int_int_int_int_signed_char_signed_char_tile_out_98/2 "/>
</bind>
</comp>

<comp id="906" class="1004" name="p_ZZ10conv_layerPaS_iiiiS_S_E8tile_out_26_addr_gep_fu_906">
<pin_list>
<pin id="907" dir="0" index="0" bw="7" slack="0"/>
<pin id="908" dir="0" index="1" bw="1" slack="0"/>
<pin id="909" dir="0" index="2" bw="10" slack="0"/>
<pin id="910" dir="1" index="3" bw="10" slack="0"/>
</pin_list>
<bind>
<opcode="getelementptr(29) " fcode="getelementptr"/>
<opset="p_ZZ10conv_layerPaS_iiiiS_S_E8tile_out_26_addr/2 "/>
</bind>
</comp>

<comp id="913" class="1004" name="p_ZZ10conv_layerPaS_iiiiS_S_E8tile_out_27_addr_gep_fu_913">
<pin_list>
<pin id="914" dir="0" index="0" bw="7" slack="0"/>
<pin id="915" dir="0" index="1" bw="1" slack="0"/>
<pin id="916" dir="0" index="2" bw="10" slack="0"/>
<pin id="917" dir="1" index="3" bw="10" slack="0"/>
</pin_list>
<bind>
<opcode="getelementptr(29) " fcode="getelementptr"/>
<opset="p_ZZ10conv_layerPaS_iiiiS_S_E8tile_out_27_addr/2 "/>
</bind>
</comp>

<comp id="920" class="1004" name="p_ZZ10conv_layerPaS_iiiiS_S_E8tile_out_28_addr_gep_fu_920">
<pin_list>
<pin id="921" dir="0" index="0" bw="7" slack="0"/>
<pin id="922" dir="0" index="1" bw="1" slack="0"/>
<pin id="923" dir="0" index="2" bw="10" slack="0"/>
<pin id="924" dir="1" index="3" bw="10" slack="0"/>
</pin_list>
<bind>
<opcode="getelementptr(29) " fcode="getelementptr"/>
<opset="p_ZZ10conv_layerPaS_iiiiS_S_E8tile_out_28_addr/2 "/>
</bind>
</comp>

<comp id="927" class="1004" name="p_ZZ10conv_layerPaS_iiiiS_S_E8tile_out_29_addr_gep_fu_927">
<pin_list>
<pin id="928" dir="0" index="0" bw="7" slack="0"/>
<pin id="929" dir="0" index="1" bw="1" slack="0"/>
<pin id="930" dir="0" index="2" bw="10" slack="0"/>
<pin id="931" dir="1" index="3" bw="10" slack="0"/>
</pin_list>
<bind>
<opcode="getelementptr(29) " fcode="getelementptr"/>
<opset="p_ZZ10conv_layerPaS_iiiiS_S_E8tile_out_29_addr/2 "/>
</bind>
</comp>

<comp id="934" class="1004" name="p_ZZ10conv_layerPaS_iiiiS_S_E8tile_out_30_addr_gep_fu_934">
<pin_list>
<pin id="935" dir="0" index="0" bw="7" slack="0"/>
<pin id="936" dir="0" index="1" bw="1" slack="0"/>
<pin id="937" dir="0" index="2" bw="10" slack="0"/>
<pin id="938" dir="1" index="3" bw="10" slack="0"/>
</pin_list>
<bind>
<opcode="getelementptr(29) " fcode="getelementptr"/>
<opset="p_ZZ10conv_layerPaS_iiiiS_S_E8tile_out_30_addr/2 "/>
</bind>
</comp>

<comp id="941" class="1004" name="p_ZZ10conv_layerPaS_iiiiS_S_E8tile_out_31_addr_gep_fu_941">
<pin_list>
<pin id="942" dir="0" index="0" bw="7" slack="0"/>
<pin id="943" dir="0" index="1" bw="1" slack="0"/>
<pin id="944" dir="0" index="2" bw="10" slack="0"/>
<pin id="945" dir="1" index="3" bw="10" slack="0"/>
</pin_list>
<bind>
<opcode="getelementptr(29) " fcode="getelementptr"/>
<opset="p_ZZ10conv_layerPaS_iiiiS_S_E8tile_out_31_addr/2 "/>
</bind>
</comp>

<comp id="948" class="1004" name="p_ZZ10conv_layerPaS_iiiiS_S_E8tile_out_32_addr_gep_fu_948">
<pin_list>
<pin id="949" dir="0" index="0" bw="7" slack="0"/>
<pin id="950" dir="0" index="1" bw="1" slack="0"/>
<pin id="951" dir="0" index="2" bw="10" slack="0"/>
<pin id="952" dir="1" index="3" bw="10" slack="0"/>
</pin_list>
<bind>
<opcode="getelementptr(29) " fcode="getelementptr"/>
<opset="p_ZZ10conv_layerPaS_iiiiS_S_E8tile_out_32_addr/2 "/>
</bind>
</comp>

<comp id="955" class="1004" name="p_ZZ10conv_layerPaS_iiiiS_S_E8tile_out_33_addr_gep_fu_955">
<pin_list>
<pin id="956" dir="0" index="0" bw="7" slack="0"/>
<pin id="957" dir="0" index="1" bw="1" slack="0"/>
<pin id="958" dir="0" index="2" bw="10" slack="0"/>
<pin id="959" dir="1" index="3" bw="10" slack="0"/>
</pin_list>
<bind>
<opcode="getelementptr(29) " fcode="getelementptr"/>
<opset="p_ZZ10conv_layerPaS_iiiiS_S_E8tile_out_33_addr/2 "/>
</bind>
</comp>

<comp id="962" class="1004" name="p_ZZ10conv_layerPaS_iiiiS_S_E8tile_out_34_addr_gep_fu_962">
<pin_list>
<pin id="963" dir="0" index="0" bw="7" slack="0"/>
<pin id="964" dir="0" index="1" bw="1" slack="0"/>
<pin id="965" dir="0" index="2" bw="10" slack="0"/>
<pin id="966" dir="1" index="3" bw="10" slack="0"/>
</pin_list>
<bind>
<opcode="getelementptr(29) " fcode="getelementptr"/>
<opset="p_ZZ10conv_layerPaS_iiiiS_S_E8tile_out_34_addr/2 "/>
</bind>
</comp>

<comp id="969" class="1004" name="conv_layer_signed_char_signed_char_int_int_int_int_signed_char_signed_char_tile_out_99_gep_fu_969">
<pin_list>
<pin id="970" dir="0" index="0" bw="7" slack="0"/>
<pin id="971" dir="0" index="1" bw="1" slack="0"/>
<pin id="972" dir="0" index="2" bw="10" slack="0"/>
<pin id="973" dir="1" index="3" bw="10" slack="0"/>
</pin_list>
<bind>
<opcode="getelementptr(29) " fcode="getelementptr"/>
<opset="conv_layer_signed_char_signed_char_int_int_int_int_signed_char_signed_char_tile_out_99/2 "/>
</bind>
</comp>

<comp id="976" class="1004" name="p_ZZ10conv_layerPaS_iiiiS_S_E8tile_out_36_addr_gep_fu_976">
<pin_list>
<pin id="977" dir="0" index="0" bw="7" slack="0"/>
<pin id="978" dir="0" index="1" bw="1" slack="0"/>
<pin id="979" dir="0" index="2" bw="10" slack="0"/>
<pin id="980" dir="1" index="3" bw="10" slack="0"/>
</pin_list>
<bind>
<opcode="getelementptr(29) " fcode="getelementptr"/>
<opset="p_ZZ10conv_layerPaS_iiiiS_S_E8tile_out_36_addr/2 "/>
</bind>
</comp>

<comp id="983" class="1004" name="p_ZZ10conv_layerPaS_iiiiS_S_E8tile_out_37_addr_gep_fu_983">
<pin_list>
<pin id="984" dir="0" index="0" bw="7" slack="0"/>
<pin id="985" dir="0" index="1" bw="1" slack="0"/>
<pin id="986" dir="0" index="2" bw="10" slack="0"/>
<pin id="987" dir="1" index="3" bw="10" slack="0"/>
</pin_list>
<bind>
<opcode="getelementptr(29) " fcode="getelementptr"/>
<opset="p_ZZ10conv_layerPaS_iiiiS_S_E8tile_out_37_addr/2 "/>
</bind>
</comp>

<comp id="990" class="1004" name="p_ZZ10conv_layerPaS_iiiiS_S_E8tile_out_38_addr_gep_fu_990">
<pin_list>
<pin id="991" dir="0" index="0" bw="7" slack="0"/>
<pin id="992" dir="0" index="1" bw="1" slack="0"/>
<pin id="993" dir="0" index="2" bw="10" slack="0"/>
<pin id="994" dir="1" index="3" bw="10" slack="0"/>
</pin_list>
<bind>
<opcode="getelementptr(29) " fcode="getelementptr"/>
<opset="p_ZZ10conv_layerPaS_iiiiS_S_E8tile_out_38_addr/2 "/>
</bind>
</comp>

<comp id="997" class="1004" name="p_ZZ10conv_layerPaS_iiiiS_S_E8tile_out_39_addr_gep_fu_997">
<pin_list>
<pin id="998" dir="0" index="0" bw="7" slack="0"/>
<pin id="999" dir="0" index="1" bw="1" slack="0"/>
<pin id="1000" dir="0" index="2" bw="10" slack="0"/>
<pin id="1001" dir="1" index="3" bw="10" slack="0"/>
</pin_list>
<bind>
<opcode="getelementptr(29) " fcode="getelementptr"/>
<opset="p_ZZ10conv_layerPaS_iiiiS_S_E8tile_out_39_addr/2 "/>
</bind>
</comp>

<comp id="1004" class="1004" name="p_ZZ10conv_layerPaS_iiiiS_S_E8tile_out_40_addr_gep_fu_1004">
<pin_list>
<pin id="1005" dir="0" index="0" bw="7" slack="0"/>
<pin id="1006" dir="0" index="1" bw="1" slack="0"/>
<pin id="1007" dir="0" index="2" bw="10" slack="0"/>
<pin id="1008" dir="1" index="3" bw="10" slack="0"/>
</pin_list>
<bind>
<opcode="getelementptr(29) " fcode="getelementptr"/>
<opset="p_ZZ10conv_layerPaS_iiiiS_S_E8tile_out_40_addr/2 "/>
</bind>
</comp>

<comp id="1011" class="1004" name="p_ZZ10conv_layerPaS_iiiiS_S_E8tile_out_41_addr_gep_fu_1011">
<pin_list>
<pin id="1012" dir="0" index="0" bw="7" slack="0"/>
<pin id="1013" dir="0" index="1" bw="1" slack="0"/>
<pin id="1014" dir="0" index="2" bw="10" slack="0"/>
<pin id="1015" dir="1" index="3" bw="10" slack="0"/>
</pin_list>
<bind>
<opcode="getelementptr(29) " fcode="getelementptr"/>
<opset="p_ZZ10conv_layerPaS_iiiiS_S_E8tile_out_41_addr/2 "/>
</bind>
</comp>

<comp id="1018" class="1004" name="p_ZZ10conv_layerPaS_iiiiS_S_E8tile_out_42_addr_gep_fu_1018">
<pin_list>
<pin id="1019" dir="0" index="0" bw="7" slack="0"/>
<pin id="1020" dir="0" index="1" bw="1" slack="0"/>
<pin id="1021" dir="0" index="2" bw="10" slack="0"/>
<pin id="1022" dir="1" index="3" bw="10" slack="0"/>
</pin_list>
<bind>
<opcode="getelementptr(29) " fcode="getelementptr"/>
<opset="p_ZZ10conv_layerPaS_iiiiS_S_E8tile_out_42_addr/2 "/>
</bind>
</comp>

<comp id="1025" class="1004" name="p_ZZ10conv_layerPaS_iiiiS_S_E8tile_out_43_addr_gep_fu_1025">
<pin_list>
<pin id="1026" dir="0" index="0" bw="7" slack="0"/>
<pin id="1027" dir="0" index="1" bw="1" slack="0"/>
<pin id="1028" dir="0" index="2" bw="10" slack="0"/>
<pin id="1029" dir="1" index="3" bw="10" slack="0"/>
</pin_list>
<bind>
<opcode="getelementptr(29) " fcode="getelementptr"/>
<opset="p_ZZ10conv_layerPaS_iiiiS_S_E8tile_out_43_addr/2 "/>
</bind>
</comp>

<comp id="1032" class="1004" name="p_ZZ10conv_layerPaS_iiiiS_S_E8tile_out_44_addr_gep_fu_1032">
<pin_list>
<pin id="1033" dir="0" index="0" bw="7" slack="0"/>
<pin id="1034" dir="0" index="1" bw="1" slack="0"/>
<pin id="1035" dir="0" index="2" bw="10" slack="0"/>
<pin id="1036" dir="1" index="3" bw="10" slack="0"/>
</pin_list>
<bind>
<opcode="getelementptr(29) " fcode="getelementptr"/>
<opset="p_ZZ10conv_layerPaS_iiiiS_S_E8tile_out_44_addr/2 "/>
</bind>
</comp>

<comp id="1039" class="1004" name="conv_layer_signed_char_signed_char_int_int_int_int_signed_char_signed_char_tile_out_100_gep_fu_1039">
<pin_list>
<pin id="1040" dir="0" index="0" bw="7" slack="0"/>
<pin id="1041" dir="0" index="1" bw="1" slack="0"/>
<pin id="1042" dir="0" index="2" bw="10" slack="0"/>
<pin id="1043" dir="1" index="3" bw="10" slack="0"/>
</pin_list>
<bind>
<opcode="getelementptr(29) " fcode="getelementptr"/>
<opset="conv_layer_signed_char_signed_char_int_int_int_int_signed_char_signed_char_tile_out_100/2 "/>
</bind>
</comp>

<comp id="1046" class="1004" name="p_ZZ10conv_layerPaS_iiiiS_S_E8tile_out_46_addr_gep_fu_1046">
<pin_list>
<pin id="1047" dir="0" index="0" bw="7" slack="0"/>
<pin id="1048" dir="0" index="1" bw="1" slack="0"/>
<pin id="1049" dir="0" index="2" bw="10" slack="0"/>
<pin id="1050" dir="1" index="3" bw="10" slack="0"/>
</pin_list>
<bind>
<opcode="getelementptr(29) " fcode="getelementptr"/>
<opset="p_ZZ10conv_layerPaS_iiiiS_S_E8tile_out_46_addr/2 "/>
</bind>
</comp>

<comp id="1053" class="1004" name="p_ZZ10conv_layerPaS_iiiiS_S_E8tile_out_47_addr_gep_fu_1053">
<pin_list>
<pin id="1054" dir="0" index="0" bw="7" slack="0"/>
<pin id="1055" dir="0" index="1" bw="1" slack="0"/>
<pin id="1056" dir="0" index="2" bw="10" slack="0"/>
<pin id="1057" dir="1" index="3" bw="10" slack="0"/>
</pin_list>
<bind>
<opcode="getelementptr(29) " fcode="getelementptr"/>
<opset="p_ZZ10conv_layerPaS_iiiiS_S_E8tile_out_47_addr/2 "/>
</bind>
</comp>

<comp id="1060" class="1004" name="p_ZZ10conv_layerPaS_iiiiS_S_E8tile_out_48_addr_gep_fu_1060">
<pin_list>
<pin id="1061" dir="0" index="0" bw="7" slack="0"/>
<pin id="1062" dir="0" index="1" bw="1" slack="0"/>
<pin id="1063" dir="0" index="2" bw="10" slack="0"/>
<pin id="1064" dir="1" index="3" bw="10" slack="0"/>
</pin_list>
<bind>
<opcode="getelementptr(29) " fcode="getelementptr"/>
<opset="p_ZZ10conv_layerPaS_iiiiS_S_E8tile_out_48_addr/2 "/>
</bind>
</comp>

<comp id="1067" class="1004" name="p_ZZ10conv_layerPaS_iiiiS_S_E8tile_out_49_addr_gep_fu_1067">
<pin_list>
<pin id="1068" dir="0" index="0" bw="7" slack="0"/>
<pin id="1069" dir="0" index="1" bw="1" slack="0"/>
<pin id="1070" dir="0" index="2" bw="10" slack="0"/>
<pin id="1071" dir="1" index="3" bw="10" slack="0"/>
</pin_list>
<bind>
<opcode="getelementptr(29) " fcode="getelementptr"/>
<opset="p_ZZ10conv_layerPaS_iiiiS_S_E8tile_out_49_addr/2 "/>
</bind>
</comp>

<comp id="1074" class="1004" name="p_ZZ10conv_layerPaS_iiiiS_S_E8tile_out_50_addr_gep_fu_1074">
<pin_list>
<pin id="1075" dir="0" index="0" bw="7" slack="0"/>
<pin id="1076" dir="0" index="1" bw="1" slack="0"/>
<pin id="1077" dir="0" index="2" bw="10" slack="0"/>
<pin id="1078" dir="1" index="3" bw="10" slack="0"/>
</pin_list>
<bind>
<opcode="getelementptr(29) " fcode="getelementptr"/>
<opset="p_ZZ10conv_layerPaS_iiiiS_S_E8tile_out_50_addr/2 "/>
</bind>
</comp>

<comp id="1081" class="1004" name="p_ZZ10conv_layerPaS_iiiiS_S_E8tile_out_51_addr_gep_fu_1081">
<pin_list>
<pin id="1082" dir="0" index="0" bw="7" slack="0"/>
<pin id="1083" dir="0" index="1" bw="1" slack="0"/>
<pin id="1084" dir="0" index="2" bw="10" slack="0"/>
<pin id="1085" dir="1" index="3" bw="10" slack="0"/>
</pin_list>
<bind>
<opcode="getelementptr(29) " fcode="getelementptr"/>
<opset="p_ZZ10conv_layerPaS_iiiiS_S_E8tile_out_51_addr/2 "/>
</bind>
</comp>

<comp id="1088" class="1004" name="p_ZZ10conv_layerPaS_iiiiS_S_E8tile_out_52_addr_gep_fu_1088">
<pin_list>
<pin id="1089" dir="0" index="0" bw="7" slack="0"/>
<pin id="1090" dir="0" index="1" bw="1" slack="0"/>
<pin id="1091" dir="0" index="2" bw="10" slack="0"/>
<pin id="1092" dir="1" index="3" bw="10" slack="0"/>
</pin_list>
<bind>
<opcode="getelementptr(29) " fcode="getelementptr"/>
<opset="p_ZZ10conv_layerPaS_iiiiS_S_E8tile_out_52_addr/2 "/>
</bind>
</comp>

<comp id="1095" class="1004" name="p_ZZ10conv_layerPaS_iiiiS_S_E8tile_out_53_addr_gep_fu_1095">
<pin_list>
<pin id="1096" dir="0" index="0" bw="7" slack="0"/>
<pin id="1097" dir="0" index="1" bw="1" slack="0"/>
<pin id="1098" dir="0" index="2" bw="10" slack="0"/>
<pin id="1099" dir="1" index="3" bw="10" slack="0"/>
</pin_list>
<bind>
<opcode="getelementptr(29) " fcode="getelementptr"/>
<opset="p_ZZ10conv_layerPaS_iiiiS_S_E8tile_out_53_addr/2 "/>
</bind>
</comp>

<comp id="1102" class="1004" name="p_ZZ10conv_layerPaS_iiiiS_S_E8tile_out_54_addr_gep_fu_1102">
<pin_list>
<pin id="1103" dir="0" index="0" bw="7" slack="0"/>
<pin id="1104" dir="0" index="1" bw="1" slack="0"/>
<pin id="1105" dir="0" index="2" bw="10" slack="0"/>
<pin id="1106" dir="1" index="3" bw="10" slack="0"/>
</pin_list>
<bind>
<opcode="getelementptr(29) " fcode="getelementptr"/>
<opset="p_ZZ10conv_layerPaS_iiiiS_S_E8tile_out_54_addr/2 "/>
</bind>
</comp>

<comp id="1109" class="1004" name="conv_layer_signed_char_signed_char_int_int_int_int_signed_char_signed_char_tile_out_101_gep_fu_1109">
<pin_list>
<pin id="1110" dir="0" index="0" bw="7" slack="0"/>
<pin id="1111" dir="0" index="1" bw="1" slack="0"/>
<pin id="1112" dir="0" index="2" bw="10" slack="0"/>
<pin id="1113" dir="1" index="3" bw="10" slack="0"/>
</pin_list>
<bind>
<opcode="getelementptr(29) " fcode="getelementptr"/>
<opset="conv_layer_signed_char_signed_char_int_int_int_int_signed_char_signed_char_tile_out_101/2 "/>
</bind>
</comp>

<comp id="1116" class="1004" name="p_ZZ10conv_layerPaS_iiiiS_S_E8tile_out_56_addr_gep_fu_1116">
<pin_list>
<pin id="1117" dir="0" index="0" bw="7" slack="0"/>
<pin id="1118" dir="0" index="1" bw="1" slack="0"/>
<pin id="1119" dir="0" index="2" bw="10" slack="0"/>
<pin id="1120" dir="1" index="3" bw="10" slack="0"/>
</pin_list>
<bind>
<opcode="getelementptr(29) " fcode="getelementptr"/>
<opset="p_ZZ10conv_layerPaS_iiiiS_S_E8tile_out_56_addr/2 "/>
</bind>
</comp>

<comp id="1123" class="1004" name="p_ZZ10conv_layerPaS_iiiiS_S_E8tile_out_57_addr_gep_fu_1123">
<pin_list>
<pin id="1124" dir="0" index="0" bw="7" slack="0"/>
<pin id="1125" dir="0" index="1" bw="1" slack="0"/>
<pin id="1126" dir="0" index="2" bw="10" slack="0"/>
<pin id="1127" dir="1" index="3" bw="10" slack="0"/>
</pin_list>
<bind>
<opcode="getelementptr(29) " fcode="getelementptr"/>
<opset="p_ZZ10conv_layerPaS_iiiiS_S_E8tile_out_57_addr/2 "/>
</bind>
</comp>

<comp id="1130" class="1004" name="p_ZZ10conv_layerPaS_iiiiS_S_E8tile_out_58_addr_gep_fu_1130">
<pin_list>
<pin id="1131" dir="0" index="0" bw="7" slack="0"/>
<pin id="1132" dir="0" index="1" bw="1" slack="0"/>
<pin id="1133" dir="0" index="2" bw="10" slack="0"/>
<pin id="1134" dir="1" index="3" bw="10" slack="0"/>
</pin_list>
<bind>
<opcode="getelementptr(29) " fcode="getelementptr"/>
<opset="p_ZZ10conv_layerPaS_iiiiS_S_E8tile_out_58_addr/2 "/>
</bind>
</comp>

<comp id="1137" class="1004" name="p_ZZ10conv_layerPaS_iiiiS_S_E8tile_out_59_addr_gep_fu_1137">
<pin_list>
<pin id="1138" dir="0" index="0" bw="7" slack="0"/>
<pin id="1139" dir="0" index="1" bw="1" slack="0"/>
<pin id="1140" dir="0" index="2" bw="10" slack="0"/>
<pin id="1141" dir="1" index="3" bw="10" slack="0"/>
</pin_list>
<bind>
<opcode="getelementptr(29) " fcode="getelementptr"/>
<opset="p_ZZ10conv_layerPaS_iiiiS_S_E8tile_out_59_addr/2 "/>
</bind>
</comp>

<comp id="1144" class="1004" name="p_ZZ10conv_layerPaS_iiiiS_S_E8tile_out_60_addr_gep_fu_1144">
<pin_list>
<pin id="1145" dir="0" index="0" bw="7" slack="0"/>
<pin id="1146" dir="0" index="1" bw="1" slack="0"/>
<pin id="1147" dir="0" index="2" bw="10" slack="0"/>
<pin id="1148" dir="1" index="3" bw="10" slack="0"/>
</pin_list>
<bind>
<opcode="getelementptr(29) " fcode="getelementptr"/>
<opset="p_ZZ10conv_layerPaS_iiiiS_S_E8tile_out_60_addr/2 "/>
</bind>
</comp>

<comp id="1151" class="1004" name="p_ZZ10conv_layerPaS_iiiiS_S_E8tile_out_61_addr_gep_fu_1151">
<pin_list>
<pin id="1152" dir="0" index="0" bw="7" slack="0"/>
<pin id="1153" dir="0" index="1" bw="1" slack="0"/>
<pin id="1154" dir="0" index="2" bw="10" slack="0"/>
<pin id="1155" dir="1" index="3" bw="10" slack="64"/>
</pin_list>
<bind>
<opcode="getelementptr(29) " fcode="getelementptr"/>
<opset="p_ZZ10conv_layerPaS_iiiiS_S_E8tile_out_61_addr/2 "/>
</bind>
</comp>

<comp id="1158" class="1004" name="p_ZZ10conv_layerPaS_iiiiS_S_E8tile_out_62_addr_gep_fu_1158">
<pin_list>
<pin id="1159" dir="0" index="0" bw="7" slack="0"/>
<pin id="1160" dir="0" index="1" bw="1" slack="0"/>
<pin id="1161" dir="0" index="2" bw="10" slack="0"/>
<pin id="1162" dir="1" index="3" bw="10" slack="64"/>
</pin_list>
<bind>
<opcode="getelementptr(29) " fcode="getelementptr"/>
<opset="p_ZZ10conv_layerPaS_iiiiS_S_E8tile_out_62_addr/2 "/>
</bind>
</comp>

<comp id="1165" class="1004" name="p_ZZ10conv_layerPaS_iiiiS_S_E8tile_out_63_addr_gep_fu_1165">
<pin_list>
<pin id="1166" dir="0" index="0" bw="7" slack="0"/>
<pin id="1167" dir="0" index="1" bw="1" slack="0"/>
<pin id="1168" dir="0" index="2" bw="10" slack="0"/>
<pin id="1169" dir="1" index="3" bw="10" slack="64"/>
</pin_list>
<bind>
<opcode="getelementptr(29) " fcode="getelementptr"/>
<opset="p_ZZ10conv_layerPaS_iiiiS_S_E8tile_out_63_addr/2 "/>
</bind>
</comp>

<comp id="1172" class="1004" name="conv_layer_signed_char_signed_char_int_int_int_int_signed_char_signed_50_gep_fu_1172">
<pin_list>
<pin id="1173" dir="0" index="0" bw="7" slack="0"/>
<pin id="1174" dir="0" index="1" bw="1" slack="0"/>
<pin id="1175" dir="0" index="2" bw="10" slack="0"/>
<pin id="1176" dir="1" index="3" bw="10" slack="0"/>
</pin_list>
<bind>
<opcode="getelementptr(29) " fcode="getelementptr"/>
<opset="conv_layer_signed_char_signed_char_int_int_int_int_signed_char_signed_50/2 "/>
</bind>
</comp>

<comp id="1179" class="1004" name="conv_layer_signed_char_signed_char_int_int_int_int_signed_char_signed_51_gep_fu_1179">
<pin_list>
<pin id="1180" dir="0" index="0" bw="7" slack="0"/>
<pin id="1181" dir="0" index="1" bw="1" slack="0"/>
<pin id="1182" dir="0" index="2" bw="10" slack="0"/>
<pin id="1183" dir="1" index="3" bw="10" slack="0"/>
</pin_list>
<bind>
<opcode="getelementptr(29) " fcode="getelementptr"/>
<opset="conv_layer_signed_char_signed_char_int_int_int_int_signed_char_signed_51/2 "/>
</bind>
</comp>

<comp id="1186" class="1004" name="conv_layer_signed_char_signed_char_int_int_int_int_signed_char_signed_52_gep_fu_1186">
<pin_list>
<pin id="1187" dir="0" index="0" bw="7" slack="0"/>
<pin id="1188" dir="0" index="1" bw="1" slack="0"/>
<pin id="1189" dir="0" index="2" bw="10" slack="0"/>
<pin id="1190" dir="1" index="3" bw="10" slack="0"/>
</pin_list>
<bind>
<opcode="getelementptr(29) " fcode="getelementptr"/>
<opset="conv_layer_signed_char_signed_char_int_int_int_int_signed_char_signed_52/2 "/>
</bind>
</comp>

<comp id="1193" class="1004" name="conv_layer_signed_char_signed_char_int_int_int_int_signed_char_signed_53_gep_fu_1193">
<pin_list>
<pin id="1194" dir="0" index="0" bw="7" slack="0"/>
<pin id="1195" dir="0" index="1" bw="1" slack="0"/>
<pin id="1196" dir="0" index="2" bw="10" slack="0"/>
<pin id="1197" dir="1" index="3" bw="10" slack="0"/>
</pin_list>
<bind>
<opcode="getelementptr(29) " fcode="getelementptr"/>
<opset="conv_layer_signed_char_signed_char_int_int_int_int_signed_char_signed_53/2 "/>
</bind>
</comp>

<comp id="1200" class="1004" name="conv_layer_signed_char_signed_char_int_int_int_int_signed_char_signed_54_gep_fu_1200">
<pin_list>
<pin id="1201" dir="0" index="0" bw="7" slack="0"/>
<pin id="1202" dir="0" index="1" bw="1" slack="0"/>
<pin id="1203" dir="0" index="2" bw="10" slack="0"/>
<pin id="1204" dir="1" index="3" bw="10" slack="0"/>
</pin_list>
<bind>
<opcode="getelementptr(29) " fcode="getelementptr"/>
<opset="conv_layer_signed_char_signed_char_int_int_int_int_signed_char_signed_54/2 "/>
</bind>
</comp>

<comp id="1207" class="1004" name="conv_layer_signed_char_signed_char_int_int_int_int_signed_char_signed_55_gep_fu_1207">
<pin_list>
<pin id="1208" dir="0" index="0" bw="7" slack="0"/>
<pin id="1209" dir="0" index="1" bw="1" slack="0"/>
<pin id="1210" dir="0" index="2" bw="10" slack="0"/>
<pin id="1211" dir="1" index="3" bw="10" slack="0"/>
</pin_list>
<bind>
<opcode="getelementptr(29) " fcode="getelementptr"/>
<opset="conv_layer_signed_char_signed_char_int_int_int_int_signed_char_signed_55/2 "/>
</bind>
</comp>

<comp id="1214" class="1004" name="conv_layer_signed_char_signed_char_int_int_int_int_signed_char_signed_56_gep_fu_1214">
<pin_list>
<pin id="1215" dir="0" index="0" bw="7" slack="0"/>
<pin id="1216" dir="0" index="1" bw="1" slack="0"/>
<pin id="1217" dir="0" index="2" bw="10" slack="0"/>
<pin id="1218" dir="1" index="3" bw="10" slack="0"/>
</pin_list>
<bind>
<opcode="getelementptr(29) " fcode="getelementptr"/>
<opset="conv_layer_signed_char_signed_char_int_int_int_int_signed_char_signed_56/2 "/>
</bind>
</comp>

<comp id="1221" class="1004" name="conv_layer_signed_char_signed_char_int_int_int_int_signed_char_signed_57_gep_fu_1221">
<pin_list>
<pin id="1222" dir="0" index="0" bw="7" slack="0"/>
<pin id="1223" dir="0" index="1" bw="1" slack="0"/>
<pin id="1224" dir="0" index="2" bw="10" slack="0"/>
<pin id="1225" dir="1" index="3" bw="10" slack="0"/>
</pin_list>
<bind>
<opcode="getelementptr(29) " fcode="getelementptr"/>
<opset="conv_layer_signed_char_signed_char_int_int_int_int_signed_char_signed_57/2 "/>
</bind>
</comp>

<comp id="1228" class="1004" name="conv_layer_signed_char_signed_char_int_int_int_int_signed_char_signed_58_gep_fu_1228">
<pin_list>
<pin id="1229" dir="0" index="0" bw="7" slack="0"/>
<pin id="1230" dir="0" index="1" bw="1" slack="0"/>
<pin id="1231" dir="0" index="2" bw="10" slack="0"/>
<pin id="1232" dir="1" index="3" bw="10" slack="0"/>
</pin_list>
<bind>
<opcode="getelementptr(29) " fcode="getelementptr"/>
<opset="conv_layer_signed_char_signed_char_int_int_int_int_signed_char_signed_58/2 "/>
</bind>
</comp>

<comp id="1235" class="1004" name="conv_layer_signed_char_signed_char_int_int_int_int_signed_char_signed_59_gep_fu_1235">
<pin_list>
<pin id="1236" dir="0" index="0" bw="7" slack="0"/>
<pin id="1237" dir="0" index="1" bw="1" slack="0"/>
<pin id="1238" dir="0" index="2" bw="10" slack="0"/>
<pin id="1239" dir="1" index="3" bw="10" slack="0"/>
</pin_list>
<bind>
<opcode="getelementptr(29) " fcode="getelementptr"/>
<opset="conv_layer_signed_char_signed_char_int_int_int_int_signed_char_signed_59/2 "/>
</bind>
</comp>

<comp id="1242" class="1004" name="grp_access_fu_1242">
<pin_list>
<pin id="1243" dir="0" index="0" bw="10" slack="0"/>
<pin id="1244" dir="0" index="1" bw="7" slack="2147483647"/>
<pin id="1245" dir="0" index="2" bw="0" slack="2147483647"/>
<pin id="1246" dir="1" index="3" bw="7" slack="4"/>
</pin_list>
<bind>
<opcode="load(27) " fcode="load"/>
<opset="conv_layer_signed_char_signed_char_int_int_int_int_signed_char_signed_60/2 "/>
</bind>
</comp>

<comp id="1248" class="1004" name="grp_access_fu_1248">
<pin_list>
<pin id="1249" dir="0" index="0" bw="10" slack="0"/>
<pin id="1250" dir="0" index="1" bw="7" slack="2147483647"/>
<pin id="1251" dir="0" index="2" bw="0" slack="2147483647"/>
<pin id="1252" dir="1" index="3" bw="7" slack="5"/>
</pin_list>
<bind>
<opcode="load(27) " fcode="load"/>
<opset="conv_layer_signed_char_signed_char_int_int_int_int_signed_char_signed_61/2 "/>
</bind>
</comp>

<comp id="1254" class="1004" name="grp_access_fu_1254">
<pin_list>
<pin id="1255" dir="0" index="0" bw="10" slack="0"/>
<pin id="1256" dir="0" index="1" bw="7" slack="2147483647"/>
<pin id="1257" dir="0" index="2" bw="0" slack="2147483647"/>
<pin id="1258" dir="1" index="3" bw="7" slack="6"/>
</pin_list>
<bind>
<opcode="load(27) " fcode="load"/>
<opset="conv_layer_signed_char_signed_char_int_int_int_int_signed_char_signed_62/2 "/>
</bind>
</comp>

<comp id="1260" class="1004" name="grp_access_fu_1260">
<pin_list>
<pin id="1261" dir="0" index="0" bw="10" slack="0"/>
<pin id="1262" dir="0" index="1" bw="7" slack="2147483647"/>
<pin id="1263" dir="0" index="2" bw="0" slack="2147483647"/>
<pin id="1264" dir="1" index="3" bw="7" slack="7"/>
</pin_list>
<bind>
<opcode="load(27) " fcode="load"/>
<opset="conv_layer_signed_char_signed_char_int_int_int_int_signed_char_signed_63/2 "/>
</bind>
</comp>

<comp id="1266" class="1004" name="grp_access_fu_1266">
<pin_list>
<pin id="1267" dir="0" index="0" bw="10" slack="0"/>
<pin id="1268" dir="0" index="1" bw="7" slack="2147483647"/>
<pin id="1269" dir="0" index="2" bw="0" slack="2147483647"/>
<pin id="1270" dir="1" index="3" bw="7" slack="8"/>
</pin_list>
<bind>
<opcode="load(27) " fcode="load"/>
<opset="conv_layer_signed_char_signed_char_int_int_int_int_signed_char_signed_64/2 "/>
</bind>
</comp>

<comp id="1272" class="1004" name="grp_access_fu_1272">
<pin_list>
<pin id="1273" dir="0" index="0" bw="10" slack="0"/>
<pin id="1274" dir="0" index="1" bw="7" slack="2147483647"/>
<pin id="1275" dir="0" index="2" bw="0" slack="2147483647"/>
<pin id="1276" dir="1" index="3" bw="7" slack="9"/>
</pin_list>
<bind>
<opcode="load(27) " fcode="load"/>
<opset="conv_layer_signed_char_signed_char_int_int_int_int_signed_char_signed_65/2 "/>
</bind>
</comp>

<comp id="1278" class="1004" name="grp_access_fu_1278">
<pin_list>
<pin id="1279" dir="0" index="0" bw="10" slack="0"/>
<pin id="1280" dir="0" index="1" bw="7" slack="2147483647"/>
<pin id="1281" dir="0" index="2" bw="0" slack="2147483647"/>
<pin id="1282" dir="1" index="3" bw="7" slack="10"/>
</pin_list>
<bind>
<opcode="load(27) " fcode="load"/>
<opset="conv_layer_signed_char_signed_char_int_int_int_int_signed_char_signed_66/2 "/>
</bind>
</comp>

<comp id="1284" class="1004" name="grp_access_fu_1284">
<pin_list>
<pin id="1285" dir="0" index="0" bw="10" slack="0"/>
<pin id="1286" dir="0" index="1" bw="7" slack="2147483647"/>
<pin id="1287" dir="0" index="2" bw="0" slack="2147483647"/>
<pin id="1288" dir="1" index="3" bw="7" slack="11"/>
</pin_list>
<bind>
<opcode="load(27) " fcode="load"/>
<opset="conv_layer_signed_char_signed_char_int_int_int_int_signed_char_signed_67/2 "/>
</bind>
</comp>

<comp id="1290" class="1004" name="grp_access_fu_1290">
<pin_list>
<pin id="1291" dir="0" index="0" bw="10" slack="0"/>
<pin id="1292" dir="0" index="1" bw="7" slack="2147483647"/>
<pin id="1293" dir="0" index="2" bw="0" slack="2147483647"/>
<pin id="1294" dir="1" index="3" bw="7" slack="12"/>
</pin_list>
<bind>
<opcode="load(27) " fcode="load"/>
<opset="conv_layer_signed_char_signed_char_int_int_int_int_signed_char_signed_68/2 "/>
</bind>
</comp>

<comp id="1296" class="1004" name="grp_access_fu_1296">
<pin_list>
<pin id="1297" dir="0" index="0" bw="10" slack="0"/>
<pin id="1298" dir="0" index="1" bw="7" slack="2147483647"/>
<pin id="1299" dir="0" index="2" bw="0" slack="2147483647"/>
<pin id="1300" dir="1" index="3" bw="7" slack="13"/>
</pin_list>
<bind>
<opcode="load(27) " fcode="load"/>
<opset="conv_layer_signed_char_signed_char_int_int_int_int_signed_char_signed_69/2 "/>
</bind>
</comp>

<comp id="1302" class="1004" name="grp_access_fu_1302">
<pin_list>
<pin id="1303" dir="0" index="0" bw="10" slack="0"/>
<pin id="1304" dir="0" index="1" bw="7" slack="2147483647"/>
<pin id="1305" dir="0" index="2" bw="0" slack="2147483647"/>
<pin id="1306" dir="1" index="3" bw="7" slack="14"/>
</pin_list>
<bind>
<opcode="load(27) " fcode="load"/>
<opset="p_ZZ10conv_layerPaS_iiiiS_S_E8tile_out_10_load/2 "/>
</bind>
</comp>

<comp id="1308" class="1004" name="grp_access_fu_1308">
<pin_list>
<pin id="1309" dir="0" index="0" bw="10" slack="0"/>
<pin id="1310" dir="0" index="1" bw="7" slack="2147483647"/>
<pin id="1311" dir="0" index="2" bw="0" slack="2147483647"/>
<pin id="1312" dir="1" index="3" bw="7" slack="15"/>
</pin_list>
<bind>
<opcode="load(27) " fcode="load"/>
<opset="conv_layer_signed_char_signed_char_int_int_int_int_signed_char_signed_char_tile_out_103/2 "/>
</bind>
</comp>

<comp id="1314" class="1004" name="grp_access_fu_1314">
<pin_list>
<pin id="1315" dir="0" index="0" bw="10" slack="0"/>
<pin id="1316" dir="0" index="1" bw="7" slack="2147483647"/>
<pin id="1317" dir="0" index="2" bw="0" slack="2147483647"/>
<pin id="1318" dir="1" index="3" bw="7" slack="16"/>
</pin_list>
<bind>
<opcode="load(27) " fcode="load"/>
<opset="conv_layer_signed_char_signed_char_int_int_int_int_signed_char_signed_char_tile_out_104/2 "/>
</bind>
</comp>

<comp id="1320" class="1004" name="grp_access_fu_1320">
<pin_list>
<pin id="1321" dir="0" index="0" bw="10" slack="0"/>
<pin id="1322" dir="0" index="1" bw="7" slack="2147483647"/>
<pin id="1323" dir="0" index="2" bw="0" slack="2147483647"/>
<pin id="1324" dir="1" index="3" bw="7" slack="17"/>
</pin_list>
<bind>
<opcode="load(27) " fcode="load"/>
<opset="conv_layer_signed_char_signed_char_int_int_int_int_signed_char_signed_char_tile_out_105/2 "/>
</bind>
</comp>

<comp id="1326" class="1004" name="grp_access_fu_1326">
<pin_list>
<pin id="1327" dir="0" index="0" bw="10" slack="0"/>
<pin id="1328" dir="0" index="1" bw="7" slack="2147483647"/>
<pin id="1329" dir="0" index="2" bw="0" slack="2147483647"/>
<pin id="1330" dir="1" index="3" bw="7" slack="18"/>
</pin_list>
<bind>
<opcode="load(27) " fcode="load"/>
<opset="conv_layer_signed_char_signed_char_int_int_int_int_signed_char_signed_char_tile_out_106/2 "/>
</bind>
</comp>

<comp id="1332" class="1004" name="grp_access_fu_1332">
<pin_list>
<pin id="1333" dir="0" index="0" bw="10" slack="0"/>
<pin id="1334" dir="0" index="1" bw="7" slack="2147483647"/>
<pin id="1335" dir="0" index="2" bw="0" slack="2147483647"/>
<pin id="1336" dir="1" index="3" bw="7" slack="19"/>
</pin_list>
<bind>
<opcode="load(27) " fcode="load"/>
<opset="conv_layer_signed_char_signed_char_int_int_int_int_signed_char_signed_char_tile_out_107/2 "/>
</bind>
</comp>

<comp id="1338" class="1004" name="grp_access_fu_1338">
<pin_list>
<pin id="1339" dir="0" index="0" bw="10" slack="0"/>
<pin id="1340" dir="0" index="1" bw="7" slack="2147483647"/>
<pin id="1341" dir="0" index="2" bw="0" slack="2147483647"/>
<pin id="1342" dir="1" index="3" bw="7" slack="20"/>
</pin_list>
<bind>
<opcode="load(27) " fcode="load"/>
<opset="p_ZZ10conv_layerPaS_iiiiS_S_E8tile_out_16_load/2 "/>
</bind>
</comp>

<comp id="1344" class="1004" name="grp_access_fu_1344">
<pin_list>
<pin id="1345" dir="0" index="0" bw="10" slack="0"/>
<pin id="1346" dir="0" index="1" bw="7" slack="2147483647"/>
<pin id="1347" dir="0" index="2" bw="0" slack="2147483647"/>
<pin id="1348" dir="1" index="3" bw="7" slack="21"/>
</pin_list>
<bind>
<opcode="load(27) " fcode="load"/>
<opset="p_ZZ10conv_layerPaS_iiiiS_S_E8tile_out_17_load/2 "/>
</bind>
</comp>

<comp id="1350" class="1004" name="grp_access_fu_1350">
<pin_list>
<pin id="1351" dir="0" index="0" bw="10" slack="0"/>
<pin id="1352" dir="0" index="1" bw="7" slack="2147483647"/>
<pin id="1353" dir="0" index="2" bw="0" slack="2147483647"/>
<pin id="1354" dir="1" index="3" bw="7" slack="22"/>
</pin_list>
<bind>
<opcode="load(27) " fcode="load"/>
<opset="p_ZZ10conv_layerPaS_iiiiS_S_E8tile_out_18_load/2 "/>
</bind>
</comp>

<comp id="1356" class="1004" name="grp_access_fu_1356">
<pin_list>
<pin id="1357" dir="0" index="0" bw="10" slack="0"/>
<pin id="1358" dir="0" index="1" bw="7" slack="2147483647"/>
<pin id="1359" dir="0" index="2" bw="0" slack="2147483647"/>
<pin id="1360" dir="1" index="3" bw="7" slack="23"/>
</pin_list>
<bind>
<opcode="load(27) " fcode="load"/>
<opset="p_ZZ10conv_layerPaS_iiiiS_S_E8tile_out_19_load/2 "/>
</bind>
</comp>

<comp id="1362" class="1004" name="grp_access_fu_1362">
<pin_list>
<pin id="1363" dir="0" index="0" bw="10" slack="0"/>
<pin id="1364" dir="0" index="1" bw="7" slack="2147483647"/>
<pin id="1365" dir="0" index="2" bw="0" slack="2147483647"/>
<pin id="1366" dir="1" index="3" bw="7" slack="24"/>
</pin_list>
<bind>
<opcode="load(27) " fcode="load"/>
<opset="p_ZZ10conv_layerPaS_iiiiS_S_E8tile_out_20_load/2 "/>
</bind>
</comp>

<comp id="1368" class="1004" name="grp_access_fu_1368">
<pin_list>
<pin id="1369" dir="0" index="0" bw="10" slack="0"/>
<pin id="1370" dir="0" index="1" bw="7" slack="2147483647"/>
<pin id="1371" dir="0" index="2" bw="0" slack="2147483647"/>
<pin id="1372" dir="1" index="3" bw="7" slack="25"/>
</pin_list>
<bind>
<opcode="load(27) " fcode="load"/>
<opset="conv_layer_signed_char_signed_char_int_int_int_int_signed_char_signed_char_tile_out_108/2 "/>
</bind>
</comp>

<comp id="1374" class="1004" name="grp_access_fu_1374">
<pin_list>
<pin id="1375" dir="0" index="0" bw="10" slack="0"/>
<pin id="1376" dir="0" index="1" bw="7" slack="2147483647"/>
<pin id="1377" dir="0" index="2" bw="0" slack="2147483647"/>
<pin id="1378" dir="1" index="3" bw="7" slack="26"/>
</pin_list>
<bind>
<opcode="load(27) " fcode="load"/>
<opset="conv_layer_signed_char_signed_char_int_int_int_int_signed_char_signed_char_tile_out_109/2 "/>
</bind>
</comp>

<comp id="1380" class="1004" name="grp_access_fu_1380">
<pin_list>
<pin id="1381" dir="0" index="0" bw="10" slack="0"/>
<pin id="1382" dir="0" index="1" bw="7" slack="2147483647"/>
<pin id="1383" dir="0" index="2" bw="0" slack="2147483647"/>
<pin id="1384" dir="1" index="3" bw="7" slack="27"/>
</pin_list>
<bind>
<opcode="load(27) " fcode="load"/>
<opset="conv_layer_signed_char_signed_char_int_int_int_int_signed_char_signed_char_tile_out_110/2 "/>
</bind>
</comp>

<comp id="1386" class="1004" name="grp_access_fu_1386">
<pin_list>
<pin id="1387" dir="0" index="0" bw="10" slack="0"/>
<pin id="1388" dir="0" index="1" bw="7" slack="2147483647"/>
<pin id="1389" dir="0" index="2" bw="0" slack="2147483647"/>
<pin id="1390" dir="1" index="3" bw="7" slack="28"/>
</pin_list>
<bind>
<opcode="load(27) " fcode="load"/>
<opset="conv_layer_signed_char_signed_char_int_int_int_int_signed_char_signed_char_tile_out_111/2 "/>
</bind>
</comp>

<comp id="1392" class="1004" name="grp_access_fu_1392">
<pin_list>
<pin id="1393" dir="0" index="0" bw="10" slack="0"/>
<pin id="1394" dir="0" index="1" bw="7" slack="2147483647"/>
<pin id="1395" dir="0" index="2" bw="0" slack="2147483647"/>
<pin id="1396" dir="1" index="3" bw="7" slack="29"/>
</pin_list>
<bind>
<opcode="load(27) " fcode="load"/>
<opset="conv_layer_signed_char_signed_char_int_int_int_int_signed_char_signed_char_tile_out_112/2 "/>
</bind>
</comp>

<comp id="1398" class="1004" name="grp_access_fu_1398">
<pin_list>
<pin id="1399" dir="0" index="0" bw="10" slack="0"/>
<pin id="1400" dir="0" index="1" bw="7" slack="2147483647"/>
<pin id="1401" dir="0" index="2" bw="0" slack="2147483647"/>
<pin id="1402" dir="1" index="3" bw="7" slack="30"/>
</pin_list>
<bind>
<opcode="load(27) " fcode="load"/>
<opset="p_ZZ10conv_layerPaS_iiiiS_S_E8tile_out_26_load/2 "/>
</bind>
</comp>

<comp id="1404" class="1004" name="grp_access_fu_1404">
<pin_list>
<pin id="1405" dir="0" index="0" bw="10" slack="0"/>
<pin id="1406" dir="0" index="1" bw="7" slack="2147483647"/>
<pin id="1407" dir="0" index="2" bw="0" slack="2147483647"/>
<pin id="1408" dir="1" index="3" bw="7" slack="31"/>
</pin_list>
<bind>
<opcode="load(27) " fcode="load"/>
<opset="p_ZZ10conv_layerPaS_iiiiS_S_E8tile_out_27_load/2 "/>
</bind>
</comp>

<comp id="1410" class="1004" name="grp_access_fu_1410">
<pin_list>
<pin id="1411" dir="0" index="0" bw="10" slack="0"/>
<pin id="1412" dir="0" index="1" bw="7" slack="2147483647"/>
<pin id="1413" dir="0" index="2" bw="0" slack="2147483647"/>
<pin id="1414" dir="1" index="3" bw="7" slack="32"/>
</pin_list>
<bind>
<opcode="load(27) " fcode="load"/>
<opset="p_ZZ10conv_layerPaS_iiiiS_S_E8tile_out_28_load/2 "/>
</bind>
</comp>

<comp id="1416" class="1004" name="grp_access_fu_1416">
<pin_list>
<pin id="1417" dir="0" index="0" bw="10" slack="0"/>
<pin id="1418" dir="0" index="1" bw="7" slack="2147483647"/>
<pin id="1419" dir="0" index="2" bw="0" slack="2147483647"/>
<pin id="1420" dir="1" index="3" bw="7" slack="33"/>
</pin_list>
<bind>
<opcode="load(27) " fcode="load"/>
<opset="p_ZZ10conv_layerPaS_iiiiS_S_E8tile_out_29_load/2 "/>
</bind>
</comp>

<comp id="1422" class="1004" name="grp_access_fu_1422">
<pin_list>
<pin id="1423" dir="0" index="0" bw="10" slack="0"/>
<pin id="1424" dir="0" index="1" bw="7" slack="2147483647"/>
<pin id="1425" dir="0" index="2" bw="0" slack="2147483647"/>
<pin id="1426" dir="1" index="3" bw="7" slack="34"/>
</pin_list>
<bind>
<opcode="load(27) " fcode="load"/>
<opset="p_ZZ10conv_layerPaS_iiiiS_S_E8tile_out_30_load/2 "/>
</bind>
</comp>

<comp id="1428" class="1004" name="grp_access_fu_1428">
<pin_list>
<pin id="1429" dir="0" index="0" bw="10" slack="0"/>
<pin id="1430" dir="0" index="1" bw="7" slack="2147483647"/>
<pin id="1431" dir="0" index="2" bw="0" slack="2147483647"/>
<pin id="1432" dir="1" index="3" bw="7" slack="35"/>
</pin_list>
<bind>
<opcode="load(27) " fcode="load"/>
<opset="conv_layer_signed_char_signed_char_int_int_int_int_signed_char_signed_char_tile_out_113/2 "/>
</bind>
</comp>

<comp id="1434" class="1004" name="grp_access_fu_1434">
<pin_list>
<pin id="1435" dir="0" index="0" bw="10" slack="0"/>
<pin id="1436" dir="0" index="1" bw="7" slack="2147483647"/>
<pin id="1437" dir="0" index="2" bw="0" slack="2147483647"/>
<pin id="1438" dir="1" index="3" bw="7" slack="36"/>
</pin_list>
<bind>
<opcode="load(27) " fcode="load"/>
<opset="conv_layer_signed_char_signed_char_int_int_int_int_signed_char_signed_char_tile_out_114/2 "/>
</bind>
</comp>

<comp id="1440" class="1004" name="grp_access_fu_1440">
<pin_list>
<pin id="1441" dir="0" index="0" bw="10" slack="0"/>
<pin id="1442" dir="0" index="1" bw="7" slack="2147483647"/>
<pin id="1443" dir="0" index="2" bw="0" slack="2147483647"/>
<pin id="1444" dir="1" index="3" bw="7" slack="37"/>
</pin_list>
<bind>
<opcode="load(27) " fcode="load"/>
<opset="conv_layer_signed_char_signed_char_int_int_int_int_signed_char_signed_char_tile_out_115/2 "/>
</bind>
</comp>

<comp id="1446" class="1004" name="grp_access_fu_1446">
<pin_list>
<pin id="1447" dir="0" index="0" bw="10" slack="0"/>
<pin id="1448" dir="0" index="1" bw="7" slack="2147483647"/>
<pin id="1449" dir="0" index="2" bw="0" slack="2147483647"/>
<pin id="1450" dir="1" index="3" bw="7" slack="38"/>
</pin_list>
<bind>
<opcode="load(27) " fcode="load"/>
<opset="conv_layer_signed_char_signed_char_int_int_int_int_signed_char_signed_char_tile_out_116/2 "/>
</bind>
</comp>

<comp id="1452" class="1004" name="grp_access_fu_1452">
<pin_list>
<pin id="1453" dir="0" index="0" bw="10" slack="0"/>
<pin id="1454" dir="0" index="1" bw="7" slack="2147483647"/>
<pin id="1455" dir="0" index="2" bw="0" slack="2147483647"/>
<pin id="1456" dir="1" index="3" bw="7" slack="39"/>
</pin_list>
<bind>
<opcode="load(27) " fcode="load"/>
<opset="conv_layer_signed_char_signed_char_int_int_int_int_signed_char_signed_char_tile_out_117/2 "/>
</bind>
</comp>

<comp id="1458" class="1004" name="grp_access_fu_1458">
<pin_list>
<pin id="1459" dir="0" index="0" bw="10" slack="0"/>
<pin id="1460" dir="0" index="1" bw="7" slack="2147483647"/>
<pin id="1461" dir="0" index="2" bw="0" slack="2147483647"/>
<pin id="1462" dir="1" index="3" bw="7" slack="40"/>
</pin_list>
<bind>
<opcode="load(27) " fcode="load"/>
<opset="p_ZZ10conv_layerPaS_iiiiS_S_E8tile_out_36_load/2 "/>
</bind>
</comp>

<comp id="1464" class="1004" name="grp_access_fu_1464">
<pin_list>
<pin id="1465" dir="0" index="0" bw="10" slack="0"/>
<pin id="1466" dir="0" index="1" bw="7" slack="2147483647"/>
<pin id="1467" dir="0" index="2" bw="0" slack="2147483647"/>
<pin id="1468" dir="1" index="3" bw="7" slack="41"/>
</pin_list>
<bind>
<opcode="load(27) " fcode="load"/>
<opset="p_ZZ10conv_layerPaS_iiiiS_S_E8tile_out_37_load/2 "/>
</bind>
</comp>

<comp id="1470" class="1004" name="grp_access_fu_1470">
<pin_list>
<pin id="1471" dir="0" index="0" bw="10" slack="0"/>
<pin id="1472" dir="0" index="1" bw="7" slack="2147483647"/>
<pin id="1473" dir="0" index="2" bw="0" slack="2147483647"/>
<pin id="1474" dir="1" index="3" bw="7" slack="42"/>
</pin_list>
<bind>
<opcode="load(27) " fcode="load"/>
<opset="p_ZZ10conv_layerPaS_iiiiS_S_E8tile_out_38_load/2 "/>
</bind>
</comp>

<comp id="1476" class="1004" name="grp_access_fu_1476">
<pin_list>
<pin id="1477" dir="0" index="0" bw="10" slack="0"/>
<pin id="1478" dir="0" index="1" bw="7" slack="2147483647"/>
<pin id="1479" dir="0" index="2" bw="0" slack="2147483647"/>
<pin id="1480" dir="1" index="3" bw="7" slack="43"/>
</pin_list>
<bind>
<opcode="load(27) " fcode="load"/>
<opset="p_ZZ10conv_layerPaS_iiiiS_S_E8tile_out_39_load/2 "/>
</bind>
</comp>

<comp id="1482" class="1004" name="grp_access_fu_1482">
<pin_list>
<pin id="1483" dir="0" index="0" bw="10" slack="0"/>
<pin id="1484" dir="0" index="1" bw="7" slack="2147483647"/>
<pin id="1485" dir="0" index="2" bw="0" slack="2147483647"/>
<pin id="1486" dir="1" index="3" bw="7" slack="44"/>
</pin_list>
<bind>
<opcode="load(27) " fcode="load"/>
<opset="p_ZZ10conv_layerPaS_iiiiS_S_E8tile_out_40_load/2 "/>
</bind>
</comp>

<comp id="1488" class="1004" name="grp_access_fu_1488">
<pin_list>
<pin id="1489" dir="0" index="0" bw="10" slack="0"/>
<pin id="1490" dir="0" index="1" bw="7" slack="2147483647"/>
<pin id="1491" dir="0" index="2" bw="0" slack="2147483647"/>
<pin id="1492" dir="1" index="3" bw="7" slack="45"/>
</pin_list>
<bind>
<opcode="load(27) " fcode="load"/>
<opset="conv_layer_signed_char_signed_char_int_int_int_int_signed_char_signed_char_tile_out_118/2 "/>
</bind>
</comp>

<comp id="1494" class="1004" name="grp_access_fu_1494">
<pin_list>
<pin id="1495" dir="0" index="0" bw="10" slack="0"/>
<pin id="1496" dir="0" index="1" bw="7" slack="2147483647"/>
<pin id="1497" dir="0" index="2" bw="0" slack="2147483647"/>
<pin id="1498" dir="1" index="3" bw="7" slack="46"/>
</pin_list>
<bind>
<opcode="load(27) " fcode="load"/>
<opset="conv_layer_signed_char_signed_char_int_int_int_int_signed_char_signed_char_tile_out_119/2 "/>
</bind>
</comp>

<comp id="1500" class="1004" name="grp_access_fu_1500">
<pin_list>
<pin id="1501" dir="0" index="0" bw="10" slack="0"/>
<pin id="1502" dir="0" index="1" bw="7" slack="2147483647"/>
<pin id="1503" dir="0" index="2" bw="0" slack="2147483647"/>
<pin id="1504" dir="1" index="3" bw="7" slack="47"/>
</pin_list>
<bind>
<opcode="load(27) " fcode="load"/>
<opset="conv_layer_signed_char_signed_char_int_int_int_int_signed_char_signed_char_tile_out_120/2 "/>
</bind>
</comp>

<comp id="1506" class="1004" name="grp_access_fu_1506">
<pin_list>
<pin id="1507" dir="0" index="0" bw="10" slack="0"/>
<pin id="1508" dir="0" index="1" bw="7" slack="2147483647"/>
<pin id="1509" dir="0" index="2" bw="0" slack="2147483647"/>
<pin id="1510" dir="1" index="3" bw="7" slack="48"/>
</pin_list>
<bind>
<opcode="load(27) " fcode="load"/>
<opset="conv_layer_signed_char_signed_char_int_int_int_int_signed_char_signed_char_tile_out_121/2 "/>
</bind>
</comp>

<comp id="1512" class="1004" name="grp_access_fu_1512">
<pin_list>
<pin id="1513" dir="0" index="0" bw="10" slack="0"/>
<pin id="1514" dir="0" index="1" bw="7" slack="2147483647"/>
<pin id="1515" dir="0" index="2" bw="0" slack="2147483647"/>
<pin id="1516" dir="1" index="3" bw="7" slack="49"/>
</pin_list>
<bind>
<opcode="load(27) " fcode="load"/>
<opset="conv_layer_signed_char_signed_char_int_int_int_int_signed_char_signed_char_tile_out_122/2 "/>
</bind>
</comp>

<comp id="1518" class="1004" name="grp_access_fu_1518">
<pin_list>
<pin id="1519" dir="0" index="0" bw="10" slack="0"/>
<pin id="1520" dir="0" index="1" bw="7" slack="2147483647"/>
<pin id="1521" dir="0" index="2" bw="0" slack="2147483647"/>
<pin id="1522" dir="1" index="3" bw="7" slack="50"/>
</pin_list>
<bind>
<opcode="load(27) " fcode="load"/>
<opset="p_ZZ10conv_layerPaS_iiiiS_S_E8tile_out_46_load/2 "/>
</bind>
</comp>

<comp id="1524" class="1004" name="grp_access_fu_1524">
<pin_list>
<pin id="1525" dir="0" index="0" bw="10" slack="0"/>
<pin id="1526" dir="0" index="1" bw="7" slack="2147483647"/>
<pin id="1527" dir="0" index="2" bw="0" slack="2147483647"/>
<pin id="1528" dir="1" index="3" bw="7" slack="51"/>
</pin_list>
<bind>
<opcode="load(27) " fcode="load"/>
<opset="p_ZZ10conv_layerPaS_iiiiS_S_E8tile_out_47_load/2 "/>
</bind>
</comp>

<comp id="1530" class="1004" name="grp_access_fu_1530">
<pin_list>
<pin id="1531" dir="0" index="0" bw="10" slack="0"/>
<pin id="1532" dir="0" index="1" bw="7" slack="2147483647"/>
<pin id="1533" dir="0" index="2" bw="0" slack="2147483647"/>
<pin id="1534" dir="1" index="3" bw="7" slack="52"/>
</pin_list>
<bind>
<opcode="load(27) " fcode="load"/>
<opset="p_ZZ10conv_layerPaS_iiiiS_S_E8tile_out_48_load/2 "/>
</bind>
</comp>

<comp id="1536" class="1004" name="grp_access_fu_1536">
<pin_list>
<pin id="1537" dir="0" index="0" bw="10" slack="0"/>
<pin id="1538" dir="0" index="1" bw="7" slack="2147483647"/>
<pin id="1539" dir="0" index="2" bw="0" slack="2147483647"/>
<pin id="1540" dir="1" index="3" bw="7" slack="53"/>
</pin_list>
<bind>
<opcode="load(27) " fcode="load"/>
<opset="p_ZZ10conv_layerPaS_iiiiS_S_E8tile_out_49_load/2 "/>
</bind>
</comp>

<comp id="1542" class="1004" name="grp_access_fu_1542">
<pin_list>
<pin id="1543" dir="0" index="0" bw="10" slack="0"/>
<pin id="1544" dir="0" index="1" bw="7" slack="2147483647"/>
<pin id="1545" dir="0" index="2" bw="0" slack="2147483647"/>
<pin id="1546" dir="1" index="3" bw="7" slack="54"/>
</pin_list>
<bind>
<opcode="load(27) " fcode="load"/>
<opset="p_ZZ10conv_layerPaS_iiiiS_S_E8tile_out_50_load/2 "/>
</bind>
</comp>

<comp id="1548" class="1004" name="grp_access_fu_1548">
<pin_list>
<pin id="1549" dir="0" index="0" bw="10" slack="0"/>
<pin id="1550" dir="0" index="1" bw="7" slack="2147483647"/>
<pin id="1551" dir="0" index="2" bw="0" slack="2147483647"/>
<pin id="1552" dir="1" index="3" bw="7" slack="55"/>
</pin_list>
<bind>
<opcode="load(27) " fcode="load"/>
<opset="conv_layer_signed_char_signed_char_int_int_int_int_signed_char_signed_char_tile_out_123/2 "/>
</bind>
</comp>

<comp id="1554" class="1004" name="grp_access_fu_1554">
<pin_list>
<pin id="1555" dir="0" index="0" bw="10" slack="0"/>
<pin id="1556" dir="0" index="1" bw="7" slack="2147483647"/>
<pin id="1557" dir="0" index="2" bw="0" slack="2147483647"/>
<pin id="1558" dir="1" index="3" bw="7" slack="56"/>
</pin_list>
<bind>
<opcode="load(27) " fcode="load"/>
<opset="conv_layer_signed_char_signed_char_int_int_int_int_signed_char_signed_char_tile_out_124/2 "/>
</bind>
</comp>

<comp id="1560" class="1004" name="grp_access_fu_1560">
<pin_list>
<pin id="1561" dir="0" index="0" bw="10" slack="0"/>
<pin id="1562" dir="0" index="1" bw="7" slack="2147483647"/>
<pin id="1563" dir="0" index="2" bw="0" slack="2147483647"/>
<pin id="1564" dir="1" index="3" bw="7" slack="57"/>
</pin_list>
<bind>
<opcode="load(27) " fcode="load"/>
<opset="conv_layer_signed_char_signed_char_int_int_int_int_signed_char_signed_char_tile_out_125/2 "/>
</bind>
</comp>

<comp id="1566" class="1004" name="grp_access_fu_1566">
<pin_list>
<pin id="1567" dir="0" index="0" bw="10" slack="0"/>
<pin id="1568" dir="0" index="1" bw="7" slack="2147483647"/>
<pin id="1569" dir="0" index="2" bw="0" slack="2147483647"/>
<pin id="1570" dir="1" index="3" bw="7" slack="58"/>
</pin_list>
<bind>
<opcode="load(27) " fcode="load"/>
<opset="conv_layer_signed_char_signed_char_int_int_int_int_signed_char_signed_char_tile_out_126/2 "/>
</bind>
</comp>

<comp id="1572" class="1004" name="grp_access_fu_1572">
<pin_list>
<pin id="1573" dir="0" index="0" bw="10" slack="0"/>
<pin id="1574" dir="0" index="1" bw="7" slack="2147483647"/>
<pin id="1575" dir="0" index="2" bw="0" slack="2147483647"/>
<pin id="1576" dir="1" index="3" bw="7" slack="59"/>
</pin_list>
<bind>
<opcode="load(27) " fcode="load"/>
<opset="conv_layer_signed_char_signed_char_int_int_int_int_signed_char_signed_char_tile_out_127/2 "/>
</bind>
</comp>

<comp id="1578" class="1004" name="grp_access_fu_1578">
<pin_list>
<pin id="1579" dir="0" index="0" bw="10" slack="0"/>
<pin id="1580" dir="0" index="1" bw="7" slack="2147483647"/>
<pin id="1581" dir="0" index="2" bw="0" slack="2147483647"/>
<pin id="1582" dir="1" index="3" bw="7" slack="60"/>
</pin_list>
<bind>
<opcode="load(27) " fcode="load"/>
<opset="p_ZZ10conv_layerPaS_iiiiS_S_E8tile_out_56_load/2 "/>
</bind>
</comp>

<comp id="1584" class="1004" name="grp_access_fu_1584">
<pin_list>
<pin id="1585" dir="0" index="0" bw="10" slack="0"/>
<pin id="1586" dir="0" index="1" bw="7" slack="2147483647"/>
<pin id="1587" dir="0" index="2" bw="0" slack="2147483647"/>
<pin id="1588" dir="1" index="3" bw="7" slack="61"/>
</pin_list>
<bind>
<opcode="load(27) " fcode="load"/>
<opset="p_ZZ10conv_layerPaS_iiiiS_S_E8tile_out_57_load/2 "/>
</bind>
</comp>

<comp id="1590" class="1004" name="grp_access_fu_1590">
<pin_list>
<pin id="1591" dir="0" index="0" bw="10" slack="0"/>
<pin id="1592" dir="0" index="1" bw="7" slack="2147483647"/>
<pin id="1593" dir="0" index="2" bw="0" slack="2147483647"/>
<pin id="1594" dir="1" index="3" bw="7" slack="62"/>
</pin_list>
<bind>
<opcode="load(27) " fcode="load"/>
<opset="p_ZZ10conv_layerPaS_iiiiS_S_E8tile_out_58_load/2 "/>
</bind>
</comp>

<comp id="1596" class="1004" name="grp_access_fu_1596">
<pin_list>
<pin id="1597" dir="0" index="0" bw="10" slack="0"/>
<pin id="1598" dir="0" index="1" bw="7" slack="2147483647"/>
<pin id="1599" dir="0" index="2" bw="0" slack="2147483647"/>
<pin id="1600" dir="1" index="3" bw="7" slack="63"/>
</pin_list>
<bind>
<opcode="load(27) " fcode="load"/>
<opset="p_ZZ10conv_layerPaS_iiiiS_S_E8tile_out_59_load/2 "/>
</bind>
</comp>

<comp id="1602" class="1004" name="grp_access_fu_1602">
<pin_list>
<pin id="1603" dir="0" index="0" bw="10" slack="0"/>
<pin id="1604" dir="0" index="1" bw="7" slack="2147483647"/>
<pin id="1605" dir="0" index="2" bw="0" slack="2147483647"/>
<pin id="1606" dir="1" index="3" bw="7" slack="64"/>
</pin_list>
<bind>
<opcode="load(27) " fcode="load"/>
<opset="p_ZZ10conv_layerPaS_iiiiS_S_E8tile_out_60_load/2 "/>
</bind>
</comp>

<comp id="1608" class="1004" name="grp_access_fu_1608">
<pin_list>
<pin id="1609" dir="0" index="0" bw="10" slack="64"/>
<pin id="1610" dir="0" index="1" bw="7" slack="2147483647"/>
<pin id="1611" dir="0" index="2" bw="0" slack="2147483647"/>
<pin id="1612" dir="1" index="3" bw="7" slack="1"/>
</pin_list>
<bind>
<opcode="load(27) " fcode="load"/>
<opset="conv_layer_signed_char_signed_char_int_int_int_int_signed_char_signed_char_tile_out_128/66 "/>
</bind>
</comp>

<comp id="1613" class="1004" name="grp_access_fu_1613">
<pin_list>
<pin id="1614" dir="0" index="0" bw="10" slack="64"/>
<pin id="1615" dir="0" index="1" bw="7" slack="2147483647"/>
<pin id="1616" dir="0" index="2" bw="0" slack="2147483647"/>
<pin id="1617" dir="1" index="3" bw="7" slack="2"/>
</pin_list>
<bind>
<opcode="load(27) " fcode="load"/>
<opset="conv_layer_signed_char_signed_char_int_int_int_int_signed_char_signed_char_tile_out_129/66 "/>
</bind>
</comp>

<comp id="1618" class="1004" name="grp_access_fu_1618">
<pin_list>
<pin id="1619" dir="0" index="0" bw="10" slack="64"/>
<pin id="1620" dir="0" index="1" bw="7" slack="2147483647"/>
<pin id="1621" dir="0" index="2" bw="0" slack="2147483647"/>
<pin id="1622" dir="1" index="3" bw="7" slack="3"/>
</pin_list>
<bind>
<opcode="load(27) " fcode="load"/>
<opset="conv_layer_signed_char_signed_char_int_int_int_int_signed_char_signed_char_tile_out_130/66 "/>
</bind>
</comp>

<comp id="1623" class="1004" name="grp_fu_1623">
<pin_list>
<pin id="1624" dir="0" index="0" bw="6" slack="0"/>
<pin id="1625" dir="0" index="1" bw="31" slack="1"/>
<pin id="1626" dir="1" index="2" bw="36" slack="1"/>
</pin_list>
<bind>
<opcode="mul(12) " fcode="mul"/>
<opset="empty/2 "/>
</bind>
</comp>

<comp id="1627" class="1004" name="tx_cast_fu_1627">
<pin_list>
<pin id="1628" dir="0" index="0" bw="31" slack="0"/>
<pin id="1629" dir="1" index="1" bw="32" slack="1"/>
</pin_list>
<bind>
<opcode="zext(34) " fcode="zext"/>
<opset="tx_cast/1 "/>
</bind>
</comp>

<comp id="1631" class="1004" name="zext_ln44_cast_fu_1631">
<pin_list>
<pin id="1632" dir="0" index="0" bw="26" slack="0"/>
<pin id="1633" dir="1" index="1" bw="53" slack="0"/>
</pin_list>
<bind>
<opcode="zext(34) " fcode="zext"/>
<opset="zext_ln44_cast/1 "/>
</bind>
</comp>

<comp id="1635" class="1004" name="H_cast_fu_1635">
<pin_list>
<pin id="1636" dir="0" index="0" bw="31" slack="0"/>
<pin id="1637" dir="1" index="1" bw="32" slack="1"/>
</pin_list>
<bind>
<opcode="zext(34) " fcode="zext"/>
<opset="H_cast/1 "/>
</bind>
</comp>

<comp id="1639" class="1004" name="ty_cast_fu_1639">
<pin_list>
<pin id="1640" dir="0" index="0" bw="31" slack="0"/>
<pin id="1641" dir="1" index="1" bw="32" slack="1"/>
</pin_list>
<bind>
<opcode="zext(34) " fcode="zext"/>
<opset="ty_cast/1 "/>
</bind>
</comp>

<comp id="1643" class="1004" name="H_cast303_cast_fu_1643">
<pin_list>
<pin id="1644" dir="0" index="0" bw="31" slack="0"/>
<pin id="1645" dir="1" index="1" bw="36" slack="1"/>
</pin_list>
<bind>
<opcode="zext(34) " fcode="zext"/>
<opset="H_cast303_cast/1 "/>
</bind>
</comp>

<comp id="1647" class="1004" name="store_ln0_store_fu_1647">
<pin_list>
<pin id="1648" dir="0" index="0" bw="1" slack="0"/>
<pin id="1649" dir="0" index="1" bw="11" slack="0"/>
<pin id="1650" dir="1" index="2" bw="0" slack="2147483647"/>
</pin_list>
<bind>
<opcode="store(28) " fcode="store"/>
<opset="store_ln0/1 "/>
</bind>
</comp>

<comp id="1652" class="1004" name="store_ln105_store_fu_1652">
<pin_list>
<pin id="1653" dir="0" index="0" bw="1" slack="0"/>
<pin id="1654" dir="0" index="1" bw="6" slack="0"/>
<pin id="1655" dir="1" index="2" bw="0" slack="2147483647"/>
</pin_list>
<bind>
<opcode="store(28) " fcode="store"/>
<opset="store_ln105/1 "/>
</bind>
</comp>

<comp id="1657" class="1004" name="store_ln106_store_fu_1657">
<pin_list>
<pin id="1658" dir="0" index="0" bw="1" slack="0"/>
<pin id="1659" dir="0" index="1" bw="6" slack="0"/>
<pin id="1660" dir="1" index="2" bw="0" slack="2147483647"/>
</pin_list>
<bind>
<opcode="store(28) " fcode="store"/>
<opset="store_ln106/1 "/>
</bind>
</comp>

<comp id="1662" class="1004" name="indvar_flatten13_load_load_fu_1662">
<pin_list>
<pin id="1663" dir="0" index="0" bw="11" slack="0"/>
<pin id="1664" dir="1" index="1" bw="11" slack="0"/>
</pin_list>
<bind>
<opcode="load(27) " fcode="load"/>
<opset="indvar_flatten13_load/1 "/>
</bind>
</comp>

<comp id="1665" class="1004" name="icmp_ln105_fu_1665">
<pin_list>
<pin id="1666" dir="0" index="0" bw="11" slack="0"/>
<pin id="1667" dir="0" index="1" bw="11" slack="0"/>
<pin id="1668" dir="1" index="2" bw="1" slack="1"/>
</pin_list>
<bind>
<opcode="icmp(45) " fcode="icmp"/>
<opset="icmp_ln105/1 "/>
</bind>
</comp>

<comp id="1671" class="1004" name="add_ln105_1_fu_1671">
<pin_list>
<pin id="1672" dir="0" index="0" bw="11" slack="0"/>
<pin id="1673" dir="0" index="1" bw="1" slack="0"/>
<pin id="1674" dir="1" index="2" bw="11" slack="0"/>
</pin_list>
<bind>
<opcode="add(8) " fcode="add"/>
<opset="add_ln105_1/1 "/>
</bind>
</comp>

<comp id="1677" class="1004" name="x_load_load_fu_1677">
<pin_list>
<pin id="1678" dir="0" index="0" bw="6" slack="0"/>
<pin id="1679" dir="1" index="1" bw="6" slack="0"/>
</pin_list>
<bind>
<opcode="load(27) " fcode="load"/>
<opset="x_load/1 "/>
</bind>
</comp>

<comp id="1680" class="1004" name="y_load_load_fu_1680">
<pin_list>
<pin id="1681" dir="0" index="0" bw="6" slack="0"/>
<pin id="1682" dir="1" index="1" bw="6" slack="0"/>
</pin_list>
<bind>
<opcode="load(27) " fcode="load"/>
<opset="y_load/1 "/>
</bind>
</comp>

<comp id="1683" class="1004" name="add_ln105_fu_1683">
<pin_list>
<pin id="1684" dir="0" index="0" bw="6" slack="0"/>
<pin id="1685" dir="0" index="1" bw="1" slack="0"/>
<pin id="1686" dir="1" index="2" bw="6" slack="0"/>
</pin_list>
<bind>
<opcode="add(8) " fcode="add"/>
<opset="add_ln105/1 "/>
</bind>
</comp>

<comp id="1689" class="1004" name="icmp_ln106_fu_1689">
<pin_list>
<pin id="1690" dir="0" index="0" bw="6" slack="0"/>
<pin id="1691" dir="0" index="1" bw="6" slack="0"/>
<pin id="1692" dir="1" index="2" bw="1" slack="0"/>
</pin_list>
<bind>
<opcode="icmp(45) " fcode="icmp"/>
<opset="icmp_ln106/1 "/>
</bind>
</comp>

<comp id="1695" class="1004" name="select_ln105_fu_1695">
<pin_list>
<pin id="1696" dir="0" index="0" bw="1" slack="0"/>
<pin id="1697" dir="0" index="1" bw="1" slack="0"/>
<pin id="1698" dir="0" index="2" bw="6" slack="0"/>
<pin id="1699" dir="1" index="3" bw="6" slack="1"/>
</pin_list>
<bind>
<opcode="select(49) " fcode="select"/>
<opset="select_ln105/1 "/>
</bind>
</comp>

<comp id="1703" class="1004" name="select_ln105_1_fu_1703">
<pin_list>
<pin id="1704" dir="0" index="0" bw="1" slack="0"/>
<pin id="1705" dir="0" index="1" bw="6" slack="0"/>
<pin id="1706" dir="0" index="2" bw="6" slack="0"/>
<pin id="1707" dir="1" index="3" bw="6" slack="0"/>
</pin_list>
<bind>
<opcode="select(49) " fcode="select"/>
<opset="select_ln105_1/1 "/>
</bind>
</comp>

<comp id="1711" class="1004" name="trunc_ln116_fu_1711">
<pin_list>
<pin id="1712" dir="0" index="0" bw="6" slack="0"/>
<pin id="1713" dir="1" index="1" bw="5" slack="1"/>
</pin_list>
<bind>
<opcode="trunc(33) " fcode="trunc"/>
<opset="trunc_ln116/1 "/>
</bind>
</comp>

<comp id="1715" class="1004" name="tmp21_fu_1715">
<pin_list>
<pin id="1716" dir="0" index="0" bw="26" slack="0"/>
<pin id="1717" dir="0" index="1" bw="53" slack="0"/>
<pin id="1718" dir="1" index="2" bw="53" slack="4"/>
</pin_list>
<bind>
<opcode="add(8) " fcode="add"/>
<opset="tmp21/1 "/>
</bind>
</comp>

<comp id="1721" class="1004" name="store_ln105_store_fu_1721">
<pin_list>
<pin id="1722" dir="0" index="0" bw="11" slack="0"/>
<pin id="1723" dir="0" index="1" bw="11" slack="0"/>
<pin id="1724" dir="1" index="2" bw="0" slack="2147483647"/>
</pin_list>
<bind>
<opcode="store(28) " fcode="store"/>
<opset="store_ln105/1 "/>
</bind>
</comp>

<comp id="1726" class="1004" name="store_ln105_store_fu_1726">
<pin_list>
<pin id="1727" dir="0" index="0" bw="6" slack="0"/>
<pin id="1728" dir="0" index="1" bw="6" slack="0"/>
<pin id="1729" dir="1" index="2" bw="0" slack="2147483647"/>
</pin_list>
<bind>
<opcode="store(28) " fcode="store"/>
<opset="store_ln105/1 "/>
</bind>
</comp>

<comp id="1731" class="1004" name="tmp_s_fu_1731">
<pin_list>
<pin id="1732" dir="0" index="0" bw="10" slack="0"/>
<pin id="1733" dir="0" index="1" bw="5" slack="1"/>
<pin id="1734" dir="0" index="2" bw="1" slack="0"/>
<pin id="1735" dir="1" index="3" bw="10" slack="0"/>
</pin_list>
<bind>
<opcode="bitconcatenate(1004) " fcode="bitconcatenate"/>
<opset="tmp_s/2 "/>
</bind>
</comp>

<comp id="1738" class="1004" name="zext_ln105_fu_1738">
<pin_list>
<pin id="1739" dir="0" index="0" bw="6" slack="1"/>
<pin id="1740" dir="1" index="1" bw="32" slack="0"/>
</pin_list>
<bind>
<opcode="zext(34) " fcode="zext"/>
<opset="zext_ln105/2 "/>
</bind>
</comp>

<comp id="1741" class="1004" name="y_1_cast_fu_1741">
<pin_list>
<pin id="1742" dir="0" index="0" bw="6" slack="1"/>
<pin id="1743" dir="1" index="1" bw="36" slack="0"/>
</pin_list>
<bind>
<opcode="zext(34) " fcode="zext"/>
<opset="y_1_cast/2 "/>
</bind>
</comp>

<comp id="1745" class="1004" name="empty_97_fu_1745">
<pin_list>
<pin id="1746" dir="0" index="0" bw="6" slack="0"/>
<pin id="1747" dir="0" index="1" bw="31" slack="1"/>
<pin id="1748" dir="1" index="2" bw="32" slack="0"/>
</pin_list>
<bind>
<opcode="add(8) " fcode="add"/>
<opset="empty_97/2 "/>
</bind>
</comp>

<comp id="1750" class="1004" name="cmp141_fu_1750">
<pin_list>
<pin id="1751" dir="0" index="0" bw="32" slack="0"/>
<pin id="1752" dir="0" index="1" bw="31" slack="1"/>
<pin id="1753" dir="1" index="2" bw="1" slack="0"/>
</pin_list>
<bind>
<opcode="icmp(45) " fcode="icmp"/>
<opset="cmp141/2 "/>
</bind>
</comp>

<comp id="1755" class="1004" name="zext_ln116_64_fu_1755">
<pin_list>
<pin id="1756" dir="0" index="0" bw="6" slack="1"/>
<pin id="1757" dir="1" index="1" bw="10" slack="0"/>
</pin_list>
<bind>
<opcode="zext(34) " fcode="zext"/>
<opset="zext_ln116_64/2 "/>
</bind>
</comp>

<comp id="1758" class="1004" name="add_ln116_fu_1758">
<pin_list>
<pin id="1759" dir="0" index="0" bw="10" slack="0"/>
<pin id="1760" dir="0" index="1" bw="6" slack="0"/>
<pin id="1761" dir="1" index="2" bw="10" slack="0"/>
</pin_list>
<bind>
<opcode="add(8) " fcode="add"/>
<opset="add_ln116/2 "/>
</bind>
</comp>

<comp id="1764" class="1004" name="zext_ln116_65_fu_1764">
<pin_list>
<pin id="1765" dir="0" index="0" bw="10" slack="0"/>
<pin id="1766" dir="1" index="1" bw="64" slack="0"/>
</pin_list>
<bind>
<opcode="zext(34) " fcode="zext"/>
<opset="zext_ln116_65/2 "/>
</bind>
</comp>

<comp id="1832" class="1004" name="zext_ln106_fu_1832">
<pin_list>
<pin id="1833" dir="0" index="0" bw="6" slack="1"/>
<pin id="1834" dir="1" index="1" bw="32" slack="0"/>
</pin_list>
<bind>
<opcode="zext(34) " fcode="zext"/>
<opset="zext_ln106/2 "/>
</bind>
</comp>

<comp id="1835" class="1004" name="add_ln110_2_fu_1835">
<pin_list>
<pin id="1836" dir="0" index="0" bw="6" slack="0"/>
<pin id="1837" dir="0" index="1" bw="31" slack="1"/>
<pin id="1838" dir="1" index="2" bw="32" slack="0"/>
</pin_list>
<bind>
<opcode="add(8) " fcode="add"/>
<opset="add_ln110_2/2 "/>
</bind>
</comp>

<comp id="1840" class="1004" name="icmp_ln112_fu_1840">
<pin_list>
<pin id="1841" dir="0" index="0" bw="32" slack="0"/>
<pin id="1842" dir="0" index="1" bw="31" slack="1"/>
<pin id="1843" dir="1" index="2" bw="1" slack="0"/>
</pin_list>
<bind>
<opcode="icmp(45) " fcode="icmp"/>
<opset="icmp_ln112/2 "/>
</bind>
</comp>

<comp id="1845" class="1004" name="and_ln112_fu_1845">
<pin_list>
<pin id="1846" dir="0" index="0" bw="1" slack="0"/>
<pin id="1847" dir="0" index="1" bw="1" slack="0"/>
<pin id="1848" dir="1" index="2" bw="1" slack="1"/>
</pin_list>
<bind>
<opcode="and(23) " fcode="and"/>
<opset="and_ln112/2 "/>
</bind>
</comp>

<comp id="1851" class="1004" name="add_ln106_fu_1851">
<pin_list>
<pin id="1852" dir="0" index="0" bw="6" slack="1"/>
<pin id="1853" dir="0" index="1" bw="1" slack="0"/>
<pin id="1854" dir="1" index="2" bw="6" slack="0"/>
</pin_list>
<bind>
<opcode="add(8) " fcode="add"/>
<opset="add_ln106/2 "/>
</bind>
</comp>

<comp id="1856" class="1004" name="store_ln106_store_fu_1856">
<pin_list>
<pin id="1857" dir="0" index="0" bw="6" slack="0"/>
<pin id="1858" dir="0" index="1" bw="6" slack="1"/>
<pin id="1859" dir="1" index="2" bw="0" slack="2147483647"/>
</pin_list>
<bind>
<opcode="store(28) " fcode="store"/>
<opset="store_ln106/2 "/>
</bind>
</comp>

<comp id="1861" class="1004" name="zext_ln106_1_fu_1861">
<pin_list>
<pin id="1862" dir="0" index="0" bw="6" slack="3"/>
<pin id="1863" dir="1" index="1" bw="36" slack="0"/>
</pin_list>
<bind>
<opcode="zext(34) " fcode="zext"/>
<opset="zext_ln106_1/4 "/>
</bind>
</comp>

<comp id="1864" class="1004" name="tmp_fu_1864">
<pin_list>
<pin id="1865" dir="0" index="0" bw="6" slack="0"/>
<pin id="1866" dir="0" index="1" bw="36" slack="1"/>
<pin id="1867" dir="1" index="2" bw="36" slack="1"/>
</pin_list>
<bind>
<opcode="add(8) " fcode="add"/>
<opset="tmp/4 "/>
</bind>
</comp>

<comp id="1869" class="1004" name="tmp1_fu_1869">
<pin_list>
<pin id="1870" dir="0" index="0" bw="42" slack="0"/>
<pin id="1871" dir="0" index="1" bw="36" slack="1"/>
<pin id="1872" dir="0" index="2" bw="1" slack="0"/>
<pin id="1873" dir="1" index="3" bw="42" slack="0"/>
</pin_list>
<bind>
<opcode="bitconcatenate(1004) " fcode="bitconcatenate"/>
<opset="tmp1/5 "/>
</bind>
</comp>

<comp id="1876" class="1004" name="tmp1_cast_fu_1876">
<pin_list>
<pin id="1877" dir="0" index="0" bw="42" slack="0"/>
<pin id="1878" dir="1" index="1" bw="64" slack="0"/>
</pin_list>
<bind>
<opcode="zext(34) " fcode="zext"/>
<opset="tmp1_cast/5 "/>
</bind>
</comp>

<comp id="1880" class="1004" name="tmp3_fu_1880">
<pin_list>
<pin id="1881" dir="0" index="0" bw="64" slack="0"/>
<pin id="1882" dir="0" index="1" bw="53" slack="4"/>
<pin id="1883" dir="0" index="2" bw="1" slack="0"/>
<pin id="1884" dir="1" index="3" bw="64" slack="0"/>
</pin_list>
<bind>
<opcode="bitconcatenate(1004) " fcode="bitconcatenate"/>
<opset="tmp3/5 "/>
</bind>
</comp>

<comp id="1887" class="1004" name="add_ln110_fu_1887">
<pin_list>
<pin id="1888" dir="0" index="0" bw="42" slack="0"/>
<pin id="1889" dir="0" index="1" bw="64" slack="4"/>
<pin id="1890" dir="1" index="2" bw="64" slack="0"/>
</pin_list>
<bind>
<opcode="add(8) " fcode="add"/>
<opset="add_ln110/5 "/>
</bind>
</comp>

<comp id="1892" class="1004" name="add_ln110_1_fu_1892">
<pin_list>
<pin id="1893" dir="0" index="0" bw="64" slack="0"/>
<pin id="1894" dir="0" index="1" bw="64" slack="0"/>
<pin id="1895" dir="1" index="2" bw="64" slack="0"/>
</pin_list>
<bind>
<opcode="add(8) " fcode="add"/>
<opset="add_ln110_1/5 "/>
</bind>
</comp>

<comp id="1898" class="1004" name="gmem_addr_fu_1898">
<pin_list>
<pin id="1899" dir="0" index="0" bw="8" slack="0"/>
<pin id="1900" dir="0" index="1" bw="64" slack="0"/>
<pin id="1901" dir="1" index="2" bw="8" slack="1"/>
</pin_list>
<bind>
<opcode="getelementptr(29) " fcode="getelementptr"/>
<opset="gmem_addr/5 "/>
</bind>
</comp>

<comp id="1904" class="1004" name="zext_ln116_fu_1904">
<pin_list>
<pin id="1905" dir="0" index="0" bw="7" slack="4"/>
<pin id="1906" dir="1" index="1" bw="8" slack="0"/>
</pin_list>
<bind>
<opcode="zext(34) " fcode="zext"/>
<opset="zext_ln116/7 "/>
</bind>
</comp>

<comp id="1908" class="1004" name="zext_ln116_1_fu_1908">
<pin_list>
<pin id="1909" dir="0" index="0" bw="7" slack="5"/>
<pin id="1910" dir="1" index="1" bw="8" slack="0"/>
</pin_list>
<bind>
<opcode="zext(34) " fcode="zext"/>
<opset="zext_ln116_1/8 "/>
</bind>
</comp>

<comp id="1912" class="1004" name="zext_ln116_2_fu_1912">
<pin_list>
<pin id="1913" dir="0" index="0" bw="7" slack="6"/>
<pin id="1914" dir="1" index="1" bw="8" slack="0"/>
</pin_list>
<bind>
<opcode="zext(34) " fcode="zext"/>
<opset="zext_ln116_2/9 "/>
</bind>
</comp>

<comp id="1916" class="1004" name="zext_ln116_3_fu_1916">
<pin_list>
<pin id="1917" dir="0" index="0" bw="7" slack="7"/>
<pin id="1918" dir="1" index="1" bw="8" slack="0"/>
</pin_list>
<bind>
<opcode="zext(34) " fcode="zext"/>
<opset="zext_ln116_3/10 "/>
</bind>
</comp>

<comp id="1920" class="1004" name="zext_ln116_4_fu_1920">
<pin_list>
<pin id="1921" dir="0" index="0" bw="7" slack="8"/>
<pin id="1922" dir="1" index="1" bw="8" slack="0"/>
</pin_list>
<bind>
<opcode="zext(34) " fcode="zext"/>
<opset="zext_ln116_4/11 "/>
</bind>
</comp>

<comp id="1924" class="1004" name="zext_ln116_5_fu_1924">
<pin_list>
<pin id="1925" dir="0" index="0" bw="7" slack="9"/>
<pin id="1926" dir="1" index="1" bw="8" slack="0"/>
</pin_list>
<bind>
<opcode="zext(34) " fcode="zext"/>
<opset="zext_ln116_5/12 "/>
</bind>
</comp>

<comp id="1928" class="1004" name="zext_ln116_6_fu_1928">
<pin_list>
<pin id="1929" dir="0" index="0" bw="7" slack="10"/>
<pin id="1930" dir="1" index="1" bw="8" slack="0"/>
</pin_list>
<bind>
<opcode="zext(34) " fcode="zext"/>
<opset="zext_ln116_6/13 "/>
</bind>
</comp>

<comp id="1932" class="1004" name="zext_ln116_7_fu_1932">
<pin_list>
<pin id="1933" dir="0" index="0" bw="7" slack="11"/>
<pin id="1934" dir="1" index="1" bw="8" slack="0"/>
</pin_list>
<bind>
<opcode="zext(34) " fcode="zext"/>
<opset="zext_ln116_7/14 "/>
</bind>
</comp>

<comp id="1936" class="1004" name="zext_ln116_8_fu_1936">
<pin_list>
<pin id="1937" dir="0" index="0" bw="7" slack="12"/>
<pin id="1938" dir="1" index="1" bw="8" slack="0"/>
</pin_list>
<bind>
<opcode="zext(34) " fcode="zext"/>
<opset="zext_ln116_8/15 "/>
</bind>
</comp>

<comp id="1940" class="1004" name="zext_ln116_9_fu_1940">
<pin_list>
<pin id="1941" dir="0" index="0" bw="7" slack="13"/>
<pin id="1942" dir="1" index="1" bw="8" slack="0"/>
</pin_list>
<bind>
<opcode="zext(34) " fcode="zext"/>
<opset="zext_ln116_9/16 "/>
</bind>
</comp>

<comp id="1944" class="1004" name="zext_ln116_10_fu_1944">
<pin_list>
<pin id="1945" dir="0" index="0" bw="7" slack="14"/>
<pin id="1946" dir="1" index="1" bw="8" slack="0"/>
</pin_list>
<bind>
<opcode="zext(34) " fcode="zext"/>
<opset="zext_ln116_10/17 "/>
</bind>
</comp>

<comp id="1948" class="1004" name="zext_ln116_11_fu_1948">
<pin_list>
<pin id="1949" dir="0" index="0" bw="7" slack="15"/>
<pin id="1950" dir="1" index="1" bw="8" slack="0"/>
</pin_list>
<bind>
<opcode="zext(34) " fcode="zext"/>
<opset="zext_ln116_11/18 "/>
</bind>
</comp>

<comp id="1952" class="1004" name="zext_ln116_12_fu_1952">
<pin_list>
<pin id="1953" dir="0" index="0" bw="7" slack="16"/>
<pin id="1954" dir="1" index="1" bw="8" slack="0"/>
</pin_list>
<bind>
<opcode="zext(34) " fcode="zext"/>
<opset="zext_ln116_12/19 "/>
</bind>
</comp>

<comp id="1956" class="1004" name="zext_ln116_13_fu_1956">
<pin_list>
<pin id="1957" dir="0" index="0" bw="7" slack="17"/>
<pin id="1958" dir="1" index="1" bw="8" slack="0"/>
</pin_list>
<bind>
<opcode="zext(34) " fcode="zext"/>
<opset="zext_ln116_13/20 "/>
</bind>
</comp>

<comp id="1960" class="1004" name="zext_ln116_14_fu_1960">
<pin_list>
<pin id="1961" dir="0" index="0" bw="7" slack="18"/>
<pin id="1962" dir="1" index="1" bw="8" slack="0"/>
</pin_list>
<bind>
<opcode="zext(34) " fcode="zext"/>
<opset="zext_ln116_14/21 "/>
</bind>
</comp>

<comp id="1964" class="1004" name="zext_ln116_15_fu_1964">
<pin_list>
<pin id="1965" dir="0" index="0" bw="7" slack="19"/>
<pin id="1966" dir="1" index="1" bw="8" slack="0"/>
</pin_list>
<bind>
<opcode="zext(34) " fcode="zext"/>
<opset="zext_ln116_15/22 "/>
</bind>
</comp>

<comp id="1968" class="1004" name="zext_ln116_16_fu_1968">
<pin_list>
<pin id="1969" dir="0" index="0" bw="7" slack="20"/>
<pin id="1970" dir="1" index="1" bw="8" slack="0"/>
</pin_list>
<bind>
<opcode="zext(34) " fcode="zext"/>
<opset="zext_ln116_16/23 "/>
</bind>
</comp>

<comp id="1972" class="1004" name="zext_ln116_17_fu_1972">
<pin_list>
<pin id="1973" dir="0" index="0" bw="7" slack="21"/>
<pin id="1974" dir="1" index="1" bw="8" slack="0"/>
</pin_list>
<bind>
<opcode="zext(34) " fcode="zext"/>
<opset="zext_ln116_17/24 "/>
</bind>
</comp>

<comp id="1976" class="1004" name="zext_ln116_18_fu_1976">
<pin_list>
<pin id="1977" dir="0" index="0" bw="7" slack="22"/>
<pin id="1978" dir="1" index="1" bw="8" slack="0"/>
</pin_list>
<bind>
<opcode="zext(34) " fcode="zext"/>
<opset="zext_ln116_18/25 "/>
</bind>
</comp>

<comp id="1980" class="1004" name="zext_ln116_19_fu_1980">
<pin_list>
<pin id="1981" dir="0" index="0" bw="7" slack="23"/>
<pin id="1982" dir="1" index="1" bw="8" slack="0"/>
</pin_list>
<bind>
<opcode="zext(34) " fcode="zext"/>
<opset="zext_ln116_19/26 "/>
</bind>
</comp>

<comp id="1984" class="1004" name="zext_ln116_20_fu_1984">
<pin_list>
<pin id="1985" dir="0" index="0" bw="7" slack="24"/>
<pin id="1986" dir="1" index="1" bw="8" slack="0"/>
</pin_list>
<bind>
<opcode="zext(34) " fcode="zext"/>
<opset="zext_ln116_20/27 "/>
</bind>
</comp>

<comp id="1988" class="1004" name="zext_ln116_21_fu_1988">
<pin_list>
<pin id="1989" dir="0" index="0" bw="7" slack="25"/>
<pin id="1990" dir="1" index="1" bw="8" slack="0"/>
</pin_list>
<bind>
<opcode="zext(34) " fcode="zext"/>
<opset="zext_ln116_21/28 "/>
</bind>
</comp>

<comp id="1992" class="1004" name="zext_ln116_22_fu_1992">
<pin_list>
<pin id="1993" dir="0" index="0" bw="7" slack="26"/>
<pin id="1994" dir="1" index="1" bw="8" slack="0"/>
</pin_list>
<bind>
<opcode="zext(34) " fcode="zext"/>
<opset="zext_ln116_22/29 "/>
</bind>
</comp>

<comp id="1996" class="1004" name="zext_ln116_23_fu_1996">
<pin_list>
<pin id="1997" dir="0" index="0" bw="7" slack="27"/>
<pin id="1998" dir="1" index="1" bw="8" slack="0"/>
</pin_list>
<bind>
<opcode="zext(34) " fcode="zext"/>
<opset="zext_ln116_23/30 "/>
</bind>
</comp>

<comp id="2000" class="1004" name="zext_ln116_24_fu_2000">
<pin_list>
<pin id="2001" dir="0" index="0" bw="7" slack="28"/>
<pin id="2002" dir="1" index="1" bw="8" slack="0"/>
</pin_list>
<bind>
<opcode="zext(34) " fcode="zext"/>
<opset="zext_ln116_24/31 "/>
</bind>
</comp>

<comp id="2004" class="1004" name="zext_ln116_25_fu_2004">
<pin_list>
<pin id="2005" dir="0" index="0" bw="7" slack="29"/>
<pin id="2006" dir="1" index="1" bw="8" slack="0"/>
</pin_list>
<bind>
<opcode="zext(34) " fcode="zext"/>
<opset="zext_ln116_25/32 "/>
</bind>
</comp>

<comp id="2008" class="1004" name="zext_ln116_26_fu_2008">
<pin_list>
<pin id="2009" dir="0" index="0" bw="7" slack="30"/>
<pin id="2010" dir="1" index="1" bw="8" slack="0"/>
</pin_list>
<bind>
<opcode="zext(34) " fcode="zext"/>
<opset="zext_ln116_26/33 "/>
</bind>
</comp>

<comp id="2012" class="1004" name="zext_ln116_27_fu_2012">
<pin_list>
<pin id="2013" dir="0" index="0" bw="7" slack="31"/>
<pin id="2014" dir="1" index="1" bw="8" slack="0"/>
</pin_list>
<bind>
<opcode="zext(34) " fcode="zext"/>
<opset="zext_ln116_27/34 "/>
</bind>
</comp>

<comp id="2016" class="1004" name="zext_ln116_28_fu_2016">
<pin_list>
<pin id="2017" dir="0" index="0" bw="7" slack="32"/>
<pin id="2018" dir="1" index="1" bw="8" slack="0"/>
</pin_list>
<bind>
<opcode="zext(34) " fcode="zext"/>
<opset="zext_ln116_28/35 "/>
</bind>
</comp>

<comp id="2020" class="1004" name="zext_ln116_29_fu_2020">
<pin_list>
<pin id="2021" dir="0" index="0" bw="7" slack="33"/>
<pin id="2022" dir="1" index="1" bw="8" slack="0"/>
</pin_list>
<bind>
<opcode="zext(34) " fcode="zext"/>
<opset="zext_ln116_29/36 "/>
</bind>
</comp>

<comp id="2024" class="1004" name="zext_ln116_30_fu_2024">
<pin_list>
<pin id="2025" dir="0" index="0" bw="7" slack="34"/>
<pin id="2026" dir="1" index="1" bw="8" slack="0"/>
</pin_list>
<bind>
<opcode="zext(34) " fcode="zext"/>
<opset="zext_ln116_30/37 "/>
</bind>
</comp>

<comp id="2028" class="1004" name="zext_ln116_31_fu_2028">
<pin_list>
<pin id="2029" dir="0" index="0" bw="7" slack="35"/>
<pin id="2030" dir="1" index="1" bw="8" slack="0"/>
</pin_list>
<bind>
<opcode="zext(34) " fcode="zext"/>
<opset="zext_ln116_31/38 "/>
</bind>
</comp>

<comp id="2032" class="1004" name="zext_ln116_32_fu_2032">
<pin_list>
<pin id="2033" dir="0" index="0" bw="7" slack="36"/>
<pin id="2034" dir="1" index="1" bw="8" slack="0"/>
</pin_list>
<bind>
<opcode="zext(34) " fcode="zext"/>
<opset="zext_ln116_32/39 "/>
</bind>
</comp>

<comp id="2036" class="1004" name="zext_ln116_33_fu_2036">
<pin_list>
<pin id="2037" dir="0" index="0" bw="7" slack="37"/>
<pin id="2038" dir="1" index="1" bw="8" slack="0"/>
</pin_list>
<bind>
<opcode="zext(34) " fcode="zext"/>
<opset="zext_ln116_33/40 "/>
</bind>
</comp>

<comp id="2040" class="1004" name="zext_ln116_34_fu_2040">
<pin_list>
<pin id="2041" dir="0" index="0" bw="7" slack="38"/>
<pin id="2042" dir="1" index="1" bw="8" slack="0"/>
</pin_list>
<bind>
<opcode="zext(34) " fcode="zext"/>
<opset="zext_ln116_34/41 "/>
</bind>
</comp>

<comp id="2044" class="1004" name="zext_ln116_35_fu_2044">
<pin_list>
<pin id="2045" dir="0" index="0" bw="7" slack="39"/>
<pin id="2046" dir="1" index="1" bw="8" slack="0"/>
</pin_list>
<bind>
<opcode="zext(34) " fcode="zext"/>
<opset="zext_ln116_35/42 "/>
</bind>
</comp>

<comp id="2048" class="1004" name="zext_ln116_36_fu_2048">
<pin_list>
<pin id="2049" dir="0" index="0" bw="7" slack="40"/>
<pin id="2050" dir="1" index="1" bw="8" slack="0"/>
</pin_list>
<bind>
<opcode="zext(34) " fcode="zext"/>
<opset="zext_ln116_36/43 "/>
</bind>
</comp>

<comp id="2052" class="1004" name="zext_ln116_37_fu_2052">
<pin_list>
<pin id="2053" dir="0" index="0" bw="7" slack="41"/>
<pin id="2054" dir="1" index="1" bw="8" slack="0"/>
</pin_list>
<bind>
<opcode="zext(34) " fcode="zext"/>
<opset="zext_ln116_37/44 "/>
</bind>
</comp>

<comp id="2056" class="1004" name="zext_ln116_38_fu_2056">
<pin_list>
<pin id="2057" dir="0" index="0" bw="7" slack="42"/>
<pin id="2058" dir="1" index="1" bw="8" slack="0"/>
</pin_list>
<bind>
<opcode="zext(34) " fcode="zext"/>
<opset="zext_ln116_38/45 "/>
</bind>
</comp>

<comp id="2060" class="1004" name="zext_ln116_39_fu_2060">
<pin_list>
<pin id="2061" dir="0" index="0" bw="7" slack="43"/>
<pin id="2062" dir="1" index="1" bw="8" slack="0"/>
</pin_list>
<bind>
<opcode="zext(34) " fcode="zext"/>
<opset="zext_ln116_39/46 "/>
</bind>
</comp>

<comp id="2064" class="1004" name="zext_ln116_40_fu_2064">
<pin_list>
<pin id="2065" dir="0" index="0" bw="7" slack="44"/>
<pin id="2066" dir="1" index="1" bw="8" slack="0"/>
</pin_list>
<bind>
<opcode="zext(34) " fcode="zext"/>
<opset="zext_ln116_40/47 "/>
</bind>
</comp>

<comp id="2068" class="1004" name="zext_ln116_41_fu_2068">
<pin_list>
<pin id="2069" dir="0" index="0" bw="7" slack="45"/>
<pin id="2070" dir="1" index="1" bw="8" slack="0"/>
</pin_list>
<bind>
<opcode="zext(34) " fcode="zext"/>
<opset="zext_ln116_41/48 "/>
</bind>
</comp>

<comp id="2072" class="1004" name="zext_ln116_42_fu_2072">
<pin_list>
<pin id="2073" dir="0" index="0" bw="7" slack="46"/>
<pin id="2074" dir="1" index="1" bw="8" slack="0"/>
</pin_list>
<bind>
<opcode="zext(34) " fcode="zext"/>
<opset="zext_ln116_42/49 "/>
</bind>
</comp>

<comp id="2076" class="1004" name="zext_ln116_43_fu_2076">
<pin_list>
<pin id="2077" dir="0" index="0" bw="7" slack="47"/>
<pin id="2078" dir="1" index="1" bw="8" slack="0"/>
</pin_list>
<bind>
<opcode="zext(34) " fcode="zext"/>
<opset="zext_ln116_43/50 "/>
</bind>
</comp>

<comp id="2080" class="1004" name="zext_ln116_44_fu_2080">
<pin_list>
<pin id="2081" dir="0" index="0" bw="7" slack="48"/>
<pin id="2082" dir="1" index="1" bw="8" slack="0"/>
</pin_list>
<bind>
<opcode="zext(34) " fcode="zext"/>
<opset="zext_ln116_44/51 "/>
</bind>
</comp>

<comp id="2084" class="1004" name="zext_ln116_45_fu_2084">
<pin_list>
<pin id="2085" dir="0" index="0" bw="7" slack="49"/>
<pin id="2086" dir="1" index="1" bw="8" slack="0"/>
</pin_list>
<bind>
<opcode="zext(34) " fcode="zext"/>
<opset="zext_ln116_45/52 "/>
</bind>
</comp>

<comp id="2088" class="1004" name="zext_ln116_46_fu_2088">
<pin_list>
<pin id="2089" dir="0" index="0" bw="7" slack="50"/>
<pin id="2090" dir="1" index="1" bw="8" slack="0"/>
</pin_list>
<bind>
<opcode="zext(34) " fcode="zext"/>
<opset="zext_ln116_46/53 "/>
</bind>
</comp>

<comp id="2092" class="1004" name="zext_ln116_47_fu_2092">
<pin_list>
<pin id="2093" dir="0" index="0" bw="7" slack="51"/>
<pin id="2094" dir="1" index="1" bw="8" slack="0"/>
</pin_list>
<bind>
<opcode="zext(34) " fcode="zext"/>
<opset="zext_ln116_47/54 "/>
</bind>
</comp>

<comp id="2096" class="1004" name="zext_ln116_48_fu_2096">
<pin_list>
<pin id="2097" dir="0" index="0" bw="7" slack="52"/>
<pin id="2098" dir="1" index="1" bw="8" slack="0"/>
</pin_list>
<bind>
<opcode="zext(34) " fcode="zext"/>
<opset="zext_ln116_48/55 "/>
</bind>
</comp>

<comp id="2100" class="1004" name="zext_ln116_49_fu_2100">
<pin_list>
<pin id="2101" dir="0" index="0" bw="7" slack="53"/>
<pin id="2102" dir="1" index="1" bw="8" slack="0"/>
</pin_list>
<bind>
<opcode="zext(34) " fcode="zext"/>
<opset="zext_ln116_49/56 "/>
</bind>
</comp>

<comp id="2104" class="1004" name="zext_ln116_50_fu_2104">
<pin_list>
<pin id="2105" dir="0" index="0" bw="7" slack="54"/>
<pin id="2106" dir="1" index="1" bw="8" slack="0"/>
</pin_list>
<bind>
<opcode="zext(34) " fcode="zext"/>
<opset="zext_ln116_50/57 "/>
</bind>
</comp>

<comp id="2108" class="1004" name="zext_ln116_51_fu_2108">
<pin_list>
<pin id="2109" dir="0" index="0" bw="7" slack="55"/>
<pin id="2110" dir="1" index="1" bw="8" slack="0"/>
</pin_list>
<bind>
<opcode="zext(34) " fcode="zext"/>
<opset="zext_ln116_51/58 "/>
</bind>
</comp>

<comp id="2112" class="1004" name="zext_ln116_52_fu_2112">
<pin_list>
<pin id="2113" dir="0" index="0" bw="7" slack="56"/>
<pin id="2114" dir="1" index="1" bw="8" slack="0"/>
</pin_list>
<bind>
<opcode="zext(34) " fcode="zext"/>
<opset="zext_ln116_52/59 "/>
</bind>
</comp>

<comp id="2116" class="1004" name="zext_ln116_53_fu_2116">
<pin_list>
<pin id="2117" dir="0" index="0" bw="7" slack="57"/>
<pin id="2118" dir="1" index="1" bw="8" slack="0"/>
</pin_list>
<bind>
<opcode="zext(34) " fcode="zext"/>
<opset="zext_ln116_53/60 "/>
</bind>
</comp>

<comp id="2120" class="1004" name="zext_ln116_54_fu_2120">
<pin_list>
<pin id="2121" dir="0" index="0" bw="7" slack="58"/>
<pin id="2122" dir="1" index="1" bw="8" slack="0"/>
</pin_list>
<bind>
<opcode="zext(34) " fcode="zext"/>
<opset="zext_ln116_54/61 "/>
</bind>
</comp>

<comp id="2124" class="1004" name="zext_ln116_55_fu_2124">
<pin_list>
<pin id="2125" dir="0" index="0" bw="7" slack="59"/>
<pin id="2126" dir="1" index="1" bw="8" slack="0"/>
</pin_list>
<bind>
<opcode="zext(34) " fcode="zext"/>
<opset="zext_ln116_55/62 "/>
</bind>
</comp>

<comp id="2128" class="1004" name="zext_ln116_56_fu_2128">
<pin_list>
<pin id="2129" dir="0" index="0" bw="7" slack="60"/>
<pin id="2130" dir="1" index="1" bw="8" slack="0"/>
</pin_list>
<bind>
<opcode="zext(34) " fcode="zext"/>
<opset="zext_ln116_56/63 "/>
</bind>
</comp>

<comp id="2132" class="1004" name="zext_ln116_57_fu_2132">
<pin_list>
<pin id="2133" dir="0" index="0" bw="7" slack="61"/>
<pin id="2134" dir="1" index="1" bw="8" slack="0"/>
</pin_list>
<bind>
<opcode="zext(34) " fcode="zext"/>
<opset="zext_ln116_57/64 "/>
</bind>
</comp>

<comp id="2136" class="1004" name="zext_ln116_58_fu_2136">
<pin_list>
<pin id="2137" dir="0" index="0" bw="7" slack="62"/>
<pin id="2138" dir="1" index="1" bw="8" slack="0"/>
</pin_list>
<bind>
<opcode="zext(34) " fcode="zext"/>
<opset="zext_ln116_58/65 "/>
</bind>
</comp>

<comp id="2140" class="1004" name="zext_ln116_59_fu_2140">
<pin_list>
<pin id="2141" dir="0" index="0" bw="7" slack="63"/>
<pin id="2142" dir="1" index="1" bw="8" slack="0"/>
</pin_list>
<bind>
<opcode="zext(34) " fcode="zext"/>
<opset="zext_ln116_59/66 "/>
</bind>
</comp>

<comp id="2144" class="1004" name="zext_ln116_60_fu_2144">
<pin_list>
<pin id="2145" dir="0" index="0" bw="7" slack="64"/>
<pin id="2146" dir="1" index="1" bw="8" slack="0"/>
</pin_list>
<bind>
<opcode="zext(34) " fcode="zext"/>
<opset="zext_ln116_60/67 "/>
</bind>
</comp>

<comp id="2148" class="1004" name="zext_ln116_61_fu_2148">
<pin_list>
<pin id="2149" dir="0" index="0" bw="7" slack="1"/>
<pin id="2150" dir="1" index="1" bw="8" slack="0"/>
</pin_list>
<bind>
<opcode="zext(34) " fcode="zext"/>
<opset="zext_ln116_61/68 "/>
</bind>
</comp>

<comp id="2152" class="1004" name="zext_ln116_62_fu_2152">
<pin_list>
<pin id="2153" dir="0" index="0" bw="7" slack="2"/>
<pin id="2154" dir="1" index="1" bw="8" slack="0"/>
</pin_list>
<bind>
<opcode="zext(34) " fcode="zext"/>
<opset="zext_ln116_62/69 "/>
</bind>
</comp>

<comp id="2156" class="1004" name="zext_ln116_63_fu_2156">
<pin_list>
<pin id="2157" dir="0" index="0" bw="7" slack="3"/>
<pin id="2158" dir="1" index="1" bw="8" slack="0"/>
</pin_list>
<bind>
<opcode="zext(34) " fcode="zext"/>
<opset="zext_ln116_63/70 "/>
</bind>
</comp>

<comp id="2160" class="1005" name="x_reg_2160">
<pin_list>
<pin id="2161" dir="0" index="0" bw="6" slack="0"/>
<pin id="2162" dir="1" index="1" bw="6" slack="0"/>
</pin_list>
<bind>
<opset="x "/>
</bind>
</comp>

<comp id="2167" class="1005" name="y_reg_2167">
<pin_list>
<pin id="2168" dir="0" index="0" bw="6" slack="0"/>
<pin id="2169" dir="1" index="1" bw="6" slack="0"/>
</pin_list>
<bind>
<opset="y "/>
</bind>
</comp>

<comp id="2174" class="1005" name="indvar_flatten13_reg_2174">
<pin_list>
<pin id="2175" dir="0" index="0" bw="11" slack="0"/>
<pin id="2176" dir="1" index="1" bw="11" slack="0"/>
</pin_list>
<bind>
<opset="indvar_flatten13 "/>
</bind>
</comp>

<comp id="2181" class="1005" name="output_read_reg_2181">
<pin_list>
<pin id="2182" dir="0" index="0" bw="64" slack="4"/>
<pin id="2183" dir="1" index="1" bw="64" slack="4"/>
</pin_list>
<bind>
<opset="output_read "/>
</bind>
</comp>

<comp id="2186" class="1005" name="tx_cast_reg_2186">
<pin_list>
<pin id="2187" dir="0" index="0" bw="32" slack="1"/>
<pin id="2188" dir="1" index="1" bw="32" slack="1"/>
</pin_list>
<bind>
<opset="tx_cast "/>
</bind>
</comp>

<comp id="2191" class="1005" name="H_cast_reg_2191">
<pin_list>
<pin id="2192" dir="0" index="0" bw="32" slack="1"/>
<pin id="2193" dir="1" index="1" bw="32" slack="1"/>
</pin_list>
<bind>
<opset="H_cast "/>
</bind>
</comp>

<comp id="2197" class="1005" name="ty_cast_reg_2197">
<pin_list>
<pin id="2198" dir="0" index="0" bw="32" slack="1"/>
<pin id="2199" dir="1" index="1" bw="32" slack="1"/>
</pin_list>
<bind>
<opset="ty_cast "/>
</bind>
</comp>

<comp id="2202" class="1005" name="H_cast303_cast_reg_2202">
<pin_list>
<pin id="2203" dir="0" index="0" bw="36" slack="1"/>
<pin id="2204" dir="1" index="1" bw="36" slack="1"/>
</pin_list>
<bind>
<opset="H_cast303_cast "/>
</bind>
</comp>

<comp id="2207" class="1005" name="icmp_ln105_reg_2207">
<pin_list>
<pin id="2208" dir="0" index="0" bw="1" slack="1"/>
<pin id="2209" dir="1" index="1" bw="1" slack="2147483647"/>
</pin_list>
<bind>
<opset="icmp_ln105 "/>
</bind>
</comp>

<comp id="2211" class="1005" name="select_ln105_reg_2211">
<pin_list>
<pin id="2212" dir="0" index="0" bw="6" slack="1"/>
<pin id="2213" dir="1" index="1" bw="6" slack="1"/>
</pin_list>
<bind>
<opset="select_ln105 "/>
</bind>
</comp>

<comp id="2219" class="1005" name="select_ln105_1_reg_2219">
<pin_list>
<pin id="2220" dir="0" index="0" bw="6" slack="1"/>
<pin id="2221" dir="1" index="1" bw="6" slack="1"/>
</pin_list>
<bind>
<opset="select_ln105_1 "/>
</bind>
</comp>

<comp id="2225" class="1005" name="trunc_ln116_reg_2225">
<pin_list>
<pin id="2226" dir="0" index="0" bw="5" slack="1"/>
<pin id="2227" dir="1" index="1" bw="5" slack="1"/>
</pin_list>
<bind>
<opset="trunc_ln116 "/>
</bind>
</comp>

<comp id="2230" class="1005" name="tmp21_reg_2230">
<pin_list>
<pin id="2231" dir="0" index="0" bw="53" slack="4"/>
<pin id="2232" dir="1" index="1" bw="53" slack="4"/>
</pin_list>
<bind>
<opset="tmp21 "/>
</bind>
</comp>

<comp id="2235" class="1005" name="y_1_cast_reg_2235">
<pin_list>
<pin id="2236" dir="0" index="0" bw="36" slack="1"/>
<pin id="2237" dir="1" index="1" bw="36" slack="1"/>
</pin_list>
<bind>
<opset="y_1_cast "/>
</bind>
</comp>

<comp id="2240" class="1005" name="p_ZZ10conv_layerPaS_iiiiS_S_E8tile_out_10_addr_reg_2240">
<pin_list>
<pin id="2241" dir="0" index="0" bw="10" slack="1"/>
<pin id="2242" dir="1" index="1" bw="10" slack="1"/>
</pin_list>
<bind>
<opset="p_ZZ10conv_layerPaS_iiiiS_S_E8tile_out_10_addr "/>
</bind>
</comp>

<comp id="2245" class="1005" name="p_ZZ10conv_layerPaS_iiiiS_S_E8tile_out_11_addr_reg_2245">
<pin_list>
<pin id="2246" dir="0" index="0" bw="10" slack="1"/>
<pin id="2247" dir="1" index="1" bw="10" slack="1"/>
</pin_list>
<bind>
<opset="p_ZZ10conv_layerPaS_iiiiS_S_E8tile_out_11_addr "/>
</bind>
</comp>

<comp id="2250" class="1005" name="p_ZZ10conv_layerPaS_iiiiS_S_E8tile_out_12_addr_reg_2250">
<pin_list>
<pin id="2251" dir="0" index="0" bw="10" slack="1"/>
<pin id="2252" dir="1" index="1" bw="10" slack="1"/>
</pin_list>
<bind>
<opset="p_ZZ10conv_layerPaS_iiiiS_S_E8tile_out_12_addr "/>
</bind>
</comp>

<comp id="2255" class="1005" name="p_ZZ10conv_layerPaS_iiiiS_S_E8tile_out_13_addr_reg_2255">
<pin_list>
<pin id="2256" dir="0" index="0" bw="10" slack="1"/>
<pin id="2257" dir="1" index="1" bw="10" slack="1"/>
</pin_list>
<bind>
<opset="p_ZZ10conv_layerPaS_iiiiS_S_E8tile_out_13_addr "/>
</bind>
</comp>

<comp id="2260" class="1005" name="p_ZZ10conv_layerPaS_iiiiS_S_E8tile_out_14_addr_reg_2260">
<pin_list>
<pin id="2261" dir="0" index="0" bw="10" slack="1"/>
<pin id="2262" dir="1" index="1" bw="10" slack="1"/>
</pin_list>
<bind>
<opset="p_ZZ10conv_layerPaS_iiiiS_S_E8tile_out_14_addr "/>
</bind>
</comp>

<comp id="2265" class="1005" name="conv_layer_signed_char_signed_char_int_int_int_int_signed_char_signed_char_tile_out_reg_2265">
<pin_list>
<pin id="2266" dir="0" index="0" bw="10" slack="1"/>
<pin id="2267" dir="1" index="1" bw="10" slack="1"/>
</pin_list>
<bind>
<opset="conv_layer_signed_char_signed_char_int_int_int_int_signed_char_signed_char_tile_out "/>
</bind>
</comp>

<comp id="2270" class="1005" name="p_ZZ10conv_layerPaS_iiiiS_S_E8tile_out_16_addr_reg_2270">
<pin_list>
<pin id="2271" dir="0" index="0" bw="10" slack="1"/>
<pin id="2272" dir="1" index="1" bw="10" slack="1"/>
</pin_list>
<bind>
<opset="p_ZZ10conv_layerPaS_iiiiS_S_E8tile_out_16_addr "/>
</bind>
</comp>

<comp id="2275" class="1005" name="p_ZZ10conv_layerPaS_iiiiS_S_E8tile_out_17_addr_reg_2275">
<pin_list>
<pin id="2276" dir="0" index="0" bw="10" slack="1"/>
<pin id="2277" dir="1" index="1" bw="10" slack="1"/>
</pin_list>
<bind>
<opset="p_ZZ10conv_layerPaS_iiiiS_S_E8tile_out_17_addr "/>
</bind>
</comp>

<comp id="2280" class="1005" name="p_ZZ10conv_layerPaS_iiiiS_S_E8tile_out_18_addr_reg_2280">
<pin_list>
<pin id="2281" dir="0" index="0" bw="10" slack="1"/>
<pin id="2282" dir="1" index="1" bw="10" slack="1"/>
</pin_list>
<bind>
<opset="p_ZZ10conv_layerPaS_iiiiS_S_E8tile_out_18_addr "/>
</bind>
</comp>

<comp id="2285" class="1005" name="p_ZZ10conv_layerPaS_iiiiS_S_E8tile_out_19_addr_reg_2285">
<pin_list>
<pin id="2286" dir="0" index="0" bw="10" slack="1"/>
<pin id="2287" dir="1" index="1" bw="10" slack="1"/>
</pin_list>
<bind>
<opset="p_ZZ10conv_layerPaS_iiiiS_S_E8tile_out_19_addr "/>
</bind>
</comp>

<comp id="2290" class="1005" name="p_ZZ10conv_layerPaS_iiiiS_S_E8tile_out_20_addr_reg_2290">
<pin_list>
<pin id="2291" dir="0" index="0" bw="10" slack="1"/>
<pin id="2292" dir="1" index="1" bw="10" slack="1"/>
</pin_list>
<bind>
<opset="p_ZZ10conv_layerPaS_iiiiS_S_E8tile_out_20_addr "/>
</bind>
</comp>

<comp id="2295" class="1005" name="p_ZZ10conv_layerPaS_iiiiS_S_E8tile_out_21_addr_reg_2295">
<pin_list>
<pin id="2296" dir="0" index="0" bw="10" slack="1"/>
<pin id="2297" dir="1" index="1" bw="10" slack="1"/>
</pin_list>
<bind>
<opset="p_ZZ10conv_layerPaS_iiiiS_S_E8tile_out_21_addr "/>
</bind>
</comp>

<comp id="2300" class="1005" name="p_ZZ10conv_layerPaS_iiiiS_S_E8tile_out_22_addr_reg_2300">
<pin_list>
<pin id="2301" dir="0" index="0" bw="10" slack="1"/>
<pin id="2302" dir="1" index="1" bw="10" slack="1"/>
</pin_list>
<bind>
<opset="p_ZZ10conv_layerPaS_iiiiS_S_E8tile_out_22_addr "/>
</bind>
</comp>

<comp id="2305" class="1005" name="p_ZZ10conv_layerPaS_iiiiS_S_E8tile_out_23_addr_reg_2305">
<pin_list>
<pin id="2306" dir="0" index="0" bw="10" slack="1"/>
<pin id="2307" dir="1" index="1" bw="10" slack="1"/>
</pin_list>
<bind>
<opset="p_ZZ10conv_layerPaS_iiiiS_S_E8tile_out_23_addr "/>
</bind>
</comp>

<comp id="2310" class="1005" name="p_ZZ10conv_layerPaS_iiiiS_S_E8tile_out_24_addr_reg_2310">
<pin_list>
<pin id="2311" dir="0" index="0" bw="10" slack="1"/>
<pin id="2312" dir="1" index="1" bw="10" slack="1"/>
</pin_list>
<bind>
<opset="p_ZZ10conv_layerPaS_iiiiS_S_E8tile_out_24_addr "/>
</bind>
</comp>

<comp id="2315" class="1005" name="conv_layer_signed_char_signed_char_int_int_int_int_signed_char_signed_char_tile_out_98_reg_2315">
<pin_list>
<pin id="2316" dir="0" index="0" bw="10" slack="1"/>
<pin id="2317" dir="1" index="1" bw="10" slack="1"/>
</pin_list>
<bind>
<opset="conv_layer_signed_char_signed_char_int_int_int_int_signed_char_signed_char_tile_out_98 "/>
</bind>
</comp>

<comp id="2320" class="1005" name="p_ZZ10conv_layerPaS_iiiiS_S_E8tile_out_26_addr_reg_2320">
<pin_list>
<pin id="2321" dir="0" index="0" bw="10" slack="1"/>
<pin id="2322" dir="1" index="1" bw="10" slack="1"/>
</pin_list>
<bind>
<opset="p_ZZ10conv_layerPaS_iiiiS_S_E8tile_out_26_addr "/>
</bind>
</comp>

<comp id="2325" class="1005" name="p_ZZ10conv_layerPaS_iiiiS_S_E8tile_out_27_addr_reg_2325">
<pin_list>
<pin id="2326" dir="0" index="0" bw="10" slack="1"/>
<pin id="2327" dir="1" index="1" bw="10" slack="1"/>
</pin_list>
<bind>
<opset="p_ZZ10conv_layerPaS_iiiiS_S_E8tile_out_27_addr "/>
</bind>
</comp>

<comp id="2330" class="1005" name="p_ZZ10conv_layerPaS_iiiiS_S_E8tile_out_28_addr_reg_2330">
<pin_list>
<pin id="2331" dir="0" index="0" bw="10" slack="1"/>
<pin id="2332" dir="1" index="1" bw="10" slack="1"/>
</pin_list>
<bind>
<opset="p_ZZ10conv_layerPaS_iiiiS_S_E8tile_out_28_addr "/>
</bind>
</comp>

<comp id="2335" class="1005" name="p_ZZ10conv_layerPaS_iiiiS_S_E8tile_out_29_addr_reg_2335">
<pin_list>
<pin id="2336" dir="0" index="0" bw="10" slack="1"/>
<pin id="2337" dir="1" index="1" bw="10" slack="1"/>
</pin_list>
<bind>
<opset="p_ZZ10conv_layerPaS_iiiiS_S_E8tile_out_29_addr "/>
</bind>
</comp>

<comp id="2340" class="1005" name="p_ZZ10conv_layerPaS_iiiiS_S_E8tile_out_30_addr_reg_2340">
<pin_list>
<pin id="2341" dir="0" index="0" bw="10" slack="1"/>
<pin id="2342" dir="1" index="1" bw="10" slack="1"/>
</pin_list>
<bind>
<opset="p_ZZ10conv_layerPaS_iiiiS_S_E8tile_out_30_addr "/>
</bind>
</comp>

<comp id="2345" class="1005" name="p_ZZ10conv_layerPaS_iiiiS_S_E8tile_out_31_addr_reg_2345">
<pin_list>
<pin id="2346" dir="0" index="0" bw="10" slack="1"/>
<pin id="2347" dir="1" index="1" bw="10" slack="1"/>
</pin_list>
<bind>
<opset="p_ZZ10conv_layerPaS_iiiiS_S_E8tile_out_31_addr "/>
</bind>
</comp>

<comp id="2350" class="1005" name="p_ZZ10conv_layerPaS_iiiiS_S_E8tile_out_32_addr_reg_2350">
<pin_list>
<pin id="2351" dir="0" index="0" bw="10" slack="1"/>
<pin id="2352" dir="1" index="1" bw="10" slack="1"/>
</pin_list>
<bind>
<opset="p_ZZ10conv_layerPaS_iiiiS_S_E8tile_out_32_addr "/>
</bind>
</comp>

<comp id="2355" class="1005" name="p_ZZ10conv_layerPaS_iiiiS_S_E8tile_out_33_addr_reg_2355">
<pin_list>
<pin id="2356" dir="0" index="0" bw="10" slack="1"/>
<pin id="2357" dir="1" index="1" bw="10" slack="1"/>
</pin_list>
<bind>
<opset="p_ZZ10conv_layerPaS_iiiiS_S_E8tile_out_33_addr "/>
</bind>
</comp>

<comp id="2360" class="1005" name="p_ZZ10conv_layerPaS_iiiiS_S_E8tile_out_34_addr_reg_2360">
<pin_list>
<pin id="2361" dir="0" index="0" bw="10" slack="1"/>
<pin id="2362" dir="1" index="1" bw="10" slack="1"/>
</pin_list>
<bind>
<opset="p_ZZ10conv_layerPaS_iiiiS_S_E8tile_out_34_addr "/>
</bind>
</comp>

<comp id="2365" class="1005" name="conv_layer_signed_char_signed_char_int_int_int_int_signed_char_signed_char_tile_out_99_reg_2365">
<pin_list>
<pin id="2366" dir="0" index="0" bw="10" slack="1"/>
<pin id="2367" dir="1" index="1" bw="10" slack="1"/>
</pin_list>
<bind>
<opset="conv_layer_signed_char_signed_char_int_int_int_int_signed_char_signed_char_tile_out_99 "/>
</bind>
</comp>

<comp id="2370" class="1005" name="p_ZZ10conv_layerPaS_iiiiS_S_E8tile_out_36_addr_reg_2370">
<pin_list>
<pin id="2371" dir="0" index="0" bw="10" slack="1"/>
<pin id="2372" dir="1" index="1" bw="10" slack="1"/>
</pin_list>
<bind>
<opset="p_ZZ10conv_layerPaS_iiiiS_S_E8tile_out_36_addr "/>
</bind>
</comp>

<comp id="2375" class="1005" name="p_ZZ10conv_layerPaS_iiiiS_S_E8tile_out_37_addr_reg_2375">
<pin_list>
<pin id="2376" dir="0" index="0" bw="10" slack="1"/>
<pin id="2377" dir="1" index="1" bw="10" slack="1"/>
</pin_list>
<bind>
<opset="p_ZZ10conv_layerPaS_iiiiS_S_E8tile_out_37_addr "/>
</bind>
</comp>

<comp id="2380" class="1005" name="p_ZZ10conv_layerPaS_iiiiS_S_E8tile_out_38_addr_reg_2380">
<pin_list>
<pin id="2381" dir="0" index="0" bw="10" slack="1"/>
<pin id="2382" dir="1" index="1" bw="10" slack="1"/>
</pin_list>
<bind>
<opset="p_ZZ10conv_layerPaS_iiiiS_S_E8tile_out_38_addr "/>
</bind>
</comp>

<comp id="2385" class="1005" name="p_ZZ10conv_layerPaS_iiiiS_S_E8tile_out_39_addr_reg_2385">
<pin_list>
<pin id="2386" dir="0" index="0" bw="10" slack="1"/>
<pin id="2387" dir="1" index="1" bw="10" slack="1"/>
</pin_list>
<bind>
<opset="p_ZZ10conv_layerPaS_iiiiS_S_E8tile_out_39_addr "/>
</bind>
</comp>

<comp id="2390" class="1005" name="p_ZZ10conv_layerPaS_iiiiS_S_E8tile_out_40_addr_reg_2390">
<pin_list>
<pin id="2391" dir="0" index="0" bw="10" slack="1"/>
<pin id="2392" dir="1" index="1" bw="10" slack="1"/>
</pin_list>
<bind>
<opset="p_ZZ10conv_layerPaS_iiiiS_S_E8tile_out_40_addr "/>
</bind>
</comp>

<comp id="2395" class="1005" name="p_ZZ10conv_layerPaS_iiiiS_S_E8tile_out_41_addr_reg_2395">
<pin_list>
<pin id="2396" dir="0" index="0" bw="10" slack="1"/>
<pin id="2397" dir="1" index="1" bw="10" slack="1"/>
</pin_list>
<bind>
<opset="p_ZZ10conv_layerPaS_iiiiS_S_E8tile_out_41_addr "/>
</bind>
</comp>

<comp id="2400" class="1005" name="p_ZZ10conv_layerPaS_iiiiS_S_E8tile_out_42_addr_reg_2400">
<pin_list>
<pin id="2401" dir="0" index="0" bw="10" slack="1"/>
<pin id="2402" dir="1" index="1" bw="10" slack="1"/>
</pin_list>
<bind>
<opset="p_ZZ10conv_layerPaS_iiiiS_S_E8tile_out_42_addr "/>
</bind>
</comp>

<comp id="2405" class="1005" name="p_ZZ10conv_layerPaS_iiiiS_S_E8tile_out_43_addr_reg_2405">
<pin_list>
<pin id="2406" dir="0" index="0" bw="10" slack="1"/>
<pin id="2407" dir="1" index="1" bw="10" slack="1"/>
</pin_list>
<bind>
<opset="p_ZZ10conv_layerPaS_iiiiS_S_E8tile_out_43_addr "/>
</bind>
</comp>

<comp id="2410" class="1005" name="p_ZZ10conv_layerPaS_iiiiS_S_E8tile_out_44_addr_reg_2410">
<pin_list>
<pin id="2411" dir="0" index="0" bw="10" slack="1"/>
<pin id="2412" dir="1" index="1" bw="10" slack="1"/>
</pin_list>
<bind>
<opset="p_ZZ10conv_layerPaS_iiiiS_S_E8tile_out_44_addr "/>
</bind>
</comp>

<comp id="2415" class="1005" name="conv_layer_signed_char_signed_char_int_int_int_int_signed_char_signed_char_tile_out_100_reg_2415">
<pin_list>
<pin id="2416" dir="0" index="0" bw="10" slack="1"/>
<pin id="2417" dir="1" index="1" bw="10" slack="1"/>
</pin_list>
<bind>
<opset="conv_layer_signed_char_signed_char_int_int_int_int_signed_char_signed_char_tile_out_100 "/>
</bind>
</comp>

<comp id="2420" class="1005" name="p_ZZ10conv_layerPaS_iiiiS_S_E8tile_out_46_addr_reg_2420">
<pin_list>
<pin id="2421" dir="0" index="0" bw="10" slack="1"/>
<pin id="2422" dir="1" index="1" bw="10" slack="1"/>
</pin_list>
<bind>
<opset="p_ZZ10conv_layerPaS_iiiiS_S_E8tile_out_46_addr "/>
</bind>
</comp>

<comp id="2425" class="1005" name="p_ZZ10conv_layerPaS_iiiiS_S_E8tile_out_47_addr_reg_2425">
<pin_list>
<pin id="2426" dir="0" index="0" bw="10" slack="1"/>
<pin id="2427" dir="1" index="1" bw="10" slack="1"/>
</pin_list>
<bind>
<opset="p_ZZ10conv_layerPaS_iiiiS_S_E8tile_out_47_addr "/>
</bind>
</comp>

<comp id="2430" class="1005" name="p_ZZ10conv_layerPaS_iiiiS_S_E8tile_out_48_addr_reg_2430">
<pin_list>
<pin id="2431" dir="0" index="0" bw="10" slack="1"/>
<pin id="2432" dir="1" index="1" bw="10" slack="1"/>
</pin_list>
<bind>
<opset="p_ZZ10conv_layerPaS_iiiiS_S_E8tile_out_48_addr "/>
</bind>
</comp>

<comp id="2435" class="1005" name="p_ZZ10conv_layerPaS_iiiiS_S_E8tile_out_49_addr_reg_2435">
<pin_list>
<pin id="2436" dir="0" index="0" bw="10" slack="1"/>
<pin id="2437" dir="1" index="1" bw="10" slack="1"/>
</pin_list>
<bind>
<opset="p_ZZ10conv_layerPaS_iiiiS_S_E8tile_out_49_addr "/>
</bind>
</comp>

<comp id="2440" class="1005" name="p_ZZ10conv_layerPaS_iiiiS_S_E8tile_out_50_addr_reg_2440">
<pin_list>
<pin id="2441" dir="0" index="0" bw="10" slack="1"/>
<pin id="2442" dir="1" index="1" bw="10" slack="1"/>
</pin_list>
<bind>
<opset="p_ZZ10conv_layerPaS_iiiiS_S_E8tile_out_50_addr "/>
</bind>
</comp>

<comp id="2445" class="1005" name="p_ZZ10conv_layerPaS_iiiiS_S_E8tile_out_51_addr_reg_2445">
<pin_list>
<pin id="2446" dir="0" index="0" bw="10" slack="1"/>
<pin id="2447" dir="1" index="1" bw="10" slack="1"/>
</pin_list>
<bind>
<opset="p_ZZ10conv_layerPaS_iiiiS_S_E8tile_out_51_addr "/>
</bind>
</comp>

<comp id="2450" class="1005" name="p_ZZ10conv_layerPaS_iiiiS_S_E8tile_out_52_addr_reg_2450">
<pin_list>
<pin id="2451" dir="0" index="0" bw="10" slack="1"/>
<pin id="2452" dir="1" index="1" bw="10" slack="1"/>
</pin_list>
<bind>
<opset="p_ZZ10conv_layerPaS_iiiiS_S_E8tile_out_52_addr "/>
</bind>
</comp>

<comp id="2455" class="1005" name="p_ZZ10conv_layerPaS_iiiiS_S_E8tile_out_53_addr_reg_2455">
<pin_list>
<pin id="2456" dir="0" index="0" bw="10" slack="1"/>
<pin id="2457" dir="1" index="1" bw="10" slack="1"/>
</pin_list>
<bind>
<opset="p_ZZ10conv_layerPaS_iiiiS_S_E8tile_out_53_addr "/>
</bind>
</comp>

<comp id="2460" class="1005" name="p_ZZ10conv_layerPaS_iiiiS_S_E8tile_out_54_addr_reg_2460">
<pin_list>
<pin id="2461" dir="0" index="0" bw="10" slack="1"/>
<pin id="2462" dir="1" index="1" bw="10" slack="1"/>
</pin_list>
<bind>
<opset="p_ZZ10conv_layerPaS_iiiiS_S_E8tile_out_54_addr "/>
</bind>
</comp>

<comp id="2465" class="1005" name="conv_layer_signed_char_signed_char_int_int_int_int_signed_char_signed_char_tile_out_101_reg_2465">
<pin_list>
<pin id="2466" dir="0" index="0" bw="10" slack="1"/>
<pin id="2467" dir="1" index="1" bw="10" slack="1"/>
</pin_list>
<bind>
<opset="conv_layer_signed_char_signed_char_int_int_int_int_signed_char_signed_char_tile_out_101 "/>
</bind>
</comp>

<comp id="2470" class="1005" name="p_ZZ10conv_layerPaS_iiiiS_S_E8tile_out_56_addr_reg_2470">
<pin_list>
<pin id="2471" dir="0" index="0" bw="10" slack="1"/>
<pin id="2472" dir="1" index="1" bw="10" slack="1"/>
</pin_list>
<bind>
<opset="p_ZZ10conv_layerPaS_iiiiS_S_E8tile_out_56_addr "/>
</bind>
</comp>

<comp id="2475" class="1005" name="p_ZZ10conv_layerPaS_iiiiS_S_E8tile_out_57_addr_reg_2475">
<pin_list>
<pin id="2476" dir="0" index="0" bw="10" slack="1"/>
<pin id="2477" dir="1" index="1" bw="10" slack="1"/>
</pin_list>
<bind>
<opset="p_ZZ10conv_layerPaS_iiiiS_S_E8tile_out_57_addr "/>
</bind>
</comp>

<comp id="2480" class="1005" name="p_ZZ10conv_layerPaS_iiiiS_S_E8tile_out_58_addr_reg_2480">
<pin_list>
<pin id="2481" dir="0" index="0" bw="10" slack="1"/>
<pin id="2482" dir="1" index="1" bw="10" slack="1"/>
</pin_list>
<bind>
<opset="p_ZZ10conv_layerPaS_iiiiS_S_E8tile_out_58_addr "/>
</bind>
</comp>

<comp id="2485" class="1005" name="p_ZZ10conv_layerPaS_iiiiS_S_E8tile_out_59_addr_reg_2485">
<pin_list>
<pin id="2486" dir="0" index="0" bw="10" slack="1"/>
<pin id="2487" dir="1" index="1" bw="10" slack="1"/>
</pin_list>
<bind>
<opset="p_ZZ10conv_layerPaS_iiiiS_S_E8tile_out_59_addr "/>
</bind>
</comp>

<comp id="2490" class="1005" name="p_ZZ10conv_layerPaS_iiiiS_S_E8tile_out_60_addr_reg_2490">
<pin_list>
<pin id="2491" dir="0" index="0" bw="10" slack="1"/>
<pin id="2492" dir="1" index="1" bw="10" slack="1"/>
</pin_list>
<bind>
<opset="p_ZZ10conv_layerPaS_iiiiS_S_E8tile_out_60_addr "/>
</bind>
</comp>

<comp id="2495" class="1005" name="p_ZZ10conv_layerPaS_iiiiS_S_E8tile_out_61_addr_reg_2495">
<pin_list>
<pin id="2496" dir="0" index="0" bw="10" slack="64"/>
<pin id="2497" dir="1" index="1" bw="10" slack="64"/>
</pin_list>
<bind>
<opset="p_ZZ10conv_layerPaS_iiiiS_S_E8tile_out_61_addr "/>
</bind>
</comp>

<comp id="2500" class="1005" name="p_ZZ10conv_layerPaS_iiiiS_S_E8tile_out_62_addr_reg_2500">
<pin_list>
<pin id="2501" dir="0" index="0" bw="10" slack="64"/>
<pin id="2502" dir="1" index="1" bw="10" slack="64"/>
</pin_list>
<bind>
<opset="p_ZZ10conv_layerPaS_iiiiS_S_E8tile_out_62_addr "/>
</bind>
</comp>

<comp id="2505" class="1005" name="p_ZZ10conv_layerPaS_iiiiS_S_E8tile_out_63_addr_reg_2505">
<pin_list>
<pin id="2506" dir="0" index="0" bw="10" slack="64"/>
<pin id="2507" dir="1" index="1" bw="10" slack="64"/>
</pin_list>
<bind>
<opset="p_ZZ10conv_layerPaS_iiiiS_S_E8tile_out_63_addr "/>
</bind>
</comp>

<comp id="2510" class="1005" name="conv_layer_signed_char_signed_char_int_int_int_int_signed_char_signed_50_reg_2510">
<pin_list>
<pin id="2511" dir="0" index="0" bw="10" slack="1"/>
<pin id="2512" dir="1" index="1" bw="10" slack="1"/>
</pin_list>
<bind>
<opset="conv_layer_signed_char_signed_char_int_int_int_int_signed_char_signed_50 "/>
</bind>
</comp>

<comp id="2515" class="1005" name="conv_layer_signed_char_signed_char_int_int_int_int_signed_char_signed_51_reg_2515">
<pin_list>
<pin id="2516" dir="0" index="0" bw="10" slack="1"/>
<pin id="2517" dir="1" index="1" bw="10" slack="1"/>
</pin_list>
<bind>
<opset="conv_layer_signed_char_signed_char_int_int_int_int_signed_char_signed_51 "/>
</bind>
</comp>

<comp id="2520" class="1005" name="conv_layer_signed_char_signed_char_int_int_int_int_signed_char_signed_52_reg_2520">
<pin_list>
<pin id="2521" dir="0" index="0" bw="10" slack="1"/>
<pin id="2522" dir="1" index="1" bw="10" slack="1"/>
</pin_list>
<bind>
<opset="conv_layer_signed_char_signed_char_int_int_int_int_signed_char_signed_52 "/>
</bind>
</comp>

<comp id="2525" class="1005" name="conv_layer_signed_char_signed_char_int_int_int_int_signed_char_signed_53_reg_2525">
<pin_list>
<pin id="2526" dir="0" index="0" bw="10" slack="1"/>
<pin id="2527" dir="1" index="1" bw="10" slack="1"/>
</pin_list>
<bind>
<opset="conv_layer_signed_char_signed_char_int_int_int_int_signed_char_signed_53 "/>
</bind>
</comp>

<comp id="2530" class="1005" name="conv_layer_signed_char_signed_char_int_int_int_int_signed_char_signed_54_reg_2530">
<pin_list>
<pin id="2531" dir="0" index="0" bw="10" slack="1"/>
<pin id="2532" dir="1" index="1" bw="10" slack="1"/>
</pin_list>
<bind>
<opset="conv_layer_signed_char_signed_char_int_int_int_int_signed_char_signed_54 "/>
</bind>
</comp>

<comp id="2535" class="1005" name="conv_layer_signed_char_signed_char_int_int_int_int_signed_char_signed_55_reg_2535">
<pin_list>
<pin id="2536" dir="0" index="0" bw="10" slack="1"/>
<pin id="2537" dir="1" index="1" bw="10" slack="1"/>
</pin_list>
<bind>
<opset="conv_layer_signed_char_signed_char_int_int_int_int_signed_char_signed_55 "/>
</bind>
</comp>

<comp id="2540" class="1005" name="conv_layer_signed_char_signed_char_int_int_int_int_signed_char_signed_56_reg_2540">
<pin_list>
<pin id="2541" dir="0" index="0" bw="10" slack="1"/>
<pin id="2542" dir="1" index="1" bw="10" slack="1"/>
</pin_list>
<bind>
<opset="conv_layer_signed_char_signed_char_int_int_int_int_signed_char_signed_56 "/>
</bind>
</comp>

<comp id="2545" class="1005" name="conv_layer_signed_char_signed_char_int_int_int_int_signed_char_signed_57_reg_2545">
<pin_list>
<pin id="2546" dir="0" index="0" bw="10" slack="1"/>
<pin id="2547" dir="1" index="1" bw="10" slack="1"/>
</pin_list>
<bind>
<opset="conv_layer_signed_char_signed_char_int_int_int_int_signed_char_signed_57 "/>
</bind>
</comp>

<comp id="2550" class="1005" name="conv_layer_signed_char_signed_char_int_int_int_int_signed_char_signed_58_reg_2550">
<pin_list>
<pin id="2551" dir="0" index="0" bw="10" slack="1"/>
<pin id="2552" dir="1" index="1" bw="10" slack="1"/>
</pin_list>
<bind>
<opset="conv_layer_signed_char_signed_char_int_int_int_int_signed_char_signed_58 "/>
</bind>
</comp>

<comp id="2555" class="1005" name="conv_layer_signed_char_signed_char_int_int_int_int_signed_char_signed_59_reg_2555">
<pin_list>
<pin id="2556" dir="0" index="0" bw="10" slack="1"/>
<pin id="2557" dir="1" index="1" bw="10" slack="1"/>
</pin_list>
<bind>
<opset="conv_layer_signed_char_signed_char_int_int_int_int_signed_char_signed_59 "/>
</bind>
</comp>

<comp id="2560" class="1005" name="and_ln112_reg_2560">
<pin_list>
<pin id="2561" dir="0" index="0" bw="1" slack="1"/>
<pin id="2562" dir="1" index="1" bw="1" slack="2147483647"/>
</pin_list>
<bind>
<opset="and_ln112 "/>
</bind>
</comp>

<comp id="2564" class="1005" name="empty_reg_2564">
<pin_list>
<pin id="2565" dir="0" index="0" bw="36" slack="1"/>
<pin id="2566" dir="1" index="1" bw="36" slack="1"/>
</pin_list>
<bind>
<opset="empty "/>
</bind>
</comp>

<comp id="2569" class="1005" name="conv_layer_signed_char_signed_char_int_int_int_int_signed_char_signed_60_reg_2569">
<pin_list>
<pin id="2570" dir="0" index="0" bw="7" slack="4"/>
<pin id="2571" dir="1" index="1" bw="7" slack="4"/>
</pin_list>
<bind>
<opset="conv_layer_signed_char_signed_char_int_int_int_int_signed_char_signed_60 "/>
</bind>
</comp>

<comp id="2574" class="1005" name="conv_layer_signed_char_signed_char_int_int_int_int_signed_char_signed_61_reg_2574">
<pin_list>
<pin id="2575" dir="0" index="0" bw="7" slack="5"/>
<pin id="2576" dir="1" index="1" bw="7" slack="5"/>
</pin_list>
<bind>
<opset="conv_layer_signed_char_signed_char_int_int_int_int_signed_char_signed_61 "/>
</bind>
</comp>

<comp id="2579" class="1005" name="conv_layer_signed_char_signed_char_int_int_int_int_signed_char_signed_62_reg_2579">
<pin_list>
<pin id="2580" dir="0" index="0" bw="7" slack="6"/>
<pin id="2581" dir="1" index="1" bw="7" slack="6"/>
</pin_list>
<bind>
<opset="conv_layer_signed_char_signed_char_int_int_int_int_signed_char_signed_62 "/>
</bind>
</comp>

<comp id="2584" class="1005" name="conv_layer_signed_char_signed_char_int_int_int_int_signed_char_signed_63_reg_2584">
<pin_list>
<pin id="2585" dir="0" index="0" bw="7" slack="7"/>
<pin id="2586" dir="1" index="1" bw="7" slack="7"/>
</pin_list>
<bind>
<opset="conv_layer_signed_char_signed_char_int_int_int_int_signed_char_signed_63 "/>
</bind>
</comp>

<comp id="2589" class="1005" name="conv_layer_signed_char_signed_char_int_int_int_int_signed_char_signed_64_reg_2589">
<pin_list>
<pin id="2590" dir="0" index="0" bw="7" slack="8"/>
<pin id="2591" dir="1" index="1" bw="7" slack="8"/>
</pin_list>
<bind>
<opset="conv_layer_signed_char_signed_char_int_int_int_int_signed_char_signed_64 "/>
</bind>
</comp>

<comp id="2594" class="1005" name="conv_layer_signed_char_signed_char_int_int_int_int_signed_char_signed_65_reg_2594">
<pin_list>
<pin id="2595" dir="0" index="0" bw="7" slack="9"/>
<pin id="2596" dir="1" index="1" bw="7" slack="9"/>
</pin_list>
<bind>
<opset="conv_layer_signed_char_signed_char_int_int_int_int_signed_char_signed_65 "/>
</bind>
</comp>

<comp id="2599" class="1005" name="conv_layer_signed_char_signed_char_int_int_int_int_signed_char_signed_66_reg_2599">
<pin_list>
<pin id="2600" dir="0" index="0" bw="7" slack="10"/>
<pin id="2601" dir="1" index="1" bw="7" slack="10"/>
</pin_list>
<bind>
<opset="conv_layer_signed_char_signed_char_int_int_int_int_signed_char_signed_66 "/>
</bind>
</comp>

<comp id="2604" class="1005" name="conv_layer_signed_char_signed_char_int_int_int_int_signed_char_signed_67_reg_2604">
<pin_list>
<pin id="2605" dir="0" index="0" bw="7" slack="11"/>
<pin id="2606" dir="1" index="1" bw="7" slack="11"/>
</pin_list>
<bind>
<opset="conv_layer_signed_char_signed_char_int_int_int_int_signed_char_signed_67 "/>
</bind>
</comp>

<comp id="2609" class="1005" name="conv_layer_signed_char_signed_char_int_int_int_int_signed_char_signed_68_reg_2609">
<pin_list>
<pin id="2610" dir="0" index="0" bw="7" slack="12"/>
<pin id="2611" dir="1" index="1" bw="7" slack="12"/>
</pin_list>
<bind>
<opset="conv_layer_signed_char_signed_char_int_int_int_int_signed_char_signed_68 "/>
</bind>
</comp>

<comp id="2614" class="1005" name="conv_layer_signed_char_signed_char_int_int_int_int_signed_char_signed_69_reg_2614">
<pin_list>
<pin id="2615" dir="0" index="0" bw="7" slack="13"/>
<pin id="2616" dir="1" index="1" bw="7" slack="13"/>
</pin_list>
<bind>
<opset="conv_layer_signed_char_signed_char_int_int_int_int_signed_char_signed_69 "/>
</bind>
</comp>

<comp id="2619" class="1005" name="p_ZZ10conv_layerPaS_iiiiS_S_E8tile_out_10_load_reg_2619">
<pin_list>
<pin id="2620" dir="0" index="0" bw="7" slack="14"/>
<pin id="2621" dir="1" index="1" bw="7" slack="14"/>
</pin_list>
<bind>
<opset="p_ZZ10conv_layerPaS_iiiiS_S_E8tile_out_10_load "/>
</bind>
</comp>

<comp id="2624" class="1005" name="conv_layer_signed_char_signed_char_int_int_int_int_signed_char_signed_char_tile_out_103_reg_2624">
<pin_list>
<pin id="2625" dir="0" index="0" bw="7" slack="15"/>
<pin id="2626" dir="1" index="1" bw="7" slack="15"/>
</pin_list>
<bind>
<opset="conv_layer_signed_char_signed_char_int_int_int_int_signed_char_signed_char_tile_out_103 "/>
</bind>
</comp>

<comp id="2629" class="1005" name="conv_layer_signed_char_signed_char_int_int_int_int_signed_char_signed_char_tile_out_104_reg_2629">
<pin_list>
<pin id="2630" dir="0" index="0" bw="7" slack="16"/>
<pin id="2631" dir="1" index="1" bw="7" slack="16"/>
</pin_list>
<bind>
<opset="conv_layer_signed_char_signed_char_int_int_int_int_signed_char_signed_char_tile_out_104 "/>
</bind>
</comp>

<comp id="2634" class="1005" name="conv_layer_signed_char_signed_char_int_int_int_int_signed_char_signed_char_tile_out_105_reg_2634">
<pin_list>
<pin id="2635" dir="0" index="0" bw="7" slack="17"/>
<pin id="2636" dir="1" index="1" bw="7" slack="17"/>
</pin_list>
<bind>
<opset="conv_layer_signed_char_signed_char_int_int_int_int_signed_char_signed_char_tile_out_105 "/>
</bind>
</comp>

<comp id="2639" class="1005" name="conv_layer_signed_char_signed_char_int_int_int_int_signed_char_signed_char_tile_out_106_reg_2639">
<pin_list>
<pin id="2640" dir="0" index="0" bw="7" slack="18"/>
<pin id="2641" dir="1" index="1" bw="7" slack="18"/>
</pin_list>
<bind>
<opset="conv_layer_signed_char_signed_char_int_int_int_int_signed_char_signed_char_tile_out_106 "/>
</bind>
</comp>

<comp id="2644" class="1005" name="conv_layer_signed_char_signed_char_int_int_int_int_signed_char_signed_char_tile_out_107_reg_2644">
<pin_list>
<pin id="2645" dir="0" index="0" bw="7" slack="19"/>
<pin id="2646" dir="1" index="1" bw="7" slack="19"/>
</pin_list>
<bind>
<opset="conv_layer_signed_char_signed_char_int_int_int_int_signed_char_signed_char_tile_out_107 "/>
</bind>
</comp>

<comp id="2649" class="1005" name="p_ZZ10conv_layerPaS_iiiiS_S_E8tile_out_16_load_reg_2649">
<pin_list>
<pin id="2650" dir="0" index="0" bw="7" slack="20"/>
<pin id="2651" dir="1" index="1" bw="7" slack="20"/>
</pin_list>
<bind>
<opset="p_ZZ10conv_layerPaS_iiiiS_S_E8tile_out_16_load "/>
</bind>
</comp>

<comp id="2654" class="1005" name="p_ZZ10conv_layerPaS_iiiiS_S_E8tile_out_17_load_reg_2654">
<pin_list>
<pin id="2655" dir="0" index="0" bw="7" slack="21"/>
<pin id="2656" dir="1" index="1" bw="7" slack="21"/>
</pin_list>
<bind>
<opset="p_ZZ10conv_layerPaS_iiiiS_S_E8tile_out_17_load "/>
</bind>
</comp>

<comp id="2659" class="1005" name="p_ZZ10conv_layerPaS_iiiiS_S_E8tile_out_18_load_reg_2659">
<pin_list>
<pin id="2660" dir="0" index="0" bw="7" slack="22"/>
<pin id="2661" dir="1" index="1" bw="7" slack="22"/>
</pin_list>
<bind>
<opset="p_ZZ10conv_layerPaS_iiiiS_S_E8tile_out_18_load "/>
</bind>
</comp>

<comp id="2664" class="1005" name="p_ZZ10conv_layerPaS_iiiiS_S_E8tile_out_19_load_reg_2664">
<pin_list>
<pin id="2665" dir="0" index="0" bw="7" slack="23"/>
<pin id="2666" dir="1" index="1" bw="7" slack="23"/>
</pin_list>
<bind>
<opset="p_ZZ10conv_layerPaS_iiiiS_S_E8tile_out_19_load "/>
</bind>
</comp>

<comp id="2669" class="1005" name="p_ZZ10conv_layerPaS_iiiiS_S_E8tile_out_20_load_reg_2669">
<pin_list>
<pin id="2670" dir="0" index="0" bw="7" slack="24"/>
<pin id="2671" dir="1" index="1" bw="7" slack="24"/>
</pin_list>
<bind>
<opset="p_ZZ10conv_layerPaS_iiiiS_S_E8tile_out_20_load "/>
</bind>
</comp>

<comp id="2674" class="1005" name="conv_layer_signed_char_signed_char_int_int_int_int_signed_char_signed_char_tile_out_108_reg_2674">
<pin_list>
<pin id="2675" dir="0" index="0" bw="7" slack="25"/>
<pin id="2676" dir="1" index="1" bw="7" slack="25"/>
</pin_list>
<bind>
<opset="conv_layer_signed_char_signed_char_int_int_int_int_signed_char_signed_char_tile_out_108 "/>
</bind>
</comp>

<comp id="2679" class="1005" name="conv_layer_signed_char_signed_char_int_int_int_int_signed_char_signed_char_tile_out_109_reg_2679">
<pin_list>
<pin id="2680" dir="0" index="0" bw="7" slack="26"/>
<pin id="2681" dir="1" index="1" bw="7" slack="26"/>
</pin_list>
<bind>
<opset="conv_layer_signed_char_signed_char_int_int_int_int_signed_char_signed_char_tile_out_109 "/>
</bind>
</comp>

<comp id="2684" class="1005" name="conv_layer_signed_char_signed_char_int_int_int_int_signed_char_signed_char_tile_out_110_reg_2684">
<pin_list>
<pin id="2685" dir="0" index="0" bw="7" slack="27"/>
<pin id="2686" dir="1" index="1" bw="7" slack="27"/>
</pin_list>
<bind>
<opset="conv_layer_signed_char_signed_char_int_int_int_int_signed_char_signed_char_tile_out_110 "/>
</bind>
</comp>

<comp id="2689" class="1005" name="conv_layer_signed_char_signed_char_int_int_int_int_signed_char_signed_char_tile_out_111_reg_2689">
<pin_list>
<pin id="2690" dir="0" index="0" bw="7" slack="28"/>
<pin id="2691" dir="1" index="1" bw="7" slack="28"/>
</pin_list>
<bind>
<opset="conv_layer_signed_char_signed_char_int_int_int_int_signed_char_signed_char_tile_out_111 "/>
</bind>
</comp>

<comp id="2694" class="1005" name="conv_layer_signed_char_signed_char_int_int_int_int_signed_char_signed_char_tile_out_112_reg_2694">
<pin_list>
<pin id="2695" dir="0" index="0" bw="7" slack="29"/>
<pin id="2696" dir="1" index="1" bw="7" slack="29"/>
</pin_list>
<bind>
<opset="conv_layer_signed_char_signed_char_int_int_int_int_signed_char_signed_char_tile_out_112 "/>
</bind>
</comp>

<comp id="2699" class="1005" name="p_ZZ10conv_layerPaS_iiiiS_S_E8tile_out_26_load_reg_2699">
<pin_list>
<pin id="2700" dir="0" index="0" bw="7" slack="30"/>
<pin id="2701" dir="1" index="1" bw="7" slack="30"/>
</pin_list>
<bind>
<opset="p_ZZ10conv_layerPaS_iiiiS_S_E8tile_out_26_load "/>
</bind>
</comp>

<comp id="2704" class="1005" name="p_ZZ10conv_layerPaS_iiiiS_S_E8tile_out_27_load_reg_2704">
<pin_list>
<pin id="2705" dir="0" index="0" bw="7" slack="31"/>
<pin id="2706" dir="1" index="1" bw="7" slack="31"/>
</pin_list>
<bind>
<opset="p_ZZ10conv_layerPaS_iiiiS_S_E8tile_out_27_load "/>
</bind>
</comp>

<comp id="2709" class="1005" name="p_ZZ10conv_layerPaS_iiiiS_S_E8tile_out_28_load_reg_2709">
<pin_list>
<pin id="2710" dir="0" index="0" bw="7" slack="32"/>
<pin id="2711" dir="1" index="1" bw="7" slack="32"/>
</pin_list>
<bind>
<opset="p_ZZ10conv_layerPaS_iiiiS_S_E8tile_out_28_load "/>
</bind>
</comp>

<comp id="2714" class="1005" name="p_ZZ10conv_layerPaS_iiiiS_S_E8tile_out_29_load_reg_2714">
<pin_list>
<pin id="2715" dir="0" index="0" bw="7" slack="33"/>
<pin id="2716" dir="1" index="1" bw="7" slack="33"/>
</pin_list>
<bind>
<opset="p_ZZ10conv_layerPaS_iiiiS_S_E8tile_out_29_load "/>
</bind>
</comp>

<comp id="2719" class="1005" name="p_ZZ10conv_layerPaS_iiiiS_S_E8tile_out_30_load_reg_2719">
<pin_list>
<pin id="2720" dir="0" index="0" bw="7" slack="34"/>
<pin id="2721" dir="1" index="1" bw="7" slack="34"/>
</pin_list>
<bind>
<opset="p_ZZ10conv_layerPaS_iiiiS_S_E8tile_out_30_load "/>
</bind>
</comp>

<comp id="2724" class="1005" name="conv_layer_signed_char_signed_char_int_int_int_int_signed_char_signed_char_tile_out_113_reg_2724">
<pin_list>
<pin id="2725" dir="0" index="0" bw="7" slack="35"/>
<pin id="2726" dir="1" index="1" bw="7" slack="35"/>
</pin_list>
<bind>
<opset="conv_layer_signed_char_signed_char_int_int_int_int_signed_char_signed_char_tile_out_113 "/>
</bind>
</comp>

<comp id="2729" class="1005" name="conv_layer_signed_char_signed_char_int_int_int_int_signed_char_signed_char_tile_out_114_reg_2729">
<pin_list>
<pin id="2730" dir="0" index="0" bw="7" slack="36"/>
<pin id="2731" dir="1" index="1" bw="7" slack="36"/>
</pin_list>
<bind>
<opset="conv_layer_signed_char_signed_char_int_int_int_int_signed_char_signed_char_tile_out_114 "/>
</bind>
</comp>

<comp id="2734" class="1005" name="conv_layer_signed_char_signed_char_int_int_int_int_signed_char_signed_char_tile_out_115_reg_2734">
<pin_list>
<pin id="2735" dir="0" index="0" bw="7" slack="37"/>
<pin id="2736" dir="1" index="1" bw="7" slack="37"/>
</pin_list>
<bind>
<opset="conv_layer_signed_char_signed_char_int_int_int_int_signed_char_signed_char_tile_out_115 "/>
</bind>
</comp>

<comp id="2739" class="1005" name="conv_layer_signed_char_signed_char_int_int_int_int_signed_char_signed_char_tile_out_116_reg_2739">
<pin_list>
<pin id="2740" dir="0" index="0" bw="7" slack="38"/>
<pin id="2741" dir="1" index="1" bw="7" slack="38"/>
</pin_list>
<bind>
<opset="conv_layer_signed_char_signed_char_int_int_int_int_signed_char_signed_char_tile_out_116 "/>
</bind>
</comp>

<comp id="2744" class="1005" name="conv_layer_signed_char_signed_char_int_int_int_int_signed_char_signed_char_tile_out_117_reg_2744">
<pin_list>
<pin id="2745" dir="0" index="0" bw="7" slack="39"/>
<pin id="2746" dir="1" index="1" bw="7" slack="39"/>
</pin_list>
<bind>
<opset="conv_layer_signed_char_signed_char_int_int_int_int_signed_char_signed_char_tile_out_117 "/>
</bind>
</comp>

<comp id="2749" class="1005" name="p_ZZ10conv_layerPaS_iiiiS_S_E8tile_out_36_load_reg_2749">
<pin_list>
<pin id="2750" dir="0" index="0" bw="7" slack="40"/>
<pin id="2751" dir="1" index="1" bw="7" slack="40"/>
</pin_list>
<bind>
<opset="p_ZZ10conv_layerPaS_iiiiS_S_E8tile_out_36_load "/>
</bind>
</comp>

<comp id="2754" class="1005" name="p_ZZ10conv_layerPaS_iiiiS_S_E8tile_out_37_load_reg_2754">
<pin_list>
<pin id="2755" dir="0" index="0" bw="7" slack="41"/>
<pin id="2756" dir="1" index="1" bw="7" slack="41"/>
</pin_list>
<bind>
<opset="p_ZZ10conv_layerPaS_iiiiS_S_E8tile_out_37_load "/>
</bind>
</comp>

<comp id="2759" class="1005" name="p_ZZ10conv_layerPaS_iiiiS_S_E8tile_out_38_load_reg_2759">
<pin_list>
<pin id="2760" dir="0" index="0" bw="7" slack="42"/>
<pin id="2761" dir="1" index="1" bw="7" slack="42"/>
</pin_list>
<bind>
<opset="p_ZZ10conv_layerPaS_iiiiS_S_E8tile_out_38_load "/>
</bind>
</comp>

<comp id="2764" class="1005" name="p_ZZ10conv_layerPaS_iiiiS_S_E8tile_out_39_load_reg_2764">
<pin_list>
<pin id="2765" dir="0" index="0" bw="7" slack="43"/>
<pin id="2766" dir="1" index="1" bw="7" slack="43"/>
</pin_list>
<bind>
<opset="p_ZZ10conv_layerPaS_iiiiS_S_E8tile_out_39_load "/>
</bind>
</comp>

<comp id="2769" class="1005" name="p_ZZ10conv_layerPaS_iiiiS_S_E8tile_out_40_load_reg_2769">
<pin_list>
<pin id="2770" dir="0" index="0" bw="7" slack="44"/>
<pin id="2771" dir="1" index="1" bw="7" slack="44"/>
</pin_list>
<bind>
<opset="p_ZZ10conv_layerPaS_iiiiS_S_E8tile_out_40_load "/>
</bind>
</comp>

<comp id="2774" class="1005" name="conv_layer_signed_char_signed_char_int_int_int_int_signed_char_signed_char_tile_out_118_reg_2774">
<pin_list>
<pin id="2775" dir="0" index="0" bw="7" slack="45"/>
<pin id="2776" dir="1" index="1" bw="7" slack="45"/>
</pin_list>
<bind>
<opset="conv_layer_signed_char_signed_char_int_int_int_int_signed_char_signed_char_tile_out_118 "/>
</bind>
</comp>

<comp id="2779" class="1005" name="conv_layer_signed_char_signed_char_int_int_int_int_signed_char_signed_char_tile_out_119_reg_2779">
<pin_list>
<pin id="2780" dir="0" index="0" bw="7" slack="46"/>
<pin id="2781" dir="1" index="1" bw="7" slack="46"/>
</pin_list>
<bind>
<opset="conv_layer_signed_char_signed_char_int_int_int_int_signed_char_signed_char_tile_out_119 "/>
</bind>
</comp>

<comp id="2784" class="1005" name="conv_layer_signed_char_signed_char_int_int_int_int_signed_char_signed_char_tile_out_120_reg_2784">
<pin_list>
<pin id="2785" dir="0" index="0" bw="7" slack="47"/>
<pin id="2786" dir="1" index="1" bw="7" slack="47"/>
</pin_list>
<bind>
<opset="conv_layer_signed_char_signed_char_int_int_int_int_signed_char_signed_char_tile_out_120 "/>
</bind>
</comp>

<comp id="2789" class="1005" name="conv_layer_signed_char_signed_char_int_int_int_int_signed_char_signed_char_tile_out_121_reg_2789">
<pin_list>
<pin id="2790" dir="0" index="0" bw="7" slack="48"/>
<pin id="2791" dir="1" index="1" bw="7" slack="48"/>
</pin_list>
<bind>
<opset="conv_layer_signed_char_signed_char_int_int_int_int_signed_char_signed_char_tile_out_121 "/>
</bind>
</comp>

<comp id="2794" class="1005" name="conv_layer_signed_char_signed_char_int_int_int_int_signed_char_signed_char_tile_out_122_reg_2794">
<pin_list>
<pin id="2795" dir="0" index="0" bw="7" slack="49"/>
<pin id="2796" dir="1" index="1" bw="7" slack="49"/>
</pin_list>
<bind>
<opset="conv_layer_signed_char_signed_char_int_int_int_int_signed_char_signed_char_tile_out_122 "/>
</bind>
</comp>

<comp id="2799" class="1005" name="p_ZZ10conv_layerPaS_iiiiS_S_E8tile_out_46_load_reg_2799">
<pin_list>
<pin id="2800" dir="0" index="0" bw="7" slack="50"/>
<pin id="2801" dir="1" index="1" bw="7" slack="50"/>
</pin_list>
<bind>
<opset="p_ZZ10conv_layerPaS_iiiiS_S_E8tile_out_46_load "/>
</bind>
</comp>

<comp id="2804" class="1005" name="p_ZZ10conv_layerPaS_iiiiS_S_E8tile_out_47_load_reg_2804">
<pin_list>
<pin id="2805" dir="0" index="0" bw="7" slack="51"/>
<pin id="2806" dir="1" index="1" bw="7" slack="51"/>
</pin_list>
<bind>
<opset="p_ZZ10conv_layerPaS_iiiiS_S_E8tile_out_47_load "/>
</bind>
</comp>

<comp id="2809" class="1005" name="p_ZZ10conv_layerPaS_iiiiS_S_E8tile_out_48_load_reg_2809">
<pin_list>
<pin id="2810" dir="0" index="0" bw="7" slack="52"/>
<pin id="2811" dir="1" index="1" bw="7" slack="52"/>
</pin_list>
<bind>
<opset="p_ZZ10conv_layerPaS_iiiiS_S_E8tile_out_48_load "/>
</bind>
</comp>

<comp id="2814" class="1005" name="p_ZZ10conv_layerPaS_iiiiS_S_E8tile_out_49_load_reg_2814">
<pin_list>
<pin id="2815" dir="0" index="0" bw="7" slack="53"/>
<pin id="2816" dir="1" index="1" bw="7" slack="53"/>
</pin_list>
<bind>
<opset="p_ZZ10conv_layerPaS_iiiiS_S_E8tile_out_49_load "/>
</bind>
</comp>

<comp id="2819" class="1005" name="p_ZZ10conv_layerPaS_iiiiS_S_E8tile_out_50_load_reg_2819">
<pin_list>
<pin id="2820" dir="0" index="0" bw="7" slack="54"/>
<pin id="2821" dir="1" index="1" bw="7" slack="54"/>
</pin_list>
<bind>
<opset="p_ZZ10conv_layerPaS_iiiiS_S_E8tile_out_50_load "/>
</bind>
</comp>

<comp id="2824" class="1005" name="conv_layer_signed_char_signed_char_int_int_int_int_signed_char_signed_char_tile_out_123_reg_2824">
<pin_list>
<pin id="2825" dir="0" index="0" bw="7" slack="55"/>
<pin id="2826" dir="1" index="1" bw="7" slack="55"/>
</pin_list>
<bind>
<opset="conv_layer_signed_char_signed_char_int_int_int_int_signed_char_signed_char_tile_out_123 "/>
</bind>
</comp>

<comp id="2829" class="1005" name="conv_layer_signed_char_signed_char_int_int_int_int_signed_char_signed_char_tile_out_124_reg_2829">
<pin_list>
<pin id="2830" dir="0" index="0" bw="7" slack="56"/>
<pin id="2831" dir="1" index="1" bw="7" slack="56"/>
</pin_list>
<bind>
<opset="conv_layer_signed_char_signed_char_int_int_int_int_signed_char_signed_char_tile_out_124 "/>
</bind>
</comp>

<comp id="2834" class="1005" name="conv_layer_signed_char_signed_char_int_int_int_int_signed_char_signed_char_tile_out_125_reg_2834">
<pin_list>
<pin id="2835" dir="0" index="0" bw="7" slack="57"/>
<pin id="2836" dir="1" index="1" bw="7" slack="57"/>
</pin_list>
<bind>
<opset="conv_layer_signed_char_signed_char_int_int_int_int_signed_char_signed_char_tile_out_125 "/>
</bind>
</comp>

<comp id="2839" class="1005" name="conv_layer_signed_char_signed_char_int_int_int_int_signed_char_signed_char_tile_out_126_reg_2839">
<pin_list>
<pin id="2840" dir="0" index="0" bw="7" slack="58"/>
<pin id="2841" dir="1" index="1" bw="7" slack="58"/>
</pin_list>
<bind>
<opset="conv_layer_signed_char_signed_char_int_int_int_int_signed_char_signed_char_tile_out_126 "/>
</bind>
</comp>

<comp id="2844" class="1005" name="conv_layer_signed_char_signed_char_int_int_int_int_signed_char_signed_char_tile_out_127_reg_2844">
<pin_list>
<pin id="2845" dir="0" index="0" bw="7" slack="59"/>
<pin id="2846" dir="1" index="1" bw="7" slack="59"/>
</pin_list>
<bind>
<opset="conv_layer_signed_char_signed_char_int_int_int_int_signed_char_signed_char_tile_out_127 "/>
</bind>
</comp>

<comp id="2849" class="1005" name="p_ZZ10conv_layerPaS_iiiiS_S_E8tile_out_56_load_reg_2849">
<pin_list>
<pin id="2850" dir="0" index="0" bw="7" slack="60"/>
<pin id="2851" dir="1" index="1" bw="7" slack="60"/>
</pin_list>
<bind>
<opset="p_ZZ10conv_layerPaS_iiiiS_S_E8tile_out_56_load "/>
</bind>
</comp>

<comp id="2854" class="1005" name="p_ZZ10conv_layerPaS_iiiiS_S_E8tile_out_57_load_reg_2854">
<pin_list>
<pin id="2855" dir="0" index="0" bw="7" slack="61"/>
<pin id="2856" dir="1" index="1" bw="7" slack="61"/>
</pin_list>
<bind>
<opset="p_ZZ10conv_layerPaS_iiiiS_S_E8tile_out_57_load "/>
</bind>
</comp>

<comp id="2859" class="1005" name="p_ZZ10conv_layerPaS_iiiiS_S_E8tile_out_58_load_reg_2859">
<pin_list>
<pin id="2860" dir="0" index="0" bw="7" slack="62"/>
<pin id="2861" dir="1" index="1" bw="7" slack="62"/>
</pin_list>
<bind>
<opset="p_ZZ10conv_layerPaS_iiiiS_S_E8tile_out_58_load "/>
</bind>
</comp>

<comp id="2864" class="1005" name="p_ZZ10conv_layerPaS_iiiiS_S_E8tile_out_59_load_reg_2864">
<pin_list>
<pin id="2865" dir="0" index="0" bw="7" slack="63"/>
<pin id="2866" dir="1" index="1" bw="7" slack="63"/>
</pin_list>
<bind>
<opset="p_ZZ10conv_layerPaS_iiiiS_S_E8tile_out_59_load "/>
</bind>
</comp>

<comp id="2869" class="1005" name="p_ZZ10conv_layerPaS_iiiiS_S_E8tile_out_60_load_reg_2869">
<pin_list>
<pin id="2870" dir="0" index="0" bw="7" slack="64"/>
<pin id="2871" dir="1" index="1" bw="7" slack="64"/>
</pin_list>
<bind>
<opset="p_ZZ10conv_layerPaS_iiiiS_S_E8tile_out_60_load "/>
</bind>
</comp>

<comp id="2874" class="1005" name="tmp_reg_2874">
<pin_list>
<pin id="2875" dir="0" index="0" bw="36" slack="1"/>
<pin id="2876" dir="1" index="1" bw="36" slack="1"/>
</pin_list>
<bind>
<opset="tmp "/>
</bind>
</comp>

<comp id="2879" class="1005" name="gmem_addr_reg_2879">
<pin_list>
<pin id="2880" dir="0" index="0" bw="8" slack="1"/>
<pin id="2881" dir="1" index="1" bw="8" slack="1"/>
</pin_list>
<bind>
<opset="gmem_addr "/>
</bind>
</comp>

<comp id="2948" class="1005" name="conv_layer_signed_char_signed_char_int_int_int_int_signed_char_signed_char_tile_out_128_reg_2948">
<pin_list>
<pin id="2949" dir="0" index="0" bw="7" slack="1"/>
<pin id="2950" dir="1" index="1" bw="7" slack="1"/>
</pin_list>
<bind>
<opset="conv_layer_signed_char_signed_char_int_int_int_int_signed_char_signed_char_tile_out_128 "/>
</bind>
</comp>

<comp id="2953" class="1005" name="conv_layer_signed_char_signed_char_int_int_int_int_signed_char_signed_char_tile_out_129_reg_2953">
<pin_list>
<pin id="2954" dir="0" index="0" bw="7" slack="2"/>
<pin id="2955" dir="1" index="1" bw="7" slack="2"/>
</pin_list>
<bind>
<opset="conv_layer_signed_char_signed_char_int_int_int_int_signed_char_signed_char_tile_out_129 "/>
</bind>
</comp>

<comp id="2958" class="1005" name="conv_layer_signed_char_signed_char_int_int_int_int_signed_char_signed_char_tile_out_130_reg_2958">
<pin_list>
<pin id="2959" dir="0" index="0" bw="7" slack="3"/>
<pin id="2960" dir="1" index="1" bw="7" slack="3"/>
</pin_list>
<bind>
<opset="conv_layer_signed_char_signed_char_int_int_int_int_signed_char_signed_char_tile_out_130 "/>
</bind>
</comp>

</comp_list>

<net_list>
<net id="223"><net_src comp="144" pin="0"/><net_sink comp="220" pin=0"/></net>

<net id="227"><net_src comp="144" pin="0"/><net_sink comp="224" pin=0"/></net>

<net id="231"><net_src comp="144" pin="0"/><net_sink comp="228" pin=0"/></net>

<net id="236"><net_src comp="146" pin="0"/><net_sink comp="232" pin=0"/></net>

<net id="237"><net_src comp="12" pin="0"/><net_sink comp="232" pin=1"/></net>

<net id="242"><net_src comp="148" pin="0"/><net_sink comp="238" pin=0"/></net>

<net id="243"><net_src comp="10" pin="0"/><net_sink comp="238" pin=1"/></net>

<net id="248"><net_src comp="150" pin="0"/><net_sink comp="244" pin=0"/></net>

<net id="249"><net_src comp="8" pin="0"/><net_sink comp="244" pin=1"/></net>

<net id="254"><net_src comp="152" pin="0"/><net_sink comp="250" pin=0"/></net>

<net id="255"><net_src comp="6" pin="0"/><net_sink comp="250" pin=1"/></net>

<net id="260"><net_src comp="146" pin="0"/><net_sink comp="256" pin=0"/></net>

<net id="261"><net_src comp="4" pin="0"/><net_sink comp="256" pin=1"/></net>

<net id="266"><net_src comp="146" pin="0"/><net_sink comp="262" pin=0"/></net>

<net id="267"><net_src comp="2" pin="0"/><net_sink comp="262" pin=1"/></net>

<net id="272"><net_src comp="146" pin="0"/><net_sink comp="268" pin=0"/></net>

<net id="273"><net_src comp="0" pin="0"/><net_sink comp="268" pin=1"/></net>

<net id="279"><net_src comp="210" pin="0"/><net_sink comp="274" pin=0"/></net>

<net id="280"><net_src comp="212" pin="0"/><net_sink comp="274" pin=2"/></net>

<net id="287"><net_src comp="214" pin="0"/><net_sink comp="281" pin=0"/></net>

<net id="288"><net_src comp="216" pin="0"/><net_sink comp="281" pin=3"/></net>

<net id="295"><net_src comp="214" pin="0"/><net_sink comp="289" pin=0"/></net>

<net id="296"><net_src comp="216" pin="0"/><net_sink comp="289" pin=3"/></net>

<net id="303"><net_src comp="214" pin="0"/><net_sink comp="297" pin=0"/></net>

<net id="304"><net_src comp="216" pin="0"/><net_sink comp="297" pin=3"/></net>

<net id="311"><net_src comp="214" pin="0"/><net_sink comp="305" pin=0"/></net>

<net id="312"><net_src comp="216" pin="0"/><net_sink comp="305" pin=3"/></net>

<net id="319"><net_src comp="214" pin="0"/><net_sink comp="313" pin=0"/></net>

<net id="320"><net_src comp="216" pin="0"/><net_sink comp="313" pin=3"/></net>

<net id="327"><net_src comp="214" pin="0"/><net_sink comp="321" pin=0"/></net>

<net id="328"><net_src comp="216" pin="0"/><net_sink comp="321" pin=3"/></net>

<net id="335"><net_src comp="214" pin="0"/><net_sink comp="329" pin=0"/></net>

<net id="336"><net_src comp="216" pin="0"/><net_sink comp="329" pin=3"/></net>

<net id="343"><net_src comp="214" pin="0"/><net_sink comp="337" pin=0"/></net>

<net id="344"><net_src comp="216" pin="0"/><net_sink comp="337" pin=3"/></net>

<net id="351"><net_src comp="214" pin="0"/><net_sink comp="345" pin=0"/></net>

<net id="352"><net_src comp="216" pin="0"/><net_sink comp="345" pin=3"/></net>

<net id="359"><net_src comp="214" pin="0"/><net_sink comp="353" pin=0"/></net>

<net id="360"><net_src comp="216" pin="0"/><net_sink comp="353" pin=3"/></net>

<net id="367"><net_src comp="214" pin="0"/><net_sink comp="361" pin=0"/></net>

<net id="368"><net_src comp="216" pin="0"/><net_sink comp="361" pin=3"/></net>

<net id="375"><net_src comp="214" pin="0"/><net_sink comp="369" pin=0"/></net>

<net id="376"><net_src comp="216" pin="0"/><net_sink comp="369" pin=3"/></net>

<net id="383"><net_src comp="214" pin="0"/><net_sink comp="377" pin=0"/></net>

<net id="384"><net_src comp="216" pin="0"/><net_sink comp="377" pin=3"/></net>

<net id="391"><net_src comp="214" pin="0"/><net_sink comp="385" pin=0"/></net>

<net id="392"><net_src comp="216" pin="0"/><net_sink comp="385" pin=3"/></net>

<net id="399"><net_src comp="214" pin="0"/><net_sink comp="393" pin=0"/></net>

<net id="400"><net_src comp="216" pin="0"/><net_sink comp="393" pin=3"/></net>

<net id="407"><net_src comp="214" pin="0"/><net_sink comp="401" pin=0"/></net>

<net id="408"><net_src comp="216" pin="0"/><net_sink comp="401" pin=3"/></net>

<net id="415"><net_src comp="214" pin="0"/><net_sink comp="409" pin=0"/></net>

<net id="416"><net_src comp="216" pin="0"/><net_sink comp="409" pin=3"/></net>

<net id="423"><net_src comp="214" pin="0"/><net_sink comp="417" pin=0"/></net>

<net id="424"><net_src comp="216" pin="0"/><net_sink comp="417" pin=3"/></net>

<net id="431"><net_src comp="214" pin="0"/><net_sink comp="425" pin=0"/></net>

<net id="432"><net_src comp="216" pin="0"/><net_sink comp="425" pin=3"/></net>

<net id="439"><net_src comp="214" pin="0"/><net_sink comp="433" pin=0"/></net>

<net id="440"><net_src comp="216" pin="0"/><net_sink comp="433" pin=3"/></net>

<net id="447"><net_src comp="214" pin="0"/><net_sink comp="441" pin=0"/></net>

<net id="448"><net_src comp="216" pin="0"/><net_sink comp="441" pin=3"/></net>

<net id="455"><net_src comp="214" pin="0"/><net_sink comp="449" pin=0"/></net>

<net id="456"><net_src comp="216" pin="0"/><net_sink comp="449" pin=3"/></net>

<net id="463"><net_src comp="214" pin="0"/><net_sink comp="457" pin=0"/></net>

<net id="464"><net_src comp="216" pin="0"/><net_sink comp="457" pin=3"/></net>

<net id="471"><net_src comp="214" pin="0"/><net_sink comp="465" pin=0"/></net>

<net id="472"><net_src comp="216" pin="0"/><net_sink comp="465" pin=3"/></net>

<net id="479"><net_src comp="214" pin="0"/><net_sink comp="473" pin=0"/></net>

<net id="480"><net_src comp="216" pin="0"/><net_sink comp="473" pin=3"/></net>

<net id="487"><net_src comp="214" pin="0"/><net_sink comp="481" pin=0"/></net>

<net id="488"><net_src comp="216" pin="0"/><net_sink comp="481" pin=3"/></net>

<net id="495"><net_src comp="214" pin="0"/><net_sink comp="489" pin=0"/></net>

<net id="496"><net_src comp="216" pin="0"/><net_sink comp="489" pin=3"/></net>

<net id="503"><net_src comp="214" pin="0"/><net_sink comp="497" pin=0"/></net>

<net id="504"><net_src comp="216" pin="0"/><net_sink comp="497" pin=3"/></net>

<net id="511"><net_src comp="214" pin="0"/><net_sink comp="505" pin=0"/></net>

<net id="512"><net_src comp="216" pin="0"/><net_sink comp="505" pin=3"/></net>

<net id="519"><net_src comp="214" pin="0"/><net_sink comp="513" pin=0"/></net>

<net id="520"><net_src comp="216" pin="0"/><net_sink comp="513" pin=3"/></net>

<net id="527"><net_src comp="214" pin="0"/><net_sink comp="521" pin=0"/></net>

<net id="528"><net_src comp="216" pin="0"/><net_sink comp="521" pin=3"/></net>

<net id="535"><net_src comp="214" pin="0"/><net_sink comp="529" pin=0"/></net>

<net id="536"><net_src comp="216" pin="0"/><net_sink comp="529" pin=3"/></net>

<net id="543"><net_src comp="214" pin="0"/><net_sink comp="537" pin=0"/></net>

<net id="544"><net_src comp="216" pin="0"/><net_sink comp="537" pin=3"/></net>

<net id="551"><net_src comp="214" pin="0"/><net_sink comp="545" pin=0"/></net>

<net id="552"><net_src comp="216" pin="0"/><net_sink comp="545" pin=3"/></net>

<net id="559"><net_src comp="214" pin="0"/><net_sink comp="553" pin=0"/></net>

<net id="560"><net_src comp="216" pin="0"/><net_sink comp="553" pin=3"/></net>

<net id="567"><net_src comp="214" pin="0"/><net_sink comp="561" pin=0"/></net>

<net id="568"><net_src comp="216" pin="0"/><net_sink comp="561" pin=3"/></net>

<net id="575"><net_src comp="214" pin="0"/><net_sink comp="569" pin=0"/></net>

<net id="576"><net_src comp="216" pin="0"/><net_sink comp="569" pin=3"/></net>

<net id="583"><net_src comp="214" pin="0"/><net_sink comp="577" pin=0"/></net>

<net id="584"><net_src comp="216" pin="0"/><net_sink comp="577" pin=3"/></net>

<net id="591"><net_src comp="214" pin="0"/><net_sink comp="585" pin=0"/></net>

<net id="592"><net_src comp="216" pin="0"/><net_sink comp="585" pin=3"/></net>

<net id="599"><net_src comp="214" pin="0"/><net_sink comp="593" pin=0"/></net>

<net id="600"><net_src comp="216" pin="0"/><net_sink comp="593" pin=3"/></net>

<net id="607"><net_src comp="214" pin="0"/><net_sink comp="601" pin=0"/></net>

<net id="608"><net_src comp="216" pin="0"/><net_sink comp="601" pin=3"/></net>

<net id="615"><net_src comp="214" pin="0"/><net_sink comp="609" pin=0"/></net>

<net id="616"><net_src comp="216" pin="0"/><net_sink comp="609" pin=3"/></net>

<net id="623"><net_src comp="214" pin="0"/><net_sink comp="617" pin=0"/></net>

<net id="624"><net_src comp="216" pin="0"/><net_sink comp="617" pin=3"/></net>

<net id="631"><net_src comp="214" pin="0"/><net_sink comp="625" pin=0"/></net>

<net id="632"><net_src comp="216" pin="0"/><net_sink comp="625" pin=3"/></net>

<net id="639"><net_src comp="214" pin="0"/><net_sink comp="633" pin=0"/></net>

<net id="640"><net_src comp="216" pin="0"/><net_sink comp="633" pin=3"/></net>

<net id="647"><net_src comp="214" pin="0"/><net_sink comp="641" pin=0"/></net>

<net id="648"><net_src comp="216" pin="0"/><net_sink comp="641" pin=3"/></net>

<net id="655"><net_src comp="214" pin="0"/><net_sink comp="649" pin=0"/></net>

<net id="656"><net_src comp="216" pin="0"/><net_sink comp="649" pin=3"/></net>

<net id="663"><net_src comp="214" pin="0"/><net_sink comp="657" pin=0"/></net>

<net id="664"><net_src comp="216" pin="0"/><net_sink comp="657" pin=3"/></net>

<net id="671"><net_src comp="214" pin="0"/><net_sink comp="665" pin=0"/></net>

<net id="672"><net_src comp="216" pin="0"/><net_sink comp="665" pin=3"/></net>

<net id="679"><net_src comp="214" pin="0"/><net_sink comp="673" pin=0"/></net>

<net id="680"><net_src comp="216" pin="0"/><net_sink comp="673" pin=3"/></net>

<net id="687"><net_src comp="214" pin="0"/><net_sink comp="681" pin=0"/></net>

<net id="688"><net_src comp="216" pin="0"/><net_sink comp="681" pin=3"/></net>

<net id="695"><net_src comp="214" pin="0"/><net_sink comp="689" pin=0"/></net>

<net id="696"><net_src comp="216" pin="0"/><net_sink comp="689" pin=3"/></net>

<net id="703"><net_src comp="214" pin="0"/><net_sink comp="697" pin=0"/></net>

<net id="704"><net_src comp="216" pin="0"/><net_sink comp="697" pin=3"/></net>

<net id="711"><net_src comp="214" pin="0"/><net_sink comp="705" pin=0"/></net>

<net id="712"><net_src comp="216" pin="0"/><net_sink comp="705" pin=3"/></net>

<net id="719"><net_src comp="214" pin="0"/><net_sink comp="713" pin=0"/></net>

<net id="720"><net_src comp="216" pin="0"/><net_sink comp="713" pin=3"/></net>

<net id="727"><net_src comp="214" pin="0"/><net_sink comp="721" pin=0"/></net>

<net id="728"><net_src comp="216" pin="0"/><net_sink comp="721" pin=3"/></net>

<net id="735"><net_src comp="214" pin="0"/><net_sink comp="729" pin=0"/></net>

<net id="736"><net_src comp="216" pin="0"/><net_sink comp="729" pin=3"/></net>

<net id="743"><net_src comp="214" pin="0"/><net_sink comp="737" pin=0"/></net>

<net id="744"><net_src comp="216" pin="0"/><net_sink comp="737" pin=3"/></net>

<net id="751"><net_src comp="214" pin="0"/><net_sink comp="745" pin=0"/></net>

<net id="752"><net_src comp="216" pin="0"/><net_sink comp="745" pin=3"/></net>

<net id="759"><net_src comp="214" pin="0"/><net_sink comp="753" pin=0"/></net>

<net id="760"><net_src comp="216" pin="0"/><net_sink comp="753" pin=3"/></net>

<net id="767"><net_src comp="214" pin="0"/><net_sink comp="761" pin=0"/></net>

<net id="768"><net_src comp="216" pin="0"/><net_sink comp="761" pin=3"/></net>

<net id="775"><net_src comp="214" pin="0"/><net_sink comp="769" pin=0"/></net>

<net id="776"><net_src comp="216" pin="0"/><net_sink comp="769" pin=3"/></net>

<net id="783"><net_src comp="214" pin="0"/><net_sink comp="777" pin=0"/></net>

<net id="784"><net_src comp="216" pin="0"/><net_sink comp="777" pin=3"/></net>

<net id="791"><net_src comp="214" pin="0"/><net_sink comp="785" pin=0"/></net>

<net id="792"><net_src comp="216" pin="0"/><net_sink comp="785" pin=3"/></net>

<net id="793"><net_src comp="218" pin="0"/><net_sink comp="274" pin=0"/></net>

<net id="799"><net_src comp="36" pin="0"/><net_sink comp="794" pin=0"/></net>

<net id="800"><net_src comp="194" pin="0"/><net_sink comp="794" pin=1"/></net>

<net id="806"><net_src comp="38" pin="0"/><net_sink comp="801" pin=0"/></net>

<net id="807"><net_src comp="194" pin="0"/><net_sink comp="801" pin=1"/></net>

<net id="813"><net_src comp="40" pin="0"/><net_sink comp="808" pin=0"/></net>

<net id="814"><net_src comp="194" pin="0"/><net_sink comp="808" pin=1"/></net>

<net id="820"><net_src comp="42" pin="0"/><net_sink comp="815" pin=0"/></net>

<net id="821"><net_src comp="194" pin="0"/><net_sink comp="815" pin=1"/></net>

<net id="827"><net_src comp="44" pin="0"/><net_sink comp="822" pin=0"/></net>

<net id="828"><net_src comp="194" pin="0"/><net_sink comp="822" pin=1"/></net>

<net id="834"><net_src comp="46" pin="0"/><net_sink comp="829" pin=0"/></net>

<net id="835"><net_src comp="194" pin="0"/><net_sink comp="829" pin=1"/></net>

<net id="841"><net_src comp="48" pin="0"/><net_sink comp="836" pin=0"/></net>

<net id="842"><net_src comp="194" pin="0"/><net_sink comp="836" pin=1"/></net>

<net id="848"><net_src comp="50" pin="0"/><net_sink comp="843" pin=0"/></net>

<net id="849"><net_src comp="194" pin="0"/><net_sink comp="843" pin=1"/></net>

<net id="855"><net_src comp="52" pin="0"/><net_sink comp="850" pin=0"/></net>

<net id="856"><net_src comp="194" pin="0"/><net_sink comp="850" pin=1"/></net>

<net id="862"><net_src comp="54" pin="0"/><net_sink comp="857" pin=0"/></net>

<net id="863"><net_src comp="194" pin="0"/><net_sink comp="857" pin=1"/></net>

<net id="869"><net_src comp="56" pin="0"/><net_sink comp="864" pin=0"/></net>

<net id="870"><net_src comp="194" pin="0"/><net_sink comp="864" pin=1"/></net>

<net id="876"><net_src comp="58" pin="0"/><net_sink comp="871" pin=0"/></net>

<net id="877"><net_src comp="194" pin="0"/><net_sink comp="871" pin=1"/></net>

<net id="883"><net_src comp="60" pin="0"/><net_sink comp="878" pin=0"/></net>

<net id="884"><net_src comp="194" pin="0"/><net_sink comp="878" pin=1"/></net>

<net id="890"><net_src comp="62" pin="0"/><net_sink comp="885" pin=0"/></net>

<net id="891"><net_src comp="194" pin="0"/><net_sink comp="885" pin=1"/></net>

<net id="897"><net_src comp="64" pin="0"/><net_sink comp="892" pin=0"/></net>

<net id="898"><net_src comp="194" pin="0"/><net_sink comp="892" pin=1"/></net>

<net id="904"><net_src comp="66" pin="0"/><net_sink comp="899" pin=0"/></net>

<net id="905"><net_src comp="194" pin="0"/><net_sink comp="899" pin=1"/></net>

<net id="911"><net_src comp="68" pin="0"/><net_sink comp="906" pin=0"/></net>

<net id="912"><net_src comp="194" pin="0"/><net_sink comp="906" pin=1"/></net>

<net id="918"><net_src comp="70" pin="0"/><net_sink comp="913" pin=0"/></net>

<net id="919"><net_src comp="194" pin="0"/><net_sink comp="913" pin=1"/></net>

<net id="925"><net_src comp="72" pin="0"/><net_sink comp="920" pin=0"/></net>

<net id="926"><net_src comp="194" pin="0"/><net_sink comp="920" pin=1"/></net>

<net id="932"><net_src comp="74" pin="0"/><net_sink comp="927" pin=0"/></net>

<net id="933"><net_src comp="194" pin="0"/><net_sink comp="927" pin=1"/></net>

<net id="939"><net_src comp="76" pin="0"/><net_sink comp="934" pin=0"/></net>

<net id="940"><net_src comp="194" pin="0"/><net_sink comp="934" pin=1"/></net>

<net id="946"><net_src comp="78" pin="0"/><net_sink comp="941" pin=0"/></net>

<net id="947"><net_src comp="194" pin="0"/><net_sink comp="941" pin=1"/></net>

<net id="953"><net_src comp="80" pin="0"/><net_sink comp="948" pin=0"/></net>

<net id="954"><net_src comp="194" pin="0"/><net_sink comp="948" pin=1"/></net>

<net id="960"><net_src comp="82" pin="0"/><net_sink comp="955" pin=0"/></net>

<net id="961"><net_src comp="194" pin="0"/><net_sink comp="955" pin=1"/></net>

<net id="967"><net_src comp="84" pin="0"/><net_sink comp="962" pin=0"/></net>

<net id="968"><net_src comp="194" pin="0"/><net_sink comp="962" pin=1"/></net>

<net id="974"><net_src comp="86" pin="0"/><net_sink comp="969" pin=0"/></net>

<net id="975"><net_src comp="194" pin="0"/><net_sink comp="969" pin=1"/></net>

<net id="981"><net_src comp="88" pin="0"/><net_sink comp="976" pin=0"/></net>

<net id="982"><net_src comp="194" pin="0"/><net_sink comp="976" pin=1"/></net>

<net id="988"><net_src comp="90" pin="0"/><net_sink comp="983" pin=0"/></net>

<net id="989"><net_src comp="194" pin="0"/><net_sink comp="983" pin=1"/></net>

<net id="995"><net_src comp="92" pin="0"/><net_sink comp="990" pin=0"/></net>

<net id="996"><net_src comp="194" pin="0"/><net_sink comp="990" pin=1"/></net>

<net id="1002"><net_src comp="94" pin="0"/><net_sink comp="997" pin=0"/></net>

<net id="1003"><net_src comp="194" pin="0"/><net_sink comp="997" pin=1"/></net>

<net id="1009"><net_src comp="96" pin="0"/><net_sink comp="1004" pin=0"/></net>

<net id="1010"><net_src comp="194" pin="0"/><net_sink comp="1004" pin=1"/></net>

<net id="1016"><net_src comp="98" pin="0"/><net_sink comp="1011" pin=0"/></net>

<net id="1017"><net_src comp="194" pin="0"/><net_sink comp="1011" pin=1"/></net>

<net id="1023"><net_src comp="100" pin="0"/><net_sink comp="1018" pin=0"/></net>

<net id="1024"><net_src comp="194" pin="0"/><net_sink comp="1018" pin=1"/></net>

<net id="1030"><net_src comp="102" pin="0"/><net_sink comp="1025" pin=0"/></net>

<net id="1031"><net_src comp="194" pin="0"/><net_sink comp="1025" pin=1"/></net>

<net id="1037"><net_src comp="104" pin="0"/><net_sink comp="1032" pin=0"/></net>

<net id="1038"><net_src comp="194" pin="0"/><net_sink comp="1032" pin=1"/></net>

<net id="1044"><net_src comp="106" pin="0"/><net_sink comp="1039" pin=0"/></net>

<net id="1045"><net_src comp="194" pin="0"/><net_sink comp="1039" pin=1"/></net>

<net id="1051"><net_src comp="108" pin="0"/><net_sink comp="1046" pin=0"/></net>

<net id="1052"><net_src comp="194" pin="0"/><net_sink comp="1046" pin=1"/></net>

<net id="1058"><net_src comp="110" pin="0"/><net_sink comp="1053" pin=0"/></net>

<net id="1059"><net_src comp="194" pin="0"/><net_sink comp="1053" pin=1"/></net>

<net id="1065"><net_src comp="112" pin="0"/><net_sink comp="1060" pin=0"/></net>

<net id="1066"><net_src comp="194" pin="0"/><net_sink comp="1060" pin=1"/></net>

<net id="1072"><net_src comp="114" pin="0"/><net_sink comp="1067" pin=0"/></net>

<net id="1073"><net_src comp="194" pin="0"/><net_sink comp="1067" pin=1"/></net>

<net id="1079"><net_src comp="116" pin="0"/><net_sink comp="1074" pin=0"/></net>

<net id="1080"><net_src comp="194" pin="0"/><net_sink comp="1074" pin=1"/></net>

<net id="1086"><net_src comp="118" pin="0"/><net_sink comp="1081" pin=0"/></net>

<net id="1087"><net_src comp="194" pin="0"/><net_sink comp="1081" pin=1"/></net>

<net id="1093"><net_src comp="120" pin="0"/><net_sink comp="1088" pin=0"/></net>

<net id="1094"><net_src comp="194" pin="0"/><net_sink comp="1088" pin=1"/></net>

<net id="1100"><net_src comp="122" pin="0"/><net_sink comp="1095" pin=0"/></net>

<net id="1101"><net_src comp="194" pin="0"/><net_sink comp="1095" pin=1"/></net>

<net id="1107"><net_src comp="124" pin="0"/><net_sink comp="1102" pin=0"/></net>

<net id="1108"><net_src comp="194" pin="0"/><net_sink comp="1102" pin=1"/></net>

<net id="1114"><net_src comp="126" pin="0"/><net_sink comp="1109" pin=0"/></net>

<net id="1115"><net_src comp="194" pin="0"/><net_sink comp="1109" pin=1"/></net>

<net id="1121"><net_src comp="128" pin="0"/><net_sink comp="1116" pin=0"/></net>

<net id="1122"><net_src comp="194" pin="0"/><net_sink comp="1116" pin=1"/></net>

<net id="1128"><net_src comp="130" pin="0"/><net_sink comp="1123" pin=0"/></net>

<net id="1129"><net_src comp="194" pin="0"/><net_sink comp="1123" pin=1"/></net>

<net id="1135"><net_src comp="132" pin="0"/><net_sink comp="1130" pin=0"/></net>

<net id="1136"><net_src comp="194" pin="0"/><net_sink comp="1130" pin=1"/></net>

<net id="1142"><net_src comp="134" pin="0"/><net_sink comp="1137" pin=0"/></net>

<net id="1143"><net_src comp="194" pin="0"/><net_sink comp="1137" pin=1"/></net>

<net id="1149"><net_src comp="136" pin="0"/><net_sink comp="1144" pin=0"/></net>

<net id="1150"><net_src comp="194" pin="0"/><net_sink comp="1144" pin=1"/></net>

<net id="1156"><net_src comp="138" pin="0"/><net_sink comp="1151" pin=0"/></net>

<net id="1157"><net_src comp="194" pin="0"/><net_sink comp="1151" pin=1"/></net>

<net id="1163"><net_src comp="140" pin="0"/><net_sink comp="1158" pin=0"/></net>

<net id="1164"><net_src comp="194" pin="0"/><net_sink comp="1158" pin=1"/></net>

<net id="1170"><net_src comp="142" pin="0"/><net_sink comp="1165" pin=0"/></net>

<net id="1171"><net_src comp="194" pin="0"/><net_sink comp="1165" pin=1"/></net>

<net id="1177"><net_src comp="16" pin="0"/><net_sink comp="1172" pin=0"/></net>

<net id="1178"><net_src comp="194" pin="0"/><net_sink comp="1172" pin=1"/></net>

<net id="1184"><net_src comp="32" pin="0"/><net_sink comp="1179" pin=0"/></net>

<net id="1185"><net_src comp="194" pin="0"/><net_sink comp="1179" pin=1"/></net>

<net id="1191"><net_src comp="34" pin="0"/><net_sink comp="1186" pin=0"/></net>

<net id="1192"><net_src comp="194" pin="0"/><net_sink comp="1186" pin=1"/></net>

<net id="1198"><net_src comp="18" pin="0"/><net_sink comp="1193" pin=0"/></net>

<net id="1199"><net_src comp="194" pin="0"/><net_sink comp="1193" pin=1"/></net>

<net id="1205"><net_src comp="20" pin="0"/><net_sink comp="1200" pin=0"/></net>

<net id="1206"><net_src comp="194" pin="0"/><net_sink comp="1200" pin=1"/></net>

<net id="1212"><net_src comp="22" pin="0"/><net_sink comp="1207" pin=0"/></net>

<net id="1213"><net_src comp="194" pin="0"/><net_sink comp="1207" pin=1"/></net>

<net id="1219"><net_src comp="24" pin="0"/><net_sink comp="1214" pin=0"/></net>

<net id="1220"><net_src comp="194" pin="0"/><net_sink comp="1214" pin=1"/></net>

<net id="1226"><net_src comp="26" pin="0"/><net_sink comp="1221" pin=0"/></net>

<net id="1227"><net_src comp="194" pin="0"/><net_sink comp="1221" pin=1"/></net>

<net id="1233"><net_src comp="28" pin="0"/><net_sink comp="1228" pin=0"/></net>

<net id="1234"><net_src comp="194" pin="0"/><net_sink comp="1228" pin=1"/></net>

<net id="1240"><net_src comp="30" pin="0"/><net_sink comp="1235" pin=0"/></net>

<net id="1241"><net_src comp="194" pin="0"/><net_sink comp="1235" pin=1"/></net>

<net id="1247"><net_src comp="1172" pin="3"/><net_sink comp="1242" pin=0"/></net>

<net id="1253"><net_src comp="1193" pin="3"/><net_sink comp="1248" pin=0"/></net>

<net id="1259"><net_src comp="1200" pin="3"/><net_sink comp="1254" pin=0"/></net>

<net id="1265"><net_src comp="1207" pin="3"/><net_sink comp="1260" pin=0"/></net>

<net id="1271"><net_src comp="1214" pin="3"/><net_sink comp="1266" pin=0"/></net>

<net id="1277"><net_src comp="1221" pin="3"/><net_sink comp="1272" pin=0"/></net>

<net id="1283"><net_src comp="1228" pin="3"/><net_sink comp="1278" pin=0"/></net>

<net id="1289"><net_src comp="1235" pin="3"/><net_sink comp="1284" pin=0"/></net>

<net id="1295"><net_src comp="1179" pin="3"/><net_sink comp="1290" pin=0"/></net>

<net id="1301"><net_src comp="1186" pin="3"/><net_sink comp="1296" pin=0"/></net>

<net id="1307"><net_src comp="794" pin="3"/><net_sink comp="1302" pin=0"/></net>

<net id="1313"><net_src comp="801" pin="3"/><net_sink comp="1308" pin=0"/></net>

<net id="1319"><net_src comp="808" pin="3"/><net_sink comp="1314" pin=0"/></net>

<net id="1325"><net_src comp="815" pin="3"/><net_sink comp="1320" pin=0"/></net>

<net id="1331"><net_src comp="822" pin="3"/><net_sink comp="1326" pin=0"/></net>

<net id="1337"><net_src comp="829" pin="3"/><net_sink comp="1332" pin=0"/></net>

<net id="1343"><net_src comp="836" pin="3"/><net_sink comp="1338" pin=0"/></net>

<net id="1349"><net_src comp="843" pin="3"/><net_sink comp="1344" pin=0"/></net>

<net id="1355"><net_src comp="850" pin="3"/><net_sink comp="1350" pin=0"/></net>

<net id="1361"><net_src comp="857" pin="3"/><net_sink comp="1356" pin=0"/></net>

<net id="1367"><net_src comp="864" pin="3"/><net_sink comp="1362" pin=0"/></net>

<net id="1373"><net_src comp="871" pin="3"/><net_sink comp="1368" pin=0"/></net>

<net id="1379"><net_src comp="878" pin="3"/><net_sink comp="1374" pin=0"/></net>

<net id="1385"><net_src comp="885" pin="3"/><net_sink comp="1380" pin=0"/></net>

<net id="1391"><net_src comp="892" pin="3"/><net_sink comp="1386" pin=0"/></net>

<net id="1397"><net_src comp="899" pin="3"/><net_sink comp="1392" pin=0"/></net>

<net id="1403"><net_src comp="906" pin="3"/><net_sink comp="1398" pin=0"/></net>

<net id="1409"><net_src comp="913" pin="3"/><net_sink comp="1404" pin=0"/></net>

<net id="1415"><net_src comp="920" pin="3"/><net_sink comp="1410" pin=0"/></net>

<net id="1421"><net_src comp="927" pin="3"/><net_sink comp="1416" pin=0"/></net>

<net id="1427"><net_src comp="934" pin="3"/><net_sink comp="1422" pin=0"/></net>

<net id="1433"><net_src comp="941" pin="3"/><net_sink comp="1428" pin=0"/></net>

<net id="1439"><net_src comp="948" pin="3"/><net_sink comp="1434" pin=0"/></net>

<net id="1445"><net_src comp="955" pin="3"/><net_sink comp="1440" pin=0"/></net>

<net id="1451"><net_src comp="962" pin="3"/><net_sink comp="1446" pin=0"/></net>

<net id="1457"><net_src comp="969" pin="3"/><net_sink comp="1452" pin=0"/></net>

<net id="1463"><net_src comp="976" pin="3"/><net_sink comp="1458" pin=0"/></net>

<net id="1469"><net_src comp="983" pin="3"/><net_sink comp="1464" pin=0"/></net>

<net id="1475"><net_src comp="990" pin="3"/><net_sink comp="1470" pin=0"/></net>

<net id="1481"><net_src comp="997" pin="3"/><net_sink comp="1476" pin=0"/></net>

<net id="1487"><net_src comp="1004" pin="3"/><net_sink comp="1482" pin=0"/></net>

<net id="1493"><net_src comp="1011" pin="3"/><net_sink comp="1488" pin=0"/></net>

<net id="1499"><net_src comp="1018" pin="3"/><net_sink comp="1494" pin=0"/></net>

<net id="1505"><net_src comp="1025" pin="3"/><net_sink comp="1500" pin=0"/></net>

<net id="1511"><net_src comp="1032" pin="3"/><net_sink comp="1506" pin=0"/></net>

<net id="1517"><net_src comp="1039" pin="3"/><net_sink comp="1512" pin=0"/></net>

<net id="1523"><net_src comp="1046" pin="3"/><net_sink comp="1518" pin=0"/></net>

<net id="1529"><net_src comp="1053" pin="3"/><net_sink comp="1524" pin=0"/></net>

<net id="1535"><net_src comp="1060" pin="3"/><net_sink comp="1530" pin=0"/></net>

<net id="1541"><net_src comp="1067" pin="3"/><net_sink comp="1536" pin=0"/></net>

<net id="1547"><net_src comp="1074" pin="3"/><net_sink comp="1542" pin=0"/></net>

<net id="1553"><net_src comp="1081" pin="3"/><net_sink comp="1548" pin=0"/></net>

<net id="1559"><net_src comp="1088" pin="3"/><net_sink comp="1554" pin=0"/></net>

<net id="1565"><net_src comp="1095" pin="3"/><net_sink comp="1560" pin=0"/></net>

<net id="1571"><net_src comp="1102" pin="3"/><net_sink comp="1566" pin=0"/></net>

<net id="1577"><net_src comp="1109" pin="3"/><net_sink comp="1572" pin=0"/></net>

<net id="1583"><net_src comp="1116" pin="3"/><net_sink comp="1578" pin=0"/></net>

<net id="1589"><net_src comp="1123" pin="3"/><net_sink comp="1584" pin=0"/></net>

<net id="1595"><net_src comp="1130" pin="3"/><net_sink comp="1590" pin=0"/></net>

<net id="1601"><net_src comp="1137" pin="3"/><net_sink comp="1596" pin=0"/></net>

<net id="1607"><net_src comp="1144" pin="3"/><net_sink comp="1602" pin=0"/></net>

<net id="1630"><net_src comp="232" pin="2"/><net_sink comp="1627" pin=0"/></net>

<net id="1634"><net_src comp="250" pin="2"/><net_sink comp="1631" pin=0"/></net>

<net id="1638"><net_src comp="256" pin="2"/><net_sink comp="1635" pin=0"/></net>

<net id="1642"><net_src comp="262" pin="2"/><net_sink comp="1639" pin=0"/></net>

<net id="1646"><net_src comp="268" pin="2"/><net_sink comp="1643" pin=0"/></net>

<net id="1651"><net_src comp="178" pin="0"/><net_sink comp="1647" pin=0"/></net>

<net id="1656"><net_src comp="180" pin="0"/><net_sink comp="1652" pin=0"/></net>

<net id="1661"><net_src comp="180" pin="0"/><net_sink comp="1657" pin=0"/></net>

<net id="1669"><net_src comp="1662" pin="1"/><net_sink comp="1665" pin=0"/></net>

<net id="1670"><net_src comp="182" pin="0"/><net_sink comp="1665" pin=1"/></net>

<net id="1675"><net_src comp="1662" pin="1"/><net_sink comp="1671" pin=0"/></net>

<net id="1676"><net_src comp="184" pin="0"/><net_sink comp="1671" pin=1"/></net>

<net id="1687"><net_src comp="1680" pin="1"/><net_sink comp="1683" pin=0"/></net>

<net id="1688"><net_src comp="186" pin="0"/><net_sink comp="1683" pin=1"/></net>

<net id="1693"><net_src comp="1677" pin="1"/><net_sink comp="1689" pin=0"/></net>

<net id="1694"><net_src comp="188" pin="0"/><net_sink comp="1689" pin=1"/></net>

<net id="1700"><net_src comp="1689" pin="2"/><net_sink comp="1695" pin=0"/></net>

<net id="1701"><net_src comp="180" pin="0"/><net_sink comp="1695" pin=1"/></net>

<net id="1702"><net_src comp="1677" pin="1"/><net_sink comp="1695" pin=2"/></net>

<net id="1708"><net_src comp="1689" pin="2"/><net_sink comp="1703" pin=0"/></net>

<net id="1709"><net_src comp="1683" pin="2"/><net_sink comp="1703" pin=1"/></net>

<net id="1710"><net_src comp="1680" pin="1"/><net_sink comp="1703" pin=2"/></net>

<net id="1714"><net_src comp="1703" pin="3"/><net_sink comp="1711" pin=0"/></net>

<net id="1719"><net_src comp="1631" pin="1"/><net_sink comp="1715" pin=0"/></net>

<net id="1720"><net_src comp="244" pin="2"/><net_sink comp="1715" pin=1"/></net>

<net id="1725"><net_src comp="1671" pin="2"/><net_sink comp="1721" pin=0"/></net>

<net id="1730"><net_src comp="1703" pin="3"/><net_sink comp="1726" pin=0"/></net>

<net id="1736"><net_src comp="190" pin="0"/><net_sink comp="1731" pin=0"/></net>

<net id="1737"><net_src comp="192" pin="0"/><net_sink comp="1731" pin=2"/></net>

<net id="1744"><net_src comp="1741" pin="1"/><net_sink comp="1623" pin=0"/></net>

<net id="1749"><net_src comp="1738" pin="1"/><net_sink comp="1745" pin=0"/></net>

<net id="1754"><net_src comp="1745" pin="2"/><net_sink comp="1750" pin=0"/></net>

<net id="1762"><net_src comp="1731" pin="3"/><net_sink comp="1758" pin=0"/></net>

<net id="1763"><net_src comp="1755" pin="1"/><net_sink comp="1758" pin=1"/></net>

<net id="1767"><net_src comp="1758" pin="2"/><net_sink comp="1764" pin=0"/></net>

<net id="1768"><net_src comp="1764" pin="1"/><net_sink comp="794" pin=2"/></net>

<net id="1769"><net_src comp="1764" pin="1"/><net_sink comp="801" pin=2"/></net>

<net id="1770"><net_src comp="1764" pin="1"/><net_sink comp="808" pin=2"/></net>

<net id="1771"><net_src comp="1764" pin="1"/><net_sink comp="815" pin=2"/></net>

<net id="1772"><net_src comp="1764" pin="1"/><net_sink comp="822" pin=2"/></net>

<net id="1773"><net_src comp="1764" pin="1"/><net_sink comp="829" pin=2"/></net>

<net id="1774"><net_src comp="1764" pin="1"/><net_sink comp="836" pin=2"/></net>

<net id="1775"><net_src comp="1764" pin="1"/><net_sink comp="843" pin=2"/></net>

<net id="1776"><net_src comp="1764" pin="1"/><net_sink comp="850" pin=2"/></net>

<net id="1777"><net_src comp="1764" pin="1"/><net_sink comp="857" pin=2"/></net>

<net id="1778"><net_src comp="1764" pin="1"/><net_sink comp="864" pin=2"/></net>

<net id="1779"><net_src comp="1764" pin="1"/><net_sink comp="871" pin=2"/></net>

<net id="1780"><net_src comp="1764" pin="1"/><net_sink comp="878" pin=2"/></net>

<net id="1781"><net_src comp="1764" pin="1"/><net_sink comp="885" pin=2"/></net>

<net id="1782"><net_src comp="1764" pin="1"/><net_sink comp="892" pin=2"/></net>

<net id="1783"><net_src comp="1764" pin="1"/><net_sink comp="899" pin=2"/></net>

<net id="1784"><net_src comp="1764" pin="1"/><net_sink comp="906" pin=2"/></net>

<net id="1785"><net_src comp="1764" pin="1"/><net_sink comp="913" pin=2"/></net>

<net id="1786"><net_src comp="1764" pin="1"/><net_sink comp="920" pin=2"/></net>

<net id="1787"><net_src comp="1764" pin="1"/><net_sink comp="927" pin=2"/></net>

<net id="1788"><net_src comp="1764" pin="1"/><net_sink comp="934" pin=2"/></net>

<net id="1789"><net_src comp="1764" pin="1"/><net_sink comp="941" pin=2"/></net>

<net id="1790"><net_src comp="1764" pin="1"/><net_sink comp="948" pin=2"/></net>

<net id="1791"><net_src comp="1764" pin="1"/><net_sink comp="955" pin=2"/></net>

<net id="1792"><net_src comp="1764" pin="1"/><net_sink comp="962" pin=2"/></net>

<net id="1793"><net_src comp="1764" pin="1"/><net_sink comp="969" pin=2"/></net>

<net id="1794"><net_src comp="1764" pin="1"/><net_sink comp="976" pin=2"/></net>

<net id="1795"><net_src comp="1764" pin="1"/><net_sink comp="983" pin=2"/></net>

<net id="1796"><net_src comp="1764" pin="1"/><net_sink comp="990" pin=2"/></net>

<net id="1797"><net_src comp="1764" pin="1"/><net_sink comp="997" pin=2"/></net>

<net id="1798"><net_src comp="1764" pin="1"/><net_sink comp="1004" pin=2"/></net>

<net id="1799"><net_src comp="1764" pin="1"/><net_sink comp="1011" pin=2"/></net>

<net id="1800"><net_src comp="1764" pin="1"/><net_sink comp="1018" pin=2"/></net>

<net id="1801"><net_src comp="1764" pin="1"/><net_sink comp="1025" pin=2"/></net>

<net id="1802"><net_src comp="1764" pin="1"/><net_sink comp="1032" pin=2"/></net>

<net id="1803"><net_src comp="1764" pin="1"/><net_sink comp="1039" pin=2"/></net>

<net id="1804"><net_src comp="1764" pin="1"/><net_sink comp="1046" pin=2"/></net>

<net id="1805"><net_src comp="1764" pin="1"/><net_sink comp="1053" pin=2"/></net>

<net id="1806"><net_src comp="1764" pin="1"/><net_sink comp="1060" pin=2"/></net>

<net id="1807"><net_src comp="1764" pin="1"/><net_sink comp="1067" pin=2"/></net>

<net id="1808"><net_src comp="1764" pin="1"/><net_sink comp="1074" pin=2"/></net>

<net id="1809"><net_src comp="1764" pin="1"/><net_sink comp="1081" pin=2"/></net>

<net id="1810"><net_src comp="1764" pin="1"/><net_sink comp="1088" pin=2"/></net>

<net id="1811"><net_src comp="1764" pin="1"/><net_sink comp="1095" pin=2"/></net>

<net id="1812"><net_src comp="1764" pin="1"/><net_sink comp="1102" pin=2"/></net>

<net id="1813"><net_src comp="1764" pin="1"/><net_sink comp="1109" pin=2"/></net>

<net id="1814"><net_src comp="1764" pin="1"/><net_sink comp="1116" pin=2"/></net>

<net id="1815"><net_src comp="1764" pin="1"/><net_sink comp="1123" pin=2"/></net>

<net id="1816"><net_src comp="1764" pin="1"/><net_sink comp="1130" pin=2"/></net>

<net id="1817"><net_src comp="1764" pin="1"/><net_sink comp="1137" pin=2"/></net>

<net id="1818"><net_src comp="1764" pin="1"/><net_sink comp="1144" pin=2"/></net>

<net id="1819"><net_src comp="1764" pin="1"/><net_sink comp="1151" pin=2"/></net>

<net id="1820"><net_src comp="1764" pin="1"/><net_sink comp="1158" pin=2"/></net>

<net id="1821"><net_src comp="1764" pin="1"/><net_sink comp="1165" pin=2"/></net>

<net id="1822"><net_src comp="1764" pin="1"/><net_sink comp="1172" pin=2"/></net>

<net id="1823"><net_src comp="1764" pin="1"/><net_sink comp="1179" pin=2"/></net>

<net id="1824"><net_src comp="1764" pin="1"/><net_sink comp="1186" pin=2"/></net>

<net id="1825"><net_src comp="1764" pin="1"/><net_sink comp="1193" pin=2"/></net>

<net id="1826"><net_src comp="1764" pin="1"/><net_sink comp="1200" pin=2"/></net>

<net id="1827"><net_src comp="1764" pin="1"/><net_sink comp="1207" pin=2"/></net>

<net id="1828"><net_src comp="1764" pin="1"/><net_sink comp="1214" pin=2"/></net>

<net id="1829"><net_src comp="1764" pin="1"/><net_sink comp="1221" pin=2"/></net>

<net id="1830"><net_src comp="1764" pin="1"/><net_sink comp="1228" pin=2"/></net>

<net id="1831"><net_src comp="1764" pin="1"/><net_sink comp="1235" pin=2"/></net>

<net id="1839"><net_src comp="1832" pin="1"/><net_sink comp="1835" pin=0"/></net>

<net id="1844"><net_src comp="1835" pin="2"/><net_sink comp="1840" pin=0"/></net>

<net id="1849"><net_src comp="1750" pin="2"/><net_sink comp="1845" pin=0"/></net>

<net id="1850"><net_src comp="1840" pin="2"/><net_sink comp="1845" pin=1"/></net>

<net id="1855"><net_src comp="186" pin="0"/><net_sink comp="1851" pin=1"/></net>

<net id="1860"><net_src comp="1851" pin="2"/><net_sink comp="1856" pin=0"/></net>

<net id="1868"><net_src comp="1861" pin="1"/><net_sink comp="1864" pin=0"/></net>

<net id="1874"><net_src comp="206" pin="0"/><net_sink comp="1869" pin=0"/></net>

<net id="1875"><net_src comp="180" pin="0"/><net_sink comp="1869" pin=2"/></net>

<net id="1879"><net_src comp="1869" pin="3"/><net_sink comp="1876" pin=0"/></net>

<net id="1885"><net_src comp="208" pin="0"/><net_sink comp="1880" pin=0"/></net>

<net id="1886"><net_src comp="178" pin="0"/><net_sink comp="1880" pin=2"/></net>

<net id="1891"><net_src comp="1876" pin="1"/><net_sink comp="1887" pin=0"/></net>

<net id="1896"><net_src comp="1887" pin="2"/><net_sink comp="1892" pin=0"/></net>

<net id="1897"><net_src comp="1880" pin="3"/><net_sink comp="1892" pin=1"/></net>

<net id="1902"><net_src comp="14" pin="0"/><net_sink comp="1898" pin=0"/></net>

<net id="1903"><net_src comp="1892" pin="2"/><net_sink comp="1898" pin=1"/></net>

<net id="1907"><net_src comp="1904" pin="1"/><net_sink comp="281" pin=2"/></net>

<net id="1911"><net_src comp="1908" pin="1"/><net_sink comp="289" pin=2"/></net>

<net id="1915"><net_src comp="1912" pin="1"/><net_sink comp="297" pin=2"/></net>

<net id="1919"><net_src comp="1916" pin="1"/><net_sink comp="305" pin=2"/></net>

<net id="1923"><net_src comp="1920" pin="1"/><net_sink comp="313" pin=2"/></net>

<net id="1927"><net_src comp="1924" pin="1"/><net_sink comp="321" pin=2"/></net>

<net id="1931"><net_src comp="1928" pin="1"/><net_sink comp="329" pin=2"/></net>

<net id="1935"><net_src comp="1932" pin="1"/><net_sink comp="337" pin=2"/></net>

<net id="1939"><net_src comp="1936" pin="1"/><net_sink comp="345" pin=2"/></net>

<net id="1943"><net_src comp="1940" pin="1"/><net_sink comp="353" pin=2"/></net>

<net id="1947"><net_src comp="1944" pin="1"/><net_sink comp="361" pin=2"/></net>

<net id="1951"><net_src comp="1948" pin="1"/><net_sink comp="369" pin=2"/></net>

<net id="1955"><net_src comp="1952" pin="1"/><net_sink comp="377" pin=2"/></net>

<net id="1959"><net_src comp="1956" pin="1"/><net_sink comp="385" pin=2"/></net>

<net id="1963"><net_src comp="1960" pin="1"/><net_sink comp="393" pin=2"/></net>

<net id="1967"><net_src comp="1964" pin="1"/><net_sink comp="401" pin=2"/></net>

<net id="1971"><net_src comp="1968" pin="1"/><net_sink comp="409" pin=2"/></net>

<net id="1975"><net_src comp="1972" pin="1"/><net_sink comp="417" pin=2"/></net>

<net id="1979"><net_src comp="1976" pin="1"/><net_sink comp="425" pin=2"/></net>

<net id="1983"><net_src comp="1980" pin="1"/><net_sink comp="433" pin=2"/></net>

<net id="1987"><net_src comp="1984" pin="1"/><net_sink comp="441" pin=2"/></net>

<net id="1991"><net_src comp="1988" pin="1"/><net_sink comp="449" pin=2"/></net>

<net id="1995"><net_src comp="1992" pin="1"/><net_sink comp="457" pin=2"/></net>

<net id="1999"><net_src comp="1996" pin="1"/><net_sink comp="465" pin=2"/></net>

<net id="2003"><net_src comp="2000" pin="1"/><net_sink comp="473" pin=2"/></net>

<net id="2007"><net_src comp="2004" pin="1"/><net_sink comp="481" pin=2"/></net>

<net id="2011"><net_src comp="2008" pin="1"/><net_sink comp="489" pin=2"/></net>

<net id="2015"><net_src comp="2012" pin="1"/><net_sink comp="497" pin=2"/></net>

<net id="2019"><net_src comp="2016" pin="1"/><net_sink comp="505" pin=2"/></net>

<net id="2023"><net_src comp="2020" pin="1"/><net_sink comp="513" pin=2"/></net>

<net id="2027"><net_src comp="2024" pin="1"/><net_sink comp="521" pin=2"/></net>

<net id="2031"><net_src comp="2028" pin="1"/><net_sink comp="529" pin=2"/></net>

<net id="2035"><net_src comp="2032" pin="1"/><net_sink comp="537" pin=2"/></net>

<net id="2039"><net_src comp="2036" pin="1"/><net_sink comp="545" pin=2"/></net>

<net id="2043"><net_src comp="2040" pin="1"/><net_sink comp="553" pin=2"/></net>

<net id="2047"><net_src comp="2044" pin="1"/><net_sink comp="561" pin=2"/></net>

<net id="2051"><net_src comp="2048" pin="1"/><net_sink comp="569" pin=2"/></net>

<net id="2055"><net_src comp="2052" pin="1"/><net_sink comp="577" pin=2"/></net>

<net id="2059"><net_src comp="2056" pin="1"/><net_sink comp="585" pin=2"/></net>

<net id="2063"><net_src comp="2060" pin="1"/><net_sink comp="593" pin=2"/></net>

<net id="2067"><net_src comp="2064" pin="1"/><net_sink comp="601" pin=2"/></net>

<net id="2071"><net_src comp="2068" pin="1"/><net_sink comp="609" pin=2"/></net>

<net id="2075"><net_src comp="2072" pin="1"/><net_sink comp="617" pin=2"/></net>

<net id="2079"><net_src comp="2076" pin="1"/><net_sink comp="625" pin=2"/></net>

<net id="2083"><net_src comp="2080" pin="1"/><net_sink comp="633" pin=2"/></net>

<net id="2087"><net_src comp="2084" pin="1"/><net_sink comp="641" pin=2"/></net>

<net id="2091"><net_src comp="2088" pin="1"/><net_sink comp="649" pin=2"/></net>

<net id="2095"><net_src comp="2092" pin="1"/><net_sink comp="657" pin=2"/></net>

<net id="2099"><net_src comp="2096" pin="1"/><net_sink comp="665" pin=2"/></net>

<net id="2103"><net_src comp="2100" pin="1"/><net_sink comp="673" pin=2"/></net>

<net id="2107"><net_src comp="2104" pin="1"/><net_sink comp="681" pin=2"/></net>

<net id="2111"><net_src comp="2108" pin="1"/><net_sink comp="689" pin=2"/></net>

<net id="2115"><net_src comp="2112" pin="1"/><net_sink comp="697" pin=2"/></net>

<net id="2119"><net_src comp="2116" pin="1"/><net_sink comp="705" pin=2"/></net>

<net id="2123"><net_src comp="2120" pin="1"/><net_sink comp="713" pin=2"/></net>

<net id="2127"><net_src comp="2124" pin="1"/><net_sink comp="721" pin=2"/></net>

<net id="2131"><net_src comp="2128" pin="1"/><net_sink comp="729" pin=2"/></net>

<net id="2135"><net_src comp="2132" pin="1"/><net_sink comp="737" pin=2"/></net>

<net id="2139"><net_src comp="2136" pin="1"/><net_sink comp="745" pin=2"/></net>

<net id="2143"><net_src comp="2140" pin="1"/><net_sink comp="753" pin=2"/></net>

<net id="2147"><net_src comp="2144" pin="1"/><net_sink comp="761" pin=2"/></net>

<net id="2151"><net_src comp="2148" pin="1"/><net_sink comp="769" pin=2"/></net>

<net id="2155"><net_src comp="2152" pin="1"/><net_sink comp="777" pin=2"/></net>

<net id="2159"><net_src comp="2156" pin="1"/><net_sink comp="785" pin=2"/></net>

<net id="2163"><net_src comp="220" pin="1"/><net_sink comp="2160" pin=0"/></net>

<net id="2164"><net_src comp="2160" pin="1"/><net_sink comp="1657" pin=1"/></net>

<net id="2165"><net_src comp="2160" pin="1"/><net_sink comp="1677" pin=0"/></net>

<net id="2166"><net_src comp="2160" pin="1"/><net_sink comp="1856" pin=1"/></net>

<net id="2170"><net_src comp="224" pin="1"/><net_sink comp="2167" pin=0"/></net>

<net id="2171"><net_src comp="2167" pin="1"/><net_sink comp="1652" pin=1"/></net>

<net id="2172"><net_src comp="2167" pin="1"/><net_sink comp="1680" pin=0"/></net>

<net id="2173"><net_src comp="2167" pin="1"/><net_sink comp="1726" pin=1"/></net>

<net id="2177"><net_src comp="228" pin="1"/><net_sink comp="2174" pin=0"/></net>

<net id="2178"><net_src comp="2174" pin="1"/><net_sink comp="1647" pin=1"/></net>

<net id="2179"><net_src comp="2174" pin="1"/><net_sink comp="1662" pin=0"/></net>

<net id="2180"><net_src comp="2174" pin="1"/><net_sink comp="1721" pin=1"/></net>

<net id="2184"><net_src comp="238" pin="2"/><net_sink comp="2181" pin=0"/></net>

<net id="2185"><net_src comp="2181" pin="1"/><net_sink comp="1887" pin=1"/></net>

<net id="2189"><net_src comp="1627" pin="1"/><net_sink comp="2186" pin=0"/></net>

<net id="2190"><net_src comp="2186" pin="1"/><net_sink comp="1835" pin=1"/></net>

<net id="2194"><net_src comp="1635" pin="1"/><net_sink comp="2191" pin=0"/></net>

<net id="2195"><net_src comp="2191" pin="1"/><net_sink comp="1750" pin=1"/></net>

<net id="2196"><net_src comp="2191" pin="1"/><net_sink comp="1840" pin=1"/></net>

<net id="2200"><net_src comp="1639" pin="1"/><net_sink comp="2197" pin=0"/></net>

<net id="2201"><net_src comp="2197" pin="1"/><net_sink comp="1745" pin=1"/></net>

<net id="2205"><net_src comp="1643" pin="1"/><net_sink comp="2202" pin=0"/></net>

<net id="2206"><net_src comp="2202" pin="1"/><net_sink comp="1623" pin=1"/></net>

<net id="2210"><net_src comp="1665" pin="2"/><net_sink comp="2207" pin=0"/></net>

<net id="2214"><net_src comp="1695" pin="3"/><net_sink comp="2211" pin=0"/></net>

<net id="2215"><net_src comp="2211" pin="1"/><net_sink comp="1755" pin=0"/></net>

<net id="2216"><net_src comp="2211" pin="1"/><net_sink comp="1832" pin=0"/></net>

<net id="2217"><net_src comp="2211" pin="1"/><net_sink comp="1851" pin=0"/></net>

<net id="2218"><net_src comp="2211" pin="1"/><net_sink comp="1861" pin=0"/></net>

<net id="2222"><net_src comp="1703" pin="3"/><net_sink comp="2219" pin=0"/></net>

<net id="2223"><net_src comp="2219" pin="1"/><net_sink comp="1738" pin=0"/></net>

<net id="2224"><net_src comp="2219" pin="1"/><net_sink comp="1741" pin=0"/></net>

<net id="2228"><net_src comp="1711" pin="1"/><net_sink comp="2225" pin=0"/></net>

<net id="2229"><net_src comp="2225" pin="1"/><net_sink comp="1731" pin=1"/></net>

<net id="2233"><net_src comp="1715" pin="2"/><net_sink comp="2230" pin=0"/></net>

<net id="2234"><net_src comp="2230" pin="1"/><net_sink comp="1880" pin=1"/></net>

<net id="2238"><net_src comp="1741" pin="1"/><net_sink comp="2235" pin=0"/></net>

<net id="2239"><net_src comp="2235" pin="1"/><net_sink comp="1623" pin=0"/></net>

<net id="2243"><net_src comp="794" pin="3"/><net_sink comp="2240" pin=0"/></net>

<net id="2244"><net_src comp="2240" pin="1"/><net_sink comp="1302" pin=0"/></net>

<net id="2248"><net_src comp="801" pin="3"/><net_sink comp="2245" pin=0"/></net>

<net id="2249"><net_src comp="2245" pin="1"/><net_sink comp="1308" pin=0"/></net>

<net id="2253"><net_src comp="808" pin="3"/><net_sink comp="2250" pin=0"/></net>

<net id="2254"><net_src comp="2250" pin="1"/><net_sink comp="1314" pin=0"/></net>

<net id="2258"><net_src comp="815" pin="3"/><net_sink comp="2255" pin=0"/></net>

<net id="2259"><net_src comp="2255" pin="1"/><net_sink comp="1320" pin=0"/></net>

<net id="2263"><net_src comp="822" pin="3"/><net_sink comp="2260" pin=0"/></net>

<net id="2264"><net_src comp="2260" pin="1"/><net_sink comp="1326" pin=0"/></net>

<net id="2268"><net_src comp="829" pin="3"/><net_sink comp="2265" pin=0"/></net>

<net id="2269"><net_src comp="2265" pin="1"/><net_sink comp="1332" pin=0"/></net>

<net id="2273"><net_src comp="836" pin="3"/><net_sink comp="2270" pin=0"/></net>

<net id="2274"><net_src comp="2270" pin="1"/><net_sink comp="1338" pin=0"/></net>

<net id="2278"><net_src comp="843" pin="3"/><net_sink comp="2275" pin=0"/></net>

<net id="2279"><net_src comp="2275" pin="1"/><net_sink comp="1344" pin=0"/></net>

<net id="2283"><net_src comp="850" pin="3"/><net_sink comp="2280" pin=0"/></net>

<net id="2284"><net_src comp="2280" pin="1"/><net_sink comp="1350" pin=0"/></net>

<net id="2288"><net_src comp="857" pin="3"/><net_sink comp="2285" pin=0"/></net>

<net id="2289"><net_src comp="2285" pin="1"/><net_sink comp="1356" pin=0"/></net>

<net id="2293"><net_src comp="864" pin="3"/><net_sink comp="2290" pin=0"/></net>

<net id="2294"><net_src comp="2290" pin="1"/><net_sink comp="1362" pin=0"/></net>

<net id="2298"><net_src comp="871" pin="3"/><net_sink comp="2295" pin=0"/></net>

<net id="2299"><net_src comp="2295" pin="1"/><net_sink comp="1368" pin=0"/></net>

<net id="2303"><net_src comp="878" pin="3"/><net_sink comp="2300" pin=0"/></net>

<net id="2304"><net_src comp="2300" pin="1"/><net_sink comp="1374" pin=0"/></net>

<net id="2308"><net_src comp="885" pin="3"/><net_sink comp="2305" pin=0"/></net>

<net id="2309"><net_src comp="2305" pin="1"/><net_sink comp="1380" pin=0"/></net>

<net id="2313"><net_src comp="892" pin="3"/><net_sink comp="2310" pin=0"/></net>

<net id="2314"><net_src comp="2310" pin="1"/><net_sink comp="1386" pin=0"/></net>

<net id="2318"><net_src comp="899" pin="3"/><net_sink comp="2315" pin=0"/></net>

<net id="2319"><net_src comp="2315" pin="1"/><net_sink comp="1392" pin=0"/></net>

<net id="2323"><net_src comp="906" pin="3"/><net_sink comp="2320" pin=0"/></net>

<net id="2324"><net_src comp="2320" pin="1"/><net_sink comp="1398" pin=0"/></net>

<net id="2328"><net_src comp="913" pin="3"/><net_sink comp="2325" pin=0"/></net>

<net id="2329"><net_src comp="2325" pin="1"/><net_sink comp="1404" pin=0"/></net>

<net id="2333"><net_src comp="920" pin="3"/><net_sink comp="2330" pin=0"/></net>

<net id="2334"><net_src comp="2330" pin="1"/><net_sink comp="1410" pin=0"/></net>

<net id="2338"><net_src comp="927" pin="3"/><net_sink comp="2335" pin=0"/></net>

<net id="2339"><net_src comp="2335" pin="1"/><net_sink comp="1416" pin=0"/></net>

<net id="2343"><net_src comp="934" pin="3"/><net_sink comp="2340" pin=0"/></net>

<net id="2344"><net_src comp="2340" pin="1"/><net_sink comp="1422" pin=0"/></net>

<net id="2348"><net_src comp="941" pin="3"/><net_sink comp="2345" pin=0"/></net>

<net id="2349"><net_src comp="2345" pin="1"/><net_sink comp="1428" pin=0"/></net>

<net id="2353"><net_src comp="948" pin="3"/><net_sink comp="2350" pin=0"/></net>

<net id="2354"><net_src comp="2350" pin="1"/><net_sink comp="1434" pin=0"/></net>

<net id="2358"><net_src comp="955" pin="3"/><net_sink comp="2355" pin=0"/></net>

<net id="2359"><net_src comp="2355" pin="1"/><net_sink comp="1440" pin=0"/></net>

<net id="2363"><net_src comp="962" pin="3"/><net_sink comp="2360" pin=0"/></net>

<net id="2364"><net_src comp="2360" pin="1"/><net_sink comp="1446" pin=0"/></net>

<net id="2368"><net_src comp="969" pin="3"/><net_sink comp="2365" pin=0"/></net>

<net id="2369"><net_src comp="2365" pin="1"/><net_sink comp="1452" pin=0"/></net>

<net id="2373"><net_src comp="976" pin="3"/><net_sink comp="2370" pin=0"/></net>

<net id="2374"><net_src comp="2370" pin="1"/><net_sink comp="1458" pin=0"/></net>

<net id="2378"><net_src comp="983" pin="3"/><net_sink comp="2375" pin=0"/></net>

<net id="2379"><net_src comp="2375" pin="1"/><net_sink comp="1464" pin=0"/></net>

<net id="2383"><net_src comp="990" pin="3"/><net_sink comp="2380" pin=0"/></net>

<net id="2384"><net_src comp="2380" pin="1"/><net_sink comp="1470" pin=0"/></net>

<net id="2388"><net_src comp="997" pin="3"/><net_sink comp="2385" pin=0"/></net>

<net id="2389"><net_src comp="2385" pin="1"/><net_sink comp="1476" pin=0"/></net>

<net id="2393"><net_src comp="1004" pin="3"/><net_sink comp="2390" pin=0"/></net>

<net id="2394"><net_src comp="2390" pin="1"/><net_sink comp="1482" pin=0"/></net>

<net id="2398"><net_src comp="1011" pin="3"/><net_sink comp="2395" pin=0"/></net>

<net id="2399"><net_src comp="2395" pin="1"/><net_sink comp="1488" pin=0"/></net>

<net id="2403"><net_src comp="1018" pin="3"/><net_sink comp="2400" pin=0"/></net>

<net id="2404"><net_src comp="2400" pin="1"/><net_sink comp="1494" pin=0"/></net>

<net id="2408"><net_src comp="1025" pin="3"/><net_sink comp="2405" pin=0"/></net>

<net id="2409"><net_src comp="2405" pin="1"/><net_sink comp="1500" pin=0"/></net>

<net id="2413"><net_src comp="1032" pin="3"/><net_sink comp="2410" pin=0"/></net>

<net id="2414"><net_src comp="2410" pin="1"/><net_sink comp="1506" pin=0"/></net>

<net id="2418"><net_src comp="1039" pin="3"/><net_sink comp="2415" pin=0"/></net>

<net id="2419"><net_src comp="2415" pin="1"/><net_sink comp="1512" pin=0"/></net>

<net id="2423"><net_src comp="1046" pin="3"/><net_sink comp="2420" pin=0"/></net>

<net id="2424"><net_src comp="2420" pin="1"/><net_sink comp="1518" pin=0"/></net>

<net id="2428"><net_src comp="1053" pin="3"/><net_sink comp="2425" pin=0"/></net>

<net id="2429"><net_src comp="2425" pin="1"/><net_sink comp="1524" pin=0"/></net>

<net id="2433"><net_src comp="1060" pin="3"/><net_sink comp="2430" pin=0"/></net>

<net id="2434"><net_src comp="2430" pin="1"/><net_sink comp="1530" pin=0"/></net>

<net id="2438"><net_src comp="1067" pin="3"/><net_sink comp="2435" pin=0"/></net>

<net id="2439"><net_src comp="2435" pin="1"/><net_sink comp="1536" pin=0"/></net>

<net id="2443"><net_src comp="1074" pin="3"/><net_sink comp="2440" pin=0"/></net>

<net id="2444"><net_src comp="2440" pin="1"/><net_sink comp="1542" pin=0"/></net>

<net id="2448"><net_src comp="1081" pin="3"/><net_sink comp="2445" pin=0"/></net>

<net id="2449"><net_src comp="2445" pin="1"/><net_sink comp="1548" pin=0"/></net>

<net id="2453"><net_src comp="1088" pin="3"/><net_sink comp="2450" pin=0"/></net>

<net id="2454"><net_src comp="2450" pin="1"/><net_sink comp="1554" pin=0"/></net>

<net id="2458"><net_src comp="1095" pin="3"/><net_sink comp="2455" pin=0"/></net>

<net id="2459"><net_src comp="2455" pin="1"/><net_sink comp="1560" pin=0"/></net>

<net id="2463"><net_src comp="1102" pin="3"/><net_sink comp="2460" pin=0"/></net>

<net id="2464"><net_src comp="2460" pin="1"/><net_sink comp="1566" pin=0"/></net>

<net id="2468"><net_src comp="1109" pin="3"/><net_sink comp="2465" pin=0"/></net>

<net id="2469"><net_src comp="2465" pin="1"/><net_sink comp="1572" pin=0"/></net>

<net id="2473"><net_src comp="1116" pin="3"/><net_sink comp="2470" pin=0"/></net>

<net id="2474"><net_src comp="2470" pin="1"/><net_sink comp="1578" pin=0"/></net>

<net id="2478"><net_src comp="1123" pin="3"/><net_sink comp="2475" pin=0"/></net>

<net id="2479"><net_src comp="2475" pin="1"/><net_sink comp="1584" pin=0"/></net>

<net id="2483"><net_src comp="1130" pin="3"/><net_sink comp="2480" pin=0"/></net>

<net id="2484"><net_src comp="2480" pin="1"/><net_sink comp="1590" pin=0"/></net>

<net id="2488"><net_src comp="1137" pin="3"/><net_sink comp="2485" pin=0"/></net>

<net id="2489"><net_src comp="2485" pin="1"/><net_sink comp="1596" pin=0"/></net>

<net id="2493"><net_src comp="1144" pin="3"/><net_sink comp="2490" pin=0"/></net>

<net id="2494"><net_src comp="2490" pin="1"/><net_sink comp="1602" pin=0"/></net>

<net id="2498"><net_src comp="1151" pin="3"/><net_sink comp="2495" pin=0"/></net>

<net id="2499"><net_src comp="2495" pin="1"/><net_sink comp="1608" pin=0"/></net>

<net id="2503"><net_src comp="1158" pin="3"/><net_sink comp="2500" pin=0"/></net>

<net id="2504"><net_src comp="2500" pin="1"/><net_sink comp="1613" pin=0"/></net>

<net id="2508"><net_src comp="1165" pin="3"/><net_sink comp="2505" pin=0"/></net>

<net id="2509"><net_src comp="2505" pin="1"/><net_sink comp="1618" pin=0"/></net>

<net id="2513"><net_src comp="1172" pin="3"/><net_sink comp="2510" pin=0"/></net>

<net id="2514"><net_src comp="2510" pin="1"/><net_sink comp="1242" pin=0"/></net>

<net id="2518"><net_src comp="1179" pin="3"/><net_sink comp="2515" pin=0"/></net>

<net id="2519"><net_src comp="2515" pin="1"/><net_sink comp="1290" pin=0"/></net>

<net id="2523"><net_src comp="1186" pin="3"/><net_sink comp="2520" pin=0"/></net>

<net id="2524"><net_src comp="2520" pin="1"/><net_sink comp="1296" pin=0"/></net>

<net id="2528"><net_src comp="1193" pin="3"/><net_sink comp="2525" pin=0"/></net>

<net id="2529"><net_src comp="2525" pin="1"/><net_sink comp="1248" pin=0"/></net>

<net id="2533"><net_src comp="1200" pin="3"/><net_sink comp="2530" pin=0"/></net>

<net id="2534"><net_src comp="2530" pin="1"/><net_sink comp="1254" pin=0"/></net>

<net id="2538"><net_src comp="1207" pin="3"/><net_sink comp="2535" pin=0"/></net>

<net id="2539"><net_src comp="2535" pin="1"/><net_sink comp="1260" pin=0"/></net>

<net id="2543"><net_src comp="1214" pin="3"/><net_sink comp="2540" pin=0"/></net>

<net id="2544"><net_src comp="2540" pin="1"/><net_sink comp="1266" pin=0"/></net>

<net id="2548"><net_src comp="1221" pin="3"/><net_sink comp="2545" pin=0"/></net>

<net id="2549"><net_src comp="2545" pin="1"/><net_sink comp="1272" pin=0"/></net>

<net id="2553"><net_src comp="1228" pin="3"/><net_sink comp="2550" pin=0"/></net>

<net id="2554"><net_src comp="2550" pin="1"/><net_sink comp="1278" pin=0"/></net>

<net id="2558"><net_src comp="1235" pin="3"/><net_sink comp="2555" pin=0"/></net>

<net id="2559"><net_src comp="2555" pin="1"/><net_sink comp="1284" pin=0"/></net>

<net id="2563"><net_src comp="1845" pin="2"/><net_sink comp="2560" pin=0"/></net>

<net id="2567"><net_src comp="1623" pin="2"/><net_sink comp="2564" pin=0"/></net>

<net id="2568"><net_src comp="2564" pin="1"/><net_sink comp="1864" pin=1"/></net>

<net id="2572"><net_src comp="1242" pin="3"/><net_sink comp="2569" pin=0"/></net>

<net id="2573"><net_src comp="2569" pin="1"/><net_sink comp="1904" pin=0"/></net>

<net id="2577"><net_src comp="1248" pin="3"/><net_sink comp="2574" pin=0"/></net>

<net id="2578"><net_src comp="2574" pin="1"/><net_sink comp="1908" pin=0"/></net>

<net id="2582"><net_src comp="1254" pin="3"/><net_sink comp="2579" pin=0"/></net>

<net id="2583"><net_src comp="2579" pin="1"/><net_sink comp="1912" pin=0"/></net>

<net id="2587"><net_src comp="1260" pin="3"/><net_sink comp="2584" pin=0"/></net>

<net id="2588"><net_src comp="2584" pin="1"/><net_sink comp="1916" pin=0"/></net>

<net id="2592"><net_src comp="1266" pin="3"/><net_sink comp="2589" pin=0"/></net>

<net id="2593"><net_src comp="2589" pin="1"/><net_sink comp="1920" pin=0"/></net>

<net id="2597"><net_src comp="1272" pin="3"/><net_sink comp="2594" pin=0"/></net>

<net id="2598"><net_src comp="2594" pin="1"/><net_sink comp="1924" pin=0"/></net>

<net id="2602"><net_src comp="1278" pin="3"/><net_sink comp="2599" pin=0"/></net>

<net id="2603"><net_src comp="2599" pin="1"/><net_sink comp="1928" pin=0"/></net>

<net id="2607"><net_src comp="1284" pin="3"/><net_sink comp="2604" pin=0"/></net>

<net id="2608"><net_src comp="2604" pin="1"/><net_sink comp="1932" pin=0"/></net>

<net id="2612"><net_src comp="1290" pin="3"/><net_sink comp="2609" pin=0"/></net>

<net id="2613"><net_src comp="2609" pin="1"/><net_sink comp="1936" pin=0"/></net>

<net id="2617"><net_src comp="1296" pin="3"/><net_sink comp="2614" pin=0"/></net>

<net id="2618"><net_src comp="2614" pin="1"/><net_sink comp="1940" pin=0"/></net>

<net id="2622"><net_src comp="1302" pin="3"/><net_sink comp="2619" pin=0"/></net>

<net id="2623"><net_src comp="2619" pin="1"/><net_sink comp="1944" pin=0"/></net>

<net id="2627"><net_src comp="1308" pin="3"/><net_sink comp="2624" pin=0"/></net>

<net id="2628"><net_src comp="2624" pin="1"/><net_sink comp="1948" pin=0"/></net>

<net id="2632"><net_src comp="1314" pin="3"/><net_sink comp="2629" pin=0"/></net>

<net id="2633"><net_src comp="2629" pin="1"/><net_sink comp="1952" pin=0"/></net>

<net id="2637"><net_src comp="1320" pin="3"/><net_sink comp="2634" pin=0"/></net>

<net id="2638"><net_src comp="2634" pin="1"/><net_sink comp="1956" pin=0"/></net>

<net id="2642"><net_src comp="1326" pin="3"/><net_sink comp="2639" pin=0"/></net>

<net id="2643"><net_src comp="2639" pin="1"/><net_sink comp="1960" pin=0"/></net>

<net id="2647"><net_src comp="1332" pin="3"/><net_sink comp="2644" pin=0"/></net>

<net id="2648"><net_src comp="2644" pin="1"/><net_sink comp="1964" pin=0"/></net>

<net id="2652"><net_src comp="1338" pin="3"/><net_sink comp="2649" pin=0"/></net>

<net id="2653"><net_src comp="2649" pin="1"/><net_sink comp="1968" pin=0"/></net>

<net id="2657"><net_src comp="1344" pin="3"/><net_sink comp="2654" pin=0"/></net>

<net id="2658"><net_src comp="2654" pin="1"/><net_sink comp="1972" pin=0"/></net>

<net id="2662"><net_src comp="1350" pin="3"/><net_sink comp="2659" pin=0"/></net>

<net id="2663"><net_src comp="2659" pin="1"/><net_sink comp="1976" pin=0"/></net>

<net id="2667"><net_src comp="1356" pin="3"/><net_sink comp="2664" pin=0"/></net>

<net id="2668"><net_src comp="2664" pin="1"/><net_sink comp="1980" pin=0"/></net>

<net id="2672"><net_src comp="1362" pin="3"/><net_sink comp="2669" pin=0"/></net>

<net id="2673"><net_src comp="2669" pin="1"/><net_sink comp="1984" pin=0"/></net>

<net id="2677"><net_src comp="1368" pin="3"/><net_sink comp="2674" pin=0"/></net>

<net id="2678"><net_src comp="2674" pin="1"/><net_sink comp="1988" pin=0"/></net>

<net id="2682"><net_src comp="1374" pin="3"/><net_sink comp="2679" pin=0"/></net>

<net id="2683"><net_src comp="2679" pin="1"/><net_sink comp="1992" pin=0"/></net>

<net id="2687"><net_src comp="1380" pin="3"/><net_sink comp="2684" pin=0"/></net>

<net id="2688"><net_src comp="2684" pin="1"/><net_sink comp="1996" pin=0"/></net>

<net id="2692"><net_src comp="1386" pin="3"/><net_sink comp="2689" pin=0"/></net>

<net id="2693"><net_src comp="2689" pin="1"/><net_sink comp="2000" pin=0"/></net>

<net id="2697"><net_src comp="1392" pin="3"/><net_sink comp="2694" pin=0"/></net>

<net id="2698"><net_src comp="2694" pin="1"/><net_sink comp="2004" pin=0"/></net>

<net id="2702"><net_src comp="1398" pin="3"/><net_sink comp="2699" pin=0"/></net>

<net id="2703"><net_src comp="2699" pin="1"/><net_sink comp="2008" pin=0"/></net>

<net id="2707"><net_src comp="1404" pin="3"/><net_sink comp="2704" pin=0"/></net>

<net id="2708"><net_src comp="2704" pin="1"/><net_sink comp="2012" pin=0"/></net>

<net id="2712"><net_src comp="1410" pin="3"/><net_sink comp="2709" pin=0"/></net>

<net id="2713"><net_src comp="2709" pin="1"/><net_sink comp="2016" pin=0"/></net>

<net id="2717"><net_src comp="1416" pin="3"/><net_sink comp="2714" pin=0"/></net>

<net id="2718"><net_src comp="2714" pin="1"/><net_sink comp="2020" pin=0"/></net>

<net id="2722"><net_src comp="1422" pin="3"/><net_sink comp="2719" pin=0"/></net>

<net id="2723"><net_src comp="2719" pin="1"/><net_sink comp="2024" pin=0"/></net>

<net id="2727"><net_src comp="1428" pin="3"/><net_sink comp="2724" pin=0"/></net>

<net id="2728"><net_src comp="2724" pin="1"/><net_sink comp="2028" pin=0"/></net>

<net id="2732"><net_src comp="1434" pin="3"/><net_sink comp="2729" pin=0"/></net>

<net id="2733"><net_src comp="2729" pin="1"/><net_sink comp="2032" pin=0"/></net>

<net id="2737"><net_src comp="1440" pin="3"/><net_sink comp="2734" pin=0"/></net>

<net id="2738"><net_src comp="2734" pin="1"/><net_sink comp="2036" pin=0"/></net>

<net id="2742"><net_src comp="1446" pin="3"/><net_sink comp="2739" pin=0"/></net>

<net id="2743"><net_src comp="2739" pin="1"/><net_sink comp="2040" pin=0"/></net>

<net id="2747"><net_src comp="1452" pin="3"/><net_sink comp="2744" pin=0"/></net>

<net id="2748"><net_src comp="2744" pin="1"/><net_sink comp="2044" pin=0"/></net>

<net id="2752"><net_src comp="1458" pin="3"/><net_sink comp="2749" pin=0"/></net>

<net id="2753"><net_src comp="2749" pin="1"/><net_sink comp="2048" pin=0"/></net>

<net id="2757"><net_src comp="1464" pin="3"/><net_sink comp="2754" pin=0"/></net>

<net id="2758"><net_src comp="2754" pin="1"/><net_sink comp="2052" pin=0"/></net>

<net id="2762"><net_src comp="1470" pin="3"/><net_sink comp="2759" pin=0"/></net>

<net id="2763"><net_src comp="2759" pin="1"/><net_sink comp="2056" pin=0"/></net>

<net id="2767"><net_src comp="1476" pin="3"/><net_sink comp="2764" pin=0"/></net>

<net id="2768"><net_src comp="2764" pin="1"/><net_sink comp="2060" pin=0"/></net>

<net id="2772"><net_src comp="1482" pin="3"/><net_sink comp="2769" pin=0"/></net>

<net id="2773"><net_src comp="2769" pin="1"/><net_sink comp="2064" pin=0"/></net>

<net id="2777"><net_src comp="1488" pin="3"/><net_sink comp="2774" pin=0"/></net>

<net id="2778"><net_src comp="2774" pin="1"/><net_sink comp="2068" pin=0"/></net>

<net id="2782"><net_src comp="1494" pin="3"/><net_sink comp="2779" pin=0"/></net>

<net id="2783"><net_src comp="2779" pin="1"/><net_sink comp="2072" pin=0"/></net>

<net id="2787"><net_src comp="1500" pin="3"/><net_sink comp="2784" pin=0"/></net>

<net id="2788"><net_src comp="2784" pin="1"/><net_sink comp="2076" pin=0"/></net>

<net id="2792"><net_src comp="1506" pin="3"/><net_sink comp="2789" pin=0"/></net>

<net id="2793"><net_src comp="2789" pin="1"/><net_sink comp="2080" pin=0"/></net>

<net id="2797"><net_src comp="1512" pin="3"/><net_sink comp="2794" pin=0"/></net>

<net id="2798"><net_src comp="2794" pin="1"/><net_sink comp="2084" pin=0"/></net>

<net id="2802"><net_src comp="1518" pin="3"/><net_sink comp="2799" pin=0"/></net>

<net id="2803"><net_src comp="2799" pin="1"/><net_sink comp="2088" pin=0"/></net>

<net id="2807"><net_src comp="1524" pin="3"/><net_sink comp="2804" pin=0"/></net>

<net id="2808"><net_src comp="2804" pin="1"/><net_sink comp="2092" pin=0"/></net>

<net id="2812"><net_src comp="1530" pin="3"/><net_sink comp="2809" pin=0"/></net>

<net id="2813"><net_src comp="2809" pin="1"/><net_sink comp="2096" pin=0"/></net>

<net id="2817"><net_src comp="1536" pin="3"/><net_sink comp="2814" pin=0"/></net>

<net id="2818"><net_src comp="2814" pin="1"/><net_sink comp="2100" pin=0"/></net>

<net id="2822"><net_src comp="1542" pin="3"/><net_sink comp="2819" pin=0"/></net>

<net id="2823"><net_src comp="2819" pin="1"/><net_sink comp="2104" pin=0"/></net>

<net id="2827"><net_src comp="1548" pin="3"/><net_sink comp="2824" pin=0"/></net>

<net id="2828"><net_src comp="2824" pin="1"/><net_sink comp="2108" pin=0"/></net>

<net id="2832"><net_src comp="1554" pin="3"/><net_sink comp="2829" pin=0"/></net>

<net id="2833"><net_src comp="2829" pin="1"/><net_sink comp="2112" pin=0"/></net>

<net id="2837"><net_src comp="1560" pin="3"/><net_sink comp="2834" pin=0"/></net>

<net id="2838"><net_src comp="2834" pin="1"/><net_sink comp="2116" pin=0"/></net>

<net id="2842"><net_src comp="1566" pin="3"/><net_sink comp="2839" pin=0"/></net>

<net id="2843"><net_src comp="2839" pin="1"/><net_sink comp="2120" pin=0"/></net>

<net id="2847"><net_src comp="1572" pin="3"/><net_sink comp="2844" pin=0"/></net>

<net id="2848"><net_src comp="2844" pin="1"/><net_sink comp="2124" pin=0"/></net>

<net id="2852"><net_src comp="1578" pin="3"/><net_sink comp="2849" pin=0"/></net>

<net id="2853"><net_src comp="2849" pin="1"/><net_sink comp="2128" pin=0"/></net>

<net id="2857"><net_src comp="1584" pin="3"/><net_sink comp="2854" pin=0"/></net>

<net id="2858"><net_src comp="2854" pin="1"/><net_sink comp="2132" pin=0"/></net>

<net id="2862"><net_src comp="1590" pin="3"/><net_sink comp="2859" pin=0"/></net>

<net id="2863"><net_src comp="2859" pin="1"/><net_sink comp="2136" pin=0"/></net>

<net id="2867"><net_src comp="1596" pin="3"/><net_sink comp="2864" pin=0"/></net>

<net id="2868"><net_src comp="2864" pin="1"/><net_sink comp="2140" pin=0"/></net>

<net id="2872"><net_src comp="1602" pin="3"/><net_sink comp="2869" pin=0"/></net>

<net id="2873"><net_src comp="2869" pin="1"/><net_sink comp="2144" pin=0"/></net>

<net id="2877"><net_src comp="1864" pin="2"/><net_sink comp="2874" pin=0"/></net>

<net id="2878"><net_src comp="2874" pin="1"/><net_sink comp="1869" pin=1"/></net>

<net id="2882"><net_src comp="1898" pin="2"/><net_sink comp="2879" pin=0"/></net>

<net id="2883"><net_src comp="2879" pin="1"/><net_sink comp="274" pin=1"/></net>

<net id="2884"><net_src comp="2879" pin="1"/><net_sink comp="281" pin=1"/></net>

<net id="2885"><net_src comp="2879" pin="1"/><net_sink comp="289" pin=1"/></net>

<net id="2886"><net_src comp="2879" pin="1"/><net_sink comp="297" pin=1"/></net>

<net id="2887"><net_src comp="2879" pin="1"/><net_sink comp="305" pin=1"/></net>

<net id="2888"><net_src comp="2879" pin="1"/><net_sink comp="313" pin=1"/></net>

<net id="2889"><net_src comp="2879" pin="1"/><net_sink comp="321" pin=1"/></net>

<net id="2890"><net_src comp="2879" pin="1"/><net_sink comp="329" pin=1"/></net>

<net id="2891"><net_src comp="2879" pin="1"/><net_sink comp="337" pin=1"/></net>

<net id="2892"><net_src comp="2879" pin="1"/><net_sink comp="345" pin=1"/></net>

<net id="2893"><net_src comp="2879" pin="1"/><net_sink comp="353" pin=1"/></net>

<net id="2894"><net_src comp="2879" pin="1"/><net_sink comp="361" pin=1"/></net>

<net id="2895"><net_src comp="2879" pin="1"/><net_sink comp="369" pin=1"/></net>

<net id="2896"><net_src comp="2879" pin="1"/><net_sink comp="377" pin=1"/></net>

<net id="2897"><net_src comp="2879" pin="1"/><net_sink comp="385" pin=1"/></net>

<net id="2898"><net_src comp="2879" pin="1"/><net_sink comp="393" pin=1"/></net>

<net id="2899"><net_src comp="2879" pin="1"/><net_sink comp="401" pin=1"/></net>

<net id="2900"><net_src comp="2879" pin="1"/><net_sink comp="409" pin=1"/></net>

<net id="2901"><net_src comp="2879" pin="1"/><net_sink comp="417" pin=1"/></net>

<net id="2902"><net_src comp="2879" pin="1"/><net_sink comp="425" pin=1"/></net>

<net id="2903"><net_src comp="2879" pin="1"/><net_sink comp="433" pin=1"/></net>

<net id="2904"><net_src comp="2879" pin="1"/><net_sink comp="441" pin=1"/></net>

<net id="2905"><net_src comp="2879" pin="1"/><net_sink comp="449" pin=1"/></net>

<net id="2906"><net_src comp="2879" pin="1"/><net_sink comp="457" pin=1"/></net>

<net id="2907"><net_src comp="2879" pin="1"/><net_sink comp="465" pin=1"/></net>

<net id="2908"><net_src comp="2879" pin="1"/><net_sink comp="473" pin=1"/></net>

<net id="2909"><net_src comp="2879" pin="1"/><net_sink comp="481" pin=1"/></net>

<net id="2910"><net_src comp="2879" pin="1"/><net_sink comp="489" pin=1"/></net>

<net id="2911"><net_src comp="2879" pin="1"/><net_sink comp="497" pin=1"/></net>

<net id="2912"><net_src comp="2879" pin="1"/><net_sink comp="505" pin=1"/></net>

<net id="2913"><net_src comp="2879" pin="1"/><net_sink comp="513" pin=1"/></net>

<net id="2914"><net_src comp="2879" pin="1"/><net_sink comp="521" pin=1"/></net>

<net id="2915"><net_src comp="2879" pin="1"/><net_sink comp="529" pin=1"/></net>

<net id="2916"><net_src comp="2879" pin="1"/><net_sink comp="537" pin=1"/></net>

<net id="2917"><net_src comp="2879" pin="1"/><net_sink comp="545" pin=1"/></net>

<net id="2918"><net_src comp="2879" pin="1"/><net_sink comp="553" pin=1"/></net>

<net id="2919"><net_src comp="2879" pin="1"/><net_sink comp="561" pin=1"/></net>

<net id="2920"><net_src comp="2879" pin="1"/><net_sink comp="569" pin=1"/></net>

<net id="2921"><net_src comp="2879" pin="1"/><net_sink comp="577" pin=1"/></net>

<net id="2922"><net_src comp="2879" pin="1"/><net_sink comp="585" pin=1"/></net>

<net id="2923"><net_src comp="2879" pin="1"/><net_sink comp="593" pin=1"/></net>

<net id="2924"><net_src comp="2879" pin="1"/><net_sink comp="601" pin=1"/></net>

<net id="2925"><net_src comp="2879" pin="1"/><net_sink comp="609" pin=1"/></net>

<net id="2926"><net_src comp="2879" pin="1"/><net_sink comp="617" pin=1"/></net>

<net id="2927"><net_src comp="2879" pin="1"/><net_sink comp="625" pin=1"/></net>

<net id="2928"><net_src comp="2879" pin="1"/><net_sink comp="633" pin=1"/></net>

<net id="2929"><net_src comp="2879" pin="1"/><net_sink comp="641" pin=1"/></net>

<net id="2930"><net_src comp="2879" pin="1"/><net_sink comp="649" pin=1"/></net>

<net id="2931"><net_src comp="2879" pin="1"/><net_sink comp="657" pin=1"/></net>

<net id="2932"><net_src comp="2879" pin="1"/><net_sink comp="665" pin=1"/></net>

<net id="2933"><net_src comp="2879" pin="1"/><net_sink comp="673" pin=1"/></net>

<net id="2934"><net_src comp="2879" pin="1"/><net_sink comp="681" pin=1"/></net>

<net id="2935"><net_src comp="2879" pin="1"/><net_sink comp="689" pin=1"/></net>

<net id="2936"><net_src comp="2879" pin="1"/><net_sink comp="697" pin=1"/></net>

<net id="2937"><net_src comp="2879" pin="1"/><net_sink comp="705" pin=1"/></net>

<net id="2938"><net_src comp="2879" pin="1"/><net_sink comp="713" pin=1"/></net>

<net id="2939"><net_src comp="2879" pin="1"/><net_sink comp="721" pin=1"/></net>

<net id="2940"><net_src comp="2879" pin="1"/><net_sink comp="729" pin=1"/></net>

<net id="2941"><net_src comp="2879" pin="1"/><net_sink comp="737" pin=1"/></net>

<net id="2942"><net_src comp="2879" pin="1"/><net_sink comp="745" pin=1"/></net>

<net id="2943"><net_src comp="2879" pin="1"/><net_sink comp="753" pin=1"/></net>

<net id="2944"><net_src comp="2879" pin="1"/><net_sink comp="761" pin=1"/></net>

<net id="2945"><net_src comp="2879" pin="1"/><net_sink comp="769" pin=1"/></net>

<net id="2946"><net_src comp="2879" pin="1"/><net_sink comp="777" pin=1"/></net>

<net id="2947"><net_src comp="2879" pin="1"/><net_sink comp="785" pin=1"/></net>

<net id="2951"><net_src comp="1608" pin="3"/><net_sink comp="2948" pin=0"/></net>

<net id="2952"><net_src comp="2948" pin="1"/><net_sink comp="2148" pin=0"/></net>

<net id="2956"><net_src comp="1613" pin="3"/><net_sink comp="2953" pin=0"/></net>

<net id="2957"><net_src comp="2953" pin="1"/><net_sink comp="2152" pin=0"/></net>

<net id="2961"><net_src comp="1618" pin="3"/><net_sink comp="2958" pin=0"/></net>

<net id="2962"><net_src comp="2958" pin="1"/><net_sink comp="2156" pin=0"/></net>

</net_list>

</model> 
---------------- Datapath Model END ------------------

* FSMD analyzer results:
  - Output states:
	Port: gmem | {6 7 8 9 10 11 12 13 14 15 16 17 18 19 20 21 22 23 24 25 26 27 28 29 30 31 32 33 34 35 36 37 38 39 40 41 42 43 44 45 46 47 48 49 50 51 52 53 54 55 56 57 58 59 60 61 62 63 64 65 66 67 68 69 70 71 72 73 74 75 }
 - Input state : 
	Port: conv_layer.2_Pipeline_VITIS_LOOP_105_12_VITIS_LOOP_106_13 : H_cast303 | {1 }
	Port: conv_layer.2_Pipeline_VITIS_LOOP_105_12_VITIS_LOOP_106_13 : ty | {1 }
	Port: conv_layer.2_Pipeline_VITIS_LOOP_105_12_VITIS_LOOP_106_13 : H | {1 }
	Port: conv_layer.2_Pipeline_VITIS_LOOP_105_12_VITIS_LOOP_106_13 : zext_ln44 | {1 }
	Port: conv_layer.2_Pipeline_VITIS_LOOP_105_12_VITIS_LOOP_106_13 : phi_mul | {1 }
	Port: conv_layer.2_Pipeline_VITIS_LOOP_105_12_VITIS_LOOP_106_13 : output_r | {1 }
	Port: conv_layer.2_Pipeline_VITIS_LOOP_105_12_VITIS_LOOP_106_13 : tx | {1 }
	Port: conv_layer.2_Pipeline_VITIS_LOOP_105_12_VITIS_LOOP_106_13 : conv_layer_signed_char_signed_char_int_int_int_int_signed_char_signed_9 | {2 3 }
	Port: conv_layer.2_Pipeline_VITIS_LOOP_105_12_VITIS_LOOP_106_13 : conv_layer_signed_char_signed_char_int_int_int_int_signed_char_signed_6 | {2 3 }
	Port: conv_layer.2_Pipeline_VITIS_LOOP_105_12_VITIS_LOOP_106_13 : conv_layer_signed_char_signed_char_int_int_int_int_signed_char_signed_5 | {2 3 }
	Port: conv_layer.2_Pipeline_VITIS_LOOP_105_12_VITIS_LOOP_106_13 : conv_layer_signed_char_signed_char_int_int_int_int_signed_char_signed_4 | {2 3 }
	Port: conv_layer.2_Pipeline_VITIS_LOOP_105_12_VITIS_LOOP_106_13 : conv_layer_signed_char_signed_char_int_int_int_int_signed_char_signed_3 | {2 3 }
	Port: conv_layer.2_Pipeline_VITIS_LOOP_105_12_VITIS_LOOP_106_13 : conv_layer_signed_char_signed_char_int_int_int_int_signed_char_signed_2 | {2 3 }
	Port: conv_layer.2_Pipeline_VITIS_LOOP_105_12_VITIS_LOOP_106_13 : conv_layer_signed_char_signed_char_int_int_int_int_signed_char_signed_1 | {2 3 }
	Port: conv_layer.2_Pipeline_VITIS_LOOP_105_12_VITIS_LOOP_106_13 : conv_mulmulmullayer_signed_char_signed_char_int_int_int_int_signed_char_signed | {2 3 }
	Port: conv_layer.2_Pipeline_VITIS_LOOP_105_12_VITIS_LOOP_106_13 : conv_layer_signed_char_signed_char_int_int_int_int_signed_char_signed_8 | {2 3 }
	Port: conv_layer.2_Pipeline_VITIS_LOOP_105_12_VITIS_LOOP_106_13 : conv_layer_signed_char_signed_char_int_int_int_int_signed_char_signed_7 | {2 3 }
	Port: conv_layer.2_Pipeline_VITIS_LOOP_105_12_VITIS_LOOP_106_13 : p_ZZ10conv_layerPaS_iiiiS_S_E8tile_out_10 | {2 3 }
	Port: conv_layer.2_Pipeline_VITIS_LOOP_105_12_VITIS_LOOP_106_13 : p_ZZ10conv_layerPaS_iiiiS_S_E8tile_out_11 | {2 3 }
	Port: conv_layer.2_Pipeline_VITIS_LOOP_105_12_VITIS_LOOP_106_13 : p_ZZ10conv_layerPaS_iiiiS_S_E8tile_out_12 | {2 3 }
	Port: conv_layer.2_Pipeline_VITIS_LOOP_105_12_VITIS_LOOP_106_13 : p_ZZ10conv_layerPaS_iiiiS_S_E8tile_out_13 | {2 3 }
	Port: conv_layer.2_Pipeline_VITIS_LOOP_105_12_VITIS_LOOP_106_13 : p_ZZ10conv_layerPaS_iiiiS_S_E8tile_out_14 | {2 3 }
	Port: conv_layer.2_Pipeline_VITIS_LOOP_105_12_VITIS_LOOP_106_13 : p_ZZ10conv_layerPaS_iiiiS_S_E8tile_out_15 | {2 3 }
	Port: conv_layer.2_Pipeline_VITIS_LOOP_105_12_VITIS_LOOP_106_13 : p_ZZ10conv_layerPaS_iiiiS_S_E8tile_out_16 | {2 3 }
	Port: conv_layer.2_Pipeline_VITIS_LOOP_105_12_VITIS_LOOP_106_13 : p_ZZ10conv_layerPaS_iiiiS_S_E8tile_out_17 | {2 3 }
	Port: conv_layer.2_Pipeline_VITIS_LOOP_105_12_VITIS_LOOP_106_13 : p_ZZ10conv_layerPaS_iiiiS_S_E8tile_out_18 | {2 3 }
	Port: conv_layer.2_Pipeline_VITIS_LOOP_105_12_VITIS_LOOP_106_13 : p_ZZ10conv_layerPaS_iiiiS_S_E8tile_out_19 | {2 3 }
	Port: conv_layer.2_Pipeline_VITIS_LOOP_105_12_VITIS_LOOP_106_13 : p_ZZ10conv_layerPaS_iiiiS_S_E8tile_out_20 | {2 3 }
	Port: conv_layer.2_Pipeline_VITIS_LOOP_105_12_VITIS_LOOP_106_13 : p_ZZ10conv_layerPaS_iiiiS_S_E8tile_out_21 | {2 3 }
	Port: conv_layer.2_Pipeline_VITIS_LOOP_105_12_VITIS_LOOP_106_13 : p_ZZ10conv_layerPaS_iiiiS_S_E8tile_out_22 | {2 3 }
	Port: conv_layer.2_Pipeline_VITIS_LOOP_105_12_VITIS_LOOP_106_13 : p_ZZ10conv_layerPaS_iiiiS_S_E8tile_out_23 | {2 3 }
	Port: conv_layer.2_Pipeline_VITIS_LOOP_105_12_VITIS_LOOP_106_13 : p_ZZ10conv_layerPaS_iiiiS_S_E8tile_out_24 | {2 3 }
	Port: conv_layer.2_Pipeline_VITIS_LOOP_105_12_VITIS_LOOP_106_13 : p_ZZ10conv_layerPaS_iiiiS_S_E8tile_out_25 | {2 3 }
	Port: conv_layer.2_Pipeline_VITIS_LOOP_105_12_VITIS_LOOP_106_13 : p_ZZ10conv_layerPaS_iiiiS_S_E8tile_out_26 | {2 3 }
	Port: conv_layer.2_Pipeline_VITIS_LOOP_105_12_VITIS_LOOP_106_13 : p_ZZ10conv_layerPaS_iiiiS_S_E8tile_out_27 | {2 3 }
	Port: conv_layer.2_Pipeline_VITIS_LOOP_105_12_VITIS_LOOP_106_13 : p_ZZ10conv_layerPaS_iiiiS_S_E8tile_out_28 | {2 3 }
	Port: conv_layer.2_Pipeline_VITIS_LOOP_105_12_VITIS_LOOP_106_13 : p_ZZ10conv_layerPaS_iiiiS_S_E8tile_out_29 | {2 3 }
	Port: conv_layer.2_Pipeline_VITIS_LOOP_105_12_VITIS_LOOP_106_13 : p_ZZ10conv_layerPaS_iiiiS_S_E8tile_out_30 | {2 3 }
	Port: conv_layer.2_Pipeline_VITIS_LOOP_105_12_VITIS_LOOP_106_13 : p_ZZ10conv_layerPaS_iiiiS_S_E8tile_out_31 | {2 3 }
	Port: conv_layer.2_Pipeline_VITIS_LOOP_105_12_VITIS_LOOP_106_13 : p_ZZ10conv_layerPaS_iiiiS_S_E8tile_out_32 | {2 3 }
	Port: conv_layer.2_Pipeline_VITIS_LOOP_105_12_VITIS_LOOP_106_13 : p_ZZ10conv_layerPaS_iiiiS_S_E8tile_out_33 | {2 3 }
	Port: conv_layer.2_Pipeline_VITIS_LOOP_105_12_VITIS_LOOP_106_13 : p_ZZ10conv_layerPaS_iiiiS_S_E8tile_out_34 | {2 3 }
	Port: conv_layer.2_Pipeline_VITIS_LOOP_105_12_VITIS_LOOP_106_13 : p_ZZ10conv_layerPaS_iiiiS_S_E8tile_out_35 | {2 3 }
	Port: conv_layer.2_Pipeline_VITIS_LOOP_105_12_VITIS_LOOP_106_13 : p_ZZ10conv_layerPaS_iiiiS_S_E8tile_out_36 | {2 3 }
	Port: conv_layer.2_Pipeline_VITIS_LOOP_105_12_VITIS_LOOP_106_13 : p_ZZ10conv_layerPaS_iiiiS_S_E8tile_out_37 | {2 3 }
	Port: conv_layer.2_Pipeline_VITIS_LOOP_105_12_VITIS_LOOP_106_13 : p_ZZ10conv_layerPaS_iiiiS_S_E8tile_out_38 | {2 3 }
	Port: conv_layer.2_Pipeline_VITIS_LOOP_105_12_VITIS_LOOP_106_13 : p_ZZ10conv_layerPaS_iiiiS_S_E8tile_out_39 | {2 3 }
	Port: conv_layer.2_Pipeline_VITIS_LOOP_105_12_VITIS_LOOP_106_13 : p_ZZ10conv_layerPaS_iiiiS_S_E8tile_out_40 | {2 3 }
	Port: conv_layer.2_Pipeline_VITIS_LOOP_105_12_VITIS_LOOP_106_13 : p_ZZ10conv_layerPaS_iiiiS_S_E8tile_out_41 | {2 3 }
	Port: conv_layer.2_Pipeline_VITIS_LOOP_105_12_VITIS_LOOP_106_13 : p_ZZ10conv_layerPaS_iiiiS_S_E8tile_out_42 | {2 3 }
	Port: conv_layer.2_Pipeline_VITIS_LOOP_105_12_VITIS_LOOP_106_13 : p_ZZ10conv_layerPaS_iiiiS_S_E8tile_out_43 | {2 3 }
	Port: conv_layer.2_Pipeline_VITIS_LOOP_105_12_VITIS_LOOP_106_13 : p_ZZ10conv_layerPaS_iiiiS_S_E8tile_out_44 | {2 3 }
	Port: conv_layer.2_Pipeline_VITIS_LOOP_105_12_VITIS_LOOP_106_13 : p_ZZ10conv_layerPaS_iiiiS_S_E8tile_out_45 | {2 3 }
	Port: conv_layer.2_Pipeline_VITIS_LOOP_105_12_VITIS_LOOP_106_13 : p_ZZ10conv_layerPaS_iiiiS_S_E8tile_out_46 | {2 3 }
	Port: conv_layer.2_Pipeline_VITIS_LOOP_105_12_VITIS_LOOP_106_13 : p_ZZ10conv_layerPaS_iiiiS_S_E8tile_out_47 | {2 3 }
	Port: conv_layer.2_Pipeline_VITIS_LOOP_105_12_VITIS_LOOP_106_13 : p_ZZ10conv_layerPaS_iiiiS_S_E8tile_out_48 | {2 3 }
	Port: conv_layer.2_Pipeline_VITIS_LOOP_105_12_VITIS_LOOP_106_13 : p_ZZ10conv_layerPaS_iiiiS_S_E8tile_out_49 | {2 3 }
	Port: conv_layer.2_Pipeline_VITIS_LOOP_105_12_VITIS_LOOP_106_13 : p_ZZ10conv_layerPaS_iiiiS_S_E8tile_out_50 | {2 3 }
	Port: conv_layer.2_Pipeline_VITIS_LOOP_105_12_VITIS_LOOP_106_13 : p_ZZ10conv_layerPaS_iiiiS_S_E8tile_out_51 | {2 3 }
	Port: conv_layer.2_Pipeline_VITIS_LOOP_105_12_VITIS_LOOP_106_13 : p_ZZ10conv_layerPaS_iiiiS_S_E8tile_out_52 | {2 3 }
	Port: conv_layer.2_Pipeline_VITIS_LOOP_105_12_VITIS_LOOP_106_13 : p_ZZ10conv_layerPaS_iiiiS_S_E8tile_out_53 | {2 3 }
	Port: conv_layer.2_Pipeline_VITIS_LOOP_105_12_VITIS_LOOP_106_13 : p_ZZ10conv_layerPaS_iiiiS_S_E8tile_out_54 | {2 3 }
	Port: conv_layer.2_Pipeline_VITIS_LOOP_105_12_VITIS_LOOP_106_13 : p_ZZ10conv_layerPaS_iiiiS_S_E8tile_out_55 | {2 3 }
	Port: conv_layer.2_Pipeline_VITIS_LOOP_105_12_VITIS_LOOP_106_13 : p_ZZ10conv_layerPaS_iiiiS_S_E8tile_out_56 | {2 3 }
	Port: conv_layer.2_Pipeline_VITIS_LOOP_105_12_VITIS_LOOP_106_13 : p_ZZ10conv_layerPaS_iiiiS_S_E8tile_out_57 | {2 3 }
	Port: conv_layer.2_Pipeline_VITIS_LOOP_105_12_VITIS_LOOP_106_13 : p_ZZ10conv_layerPaS_iiiiS_S_E8tile_out_58 | {2 3 }
	Port: conv_layer.2_Pipeline_VITIS_LOOP_105_12_VITIS_LOOP_106_13 : p_ZZ10conv_layerPaS_iiiiS_S_E8tile_out_59 | {2 3 }
	Port: conv_layer.2_Pipeline_VITIS_LOOP_105_12_VITIS_LOOP_106_13 : p_ZZ10conv_layerPaS_iiiiS_S_E8tile_out_60 | {2 3 }
	Port: conv_layer.2_Pipeline_VITIS_LOOP_105_12_VITIS_LOOP_106_13 : p_ZZ10conv_layerPaS_iiiiS_S_E8tile_out_61 | {66 67 }
	Port: conv_layer.2_Pipeline_VITIS_LOOP_105_12_VITIS_LOOP_106_13 : p_ZZ10conv_layerPaS_iiiiS_S_E8tile_out_62 | {66 67 }
	Port: conv_layer.2_Pipeline_VITIS_LOOP_105_12_VITIS_LOOP_106_13 : p_ZZ10conv_layerPaS_iiiiS_S_E8tile_out_63 | {66 67 }
  - Chain level:
	State 1
		store_ln0 : 1
		store_ln105 : 1
		store_ln106 : 1
		indvar_flatten13_load : 1
		icmp_ln105 : 2
		add_ln105_1 : 2
		br_ln105 : 3
		x_load : 1
		y_load : 1
		add_ln105 : 2
		icmp_ln106 : 2
		select_ln105 : 3
		select_ln105_1 : 3
		trunc_ln116 : 4
		tmp21 : 1
		store_ln105 : 3
		store_ln105 : 4
	State 2
		empty : 1
		empty_97 : 1
		cmp141 : 2
		add_ln116 : 1
		zext_ln116_65 : 2
		p_ZZ10conv_layerPaS_iiiiS_S_E8tile_out_10_addr : 3
		p_ZZ10conv_layerPaS_iiiiS_S_E8tile_out_11_addr : 3
		p_ZZ10conv_layerPaS_iiiiS_S_E8tile_out_12_addr : 3
		p_ZZ10conv_layerPaS_iiiiS_S_E8tile_out_13_addr : 3
		p_ZZ10conv_layerPaS_iiiiS_S_E8tile_out_14_addr : 3
		conv_layer_signed_char_signed_char_int_int_int_int_signed_char_signed_char_tile_out : 3
		p_ZZ10conv_layerPaS_iiiiS_S_E8tile_out_16_addr : 3
		p_ZZ10conv_layerPaS_iiiiS_S_E8tile_out_17_addr : 3
		p_ZZ10conv_layerPaS_iiiiS_S_E8tile_out_18_addr : 3
		p_ZZ10conv_layerPaS_iiiiS_S_E8tile_out_19_addr : 3
		p_ZZ10conv_layerPaS_iiiiS_S_E8tile_out_20_addr : 3
		p_ZZ10conv_layerPaS_iiiiS_S_E8tile_out_21_addr : 3
		p_ZZ10conv_layerPaS_iiiiS_S_E8tile_out_22_addr : 3
		p_ZZ10conv_layerPaS_iiiiS_S_E8tile_out_23_addr : 3
		p_ZZ10conv_layerPaS_iiiiS_S_E8tile_out_24_addr : 3
		conv_layer_signed_char_signed_char_int_int_int_int_signed_char_signed_char_tile_out_98 : 3
		p_ZZ10conv_layerPaS_iiiiS_S_E8tile_out_26_addr : 3
		p_ZZ10conv_layerPaS_iiiiS_S_E8tile_out_27_addr : 3
		p_ZZ10conv_layerPaS_iiiiS_S_E8tile_out_28_addr : 3
		p_ZZ10conv_layerPaS_iiiiS_S_E8tile_out_29_addr : 3
		p_ZZ10conv_layerPaS_iiiiS_S_E8tile_out_30_addr : 3
		p_ZZ10conv_layerPaS_iiiiS_S_E8tile_out_31_addr : 3
		p_ZZ10conv_layerPaS_iiiiS_S_E8tile_out_32_addr : 3
		p_ZZ10conv_layerPaS_iiiiS_S_E8tile_out_33_addr : 3
		p_ZZ10conv_layerPaS_iiiiS_S_E8tile_out_34_addr : 3
		conv_layer_signed_char_signed_char_int_int_int_int_signed_char_signed_char_tile_out_99 : 3
		p_ZZ10conv_layerPaS_iiiiS_S_E8tile_out_36_addr : 3
		p_ZZ10conv_layerPaS_iiiiS_S_E8tile_out_37_addr : 3
		p_ZZ10conv_layerPaS_iiiiS_S_E8tile_out_38_addr : 3
		p_ZZ10conv_layerPaS_iiiiS_S_E8tile_out_39_addr : 3
		p_ZZ10conv_layerPaS_iiiiS_S_E8tile_out_40_addr : 3
		p_ZZ10conv_layerPaS_iiiiS_S_E8tile_out_41_addr : 3
		p_ZZ10conv_layerPaS_iiiiS_S_E8tile_out_42_addr : 3
		p_ZZ10conv_layerPaS_iiiiS_S_E8tile_out_43_addr : 3
		p_ZZ10conv_layerPaS_iiiiS_S_E8tile_out_44_addr : 3
		conv_layer_signed_char_signed_char_int_int_int_int_signed_char_signed_char_tile_out_100 : 3
		p_ZZ10conv_layerPaS_iiiiS_S_E8tile_out_46_addr : 3
		p_ZZ10conv_layerPaS_iiiiS_S_E8tile_out_47_addr : 3
		p_ZZ10conv_layerPaS_iiiiS_S_E8tile_out_48_addr : 3
		p_ZZ10conv_layerPaS_iiiiS_S_E8tile_out_49_addr : 3
		p_ZZ10conv_layerPaS_iiiiS_S_E8tile_out_50_addr : 3
		p_ZZ10conv_layerPaS_iiiiS_S_E8tile_out_51_addr : 3
		p_ZZ10conv_layerPaS_iiiiS_S_E8tile_out_52_addr : 3
		p_ZZ10conv_layerPaS_iiiiS_S_E8tile_out_53_addr : 3
		p_ZZ10conv_layerPaS_iiiiS_S_E8tile_out_54_addr : 3
		conv_layer_signed_char_signed_char_int_int_int_int_signed_char_signed_char_tile_out_101 : 3
		p_ZZ10conv_layerPaS_iiiiS_S_E8tile_out_56_addr : 3
		p_ZZ10conv_layerPaS_iiiiS_S_E8tile_out_57_addr : 3
		p_ZZ10conv_layerPaS_iiiiS_S_E8tile_out_58_addr : 3
		p_ZZ10conv_layerPaS_iiiiS_S_E8tile_out_59_addr : 3
		p_ZZ10conv_layerPaS_iiiiS_S_E8tile_out_60_addr : 3
		p_ZZ10conv_layerPaS_iiiiS_S_E8tile_out_61_addr : 3
		p_ZZ10conv_layerPaS_iiiiS_S_E8tile_out_62_addr : 3
		p_ZZ10conv_layerPaS_iiiiS_S_E8tile_out_63_addr : 3
		conv_layer_signed_char_signed_char_int_int_int_int_signed_char_signed_50 : 3
		conv_layer_signed_char_signed_char_int_int_int_int_signed_char_signed_51 : 3
		conv_layer_signed_char_signed_char_int_int_int_int_signed_char_signed_52 : 3
		conv_layer_signed_char_signed_char_int_int_int_int_signed_char_signed_53 : 3
		conv_layer_signed_char_signed_char_int_int_int_int_signed_char_signed_54 : 3
		conv_layer_signed_char_signed_char_int_int_int_int_signed_char_signed_55 : 3
		conv_layer_signed_char_signed_char_int_int_int_int_signed_char_signed_56 : 3
		conv_layer_signed_char_signed_char_int_int_int_int_signed_char_signed_57 : 3
		conv_layer_signed_char_signed_char_int_int_int_int_signed_char_signed_58 : 3
		conv_layer_signed_char_signed_char_int_int_int_int_signed_char_signed_59 : 3
		add_ln110_2 : 1
		icmp_ln112 : 2
		and_ln112 : 3
		br_ln112 : 3
		conv_layer_signed_char_signed_char_int_int_int_int_signed_char_signed_60 : 4
		conv_layer_signed_char_signed_char_int_int_int_int_signed_char_signed_61 : 4
		conv_layer_signed_char_signed_char_int_int_int_int_signed_char_signed_62 : 4
		conv_layer_signed_char_signed_char_int_int_int_int_signed_char_signed_63 : 4
		conv_layer_signed_char_signed_char_int_int_int_int_signed_char_signed_64 : 4
		conv_layer_signed_char_signed_char_int_int_int_int_signed_char_signed_65 : 4
		conv_layer_signed_char_signed_char_int_int_int_int_signed_char_signed_66 : 4
		conv_layer_signed_char_signed_char_int_int_int_int_signed_char_signed_67 : 4
		conv_layer_signed_char_signed_char_int_int_int_int_signed_char_signed_68 : 4
		conv_layer_signed_char_signed_char_int_int_int_int_signed_char_signed_69 : 4
		p_ZZ10conv_layerPaS_iiiiS_S_E8tile_out_10_load : 4
		conv_layer_signed_char_signed_char_int_int_int_int_signed_char_signed_char_tile_out_103 : 4
		conv_layer_signed_char_signed_char_int_int_int_int_signed_char_signed_char_tile_out_104 : 4
		conv_layer_signed_char_signed_char_int_int_int_int_signed_char_signed_char_tile_out_105 : 4
		conv_layer_signed_char_signed_char_int_int_int_int_signed_char_signed_char_tile_out_106 : 4
		conv_layer_signed_char_signed_char_int_int_int_int_signed_char_signed_char_tile_out_107 : 4
		p_ZZ10conv_layerPaS_iiiiS_S_E8tile_out_16_load : 4
		p_ZZ10conv_layerPaS_iiiiS_S_E8tile_out_17_load : 4
		p_ZZ10conv_layerPaS_iiiiS_S_E8tile_out_18_load : 4
		p_ZZ10conv_layerPaS_iiiiS_S_E8tile_out_19_load : 4
		p_ZZ10conv_layerPaS_iiiiS_S_E8tile_out_20_load : 4
		conv_layer_signed_char_signed_char_int_int_int_int_signed_char_signed_char_tile_out_108 : 4
		conv_layer_signed_char_signed_char_int_int_int_int_signed_char_signed_char_tile_out_109 : 4
		conv_layer_signed_char_signed_char_int_int_int_int_signed_char_signed_char_tile_out_110 : 4
		conv_layer_signed_char_signed_char_int_int_int_int_signed_char_signed_char_tile_out_111 : 4
		conv_layer_signed_char_signed_char_int_int_int_int_signed_char_signed_char_tile_out_112 : 4
		p_ZZ10conv_layerPaS_iiiiS_S_E8tile_out_26_load : 4
		p_ZZ10conv_layerPaS_iiiiS_S_E8tile_out_27_load : 4
		p_ZZ10conv_layerPaS_iiiiS_S_E8tile_out_28_load : 4
		p_ZZ10conv_layerPaS_iiiiS_S_E8tile_out_29_load : 4
		p_ZZ10conv_layerPaS_iiiiS_S_E8tile_out_30_load : 4
		conv_layer_signed_char_signed_char_int_int_int_int_signed_char_signed_char_tile_out_113 : 4
		conv_layer_signed_char_signed_char_int_int_int_int_signed_char_signed_char_tile_out_114 : 4
		conv_layer_signed_char_signed_char_int_int_int_int_signed_char_signed_char_tile_out_115 : 4
		conv_layer_signed_char_signed_char_int_int_int_int_signed_char_signed_char_tile_out_116 : 4
		conv_layer_signed_char_signed_char_int_int_int_int_signed_char_signed_char_tile_out_117 : 4
		p_ZZ10conv_layerPaS_iiiiS_S_E8tile_out_36_load : 4
		p_ZZ10conv_layerPaS_iiiiS_S_E8tile_out_37_load : 4
		p_ZZ10conv_layerPaS_iiiiS_S_E8tile_out_38_load : 4
		p_ZZ10conv_layerPaS_iiiiS_S_E8tile_out_39_load : 4
		p_ZZ10conv_layerPaS_iiiiS_S_E8tile_out_40_load : 4
		conv_layer_signed_char_signed_char_int_int_int_int_signed_char_signed_char_tile_out_118 : 4
		conv_layer_signed_char_signed_char_int_int_int_int_signed_char_signed_char_tile_out_119 : 4
		conv_layer_signed_char_signed_char_int_int_int_int_signed_char_signed_char_tile_out_120 : 4
		conv_layer_signed_char_signed_char_int_int_int_int_signed_char_signed_char_tile_out_121 : 4
		conv_layer_signed_char_signed_char_int_int_int_int_signed_char_signed_char_tile_out_122 : 4
		p_ZZ10conv_layerPaS_iiiiS_S_E8tile_out_46_load : 4
		p_ZZ10conv_layerPaS_iiiiS_S_E8tile_out_47_load : 4
		p_ZZ10conv_layerPaS_iiiiS_S_E8tile_out_48_load : 4
		p_ZZ10conv_layerPaS_iiiiS_S_E8tile_out_49_load : 4
		p_ZZ10conv_layerPaS_iiiiS_S_E8tile_out_50_load : 4
		conv_layer_signed_char_signed_char_int_int_int_int_signed_char_signed_char_tile_out_123 : 4
		conv_layer_signed_char_signed_char_int_int_int_int_signed_char_signed_char_tile_out_124 : 4
		conv_layer_signed_char_signed_char_int_int_int_int_signed_char_signed_char_tile_out_125 : 4
		conv_layer_signed_char_signed_char_int_int_int_int_signed_char_signed_char_tile_out_126 : 4
		conv_layer_signed_char_signed_char_int_int_int_int_signed_char_signed_char_tile_out_127 : 4
		p_ZZ10conv_layerPaS_iiiiS_S_E8tile_out_56_load : 4
		p_ZZ10conv_layerPaS_iiiiS_S_E8tile_out_57_load : 4
		p_ZZ10conv_layerPaS_iiiiS_S_E8tile_out_58_load : 4
		p_ZZ10conv_layerPaS_iiiiS_S_E8tile_out_59_load : 4
		p_ZZ10conv_layerPaS_iiiiS_S_E8tile_out_60_load : 4
		store_ln106 : 1
	State 3
	State 4
		tmp : 1
	State 5
		tmp1_cast : 1
		add_ln110 : 2
		add_ln110_1 : 3
		gmem_addr : 4
	State 6
	State 7
		write_ln116 : 1
	State 8
		write_ln116 : 1
	State 9
		write_ln116 : 1
	State 10
		write_ln116 : 1
	State 11
		write_ln116 : 1
	State 12
		write_ln116 : 1
	State 13
		write_ln116 : 1
	State 14
		write_ln116 : 1
	State 15
		write_ln116 : 1
	State 16
		write_ln116 : 1
	State 17
		write_ln116 : 1
	State 18
		write_ln116 : 1
	State 19
		write_ln116 : 1
	State 20
		write_ln116 : 1
	State 21
		write_ln116 : 1
	State 22
		write_ln116 : 1
	State 23
		write_ln116 : 1
	State 24
		write_ln116 : 1
	State 25
		write_ln116 : 1
	State 26
		write_ln116 : 1
	State 27
		write_ln116 : 1
	State 28
		write_ln116 : 1
	State 29
		write_ln116 : 1
	State 30
		write_ln116 : 1
	State 31
		write_ln116 : 1
	State 32
		write_ln116 : 1
	State 33
		write_ln116 : 1
	State 34
		write_ln116 : 1
	State 35
		write_ln116 : 1
	State 36
		write_ln116 : 1
	State 37
		write_ln116 : 1
	State 38
		write_ln116 : 1
	State 39
		write_ln116 : 1
	State 40
		write_ln116 : 1
	State 41
		write_ln116 : 1
	State 42
		write_ln116 : 1
	State 43
		write_ln116 : 1
	State 44
		write_ln116 : 1
	State 45
		write_ln116 : 1
	State 46
		write_ln116 : 1
	State 47
		write_ln116 : 1
	State 48
		write_ln116 : 1
	State 49
		write_ln116 : 1
	State 50
		write_ln116 : 1
	State 51
		write_ln116 : 1
	State 52
		write_ln116 : 1
	State 53
		write_ln116 : 1
	State 54
		write_ln116 : 1
	State 55
		write_ln116 : 1
	State 56
		write_ln116 : 1
	State 57
		write_ln116 : 1
	State 58
		write_ln116 : 1
	State 59
		write_ln116 : 1
	State 60
		write_ln116 : 1
	State 61
		write_ln116 : 1
	State 62
		write_ln116 : 1
	State 63
		write_ln116 : 1
	State 64
		write_ln116 : 1
	State 65
		write_ln116 : 1
	State 66
		write_ln116 : 1
	State 67
		write_ln116 : 1
	State 68
		write_ln116 : 1
	State 69
		write_ln116 : 1
	State 70
		write_ln116 : 1
	State 71
	State 72
	State 73
	State 74
	State 75


============================================================
+ Verbose Summary: Datapath Resource usage 
============================================================

* Functional unit list:
|----------|----------------------------|---------|---------|---------|
| Operation|       Functional Unit      |   DSP   |    FF   |   LUT   |
|----------|----------------------------|---------|---------|---------|
|          |     add_ln105_1_fu_1671    |    0    |    0    |    18   |
|          |      add_ln105_fu_1683     |    0    |    0    |    14   |
|          |        tmp21_fu_1715       |    0    |    0    |    60   |
|          |      empty_97_fu_1745      |    0    |    0    |    38   |
|    add   |      add_ln116_fu_1758     |    0    |    0    |    17   |
|          |     add_ln110_2_fu_1835    |    0    |    0    |    38   |
|          |      add_ln106_fu_1851     |    0    |    0    |    14   |
|          |         tmp_fu_1864        |    0    |    0    |    43   |
|          |      add_ln110_fu_1887     |    0    |    0    |    64   |
|          |     add_ln110_1_fu_1892    |    0    |    0    |    64   |
|----------|----------------------------|---------|---------|---------|
|    mul   |         grp_fu_1623        |    2    |   141   |    48   |
|----------|----------------------------|---------|---------|---------|
|          |     icmp_ln105_fu_1665     |    0    |    0    |    18   |
|   icmp   |     icmp_ln106_fu_1689     |    0    |    0    |    14   |
|          |       cmp141_fu_1750       |    0    |    0    |    39   |
|          |     icmp_ln112_fu_1840     |    0    |    0    |    39   |
|----------|----------------------------|---------|---------|---------|
|  select  |    select_ln105_fu_1695    |    0    |    0    |    6    |
|          |   select_ln105_1_fu_1703   |    0    |    0    |    6    |
|----------|----------------------------|---------|---------|---------|
|    and   |      and_ln112_fu_1845     |    0    |    0    |    2    |
|----------|----------------------------|---------|---------|---------|
|          |     tx_read_read_fu_232    |    0    |    0    |    0    |
|          |   output_read_read_fu_238  |    0    |    0    |    0    |
|          |  phi_mul_read_read_fu_244  |    0    |    0    |    0    |
|   read   | zext_ln44_read_read_fu_250 |    0    |    0    |    0    |
|          |     H_read_read_fu_256     |    0    |    0    |    0    |
|          |     ty_read_read_fu_262    |    0    |    0    |    0    |
|          | H_cast303_read_read_fu_268 |    0    |    0    |    0    |
|----------|----------------------------|---------|---------|---------|
| writeresp|    grp_writeresp_fu_274    |    0    |    0    |    0    |
|----------|----------------------------|---------|---------|---------|
|          |  write_ln116_write_fu_281  |    0    |    0    |    0    |
|          |  write_ln116_write_fu_289  |    0    |    0    |    0    |
|          |  write_ln116_write_fu_297  |    0    |    0    |    0    |
|          |  write_ln116_write_fu_305  |    0    |    0    |    0    |
|          |  write_ln116_write_fu_313  |    0    |    0    |    0    |
|          |  write_ln116_write_fu_321  |    0    |    0    |    0    |
|          |  write_ln116_write_fu_329  |    0    |    0    |    0    |
|          |  write_ln116_write_fu_337  |    0    |    0    |    0    |
|          |  write_ln116_write_fu_345  |    0    |    0    |    0    |
|          |  write_ln116_write_fu_353  |    0    |    0    |    0    |
|          |  write_ln116_write_fu_361  |    0    |    0    |    0    |
|          |  write_ln116_write_fu_369  |    0    |    0    |    0    |
|          |  write_ln116_write_fu_377  |    0    |    0    |    0    |
|          |  write_ln116_write_fu_385  |    0    |    0    |    0    |
|          |  write_ln116_write_fu_393  |    0    |    0    |    0    |
|          |  write_ln116_write_fu_401  |    0    |    0    |    0    |
|          |  write_ln116_write_fu_409  |    0    |    0    |    0    |
|          |  write_ln116_write_fu_417  |    0    |    0    |    0    |
|          |  write_ln116_write_fu_425  |    0    |    0    |    0    |
|          |  write_ln116_write_fu_433  |    0    |    0    |    0    |
|          |  write_ln116_write_fu_441  |    0    |    0    |    0    |
|          |  write_ln116_write_fu_449  |    0    |    0    |    0    |
|          |  write_ln116_write_fu_457  |    0    |    0    |    0    |
|          |  write_ln116_write_fu_465  |    0    |    0    |    0    |
|          |  write_ln116_write_fu_473  |    0    |    0    |    0    |
|          |  write_ln116_write_fu_481  |    0    |    0    |    0    |
|          |  write_ln116_write_fu_489  |    0    |    0    |    0    |
|          |  write_ln116_write_fu_497  |    0    |    0    |    0    |
|          |  write_ln116_write_fu_505  |    0    |    0    |    0    |
|          |  write_ln116_write_fu_513  |    0    |    0    |    0    |
|          |  write_ln116_write_fu_521  |    0    |    0    |    0    |
|   write  |  write_ln116_write_fu_529  |    0    |    0    |    0    |
|          |  write_ln116_write_fu_537  |    0    |    0    |    0    |
|          |  write_ln116_write_fu_545  |    0    |    0    |    0    |
|          |  write_ln116_write_fu_553  |    0    |    0    |    0    |
|          |  write_ln116_write_fu_561  |    0    |    0    |    0    |
|          |  write_ln116_write_fu_569  |    0    |    0    |    0    |
|          |  write_ln116_write_fu_577  |    0    |    0    |    0    |
|          |  write_ln116_write_fu_585  |    0    |    0    |    0    |
|          |  write_ln116_write_fu_593  |    0    |    0    |    0    |
|          |  write_ln116_write_fu_601  |    0    |    0    |    0    |
|          |  write_ln116_write_fu_609  |    0    |    0    |    0    |
|          |  write_ln116_write_fu_617  |    0    |    0    |    0    |
|          |  write_ln116_write_fu_625  |    0    |    0    |    0    |
|          |  write_ln116_write_fu_633  |    0    |    0    |    0    |
|          |  write_ln116_write_fu_641  |    0    |    0    |    0    |
|          |  write_ln116_write_fu_649  |    0    |    0    |    0    |
|          |  write_ln116_write_fu_657  |    0    |    0    |    0    |
|          |  write_ln116_write_fu_665  |    0    |    0    |    0    |
|          |  write_ln116_write_fu_673  |    0    |    0    |    0    |
|          |  write_ln116_write_fu_681  |    0    |    0    |    0    |
|          |  write_ln116_write_fu_689  |    0    |    0    |    0    |
|          |  write_ln116_write_fu_697  |    0    |    0    |    0    |
|          |  write_ln116_write_fu_705  |    0    |    0    |    0    |
|          |  write_ln116_write_fu_713  |    0    |    0    |    0    |
|          |  write_ln116_write_fu_721  |    0    |    0    |    0    |
|          |  write_ln116_write_fu_729  |    0    |    0    |    0    |
|          |  write_ln116_write_fu_737  |    0    |    0    |    0    |
|          |  write_ln116_write_fu_745  |    0    |    0    |    0    |
|          |  write_ln116_write_fu_753  |    0    |    0    |    0    |
|          |  write_ln116_write_fu_761  |    0    |    0    |    0    |
|          |  write_ln116_write_fu_769  |    0    |    0    |    0    |
|          |  write_ln116_write_fu_777  |    0    |    0    |    0    |
|          |  write_ln116_write_fu_785  |    0    |    0    |    0    |
|----------|----------------------------|---------|---------|---------|
|          |       tx_cast_fu_1627      |    0    |    0    |    0    |
|          |   zext_ln44_cast_fu_1631   |    0    |    0    |    0    |
|          |       H_cast_fu_1635       |    0    |    0    |    0    |
|          |       ty_cast_fu_1639      |    0    |    0    |    0    |
|          |   H_cast303_cast_fu_1643   |    0    |    0    |    0    |
|          |     zext_ln105_fu_1738     |    0    |    0    |    0    |
|          |      y_1_cast_fu_1741      |    0    |    0    |    0    |
|          |    zext_ln116_64_fu_1755   |    0    |    0    |    0    |
|          |    zext_ln116_65_fu_1764   |    0    |    0    |    0    |
|          |     zext_ln106_fu_1832     |    0    |    0    |    0    |
|          |    zext_ln106_1_fu_1861    |    0    |    0    |    0    |
|          |      tmp1_cast_fu_1876     |    0    |    0    |    0    |
|          |     zext_ln116_fu_1904     |    0    |    0    |    0    |
|          |    zext_ln116_1_fu_1908    |    0    |    0    |    0    |
|          |    zext_ln116_2_fu_1912    |    0    |    0    |    0    |
|          |    zext_ln116_3_fu_1916    |    0    |    0    |    0    |
|          |    zext_ln116_4_fu_1920    |    0    |    0    |    0    |
|          |    zext_ln116_5_fu_1924    |    0    |    0    |    0    |
|          |    zext_ln116_6_fu_1928    |    0    |    0    |    0    |
|          |    zext_ln116_7_fu_1932    |    0    |    0    |    0    |
|          |    zext_ln116_8_fu_1936    |    0    |    0    |    0    |
|          |    zext_ln116_9_fu_1940    |    0    |    0    |    0    |
|          |    zext_ln116_10_fu_1944   |    0    |    0    |    0    |
|          |    zext_ln116_11_fu_1948   |    0    |    0    |    0    |
|          |    zext_ln116_12_fu_1952   |    0    |    0    |    0    |
|          |    zext_ln116_13_fu_1956   |    0    |    0    |    0    |
|          |    zext_ln116_14_fu_1960   |    0    |    0    |    0    |
|          |    zext_ln116_15_fu_1964   |    0    |    0    |    0    |
|          |    zext_ln116_16_fu_1968   |    0    |    0    |    0    |
|          |    zext_ln116_17_fu_1972   |    0    |    0    |    0    |
|          |    zext_ln116_18_fu_1976   |    0    |    0    |    0    |
|          |    zext_ln116_19_fu_1980   |    0    |    0    |    0    |
|          |    zext_ln116_20_fu_1984   |    0    |    0    |    0    |
|          |    zext_ln116_21_fu_1988   |    0    |    0    |    0    |
|          |    zext_ln116_22_fu_1992   |    0    |    0    |    0    |
|          |    zext_ln116_23_fu_1996   |    0    |    0    |    0    |
|          |    zext_ln116_24_fu_2000   |    0    |    0    |    0    |
|   zext   |    zext_ln116_25_fu_2004   |    0    |    0    |    0    |
|          |    zext_ln116_26_fu_2008   |    0    |    0    |    0    |
|          |    zext_ln116_27_fu_2012   |    0    |    0    |    0    |
|          |    zext_ln116_28_fu_2016   |    0    |    0    |    0    |
|          |    zext_ln116_29_fu_2020   |    0    |    0    |    0    |
|          |    zext_ln116_30_fu_2024   |    0    |    0    |    0    |
|          |    zext_ln116_31_fu_2028   |    0    |    0    |    0    |
|          |    zext_ln116_32_fu_2032   |    0    |    0    |    0    |
|          |    zext_ln116_33_fu_2036   |    0    |    0    |    0    |
|          |    zext_ln116_34_fu_2040   |    0    |    0    |    0    |
|          |    zext_ln116_35_fu_2044   |    0    |    0    |    0    |
|          |    zext_ln116_36_fu_2048   |    0    |    0    |    0    |
|          |    zext_ln116_37_fu_2052   |    0    |    0    |    0    |
|          |    zext_ln116_38_fu_2056   |    0    |    0    |    0    |
|          |    zext_ln116_39_fu_2060   |    0    |    0    |    0    |
|          |    zext_ln116_40_fu_2064   |    0    |    0    |    0    |
|          |    zext_ln116_41_fu_2068   |    0    |    0    |    0    |
|          |    zext_ln116_42_fu_2072   |    0    |    0    |    0    |
|          |    zext_ln116_43_fu_2076   |    0    |    0    |    0    |
|          |    zext_ln116_44_fu_2080   |    0    |    0    |    0    |
|          |    zext_ln116_45_fu_2084   |    0    |    0    |    0    |
|          |    zext_ln116_46_fu_2088   |    0    |    0    |    0    |
|          |    zext_ln116_47_fu_2092   |    0    |    0    |    0    |
|          |    zext_ln116_48_fu_2096   |    0    |    0    |    0    |
|          |    zext_ln116_49_fu_2100   |    0    |    0    |    0    |
|          |    zext_ln116_50_fu_2104   |    0    |    0    |    0    |
|          |    zext_ln116_51_fu_2108   |    0    |    0    |    0    |
|          |    zext_ln116_52_fu_2112   |    0    |    0    |    0    |
|          |    zext_ln116_53_fu_2116   |    0    |    0    |    0    |
|          |    zext_ln116_54_fu_2120   |    0    |    0    |    0    |
|          |    zext_ln116_55_fu_2124   |    0    |    0    |    0    |
|          |    zext_ln116_56_fu_2128   |    0    |    0    |    0    |
|          |    zext_ln116_57_fu_2132   |    0    |    0    |    0    |
|          |    zext_ln116_58_fu_2136   |    0    |    0    |    0    |
|          |    zext_ln116_59_fu_2140   |    0    |    0    |    0    |
|          |    zext_ln116_60_fu_2144   |    0    |    0    |    0    |
|          |    zext_ln116_61_fu_2148   |    0    |    0    |    0    |
|          |    zext_ln116_62_fu_2152   |    0    |    0    |    0    |
|          |    zext_ln116_63_fu_2156   |    0    |    0    |    0    |
|----------|----------------------------|---------|---------|---------|
|   trunc  |     trunc_ln116_fu_1711    |    0    |    0    |    0    |
|----------|----------------------------|---------|---------|---------|
|          |        tmp_s_fu_1731       |    0    |    0    |    0    |
|bitconcatenate|        tmp1_fu_1869        |    0    |    0    |    0    |
|          |        tmp3_fu_1880        |    0    |    0    |    0    |
|----------|----------------------------|---------|---------|---------|
|   Total  |                            |    2    |   141   |   542   |
|----------|----------------------------|---------|---------|---------|

Memories:
N/A

* Register list:
+------------------------------------------------------------------------------------------------+--------+
|                                                                                                |   FF   |
+------------------------------------------------------------------------------------------------+--------+
|                                     H_cast303_cast_reg_2202                                    |   36   |
|                                         H_cast_reg_2191                                        |   32   |
|                                       and_ln112_reg_2560                                       |    1   |
|        conv_layer_signed_char_signed_char_int_int_int_int_signed_char_signed_50_reg_2510       |   10   |
|        conv_layer_signed_char_signed_char_int_int_int_int_signed_char_signed_51_reg_2515       |   10   |
|        conv_layer_signed_char_signed_char_int_int_int_int_signed_char_signed_52_reg_2520       |   10   |
|        conv_layer_signed_char_signed_char_int_int_int_int_signed_char_signed_53_reg_2525       |   10   |
|        conv_layer_signed_char_signed_char_int_int_int_int_signed_char_signed_54_reg_2530       |   10   |
|        conv_layer_signed_char_signed_char_int_int_int_int_signed_char_signed_55_reg_2535       |   10   |
|        conv_layer_signed_char_signed_char_int_int_int_int_signed_char_signed_56_reg_2540       |   10   |
|        conv_layer_signed_char_signed_char_int_int_int_int_signed_char_signed_57_reg_2545       |   10   |
|        conv_layer_signed_char_signed_char_int_int_int_int_signed_char_signed_58_reg_2550       |   10   |
|        conv_layer_signed_char_signed_char_int_int_int_int_signed_char_signed_59_reg_2555       |   10   |
|        conv_layer_signed_char_signed_char_int_int_int_int_signed_char_signed_60_reg_2569       |    7   |
|        conv_layer_signed_char_signed_char_int_int_int_int_signed_char_signed_61_reg_2574       |    7   |
|        conv_layer_signed_char_signed_char_int_int_int_int_signed_char_signed_62_reg_2579       |    7   |
|        conv_layer_signed_char_signed_char_int_int_int_int_signed_char_signed_63_reg_2584       |    7   |
|        conv_layer_signed_char_signed_char_int_int_int_int_signed_char_signed_64_reg_2589       |    7   |
|        conv_layer_signed_char_signed_char_int_int_int_int_signed_char_signed_65_reg_2594       |    7   |
|        conv_layer_signed_char_signed_char_int_int_int_int_signed_char_signed_66_reg_2599       |    7   |
|        conv_layer_signed_char_signed_char_int_int_int_int_signed_char_signed_67_reg_2604       |    7   |
|        conv_layer_signed_char_signed_char_int_int_int_int_signed_char_signed_68_reg_2609       |    7   |
|        conv_layer_signed_char_signed_char_int_int_int_int_signed_char_signed_69_reg_2614       |    7   |
|conv_layer_signed_char_signed_char_int_int_int_int_signed_char_signed_char_tile_out_100_reg_2415|   10   |
|conv_layer_signed_char_signed_char_int_int_int_int_signed_char_signed_char_tile_out_101_reg_2465|   10   |
|conv_layer_signed_char_signed_char_int_int_int_int_signed_char_signed_char_tile_out_103_reg_2624|    7   |
|conv_layer_signed_char_signed_char_int_int_int_int_signed_char_signed_char_tile_out_104_reg_2629|    7   |
|conv_layer_signed_char_signed_char_int_int_int_int_signed_char_signed_char_tile_out_105_reg_2634|    7   |
|conv_layer_signed_char_signed_char_int_int_int_int_signed_char_signed_char_tile_out_106_reg_2639|    7   |
|conv_layer_signed_char_signed_char_int_int_int_int_signed_char_signed_char_tile_out_107_reg_2644|    7   |
|conv_layer_signed_char_signed_char_int_int_int_int_signed_char_signed_char_tile_out_108_reg_2674|    7   |
|conv_layer_signed_char_signed_char_int_int_int_int_signed_char_signed_char_tile_out_109_reg_2679|    7   |
|conv_layer_signed_char_signed_char_int_int_int_int_signed_char_signed_char_tile_out_110_reg_2684|    7   |
|conv_layer_signed_char_signed_char_int_int_int_int_signed_char_signed_char_tile_out_111_reg_2689|    7   |
|conv_layer_signed_char_signed_char_int_int_int_int_signed_char_signed_char_tile_out_112_reg_2694|    7   |
|conv_layer_signed_char_signed_char_int_int_int_int_signed_char_signed_char_tile_out_113_reg_2724|    7   |
|conv_layer_signed_char_signed_char_int_int_int_int_signed_char_signed_char_tile_out_114_reg_2729|    7   |
|conv_layer_signed_char_signed_char_int_int_int_int_signed_char_signed_char_tile_out_115_reg_2734|    7   |
|conv_layer_signed_char_signed_char_int_int_int_int_signed_char_signed_char_tile_out_116_reg_2739|    7   |
|conv_layer_signed_char_signed_char_int_int_int_int_signed_char_signed_char_tile_out_117_reg_2744|    7   |
|conv_layer_signed_char_signed_char_int_int_int_int_signed_char_signed_char_tile_out_118_reg_2774|    7   |
|conv_layer_signed_char_signed_char_int_int_int_int_signed_char_signed_char_tile_out_119_reg_2779|    7   |
|conv_layer_signed_char_signed_char_int_int_int_int_signed_char_signed_char_tile_out_120_reg_2784|    7   |
|conv_layer_signed_char_signed_char_int_int_int_int_signed_char_signed_char_tile_out_121_reg_2789|    7   |
|conv_layer_signed_char_signed_char_int_int_int_int_signed_char_signed_char_tile_out_122_reg_2794|    7   |
|conv_layer_signed_char_signed_char_int_int_int_int_signed_char_signed_char_tile_out_123_reg_2824|    7   |
|conv_layer_signed_char_signed_char_int_int_int_int_signed_char_signed_char_tile_out_124_reg_2829|    7   |
|conv_layer_signed_char_signed_char_int_int_int_int_signed_char_signed_char_tile_out_125_reg_2834|    7   |
|conv_layer_signed_char_signed_char_int_int_int_int_signed_char_signed_char_tile_out_126_reg_2839|    7   |
|conv_layer_signed_char_signed_char_int_int_int_int_signed_char_signed_char_tile_out_127_reg_2844|    7   |
|conv_layer_signed_char_signed_char_int_int_int_int_signed_char_signed_char_tile_out_128_reg_2948|    7   |
|conv_layer_signed_char_signed_char_int_int_int_int_signed_char_signed_char_tile_out_129_reg_2953|    7   |
|conv_layer_signed_char_signed_char_int_int_int_int_signed_char_signed_char_tile_out_130_reg_2958|    7   |
| conv_layer_signed_char_signed_char_int_int_int_int_signed_char_signed_char_tile_out_98_reg_2315|   10   |
| conv_layer_signed_char_signed_char_int_int_int_int_signed_char_signed_char_tile_out_99_reg_2365|   10   |
|  conv_layer_signed_char_signed_char_int_int_int_int_signed_char_signed_char_tile_out_reg_2265  |   10   |
|                                         empty_reg_2564                                         |   36   |
|                                       gmem_addr_reg_2879                                       |    8   |
|                                       icmp_ln105_reg_2207                                      |    1   |
|                                    indvar_flatten13_reg_2174                                   |   11   |
|                                      output_read_reg_2181                                      |   64   |
|                     p_ZZ10conv_layerPaS_iiiiS_S_E8tile_out_10_addr_reg_2240                    |   10   |
|                     p_ZZ10conv_layerPaS_iiiiS_S_E8tile_out_10_load_reg_2619                    |    7   |
|                     p_ZZ10conv_layerPaS_iiiiS_S_E8tile_out_11_addr_reg_2245                    |   10   |
|                     p_ZZ10conv_layerPaS_iiiiS_S_E8tile_out_12_addr_reg_2250                    |   10   |
|                     p_ZZ10conv_layerPaS_iiiiS_S_E8tile_out_13_addr_reg_2255                    |   10   |
|                     p_ZZ10conv_layerPaS_iiiiS_S_E8tile_out_14_addr_reg_2260                    |   10   |
|                     p_ZZ10conv_layerPaS_iiiiS_S_E8tile_out_16_addr_reg_2270                    |   10   |
|                     p_ZZ10conv_layerPaS_iiiiS_S_E8tile_out_16_load_reg_2649                    |    7   |
|                     p_ZZ10conv_layerPaS_iiiiS_S_E8tile_out_17_addr_reg_2275                    |   10   |
|                     p_ZZ10conv_layerPaS_iiiiS_S_E8tile_out_17_load_reg_2654                    |    7   |
|                     p_ZZ10conv_layerPaS_iiiiS_S_E8tile_out_18_addr_reg_2280                    |   10   |
|                     p_ZZ10conv_layerPaS_iiiiS_S_E8tile_out_18_load_reg_2659                    |    7   |
|                     p_ZZ10conv_layerPaS_iiiiS_S_E8tile_out_19_addr_reg_2285                    |   10   |
|                     p_ZZ10conv_layerPaS_iiiiS_S_E8tile_out_19_load_reg_2664                    |    7   |
|                     p_ZZ10conv_layerPaS_iiiiS_S_E8tile_out_20_addr_reg_2290                    |   10   |
|                     p_ZZ10conv_layerPaS_iiiiS_S_E8tile_out_20_load_reg_2669                    |    7   |
|                     p_ZZ10conv_layerPaS_iiiiS_S_E8tile_out_21_addr_reg_2295                    |   10   |
|                     p_ZZ10conv_layerPaS_iiiiS_S_E8tile_out_22_addr_reg_2300                    |   10   |
|                     p_ZZ10conv_layerPaS_iiiiS_S_E8tile_out_23_addr_reg_2305                    |   10   |
|                     p_ZZ10conv_layerPaS_iiiiS_S_E8tile_out_24_addr_reg_2310                    |   10   |
|                     p_ZZ10conv_layerPaS_iiiiS_S_E8tile_out_26_addr_reg_2320                    |   10   |
|                     p_ZZ10conv_layerPaS_iiiiS_S_E8tile_out_26_load_reg_2699                    |    7   |
|                     p_ZZ10conv_layerPaS_iiiiS_S_E8tile_out_27_addr_reg_2325                    |   10   |
|                     p_ZZ10conv_layerPaS_iiiiS_S_E8tile_out_27_load_reg_2704                    |    7   |
|                     p_ZZ10conv_layerPaS_iiiiS_S_E8tile_out_28_addr_reg_2330                    |   10   |
|                     p_ZZ10conv_layerPaS_iiiiS_S_E8tile_out_28_load_reg_2709                    |    7   |
|                     p_ZZ10conv_layerPaS_iiiiS_S_E8tile_out_29_addr_reg_2335                    |   10   |
|                     p_ZZ10conv_layerPaS_iiiiS_S_E8tile_out_29_load_reg_2714                    |    7   |
|                     p_ZZ10conv_layerPaS_iiiiS_S_E8tile_out_30_addr_reg_2340                    |   10   |
|                     p_ZZ10conv_layerPaS_iiiiS_S_E8tile_out_30_load_reg_2719                    |    7   |
|                     p_ZZ10conv_layerPaS_iiiiS_S_E8tile_out_31_addr_reg_2345                    |   10   |
|                     p_ZZ10conv_layerPaS_iiiiS_S_E8tile_out_32_addr_reg_2350                    |   10   |
|                     p_ZZ10conv_layerPaS_iiiiS_S_E8tile_out_33_addr_reg_2355                    |   10   |
|                     p_ZZ10conv_layerPaS_iiiiS_S_E8tile_out_34_addr_reg_2360                    |   10   |
|                     p_ZZ10conv_layerPaS_iiiiS_S_E8tile_out_36_addr_reg_2370                    |   10   |
|                     p_ZZ10conv_layerPaS_iiiiS_S_E8tile_out_36_load_reg_2749                    |    7   |
|                     p_ZZ10conv_layerPaS_iiiiS_S_E8tile_out_37_addr_reg_2375                    |   10   |
|                     p_ZZ10conv_layerPaS_iiiiS_S_E8tile_out_37_load_reg_2754                    |    7   |
|                     p_ZZ10conv_layerPaS_iiiiS_S_E8tile_out_38_addr_reg_2380                    |   10   |
|                     p_ZZ10conv_layerPaS_iiiiS_S_E8tile_out_38_load_reg_2759                    |    7   |
|                     p_ZZ10conv_layerPaS_iiiiS_S_E8tile_out_39_addr_reg_2385                    |   10   |
|                     p_ZZ10conv_layerPaS_iiiiS_S_E8tile_out_39_load_reg_2764                    |    7   |
|                     p_ZZ10conv_layerPaS_iiiiS_S_E8tile_out_40_addr_reg_2390                    |   10   |
|                     p_ZZ10conv_layerPaS_iiiiS_S_E8tile_out_40_load_reg_2769                    |    7   |
|                     p_ZZ10conv_layerPaS_iiiiS_S_E8tile_out_41_addr_reg_2395                    |   10   |
|                     p_ZZ10conv_layerPaS_iiiiS_S_E8tile_out_42_addr_reg_2400                    |   10   |
|                     p_ZZ10conv_layerPaS_iiiiS_S_E8tile_out_43_addr_reg_2405                    |   10   |
|                     p_ZZ10conv_layerPaS_iiiiS_S_E8tile_out_44_addr_reg_2410                    |   10   |
|                     p_ZZ10conv_layerPaS_iiiiS_S_E8tile_out_46_addr_reg_2420                    |   10   |
|                     p_ZZ10conv_layerPaS_iiiiS_S_E8tile_out_46_load_reg_2799                    |    7   |
|                     p_ZZ10conv_layerPaS_iiiiS_S_E8tile_out_47_addr_reg_2425                    |   10   |
|                     p_ZZ10conv_layerPaS_iiiiS_S_E8tile_out_47_load_reg_2804                    |    7   |
|                     p_ZZ10conv_layerPaS_iiiiS_S_E8tile_out_48_addr_reg_2430                    |   10   |
|                     p_ZZ10conv_layerPaS_iiiiS_S_E8tile_out_48_load_reg_2809                    |    7   |
|                     p_ZZ10conv_layerPaS_iiiiS_S_E8tile_out_49_addr_reg_2435                    |   10   |
|                     p_ZZ10conv_layerPaS_iiiiS_S_E8tile_out_49_load_reg_2814                    |    7   |
|                     p_ZZ10conv_layerPaS_iiiiS_S_E8tile_out_50_addr_reg_2440                    |   10   |
|                     p_ZZ10conv_layerPaS_iiiiS_S_E8tile_out_50_load_reg_2819                    |    7   |
|                     p_ZZ10conv_layerPaS_iiiiS_S_E8tile_out_51_addr_reg_2445                    |   10   |
|                     p_ZZ10conv_layerPaS_iiiiS_S_E8tile_out_52_addr_reg_2450                    |   10   |
|                     p_ZZ10conv_layerPaS_iiiiS_S_E8tile_out_53_addr_reg_2455                    |   10   |
|                     p_ZZ10conv_layerPaS_iiiiS_S_E8tile_out_54_addr_reg_2460                    |   10   |
|                     p_ZZ10conv_layerPaS_iiiiS_S_E8tile_out_56_addr_reg_2470                    |   10   |
|                     p_ZZ10conv_layerPaS_iiiiS_S_E8tile_out_56_load_reg_2849                    |    7   |
|                     p_ZZ10conv_layerPaS_iiiiS_S_E8tile_out_57_addr_reg_2475                    |   10   |
|                     p_ZZ10conv_layerPaS_iiiiS_S_E8tile_out_57_load_reg_2854                    |    7   |
|                     p_ZZ10conv_layerPaS_iiiiS_S_E8tile_out_58_addr_reg_2480                    |   10   |
|                     p_ZZ10conv_layerPaS_iiiiS_S_E8tile_out_58_load_reg_2859                    |    7   |
|                     p_ZZ10conv_layerPaS_iiiiS_S_E8tile_out_59_addr_reg_2485                    |   10   |
|                     p_ZZ10conv_layerPaS_iiiiS_S_E8tile_out_59_load_reg_2864                    |    7   |
|                     p_ZZ10conv_layerPaS_iiiiS_S_E8tile_out_60_addr_reg_2490                    |   10   |
|                     p_ZZ10conv_layerPaS_iiiiS_S_E8tile_out_60_load_reg_2869                    |    7   |
|                     p_ZZ10conv_layerPaS_iiiiS_S_E8tile_out_61_addr_reg_2495                    |   10   |
|                     p_ZZ10conv_layerPaS_iiiiS_S_E8tile_out_62_addr_reg_2500                    |   10   |
|                     p_ZZ10conv_layerPaS_iiiiS_S_E8tile_out_63_addr_reg_2505                    |   10   |
|                                     select_ln105_1_reg_2219                                    |    6   |
|                                      select_ln105_reg_2211                                     |    6   |
|                                         tmp21_reg_2230                                         |   53   |
|                                          tmp_reg_2874                                          |   36   |
|                                      trunc_ln116_reg_2225                                      |    5   |
|                                        tx_cast_reg_2186                                        |   32   |
|                                        ty_cast_reg_2197                                        |   32   |
|                                           x_reg_2160                                           |    6   |
|                                        y_1_cast_reg_2235                                       |   36   |
|                                           y_reg_2167                                           |    6   |
+------------------------------------------------------------------------------------------------+--------+
|                                              Total                                             |  1495  |
+------------------------------------------------------------------------------------------------+--------+

* Multiplexer (MUX) list: 
|----------------------|------|------|------|--------||---------||---------||---------|
|         Comp         |  Pin | Size |  BW  | S x BW ||  Delay  ||    FF   ||   LUT   |
|----------------------|------|------|------|--------||---------||---------||---------|
| grp_writeresp_fu_274 |  p0  |   2  |   1  |    2   |
|  grp_access_fu_1242  |  p0  |   2  |  10  |   20   ||    0    ||    9    |
|  grp_access_fu_1248  |  p0  |   2  |  10  |   20   ||    0    ||    9    |
|  grp_access_fu_1254  |  p0  |   2  |  10  |   20   ||    0    ||    9    |
|  grp_access_fu_1260  |  p0  |   2  |  10  |   20   ||    0    ||    9    |
|  grp_access_fu_1266  |  p0  |   2  |  10  |   20   ||    0    ||    9    |
|  grp_access_fu_1272  |  p0  |   2  |  10  |   20   ||    0    ||    9    |
|  grp_access_fu_1278  |  p0  |   2  |  10  |   20   ||    0    ||    9    |
|  grp_access_fu_1284  |  p0  |   2  |  10  |   20   ||    0    ||    9    |
|  grp_access_fu_1290  |  p0  |   2  |  10  |   20   ||    0    ||    9    |
|  grp_access_fu_1296  |  p0  |   2  |  10  |   20   ||    0    ||    9    |
|  grp_access_fu_1302  |  p0  |   2  |  10  |   20   ||    0    ||    9    |
|  grp_access_fu_1308  |  p0  |   2  |  10  |   20   ||    0    ||    9    |
|  grp_access_fu_1314  |  p0  |   2  |  10  |   20   ||    0    ||    9    |
|  grp_access_fu_1320  |  p0  |   2  |  10  |   20   ||    0    ||    9    |
|  grp_access_fu_1326  |  p0  |   2  |  10  |   20   ||    0    ||    9    |
|  grp_access_fu_1332  |  p0  |   2  |  10  |   20   ||    0    ||    9    |
|  grp_access_fu_1338  |  p0  |   2  |  10  |   20   ||    0    ||    9    |
|  grp_access_fu_1344  |  p0  |   2  |  10  |   20   ||    0    ||    9    |
|  grp_access_fu_1350  |  p0  |   2  |  10  |   20   ||    0    ||    9    |
|  grp_access_fu_1356  |  p0  |   2  |  10  |   20   ||    0    ||    9    |
|  grp_access_fu_1362  |  p0  |   2  |  10  |   20   ||    0    ||    9    |
|  grp_access_fu_1368  |  p0  |   2  |  10  |   20   ||    0    ||    9    |
|  grp_access_fu_1374  |  p0  |   2  |  10  |   20   ||    0    ||    9    |
|  grp_access_fu_1380  |  p0  |   2  |  10  |   20   ||    0    ||    9    |
|  grp_access_fu_1386  |  p0  |   2  |  10  |   20   ||    0    ||    9    |
|  grp_access_fu_1392  |  p0  |   2  |  10  |   20   ||    0    ||    9    |
|  grp_access_fu_1398  |  p0  |   2  |  10  |   20   ||    0    ||    9    |
|  grp_access_fu_1404  |  p0  |   2  |  10  |   20   ||    0    ||    9    |
|  grp_access_fu_1410  |  p0  |   2  |  10  |   20   ||    0    ||    9    |
|  grp_access_fu_1416  |  p0  |   2  |  10  |   20   ||    0    ||    9    |
|  grp_access_fu_1422  |  p0  |   2  |  10  |   20   ||    0    ||    9    |
|  grp_access_fu_1428  |  p0  |   2  |  10  |   20   ||    0    ||    9    |
|  grp_access_fu_1434  |  p0  |   2  |  10  |   20   ||    0    ||    9    |
|  grp_access_fu_1440  |  p0  |   2  |  10  |   20   ||    0    ||    9    |
|  grp_access_fu_1446  |  p0  |   2  |  10  |   20   ||    0    ||    9    |
|  grp_access_fu_1452  |  p0  |   2  |  10  |   20   ||    0    ||    9    |
|  grp_access_fu_1458  |  p0  |   2  |  10  |   20   ||    0    ||    9    |
|  grp_access_fu_1464  |  p0  |   2  |  10  |   20   ||    0    ||    9    |
|  grp_access_fu_1470  |  p0  |   2  |  10  |   20   ||    0    ||    9    |
|  grp_access_fu_1476  |  p0  |   2  |  10  |   20   ||    0    ||    9    |
|  grp_access_fu_1482  |  p0  |   2  |  10  |   20   ||    0    ||    9    |
|  grp_access_fu_1488  |  p0  |   2  |  10  |   20   ||    0    ||    9    |
|  grp_access_fu_1494  |  p0  |   2  |  10  |   20   ||    0    ||    9    |
|  grp_access_fu_1500  |  p0  |   2  |  10  |   20   ||    0    ||    9    |
|  grp_access_fu_1506  |  p0  |   2  |  10  |   20   ||    0    ||    9    |
|  grp_access_fu_1512  |  p0  |   2  |  10  |   20   ||    0    ||    9    |
|  grp_access_fu_1518  |  p0  |   2  |  10  |   20   ||    0    ||    9    |
|  grp_access_fu_1524  |  p0  |   2  |  10  |   20   ||    0    ||    9    |
|  grp_access_fu_1530  |  p0  |   2  |  10  |   20   ||    0    ||    9    |
|  grp_access_fu_1536  |  p0  |   2  |  10  |   20   ||    0    ||    9    |
|  grp_access_fu_1542  |  p0  |   2  |  10  |   20   ||    0    ||    9    |
|  grp_access_fu_1548  |  p0  |   2  |  10  |   20   ||    0    ||    9    |
|  grp_access_fu_1554  |  p0  |   2  |  10  |   20   ||    0    ||    9    |
|  grp_access_fu_1560  |  p0  |   2  |  10  |   20   ||    0    ||    9    |
|  grp_access_fu_1566  |  p0  |   2  |  10  |   20   ||    0    ||    9    |
|  grp_access_fu_1572  |  p0  |   2  |  10  |   20   ||    0    ||    9    |
|  grp_access_fu_1578  |  p0  |   2  |  10  |   20   ||    0    ||    9    |
|  grp_access_fu_1584  |  p0  |   2  |  10  |   20   ||    0    ||    9    |
|  grp_access_fu_1590  |  p0  |   2  |  10  |   20   ||    0    ||    9    |
|  grp_access_fu_1596  |  p0  |   2  |  10  |   20   ||    0    ||    9    |
|  grp_access_fu_1602  |  p0  |   2  |  10  |   20   ||    0    ||    9    |
|      grp_fu_1623     |  p0  |   2  |   6  |   12   ||    0    ||    9    |
|----------------------|------|------|------|--------||---------||---------||---------|
|         Total        |      |      |      |  1234  ||  101.43 ||    0    ||   558   |
|----------------------|------|------|------|--------||---------||---------||---------|



* Summary:
+-----------+--------+--------+--------+--------+
|           |   DSP  |  Delay |   FF   |   LUT  |
+-----------+--------+--------+--------+--------+
|  Function |    2   |    -   |   141  |   542  |
|   Memory  |    -   |    -   |    -   |    -   |
|Multiplexer|    -   |   101  |    0   |   558  |
|  Register |    -   |    -   |  1495  |    -   |
+-----------+--------+--------+--------+--------+
|   Total   |    2   |   101  |  1636  |  1100  |
+-----------+--------+--------+--------+--------+
