

================================================================
== Vitis HLS Report for 'conv_layer_2_Pipeline_VITIS_LOOP_43_4_VITIS_LOOP_44_5'
================================================================
* Date:           Wed Apr 29 12:25:23 2026

* Version:        2024.2 (Build 5238294 on Nov  8 2024)
* Project:        cnn_accel
* Solution:       solution1 (Vivado IP Flow Target)
* Product family: artix7
* Target device:  xc7a200t-sbg484-1


================================================================
== Performance Estimates
================================================================
+ Timing: 
    * Summary: 
    +--------+----------+----------+------------+
    |  Clock |  Target  | Estimated| Uncertainty|
    +--------+----------+----------+------------+
    |ap_clk  |  10.00 ns|  7.300 ns|     2.70 ns|
    +--------+----------+----------+------------+

+ Latency: 
    * Summary: 
    +---------+---------+-----------+----------+------+-------+---------+
    |  Latency (cycles) |  Latency (absolute)  |   Interval   | Pipeline|
    |   min   |   max   |    min    |    max   |  min |  max  |   Type  |
    +---------+---------+-----------+----------+------+-------+---------+
    |     3889|    19117|  38.890 us|  0.191 ms|  3889|  19117|       no|
    +---------+---------+-----------+----------+------+-------+---------+

    + Detail: 
        * Instance: 
        N/A

        * Loop: 
        +-----------------------------------+---------+---------+----------+-----------+-----------+------+----------+
        |                                   |  Latency (cycles) | Iteration|  Initiation Interval  | Trip |          |
        |             Loop Name             |   min   |   max   |  Latency |  achieved |   target  | Count| Pipelined|
        +-----------------------------------+---------+---------+----------+-----------+-----------+------+----------+
        |- VITIS_LOOP_43_4_VITIS_LOOP_44_5  |     3888|    19116|   12 ~ 59|          -|          -|   324|        no|
        +-----------------------------------+---------+---------+----------+-----------+-----------+------+----------+



================================================================
== Utilization Estimates
================================================================
* Summary: 
+-----------------+---------+-----+--------+--------+-----+
|       Name      | BRAM_18K| DSP |   FF   |   LUT  | URAM|
+-----------------+---------+-----+--------+--------+-----+
|DSP              |        -|    -|       -|       -|    -|
|Expression       |        -|    -|       0|    2677|    -|
|FIFO             |        -|    -|       -|       -|    -|
|Instance         |        -|    4|     367|     228|    -|
|Memory           |        -|    -|       -|       -|    -|
|Multiplexer      |        -|    -|       0|    5916|    -|
|Register         |        -|    -|    6704|       -|    -|
+-----------------+---------+-----+--------+--------+-----+
|Total            |        0|    4|    7071|    8821|    0|
+-----------------+---------+-----+--------+--------+-----+
|Available        |      730|  740|  269200|  134600|    0|
+-----------------+---------+-----+--------+--------+-----+
|Utilization (%)  |        0|   ~0|       2|       6|    0|
+-----------------+---------+-----+--------+--------+-----+

+ Detail: 
    * Instance: 
    +--------------------------+--------------------+---------+----+-----+----+-----+
    |         Instance         |       Module       | BRAM_18K| DSP|  FF | LUT| URAM|
    +--------------------------+--------------------+---------+----+-----+----+-----+
    |mul_33s_32s_59_2_1_U1069  |mul_33s_32s_59_2_1  |        0|   4|  169|  52|    0|
    |mul_5ns_7ns_11_1_1_U1072  |mul_5ns_7ns_11_1_1  |        0|   0|    0|  33|    0|
    |mul_5ns_7ns_11_1_1_U1073  |mul_5ns_7ns_11_1_1  |        0|   0|    0|  33|    0|
    |urem_5ns_3ns_2_9_1_U1070  |urem_5ns_3ns_2_9_1  |        0|   0|   99|  55|    0|
    |urem_5ns_3ns_2_9_1_U1071  |urem_5ns_3ns_2_9_1  |        0|   0|   99|  55|    0|
    +--------------------------+--------------------+---------+----+-----+----+-----+
    |Total                     |                    |        0|   4|  367| 228|    0|
    +--------------------------+--------------------+---------+----+-----+----+-----+

    * DSP: 
    N/A

    * Memory: 
    N/A

    * FIFO: 
    N/A

    * Expression: 
    +--------------------------+----------+----+---+----+------------+------------+
    |       Variable Name      | Operation| DSP| FF| LUT| Bitwidth P0| Bitwidth P1|
    +--------------------------+----------+----+---+----+------------+------------+
    |add_ln43_1_fu_8929_p2     |         +|   0|  0|  16|           9|           1|
    |add_ln43_fu_8941_p2       |         +|   0|  0|  13|           5|           1|
    |add_ln44_fu_9851_p2       |         +|   0|  0|  13|           5|           1|
    |add_ln48_1_fu_9022_p2     |         +|   0|  0|  40|          33|           2|
    |add_ln48_fu_9013_p2       |         +|   0|  0|  39|          32|          32|
    |add_ln53_10_fu_9588_p2    |         +|   0|  0|  71|          64|          64|
    |add_ln53_11_fu_9600_p2    |         +|   0|  0|  71|          64|          64|
    |add_ln53_12_fu_9612_p2    |         +|   0|  0|  71|          64|          64|
    |add_ln53_13_fu_9624_p2    |         +|   0|  0|  71|          64|          64|
    |add_ln53_14_fu_9636_p2    |         +|   0|  0|  71|          64|          64|
    |add_ln53_15_fu_9648_p2    |         +|   0|  0|  71|          64|          64|
    |add_ln53_16_fu_9660_p2    |         +|   0|  0|  71|          64|          64|
    |add_ln53_17_fu_9672_p2    |         +|   0|  0|  71|          64|          64|
    |add_ln53_18_fu_9684_p2    |         +|   0|  0|  71|          64|          64|
    |add_ln53_19_fu_9696_p2    |         +|   0|  0|  71|          64|          64|
    |add_ln53_1_fu_9480_p2     |         +|   0|  0|  71|          64|          64|
    |add_ln53_20_fu_9708_p2    |         +|   0|  0|  71|          64|          64|
    |add_ln53_21_fu_9720_p2    |         +|   0|  0|  71|          64|          64|
    |add_ln53_22_fu_9732_p2    |         +|   0|  0|  71|          64|          64|
    |add_ln53_23_fu_9744_p2    |         +|   0|  0|  71|          64|          64|
    |add_ln53_24_fu_9756_p2    |         +|   0|  0|  71|          64|          64|
    |add_ln53_25_fu_9768_p2    |         +|   0|  0|  71|          64|          64|
    |add_ln53_26_fu_9780_p2    |         +|   0|  0|  71|          64|          64|
    |add_ln53_27_fu_9792_p2    |         +|   0|  0|  71|          64|          64|
    |add_ln53_28_fu_9804_p2    |         +|   0|  0|  71|          64|          64|
    |add_ln53_29_fu_9816_p2    |         +|   0|  0|  71|          64|          64|
    |add_ln53_2_fu_9492_p2     |         +|   0|  0|  71|          64|          64|
    |add_ln53_30_fu_9828_p2    |         +|   0|  0|  71|          64|          64|
    |add_ln53_31_fu_9840_p2    |         +|   0|  0|  71|          64|          64|
    |add_ln53_32_fu_9153_p2    |         +|   0|  0|   7|           6|           6|
    |add_ln53_3_fu_9504_p2     |         +|   0|  0|  71|          64|          64|
    |add_ln53_4_fu_9516_p2     |         +|   0|  0|  71|          64|          64|
    |add_ln53_5_fu_9528_p2     |         +|   0|  0|  71|          64|          64|
    |add_ln53_6_fu_9540_p2     |         +|   0|  0|  71|          64|          64|
    |add_ln53_7_fu_9552_p2     |         +|   0|  0|  71|          64|          64|
    |add_ln53_8_fu_9564_p2     |         +|   0|  0|  71|          64|          64|
    |add_ln53_9_fu_9576_p2     |         +|   0|  0|  71|          64|          64|
    |add_ln53_fu_9462_p2       |         +|   0|  0|  71|          64|          64|
    |empty_52_fu_8986_p2       |         +|   0|  0|  40|          33|           2|
    |empty_55_fu_9066_p2       |         +|   0|  0|  66|          59|          59|
    |empty_fu_8977_p2          |         +|   0|  0|  39|          32|          32|
    |sub_ln43_fu_9120_p2       |         -|   0|  0|   7|           6|           6|
    |cmp26_fu_9000_p2          |      icmp|   0|  0|  40|          33|          33|
    |cmp28_fu_9036_p2          |      icmp|   0|  0|  40|          33|          33|
    |icmp_ln43_fu_8923_p2      |      icmp|   0|  0|  16|           9|           9|
    |icmp_ln44_fu_8947_p2      |      icmp|   0|  0|  13|           5|           5|
    |thr_or41_fu_9053_p2       |        or|   0|  0|   2|           1|           1|
    |tmp1_fu_9041_p2           |        or|   0|  0|   2|           1|           1|
    |tmp2_fu_9047_p2           |        or|   0|  0|   2|           1|           1|
    |select_ln43_1_fu_8961_p3  |    select|   0|  0|   5|           1|           5|
    |select_ln43_fu_8953_p3    |    select|   0|  0|   5|           1|           1|
    +--------------------------+----------+----+---+----+------------+------------+
    |Total                     |          |   0|  0|2677|        2353|        2279|
    +--------------------------+----------+----+---+----+------------+------------+

    * Multiplexer: 
    +-----------------------+------+-----------+-----+-----------+
    |          Name         |  LUT | Input Size| Bits| Total Bits|
    +-----------------------+------+-----------+-----+-----------+
    |ap_NS_fsm              |  1975|        374|    1|        374|
    |gmem_blk_n_AR          |     9|          2|    1|          2|
    |gmem_blk_n_R           |     9|          2|    1|          2|
    |indvar_flatten_fu_750  |     9|          2|    9|         18|
    |m_axi_gmem_0_ARADDR    |   152|         33|   64|       2112|
    |tile_in_100_d0_local   |    13|          3|    8|         24|
    |tile_in_101_d0_local   |    13|          3|    8|         24|
    |tile_in_102_d0_local   |    13|          3|    8|         24|
    |tile_in_103_d0_local   |    13|          3|    8|         24|
    |tile_in_104_d0_local   |    13|          3|    8|         24|
    |tile_in_105_d0_local   |    13|          3|    8|         24|
    |tile_in_106_d0_local   |    13|          3|    8|         24|
    |tile_in_107_d0_local   |    13|          3|    8|         24|
    |tile_in_108_d0_local   |    13|          3|    8|         24|
    |tile_in_109_d0_local   |    13|          3|    8|         24|
    |tile_in_10_d0_local    |    13|          3|    8|         24|
    |tile_in_110_d0_local   |    13|          3|    8|         24|
    |tile_in_111_d0_local   |    13|          3|    8|         24|
    |tile_in_112_d0_local   |    13|          3|    8|         24|
    |tile_in_113_d0_local   |    13|          3|    8|         24|
    |tile_in_114_d0_local   |    13|          3|    8|         24|
    |tile_in_115_d0_local   |    13|          3|    8|         24|
    |tile_in_116_d0_local   |    13|          3|    8|         24|
    |tile_in_117_d0_local   |    13|          3|    8|         24|
    |tile_in_118_d0_local   |    13|          3|    8|         24|
    |tile_in_119_d0_local   |    13|          3|    8|         24|
    |tile_in_11_d0_local    |    13|          3|    8|         24|
    |tile_in_120_d0_local   |    13|          3|    8|         24|
    |tile_in_121_d0_local   |    13|          3|    8|         24|
    |tile_in_122_d0_local   |    13|          3|    8|         24|
    |tile_in_123_d0_local   |    13|          3|    8|         24|
    |tile_in_124_d0_local   |    13|          3|    8|         24|
    |tile_in_125_d0_local   |    13|          3|    8|         24|
    |tile_in_126_d0_local   |    13|          3|    8|         24|
    |tile_in_127_d0_local   |    13|          3|    8|         24|
    |tile_in_128_d0_local   |    13|          3|    8|         24|
    |tile_in_129_d0_local   |    13|          3|    8|         24|
    |tile_in_12_d0_local    |    13|          3|    8|         24|
    |tile_in_130_d0_local   |    13|          3|    8|         24|
    |tile_in_131_d0_local   |    13|          3|    8|         24|
    |tile_in_132_d0_local   |    13|          3|    8|         24|
    |tile_in_133_d0_local   |    13|          3|    8|         24|
    |tile_in_134_d0_local   |    13|          3|    8|         24|
    |tile_in_135_d0_local   |    13|          3|    8|         24|
    |tile_in_136_d0_local   |    13|          3|    8|         24|
    |tile_in_137_d0_local   |    13|          3|    8|         24|
    |tile_in_138_d0_local   |    13|          3|    8|         24|
    |tile_in_139_d0_local   |    13|          3|    8|         24|
    |tile_in_13_d0_local    |    13|          3|    8|         24|
    |tile_in_140_d0_local   |    13|          3|    8|         24|
    |tile_in_141_d0_local   |    13|          3|    8|         24|
    |tile_in_142_d0_local   |    13|          3|    8|         24|
    |tile_in_143_d0_local   |    13|          3|    8|         24|
    |tile_in_144_d0_local   |    13|          3|    8|         24|
    |tile_in_145_d0_local   |    13|          3|    8|         24|
    |tile_in_146_d0_local   |    13|          3|    8|         24|
    |tile_in_147_d0_local   |    13|          3|    8|         24|
    |tile_in_148_d0_local   |    13|          3|    8|         24|
    |tile_in_149_d0_local   |    13|          3|    8|         24|
    |tile_in_14_d0_local    |    13|          3|    8|         24|
    |tile_in_150_d0_local   |    13|          3|    8|         24|
    |tile_in_151_d0_local   |    13|          3|    8|         24|
    |tile_in_152_d0_local   |    13|          3|    8|         24|
    |tile_in_153_d0_local   |    13|          3|    8|         24|
    |tile_in_154_d0_local   |    13|          3|    8|         24|
    |tile_in_155_d0_local   |    13|          3|    8|         24|
    |tile_in_156_d0_local   |    13|          3|    8|         24|
    |tile_in_157_d0_local   |    13|          3|    8|         24|
    |tile_in_158_d0_local   |    13|          3|    8|         24|
    |tile_in_159_d0_local   |    13|          3|    8|         24|
    |tile_in_15_d0_local    |    13|          3|    8|         24|
    |tile_in_160_d0_local   |    13|          3|    8|         24|
    |tile_in_161_d0_local   |    13|          3|    8|         24|
    |tile_in_162_d0_local   |    13|          3|    8|         24|
    |tile_in_163_d0_local   |    13|          3|    8|         24|
    |tile_in_164_d0_local   |    13|          3|    8|         24|
    |tile_in_165_d0_local   |    13|          3|    8|         24|
    |tile_in_166_d0_local   |    13|          3|    8|         24|
    |tile_in_167_d0_local   |    13|          3|    8|         24|
    |tile_in_168_d0_local   |    13|          3|    8|         24|
    |tile_in_169_d0_local   |    13|          3|    8|         24|
    |tile_in_16_d0_local    |    13|          3|    8|         24|
    |tile_in_170_d0_local   |    13|          3|    8|         24|
    |tile_in_171_d0_local   |    13|          3|    8|         24|
    |tile_in_172_d0_local   |    13|          3|    8|         24|
    |tile_in_173_d0_local   |    13|          3|    8|         24|
    |tile_in_174_d0_local   |    13|          3|    8|         24|
    |tile_in_175_d0_local   |    13|          3|    8|         24|
    |tile_in_176_d0_local   |    13|          3|    8|         24|
    |tile_in_177_d0_local   |    13|          3|    8|         24|
    |tile_in_178_d0_local   |    13|          3|    8|         24|
    |tile_in_179_d0_local   |    13|          3|    8|         24|
    |tile_in_17_d0_local    |    13|          3|    8|         24|
    |tile_in_180_d0_local   |    13|          3|    8|         24|
    |tile_in_181_d0_local   |    13|          3|    8|         24|
    |tile_in_182_d0_local   |    13|          3|    8|         24|
    |tile_in_183_d0_local   |    13|          3|    8|         24|
    |tile_in_184_d0_local   |    13|          3|    8|         24|
    |tile_in_185_d0_local   |    13|          3|    8|         24|
    |tile_in_186_d0_local   |    13|          3|    8|         24|
    |tile_in_187_d0_local   |    13|          3|    8|         24|
    |tile_in_188_d0_local   |    13|          3|    8|         24|
    |tile_in_189_d0_local   |    13|          3|    8|         24|
    |tile_in_18_d0_local    |    13|          3|    8|         24|
    |tile_in_190_d0_local   |    13|          3|    8|         24|
    |tile_in_191_d0_local   |    13|          3|    8|         24|
    |tile_in_192_d0_local   |    13|          3|    8|         24|
    |tile_in_193_d0_local   |    13|          3|    8|         24|
    |tile_in_194_d0_local   |    13|          3|    8|         24|
    |tile_in_195_d0_local   |    13|          3|    8|         24|
    |tile_in_196_d0_local   |    13|          3|    8|         24|
    |tile_in_197_d0_local   |    13|          3|    8|         24|
    |tile_in_198_d0_local   |    13|          3|    8|         24|
    |tile_in_199_d0_local   |    13|          3|    8|         24|
    |tile_in_19_d0_local    |    13|          3|    8|         24|
    |tile_in_1_d0_local     |    13|          3|    8|         24|
    |tile_in_200_d0_local   |    13|          3|    8|         24|
    |tile_in_201_d0_local   |    13|          3|    8|         24|
    |tile_in_202_d0_local   |    13|          3|    8|         24|
    |tile_in_203_d0_local   |    13|          3|    8|         24|
    |tile_in_204_d0_local   |    13|          3|    8|         24|
    |tile_in_205_d0_local   |    13|          3|    8|         24|
    |tile_in_206_d0_local   |    13|          3|    8|         24|
    |tile_in_207_d0_local   |    13|          3|    8|         24|
    |tile_in_208_d0_local   |    13|          3|    8|         24|
    |tile_in_209_d0_local   |    13|          3|    8|         24|
    |tile_in_20_d0_local    |    13|          3|    8|         24|
    |tile_in_210_d0_local   |    13|          3|    8|         24|
    |tile_in_211_d0_local   |    13|          3|    8|         24|
    |tile_in_212_d0_local   |    13|          3|    8|         24|
    |tile_in_213_d0_local   |    13|          3|    8|         24|
    |tile_in_214_d0_local   |    13|          3|    8|         24|
    |tile_in_215_d0_local   |    13|          3|    8|         24|
    |tile_in_216_d0_local   |    13|          3|    8|         24|
    |tile_in_217_d0_local   |    13|          3|    8|         24|
    |tile_in_218_d0_local   |    13|          3|    8|         24|
    |tile_in_219_d0_local   |    13|          3|    8|         24|
    |tile_in_21_d0_local    |    13|          3|    8|         24|
    |tile_in_220_d0_local   |    13|          3|    8|         24|
    |tile_in_221_d0_local   |    13|          3|    8|         24|
    |tile_in_222_d0_local   |    13|          3|    8|         24|
    |tile_in_223_d0_local   |    13|          3|    8|         24|
    |tile_in_224_d0_local   |    13|          3|    8|         24|
    |tile_in_225_d0_local   |    13|          3|    8|         24|
    |tile_in_226_d0_local   |    13|          3|    8|         24|
    |tile_in_227_d0_local   |    13|          3|    8|         24|
    |tile_in_228_d0_local   |    13|          3|    8|         24|
    |tile_in_229_d0_local   |    13|          3|    8|         24|
    |tile_in_22_d0_local    |    13|          3|    8|         24|
    |tile_in_230_d0_local   |    13|          3|    8|         24|
    |tile_in_231_d0_local   |    13|          3|    8|         24|
    |tile_in_232_d0_local   |    13|          3|    8|         24|
    |tile_in_233_d0_local   |    13|          3|    8|         24|
    |tile_in_234_d0_local   |    13|          3|    8|         24|
    |tile_in_235_d0_local   |    13|          3|    8|         24|
    |tile_in_236_d0_local   |    13|          3|    8|         24|
    |tile_in_237_d0_local   |    13|          3|    8|         24|
    |tile_in_238_d0_local   |    13|          3|    8|         24|
    |tile_in_239_d0_local   |    13|          3|    8|         24|
    |tile_in_23_d0_local    |    13|          3|    8|         24|
    |tile_in_240_d0_local   |    13|          3|    8|         24|
    |tile_in_241_d0_local   |    13|          3|    8|         24|
    |tile_in_242_d0_local   |    13|          3|    8|         24|
    |tile_in_243_d0_local   |    13|          3|    8|         24|
    |tile_in_244_d0_local   |    13|          3|    8|         24|
    |tile_in_245_d0_local   |    13|          3|    8|         24|
    |tile_in_246_d0_local   |    13|          3|    8|         24|
    |tile_in_247_d0_local   |    13|          3|    8|         24|
    |tile_in_248_d0_local   |    13|          3|    8|         24|
    |tile_in_249_d0_local   |    13|          3|    8|         24|
    |tile_in_24_d0_local    |    13|          3|    8|         24|
    |tile_in_250_d0_local   |    13|          3|    8|         24|
    |tile_in_251_d0_local   |    13|          3|    8|         24|
    |tile_in_252_d0_local   |    13|          3|    8|         24|
    |tile_in_253_d0_local   |    13|          3|    8|         24|
    |tile_in_254_d0_local   |    13|          3|    8|         24|
    |tile_in_255_d0_local   |    13|          3|    8|         24|
    |tile_in_256_d0_local   |    13|          3|    8|         24|
    |tile_in_257_d0_local   |    13|          3|    8|         24|
    |tile_in_258_d0_local   |    13|          3|    8|         24|
    |tile_in_259_d0_local   |    13|          3|    8|         24|
    |tile_in_25_d0_local    |    13|          3|    8|         24|
    |tile_in_260_d0_local   |    13|          3|    8|         24|
    |tile_in_261_d0_local   |    13|          3|    8|         24|
    |tile_in_262_d0_local   |    13|          3|    8|         24|
    |tile_in_263_d0_local   |    13|          3|    8|         24|
    |tile_in_264_d0_local   |    13|          3|    8|         24|
    |tile_in_265_d0_local   |    13|          3|    8|         24|
    |tile_in_266_d0_local   |    13|          3|    8|         24|
    |tile_in_267_d0_local   |    13|          3|    8|         24|
    |tile_in_268_d0_local   |    13|          3|    8|         24|
    |tile_in_269_d0_local   |    13|          3|    8|         24|
    |tile_in_26_d0_local    |    13|          3|    8|         24|
    |tile_in_270_d0_local   |    13|          3|    8|         24|
    |tile_in_271_d0_local   |    13|          3|    8|         24|
    |tile_in_272_d0_local   |    13|          3|    8|         24|
    |tile_in_273_d0_local   |    13|          3|    8|         24|
    |tile_in_274_d0_local   |    13|          3|    8|         24|
    |tile_in_275_d0_local   |    13|          3|    8|         24|
    |tile_in_276_d0_local   |    13|          3|    8|         24|
    |tile_in_277_d0_local   |    13|          3|    8|         24|
    |tile_in_278_d0_local   |    13|          3|    8|         24|
    |tile_in_279_d0_local   |    13|          3|    8|         24|
    |tile_in_27_d0_local    |    13|          3|    8|         24|
    |tile_in_280_d0_local   |    13|          3|    8|         24|
    |tile_in_281_d0_local   |    13|          3|    8|         24|
    |tile_in_282_d0_local   |    13|          3|    8|         24|
    |tile_in_283_d0_local   |    13|          3|    8|         24|
    |tile_in_284_d0_local   |    13|          3|    8|         24|
    |tile_in_285_d0_local   |    13|          3|    8|         24|
    |tile_in_286_d0_local   |    13|          3|    8|         24|
    |tile_in_287_d0_local   |    13|          3|    8|         24|
    |tile_in_28_d0_local    |    13|          3|    8|         24|
    |tile_in_29_d0_local    |    13|          3|    8|         24|
    |tile_in_2_d0_local     |    13|          3|    8|         24|
    |tile_in_30_d0_local    |    13|          3|    8|         24|
    |tile_in_31_d0_local    |    13|          3|    8|         24|
    |tile_in_32_d0_local    |    13|          3|    8|         24|
    |tile_in_33_d0_local    |    13|          3|    8|         24|
    |tile_in_34_d0_local    |    13|          3|    8|         24|
    |tile_in_35_d0_local    |    13|          3|    8|         24|
    |tile_in_36_d0_local    |    13|          3|    8|         24|
    |tile_in_37_d0_local    |    13|          3|    8|         24|
    |tile_in_38_d0_local    |    13|          3|    8|         24|
    |tile_in_39_d0_local    |    13|          3|    8|         24|
    |tile_in_3_d0_local     |    13|          3|    8|         24|
    |tile_in_40_d0_local    |    13|          3|    8|         24|
    |tile_in_41_d0_local    |    13|          3|    8|         24|
    |tile_in_42_d0_local    |    13|          3|    8|         24|
    |tile_in_43_d0_local    |    13|          3|    8|         24|
    |tile_in_44_d0_local    |    13|          3|    8|         24|
    |tile_in_45_d0_local    |    13|          3|    8|         24|
    |tile_in_46_d0_local    |    13|          3|    8|         24|
    |tile_in_47_d0_local    |    13|          3|    8|         24|
    |tile_in_48_d0_local    |    13|          3|    8|         24|
    |tile_in_49_d0_local    |    13|          3|    8|         24|
    |tile_in_4_d0_local     |    13|          3|    8|         24|
    |tile_in_50_d0_local    |    13|          3|    8|         24|
    |tile_in_51_d0_local    |    13|          3|    8|         24|
    |tile_in_52_d0_local    |    13|          3|    8|         24|
    |tile_in_53_d0_local    |    13|          3|    8|         24|
    |tile_in_54_d0_local    |    13|          3|    8|         24|
    |tile_in_55_d0_local    |    13|          3|    8|         24|
    |tile_in_56_d0_local    |    13|          3|    8|         24|
    |tile_in_57_d0_local    |    13|          3|    8|         24|
    |tile_in_58_d0_local    |    13|          3|    8|         24|
    |tile_in_59_d0_local    |    13|          3|    8|         24|
    |tile_in_5_d0_local     |    13|          3|    8|         24|
    |tile_in_60_d0_local    |    13|          3|    8|         24|
    |tile_in_61_d0_local    |    13|          3|    8|         24|
    |tile_in_62_d0_local    |    13|          3|    8|         24|
    |tile_in_63_d0_local    |    13|          3|    8|         24|
    |tile_in_64_d0_local    |    13|          3|    8|         24|
    |tile_in_65_d0_local    |    13|          3|    8|         24|
    |tile_in_66_d0_local    |    13|          3|    8|         24|
    |tile_in_67_d0_local    |    13|          3|    8|         24|
    |tile_in_68_d0_local    |    13|          3|    8|         24|
    |tile_in_69_d0_local    |    13|          3|    8|         24|
    |tile_in_6_d0_local     |    13|          3|    8|         24|
    |tile_in_70_d0_local    |    13|          3|    8|         24|
    |tile_in_71_d0_local    |    13|          3|    8|         24|
    |tile_in_72_d0_local    |    13|          3|    8|         24|
    |tile_in_73_d0_local    |    13|          3|    8|         24|
    |tile_in_74_d0_local    |    13|          3|    8|         24|
    |tile_in_75_d0_local    |    13|          3|    8|         24|
    |tile_in_76_d0_local    |    13|          3|    8|         24|
    |tile_in_77_d0_local    |    13|          3|    8|         24|
    |tile_in_78_d0_local    |    13|          3|    8|         24|
    |tile_in_79_d0_local    |    13|          3|    8|         24|
    |tile_in_7_d0_local     |    13|          3|    8|         24|
    |tile_in_80_d0_local    |    13|          3|    8|         24|
    |tile_in_81_d0_local    |    13|          3|    8|         24|
    |tile_in_82_d0_local    |    13|          3|    8|         24|
    |tile_in_83_d0_local    |    13|          3|    8|         24|
    |tile_in_84_d0_local    |    13|          3|    8|         24|
    |tile_in_85_d0_local    |    13|          3|    8|         24|
    |tile_in_86_d0_local    |    13|          3|    8|         24|
    |tile_in_87_d0_local    |    13|          3|    8|         24|
    |tile_in_88_d0_local    |    13|          3|    8|         24|
    |tile_in_89_d0_local    |    13|          3|    8|         24|
    |tile_in_8_d0_local     |    13|          3|    8|         24|
    |tile_in_90_d0_local    |    13|          3|    8|         24|
    |tile_in_91_d0_local    |    13|          3|    8|         24|
    |tile_in_92_d0_local    |    13|          3|    8|         24|
    |tile_in_93_d0_local    |    13|          3|    8|         24|
    |tile_in_94_d0_local    |    13|          3|    8|         24|
    |tile_in_95_d0_local    |    13|          3|    8|         24|
    |tile_in_96_d0_local    |    13|          3|    8|         24|
    |tile_in_97_d0_local    |    13|          3|    8|         24|
    |tile_in_98_d0_local    |    13|          3|    8|         24|
    |tile_in_99_d0_local    |    13|          3|    8|         24|
    |tile_in_9_d0_local     |    13|          3|    8|         24|
    |tile_in_d0_local       |    13|          3|    8|         24|
    |x_fu_742               |     9|          2|    5|         10|
    |y_fu_746               |     9|          2|    5|         10|
    +-----------------------+------+-----------+-----+-----------+
    |Total                  |  5916|       1281| 2390|       9440|
    +-----------------------+------+-----------+-----+-----------+

    * Register: 
    +------------------------------+-----+----+-----+-----------+
    |             Name             |  FF | LUT| Bits| Const Bits|
    +------------------------------+-----+----+-----+-----------+
    |add_ln43_1_reg_9950           |    9|   0|    9|          0|
    |add_ln48_1_reg_9976           |   33|   0|   33|          0|
    |add_ln53_10_reg_11538         |   64|   0|   64|          0|
    |add_ln53_11_reg_11543         |   64|   0|   64|          0|
    |add_ln53_12_reg_11548         |   64|   0|   64|          0|
    |add_ln53_13_reg_11553         |   64|   0|   64|          0|
    |add_ln53_14_reg_11558         |   64|   0|   64|          0|
    |add_ln53_15_reg_11563         |   64|   0|   64|          0|
    |add_ln53_16_reg_11568         |   64|   0|   64|          0|
    |add_ln53_17_reg_11573         |   64|   0|   64|          0|
    |add_ln53_18_reg_11578         |   64|   0|   64|          0|
    |add_ln53_19_reg_11583         |   64|   0|   64|          0|
    |add_ln53_20_reg_11588         |   64|   0|   64|          0|
    |add_ln53_21_reg_11593         |   64|   0|   64|          0|
    |add_ln53_22_reg_11598         |   64|   0|   64|          0|
    |add_ln53_23_reg_11603         |   64|   0|   64|          0|
    |add_ln53_24_reg_11608         |   64|   0|   64|          0|
    |add_ln53_25_reg_11613         |   64|   0|   64|          0|
    |add_ln53_26_reg_11618         |   64|   0|   64|          0|
    |add_ln53_27_reg_11623         |   64|   0|   64|          0|
    |add_ln53_28_reg_11628         |   64|   0|   64|          0|
    |add_ln53_29_reg_11633         |   64|   0|   64|          0|
    |add_ln53_2_reg_11498          |   64|   0|   64|          0|
    |add_ln53_30_reg_11638         |   64|   0|   64|          0|
    |add_ln53_31_reg_11643         |   64|   0|   64|          0|
    |add_ln53_3_reg_11503          |   64|   0|   64|          0|
    |add_ln53_4_reg_11508          |   64|   0|   64|          0|
    |add_ln53_5_reg_11513          |   64|   0|   64|          0|
    |add_ln53_6_reg_11518          |   64|   0|   64|          0|
    |add_ln53_7_reg_11523          |   64|   0|   64|          0|
    |add_ln53_8_reg_11528          |   64|   0|   64|          0|
    |add_ln53_9_reg_11533          |   64|   0|   64|          0|
    |ap_CS_fsm                     |  373|   0|  373|          0|
    |empty_52_reg_9971             |   33|   0|   33|          0|
    |empty_53_reg_9990             |   59|   0|   59|          0|
    |empty_55_reg_9995             |   59|   0|   59|          0|
    |gmem_addr_100_read_reg_12444  |    8|   0|    8|          0|
    |gmem_addr_101_read_reg_12449  |    8|   0|    8|          0|
    |gmem_addr_102_read_reg_12454  |    8|   0|    8|          0|
    |gmem_addr_103_read_reg_12459  |    8|   0|    8|          0|
    |gmem_addr_104_read_reg_12464  |    8|   0|    8|          0|
    |gmem_addr_105_read_reg_12469  |    8|   0|    8|          0|
    |gmem_addr_106_read_reg_12474  |    8|   0|    8|          0|
    |gmem_addr_107_read_reg_12479  |    8|   0|    8|          0|
    |gmem_addr_108_read_reg_12484  |    8|   0|    8|          0|
    |gmem_addr_109_read_reg_12489  |    8|   0|    8|          0|
    |gmem_addr_10_read_reg_12894   |    8|   0|    8|          0|
    |gmem_addr_110_read_reg_12494  |    8|   0|    8|          0|
    |gmem_addr_111_read_reg_12499  |    8|   0|    8|          0|
    |gmem_addr_112_read_reg_12504  |    8|   0|    8|          0|
    |gmem_addr_113_read_reg_12509  |    8|   0|    8|          0|
    |gmem_addr_114_read_reg_12514  |    8|   0|    8|          0|
    |gmem_addr_115_read_reg_12519  |    8|   0|    8|          0|
    |gmem_addr_116_read_reg_12524  |    8|   0|    8|          0|
    |gmem_addr_117_read_reg_12529  |    8|   0|    8|          0|
    |gmem_addr_118_read_reg_12534  |    8|   0|    8|          0|
    |gmem_addr_119_read_reg_12539  |    8|   0|    8|          0|
    |gmem_addr_11_read_reg_12899   |    8|   0|    8|          0|
    |gmem_addr_120_read_reg_12544  |    8|   0|    8|          0|
    |gmem_addr_121_read_reg_12549  |    8|   0|    8|          0|
    |gmem_addr_122_read_reg_12254  |    8|   0|    8|          0|
    |gmem_addr_123_read_reg_12259  |    8|   0|    8|          0|
    |gmem_addr_124_read_reg_12264  |    8|   0|    8|          0|
    |gmem_addr_125_read_reg_12269  |    8|   0|    8|          0|
    |gmem_addr_126_read_reg_12274  |    8|   0|    8|          0|
    |gmem_addr_127_read_reg_12279  |    8|   0|    8|          0|
    |gmem_addr_128_read_reg_12284  |    8|   0|    8|          0|
    |gmem_addr_129_read_reg_12289  |    8|   0|    8|          0|
    |gmem_addr_12_read_reg_12904   |    8|   0|    8|          0|
    |gmem_addr_130_read_reg_12294  |    8|   0|    8|          0|
    |gmem_addr_131_read_reg_12299  |    8|   0|    8|          0|
    |gmem_addr_132_read_reg_12304  |    8|   0|    8|          0|
    |gmem_addr_133_read_reg_12309  |    8|   0|    8|          0|
    |gmem_addr_134_read_reg_12314  |    8|   0|    8|          0|
    |gmem_addr_135_read_reg_12319  |    8|   0|    8|          0|
    |gmem_addr_136_read_reg_12324  |    8|   0|    8|          0|
    |gmem_addr_137_read_reg_12329  |    8|   0|    8|          0|
    |gmem_addr_138_read_reg_12334  |    8|   0|    8|          0|
    |gmem_addr_139_read_reg_12339  |    8|   0|    8|          0|
    |gmem_addr_13_read_reg_12909   |    8|   0|    8|          0|
    |gmem_addr_140_read_reg_12344  |    8|   0|    8|          0|
    |gmem_addr_141_read_reg_12349  |    8|   0|    8|          0|
    |gmem_addr_142_read_reg_12354  |    8|   0|    8|          0|
    |gmem_addr_143_read_reg_12359  |    8|   0|    8|          0|
    |gmem_addr_144_read_reg_12364  |    8|   0|    8|          0|
    |gmem_addr_145_read_reg_12369  |    8|   0|    8|          0|
    |gmem_addr_146_read_reg_12374  |    8|   0|    8|          0|
    |gmem_addr_147_read_reg_12379  |    8|   0|    8|          0|
    |gmem_addr_148_read_reg_12384  |    8|   0|    8|          0|
    |gmem_addr_149_read_reg_12389  |    8|   0|    8|          0|
    |gmem_addr_14_read_reg_12914   |    8|   0|    8|          0|
    |gmem_addr_150_read_reg_12394  |    8|   0|    8|          0|
    |gmem_addr_151_read_reg_12399  |    8|   0|    8|          0|
    |gmem_addr_152_read_reg_12104  |    8|   0|    8|          0|
    |gmem_addr_153_read_reg_12109  |    8|   0|    8|          0|
    |gmem_addr_154_read_reg_12114  |    8|   0|    8|          0|
    |gmem_addr_155_read_reg_12119  |    8|   0|    8|          0|
    |gmem_addr_156_read_reg_12124  |    8|   0|    8|          0|
    |gmem_addr_157_read_reg_12129  |    8|   0|    8|          0|
    |gmem_addr_158_read_reg_12134  |    8|   0|    8|          0|
    |gmem_addr_159_read_reg_12139  |    8|   0|    8|          0|
    |gmem_addr_15_read_reg_12919   |    8|   0|    8|          0|
    |gmem_addr_160_read_reg_12144  |    8|   0|    8|          0|
    |gmem_addr_161_read_reg_12149  |    8|   0|    8|          0|
    |gmem_addr_162_read_reg_12154  |    8|   0|    8|          0|
    |gmem_addr_163_read_reg_12159  |    8|   0|    8|          0|
    |gmem_addr_164_read_reg_12164  |    8|   0|    8|          0|
    |gmem_addr_165_read_reg_12169  |    8|   0|    8|          0|
    |gmem_addr_166_read_reg_12174  |    8|   0|    8|          0|
    |gmem_addr_167_read_reg_12179  |    8|   0|    8|          0|
    |gmem_addr_168_read_reg_12184  |    8|   0|    8|          0|
    |gmem_addr_169_read_reg_12189  |    8|   0|    8|          0|
    |gmem_addr_16_read_reg_12924   |    8|   0|    8|          0|
    |gmem_addr_170_read_reg_12194  |    8|   0|    8|          0|
    |gmem_addr_171_read_reg_12199  |    8|   0|    8|          0|
    |gmem_addr_172_read_reg_12204  |    8|   0|    8|          0|
    |gmem_addr_173_read_reg_12209  |    8|   0|    8|          0|
    |gmem_addr_174_read_reg_12214  |    8|   0|    8|          0|
    |gmem_addr_175_read_reg_12219  |    8|   0|    8|          0|
    |gmem_addr_176_read_reg_12224  |    8|   0|    8|          0|
    |gmem_addr_177_read_reg_12229  |    8|   0|    8|          0|
    |gmem_addr_178_read_reg_12234  |    8|   0|    8|          0|
    |gmem_addr_179_read_reg_12239  |    8|   0|    8|          0|
    |gmem_addr_17_read_reg_12929   |    8|   0|    8|          0|
    |gmem_addr_180_read_reg_12244  |    8|   0|    8|          0|
    |gmem_addr_181_read_reg_12249  |    8|   0|    8|          0|
    |gmem_addr_182_read_reg_11954  |    8|   0|    8|          0|
    |gmem_addr_183_read_reg_11959  |    8|   0|    8|          0|
    |gmem_addr_184_read_reg_11964  |    8|   0|    8|          0|
    |gmem_addr_185_read_reg_11969  |    8|   0|    8|          0|
    |gmem_addr_186_read_reg_11974  |    8|   0|    8|          0|
    |gmem_addr_187_read_reg_11979  |    8|   0|    8|          0|
    |gmem_addr_188_read_reg_11984  |    8|   0|    8|          0|
    |gmem_addr_189_read_reg_11989  |    8|   0|    8|          0|
    |gmem_addr_18_read_reg_12934   |    8|   0|    8|          0|
    |gmem_addr_190_read_reg_11994  |    8|   0|    8|          0|
    |gmem_addr_191_read_reg_11999  |    8|   0|    8|          0|
    |gmem_addr_192_read_reg_12004  |    8|   0|    8|          0|
    |gmem_addr_193_read_reg_12009  |    8|   0|    8|          0|
    |gmem_addr_194_read_reg_12014  |    8|   0|    8|          0|
    |gmem_addr_195_read_reg_12019  |    8|   0|    8|          0|
    |gmem_addr_196_read_reg_12024  |    8|   0|    8|          0|
    |gmem_addr_197_read_reg_12029  |    8|   0|    8|          0|
    |gmem_addr_198_read_reg_12034  |    8|   0|    8|          0|
    |gmem_addr_199_read_reg_12039  |    8|   0|    8|          0|
    |gmem_addr_19_read_reg_12939   |    8|   0|    8|          0|
    |gmem_addr_1_reg_11648         |   64|   0|   64|          0|
    |gmem_addr_200_read_reg_12044  |    8|   0|    8|          0|
    |gmem_addr_201_read_reg_12049  |    8|   0|    8|          0|
    |gmem_addr_202_read_reg_12054  |    8|   0|    8|          0|
    |gmem_addr_203_read_reg_12059  |    8|   0|    8|          0|
    |gmem_addr_204_read_reg_12064  |    8|   0|    8|          0|
    |gmem_addr_205_read_reg_12069  |    8|   0|    8|          0|
    |gmem_addr_206_read_reg_12074  |    8|   0|    8|          0|
    |gmem_addr_207_read_reg_12079  |    8|   0|    8|          0|
    |gmem_addr_208_read_reg_12084  |    8|   0|    8|          0|
    |gmem_addr_209_read_reg_12089  |    8|   0|    8|          0|
    |gmem_addr_20_read_reg_12944   |    8|   0|    8|          0|
    |gmem_addr_210_read_reg_12094  |    8|   0|    8|          0|
    |gmem_addr_211_read_reg_12099  |    8|   0|    8|          0|
    |gmem_addr_212_read_reg_11804  |    8|   0|    8|          0|
    |gmem_addr_213_read_reg_11809  |    8|   0|    8|          0|
    |gmem_addr_214_read_reg_11814  |    8|   0|    8|          0|
    |gmem_addr_215_read_reg_11819  |    8|   0|    8|          0|
    |gmem_addr_216_read_reg_11824  |    8|   0|    8|          0|
    |gmem_addr_217_read_reg_11829  |    8|   0|    8|          0|
    |gmem_addr_218_read_reg_11834  |    8|   0|    8|          0|
    |gmem_addr_219_read_reg_11839  |    8|   0|    8|          0|
    |gmem_addr_21_read_reg_12949   |    8|   0|    8|          0|
    |gmem_addr_220_read_reg_11844  |    8|   0|    8|          0|
    |gmem_addr_221_read_reg_11849  |    8|   0|    8|          0|
    |gmem_addr_222_read_reg_11854  |    8|   0|    8|          0|
    |gmem_addr_223_read_reg_11859  |    8|   0|    8|          0|
    |gmem_addr_224_read_reg_11864  |    8|   0|    8|          0|
    |gmem_addr_225_read_reg_11869  |    8|   0|    8|          0|
    |gmem_addr_226_read_reg_11874  |    8|   0|    8|          0|
    |gmem_addr_227_read_reg_11879  |    8|   0|    8|          0|
    |gmem_addr_228_read_reg_11884  |    8|   0|    8|          0|
    |gmem_addr_229_read_reg_11889  |    8|   0|    8|          0|
    |gmem_addr_22_read_reg_12954   |    8|   0|    8|          0|
    |gmem_addr_230_read_reg_11894  |    8|   0|    8|          0|
    |gmem_addr_231_read_reg_11899  |    8|   0|    8|          0|
    |gmem_addr_232_read_reg_11904  |    8|   0|    8|          0|
    |gmem_addr_233_read_reg_11909  |    8|   0|    8|          0|
    |gmem_addr_234_read_reg_11914  |    8|   0|    8|          0|
    |gmem_addr_235_read_reg_11919  |    8|   0|    8|          0|
    |gmem_addr_236_read_reg_11924  |    8|   0|    8|          0|
    |gmem_addr_237_read_reg_11929  |    8|   0|    8|          0|
    |gmem_addr_238_read_reg_11934  |    8|   0|    8|          0|
    |gmem_addr_239_read_reg_11939  |    8|   0|    8|          0|
    |gmem_addr_23_read_reg_12959   |    8|   0|    8|          0|
    |gmem_addr_240_read_reg_11944  |    8|   0|    8|          0|
    |gmem_addr_241_read_reg_11949  |    8|   0|    8|          0|
    |gmem_addr_242_read_reg_11654  |    8|   0|    8|          0|
    |gmem_addr_243_read_reg_11659  |    8|   0|    8|          0|
    |gmem_addr_244_read_reg_11664  |    8|   0|    8|          0|
    |gmem_addr_245_read_reg_11669  |    8|   0|    8|          0|
    |gmem_addr_246_read_reg_11674  |    8|   0|    8|          0|
    |gmem_addr_247_read_reg_11679  |    8|   0|    8|          0|
    |gmem_addr_248_read_reg_11684  |    8|   0|    8|          0|
    |gmem_addr_249_read_reg_11689  |    8|   0|    8|          0|
    |gmem_addr_24_read_reg_12964   |    8|   0|    8|          0|
    |gmem_addr_250_read_reg_11694  |    8|   0|    8|          0|
    |gmem_addr_251_read_reg_11699  |    8|   0|    8|          0|
    |gmem_addr_252_read_reg_11704  |    8|   0|    8|          0|
    |gmem_addr_253_read_reg_11709  |    8|   0|    8|          0|
    |gmem_addr_254_read_reg_11714  |    8|   0|    8|          0|
    |gmem_addr_255_read_reg_11719  |    8|   0|    8|          0|
    |gmem_addr_256_read_reg_11724  |    8|   0|    8|          0|
    |gmem_addr_257_read_reg_11729  |    8|   0|    8|          0|
    |gmem_addr_258_read_reg_11734  |    8|   0|    8|          0|
    |gmem_addr_259_read_reg_11739  |    8|   0|    8|          0|
    |gmem_addr_25_read_reg_12969   |    8|   0|    8|          0|
    |gmem_addr_260_read_reg_11744  |    8|   0|    8|          0|
    |gmem_addr_261_read_reg_11749  |    8|   0|    8|          0|
    |gmem_addr_262_read_reg_11754  |    8|   0|    8|          0|
    |gmem_addr_263_read_reg_11759  |    8|   0|    8|          0|
    |gmem_addr_264_read_reg_11764  |    8|   0|    8|          0|
    |gmem_addr_265_read_reg_11769  |    8|   0|    8|          0|
    |gmem_addr_266_read_reg_11774  |    8|   0|    8|          0|
    |gmem_addr_267_read_reg_11779  |    8|   0|    8|          0|
    |gmem_addr_268_read_reg_11784  |    8|   0|    8|          0|
    |gmem_addr_269_read_reg_11789  |    8|   0|    8|          0|
    |gmem_addr_26_read_reg_12974   |    8|   0|    8|          0|
    |gmem_addr_270_read_reg_11794  |    8|   0|    8|          0|
    |gmem_addr_271_read_reg_11799  |    8|   0|    8|          0|
    |gmem_addr_27_read_reg_12979   |    8|   0|    8|          0|
    |gmem_addr_28_read_reg_12984   |    8|   0|    8|          0|
    |gmem_addr_29_read_reg_12989   |    8|   0|    8|          0|
    |gmem_addr_2_read_reg_12854    |    8|   0|    8|          0|
    |gmem_addr_30_read_reg_12994   |    8|   0|    8|          0|
    |gmem_addr_31_read_reg_12999   |    8|   0|    8|          0|
    |gmem_addr_32_read_reg_12704   |    8|   0|    8|          0|
    |gmem_addr_33_read_reg_12709   |    8|   0|    8|          0|
    |gmem_addr_34_read_reg_12714   |    8|   0|    8|          0|
    |gmem_addr_35_read_reg_12719   |    8|   0|    8|          0|
    |gmem_addr_36_read_reg_12724   |    8|   0|    8|          0|
    |gmem_addr_37_read_reg_12729   |    8|   0|    8|          0|
    |gmem_addr_38_read_reg_12734   |    8|   0|    8|          0|
    |gmem_addr_39_read_reg_12739   |    8|   0|    8|          0|
    |gmem_addr_3_read_reg_12859    |    8|   0|    8|          0|
    |gmem_addr_40_read_reg_12744   |    8|   0|    8|          0|
    |gmem_addr_41_read_reg_12749   |    8|   0|    8|          0|
    |gmem_addr_42_read_reg_12754   |    8|   0|    8|          0|
    |gmem_addr_43_read_reg_12759   |    8|   0|    8|          0|
    |gmem_addr_44_read_reg_12764   |    8|   0|    8|          0|
    |gmem_addr_45_read_reg_12769   |    8|   0|    8|          0|
    |gmem_addr_46_read_reg_12774   |    8|   0|    8|          0|
    |gmem_addr_47_read_reg_12779   |    8|   0|    8|          0|
    |gmem_addr_48_read_reg_12784   |    8|   0|    8|          0|
    |gmem_addr_49_read_reg_12789   |    8|   0|    8|          0|
    |gmem_addr_4_read_reg_12864    |    8|   0|    8|          0|
    |gmem_addr_50_read_reg_12794   |    8|   0|    8|          0|
    |gmem_addr_51_read_reg_12799   |    8|   0|    8|          0|
    |gmem_addr_52_read_reg_12804   |    8|   0|    8|          0|
    |gmem_addr_53_read_reg_12809   |    8|   0|    8|          0|
    |gmem_addr_54_read_reg_12814   |    8|   0|    8|          0|
    |gmem_addr_55_read_reg_12819   |    8|   0|    8|          0|
    |gmem_addr_56_read_reg_12824   |    8|   0|    8|          0|
    |gmem_addr_57_read_reg_12829   |    8|   0|    8|          0|
    |gmem_addr_58_read_reg_12834   |    8|   0|    8|          0|
    |gmem_addr_59_read_reg_12839   |    8|   0|    8|          0|
    |gmem_addr_5_read_reg_12869    |    8|   0|    8|          0|
    |gmem_addr_60_read_reg_12844   |    8|   0|    8|          0|
    |gmem_addr_61_read_reg_12849   |    8|   0|    8|          0|
    |gmem_addr_62_read_reg_12554   |    8|   0|    8|          0|
    |gmem_addr_63_read_reg_12559   |    8|   0|    8|          0|
    |gmem_addr_64_read_reg_12564   |    8|   0|    8|          0|
    |gmem_addr_65_read_reg_12569   |    8|   0|    8|          0|
    |gmem_addr_66_read_reg_12574   |    8|   0|    8|          0|
    |gmem_addr_67_read_reg_12579   |    8|   0|    8|          0|
    |gmem_addr_68_read_reg_12584   |    8|   0|    8|          0|
    |gmem_addr_69_read_reg_12589   |    8|   0|    8|          0|
    |gmem_addr_6_read_reg_12874    |    8|   0|    8|          0|
    |gmem_addr_70_read_reg_12594   |    8|   0|    8|          0|
    |gmem_addr_71_read_reg_12599   |    8|   0|    8|          0|
    |gmem_addr_72_read_reg_12604   |    8|   0|    8|          0|
    |gmem_addr_73_read_reg_12609   |    8|   0|    8|          0|
    |gmem_addr_74_read_reg_12614   |    8|   0|    8|          0|
    |gmem_addr_75_read_reg_12619   |    8|   0|    8|          0|
    |gmem_addr_76_read_reg_12624   |    8|   0|    8|          0|
    |gmem_addr_77_read_reg_12629   |    8|   0|    8|          0|
    |gmem_addr_78_read_reg_12634   |    8|   0|    8|          0|
    |gmem_addr_79_read_reg_12639   |    8|   0|    8|          0|
    |gmem_addr_7_read_reg_12879    |    8|   0|    8|          0|
    |gmem_addr_80_read_reg_12644   |    8|   0|    8|          0|
    |gmem_addr_81_read_reg_12649   |    8|   0|    8|          0|
    |gmem_addr_82_read_reg_12654   |    8|   0|    8|          0|
    |gmem_addr_83_read_reg_12659   |    8|   0|    8|          0|
    |gmem_addr_84_read_reg_12664   |    8|   0|    8|          0|
    |gmem_addr_85_read_reg_12669   |    8|   0|    8|          0|
    |gmem_addr_86_read_reg_12674   |    8|   0|    8|          0|
    |gmem_addr_87_read_reg_12679   |    8|   0|    8|          0|
    |gmem_addr_88_read_reg_12684   |    8|   0|    8|          0|
    |gmem_addr_89_read_reg_12689   |    8|   0|    8|          0|
    |gmem_addr_8_read_reg_12884    |    8|   0|    8|          0|
    |gmem_addr_90_read_reg_12694   |    8|   0|    8|          0|
    |gmem_addr_91_read_reg_12699   |    8|   0|    8|          0|
    |gmem_addr_92_read_reg_12404   |    8|   0|    8|          0|
    |gmem_addr_93_read_reg_12409   |    8|   0|    8|          0|
    |gmem_addr_94_read_reg_12414   |    8|   0|    8|          0|
    |gmem_addr_95_read_reg_12419   |    8|   0|    8|          0|
    |gmem_addr_96_read_reg_12424   |    8|   0|    8|          0|
    |gmem_addr_97_read_reg_12429   |    8|   0|    8|          0|
    |gmem_addr_98_read_reg_12434   |    8|   0|    8|          0|
    |gmem_addr_99_read_reg_12439   |    8|   0|    8|          0|
    |gmem_addr_9_read_reg_12889    |    8|   0|    8|          0|
    |gmem_addr_read_reg_11485      |    8|   0|    8|          0|
    |gmem_addr_reg_11479           |   64|   0|   64|          0|
    |indvar_flatten_fu_750         |    9|   0|    9|          0|
    |reg_8370                      |    8|   0|    8|          0|
    |select_ln43_1_reg_9963        |    5|   0|    5|          0|
    |select_ln43_reg_9955          |    5|   0|    5|          0|
    |sext_ln37_1_cast_reg_9931     |   59|   0|   59|          0|
    |sext_ln37_2_cast_reg_9936     |   31|   0|   33|          2|
    |thr_or41_reg_9981             |    1|   0|    1|          0|
    |tile_in_100_addr_reg_10535    |    6|   0|    6|          0|
    |tile_in_101_addr_reg_10540    |    6|   0|    6|          0|
    |tile_in_102_addr_reg_10545    |    6|   0|    6|          0|
    |tile_in_103_addr_reg_10550    |    6|   0|    6|          0|
    |tile_in_104_addr_reg_10555    |    6|   0|    6|          0|
    |tile_in_105_addr_reg_10560    |    6|   0|    6|          0|
    |tile_in_106_addr_reg_10565    |    6|   0|    6|          0|
    |tile_in_107_addr_reg_10570    |    6|   0|    6|          0|
    |tile_in_108_addr_reg_10575    |    6|   0|    6|          0|
    |tile_in_109_addr_reg_10580    |    6|   0|    6|          0|
    |tile_in_10_addr_reg_10085     |    6|   0|    6|          0|
    |tile_in_110_addr_reg_10585    |    6|   0|    6|          0|
    |tile_in_111_addr_reg_10590    |    6|   0|    6|          0|
    |tile_in_112_addr_reg_10595    |    6|   0|    6|          0|
    |tile_in_113_addr_reg_10600    |    6|   0|    6|          0|
    |tile_in_114_addr_reg_10605    |    6|   0|    6|          0|
    |tile_in_115_addr_reg_10610    |    6|   0|    6|          0|
    |tile_in_116_addr_reg_10615    |    6|   0|    6|          0|
    |tile_in_117_addr_reg_10620    |    6|   0|    6|          0|
    |tile_in_118_addr_reg_10625    |    6|   0|    6|          0|
    |tile_in_119_addr_reg_10630    |    6|   0|    6|          0|
    |tile_in_11_addr_reg_10090     |    6|   0|    6|          0|
    |tile_in_120_addr_reg_10635    |    6|   0|    6|          0|
    |tile_in_121_addr_reg_10640    |    6|   0|    6|          0|
    |tile_in_122_addr_reg_10645    |    6|   0|    6|          0|
    |tile_in_123_addr_reg_10650    |    6|   0|    6|          0|
    |tile_in_124_addr_reg_10655    |    6|   0|    6|          0|
    |tile_in_125_addr_reg_10660    |    6|   0|    6|          0|
    |tile_in_126_addr_reg_10665    |    6|   0|    6|          0|
    |tile_in_127_addr_reg_10670    |    6|   0|    6|          0|
    |tile_in_128_addr_reg_10675    |    6|   0|    6|          0|
    |tile_in_129_addr_reg_10680    |    6|   0|    6|          0|
    |tile_in_12_addr_reg_10095     |    6|   0|    6|          0|
    |tile_in_130_addr_reg_10685    |    6|   0|    6|          0|
    |tile_in_131_addr_reg_10690    |    6|   0|    6|          0|
    |tile_in_132_addr_reg_10695    |    6|   0|    6|          0|
    |tile_in_133_addr_reg_10700    |    6|   0|    6|          0|
    |tile_in_134_addr_reg_10705    |    6|   0|    6|          0|
    |tile_in_135_addr_reg_10710    |    6|   0|    6|          0|
    |tile_in_136_addr_reg_10715    |    6|   0|    6|          0|
    |tile_in_137_addr_reg_10720    |    6|   0|    6|          0|
    |tile_in_138_addr_reg_10725    |    6|   0|    6|          0|
    |tile_in_139_addr_reg_10730    |    6|   0|    6|          0|
    |tile_in_13_addr_reg_10100     |    6|   0|    6|          0|
    |tile_in_140_addr_reg_10735    |    6|   0|    6|          0|
    |tile_in_141_addr_reg_10740    |    6|   0|    6|          0|
    |tile_in_142_addr_reg_10745    |    6|   0|    6|          0|
    |tile_in_143_addr_reg_10750    |    6|   0|    6|          0|
    |tile_in_144_addr_reg_10755    |    6|   0|    6|          0|
    |tile_in_145_addr_reg_10760    |    6|   0|    6|          0|
    |tile_in_146_addr_reg_10765    |    6|   0|    6|          0|
    |tile_in_147_addr_reg_10770    |    6|   0|    6|          0|
    |tile_in_148_addr_reg_10775    |    6|   0|    6|          0|
    |tile_in_149_addr_reg_10780    |    6|   0|    6|          0|
    |tile_in_14_addr_reg_10105     |    6|   0|    6|          0|
    |tile_in_150_addr_reg_10785    |    6|   0|    6|          0|
    |tile_in_151_addr_reg_10790    |    6|   0|    6|          0|
    |tile_in_152_addr_reg_10795    |    6|   0|    6|          0|
    |tile_in_153_addr_reg_10800    |    6|   0|    6|          0|
    |tile_in_154_addr_reg_10805    |    6|   0|    6|          0|
    |tile_in_155_addr_reg_10810    |    6|   0|    6|          0|
    |tile_in_156_addr_reg_10815    |    6|   0|    6|          0|
    |tile_in_157_addr_reg_10820    |    6|   0|    6|          0|
    |tile_in_158_addr_reg_10825    |    6|   0|    6|          0|
    |tile_in_159_addr_reg_10830    |    6|   0|    6|          0|
    |tile_in_15_addr_reg_10110     |    6|   0|    6|          0|
    |tile_in_160_addr_reg_10835    |    6|   0|    6|          0|
    |tile_in_161_addr_reg_10840    |    6|   0|    6|          0|
    |tile_in_162_addr_reg_10845    |    6|   0|    6|          0|
    |tile_in_163_addr_reg_10850    |    6|   0|    6|          0|
    |tile_in_164_addr_reg_10855    |    6|   0|    6|          0|
    |tile_in_165_addr_reg_10860    |    6|   0|    6|          0|
    |tile_in_166_addr_reg_10865    |    6|   0|    6|          0|
    |tile_in_167_addr_reg_10870    |    6|   0|    6|          0|
    |tile_in_168_addr_reg_10875    |    6|   0|    6|          0|
    |tile_in_169_addr_reg_10880    |    6|   0|    6|          0|
    |tile_in_16_addr_reg_10115     |    6|   0|    6|          0|
    |tile_in_170_addr_reg_10885    |    6|   0|    6|          0|
    |tile_in_171_addr_reg_10890    |    6|   0|    6|          0|
    |tile_in_172_addr_reg_10895    |    6|   0|    6|          0|
    |tile_in_173_addr_reg_10900    |    6|   0|    6|          0|
    |tile_in_174_addr_reg_10905    |    6|   0|    6|          0|
    |tile_in_175_addr_reg_10910    |    6|   0|    6|          0|
    |tile_in_176_addr_reg_10915    |    6|   0|    6|          0|
    |tile_in_177_addr_reg_10920    |    6|   0|    6|          0|
    |tile_in_178_addr_reg_10925    |    6|   0|    6|          0|
    |tile_in_179_addr_reg_10930    |    6|   0|    6|          0|
    |tile_in_17_addr_reg_10120     |    6|   0|    6|          0|
    |tile_in_180_addr_reg_10935    |    6|   0|    6|          0|
    |tile_in_181_addr_reg_10940    |    6|   0|    6|          0|
    |tile_in_182_addr_reg_10945    |    6|   0|    6|          0|
    |tile_in_183_addr_reg_10950    |    6|   0|    6|          0|
    |tile_in_184_addr_reg_10955    |    6|   0|    6|          0|
    |tile_in_185_addr_reg_10960    |    6|   0|    6|          0|
    |tile_in_186_addr_reg_10965    |    6|   0|    6|          0|
    |tile_in_187_addr_reg_10970    |    6|   0|    6|          0|
    |tile_in_188_addr_reg_10975    |    6|   0|    6|          0|
    |tile_in_189_addr_reg_10980    |    6|   0|    6|          0|
    |tile_in_18_addr_reg_10125     |    6|   0|    6|          0|
    |tile_in_190_addr_reg_10985    |    6|   0|    6|          0|
    |tile_in_191_addr_reg_10990    |    6|   0|    6|          0|
    |tile_in_192_addr_reg_10995    |    6|   0|    6|          0|
    |tile_in_193_addr_reg_11000    |    6|   0|    6|          0|
    |tile_in_194_addr_reg_11005    |    6|   0|    6|          0|
    |tile_in_195_addr_reg_11010    |    6|   0|    6|          0|
    |tile_in_196_addr_reg_11015    |    6|   0|    6|          0|
    |tile_in_197_addr_reg_11020    |    6|   0|    6|          0|
    |tile_in_198_addr_reg_11025    |    6|   0|    6|          0|
    |tile_in_199_addr_reg_11030    |    6|   0|    6|          0|
    |tile_in_19_addr_reg_10130     |    6|   0|    6|          0|
    |tile_in_1_addr_reg_10040      |    6|   0|    6|          0|
    |tile_in_200_addr_reg_11035    |    6|   0|    6|          0|
    |tile_in_201_addr_reg_11040    |    6|   0|    6|          0|
    |tile_in_202_addr_reg_11045    |    6|   0|    6|          0|
    |tile_in_203_addr_reg_11050    |    6|   0|    6|          0|
    |tile_in_204_addr_reg_11055    |    6|   0|    6|          0|
    |tile_in_205_addr_reg_11060    |    6|   0|    6|          0|
    |tile_in_206_addr_reg_11065    |    6|   0|    6|          0|
    |tile_in_207_addr_reg_11070    |    6|   0|    6|          0|
    |tile_in_208_addr_reg_11075    |    6|   0|    6|          0|
    |tile_in_209_addr_reg_11080    |    6|   0|    6|          0|
    |tile_in_20_addr_reg_10135     |    6|   0|    6|          0|
    |tile_in_210_addr_reg_11085    |    6|   0|    6|          0|
    |tile_in_211_addr_reg_11090    |    6|   0|    6|          0|
    |tile_in_212_addr_reg_11095    |    6|   0|    6|          0|
    |tile_in_213_addr_reg_11100    |    6|   0|    6|          0|
    |tile_in_214_addr_reg_11105    |    6|   0|    6|          0|
    |tile_in_215_addr_reg_11110    |    6|   0|    6|          0|
    |tile_in_216_addr_reg_11115    |    6|   0|    6|          0|
    |tile_in_217_addr_reg_11120    |    6|   0|    6|          0|
    |tile_in_218_addr_reg_11125    |    6|   0|    6|          0|
    |tile_in_219_addr_reg_11130    |    6|   0|    6|          0|
    |tile_in_21_addr_reg_10140     |    6|   0|    6|          0|
    |tile_in_220_addr_reg_11135    |    6|   0|    6|          0|
    |tile_in_221_addr_reg_11140    |    6|   0|    6|          0|
    |tile_in_222_addr_reg_11145    |    6|   0|    6|          0|
    |tile_in_223_addr_reg_11150    |    6|   0|    6|          0|
    |tile_in_224_addr_reg_11155    |    6|   0|    6|          0|
    |tile_in_225_addr_reg_11160    |    6|   0|    6|          0|
    |tile_in_226_addr_reg_11165    |    6|   0|    6|          0|
    |tile_in_227_addr_reg_11170    |    6|   0|    6|          0|
    |tile_in_228_addr_reg_11175    |    6|   0|    6|          0|
    |tile_in_229_addr_reg_11180    |    6|   0|    6|          0|
    |tile_in_22_addr_reg_10145     |    6|   0|    6|          0|
    |tile_in_230_addr_reg_11185    |    6|   0|    6|          0|
    |tile_in_231_addr_reg_11190    |    6|   0|    6|          0|
    |tile_in_232_addr_reg_11195    |    6|   0|    6|          0|
    |tile_in_233_addr_reg_11200    |    6|   0|    6|          0|
    |tile_in_234_addr_reg_11205    |    6|   0|    6|          0|
    |tile_in_235_addr_reg_11210    |    6|   0|    6|          0|
    |tile_in_236_addr_reg_11215    |    6|   0|    6|          0|
    |tile_in_237_addr_reg_11220    |    6|   0|    6|          0|
    |tile_in_238_addr_reg_11225    |    6|   0|    6|          0|
    |tile_in_239_addr_reg_11230    |    6|   0|    6|          0|
    |tile_in_23_addr_reg_10150     |    6|   0|    6|          0|
    |tile_in_240_addr_reg_11235    |    6|   0|    6|          0|
    |tile_in_241_addr_reg_11240    |    6|   0|    6|          0|
    |tile_in_242_addr_reg_11245    |    6|   0|    6|          0|
    |tile_in_243_addr_reg_11250    |    6|   0|    6|          0|
    |tile_in_244_addr_reg_11255    |    6|   0|    6|          0|
    |tile_in_245_addr_reg_11260    |    6|   0|    6|          0|
    |tile_in_246_addr_reg_11265    |    6|   0|    6|          0|
    |tile_in_247_addr_reg_11270    |    6|   0|    6|          0|
    |tile_in_248_addr_reg_11275    |    6|   0|    6|          0|
    |tile_in_249_addr_reg_11280    |    6|   0|    6|          0|
    |tile_in_24_addr_reg_10155     |    6|   0|    6|          0|
    |tile_in_250_addr_reg_11285    |    6|   0|    6|          0|
    |tile_in_251_addr_reg_11290    |    6|   0|    6|          0|
    |tile_in_252_addr_reg_11295    |    6|   0|    6|          0|
    |tile_in_253_addr_reg_11300    |    6|   0|    6|          0|
    |tile_in_254_addr_reg_11305    |    6|   0|    6|          0|
    |tile_in_255_addr_reg_11310    |    6|   0|    6|          0|
    |tile_in_256_addr_reg_11315    |    6|   0|    6|          0|
    |tile_in_257_addr_reg_11320    |    6|   0|    6|          0|
    |tile_in_258_addr_reg_11325    |    6|   0|    6|          0|
    |tile_in_259_addr_reg_11330    |    6|   0|    6|          0|
    |tile_in_25_addr_reg_10160     |    6|   0|    6|          0|
    |tile_in_260_addr_reg_11335    |    6|   0|    6|          0|
    |tile_in_261_addr_reg_11340    |    6|   0|    6|          0|
    |tile_in_262_addr_reg_11345    |    6|   0|    6|          0|
    |tile_in_263_addr_reg_11350    |    6|   0|    6|          0|
    |tile_in_264_addr_reg_11355    |    6|   0|    6|          0|
    |tile_in_265_addr_reg_11360    |    6|   0|    6|          0|
    |tile_in_266_addr_reg_11365    |    6|   0|    6|          0|
    |tile_in_267_addr_reg_11370    |    6|   0|    6|          0|
    |tile_in_268_addr_reg_11375    |    6|   0|    6|          0|
    |tile_in_269_addr_reg_11380    |    6|   0|    6|          0|
    |tile_in_26_addr_reg_10165     |    6|   0|    6|          0|
    |tile_in_270_addr_reg_11385    |    6|   0|    6|          0|
    |tile_in_271_addr_reg_11390    |    6|   0|    6|          0|
    |tile_in_272_addr_reg_11395    |    6|   0|    6|          0|
    |tile_in_273_addr_reg_11400    |    6|   0|    6|          0|
    |tile_in_274_addr_reg_11405    |    6|   0|    6|          0|
    |tile_in_275_addr_reg_11410    |    6|   0|    6|          0|
    |tile_in_276_addr_reg_11415    |    6|   0|    6|          0|
    |tile_in_277_addr_reg_11420    |    6|   0|    6|          0|
    |tile_in_278_addr_reg_11425    |    6|   0|    6|          0|
    |tile_in_279_addr_reg_11430    |    6|   0|    6|          0|
    |tile_in_27_addr_reg_10170     |    6|   0|    6|          0|
    |tile_in_280_addr_reg_11435    |    6|   0|    6|          0|
    |tile_in_281_addr_reg_11440    |    6|   0|    6|          0|
    |tile_in_282_addr_reg_11445    |    6|   0|    6|          0|
    |tile_in_283_addr_reg_11450    |    6|   0|    6|          0|
    |tile_in_284_addr_reg_11455    |    6|   0|    6|          0|
    |tile_in_285_addr_reg_11460    |    6|   0|    6|          0|
    |tile_in_286_addr_reg_11465    |    6|   0|    6|          0|
    |tile_in_287_addr_reg_11470    |    6|   0|    6|          0|
    |tile_in_28_addr_reg_10175     |    6|   0|    6|          0|
    |tile_in_29_addr_reg_10180     |    6|   0|    6|          0|
    |tile_in_2_addr_reg_10045      |    6|   0|    6|          0|
    |tile_in_30_addr_reg_10185     |    6|   0|    6|          0|
    |tile_in_31_addr_reg_10190     |    6|   0|    6|          0|
    |tile_in_32_addr_reg_10195     |    6|   0|    6|          0|
    |tile_in_33_addr_reg_10200     |    6|   0|    6|          0|
    |tile_in_34_addr_reg_10205     |    6|   0|    6|          0|
    |tile_in_35_addr_reg_10210     |    6|   0|    6|          0|
    |tile_in_36_addr_reg_10215     |    6|   0|    6|          0|
    |tile_in_37_addr_reg_10220     |    6|   0|    6|          0|
    |tile_in_38_addr_reg_10225     |    6|   0|    6|          0|
    |tile_in_39_addr_reg_10230     |    6|   0|    6|          0|
    |tile_in_3_addr_reg_10050      |    6|   0|    6|          0|
    |tile_in_40_addr_reg_10235     |    6|   0|    6|          0|
    |tile_in_41_addr_reg_10240     |    6|   0|    6|          0|
    |tile_in_42_addr_reg_10245     |    6|   0|    6|          0|
    |tile_in_43_addr_reg_10250     |    6|   0|    6|          0|
    |tile_in_44_addr_reg_10255     |    6|   0|    6|          0|
    |tile_in_45_addr_reg_10260     |    6|   0|    6|          0|
    |tile_in_46_addr_reg_10265     |    6|   0|    6|          0|
    |tile_in_47_addr_reg_10270     |    6|   0|    6|          0|
    |tile_in_48_addr_reg_10275     |    6|   0|    6|          0|
    |tile_in_49_addr_reg_10280     |    6|   0|    6|          0|
    |tile_in_4_addr_reg_10055      |    6|   0|    6|          0|
    |tile_in_50_addr_reg_10285     |    6|   0|    6|          0|
    |tile_in_51_addr_reg_10290     |    6|   0|    6|          0|
    |tile_in_52_addr_reg_10295     |    6|   0|    6|          0|
    |tile_in_53_addr_reg_10300     |    6|   0|    6|          0|
    |tile_in_54_addr_reg_10305     |    6|   0|    6|          0|
    |tile_in_55_addr_reg_10310     |    6|   0|    6|          0|
    |tile_in_56_addr_reg_10315     |    6|   0|    6|          0|
    |tile_in_57_addr_reg_10320     |    6|   0|    6|          0|
    |tile_in_58_addr_reg_10325     |    6|   0|    6|          0|
    |tile_in_59_addr_reg_10330     |    6|   0|    6|          0|
    |tile_in_5_addr_reg_10060      |    6|   0|    6|          0|
    |tile_in_60_addr_reg_10335     |    6|   0|    6|          0|
    |tile_in_61_addr_reg_10340     |    6|   0|    6|          0|
    |tile_in_62_addr_reg_10345     |    6|   0|    6|          0|
    |tile_in_63_addr_reg_10350     |    6|   0|    6|          0|
    |tile_in_64_addr_reg_10355     |    6|   0|    6|          0|
    |tile_in_65_addr_reg_10360     |    6|   0|    6|          0|
    |tile_in_66_addr_reg_10365     |    6|   0|    6|          0|
    |tile_in_67_addr_reg_10370     |    6|   0|    6|          0|
    |tile_in_68_addr_reg_10375     |    6|   0|    6|          0|
    |tile_in_69_addr_reg_10380     |    6|   0|    6|          0|
    |tile_in_6_addr_reg_10065      |    6|   0|    6|          0|
    |tile_in_70_addr_reg_10385     |    6|   0|    6|          0|
    |tile_in_71_addr_reg_10390     |    6|   0|    6|          0|
    |tile_in_72_addr_reg_10395     |    6|   0|    6|          0|
    |tile_in_73_addr_reg_10400     |    6|   0|    6|          0|
    |tile_in_74_addr_reg_10405     |    6|   0|    6|          0|
    |tile_in_75_addr_reg_10410     |    6|   0|    6|          0|
    |tile_in_76_addr_reg_10415     |    6|   0|    6|          0|
    |tile_in_77_addr_reg_10420     |    6|   0|    6|          0|
    |tile_in_78_addr_reg_10425     |    6|   0|    6|          0|
    |tile_in_79_addr_reg_10430     |    6|   0|    6|          0|
    |tile_in_7_addr_reg_10070      |    6|   0|    6|          0|
    |tile_in_80_addr_reg_10435     |    6|   0|    6|          0|
    |tile_in_81_addr_reg_10440     |    6|   0|    6|          0|
    |tile_in_82_addr_reg_10445     |    6|   0|    6|          0|
    |tile_in_83_addr_reg_10450     |    6|   0|    6|          0|
    |tile_in_84_addr_reg_10455     |    6|   0|    6|          0|
    |tile_in_85_addr_reg_10460     |    6|   0|    6|          0|
    |tile_in_86_addr_reg_10465     |    6|   0|    6|          0|
    |tile_in_87_addr_reg_10470     |    6|   0|    6|          0|
    |tile_in_88_addr_reg_10475     |    6|   0|    6|          0|
    |tile_in_89_addr_reg_10480     |    6|   0|    6|          0|
    |tile_in_8_addr_reg_10075      |    6|   0|    6|          0|
    |tile_in_90_addr_reg_10485     |    6|   0|    6|          0|
    |tile_in_91_addr_reg_10490     |    6|   0|    6|          0|
    |tile_in_92_addr_reg_10495     |    6|   0|    6|          0|
    |tile_in_93_addr_reg_10500     |    6|   0|    6|          0|
    |tile_in_94_addr_reg_10505     |    6|   0|    6|          0|
    |tile_in_95_addr_reg_10510     |    6|   0|    6|          0|
    |tile_in_96_addr_reg_10515     |    6|   0|    6|          0|
    |tile_in_97_addr_reg_10520     |    6|   0|    6|          0|
    |tile_in_98_addr_reg_10525     |    6|   0|    6|          0|
    |tile_in_99_addr_reg_10530     |    6|   0|    6|          0|
    |tile_in_9_addr_reg_10080      |    6|   0|    6|          0|
    |tile_in_addr_reg_10035        |    6|   0|    6|          0|
    |trunc_ln43_reg_10031          |    2|   0|    2|          0|
    |trunc_ln44_reg_11475          |    2|   0|    2|          0|
    |tx_cast_reg_9926              |   31|   0|   32|          1|
    |ty_cast_reg_9942              |   31|   0|   32|          1|
    |x_fu_742                      |    5|   0|    5|          0|
    |y_fu_746                      |    5|   0|    5|          0|
    +------------------------------+-----+----+-----+-----------+
    |Total                         | 6704|   0| 6708|          4|
    +------------------------------+-----+----+-----+-----------+



================================================================
== Interface
================================================================
* Summary: 
+-----------------------+-----+-----+------------+-------------------------------------------------------+--------------+
|       RTL Ports       | Dir | Bits|  Protocol  |                     Source Object                     |    C Type    |
+-----------------------+-----+-----+------------+-------------------------------------------------------+--------------+
|ap_clk                 |   in|    1|  ap_ctrl_hs|  conv_layer.2_Pipeline_VITIS_LOOP_43_4_VITIS_LOOP_44_5|  return value|
|ap_rst                 |   in|    1|  ap_ctrl_hs|  conv_layer.2_Pipeline_VITIS_LOOP_43_4_VITIS_LOOP_44_5|  return value|
|ap_start               |   in|    1|  ap_ctrl_hs|  conv_layer.2_Pipeline_VITIS_LOOP_43_4_VITIS_LOOP_44_5|  return value|
|ap_done                |  out|    1|  ap_ctrl_hs|  conv_layer.2_Pipeline_VITIS_LOOP_43_4_VITIS_LOOP_44_5|  return value|
|ap_idle                |  out|    1|  ap_ctrl_hs|  conv_layer.2_Pipeline_VITIS_LOOP_43_4_VITIS_LOOP_44_5|  return value|
|ap_ready               |  out|    1|  ap_ctrl_hs|  conv_layer.2_Pipeline_VITIS_LOOP_43_4_VITIS_LOOP_44_5|  return value|
|m_axi_gmem_0_AWVALID   |  out|    1|       m_axi|                                                   gmem|       pointer|
|m_axi_gmem_0_AWREADY   |   in|    1|       m_axi|                                                   gmem|       pointer|
|m_axi_gmem_0_AWADDR    |  out|   64|       m_axi|                                                   gmem|       pointer|
|m_axi_gmem_0_AWID      |  out|    1|       m_axi|                                                   gmem|       pointer|
|m_axi_gmem_0_AWLEN     |  out|   32|       m_axi|                                                   gmem|       pointer|
|m_axi_gmem_0_AWSIZE    |  out|    3|       m_axi|                                                   gmem|       pointer|
|m_axi_gmem_0_AWBURST   |  out|    2|       m_axi|                                                   gmem|       pointer|
|m_axi_gmem_0_AWLOCK    |  out|    2|       m_axi|                                                   gmem|       pointer|
|m_axi_gmem_0_AWCACHE   |  out|    4|       m_axi|                                                   gmem|       pointer|
|m_axi_gmem_0_AWPROT    |  out|    3|       m_axi|                                                   gmem|       pointer|
|m_axi_gmem_0_AWQOS     |  out|    4|       m_axi|                                                   gmem|       pointer|
|m_axi_gmem_0_AWREGION  |  out|    4|       m_axi|                                                   gmem|       pointer|
|m_axi_gmem_0_AWUSER    |  out|    1|       m_axi|                                                   gmem|       pointer|
|m_axi_gmem_0_WVALID    |  out|    1|       m_axi|                                                   gmem|       pointer|
|m_axi_gmem_0_WREADY    |   in|    1|       m_axi|                                                   gmem|       pointer|
|m_axi_gmem_0_WDATA     |  out|    8|       m_axi|                                                   gmem|       pointer|
|m_axi_gmem_0_WSTRB     |  out|    1|       m_axi|                                                   gmem|       pointer|
|m_axi_gmem_0_WLAST     |  out|    1|       m_axi|                                                   gmem|       pointer|
|m_axi_gmem_0_WID       |  out|    1|       m_axi|                                                   gmem|       pointer|
|m_axi_gmem_0_WUSER     |  out|    1|       m_axi|                                                   gmem|       pointer|
|m_axi_gmem_0_ARVALID   |  out|    1|       m_axi|                                                   gmem|       pointer|
|m_axi_gmem_0_ARREADY   |   in|    1|       m_axi|                                                   gmem|       pointer|
|m_axi_gmem_0_ARADDR    |  out|   64|       m_axi|                                                   gmem|       pointer|
|m_axi_gmem_0_ARID      |  out|    1|       m_axi|                                                   gmem|       pointer|
|m_axi_gmem_0_ARLEN     |  out|   32|       m_axi|                                                   gmem|       pointer|
|m_axi_gmem_0_ARSIZE    |  out|    3|       m_axi|                                                   gmem|       pointer|
|m_axi_gmem_0_ARBURST   |  out|    2|       m_axi|                                                   gmem|       pointer|
|m_axi_gmem_0_ARLOCK    |  out|    2|       m_axi|                                                   gmem|       pointer|
|m_axi_gmem_0_ARCACHE   |  out|    4|       m_axi|                                                   gmem|       pointer|
|m_axi_gmem_0_ARPROT    |  out|    3|       m_axi|                                                   gmem|       pointer|
|m_axi_gmem_0_ARQOS     |  out|    4|       m_axi|                                                   gmem|       pointer|
|m_axi_gmem_0_ARREGION  |  out|    4|       m_axi|                                                   gmem|       pointer|
|m_axi_gmem_0_ARUSER    |  out|    1|       m_axi|                                                   gmem|       pointer|
|m_axi_gmem_0_RVALID    |   in|    1|       m_axi|                                                   gmem|       pointer|
|m_axi_gmem_0_RREADY    |  out|    1|       m_axi|                                                   gmem|       pointer|
|m_axi_gmem_0_RDATA     |   in|    8|       m_axi|                                                   gmem|       pointer|
|m_axi_gmem_0_RLAST     |   in|    1|       m_axi|                                                   gmem|       pointer|
|m_axi_gmem_0_RID       |   in|    1|       m_axi|                                                   gmem|       pointer|
|m_axi_gmem_0_RFIFONUM  |   in|   11|       m_axi|                                                   gmem|       pointer|
|m_axi_gmem_0_RUSER     |   in|    1|       m_axi|                                                   gmem|       pointer|
|m_axi_gmem_0_RRESP     |   in|    2|       m_axi|                                                   gmem|       pointer|
|m_axi_gmem_0_BVALID    |   in|    1|       m_axi|                                                   gmem|       pointer|
|m_axi_gmem_0_BREADY    |  out|    1|       m_axi|                                                   gmem|       pointer|
|m_axi_gmem_0_BRESP     |   in|    2|       m_axi|                                                   gmem|       pointer|
|m_axi_gmem_0_BID       |   in|    1|       m_axi|                                                   gmem|       pointer|
|m_axi_gmem_0_BUSER     |   in|    1|       m_axi|                                                   gmem|       pointer|
|input_r                |   in|   64|     ap_none|                                                input_r|        scalar|
|ty                     |   in|   31|     ap_none|                                                     ty|        scalar|
|sext_ln37_2            |   in|   31|     ap_none|                                            sext_ln37_2|        scalar|
|sext_ln37_1            |   in|   32|     ap_none|                                            sext_ln37_1|        scalar|
|tile_in_address0       |  out|    6|   ap_memory|                                                tile_in|         array|
|tile_in_ce0            |  out|    1|   ap_memory|                                                tile_in|         array|
|tile_in_we0            |  out|    1|   ap_memory|                                                tile_in|         array|
|tile_in_d0             |  out|    8|   ap_memory|                                                tile_in|         array|
|tile_in_1_address0     |  out|    6|   ap_memory|                                              tile_in_1|         array|
|tile_in_1_ce0          |  out|    1|   ap_memory|                                              tile_in_1|         array|
|tile_in_1_we0          |  out|    1|   ap_memory|                                              tile_in_1|         array|
|tile_in_1_d0           |  out|    8|   ap_memory|                                              tile_in_1|         array|
|tile_in_2_address0     |  out|    6|   ap_memory|                                              tile_in_2|         array|
|tile_in_2_ce0          |  out|    1|   ap_memory|                                              tile_in_2|         array|
|tile_in_2_we0          |  out|    1|   ap_memory|                                              tile_in_2|         array|
|tile_in_2_d0           |  out|    8|   ap_memory|                                              tile_in_2|         array|
|tile_in_3_address0     |  out|    6|   ap_memory|                                              tile_in_3|         array|
|tile_in_3_ce0          |  out|    1|   ap_memory|                                              tile_in_3|         array|
|tile_in_3_we0          |  out|    1|   ap_memory|                                              tile_in_3|         array|
|tile_in_3_d0           |  out|    8|   ap_memory|                                              tile_in_3|         array|
|tile_in_4_address0     |  out|    6|   ap_memory|                                              tile_in_4|         array|
|tile_in_4_ce0          |  out|    1|   ap_memory|                                              tile_in_4|         array|
|tile_in_4_we0          |  out|    1|   ap_memory|                                              tile_in_4|         array|
|tile_in_4_d0           |  out|    8|   ap_memory|                                              tile_in_4|         array|
|tile_in_5_address0     |  out|    6|   ap_memory|                                              tile_in_5|         array|
|tile_in_5_ce0          |  out|    1|   ap_memory|                                              tile_in_5|         array|
|tile_in_5_we0          |  out|    1|   ap_memory|                                              tile_in_5|         array|
|tile_in_5_d0           |  out|    8|   ap_memory|                                              tile_in_5|         array|
|tile_in_6_address0     |  out|    6|   ap_memory|                                              tile_in_6|         array|
|tile_in_6_ce0          |  out|    1|   ap_memory|                                              tile_in_6|         array|
|tile_in_6_we0          |  out|    1|   ap_memory|                                              tile_in_6|         array|
|tile_in_6_d0           |  out|    8|   ap_memory|                                              tile_in_6|         array|
|tile_in_7_address0     |  out|    6|   ap_memory|                                              tile_in_7|         array|
|tile_in_7_ce0          |  out|    1|   ap_memory|                                              tile_in_7|         array|
|tile_in_7_we0          |  out|    1|   ap_memory|                                              tile_in_7|         array|
|tile_in_7_d0           |  out|    8|   ap_memory|                                              tile_in_7|         array|
|tile_in_8_address0     |  out|    6|   ap_memory|                                              tile_in_8|         array|
|tile_in_8_ce0          |  out|    1|   ap_memory|                                              tile_in_8|         array|
|tile_in_8_we0          |  out|    1|   ap_memory|                                              tile_in_8|         array|
|tile_in_8_d0           |  out|    8|   ap_memory|                                              tile_in_8|         array|
|tile_in_9_address0     |  out|    6|   ap_memory|                                              tile_in_9|         array|
|tile_in_9_ce0          |  out|    1|   ap_memory|                                              tile_in_9|         array|
|tile_in_9_we0          |  out|    1|   ap_memory|                                              tile_in_9|         array|
|tile_in_9_d0           |  out|    8|   ap_memory|                                              tile_in_9|         array|
|tile_in_10_address0    |  out|    6|   ap_memory|                                             tile_in_10|         array|
|tile_in_10_ce0         |  out|    1|   ap_memory|                                             tile_in_10|         array|
|tile_in_10_we0         |  out|    1|   ap_memory|                                             tile_in_10|         array|
|tile_in_10_d0          |  out|    8|   ap_memory|                                             tile_in_10|         array|
|tile_in_11_address0    |  out|    6|   ap_memory|                                             tile_in_11|         array|
|tile_in_11_ce0         |  out|    1|   ap_memory|                                             tile_in_11|         array|
|tile_in_11_we0         |  out|    1|   ap_memory|                                             tile_in_11|         array|
|tile_in_11_d0          |  out|    8|   ap_memory|                                             tile_in_11|         array|
|tile_in_12_address0    |  out|    6|   ap_memory|                                             tile_in_12|         array|
|tile_in_12_ce0         |  out|    1|   ap_memory|                                             tile_in_12|         array|
|tile_in_12_we0         |  out|    1|   ap_memory|                                             tile_in_12|         array|
|tile_in_12_d0          |  out|    8|   ap_memory|                                             tile_in_12|         array|
|tile_in_13_address0    |  out|    6|   ap_memory|                                             tile_in_13|         array|
|tile_in_13_ce0         |  out|    1|   ap_memory|                                             tile_in_13|         array|
|tile_in_13_we0         |  out|    1|   ap_memory|                                             tile_in_13|         array|
|tile_in_13_d0          |  out|    8|   ap_memory|                                             tile_in_13|         array|
|tile_in_14_address0    |  out|    6|   ap_memory|                                             tile_in_14|         array|
|tile_in_14_ce0         |  out|    1|   ap_memory|                                             tile_in_14|         array|
|tile_in_14_we0         |  out|    1|   ap_memory|                                             tile_in_14|         array|
|tile_in_14_d0          |  out|    8|   ap_memory|                                             tile_in_14|         array|
|tile_in_15_address0    |  out|    6|   ap_memory|                                             tile_in_15|         array|
|tile_in_15_ce0         |  out|    1|   ap_memory|                                             tile_in_15|         array|
|tile_in_15_we0         |  out|    1|   ap_memory|                                             tile_in_15|         array|
|tile_in_15_d0          |  out|    8|   ap_memory|                                             tile_in_15|         array|
|tile_in_16_address0    |  out|    6|   ap_memory|                                             tile_in_16|         array|
|tile_in_16_ce0         |  out|    1|   ap_memory|                                             tile_in_16|         array|
|tile_in_16_we0         |  out|    1|   ap_memory|                                             tile_in_16|         array|
|tile_in_16_d0          |  out|    8|   ap_memory|                                             tile_in_16|         array|
|tile_in_17_address0    |  out|    6|   ap_memory|                                             tile_in_17|         array|
|tile_in_17_ce0         |  out|    1|   ap_memory|                                             tile_in_17|         array|
|tile_in_17_we0         |  out|    1|   ap_memory|                                             tile_in_17|         array|
|tile_in_17_d0          |  out|    8|   ap_memory|                                             tile_in_17|         array|
|tile_in_18_address0    |  out|    6|   ap_memory|                                             tile_in_18|         array|
|tile_in_18_ce0         |  out|    1|   ap_memory|                                             tile_in_18|         array|
|tile_in_18_we0         |  out|    1|   ap_memory|                                             tile_in_18|         array|
|tile_in_18_d0          |  out|    8|   ap_memory|                                             tile_in_18|         array|
|tile_in_19_address0    |  out|    6|   ap_memory|                                             tile_in_19|         array|
|tile_in_19_ce0         |  out|    1|   ap_memory|                                             tile_in_19|         array|
|tile_in_19_we0         |  out|    1|   ap_memory|                                             tile_in_19|         array|
|tile_in_19_d0          |  out|    8|   ap_memory|                                             tile_in_19|         array|
|tile_in_20_address0    |  out|    6|   ap_memory|                                             tile_in_20|         array|
|tile_in_20_ce0         |  out|    1|   ap_memory|                                             tile_in_20|         array|
|tile_in_20_we0         |  out|    1|   ap_memory|                                             tile_in_20|         array|
|tile_in_20_d0          |  out|    8|   ap_memory|                                             tile_in_20|         array|
|tile_in_21_address0    |  out|    6|   ap_memory|                                             tile_in_21|         array|
|tile_in_21_ce0         |  out|    1|   ap_memory|                                             tile_in_21|         array|
|tile_in_21_we0         |  out|    1|   ap_memory|                                             tile_in_21|         array|
|tile_in_21_d0          |  out|    8|   ap_memory|                                             tile_in_21|         array|
|tile_in_22_address0    |  out|    6|   ap_memory|                                             tile_in_22|         array|
|tile_in_22_ce0         |  out|    1|   ap_memory|                                             tile_in_22|         array|
|tile_in_22_we0         |  out|    1|   ap_memory|                                             tile_in_22|         array|
|tile_in_22_d0          |  out|    8|   ap_memory|                                             tile_in_22|         array|
|tile_in_23_address0    |  out|    6|   ap_memory|                                             tile_in_23|         array|
|tile_in_23_ce0         |  out|    1|   ap_memory|                                             tile_in_23|         array|
|tile_in_23_we0         |  out|    1|   ap_memory|                                             tile_in_23|         array|
|tile_in_23_d0          |  out|    8|   ap_memory|                                             tile_in_23|         array|
|tile_in_24_address0    |  out|    6|   ap_memory|                                             tile_in_24|         array|
|tile_in_24_ce0         |  out|    1|   ap_memory|                                             tile_in_24|         array|
|tile_in_24_we0         |  out|    1|   ap_memory|                                             tile_in_24|         array|
|tile_in_24_d0          |  out|    8|   ap_memory|                                             tile_in_24|         array|
|tile_in_25_address0    |  out|    6|   ap_memory|                                             tile_in_25|         array|
|tile_in_25_ce0         |  out|    1|   ap_memory|                                             tile_in_25|         array|
|tile_in_25_we0         |  out|    1|   ap_memory|                                             tile_in_25|         array|
|tile_in_25_d0          |  out|    8|   ap_memory|                                             tile_in_25|         array|
|tile_in_26_address0    |  out|    6|   ap_memory|                                             tile_in_26|         array|
|tile_in_26_ce0         |  out|    1|   ap_memory|                                             tile_in_26|         array|
|tile_in_26_we0         |  out|    1|   ap_memory|                                             tile_in_26|         array|
|tile_in_26_d0          |  out|    8|   ap_memory|                                             tile_in_26|         array|
|tile_in_27_address0    |  out|    6|   ap_memory|                                             tile_in_27|         array|
|tile_in_27_ce0         |  out|    1|   ap_memory|                                             tile_in_27|         array|
|tile_in_27_we0         |  out|    1|   ap_memory|                                             tile_in_27|         array|
|tile_in_27_d0          |  out|    8|   ap_memory|                                             tile_in_27|         array|
|tile_in_28_address0    |  out|    6|   ap_memory|                                             tile_in_28|         array|
|tile_in_28_ce0         |  out|    1|   ap_memory|                                             tile_in_28|         array|
|tile_in_28_we0         |  out|    1|   ap_memory|                                             tile_in_28|         array|
|tile_in_28_d0          |  out|    8|   ap_memory|                                             tile_in_28|         array|
|tile_in_29_address0    |  out|    6|   ap_memory|                                             tile_in_29|         array|
|tile_in_29_ce0         |  out|    1|   ap_memory|                                             tile_in_29|         array|
|tile_in_29_we0         |  out|    1|   ap_memory|                                             tile_in_29|         array|
|tile_in_29_d0          |  out|    8|   ap_memory|                                             tile_in_29|         array|
|tile_in_30_address0    |  out|    6|   ap_memory|                                             tile_in_30|         array|
|tile_in_30_ce0         |  out|    1|   ap_memory|                                             tile_in_30|         array|
|tile_in_30_we0         |  out|    1|   ap_memory|                                             tile_in_30|         array|
|tile_in_30_d0          |  out|    8|   ap_memory|                                             tile_in_30|         array|
|tile_in_31_address0    |  out|    6|   ap_memory|                                             tile_in_31|         array|
|tile_in_31_ce0         |  out|    1|   ap_memory|                                             tile_in_31|         array|
|tile_in_31_we0         |  out|    1|   ap_memory|                                             tile_in_31|         array|
|tile_in_31_d0          |  out|    8|   ap_memory|                                             tile_in_31|         array|
|tile_in_32_address0    |  out|    6|   ap_memory|                                             tile_in_32|         array|
|tile_in_32_ce0         |  out|    1|   ap_memory|                                             tile_in_32|         array|
|tile_in_32_we0         |  out|    1|   ap_memory|                                             tile_in_32|         array|
|tile_in_32_d0          |  out|    8|   ap_memory|                                             tile_in_32|         array|
|tile_in_33_address0    |  out|    6|   ap_memory|                                             tile_in_33|         array|
|tile_in_33_ce0         |  out|    1|   ap_memory|                                             tile_in_33|         array|
|tile_in_33_we0         |  out|    1|   ap_memory|                                             tile_in_33|         array|
|tile_in_33_d0          |  out|    8|   ap_memory|                                             tile_in_33|         array|
|tile_in_34_address0    |  out|    6|   ap_memory|                                             tile_in_34|         array|
|tile_in_34_ce0         |  out|    1|   ap_memory|                                             tile_in_34|         array|
|tile_in_34_we0         |  out|    1|   ap_memory|                                             tile_in_34|         array|
|tile_in_34_d0          |  out|    8|   ap_memory|                                             tile_in_34|         array|
|tile_in_35_address0    |  out|    6|   ap_memory|                                             tile_in_35|         array|
|tile_in_35_ce0         |  out|    1|   ap_memory|                                             tile_in_35|         array|
|tile_in_35_we0         |  out|    1|   ap_memory|                                             tile_in_35|         array|
|tile_in_35_d0          |  out|    8|   ap_memory|                                             tile_in_35|         array|
|tile_in_36_address0    |  out|    6|   ap_memory|                                             tile_in_36|         array|
|tile_in_36_ce0         |  out|    1|   ap_memory|                                             tile_in_36|         array|
|tile_in_36_we0         |  out|    1|   ap_memory|                                             tile_in_36|         array|
|tile_in_36_d0          |  out|    8|   ap_memory|                                             tile_in_36|         array|
|tile_in_37_address0    |  out|    6|   ap_memory|                                             tile_in_37|         array|
|tile_in_37_ce0         |  out|    1|   ap_memory|                                             tile_in_37|         array|
|tile_in_37_we0         |  out|    1|   ap_memory|                                             tile_in_37|         array|
|tile_in_37_d0          |  out|    8|   ap_memory|                                             tile_in_37|         array|
|tile_in_38_address0    |  out|    6|   ap_memory|                                             tile_in_38|         array|
|tile_in_38_ce0         |  out|    1|   ap_memory|                                             tile_in_38|         array|
|tile_in_38_we0         |  out|    1|   ap_memory|                                             tile_in_38|         array|
|tile_in_38_d0          |  out|    8|   ap_memory|                                             tile_in_38|         array|
|tile_in_39_address0    |  out|    6|   ap_memory|                                             tile_in_39|         array|
|tile_in_39_ce0         |  out|    1|   ap_memory|                                             tile_in_39|         array|
|tile_in_39_we0         |  out|    1|   ap_memory|                                             tile_in_39|         array|
|tile_in_39_d0          |  out|    8|   ap_memory|                                             tile_in_39|         array|
|tile_in_40_address0    |  out|    6|   ap_memory|                                             tile_in_40|         array|
|tile_in_40_ce0         |  out|    1|   ap_memory|                                             tile_in_40|         array|
|tile_in_40_we0         |  out|    1|   ap_memory|                                             tile_in_40|         array|
|tile_in_40_d0          |  out|    8|   ap_memory|                                             tile_in_40|         array|
|tile_in_41_address0    |  out|    6|   ap_memory|                                             tile_in_41|         array|
|tile_in_41_ce0         |  out|    1|   ap_memory|                                             tile_in_41|         array|
|tile_in_41_we0         |  out|    1|   ap_memory|                                             tile_in_41|         array|
|tile_in_41_d0          |  out|    8|   ap_memory|                                             tile_in_41|         array|
|tile_in_42_address0    |  out|    6|   ap_memory|                                             tile_in_42|         array|
|tile_in_42_ce0         |  out|    1|   ap_memory|                                             tile_in_42|         array|
|tile_in_42_we0         |  out|    1|   ap_memory|                                             tile_in_42|         array|
|tile_in_42_d0          |  out|    8|   ap_memory|                                             tile_in_42|         array|
|tile_in_43_address0    |  out|    6|   ap_memory|                                             tile_in_43|         array|
|tile_in_43_ce0         |  out|    1|   ap_memory|                                             tile_in_43|         array|
|tile_in_43_we0         |  out|    1|   ap_memory|                                             tile_in_43|         array|
|tile_in_43_d0          |  out|    8|   ap_memory|                                             tile_in_43|         array|
|tile_in_44_address0    |  out|    6|   ap_memory|                                             tile_in_44|         array|
|tile_in_44_ce0         |  out|    1|   ap_memory|                                             tile_in_44|         array|
|tile_in_44_we0         |  out|    1|   ap_memory|                                             tile_in_44|         array|
|tile_in_44_d0          |  out|    8|   ap_memory|                                             tile_in_44|         array|
|tile_in_45_address0    |  out|    6|   ap_memory|                                             tile_in_45|         array|
|tile_in_45_ce0         |  out|    1|   ap_memory|                                             tile_in_45|         array|
|tile_in_45_we0         |  out|    1|   ap_memory|                                             tile_in_45|         array|
|tile_in_45_d0          |  out|    8|   ap_memory|                                             tile_in_45|         array|
|tile_in_46_address0    |  out|    6|   ap_memory|                                             tile_in_46|         array|
|tile_in_46_ce0         |  out|    1|   ap_memory|                                             tile_in_46|         array|
|tile_in_46_we0         |  out|    1|   ap_memory|                                             tile_in_46|         array|
|tile_in_46_d0          |  out|    8|   ap_memory|                                             tile_in_46|         array|
|tile_in_47_address0    |  out|    6|   ap_memory|                                             tile_in_47|         array|
|tile_in_47_ce0         |  out|    1|   ap_memory|                                             tile_in_47|         array|
|tile_in_47_we0         |  out|    1|   ap_memory|                                             tile_in_47|         array|
|tile_in_47_d0          |  out|    8|   ap_memory|                                             tile_in_47|         array|
|tile_in_48_address0    |  out|    6|   ap_memory|                                             tile_in_48|         array|
|tile_in_48_ce0         |  out|    1|   ap_memory|                                             tile_in_48|         array|
|tile_in_48_we0         |  out|    1|   ap_memory|                                             tile_in_48|         array|
|tile_in_48_d0          |  out|    8|   ap_memory|                                             tile_in_48|         array|
|tile_in_49_address0    |  out|    6|   ap_memory|                                             tile_in_49|         array|
|tile_in_49_ce0         |  out|    1|   ap_memory|                                             tile_in_49|         array|
|tile_in_49_we0         |  out|    1|   ap_memory|                                             tile_in_49|         array|
|tile_in_49_d0          |  out|    8|   ap_memory|                                             tile_in_49|         array|
|tile_in_50_address0    |  out|    6|   ap_memory|                                             tile_in_50|         array|
|tile_in_50_ce0         |  out|    1|   ap_memory|                                             tile_in_50|         array|
|tile_in_50_we0         |  out|    1|   ap_memory|                                             tile_in_50|         array|
|tile_in_50_d0          |  out|    8|   ap_memory|                                             tile_in_50|         array|
|tile_in_51_address0    |  out|    6|   ap_memory|                                             tile_in_51|         array|
|tile_in_51_ce0         |  out|    1|   ap_memory|                                             tile_in_51|         array|
|tile_in_51_we0         |  out|    1|   ap_memory|                                             tile_in_51|         array|
|tile_in_51_d0          |  out|    8|   ap_memory|                                             tile_in_51|         array|
|tile_in_52_address0    |  out|    6|   ap_memory|                                             tile_in_52|         array|
|tile_in_52_ce0         |  out|    1|   ap_memory|                                             tile_in_52|         array|
|tile_in_52_we0         |  out|    1|   ap_memory|                                             tile_in_52|         array|
|tile_in_52_d0          |  out|    8|   ap_memory|                                             tile_in_52|         array|
|tile_in_53_address0    |  out|    6|   ap_memory|                                             tile_in_53|         array|
|tile_in_53_ce0         |  out|    1|   ap_memory|                                             tile_in_53|         array|
|tile_in_53_we0         |  out|    1|   ap_memory|                                             tile_in_53|         array|
|tile_in_53_d0          |  out|    8|   ap_memory|                                             tile_in_53|         array|
|tile_in_54_address0    |  out|    6|   ap_memory|                                             tile_in_54|         array|
|tile_in_54_ce0         |  out|    1|   ap_memory|                                             tile_in_54|         array|
|tile_in_54_we0         |  out|    1|   ap_memory|                                             tile_in_54|         array|
|tile_in_54_d0          |  out|    8|   ap_memory|                                             tile_in_54|         array|
|tile_in_55_address0    |  out|    6|   ap_memory|                                             tile_in_55|         array|
|tile_in_55_ce0         |  out|    1|   ap_memory|                                             tile_in_55|         array|
|tile_in_55_we0         |  out|    1|   ap_memory|                                             tile_in_55|         array|
|tile_in_55_d0          |  out|    8|   ap_memory|                                             tile_in_55|         array|
|tile_in_56_address0    |  out|    6|   ap_memory|                                             tile_in_56|         array|
|tile_in_56_ce0         |  out|    1|   ap_memory|                                             tile_in_56|         array|
|tile_in_56_we0         |  out|    1|   ap_memory|                                             tile_in_56|         array|
|tile_in_56_d0          |  out|    8|   ap_memory|                                             tile_in_56|         array|
|tile_in_57_address0    |  out|    6|   ap_memory|                                             tile_in_57|         array|
|tile_in_57_ce0         |  out|    1|   ap_memory|                                             tile_in_57|         array|
|tile_in_57_we0         |  out|    1|   ap_memory|                                             tile_in_57|         array|
|tile_in_57_d0          |  out|    8|   ap_memory|                                             tile_in_57|         array|
|tile_in_58_address0    |  out|    6|   ap_memory|                                             tile_in_58|         array|
|tile_in_58_ce0         |  out|    1|   ap_memory|                                             tile_in_58|         array|
|tile_in_58_we0         |  out|    1|   ap_memory|                                             tile_in_58|         array|
|tile_in_58_d0          |  out|    8|   ap_memory|                                             tile_in_58|         array|
|tile_in_59_address0    |  out|    6|   ap_memory|                                             tile_in_59|         array|
|tile_in_59_ce0         |  out|    1|   ap_memory|                                             tile_in_59|         array|
|tile_in_59_we0         |  out|    1|   ap_memory|                                             tile_in_59|         array|
|tile_in_59_d0          |  out|    8|   ap_memory|                                             tile_in_59|         array|
|tile_in_60_address0    |  out|    6|   ap_memory|                                             tile_in_60|         array|
|tile_in_60_ce0         |  out|    1|   ap_memory|                                             tile_in_60|         array|
|tile_in_60_we0         |  out|    1|   ap_memory|                                             tile_in_60|         array|
|tile_in_60_d0          |  out|    8|   ap_memory|                                             tile_in_60|         array|
|tile_in_61_address0    |  out|    6|   ap_memory|                                             tile_in_61|         array|
|tile_in_61_ce0         |  out|    1|   ap_memory|                                             tile_in_61|         array|
|tile_in_61_we0         |  out|    1|   ap_memory|                                             tile_in_61|         array|
|tile_in_61_d0          |  out|    8|   ap_memory|                                             tile_in_61|         array|
|tile_in_62_address0    |  out|    6|   ap_memory|                                             tile_in_62|         array|
|tile_in_62_ce0         |  out|    1|   ap_memory|                                             tile_in_62|         array|
|tile_in_62_we0         |  out|    1|   ap_memory|                                             tile_in_62|         array|
|tile_in_62_d0          |  out|    8|   ap_memory|                                             tile_in_62|         array|
|tile_in_63_address0    |  out|    6|   ap_memory|                                             tile_in_63|         array|
|tile_in_63_ce0         |  out|    1|   ap_memory|                                             tile_in_63|         array|
|tile_in_63_we0         |  out|    1|   ap_memory|                                             tile_in_63|         array|
|tile_in_63_d0          |  out|    8|   ap_memory|                                             tile_in_63|         array|
|tile_in_64_address0    |  out|    6|   ap_memory|                                             tile_in_64|         array|
|tile_in_64_ce0         |  out|    1|   ap_memory|                                             tile_in_64|         array|
|tile_in_64_we0         |  out|    1|   ap_memory|                                             tile_in_64|         array|
|tile_in_64_d0          |  out|    8|   ap_memory|                                             tile_in_64|         array|
|tile_in_65_address0    |  out|    6|   ap_memory|                                             tile_in_65|         array|
|tile_in_65_ce0         |  out|    1|   ap_memory|                                             tile_in_65|         array|
|tile_in_65_we0         |  out|    1|   ap_memory|                                             tile_in_65|         array|
|tile_in_65_d0          |  out|    8|   ap_memory|                                             tile_in_65|         array|
|tile_in_66_address0    |  out|    6|   ap_memory|                                             tile_in_66|         array|
|tile_in_66_ce0         |  out|    1|   ap_memory|                                             tile_in_66|         array|
|tile_in_66_we0         |  out|    1|   ap_memory|                                             tile_in_66|         array|
|tile_in_66_d0          |  out|    8|   ap_memory|                                             tile_in_66|         array|
|tile_in_67_address0    |  out|    6|   ap_memory|                                             tile_in_67|         array|
|tile_in_67_ce0         |  out|    1|   ap_memory|                                             tile_in_67|         array|
|tile_in_67_we0         |  out|    1|   ap_memory|                                             tile_in_67|         array|
|tile_in_67_d0          |  out|    8|   ap_memory|                                             tile_in_67|         array|
|tile_in_68_address0    |  out|    6|   ap_memory|                                             tile_in_68|         array|
|tile_in_68_ce0         |  out|    1|   ap_memory|                                             tile_in_68|         array|
|tile_in_68_we0         |  out|    1|   ap_memory|                                             tile_in_68|         array|
|tile_in_68_d0          |  out|    8|   ap_memory|                                             tile_in_68|         array|
|tile_in_69_address0    |  out|    6|   ap_memory|                                             tile_in_69|         array|
|tile_in_69_ce0         |  out|    1|   ap_memory|                                             tile_in_69|         array|
|tile_in_69_we0         |  out|    1|   ap_memory|                                             tile_in_69|         array|
|tile_in_69_d0          |  out|    8|   ap_memory|                                             tile_in_69|         array|
|tile_in_70_address0    |  out|    6|   ap_memory|                                             tile_in_70|         array|
|tile_in_70_ce0         |  out|    1|   ap_memory|                                             tile_in_70|         array|
|tile_in_70_we0         |  out|    1|   ap_memory|                                             tile_in_70|         array|
|tile_in_70_d0          |  out|    8|   ap_memory|                                             tile_in_70|         array|
|tile_in_71_address0    |  out|    6|   ap_memory|                                             tile_in_71|         array|
|tile_in_71_ce0         |  out|    1|   ap_memory|                                             tile_in_71|         array|
|tile_in_71_we0         |  out|    1|   ap_memory|                                             tile_in_71|         array|
|tile_in_71_d0          |  out|    8|   ap_memory|                                             tile_in_71|         array|
|tile_in_72_address0    |  out|    6|   ap_memory|                                             tile_in_72|         array|
|tile_in_72_ce0         |  out|    1|   ap_memory|                                             tile_in_72|         array|
|tile_in_72_we0         |  out|    1|   ap_memory|                                             tile_in_72|         array|
|tile_in_72_d0          |  out|    8|   ap_memory|                                             tile_in_72|         array|
|tile_in_73_address0    |  out|    6|   ap_memory|                                             tile_in_73|         array|
|tile_in_73_ce0         |  out|    1|   ap_memory|                                             tile_in_73|         array|
|tile_in_73_we0         |  out|    1|   ap_memory|                                             tile_in_73|         array|
|tile_in_73_d0          |  out|    8|   ap_memory|                                             tile_in_73|         array|
|tile_in_74_address0    |  out|    6|   ap_memory|                                             tile_in_74|         array|
|tile_in_74_ce0         |  out|    1|   ap_memory|                                             tile_in_74|         array|
|tile_in_74_we0         |  out|    1|   ap_memory|                                             tile_in_74|         array|
|tile_in_74_d0          |  out|    8|   ap_memory|                                             tile_in_74|         array|
|tile_in_75_address0    |  out|    6|   ap_memory|                                             tile_in_75|         array|
|tile_in_75_ce0         |  out|    1|   ap_memory|                                             tile_in_75|         array|
|tile_in_75_we0         |  out|    1|   ap_memory|                                             tile_in_75|         array|
|tile_in_75_d0          |  out|    8|   ap_memory|                                             tile_in_75|         array|
|tile_in_76_address0    |  out|    6|   ap_memory|                                             tile_in_76|         array|
|tile_in_76_ce0         |  out|    1|   ap_memory|                                             tile_in_76|         array|
|tile_in_76_we0         |  out|    1|   ap_memory|                                             tile_in_76|         array|
|tile_in_76_d0          |  out|    8|   ap_memory|                                             tile_in_76|         array|
|tile_in_77_address0    |  out|    6|   ap_memory|                                             tile_in_77|         array|
|tile_in_77_ce0         |  out|    1|   ap_memory|                                             tile_in_77|         array|
|tile_in_77_we0         |  out|    1|   ap_memory|                                             tile_in_77|         array|
|tile_in_77_d0          |  out|    8|   ap_memory|                                             tile_in_77|         array|
|tile_in_78_address0    |  out|    6|   ap_memory|                                             tile_in_78|         array|
|tile_in_78_ce0         |  out|    1|   ap_memory|                                             tile_in_78|         array|
|tile_in_78_we0         |  out|    1|   ap_memory|                                             tile_in_78|         array|
|tile_in_78_d0          |  out|    8|   ap_memory|                                             tile_in_78|         array|
|tile_in_79_address0    |  out|    6|   ap_memory|                                             tile_in_79|         array|
|tile_in_79_ce0         |  out|    1|   ap_memory|                                             tile_in_79|         array|
|tile_in_79_we0         |  out|    1|   ap_memory|                                             tile_in_79|         array|
|tile_in_79_d0          |  out|    8|   ap_memory|                                             tile_in_79|         array|
|tile_in_80_address0    |  out|    6|   ap_memory|                                             tile_in_80|         array|
|tile_in_80_ce0         |  out|    1|   ap_memory|                                             tile_in_80|         array|
|tile_in_80_we0         |  out|    1|   ap_memory|                                             tile_in_80|         array|
|tile_in_80_d0          |  out|    8|   ap_memory|                                             tile_in_80|         array|
|tile_in_81_address0    |  out|    6|   ap_memory|                                             tile_in_81|         array|
|tile_in_81_ce0         |  out|    1|   ap_memory|                                             tile_in_81|         array|
|tile_in_81_we0         |  out|    1|   ap_memory|                                             tile_in_81|         array|
|tile_in_81_d0          |  out|    8|   ap_memory|                                             tile_in_81|         array|
|tile_in_82_address0    |  out|    6|   ap_memory|                                             tile_in_82|         array|
|tile_in_82_ce0         |  out|    1|   ap_memory|                                             tile_in_82|         array|
|tile_in_82_we0         |  out|    1|   ap_memory|                                             tile_in_82|         array|
|tile_in_82_d0          |  out|    8|   ap_memory|                                             tile_in_82|         array|
|tile_in_83_address0    |  out|    6|   ap_memory|                                             tile_in_83|         array|
|tile_in_83_ce0         |  out|    1|   ap_memory|                                             tile_in_83|         array|
|tile_in_83_we0         |  out|    1|   ap_memory|                                             tile_in_83|         array|
|tile_in_83_d0          |  out|    8|   ap_memory|                                             tile_in_83|         array|
|tile_in_84_address0    |  out|    6|   ap_memory|                                             tile_in_84|         array|
|tile_in_84_ce0         |  out|    1|   ap_memory|                                             tile_in_84|         array|
|tile_in_84_we0         |  out|    1|   ap_memory|                                             tile_in_84|         array|
|tile_in_84_d0          |  out|    8|   ap_memory|                                             tile_in_84|         array|
|tile_in_85_address0    |  out|    6|   ap_memory|                                             tile_in_85|         array|
|tile_in_85_ce0         |  out|    1|   ap_memory|                                             tile_in_85|         array|
|tile_in_85_we0         |  out|    1|   ap_memory|                                             tile_in_85|         array|
|tile_in_85_d0          |  out|    8|   ap_memory|                                             tile_in_85|         array|
|tile_in_86_address0    |  out|    6|   ap_memory|                                             tile_in_86|         array|
|tile_in_86_ce0         |  out|    1|   ap_memory|                                             tile_in_86|         array|
|tile_in_86_we0         |  out|    1|   ap_memory|                                             tile_in_86|         array|
|tile_in_86_d0          |  out|    8|   ap_memory|                                             tile_in_86|         array|
|tile_in_87_address0    |  out|    6|   ap_memory|                                             tile_in_87|         array|
|tile_in_87_ce0         |  out|    1|   ap_memory|                                             tile_in_87|         array|
|tile_in_87_we0         |  out|    1|   ap_memory|                                             tile_in_87|         array|
|tile_in_87_d0          |  out|    8|   ap_memory|                                             tile_in_87|         array|
|tile_in_88_address0    |  out|    6|   ap_memory|                                             tile_in_88|         array|
|tile_in_88_ce0         |  out|    1|   ap_memory|                                             tile_in_88|         array|
|tile_in_88_we0         |  out|    1|   ap_memory|                                             tile_in_88|         array|
|tile_in_88_d0          |  out|    8|   ap_memory|                                             tile_in_88|         array|
|tile_in_89_address0    |  out|    6|   ap_memory|                                             tile_in_89|         array|
|tile_in_89_ce0         |  out|    1|   ap_memory|                                             tile_in_89|         array|
|tile_in_89_we0         |  out|    1|   ap_memory|                                             tile_in_89|         array|
|tile_in_89_d0          |  out|    8|   ap_memory|                                             tile_in_89|         array|
|tile_in_90_address0    |  out|    6|   ap_memory|                                             tile_in_90|         array|
|tile_in_90_ce0         |  out|    1|   ap_memory|                                             tile_in_90|         array|
|tile_in_90_we0         |  out|    1|   ap_memory|                                             tile_in_90|         array|
|tile_in_90_d0          |  out|    8|   ap_memory|                                             tile_in_90|         array|
|tile_in_91_address0    |  out|    6|   ap_memory|                                             tile_in_91|         array|
|tile_in_91_ce0         |  out|    1|   ap_memory|                                             tile_in_91|         array|
|tile_in_91_we0         |  out|    1|   ap_memory|                                             tile_in_91|         array|
|tile_in_91_d0          |  out|    8|   ap_memory|                                             tile_in_91|         array|
|tile_in_92_address0    |  out|    6|   ap_memory|                                             tile_in_92|         array|
|tile_in_92_ce0         |  out|    1|   ap_memory|                                             tile_in_92|         array|
|tile_in_92_we0         |  out|    1|   ap_memory|                                             tile_in_92|         array|
|tile_in_92_d0          |  out|    8|   ap_memory|                                             tile_in_92|         array|
|tile_in_93_address0    |  out|    6|   ap_memory|                                             tile_in_93|         array|
|tile_in_93_ce0         |  out|    1|   ap_memory|                                             tile_in_93|         array|
|tile_in_93_we0         |  out|    1|   ap_memory|                                             tile_in_93|         array|
|tile_in_93_d0          |  out|    8|   ap_memory|                                             tile_in_93|         array|
|tile_in_94_address0    |  out|    6|   ap_memory|                                             tile_in_94|         array|
|tile_in_94_ce0         |  out|    1|   ap_memory|                                             tile_in_94|         array|
|tile_in_94_we0         |  out|    1|   ap_memory|                                             tile_in_94|         array|
|tile_in_94_d0          |  out|    8|   ap_memory|                                             tile_in_94|         array|
|tile_in_95_address0    |  out|    6|   ap_memory|                                             tile_in_95|         array|
|tile_in_95_ce0         |  out|    1|   ap_memory|                                             tile_in_95|         array|
|tile_in_95_we0         |  out|    1|   ap_memory|                                             tile_in_95|         array|
|tile_in_95_d0          |  out|    8|   ap_memory|                                             tile_in_95|         array|
|tile_in_96_address0    |  out|    6|   ap_memory|                                             tile_in_96|         array|
|tile_in_96_ce0         |  out|    1|   ap_memory|                                             tile_in_96|         array|
|tile_in_96_we0         |  out|    1|   ap_memory|                                             tile_in_96|         array|
|tile_in_96_d0          |  out|    8|   ap_memory|                                             tile_in_96|         array|
|tile_in_97_address0    |  out|    6|   ap_memory|                                             tile_in_97|         array|
|tile_in_97_ce0         |  out|    1|   ap_memory|                                             tile_in_97|         array|
|tile_in_97_we0         |  out|    1|   ap_memory|                                             tile_in_97|         array|
|tile_in_97_d0          |  out|    8|   ap_memory|                                             tile_in_97|         array|
|tile_in_98_address0    |  out|    6|   ap_memory|                                             tile_in_98|         array|
|tile_in_98_ce0         |  out|    1|   ap_memory|                                             tile_in_98|         array|
|tile_in_98_we0         |  out|    1|   ap_memory|                                             tile_in_98|         array|
|tile_in_98_d0          |  out|    8|   ap_memory|                                             tile_in_98|         array|
|tile_in_99_address0    |  out|    6|   ap_memory|                                             tile_in_99|         array|
|tile_in_99_ce0         |  out|    1|   ap_memory|                                             tile_in_99|         array|
|tile_in_99_we0         |  out|    1|   ap_memory|                                             tile_in_99|         array|
|tile_in_99_d0          |  out|    8|   ap_memory|                                             tile_in_99|         array|
|tile_in_100_address0   |  out|    6|   ap_memory|                                            tile_in_100|         array|
|tile_in_100_ce0        |  out|    1|   ap_memory|                                            tile_in_100|         array|
|tile_in_100_we0        |  out|    1|   ap_memory|                                            tile_in_100|         array|
|tile_in_100_d0         |  out|    8|   ap_memory|                                            tile_in_100|         array|
|tile_in_101_address0   |  out|    6|   ap_memory|                                            tile_in_101|         array|
|tile_in_101_ce0        |  out|    1|   ap_memory|                                            tile_in_101|         array|
|tile_in_101_we0        |  out|    1|   ap_memory|                                            tile_in_101|         array|
|tile_in_101_d0         |  out|    8|   ap_memory|                                            tile_in_101|         array|
|tile_in_102_address0   |  out|    6|   ap_memory|                                            tile_in_102|         array|
|tile_in_102_ce0        |  out|    1|   ap_memory|                                            tile_in_102|         array|
|tile_in_102_we0        |  out|    1|   ap_memory|                                            tile_in_102|         array|
|tile_in_102_d0         |  out|    8|   ap_memory|                                            tile_in_102|         array|
|tile_in_103_address0   |  out|    6|   ap_memory|                                            tile_in_103|         array|
|tile_in_103_ce0        |  out|    1|   ap_memory|                                            tile_in_103|         array|
|tile_in_103_we0        |  out|    1|   ap_memory|                                            tile_in_103|         array|
|tile_in_103_d0         |  out|    8|   ap_memory|                                            tile_in_103|         array|
|tile_in_104_address0   |  out|    6|   ap_memory|                                            tile_in_104|         array|
|tile_in_104_ce0        |  out|    1|   ap_memory|                                            tile_in_104|         array|
|tile_in_104_we0        |  out|    1|   ap_memory|                                            tile_in_104|         array|
|tile_in_104_d0         |  out|    8|   ap_memory|                                            tile_in_104|         array|
|tile_in_105_address0   |  out|    6|   ap_memory|                                            tile_in_105|         array|
|tile_in_105_ce0        |  out|    1|   ap_memory|                                            tile_in_105|         array|
|tile_in_105_we0        |  out|    1|   ap_memory|                                            tile_in_105|         array|
|tile_in_105_d0         |  out|    8|   ap_memory|                                            tile_in_105|         array|
|tile_in_106_address0   |  out|    6|   ap_memory|                                            tile_in_106|         array|
|tile_in_106_ce0        |  out|    1|   ap_memory|                                            tile_in_106|         array|
|tile_in_106_we0        |  out|    1|   ap_memory|                                            tile_in_106|         array|
|tile_in_106_d0         |  out|    8|   ap_memory|                                            tile_in_106|         array|
|tile_in_107_address0   |  out|    6|   ap_memory|                                            tile_in_107|         array|
|tile_in_107_ce0        |  out|    1|   ap_memory|                                            tile_in_107|         array|
|tile_in_107_we0        |  out|    1|   ap_memory|                                            tile_in_107|         array|
|tile_in_107_d0         |  out|    8|   ap_memory|                                            tile_in_107|         array|
|tile_in_108_address0   |  out|    6|   ap_memory|                                            tile_in_108|         array|
|tile_in_108_ce0        |  out|    1|   ap_memory|                                            tile_in_108|         array|
|tile_in_108_we0        |  out|    1|   ap_memory|                                            tile_in_108|         array|
|tile_in_108_d0         |  out|    8|   ap_memory|                                            tile_in_108|         array|
|tile_in_109_address0   |  out|    6|   ap_memory|                                            tile_in_109|         array|
|tile_in_109_ce0        |  out|    1|   ap_memory|                                            tile_in_109|         array|
|tile_in_109_we0        |  out|    1|   ap_memory|                                            tile_in_109|         array|
|tile_in_109_d0         |  out|    8|   ap_memory|                                            tile_in_109|         array|
|tile_in_110_address0   |  out|    6|   ap_memory|                                            tile_in_110|         array|
|tile_in_110_ce0        |  out|    1|   ap_memory|                                            tile_in_110|         array|
|tile_in_110_we0        |  out|    1|   ap_memory|                                            tile_in_110|         array|
|tile_in_110_d0         |  out|    8|   ap_memory|                                            tile_in_110|         array|
|tile_in_111_address0   |  out|    6|   ap_memory|                                            tile_in_111|         array|
|tile_in_111_ce0        |  out|    1|   ap_memory|                                            tile_in_111|         array|
|tile_in_111_we0        |  out|    1|   ap_memory|                                            tile_in_111|         array|
|tile_in_111_d0         |  out|    8|   ap_memory|                                            tile_in_111|         array|
|tile_in_112_address0   |  out|    6|   ap_memory|                                            tile_in_112|         array|
|tile_in_112_ce0        |  out|    1|   ap_memory|                                            tile_in_112|         array|
|tile_in_112_we0        |  out|    1|   ap_memory|                                            tile_in_112|         array|
|tile_in_112_d0         |  out|    8|   ap_memory|                                            tile_in_112|         array|
|tile_in_113_address0   |  out|    6|   ap_memory|                                            tile_in_113|         array|
|tile_in_113_ce0        |  out|    1|   ap_memory|                                            tile_in_113|         array|
|tile_in_113_we0        |  out|    1|   ap_memory|                                            tile_in_113|         array|
|tile_in_113_d0         |  out|    8|   ap_memory|                                            tile_in_113|         array|
|tile_in_114_address0   |  out|    6|   ap_memory|                                            tile_in_114|         array|
|tile_in_114_ce0        |  out|    1|   ap_memory|                                            tile_in_114|         array|
|tile_in_114_we0        |  out|    1|   ap_memory|                                            tile_in_114|         array|
|tile_in_114_d0         |  out|    8|   ap_memory|                                            tile_in_114|         array|
|tile_in_115_address0   |  out|    6|   ap_memory|                                            tile_in_115|         array|
|tile_in_115_ce0        |  out|    1|   ap_memory|                                            tile_in_115|         array|
|tile_in_115_we0        |  out|    1|   ap_memory|                                            tile_in_115|         array|
|tile_in_115_d0         |  out|    8|   ap_memory|                                            tile_in_115|         array|
|tile_in_116_address0   |  out|    6|   ap_memory|                                            tile_in_116|         array|
|tile_in_116_ce0        |  out|    1|   ap_memory|                                            tile_in_116|         array|
|tile_in_116_we0        |  out|    1|   ap_memory|                                            tile_in_116|         array|
|tile_in_116_d0         |  out|    8|   ap_memory|                                            tile_in_116|         array|
|tile_in_117_address0   |  out|    6|   ap_memory|                                            tile_in_117|         array|
|tile_in_117_ce0        |  out|    1|   ap_memory|                                            tile_in_117|         array|
|tile_in_117_we0        |  out|    1|   ap_memory|                                            tile_in_117|         array|
|tile_in_117_d0         |  out|    8|   ap_memory|                                            tile_in_117|         array|
|tile_in_118_address0   |  out|    6|   ap_memory|                                            tile_in_118|         array|
|tile_in_118_ce0        |  out|    1|   ap_memory|                                            tile_in_118|         array|
|tile_in_118_we0        |  out|    1|   ap_memory|                                            tile_in_118|         array|
|tile_in_118_d0         |  out|    8|   ap_memory|                                            tile_in_118|         array|
|tile_in_119_address0   |  out|    6|   ap_memory|                                            tile_in_119|         array|
|tile_in_119_ce0        |  out|    1|   ap_memory|                                            tile_in_119|         array|
|tile_in_119_we0        |  out|    1|   ap_memory|                                            tile_in_119|         array|
|tile_in_119_d0         |  out|    8|   ap_memory|                                            tile_in_119|         array|
|tile_in_120_address0   |  out|    6|   ap_memory|                                            tile_in_120|         array|
|tile_in_120_ce0        |  out|    1|   ap_memory|                                            tile_in_120|         array|
|tile_in_120_we0        |  out|    1|   ap_memory|                                            tile_in_120|         array|
|tile_in_120_d0         |  out|    8|   ap_memory|                                            tile_in_120|         array|
|tile_in_121_address0   |  out|    6|   ap_memory|                                            tile_in_121|         array|
|tile_in_121_ce0        |  out|    1|   ap_memory|                                            tile_in_121|         array|
|tile_in_121_we0        |  out|    1|   ap_memory|                                            tile_in_121|         array|
|tile_in_121_d0         |  out|    8|   ap_memory|                                            tile_in_121|         array|
|tile_in_122_address0   |  out|    6|   ap_memory|                                            tile_in_122|         array|
|tile_in_122_ce0        |  out|    1|   ap_memory|                                            tile_in_122|         array|
|tile_in_122_we0        |  out|    1|   ap_memory|                                            tile_in_122|         array|
|tile_in_122_d0         |  out|    8|   ap_memory|                                            tile_in_122|         array|
|tile_in_123_address0   |  out|    6|   ap_memory|                                            tile_in_123|         array|
|tile_in_123_ce0        |  out|    1|   ap_memory|                                            tile_in_123|         array|
|tile_in_123_we0        |  out|    1|   ap_memory|                                            tile_in_123|         array|
|tile_in_123_d0         |  out|    8|   ap_memory|                                            tile_in_123|         array|
|tile_in_124_address0   |  out|    6|   ap_memory|                                            tile_in_124|         array|
|tile_in_124_ce0        |  out|    1|   ap_memory|                                            tile_in_124|         array|
|tile_in_124_we0        |  out|    1|   ap_memory|                                            tile_in_124|         array|
|tile_in_124_d0         |  out|    8|   ap_memory|                                            tile_in_124|         array|
|tile_in_125_address0   |  out|    6|   ap_memory|                                            tile_in_125|         array|
|tile_in_125_ce0        |  out|    1|   ap_memory|                                            tile_in_125|         array|
|tile_in_125_we0        |  out|    1|   ap_memory|                                            tile_in_125|         array|
|tile_in_125_d0         |  out|    8|   ap_memory|                                            tile_in_125|         array|
|tile_in_126_address0   |  out|    6|   ap_memory|                                            tile_in_126|         array|
|tile_in_126_ce0        |  out|    1|   ap_memory|                                            tile_in_126|         array|
|tile_in_126_we0        |  out|    1|   ap_memory|                                            tile_in_126|         array|
|tile_in_126_d0         |  out|    8|   ap_memory|                                            tile_in_126|         array|
|tile_in_127_address0   |  out|    6|   ap_memory|                                            tile_in_127|         array|
|tile_in_127_ce0        |  out|    1|   ap_memory|                                            tile_in_127|         array|
|tile_in_127_we0        |  out|    1|   ap_memory|                                            tile_in_127|         array|
|tile_in_127_d0         |  out|    8|   ap_memory|                                            tile_in_127|         array|
|tile_in_128_address0   |  out|    6|   ap_memory|                                            tile_in_128|         array|
|tile_in_128_ce0        |  out|    1|   ap_memory|                                            tile_in_128|         array|
|tile_in_128_we0        |  out|    1|   ap_memory|                                            tile_in_128|         array|
|tile_in_128_d0         |  out|    8|   ap_memory|                                            tile_in_128|         array|
|tile_in_129_address0   |  out|    6|   ap_memory|                                            tile_in_129|         array|
|tile_in_129_ce0        |  out|    1|   ap_memory|                                            tile_in_129|         array|
|tile_in_129_we0        |  out|    1|   ap_memory|                                            tile_in_129|         array|
|tile_in_129_d0         |  out|    8|   ap_memory|                                            tile_in_129|         array|
|tile_in_130_address0   |  out|    6|   ap_memory|                                            tile_in_130|         array|
|tile_in_130_ce0        |  out|    1|   ap_memory|                                            tile_in_130|         array|
|tile_in_130_we0        |  out|    1|   ap_memory|                                            tile_in_130|         array|
|tile_in_130_d0         |  out|    8|   ap_memory|                                            tile_in_130|         array|
|tile_in_131_address0   |  out|    6|   ap_memory|                                            tile_in_131|         array|
|tile_in_131_ce0        |  out|    1|   ap_memory|                                            tile_in_131|         array|
|tile_in_131_we0        |  out|    1|   ap_memory|                                            tile_in_131|         array|
|tile_in_131_d0         |  out|    8|   ap_memory|                                            tile_in_131|         array|
|tile_in_132_address0   |  out|    6|   ap_memory|                                            tile_in_132|         array|
|tile_in_132_ce0        |  out|    1|   ap_memory|                                            tile_in_132|         array|
|tile_in_132_we0        |  out|    1|   ap_memory|                                            tile_in_132|         array|
|tile_in_132_d0         |  out|    8|   ap_memory|                                            tile_in_132|         array|
|tile_in_133_address0   |  out|    6|   ap_memory|                                            tile_in_133|         array|
|tile_in_133_ce0        |  out|    1|   ap_memory|                                            tile_in_133|         array|
|tile_in_133_we0        |  out|    1|   ap_memory|                                            tile_in_133|         array|
|tile_in_133_d0         |  out|    8|   ap_memory|                                            tile_in_133|         array|
|tile_in_134_address0   |  out|    6|   ap_memory|                                            tile_in_134|         array|
|tile_in_134_ce0        |  out|    1|   ap_memory|                                            tile_in_134|         array|
|tile_in_134_we0        |  out|    1|   ap_memory|                                            tile_in_134|         array|
|tile_in_134_d0         |  out|    8|   ap_memory|                                            tile_in_134|         array|
|tile_in_135_address0   |  out|    6|   ap_memory|                                            tile_in_135|         array|
|tile_in_135_ce0        |  out|    1|   ap_memory|                                            tile_in_135|         array|
|tile_in_135_we0        |  out|    1|   ap_memory|                                            tile_in_135|         array|
|tile_in_135_d0         |  out|    8|   ap_memory|                                            tile_in_135|         array|
|tile_in_136_address0   |  out|    6|   ap_memory|                                            tile_in_136|         array|
|tile_in_136_ce0        |  out|    1|   ap_memory|                                            tile_in_136|         array|
|tile_in_136_we0        |  out|    1|   ap_memory|                                            tile_in_136|         array|
|tile_in_136_d0         |  out|    8|   ap_memory|                                            tile_in_136|         array|
|tile_in_137_address0   |  out|    6|   ap_memory|                                            tile_in_137|         array|
|tile_in_137_ce0        |  out|    1|   ap_memory|                                            tile_in_137|         array|
|tile_in_137_we0        |  out|    1|   ap_memory|                                            tile_in_137|         array|
|tile_in_137_d0         |  out|    8|   ap_memory|                                            tile_in_137|         array|
|tile_in_138_address0   |  out|    6|   ap_memory|                                            tile_in_138|         array|
|tile_in_138_ce0        |  out|    1|   ap_memory|                                            tile_in_138|         array|
|tile_in_138_we0        |  out|    1|   ap_memory|                                            tile_in_138|         array|
|tile_in_138_d0         |  out|    8|   ap_memory|                                            tile_in_138|         array|
|tile_in_139_address0   |  out|    6|   ap_memory|                                            tile_in_139|         array|
|tile_in_139_ce0        |  out|    1|   ap_memory|                                            tile_in_139|         array|
|tile_in_139_we0        |  out|    1|   ap_memory|                                            tile_in_139|         array|
|tile_in_139_d0         |  out|    8|   ap_memory|                                            tile_in_139|         array|
|tile_in_140_address0   |  out|    6|   ap_memory|                                            tile_in_140|         array|
|tile_in_140_ce0        |  out|    1|   ap_memory|                                            tile_in_140|         array|
|tile_in_140_we0        |  out|    1|   ap_memory|                                            tile_in_140|         array|
|tile_in_140_d0         |  out|    8|   ap_memory|                                            tile_in_140|         array|
|tile_in_141_address0   |  out|    6|   ap_memory|                                            tile_in_141|         array|
|tile_in_141_ce0        |  out|    1|   ap_memory|                                            tile_in_141|         array|
|tile_in_141_we0        |  out|    1|   ap_memory|                                            tile_in_141|         array|
|tile_in_141_d0         |  out|    8|   ap_memory|                                            tile_in_141|         array|
|tile_in_142_address0   |  out|    6|   ap_memory|                                            tile_in_142|         array|
|tile_in_142_ce0        |  out|    1|   ap_memory|                                            tile_in_142|         array|
|tile_in_142_we0        |  out|    1|   ap_memory|                                            tile_in_142|         array|
|tile_in_142_d0         |  out|    8|   ap_memory|                                            tile_in_142|         array|
|tile_in_143_address0   |  out|    6|   ap_memory|                                            tile_in_143|         array|
|tile_in_143_ce0        |  out|    1|   ap_memory|                                            tile_in_143|         array|
|tile_in_143_we0        |  out|    1|   ap_memory|                                            tile_in_143|         array|
|tile_in_143_d0         |  out|    8|   ap_memory|                                            tile_in_143|         array|
|tile_in_144_address0   |  out|    6|   ap_memory|                                            tile_in_144|         array|
|tile_in_144_ce0        |  out|    1|   ap_memory|                                            tile_in_144|         array|
|tile_in_144_we0        |  out|    1|   ap_memory|                                            tile_in_144|         array|
|tile_in_144_d0         |  out|    8|   ap_memory|                                            tile_in_144|         array|
|tile_in_145_address0   |  out|    6|   ap_memory|                                            tile_in_145|         array|
|tile_in_145_ce0        |  out|    1|   ap_memory|                                            tile_in_145|         array|
|tile_in_145_we0        |  out|    1|   ap_memory|                                            tile_in_145|         array|
|tile_in_145_d0         |  out|    8|   ap_memory|                                            tile_in_145|         array|
|tile_in_146_address0   |  out|    6|   ap_memory|                                            tile_in_146|         array|
|tile_in_146_ce0        |  out|    1|   ap_memory|                                            tile_in_146|         array|
|tile_in_146_we0        |  out|    1|   ap_memory|                                            tile_in_146|         array|
|tile_in_146_d0         |  out|    8|   ap_memory|                                            tile_in_146|         array|
|tile_in_147_address0   |  out|    6|   ap_memory|                                            tile_in_147|         array|
|tile_in_147_ce0        |  out|    1|   ap_memory|                                            tile_in_147|         array|
|tile_in_147_we0        |  out|    1|   ap_memory|                                            tile_in_147|         array|
|tile_in_147_d0         |  out|    8|   ap_memory|                                            tile_in_147|         array|
|tile_in_148_address0   |  out|    6|   ap_memory|                                            tile_in_148|         array|
|tile_in_148_ce0        |  out|    1|   ap_memory|                                            tile_in_148|         array|
|tile_in_148_we0        |  out|    1|   ap_memory|                                            tile_in_148|         array|
|tile_in_148_d0         |  out|    8|   ap_memory|                                            tile_in_148|         array|
|tile_in_149_address0   |  out|    6|   ap_memory|                                            tile_in_149|         array|
|tile_in_149_ce0        |  out|    1|   ap_memory|                                            tile_in_149|         array|
|tile_in_149_we0        |  out|    1|   ap_memory|                                            tile_in_149|         array|
|tile_in_149_d0         |  out|    8|   ap_memory|                                            tile_in_149|         array|
|tile_in_150_address0   |  out|    6|   ap_memory|                                            tile_in_150|         array|
|tile_in_150_ce0        |  out|    1|   ap_memory|                                            tile_in_150|         array|
|tile_in_150_we0        |  out|    1|   ap_memory|                                            tile_in_150|         array|
|tile_in_150_d0         |  out|    8|   ap_memory|                                            tile_in_150|         array|
|tile_in_151_address0   |  out|    6|   ap_memory|                                            tile_in_151|         array|
|tile_in_151_ce0        |  out|    1|   ap_memory|                                            tile_in_151|         array|
|tile_in_151_we0        |  out|    1|   ap_memory|                                            tile_in_151|         array|
|tile_in_151_d0         |  out|    8|   ap_memory|                                            tile_in_151|         array|
|tile_in_152_address0   |  out|    6|   ap_memory|                                            tile_in_152|         array|
|tile_in_152_ce0        |  out|    1|   ap_memory|                                            tile_in_152|         array|
|tile_in_152_we0        |  out|    1|   ap_memory|                                            tile_in_152|         array|
|tile_in_152_d0         |  out|    8|   ap_memory|                                            tile_in_152|         array|
|tile_in_153_address0   |  out|    6|   ap_memory|                                            tile_in_153|         array|
|tile_in_153_ce0        |  out|    1|   ap_memory|                                            tile_in_153|         array|
|tile_in_153_we0        |  out|    1|   ap_memory|                                            tile_in_153|         array|
|tile_in_153_d0         |  out|    8|   ap_memory|                                            tile_in_153|         array|
|tile_in_154_address0   |  out|    6|   ap_memory|                                            tile_in_154|         array|
|tile_in_154_ce0        |  out|    1|   ap_memory|                                            tile_in_154|         array|
|tile_in_154_we0        |  out|    1|   ap_memory|                                            tile_in_154|         array|
|tile_in_154_d0         |  out|    8|   ap_memory|                                            tile_in_154|         array|
|tile_in_155_address0   |  out|    6|   ap_memory|                                            tile_in_155|         array|
|tile_in_155_ce0        |  out|    1|   ap_memory|                                            tile_in_155|         array|
|tile_in_155_we0        |  out|    1|   ap_memory|                                            tile_in_155|         array|
|tile_in_155_d0         |  out|    8|   ap_memory|                                            tile_in_155|         array|
|tile_in_156_address0   |  out|    6|   ap_memory|                                            tile_in_156|         array|
|tile_in_156_ce0        |  out|    1|   ap_memory|                                            tile_in_156|         array|
|tile_in_156_we0        |  out|    1|   ap_memory|                                            tile_in_156|         array|
|tile_in_156_d0         |  out|    8|   ap_memory|                                            tile_in_156|         array|
|tile_in_157_address0   |  out|    6|   ap_memory|                                            tile_in_157|         array|
|tile_in_157_ce0        |  out|    1|   ap_memory|                                            tile_in_157|         array|
|tile_in_157_we0        |  out|    1|   ap_memory|                                            tile_in_157|         array|
|tile_in_157_d0         |  out|    8|   ap_memory|                                            tile_in_157|         array|
|tile_in_158_address0   |  out|    6|   ap_memory|                                            tile_in_158|         array|
|tile_in_158_ce0        |  out|    1|   ap_memory|                                            tile_in_158|         array|
|tile_in_158_we0        |  out|    1|   ap_memory|                                            tile_in_158|         array|
|tile_in_158_d0         |  out|    8|   ap_memory|                                            tile_in_158|         array|
|tile_in_159_address0   |  out|    6|   ap_memory|                                            tile_in_159|         array|
|tile_in_159_ce0        |  out|    1|   ap_memory|                                            tile_in_159|         array|
|tile_in_159_we0        |  out|    1|   ap_memory|                                            tile_in_159|         array|
|tile_in_159_d0         |  out|    8|   ap_memory|                                            tile_in_159|         array|
|tile_in_160_address0   |  out|    6|   ap_memory|                                            tile_in_160|         array|
|tile_in_160_ce0        |  out|    1|   ap_memory|                                            tile_in_160|         array|
|tile_in_160_we0        |  out|    1|   ap_memory|                                            tile_in_160|         array|
|tile_in_160_d0         |  out|    8|   ap_memory|                                            tile_in_160|         array|
|tile_in_161_address0   |  out|    6|   ap_memory|                                            tile_in_161|         array|
|tile_in_161_ce0        |  out|    1|   ap_memory|                                            tile_in_161|         array|
|tile_in_161_we0        |  out|    1|   ap_memory|                                            tile_in_161|         array|
|tile_in_161_d0         |  out|    8|   ap_memory|                                            tile_in_161|         array|
|tile_in_162_address0   |  out|    6|   ap_memory|                                            tile_in_162|         array|
|tile_in_162_ce0        |  out|    1|   ap_memory|                                            tile_in_162|         array|
|tile_in_162_we0        |  out|    1|   ap_memory|                                            tile_in_162|         array|
|tile_in_162_d0         |  out|    8|   ap_memory|                                            tile_in_162|         array|
|tile_in_163_address0   |  out|    6|   ap_memory|                                            tile_in_163|         array|
|tile_in_163_ce0        |  out|    1|   ap_memory|                                            tile_in_163|         array|
|tile_in_163_we0        |  out|    1|   ap_memory|                                            tile_in_163|         array|
|tile_in_163_d0         |  out|    8|   ap_memory|                                            tile_in_163|         array|
|tile_in_164_address0   |  out|    6|   ap_memory|                                            tile_in_164|         array|
|tile_in_164_ce0        |  out|    1|   ap_memory|                                            tile_in_164|         array|
|tile_in_164_we0        |  out|    1|   ap_memory|                                            tile_in_164|         array|
|tile_in_164_d0         |  out|    8|   ap_memory|                                            tile_in_164|         array|
|tile_in_165_address0   |  out|    6|   ap_memory|                                            tile_in_165|         array|
|tile_in_165_ce0        |  out|    1|   ap_memory|                                            tile_in_165|         array|
|tile_in_165_we0        |  out|    1|   ap_memory|                                            tile_in_165|         array|
|tile_in_165_d0         |  out|    8|   ap_memory|                                            tile_in_165|         array|
|tile_in_166_address0   |  out|    6|   ap_memory|                                            tile_in_166|         array|
|tile_in_166_ce0        |  out|    1|   ap_memory|                                            tile_in_166|         array|
|tile_in_166_we0        |  out|    1|   ap_memory|                                            tile_in_166|         array|
|tile_in_166_d0         |  out|    8|   ap_memory|                                            tile_in_166|         array|
|tile_in_167_address0   |  out|    6|   ap_memory|                                            tile_in_167|         array|
|tile_in_167_ce0        |  out|    1|   ap_memory|                                            tile_in_167|         array|
|tile_in_167_we0        |  out|    1|   ap_memory|                                            tile_in_167|         array|
|tile_in_167_d0         |  out|    8|   ap_memory|                                            tile_in_167|         array|
|tile_in_168_address0   |  out|    6|   ap_memory|                                            tile_in_168|         array|
|tile_in_168_ce0        |  out|    1|   ap_memory|                                            tile_in_168|         array|
|tile_in_168_we0        |  out|    1|   ap_memory|                                            tile_in_168|         array|
|tile_in_168_d0         |  out|    8|   ap_memory|                                            tile_in_168|         array|
|tile_in_169_address0   |  out|    6|   ap_memory|                                            tile_in_169|         array|
|tile_in_169_ce0        |  out|    1|   ap_memory|                                            tile_in_169|         array|
|tile_in_169_we0        |  out|    1|   ap_memory|                                            tile_in_169|         array|
|tile_in_169_d0         |  out|    8|   ap_memory|                                            tile_in_169|         array|
|tile_in_170_address0   |  out|    6|   ap_memory|                                            tile_in_170|         array|
|tile_in_170_ce0        |  out|    1|   ap_memory|                                            tile_in_170|         array|
|tile_in_170_we0        |  out|    1|   ap_memory|                                            tile_in_170|         array|
|tile_in_170_d0         |  out|    8|   ap_memory|                                            tile_in_170|         array|
|tile_in_171_address0   |  out|    6|   ap_memory|                                            tile_in_171|         array|
|tile_in_171_ce0        |  out|    1|   ap_memory|                                            tile_in_171|         array|
|tile_in_171_we0        |  out|    1|   ap_memory|                                            tile_in_171|         array|
|tile_in_171_d0         |  out|    8|   ap_memory|                                            tile_in_171|         array|
|tile_in_172_address0   |  out|    6|   ap_memory|                                            tile_in_172|         array|
|tile_in_172_ce0        |  out|    1|   ap_memory|                                            tile_in_172|         array|
|tile_in_172_we0        |  out|    1|   ap_memory|                                            tile_in_172|         array|
|tile_in_172_d0         |  out|    8|   ap_memory|                                            tile_in_172|         array|
|tile_in_173_address0   |  out|    6|   ap_memory|                                            tile_in_173|         array|
|tile_in_173_ce0        |  out|    1|   ap_memory|                                            tile_in_173|         array|
|tile_in_173_we0        |  out|    1|   ap_memory|                                            tile_in_173|         array|
|tile_in_173_d0         |  out|    8|   ap_memory|                                            tile_in_173|         array|
|tile_in_174_address0   |  out|    6|   ap_memory|                                            tile_in_174|         array|
|tile_in_174_ce0        |  out|    1|   ap_memory|                                            tile_in_174|         array|
|tile_in_174_we0        |  out|    1|   ap_memory|                                            tile_in_174|         array|
|tile_in_174_d0         |  out|    8|   ap_memory|                                            tile_in_174|         array|
|tile_in_175_address0   |  out|    6|   ap_memory|                                            tile_in_175|         array|
|tile_in_175_ce0        |  out|    1|   ap_memory|                                            tile_in_175|         array|
|tile_in_175_we0        |  out|    1|   ap_memory|                                            tile_in_175|         array|
|tile_in_175_d0         |  out|    8|   ap_memory|                                            tile_in_175|         array|
|tile_in_176_address0   |  out|    6|   ap_memory|                                            tile_in_176|         array|
|tile_in_176_ce0        |  out|    1|   ap_memory|                                            tile_in_176|         array|
|tile_in_176_we0        |  out|    1|   ap_memory|                                            tile_in_176|         array|
|tile_in_176_d0         |  out|    8|   ap_memory|                                            tile_in_176|         array|
|tile_in_177_address0   |  out|    6|   ap_memory|                                            tile_in_177|         array|
|tile_in_177_ce0        |  out|    1|   ap_memory|                                            tile_in_177|         array|
|tile_in_177_we0        |  out|    1|   ap_memory|                                            tile_in_177|         array|
|tile_in_177_d0         |  out|    8|   ap_memory|                                            tile_in_177|         array|
|tile_in_178_address0   |  out|    6|   ap_memory|                                            tile_in_178|         array|
|tile_in_178_ce0        |  out|    1|   ap_memory|                                            tile_in_178|         array|
|tile_in_178_we0        |  out|    1|   ap_memory|                                            tile_in_178|         array|
|tile_in_178_d0         |  out|    8|   ap_memory|                                            tile_in_178|         array|
|tile_in_179_address0   |  out|    6|   ap_memory|                                            tile_in_179|         array|
|tile_in_179_ce0        |  out|    1|   ap_memory|                                            tile_in_179|         array|
|tile_in_179_we0        |  out|    1|   ap_memory|                                            tile_in_179|         array|
|tile_in_179_d0         |  out|    8|   ap_memory|                                            tile_in_179|         array|
|tile_in_180_address0   |  out|    6|   ap_memory|                                            tile_in_180|         array|
|tile_in_180_ce0        |  out|    1|   ap_memory|                                            tile_in_180|         array|
|tile_in_180_we0        |  out|    1|   ap_memory|                                            tile_in_180|         array|
|tile_in_180_d0         |  out|    8|   ap_memory|                                            tile_in_180|         array|
|tile_in_181_address0   |  out|    6|   ap_memory|                                            tile_in_181|         array|
|tile_in_181_ce0        |  out|    1|   ap_memory|                                            tile_in_181|         array|
|tile_in_181_we0        |  out|    1|   ap_memory|                                            tile_in_181|         array|
|tile_in_181_d0         |  out|    8|   ap_memory|                                            tile_in_181|         array|
|tile_in_182_address0   |  out|    6|   ap_memory|                                            tile_in_182|         array|
|tile_in_182_ce0        |  out|    1|   ap_memory|                                            tile_in_182|         array|
|tile_in_182_we0        |  out|    1|   ap_memory|                                            tile_in_182|         array|
|tile_in_182_d0         |  out|    8|   ap_memory|                                            tile_in_182|         array|
|tile_in_183_address0   |  out|    6|   ap_memory|                                            tile_in_183|         array|
|tile_in_183_ce0        |  out|    1|   ap_memory|                                            tile_in_183|         array|
|tile_in_183_we0        |  out|    1|   ap_memory|                                            tile_in_183|         array|
|tile_in_183_d0         |  out|    8|   ap_memory|                                            tile_in_183|         array|
|tile_in_184_address0   |  out|    6|   ap_memory|                                            tile_in_184|         array|
|tile_in_184_ce0        |  out|    1|   ap_memory|                                            tile_in_184|         array|
|tile_in_184_we0        |  out|    1|   ap_memory|                                            tile_in_184|         array|
|tile_in_184_d0         |  out|    8|   ap_memory|                                            tile_in_184|         array|
|tile_in_185_address0   |  out|    6|   ap_memory|                                            tile_in_185|         array|
|tile_in_185_ce0        |  out|    1|   ap_memory|                                            tile_in_185|         array|
|tile_in_185_we0        |  out|    1|   ap_memory|                                            tile_in_185|         array|
|tile_in_185_d0         |  out|    8|   ap_memory|                                            tile_in_185|         array|
|tile_in_186_address0   |  out|    6|   ap_memory|                                            tile_in_186|         array|
|tile_in_186_ce0        |  out|    1|   ap_memory|                                            tile_in_186|         array|
|tile_in_186_we0        |  out|    1|   ap_memory|                                            tile_in_186|         array|
|tile_in_186_d0         |  out|    8|   ap_memory|                                            tile_in_186|         array|
|tile_in_187_address0   |  out|    6|   ap_memory|                                            tile_in_187|         array|
|tile_in_187_ce0        |  out|    1|   ap_memory|                                            tile_in_187|         array|
|tile_in_187_we0        |  out|    1|   ap_memory|                                            tile_in_187|         array|
|tile_in_187_d0         |  out|    8|   ap_memory|                                            tile_in_187|         array|
|tile_in_188_address0   |  out|    6|   ap_memory|                                            tile_in_188|         array|
|tile_in_188_ce0        |  out|    1|   ap_memory|                                            tile_in_188|         array|
|tile_in_188_we0        |  out|    1|   ap_memory|                                            tile_in_188|         array|
|tile_in_188_d0         |  out|    8|   ap_memory|                                            tile_in_188|         array|
|tile_in_189_address0   |  out|    6|   ap_memory|                                            tile_in_189|         array|
|tile_in_189_ce0        |  out|    1|   ap_memory|                                            tile_in_189|         array|
|tile_in_189_we0        |  out|    1|   ap_memory|                                            tile_in_189|         array|
|tile_in_189_d0         |  out|    8|   ap_memory|                                            tile_in_189|         array|
|tile_in_190_address0   |  out|    6|   ap_memory|                                            tile_in_190|         array|
|tile_in_190_ce0        |  out|    1|   ap_memory|                                            tile_in_190|         array|
|tile_in_190_we0        |  out|    1|   ap_memory|                                            tile_in_190|         array|
|tile_in_190_d0         |  out|    8|   ap_memory|                                            tile_in_190|         array|
|tile_in_191_address0   |  out|    6|   ap_memory|                                            tile_in_191|         array|
|tile_in_191_ce0        |  out|    1|   ap_memory|                                            tile_in_191|         array|
|tile_in_191_we0        |  out|    1|   ap_memory|                                            tile_in_191|         array|
|tile_in_191_d0         |  out|    8|   ap_memory|                                            tile_in_191|         array|
|tile_in_192_address0   |  out|    6|   ap_memory|                                            tile_in_192|         array|
|tile_in_192_ce0        |  out|    1|   ap_memory|                                            tile_in_192|         array|
|tile_in_192_we0        |  out|    1|   ap_memory|                                            tile_in_192|         array|
|tile_in_192_d0         |  out|    8|   ap_memory|                                            tile_in_192|         array|
|tile_in_193_address0   |  out|    6|   ap_memory|                                            tile_in_193|         array|
|tile_in_193_ce0        |  out|    1|   ap_memory|                                            tile_in_193|         array|
|tile_in_193_we0        |  out|    1|   ap_memory|                                            tile_in_193|         array|
|tile_in_193_d0         |  out|    8|   ap_memory|                                            tile_in_193|         array|
|tile_in_194_address0   |  out|    6|   ap_memory|                                            tile_in_194|         array|
|tile_in_194_ce0        |  out|    1|   ap_memory|                                            tile_in_194|         array|
|tile_in_194_we0        |  out|    1|   ap_memory|                                            tile_in_194|         array|
|tile_in_194_d0         |  out|    8|   ap_memory|                                            tile_in_194|         array|
|tile_in_195_address0   |  out|    6|   ap_memory|                                            tile_in_195|         array|
|tile_in_195_ce0        |  out|    1|   ap_memory|                                            tile_in_195|         array|
|tile_in_195_we0        |  out|    1|   ap_memory|                                            tile_in_195|         array|
|tile_in_195_d0         |  out|    8|   ap_memory|                                            tile_in_195|         array|
|tile_in_196_address0   |  out|    6|   ap_memory|                                            tile_in_196|         array|
|tile_in_196_ce0        |  out|    1|   ap_memory|                                            tile_in_196|         array|
|tile_in_196_we0        |  out|    1|   ap_memory|                                            tile_in_196|         array|
|tile_in_196_d0         |  out|    8|   ap_memory|                                            tile_in_196|         array|
|tile_in_197_address0   |  out|    6|   ap_memory|                                            tile_in_197|         array|
|tile_in_197_ce0        |  out|    1|   ap_memory|                                            tile_in_197|         array|
|tile_in_197_we0        |  out|    1|   ap_memory|                                            tile_in_197|         array|
|tile_in_197_d0         |  out|    8|   ap_memory|                                            tile_in_197|         array|
|tile_in_198_address0   |  out|    6|   ap_memory|                                            tile_in_198|         array|
|tile_in_198_ce0        |  out|    1|   ap_memory|                                            tile_in_198|         array|
|tile_in_198_we0        |  out|    1|   ap_memory|                                            tile_in_198|         array|
|tile_in_198_d0         |  out|    8|   ap_memory|                                            tile_in_198|         array|
|tile_in_199_address0   |  out|    6|   ap_memory|                                            tile_in_199|         array|
|tile_in_199_ce0        |  out|    1|   ap_memory|                                            tile_in_199|         array|
|tile_in_199_we0        |  out|    1|   ap_memory|                                            tile_in_199|         array|
|tile_in_199_d0         |  out|    8|   ap_memory|                                            tile_in_199|         array|
|tile_in_200_address0   |  out|    6|   ap_memory|                                            tile_in_200|         array|
|tile_in_200_ce0        |  out|    1|   ap_memory|                                            tile_in_200|         array|
|tile_in_200_we0        |  out|    1|   ap_memory|                                            tile_in_200|         array|
|tile_in_200_d0         |  out|    8|   ap_memory|                                            tile_in_200|         array|
|tile_in_201_address0   |  out|    6|   ap_memory|                                            tile_in_201|         array|
|tile_in_201_ce0        |  out|    1|   ap_memory|                                            tile_in_201|         array|
|tile_in_201_we0        |  out|    1|   ap_memory|                                            tile_in_201|         array|
|tile_in_201_d0         |  out|    8|   ap_memory|                                            tile_in_201|         array|
|tile_in_202_address0   |  out|    6|   ap_memory|                                            tile_in_202|         array|
|tile_in_202_ce0        |  out|    1|   ap_memory|                                            tile_in_202|         array|
|tile_in_202_we0        |  out|    1|   ap_memory|                                            tile_in_202|         array|
|tile_in_202_d0         |  out|    8|   ap_memory|                                            tile_in_202|         array|
|tile_in_203_address0   |  out|    6|   ap_memory|                                            tile_in_203|         array|
|tile_in_203_ce0        |  out|    1|   ap_memory|                                            tile_in_203|         array|
|tile_in_203_we0        |  out|    1|   ap_memory|                                            tile_in_203|         array|
|tile_in_203_d0         |  out|    8|   ap_memory|                                            tile_in_203|         array|
|tile_in_204_address0   |  out|    6|   ap_memory|                                            tile_in_204|         array|
|tile_in_204_ce0        |  out|    1|   ap_memory|                                            tile_in_204|         array|
|tile_in_204_we0        |  out|    1|   ap_memory|                                            tile_in_204|         array|
|tile_in_204_d0         |  out|    8|   ap_memory|                                            tile_in_204|         array|
|tile_in_205_address0   |  out|    6|   ap_memory|                                            tile_in_205|         array|
|tile_in_205_ce0        |  out|    1|   ap_memory|                                            tile_in_205|         array|
|tile_in_205_we0        |  out|    1|   ap_memory|                                            tile_in_205|         array|
|tile_in_205_d0         |  out|    8|   ap_memory|                                            tile_in_205|         array|
|tile_in_206_address0   |  out|    6|   ap_memory|                                            tile_in_206|         array|
|tile_in_206_ce0        |  out|    1|   ap_memory|                                            tile_in_206|         array|
|tile_in_206_we0        |  out|    1|   ap_memory|                                            tile_in_206|         array|
|tile_in_206_d0         |  out|    8|   ap_memory|                                            tile_in_206|         array|
|tile_in_207_address0   |  out|    6|   ap_memory|                                            tile_in_207|         array|
|tile_in_207_ce0        |  out|    1|   ap_memory|                                            tile_in_207|         array|
|tile_in_207_we0        |  out|    1|   ap_memory|                                            tile_in_207|         array|
|tile_in_207_d0         |  out|    8|   ap_memory|                                            tile_in_207|         array|
|tile_in_208_address0   |  out|    6|   ap_memory|                                            tile_in_208|         array|
|tile_in_208_ce0        |  out|    1|   ap_memory|                                            tile_in_208|         array|
|tile_in_208_we0        |  out|    1|   ap_memory|                                            tile_in_208|         array|
|tile_in_208_d0         |  out|    8|   ap_memory|                                            tile_in_208|         array|
|tile_in_209_address0   |  out|    6|   ap_memory|                                            tile_in_209|         array|
|tile_in_209_ce0        |  out|    1|   ap_memory|                                            tile_in_209|         array|
|tile_in_209_we0        |  out|    1|   ap_memory|                                            tile_in_209|         array|
|tile_in_209_d0         |  out|    8|   ap_memory|                                            tile_in_209|         array|
|tile_in_210_address0   |  out|    6|   ap_memory|                                            tile_in_210|         array|
|tile_in_210_ce0        |  out|    1|   ap_memory|                                            tile_in_210|         array|
|tile_in_210_we0        |  out|    1|   ap_memory|                                            tile_in_210|         array|
|tile_in_210_d0         |  out|    8|   ap_memory|                                            tile_in_210|         array|
|tile_in_211_address0   |  out|    6|   ap_memory|                                            tile_in_211|         array|
|tile_in_211_ce0        |  out|    1|   ap_memory|                                            tile_in_211|         array|
|tile_in_211_we0        |  out|    1|   ap_memory|                                            tile_in_211|         array|
|tile_in_211_d0         |  out|    8|   ap_memory|                                            tile_in_211|         array|
|tile_in_212_address0   |  out|    6|   ap_memory|                                            tile_in_212|         array|
|tile_in_212_ce0        |  out|    1|   ap_memory|                                            tile_in_212|         array|
|tile_in_212_we0        |  out|    1|   ap_memory|                                            tile_in_212|         array|
|tile_in_212_d0         |  out|    8|   ap_memory|                                            tile_in_212|         array|
|tile_in_213_address0   |  out|    6|   ap_memory|                                            tile_in_213|         array|
|tile_in_213_ce0        |  out|    1|   ap_memory|                                            tile_in_213|         array|
|tile_in_213_we0        |  out|    1|   ap_memory|                                            tile_in_213|         array|
|tile_in_213_d0         |  out|    8|   ap_memory|                                            tile_in_213|         array|
|tile_in_214_address0   |  out|    6|   ap_memory|                                            tile_in_214|         array|
|tile_in_214_ce0        |  out|    1|   ap_memory|                                            tile_in_214|         array|
|tile_in_214_we0        |  out|    1|   ap_memory|                                            tile_in_214|         array|
|tile_in_214_d0         |  out|    8|   ap_memory|                                            tile_in_214|         array|
|tile_in_215_address0   |  out|    6|   ap_memory|                                            tile_in_215|         array|
|tile_in_215_ce0        |  out|    1|   ap_memory|                                            tile_in_215|         array|
|tile_in_215_we0        |  out|    1|   ap_memory|                                            tile_in_215|         array|
|tile_in_215_d0         |  out|    8|   ap_memory|                                            tile_in_215|         array|
|tile_in_216_address0   |  out|    6|   ap_memory|                                            tile_in_216|         array|
|tile_in_216_ce0        |  out|    1|   ap_memory|                                            tile_in_216|         array|
|tile_in_216_we0        |  out|    1|   ap_memory|                                            tile_in_216|         array|
|tile_in_216_d0         |  out|    8|   ap_memory|                                            tile_in_216|         array|
|tile_in_217_address0   |  out|    6|   ap_memory|                                            tile_in_217|         array|
|tile_in_217_ce0        |  out|    1|   ap_memory|                                            tile_in_217|         array|
|tile_in_217_we0        |  out|    1|   ap_memory|                                            tile_in_217|         array|
|tile_in_217_d0         |  out|    8|   ap_memory|                                            tile_in_217|         array|
|tile_in_218_address0   |  out|    6|   ap_memory|                                            tile_in_218|         array|
|tile_in_218_ce0        |  out|    1|   ap_memory|                                            tile_in_218|         array|
|tile_in_218_we0        |  out|    1|   ap_memory|                                            tile_in_218|         array|
|tile_in_218_d0         |  out|    8|   ap_memory|                                            tile_in_218|         array|
|tile_in_219_address0   |  out|    6|   ap_memory|                                            tile_in_219|         array|
|tile_in_219_ce0        |  out|    1|   ap_memory|                                            tile_in_219|         array|
|tile_in_219_we0        |  out|    1|   ap_memory|                                            tile_in_219|         array|
|tile_in_219_d0         |  out|    8|   ap_memory|                                            tile_in_219|         array|
|tile_in_220_address0   |  out|    6|   ap_memory|                                            tile_in_220|         array|
|tile_in_220_ce0        |  out|    1|   ap_memory|                                            tile_in_220|         array|
|tile_in_220_we0        |  out|    1|   ap_memory|                                            tile_in_220|         array|
|tile_in_220_d0         |  out|    8|   ap_memory|                                            tile_in_220|         array|
|tile_in_221_address0   |  out|    6|   ap_memory|                                            tile_in_221|         array|
|tile_in_221_ce0        |  out|    1|   ap_memory|                                            tile_in_221|         array|
|tile_in_221_we0        |  out|    1|   ap_memory|                                            tile_in_221|         array|
|tile_in_221_d0         |  out|    8|   ap_memory|                                            tile_in_221|         array|
|tile_in_222_address0   |  out|    6|   ap_memory|                                            tile_in_222|         array|
|tile_in_222_ce0        |  out|    1|   ap_memory|                                            tile_in_222|         array|
|tile_in_222_we0        |  out|    1|   ap_memory|                                            tile_in_222|         array|
|tile_in_222_d0         |  out|    8|   ap_memory|                                            tile_in_222|         array|
|tile_in_223_address0   |  out|    6|   ap_memory|                                            tile_in_223|         array|
|tile_in_223_ce0        |  out|    1|   ap_memory|                                            tile_in_223|         array|
|tile_in_223_we0        |  out|    1|   ap_memory|                                            tile_in_223|         array|
|tile_in_223_d0         |  out|    8|   ap_memory|                                            tile_in_223|         array|
|tile_in_224_address0   |  out|    6|   ap_memory|                                            tile_in_224|         array|
|tile_in_224_ce0        |  out|    1|   ap_memory|                                            tile_in_224|         array|
|tile_in_224_we0        |  out|    1|   ap_memory|                                            tile_in_224|         array|
|tile_in_224_d0         |  out|    8|   ap_memory|                                            tile_in_224|         array|
|tile_in_225_address0   |  out|    6|   ap_memory|                                            tile_in_225|         array|
|tile_in_225_ce0        |  out|    1|   ap_memory|                                            tile_in_225|         array|
|tile_in_225_we0        |  out|    1|   ap_memory|                                            tile_in_225|         array|
|tile_in_225_d0         |  out|    8|   ap_memory|                                            tile_in_225|         array|
|tile_in_226_address0   |  out|    6|   ap_memory|                                            tile_in_226|         array|
|tile_in_226_ce0        |  out|    1|   ap_memory|                                            tile_in_226|         array|
|tile_in_226_we0        |  out|    1|   ap_memory|                                            tile_in_226|         array|
|tile_in_226_d0         |  out|    8|   ap_memory|                                            tile_in_226|         array|
|tile_in_227_address0   |  out|    6|   ap_memory|                                            tile_in_227|         array|
|tile_in_227_ce0        |  out|    1|   ap_memory|                                            tile_in_227|         array|
|tile_in_227_we0        |  out|    1|   ap_memory|                                            tile_in_227|         array|
|tile_in_227_d0         |  out|    8|   ap_memory|                                            tile_in_227|         array|
|tile_in_228_address0   |  out|    6|   ap_memory|                                            tile_in_228|         array|
|tile_in_228_ce0        |  out|    1|   ap_memory|                                            tile_in_228|         array|
|tile_in_228_we0        |  out|    1|   ap_memory|                                            tile_in_228|         array|
|tile_in_228_d0         |  out|    8|   ap_memory|                                            tile_in_228|         array|
|tile_in_229_address0   |  out|    6|   ap_memory|                                            tile_in_229|         array|
|tile_in_229_ce0        |  out|    1|   ap_memory|                                            tile_in_229|         array|
|tile_in_229_we0        |  out|    1|   ap_memory|                                            tile_in_229|         array|
|tile_in_229_d0         |  out|    8|   ap_memory|                                            tile_in_229|         array|
|tile_in_230_address0   |  out|    6|   ap_memory|                                            tile_in_230|         array|
|tile_in_230_ce0        |  out|    1|   ap_memory|                                            tile_in_230|         array|
|tile_in_230_we0        |  out|    1|   ap_memory|                                            tile_in_230|         array|
|tile_in_230_d0         |  out|    8|   ap_memory|                                            tile_in_230|         array|
|tile_in_231_address0   |  out|    6|   ap_memory|                                            tile_in_231|         array|
|tile_in_231_ce0        |  out|    1|   ap_memory|                                            tile_in_231|         array|
|tile_in_231_we0        |  out|    1|   ap_memory|                                            tile_in_231|         array|
|tile_in_231_d0         |  out|    8|   ap_memory|                                            tile_in_231|         array|
|tile_in_232_address0   |  out|    6|   ap_memory|                                            tile_in_232|         array|
|tile_in_232_ce0        |  out|    1|   ap_memory|                                            tile_in_232|         array|
|tile_in_232_we0        |  out|    1|   ap_memory|                                            tile_in_232|         array|
|tile_in_232_d0         |  out|    8|   ap_memory|                                            tile_in_232|         array|
|tile_in_233_address0   |  out|    6|   ap_memory|                                            tile_in_233|         array|
|tile_in_233_ce0        |  out|    1|   ap_memory|                                            tile_in_233|         array|
|tile_in_233_we0        |  out|    1|   ap_memory|                                            tile_in_233|         array|
|tile_in_233_d0         |  out|    8|   ap_memory|                                            tile_in_233|         array|
|tile_in_234_address0   |  out|    6|   ap_memory|                                            tile_in_234|         array|
|tile_in_234_ce0        |  out|    1|   ap_memory|                                            tile_in_234|         array|
|tile_in_234_we0        |  out|    1|   ap_memory|                                            tile_in_234|         array|
|tile_in_234_d0         |  out|    8|   ap_memory|                                            tile_in_234|         array|
|tile_in_235_address0   |  out|    6|   ap_memory|                                            tile_in_235|         array|
|tile_in_235_ce0        |  out|    1|   ap_memory|                                            tile_in_235|         array|
|tile_in_235_we0        |  out|    1|   ap_memory|                                            tile_in_235|         array|
|tile_in_235_d0         |  out|    8|   ap_memory|                                            tile_in_235|         array|
|tile_in_236_address0   |  out|    6|   ap_memory|                                            tile_in_236|         array|
|tile_in_236_ce0        |  out|    1|   ap_memory|                                            tile_in_236|         array|
|tile_in_236_we0        |  out|    1|   ap_memory|                                            tile_in_236|         array|
|tile_in_236_d0         |  out|    8|   ap_memory|                                            tile_in_236|         array|
|tile_in_237_address0   |  out|    6|   ap_memory|                                            tile_in_237|         array|
|tile_in_237_ce0        |  out|    1|   ap_memory|                                            tile_in_237|         array|
|tile_in_237_we0        |  out|    1|   ap_memory|                                            tile_in_237|         array|
|tile_in_237_d0         |  out|    8|   ap_memory|                                            tile_in_237|         array|
|tile_in_238_address0   |  out|    6|   ap_memory|                                            tile_in_238|         array|
|tile_in_238_ce0        |  out|    1|   ap_memory|                                            tile_in_238|         array|
|tile_in_238_we0        |  out|    1|   ap_memory|                                            tile_in_238|         array|
|tile_in_238_d0         |  out|    8|   ap_memory|                                            tile_in_238|         array|
|tile_in_239_address0   |  out|    6|   ap_memory|                                            tile_in_239|         array|
|tile_in_239_ce0        |  out|    1|   ap_memory|                                            tile_in_239|         array|
|tile_in_239_we0        |  out|    1|   ap_memory|                                            tile_in_239|         array|
|tile_in_239_d0         |  out|    8|   ap_memory|                                            tile_in_239|         array|
|tile_in_240_address0   |  out|    6|   ap_memory|                                            tile_in_240|         array|
|tile_in_240_ce0        |  out|    1|   ap_memory|                                            tile_in_240|         array|
|tile_in_240_we0        |  out|    1|   ap_memory|                                            tile_in_240|         array|
|tile_in_240_d0         |  out|    8|   ap_memory|                                            tile_in_240|         array|
|tile_in_241_address0   |  out|    6|   ap_memory|                                            tile_in_241|         array|
|tile_in_241_ce0        |  out|    1|   ap_memory|                                            tile_in_241|         array|
|tile_in_241_we0        |  out|    1|   ap_memory|                                            tile_in_241|         array|
|tile_in_241_d0         |  out|    8|   ap_memory|                                            tile_in_241|         array|
|tile_in_242_address0   |  out|    6|   ap_memory|                                            tile_in_242|         array|
|tile_in_242_ce0        |  out|    1|   ap_memory|                                            tile_in_242|         array|
|tile_in_242_we0        |  out|    1|   ap_memory|                                            tile_in_242|         array|
|tile_in_242_d0         |  out|    8|   ap_memory|                                            tile_in_242|         array|
|tile_in_243_address0   |  out|    6|   ap_memory|                                            tile_in_243|         array|
|tile_in_243_ce0        |  out|    1|   ap_memory|                                            tile_in_243|         array|
|tile_in_243_we0        |  out|    1|   ap_memory|                                            tile_in_243|         array|
|tile_in_243_d0         |  out|    8|   ap_memory|                                            tile_in_243|         array|
|tile_in_244_address0   |  out|    6|   ap_memory|                                            tile_in_244|         array|
|tile_in_244_ce0        |  out|    1|   ap_memory|                                            tile_in_244|         array|
|tile_in_244_we0        |  out|    1|   ap_memory|                                            tile_in_244|         array|
|tile_in_244_d0         |  out|    8|   ap_memory|                                            tile_in_244|         array|
|tile_in_245_address0   |  out|    6|   ap_memory|                                            tile_in_245|         array|
|tile_in_245_ce0        |  out|    1|   ap_memory|                                            tile_in_245|         array|
|tile_in_245_we0        |  out|    1|   ap_memory|                                            tile_in_245|         array|
|tile_in_245_d0         |  out|    8|   ap_memory|                                            tile_in_245|         array|
|tile_in_246_address0   |  out|    6|   ap_memory|                                            tile_in_246|         array|
|tile_in_246_ce0        |  out|    1|   ap_memory|                                            tile_in_246|         array|
|tile_in_246_we0        |  out|    1|   ap_memory|                                            tile_in_246|         array|
|tile_in_246_d0         |  out|    8|   ap_memory|                                            tile_in_246|         array|
|tile_in_247_address0   |  out|    6|   ap_memory|                                            tile_in_247|         array|
|tile_in_247_ce0        |  out|    1|   ap_memory|                                            tile_in_247|         array|
|tile_in_247_we0        |  out|    1|   ap_memory|                                            tile_in_247|         array|
|tile_in_247_d0         |  out|    8|   ap_memory|                                            tile_in_247|         array|
|tile_in_248_address0   |  out|    6|   ap_memory|                                            tile_in_248|         array|
|tile_in_248_ce0        |  out|    1|   ap_memory|                                            tile_in_248|         array|
|tile_in_248_we0        |  out|    1|   ap_memory|                                            tile_in_248|         array|
|tile_in_248_d0         |  out|    8|   ap_memory|                                            tile_in_248|         array|
|tile_in_249_address0   |  out|    6|   ap_memory|                                            tile_in_249|         array|
|tile_in_249_ce0        |  out|    1|   ap_memory|                                            tile_in_249|         array|
|tile_in_249_we0        |  out|    1|   ap_memory|                                            tile_in_249|         array|
|tile_in_249_d0         |  out|    8|   ap_memory|                                            tile_in_249|         array|
|tile_in_250_address0   |  out|    6|   ap_memory|                                            tile_in_250|         array|
|tile_in_250_ce0        |  out|    1|   ap_memory|                                            tile_in_250|         array|
|tile_in_250_we0        |  out|    1|   ap_memory|                                            tile_in_250|         array|
|tile_in_250_d0         |  out|    8|   ap_memory|                                            tile_in_250|         array|
|tile_in_251_address0   |  out|    6|   ap_memory|                                            tile_in_251|         array|
|tile_in_251_ce0        |  out|    1|   ap_memory|                                            tile_in_251|         array|
|tile_in_251_we0        |  out|    1|   ap_memory|                                            tile_in_251|         array|
|tile_in_251_d0         |  out|    8|   ap_memory|                                            tile_in_251|         array|
|tile_in_252_address0   |  out|    6|   ap_memory|                                            tile_in_252|         array|
|tile_in_252_ce0        |  out|    1|   ap_memory|                                            tile_in_252|         array|
|tile_in_252_we0        |  out|    1|   ap_memory|                                            tile_in_252|         array|
|tile_in_252_d0         |  out|    8|   ap_memory|                                            tile_in_252|         array|
|tile_in_253_address0   |  out|    6|   ap_memory|                                            tile_in_253|         array|
|tile_in_253_ce0        |  out|    1|   ap_memory|                                            tile_in_253|         array|
|tile_in_253_we0        |  out|    1|   ap_memory|                                            tile_in_253|         array|
|tile_in_253_d0         |  out|    8|   ap_memory|                                            tile_in_253|         array|
|tile_in_254_address0   |  out|    6|   ap_memory|                                            tile_in_254|         array|
|tile_in_254_ce0        |  out|    1|   ap_memory|                                            tile_in_254|         array|
|tile_in_254_we0        |  out|    1|   ap_memory|                                            tile_in_254|         array|
|tile_in_254_d0         |  out|    8|   ap_memory|                                            tile_in_254|         array|
|tile_in_255_address0   |  out|    6|   ap_memory|                                            tile_in_255|         array|
|tile_in_255_ce0        |  out|    1|   ap_memory|                                            tile_in_255|         array|
|tile_in_255_we0        |  out|    1|   ap_memory|                                            tile_in_255|         array|
|tile_in_255_d0         |  out|    8|   ap_memory|                                            tile_in_255|         array|
|tile_in_256_address0   |  out|    6|   ap_memory|                                            tile_in_256|         array|
|tile_in_256_ce0        |  out|    1|   ap_memory|                                            tile_in_256|         array|
|tile_in_256_we0        |  out|    1|   ap_memory|                                            tile_in_256|         array|
|tile_in_256_d0         |  out|    8|   ap_memory|                                            tile_in_256|         array|
|tile_in_257_address0   |  out|    6|   ap_memory|                                            tile_in_257|         array|
|tile_in_257_ce0        |  out|    1|   ap_memory|                                            tile_in_257|         array|
|tile_in_257_we0        |  out|    1|   ap_memory|                                            tile_in_257|         array|
|tile_in_257_d0         |  out|    8|   ap_memory|                                            tile_in_257|         array|
|tile_in_258_address0   |  out|    6|   ap_memory|                                            tile_in_258|         array|
|tile_in_258_ce0        |  out|    1|   ap_memory|                                            tile_in_258|         array|
|tile_in_258_we0        |  out|    1|   ap_memory|                                            tile_in_258|         array|
|tile_in_258_d0         |  out|    8|   ap_memory|                                            tile_in_258|         array|
|tile_in_259_address0   |  out|    6|   ap_memory|                                            tile_in_259|         array|
|tile_in_259_ce0        |  out|    1|   ap_memory|                                            tile_in_259|         array|
|tile_in_259_we0        |  out|    1|   ap_memory|                                            tile_in_259|         array|
|tile_in_259_d0         |  out|    8|   ap_memory|                                            tile_in_259|         array|
|tile_in_260_address0   |  out|    6|   ap_memory|                                            tile_in_260|         array|
|tile_in_260_ce0        |  out|    1|   ap_memory|                                            tile_in_260|         array|
|tile_in_260_we0        |  out|    1|   ap_memory|                                            tile_in_260|         array|
|tile_in_260_d0         |  out|    8|   ap_memory|                                            tile_in_260|         array|
|tile_in_261_address0   |  out|    6|   ap_memory|                                            tile_in_261|         array|
|tile_in_261_ce0        |  out|    1|   ap_memory|                                            tile_in_261|         array|
|tile_in_261_we0        |  out|    1|   ap_memory|                                            tile_in_261|         array|
|tile_in_261_d0         |  out|    8|   ap_memory|                                            tile_in_261|         array|
|tile_in_262_address0   |  out|    6|   ap_memory|                                            tile_in_262|         array|
|tile_in_262_ce0        |  out|    1|   ap_memory|                                            tile_in_262|         array|
|tile_in_262_we0        |  out|    1|   ap_memory|                                            tile_in_262|         array|
|tile_in_262_d0         |  out|    8|   ap_memory|                                            tile_in_262|         array|
|tile_in_263_address0   |  out|    6|   ap_memory|                                            tile_in_263|         array|
|tile_in_263_ce0        |  out|    1|   ap_memory|                                            tile_in_263|         array|
|tile_in_263_we0        |  out|    1|   ap_memory|                                            tile_in_263|         array|
|tile_in_263_d0         |  out|    8|   ap_memory|                                            tile_in_263|         array|
|tile_in_264_address0   |  out|    6|   ap_memory|                                            tile_in_264|         array|
|tile_in_264_ce0        |  out|    1|   ap_memory|                                            tile_in_264|         array|
|tile_in_264_we0        |  out|    1|   ap_memory|                                            tile_in_264|         array|
|tile_in_264_d0         |  out|    8|   ap_memory|                                            tile_in_264|         array|
|tile_in_265_address0   |  out|    6|   ap_memory|                                            tile_in_265|         array|
|tile_in_265_ce0        |  out|    1|   ap_memory|                                            tile_in_265|         array|
|tile_in_265_we0        |  out|    1|   ap_memory|                                            tile_in_265|         array|
|tile_in_265_d0         |  out|    8|   ap_memory|                                            tile_in_265|         array|
|tile_in_266_address0   |  out|    6|   ap_memory|                                            tile_in_266|         array|
|tile_in_266_ce0        |  out|    1|   ap_memory|                                            tile_in_266|         array|
|tile_in_266_we0        |  out|    1|   ap_memory|                                            tile_in_266|         array|
|tile_in_266_d0         |  out|    8|   ap_memory|                                            tile_in_266|         array|
|tile_in_267_address0   |  out|    6|   ap_memory|                                            tile_in_267|         array|
|tile_in_267_ce0        |  out|    1|   ap_memory|                                            tile_in_267|         array|
|tile_in_267_we0        |  out|    1|   ap_memory|                                            tile_in_267|         array|
|tile_in_267_d0         |  out|    8|   ap_memory|                                            tile_in_267|         array|
|tile_in_268_address0   |  out|    6|   ap_memory|                                            tile_in_268|         array|
|tile_in_268_ce0        |  out|    1|   ap_memory|                                            tile_in_268|         array|
|tile_in_268_we0        |  out|    1|   ap_memory|                                            tile_in_268|         array|
|tile_in_268_d0         |  out|    8|   ap_memory|                                            tile_in_268|         array|
|tile_in_269_address0   |  out|    6|   ap_memory|                                            tile_in_269|         array|
|tile_in_269_ce0        |  out|    1|   ap_memory|                                            tile_in_269|         array|
|tile_in_269_we0        |  out|    1|   ap_memory|                                            tile_in_269|         array|
|tile_in_269_d0         |  out|    8|   ap_memory|                                            tile_in_269|         array|
|tile_in_270_address0   |  out|    6|   ap_memory|                                            tile_in_270|         array|
|tile_in_270_ce0        |  out|    1|   ap_memory|                                            tile_in_270|         array|
|tile_in_270_we0        |  out|    1|   ap_memory|                                            tile_in_270|         array|
|tile_in_270_d0         |  out|    8|   ap_memory|                                            tile_in_270|         array|
|tile_in_271_address0   |  out|    6|   ap_memory|                                            tile_in_271|         array|
|tile_in_271_ce0        |  out|    1|   ap_memory|                                            tile_in_271|         array|
|tile_in_271_we0        |  out|    1|   ap_memory|                                            tile_in_271|         array|
|tile_in_271_d0         |  out|    8|   ap_memory|                                            tile_in_271|         array|
|tile_in_272_address0   |  out|    6|   ap_memory|                                            tile_in_272|         array|
|tile_in_272_ce0        |  out|    1|   ap_memory|                                            tile_in_272|         array|
|tile_in_272_we0        |  out|    1|   ap_memory|                                            tile_in_272|         array|
|tile_in_272_d0         |  out|    8|   ap_memory|                                            tile_in_272|         array|
|tile_in_273_address0   |  out|    6|   ap_memory|                                            tile_in_273|         array|
|tile_in_273_ce0        |  out|    1|   ap_memory|                                            tile_in_273|         array|
|tile_in_273_we0        |  out|    1|   ap_memory|                                            tile_in_273|         array|
|tile_in_273_d0         |  out|    8|   ap_memory|                                            tile_in_273|         array|
|tile_in_274_address0   |  out|    6|   ap_memory|                                            tile_in_274|         array|
|tile_in_274_ce0        |  out|    1|   ap_memory|                                            tile_in_274|         array|
|tile_in_274_we0        |  out|    1|   ap_memory|                                            tile_in_274|         array|
|tile_in_274_d0         |  out|    8|   ap_memory|                                            tile_in_274|         array|
|tile_in_275_address0   |  out|    6|   ap_memory|                                            tile_in_275|         array|
|tile_in_275_ce0        |  out|    1|   ap_memory|                                            tile_in_275|         array|
|tile_in_275_we0        |  out|    1|   ap_memory|                                            tile_in_275|         array|
|tile_in_275_d0         |  out|    8|   ap_memory|                                            tile_in_275|         array|
|tile_in_276_address0   |  out|    6|   ap_memory|                                            tile_in_276|         array|
|tile_in_276_ce0        |  out|    1|   ap_memory|                                            tile_in_276|         array|
|tile_in_276_we0        |  out|    1|   ap_memory|                                            tile_in_276|         array|
|tile_in_276_d0         |  out|    8|   ap_memory|                                            tile_in_276|         array|
|tile_in_277_address0   |  out|    6|   ap_memory|                                            tile_in_277|         array|
|tile_in_277_ce0        |  out|    1|   ap_memory|                                            tile_in_277|         array|
|tile_in_277_we0        |  out|    1|   ap_memory|                                            tile_in_277|         array|
|tile_in_277_d0         |  out|    8|   ap_memory|                                            tile_in_277|         array|
|tile_in_278_address0   |  out|    6|   ap_memory|                                            tile_in_278|         array|
|tile_in_278_ce0        |  out|    1|   ap_memory|                                            tile_in_278|         array|
|tile_in_278_we0        |  out|    1|   ap_memory|                                            tile_in_278|         array|
|tile_in_278_d0         |  out|    8|   ap_memory|                                            tile_in_278|         array|
|tile_in_279_address0   |  out|    6|   ap_memory|                                            tile_in_279|         array|
|tile_in_279_ce0        |  out|    1|   ap_memory|                                            tile_in_279|         array|
|tile_in_279_we0        |  out|    1|   ap_memory|                                            tile_in_279|         array|
|tile_in_279_d0         |  out|    8|   ap_memory|                                            tile_in_279|         array|
|tile_in_280_address0   |  out|    6|   ap_memory|                                            tile_in_280|         array|
|tile_in_280_ce0        |  out|    1|   ap_memory|                                            tile_in_280|         array|
|tile_in_280_we0        |  out|    1|   ap_memory|                                            tile_in_280|         array|
|tile_in_280_d0         |  out|    8|   ap_memory|                                            tile_in_280|         array|
|tile_in_281_address0   |  out|    6|   ap_memory|                                            tile_in_281|         array|
|tile_in_281_ce0        |  out|    1|   ap_memory|                                            tile_in_281|         array|
|tile_in_281_we0        |  out|    1|   ap_memory|                                            tile_in_281|         array|
|tile_in_281_d0         |  out|    8|   ap_memory|                                            tile_in_281|         array|
|tile_in_282_address0   |  out|    6|   ap_memory|                                            tile_in_282|         array|
|tile_in_282_ce0        |  out|    1|   ap_memory|                                            tile_in_282|         array|
|tile_in_282_we0        |  out|    1|   ap_memory|                                            tile_in_282|         array|
|tile_in_282_d0         |  out|    8|   ap_memory|                                            tile_in_282|         array|
|tile_in_283_address0   |  out|    6|   ap_memory|                                            tile_in_283|         array|
|tile_in_283_ce0        |  out|    1|   ap_memory|                                            tile_in_283|         array|
|tile_in_283_we0        |  out|    1|   ap_memory|                                            tile_in_283|         array|
|tile_in_283_d0         |  out|    8|   ap_memory|                                            tile_in_283|         array|
|tile_in_284_address0   |  out|    6|   ap_memory|                                            tile_in_284|         array|
|tile_in_284_ce0        |  out|    1|   ap_memory|                                            tile_in_284|         array|
|tile_in_284_we0        |  out|    1|   ap_memory|                                            tile_in_284|         array|
|tile_in_284_d0         |  out|    8|   ap_memory|                                            tile_in_284|         array|
|tile_in_285_address0   |  out|    6|   ap_memory|                                            tile_in_285|         array|
|tile_in_285_ce0        |  out|    1|   ap_memory|                                            tile_in_285|         array|
|tile_in_285_we0        |  out|    1|   ap_memory|                                            tile_in_285|         array|
|tile_in_285_d0         |  out|    8|   ap_memory|                                            tile_in_285|         array|
|tile_in_286_address0   |  out|    6|   ap_memory|                                            tile_in_286|         array|
|tile_in_286_ce0        |  out|    1|   ap_memory|                                            tile_in_286|         array|
|tile_in_286_we0        |  out|    1|   ap_memory|                                            tile_in_286|         array|
|tile_in_286_d0         |  out|    8|   ap_memory|                                            tile_in_286|         array|
|tile_in_287_address0   |  out|    6|   ap_memory|                                            tile_in_287|         array|
|tile_in_287_ce0        |  out|    1|   ap_memory|                                            tile_in_287|         array|
|tile_in_287_we0        |  out|    1|   ap_memory|                                            tile_in_287|         array|
|tile_in_287_d0         |  out|    8|   ap_memory|                                            tile_in_287|         array|
|tx                     |   in|   31|     ap_none|                                                     tx|        scalar|
+-----------------------+-----+-----+------------+-------------------------------------------------------+--------------+

